"alphaCount","category","coverage","dataset","dateCoverage","dateCreated","delay","description","id","pyramidMultiplier","region","subcategory","themes","type","universe","userCount"
"0","{""id"":""analyst"",""name"":""Analyst""}","0","{""id"":""analyst_consensus"",""name"":""Standardized Analyst Consensus Forecasts""}","1","2026-07-01","1","Reported actual BVPS values for the periods (forecast periods may be empty)","actual_bvps_value_annual12_tribes","2","GBR","{""id"":""analyst-analyst-estimates"",""name"":""Analyst Estimates""}","[]","VECTOR","TOP700","0"
"0","{""id"":""analyst"",""name"":""Analyst""}","0","{""id"":""analyst_consensus"",""name"":""Standardized Analyst Consensus Forecasts""}","1","2026-07-01","1","Regime and currency-adjusted actual reported BVPS value","actual_bvps_value_fxadj_annual12_2","2","GBR","{""id"":""analyst-analyst-estimates"",""name"":""Analyst Estimates""}","[]","VECTOR","TOP700","0"
"0","{""id"":""analyst"",""name"":""Analyst""}","0","{""id"":""analyst_consensus"",""name"":""Standardized Analyst Consensus Forecasts""}","1","2026-07-01","1","Actual reported CAPEX value (as reported, unadjusted)","actual_capex_value_annual12_3","2","GBR","{""id"":""analyst-analyst-estimates"",""name"":""Analyst Estimates""}","[]","VECTOR","TOP700","0"
"0","{""id"":""analyst"",""name"":""Analyst""}","0","{""id"":""analyst_consensus"",""name"":""Standardized Analyst Consensus Forecasts""}","1","2026-07-01","1","Currency/regime-adjusted actual reported CAPEX value","actual_capex_value_fxadj_annual12_3","2","GBR","{""id"":""analyst-analyst-estimates"",""name"":""Analyst Estimates""}","[]","VECTOR","TOP700","0"
"0","{""id"":""analyst"",""name"":""Analyst""}","0","{""id"":""analyst_consensus"",""name"":""Standardized Analyst Consensus Forecasts""}","1","2026-07-01","1","Reported actual annual Cash Flow from Financing (CFFINANCE)","actual_cashflowfinancing_value_annual12","2","GBR","{""id"":""analyst-analyst-estimates"",""name"":""Analyst Estimates""}","[]","VECTOR","TOP700","0"
"0","{""id"":""analyst"",""name"":""Analyst""}","0","{""id"":""analyst_consensus"",""name"":""Standardized Analyst Consensus Forecasts""}","1","2026-07-01","1","Actual annual Cash Flow from Financing adjusted for currency/splits/regime","actual_cashflowfinancing_value_fxadj_annual12","2","GBR","{""id"":""analyst-analyst-estimates"",""name"":""Analyst Estimates""}","[]","VECTOR","TOP700","0"
"0","{""id"":""analyst"",""name"":""Analyst""}","0","{""id"":""analyst_consensus"",""name"":""Standardized Analyst Consensus Forecasts""}","1","2026-07-01","1","Actual reported annual CFINVEST values, with forecast periods typically filled with NaN","actual_cashflowinvesting_value_annual12","2","GBR","{""id"":""analyst-analyst-estimates"",""name"":""Analyst Estimates""}","[]","VECTOR","TOP700","0"
"0","{""id"":""analyst"",""name"":""Analyst""}","0","{""id"":""analyst_consensus"",""name"":""Standardized Analyst Consensus Forecasts""}","1","2026-07-01","1","Currency-adjusted actual reported Cash Flow from Investing (converted to default currency and split-adjusted as applicable)","actual_cashflowinvesting_value_fxadj_annual12","2","GBR","{""id"":""analyst-analyst-estimates"",""name"":""Analyst Estimates""}","[]","VECTOR","TOP700","0"
"0","{""id"":""analyst"",""name"":""Analyst""}","0","{""id"":""analyst_consensus"",""name"":""Standardized Analyst Consensus Forecasts""}","1","2026-07-01","1","Reported actual operating cash flow values; forecast periods are typically NaN","actual_cfo_value_annual12","2","GBR","{""id"":""analyst-analyst-estimates"",""name"":""Analyst Estimates""}","[]","VECTOR","TOP700","0"
"0","{""id"":""analyst"",""name"":""Analyst""}","0","{""id"":""analyst_consensus"",""name"":""Standardized Analyst Consensus Forecasts""}","1","2026-07-01","1","Reported actual operating cash flow values adjusted for currency and splits","actual_cfo_value_fxadj_annual12","2","GBR","{""id"":""analyst-analyst-estimates"",""name"":""Analyst Estimates""}","[]","VECTOR","TOP700","0"
"0","{""id"":""analyst"",""name"":""Analyst""}","0","{""id"":""analyst_consensus"",""name"":""Standardized Analyst Consensus Forecasts""}","1","2026-07-01","1","Reported actual annual CFPS value","actual_cfps_value_annual12_2","2","GBR","{""id"":""analyst-analyst-estimates"",""name"":""Analyst Estimates""}","[]","VECTOR","TOP700","0"
"0","{""id"":""analyst"",""name"":""Analyst""}","0","{""id"":""analyst_consensus"",""name"":""Standardized Analyst Consensus Forecasts""}","1","2026-07-01","1","Currency/split-adjusted actual CFPS values","actual_cfps_value_fxadj_annual12_2","2","GBR","{""id"":""analyst-analyst-estimates"",""name"":""Analyst Estimates""}","[]","VECTOR","TOP700","0"
"0","{""id"":""analyst"",""name"":""Analyst""}","0","{""id"":""analyst_consensus"",""name"":""Standardized Analyst Consensus Forecasts""}","1","2026-07-01","1","Actual reported annual Cost of Goods Sold","actual_cogs_value_annual12_tribes","2","GBR","{""id"":""analyst-analyst-estimates"",""name"":""Analyst Estimates""}","[]","VECTOR","TOP700","0"
"0","{""id"":""analyst"",""name"":""Analyst""}","0","{""id"":""analyst_consensus"",""name"":""Standardized Analyst Consensus Forecasts""}","1","2026-07-01","1","Currency/split adjusted actual annual COGS value","actual_cogs_value_fxadj_annual12_tribes","2","GBR","{""id"":""analyst-analyst-estimates"",""name"":""Analyst Estimates""}","[]","VECTOR","TOP700","0"
"0","{""id"":""analyst"",""name"":""Analyst""}","0","{""id"":""analyst_consensus"",""name"":""Standardized Analyst Consensus Forecasts""}","0.7451","2026-07-01","1","Actual reported annual current assets amount as disclosed by the company","actual_currentassets_value_annual12","2","GBR","{""id"":""analyst-analyst-estimates"",""name"":""Analyst Estimates""}","[]","VECTOR","TOP700","0"
"0","{""id"":""analyst"",""name"":""Analyst""}","0","{""id"":""analyst_consensus"",""name"":""Standardized Analyst Consensus Forecasts""}","0.7451","2026-07-01","1","Currency/split/regime-adjusted actual reported annual current assets amount","actual_currentassets_value_fxadj_annual12","2","GBR","{""id"":""analyst-analyst-estimates"",""name"":""Analyst Estimates""}","[]","VECTOR","TOP700","0"
"0","{""id"":""analyst"",""name"":""Analyst""}","0","{""id"":""analyst_consensus"",""name"":""Standardized Analyst Consensus Forecasts""}","0.7451","2026-07-01","1","Reported actual value for annual current liabilities (unadjusted)","actual_currentliabilities_value_annual12","2","GBR","{""id"":""analyst-analyst-estimates"",""name"":""Analyst Estimates""}","[]","VECTOR","TOP700","0"
"0","{""id"":""analyst"",""name"":""Analyst""}","0","{""id"":""analyst_consensus"",""name"":""Standardized Analyst Consensus Forecasts""}","0.7451","2026-07-01","1","Actual reported annual current liabilities adjusted for currency/regime effects","actual_currentliabilities_value_fxadj_annual12","2","GBR","{""id"":""analyst-analyst-estimates"",""name"":""Analyst Estimates""}","[]","VECTOR","TOP700","0"
"0","{""id"":""analyst"",""name"":""Analyst""}","0","{""id"":""analyst_consensus"",""name"":""Standardized Analyst Consensus Forecasts""}","1","2026-07-01","1","Actual reported annual depreciation values aligned to events (NaN for pure forecast periods)","actual_depreciation_value_annual12","2","GBR","{""id"":""analyst-analyst-estimates"",""name"":""Analyst Estimates""}","[]","VECTOR","TOP700","0"
"0","{""id"":""analyst"",""name"":""Analyst""}","0","{""id"":""analyst_consensus"",""name"":""Standardized Analyst Consensus Forecasts""}","1","2026-07-01","1","Adjusted actual annual depreciation values vector (currency/split/regime adjusted)","actual_depreciation_value_fxadj_annual12","2","GBR","{""id"":""analyst-analyst-estimates"",""name"":""Analyst Estimates""}","[]","VECTOR","TOP700","0"
"0","{""id"":""analyst"",""name"":""Analyst""}","0","{""id"":""analyst_consensus"",""name"":""Standardized Analyst Consensus Forecasts""}","1","2026-07-01","1","Actual reported annual DPS value(s)","actual_dividend_value_annual12","2","GBR","{""id"":""analyst-analyst-estimates"",""name"":""Analyst Estimates""}","[]","VECTOR","TOP700","0"
"0","{""id"":""analyst"",""name"":""Analyst""}","0","{""id"":""analyst_consensus"",""name"":""Standardized Analyst Consensus Forecasts""}","1","2026-07-01","1","Actual reported annual dividends-per-share (DPS) value for the period","actual_dividend_value_annual12_2","2","GBR","{""id"":""analyst-analyst-estimates"",""name"":""Analyst Estimates""}","[]","VECTOR","TOP700","0"
"0","{""id"":""analyst"",""name"":""Analyst""}","0","{""id"":""analyst_consensus"",""name"":""Standardized Analyst Consensus Forecasts""}","1","2026-07-01","1","Actual reported total dividend value","actual_dividend_value_annual12_tribes","2","GBR","{""id"":""analyst-analyst-estimates"",""name"":""Analyst Estimates""}","[]","VECTOR","TOP700","0"
"0","{""id"":""analyst"",""name"":""Analyst""}","0","{""id"":""analyst_consensus"",""name"":""Standardized Analyst Consensus Forecasts""}","1","2026-07-01","1","Regime-adjusted actual annual DPS (currency/split adjusted)","actual_dividend_value_fxadj_annual12_2","2","GBR","{""id"":""analyst-analyst-estimates"",""name"":""Analyst Estimates""}","[]","VECTOR","TOP700","0"
"0","{""id"":""analyst"",""name"":""Analyst""}","0","{""id"":""analyst_consensus"",""name"":""Standardized Analyst Consensus Forecasts""}","1","2026-07-01","1","Actual annual DPS value adjusted for currency/splits/regime effects","actual_dividend_value_fxadj_annual12_3","2","GBR","{""id"":""analyst-analyst-estimates"",""name"":""Analyst Estimates""}","[]","VECTOR","TOP700","0"
"0","{""id"":""analyst"",""name"":""Analyst""}","0","{""id"":""analyst_consensus"",""name"":""Standardized Analyst Consensus Forecasts""}","1","2026-07-01","1","Regime-adjusted actual total dividend value (currency/splits adjustments)","actual_dividend_value_fxadj_annual12_tribes","2","GBR","{""id"":""analyst-analyst-estimates"",""name"":""Analyst Estimates""}","[]","VECTOR","TOP700","0"
"0","{""id"":""analyst"",""name"":""Analyst""}","0","{""id"":""analyst_consensus"",""name"":""Standardized Analyst Consensus Forecasts""}","1","2026-07-01","1","Currency and split adjusted vector of reported quarterly DPS actuals aligned to event periods","actual_dps_value_fxadj_quarterly16","2","GBR","{""id"":""analyst-analyst-estimates"",""name"":""Analyst Estimates""}","[]","VECTOR","TOP700","0"
"0","{""id"":""analyst"",""name"":""Analyst""}","0","{""id"":""analyst_consensus"",""name"":""Standardized Analyst Consensus Forecasts""}","1","2026-07-01","1","Actual reported DPS value","actual_dps_value_quarterly16","2","GBR","{""id"":""analyst-analyst-estimates"",""name"":""Analyst Estimates""}","[]","VECTOR","TOP700","0"
"0","{""id"":""analyst"",""name"":""Analyst""}","0","{""id"":""analyst_consensus"",""name"":""Standardized Analyst Consensus Forecasts""}","1","2026-07-01","1","Actual reported annual EBITDA values","actual_ebitdarep_value_annual12","2","GBR","{""id"":""analyst-analyst-estimates"",""name"":""Analyst Estimates""}","[]","VECTOR","TOP700","0"
"0","{""id"":""analyst"",""name"":""Analyst""}","0","{""id"":""analyst_consensus"",""name"":""Standardized Analyst Consensus Forecasts""}","1","2026-07-01","1","Currency-adjusted actual values for annual Reported EBITDA aligned to event periods","actual_ebitdarep_value_fxadj_annual12","2","GBR","{""id"":""analyst-analyst-estimates"",""name"":""Analyst Estimates""}","[]","VECTOR","TOP700","0"
"0","{""id"":""analyst"",""name"":""Analyst""}","0","{""id"":""analyst_consensus"",""name"":""Standardized Analyst Consensus Forecasts""}","1","2026-07-01","1","Currency/split-adjusted actual reported EBITDA values for each period","actual_ebitda_value_fxadj_quarterly16","2","GBR","{""id"":""analyst-analyst-estimates"",""name"":""Analyst Estimates""}","[]","VECTOR","TOP700","0"
"0","{""id"":""analyst"",""name"":""Analyst""}","0","{""id"":""analyst_consensus"",""name"":""Standardized Analyst Consensus Forecasts""}","1","2026-07-01","1","Actual reported quarterly EBITDA","actual_ebitda_value_quarterly16","2","GBR","{""id"":""analyst-analyst-estimates"",""name"":""Analyst Estimates""}","[]","VECTOR","TOP700","0"
"0","{""id"":""analyst"",""name"":""Analyst""}","0","{""id"":""analyst_consensus"",""name"":""Standardized Analyst Consensus Forecasts""}","1","2026-07-01","1","Reported actual annual EBIT value as released by the company","actual_ebit_value_annual12","2","GBR","{""id"":""analyst-analyst-estimates"",""name"":""Analyst Estimates""}","[]","VECTOR","TOP700","0"
"0","{""id"":""analyst"",""name"":""Analyst""}","0","{""id"":""analyst_consensus"",""name"":""Standardized Analyst Consensus Forecasts""}","1","2026-07-01","1","Actual reported annual EBI value, unadjusted","actual_ebit_value_annual12_2","2","GBR","{""id"":""analyst-analyst-estimates"",""name"":""Analyst Estimates""}","[]","VECTOR","TOP700","0"
"0","{""id"":""analyst"",""name"":""Analyst""}","0","{""id"":""analyst_consensus"",""name"":""Standardized Analyst Consensus Forecasts""}","1","2026-07-01","1","Currency/split-adjusted actual reported annual EBIT values","actual_ebit_value_fxadj_annual12","2","GBR","{""id"":""analyst-analyst-estimates"",""name"":""Analyst Estimates""}","[]","VECTOR","TOP700","0"
"0","{""id"":""analyst"",""name"":""Analyst""}","0","{""id"":""analyst_consensus"",""name"":""Standardized Analyst Consensus Forecasts""}","1","2026-07-01","1","Currency/split adjusted actual reported EBI figures","actual_ebit_value_fxadj_annual12_2","2","GBR","{""id"":""analyst-analyst-estimates"",""name"":""Analyst Estimates""}","[]","VECTOR","TOP700","0"
"0","{""id"":""analyst"",""name"":""Analyst""}","0","{""id"":""analyst_consensus"",""name"":""Standardized Analyst Consensus Forecasts""}","1","2026-07-01","1","Currency-adjusted actual reported quarterly EBIT value","actual_ebit_value_fxadj_quarterly16_tribes","2","GBR","{""id"":""analyst-analyst-estimates"",""name"":""Analyst Estimates""}","[]","VECTOR","TOP700","0"
"0","{""id"":""analyst"",""name"":""Analyst""}","0","{""id"":""analyst_consensus"",""name"":""Standardized Analyst Consensus Forecasts""}","1","2026-07-01","1","Actual reported EBT value (regime-aware)","actual_ebt_value_annual12","2","GBR","{""id"":""analyst-analyst-estimates"",""name"":""Analyst Estimates""}","[]","VECTOR","TOP700","0"
"0","{""id"":""analyst"",""name"":""Analyst""}","0","{""id"":""analyst_consensus"",""name"":""Standardized Analyst Consensus Forecasts""}","1","2026-07-01","1","Regime- and currency-adjusted actual reported annual EBT","actual_ebt_value_fxadj_annual12","2","GBR","{""id"":""analyst-analyst-estimates"",""name"":""Analyst Estimates""}","[]","VECTOR","TOP700","0"
"0","{""id"":""analyst"",""name"":""Analyst""}","0","{""id"":""analyst_consensus"",""name"":""Standardized Analyst Consensus Forecasts""}","1","2026-07-01","1","Actual reported EPS value (EPSREP)","actual_epsreported_value_annual12","2","GBR","{""id"":""analyst-analyst-estimates"",""name"":""Analyst Estimates""}","[]","VECTOR","TOP700","0"
"0","{""id"":""analyst"",""name"":""Analyst""}","0","{""id"":""analyst_consensus"",""name"":""Standardized Analyst Consensus Forecasts""}","1","2026-07-01","1","Currency/split/regime-adjusted actual reported EPS value","actual_epsreported_value_fxadj_annual12","2","GBR","{""id"":""analyst-analyst-estimates"",""name"":""Analyst Estimates""}","[]","VECTOR","TOP700","0"
"0","{""id"":""analyst"",""name"":""Analyst""}","0","{""id"":""analyst_consensus"",""name"":""Standardized Analyst Consensus Forecasts""}","1","2026-07-01","1","Reported actual EPS value adjusted for currency/splits/regime","actual_eps_reported_value_fxadj_quarterly16","2","GBR","{""id"":""analyst-analyst-estimates"",""name"":""Analyst Estimates""}","[]","VECTOR","TOP700","0"
"0","{""id"":""analyst"",""name"":""Analyst""}","0","{""id"":""analyst_consensus"",""name"":""Standardized Analyst Consensus Forecasts""}","1","2026-07-01","1","Reported actual EPS value","actual_eps_reported_value_quarterly16","2","GBR","{""id"":""analyst-analyst-estimates"",""name"":""Analyst Estimates""}","[]","VECTOR","TOP700","0"
"0","{""id"":""analyst"",""name"":""Analyst""}","0","{""id"":""analyst_consensus"",""name"":""Standardized Analyst Consensus Forecasts""}","1","2026-07-01","1","Actual reported annual Free Cash Flow value for the company, point-in-time and regime-aware","actual_fcf_value_annual12","2","GBR","{""id"":""analyst-analyst-estimates"",""name"":""Analyst Estimates""}","[]","VECTOR","TOP700","0"
"0","{""id"":""analyst"",""name"":""Analyst""}","0","{""id"":""analyst_consensus"",""name"":""Standardized Analyst Consensus Forecasts""}","1","2026-07-01","1","Regime-adjusted actual annual FCF value (currency/split adjusted)","actual_fcf_value_fxadj_annual12","2","GBR","{""id"":""analyst-analyst-estimates"",""name"":""Analyst Estimates""}","[]","VECTOR","TOP700","0"
"0","{""id"":""analyst"",""name"":""Analyst""}","0","{""id"":""analyst_consensus"",""name"":""Standardized Analyst Consensus Forecasts""}","1","2026-07-01","1","Actual DEPAMORT value adjusted for currency, splits, and regime","actual_fxadj_depreciation_amortization","2","GBR","{""id"":""analyst-analyst-estimates"",""name"":""Analyst Estimates""}","[]","VECTOR","TOP700","0"
"0","{""id"":""analyst"",""name"":""Analyst""}","0","{""id"":""analyst_consensus"",""name"":""Standardized Analyst Consensus Forecasts""}","1","2026-07-01","1","Actual reported annual Gross Income value adjusted for currency/regime","actual_fxadj_gross_income","2","GBR","{""id"":""analyst-analyst-estimates"",""name"":""Analyst Estimates""}","[]","VECTOR","TOP700","0"
"0","{""id"":""analyst"",""name"":""Analyst""}","0","{""id"":""analyst_consensus"",""name"":""Standardized Analyst Consensus Forecasts""}","1","2026-07-01","1","Vector of company-reported actual goodwill values for annual periods aligned to the event calendar; forecast positions are empty","actual_goodwill_value_annual12","2","GBR","{""id"":""analyst-analyst-estimates"",""name"":""Analyst Estimates""}","[]","VECTOR","TOP700","0"
"0","{""id"":""analyst"",""name"":""Analyst""}","0","{""id"":""analyst_consensus"",""name"":""Standardized Analyst Consensus Forecasts""}","1","2026-07-01","1","Regime- and currency/split-adjusted actual reported goodwill value","actual_goodwill_value_fxadj_annual12","2","GBR","{""id"":""analyst-analyst-estimates"",""name"":""Analyst Estimates""}","[]","VECTOR","TOP700","0"
"0","{""id"":""analyst"",""name"":""Analyst""}","0","{""id"":""analyst_consensus"",""name"":""Standardized Analyst Consensus Forecasts""}","1","2026-07-01","1","Actual reported value for the GPS measure (as reported, unadjusted)","actual_gps_value","2","GBR","{""id"":""analyst-analyst-estimates"",""name"":""Analyst Estimates""}","[]","VECTOR","TOP700","0"
"0","{""id"":""analyst"",""name"":""Analyst""}","0","{""id"":""analyst_consensus"",""name"":""Standardized Analyst Consensus Forecasts""}","1","2026-07-01","1","Currency/split-adjusted actual reported values for the GPS measure","actual_gps_value_fxadj","2","GBR","{""id"":""analyst-analyst-estimates"",""name"":""Analyst Estimates""}","[]","VECTOR","TOP700","0"
"0","{""id"":""analyst"",""name"":""Analyst""}","0","{""id"":""analyst_consensus"",""name"":""Standardized Analyst Consensus Forecasts""}","1","2026-07-01","1","Reported actual GPM value for the relevant fiscal period","actual_grossmargin_value_annual12_tribes","2","GBR","{""id"":""analyst-analyst-estimates"",""name"":""Analyst Estimates""}","[]","VECTOR","TOP700","0"
"0","{""id"":""analyst"",""name"":""Analyst""}","0","{""id"":""analyst_consensus"",""name"":""Standardized Analyst Consensus Forecasts""}","0.9956","2026-07-01","1","Actual reported annual Inventory value","actual_inventory_value_annual12","2","GBR","{""id"":""analyst-analyst-estimates"",""name"":""Analyst Estimates""}","[]","VECTOR","TOP700","0"
"0","{""id"":""analyst"",""name"":""Analyst""}","0","{""id"":""analyst_consensus"",""name"":""Standardized Analyst Consensus Forecasts""}","0.9956","2026-07-01","1","Currency/regime-adjusted actual annual inventory value","actual_inventory_value_fxadj_annual12","2","GBR","{""id"":""analyst-analyst-estimates"",""name"":""Analyst Estimates""}","[]","VECTOR","TOP700","0"
"0","{""id"":""analyst"",""name"":""Analyst""}","0","{""id"":""analyst_consensus"",""name"":""Standardized Analyst Consensus Forecasts""}","0.7451","2026-07-01","1","Reported actual value for Marketable Securities","actual_marketable_securities_value_annual12","2","GBR","{""id"":""analyst-analyst-estimates"",""name"":""Analyst Estimates""}","[]","VECTOR","TOP700","0"
"0","{""id"":""analyst"",""name"":""Analyst""}","0","{""id"":""analyst_consensus"",""name"":""Standardized Analyst Consensus Forecasts""}","0.7451","2026-07-01","1","Currency/split-adjusted actual reported values","actual_marketable_securities_value_fxadj_annual12","2","GBR","{""id"":""analyst-analyst-estimates"",""name"":""Analyst Estimates""}","[]","VECTOR","TOP700","0"
"0","{""id"":""analyst"",""name"":""Analyst""}","0","{""id"":""analyst_consensus"",""name"":""Standardized Analyst Consensus Forecasts""}","1","2026-07-01","1","Actual reported net asset value for the annual period.","actual_nav_value_annual12","2","GBR","{""id"":""analyst-analyst-estimates"",""name"":""Analyst Estimates""}","[]","VECTOR","TOP700","0"
"0","{""id"":""analyst"",""name"":""Analyst""}","0","{""id"":""analyst_consensus"",""name"":""Standardized Analyst Consensus Forecasts""}","1","2026-07-01","1","Actual reported NAV value","actual_nav_value_annual12_tribes","2","GBR","{""id"":""analyst-analyst-estimates"",""name"":""Analyst Estimates""}","[]","VECTOR","TOP700","0"
"0","{""id"":""analyst"",""name"":""Analyst""}","0","{""id"":""analyst_consensus"",""name"":""Standardized Analyst Consensus Forecasts""}","1","2026-07-01","1","Actual reported annual NAV value adjusted for currency/splits/regime","actual_nav_value_fxadj_annual12","2","GBR","{""id"":""analyst-analyst-estimates"",""name"":""Analyst Estimates""}","[]","VECTOR","TOP700","0"
"0","{""id"":""analyst"",""name"":""Analyst""}","0","{""id"":""analyst_consensus"",""name"":""Standardized Analyst Consensus Forecasts""}","1","2026-07-01","1","Actual reported annual Net Debt (NDEBT) value","actual_netdebt_value_annual12_tribes_2","2","GBR","{""id"":""analyst-analyst-estimates"",""name"":""Analyst Estimates""}","[]","VECTOR","TOP700","0"
"0","{""id"":""analyst"",""name"":""Analyst""}","0","{""id"":""analyst_consensus"",""name"":""Standardized Analyst Consensus Forecasts""}","1","2026-07-01","1","Adjusted actual annual Net Debt value (currency/split/regime adjusted)","actual_netdebt_value_fxadj_annual12_2","2","GBR","{""id"":""analyst-analyst-estimates"",""name"":""Analyst Estimates""}","[]","VECTOR","TOP700","0"
"0","{""id"":""analyst"",""name"":""Analyst""}","0","{""id"":""analyst_consensus"",""name"":""Standardized Analyst Consensus Forecasts""}","1","2026-07-01","1","Actual reported annual Net Profit (NPROFITREP) values aligned to events; forecast periods are blank or NaN","actual_netprofitreported_value_annual12","2","GBR","{""id"":""analyst-analyst-estimates"",""name"":""Analyst Estimates""}","[]","VECTOR","TOP700","0"
"0","{""id"":""analyst"",""name"":""Analyst""}","0","{""id"":""analyst_consensus"",""name"":""Standardized Analyst Consensus Forecasts""}","1","2026-07-01","1","Currency- and split-adjusted actual reported annual Net Profit values","actual_netprofitreported_value_fxadj_annual12","2","GBR","{""id"":""analyst-analyst-estimates"",""name"":""Analyst Estimates""}","[]","VECTOR","TOP700","0"
"0","{""id"":""analyst"",""name"":""Analyst""}","0","{""id"":""analyst_consensus"",""name"":""Standardized Analyst Consensus Forecasts""}","1","2026-07-01","1","Currency/split/regime-adjusted reported actual value for quarterly Net Profit (Reported)","actual_netprofit_reported_value_fxadj_quarterly16","2","GBR","{""id"":""analyst-analyst-estimates"",""name"":""Analyst Estimates""}","[]","VECTOR","TOP700","0"
"0","{""id"":""analyst"",""name"":""Analyst""}","0","{""id"":""analyst_consensus"",""name"":""Standardized Analyst Consensus Forecasts""}","1","2026-07-01","1","Reported actual net profit for the period","actual_netprofit_reported_value_quarterly16","2","GBR","{""id"":""analyst-analyst-estimates"",""name"":""Analyst Estimates""}","[]","VECTOR","TOP700","0"
"0","{""id"":""analyst"",""name"":""Analyst""}","0","{""id"":""analyst_consensus"",""name"":""Standardized Analyst Consensus Forecasts""}","1","2026-07-01","1","Actual reported annual Net Profit values aligned to the event periods (forecast slots empty)","actual_netprofit_value_annual12","2","GBR","{""id"":""analyst-analyst-estimates"",""name"":""Analyst Estimates""}","[]","VECTOR","TOP700","0"
"0","{""id"":""analyst"",""name"":""Analyst""}","0","{""id"":""analyst_consensus"",""name"":""Standardized Analyst Consensus Forecasts""}","1","2026-07-01","1","Currency/split/regime-adjusted actual reported annual net profit values","actual_netprofit_value_fxadj_annual12","2","GBR","{""id"":""analyst-analyst-estimates"",""name"":""Analyst Estimates""}","[]","VECTOR","TOP700","0"
"0","{""id"":""analyst"",""name"":""Analyst""}","0","{""id"":""analyst_consensus"",""name"":""Standardized Analyst Consensus Forecasts""}","1","2026-07-01","1","Actual reported quarterly net profit adjusted for currency, splits, and regime effects","actual_netprofit_value_fxadj_quarterly16","2","GBR","{""id"":""analyst-analyst-estimates"",""name"":""Analyst Estimates""}","[]","VECTOR","TOP700","0"
"0","{""id"":""analyst"",""name"":""Analyst""}","0","{""id"":""analyst_consensus"",""name"":""Standardized Analyst Consensus Forecasts""}","1","2026-07-01","1","Actual reported quarterly net profit","actual_netprofit_value_quarterly16","2","GBR","{""id"":""analyst-analyst-estimates"",""name"":""Analyst Estimates""}","[]","VECTOR","TOP700","0"
"0","{""id"":""analyst"",""name"":""Analyst""}","0","{""id"":""analyst_consensus"",""name"":""Standardized Analyst Consensus Forecasts""}","1","2026-07-01","1","Actual reported annual Net Income (NET) values","actual_net_value","2","GBR","{""id"":""analyst-analyst-estimates"",""name"":""Analyst Estimates""}","[]","VECTOR","TOP700","0"
"0","{""id"":""analyst"",""name"":""Analyst""}","0","{""id"":""analyst_consensus"",""name"":""Standardized Analyst Consensus Forecasts""}","1","2026-07-01","1","Regime- and currency-adjusted actual reported annual Net Income (NET) values","actual_net_value_fxadj","2","GBR","{""id"":""analyst-analyst-estimates"",""name"":""Analyst Estimates""}","[]","VECTOR","TOP700","0"
"0","{""id"":""analyst"",""name"":""Analyst""}","0","{""id"":""analyst_consensus"",""name"":""Standardized Analyst Consensus Forecasts""}","1","2026-07-01","1","Actual reported annual operating expenses","actual_operatingexpense_value_annual12","2","GBR","{""id"":""analyst-analyst-estimates"",""name"":""Analyst Estimates""}","[]","VECTOR","TOP700","0"
"0","{""id"":""analyst"",""name"":""Analyst""}","0","{""id"":""analyst_consensus"",""name"":""Standardized Analyst Consensus Forecasts""}","1","2026-07-01","1","Currency/regime-adjusted actual reported annual operating expenses","actual_operatingexpense_value_fxadj_annual12","2","GBR","{""id"":""analyst-analyst-estimates"",""name"":""Analyst Estimates""}","[]","VECTOR","TOP700","0"
"0","{""id"":""analyst"",""name"":""Analyst""}","0","{""id"":""analyst_consensus"",""name"":""Standardized Analyst Consensus Forecasts""}","1","2026-07-01","1","Actual reported pre-tax profit for the annual period.","actual_pretax_reported_value_annual12","2","GBR","{""id"":""analyst-analyst-estimates"",""name"":""Analyst Estimates""}","[]","VECTOR","TOP700","0"
"0","{""id"":""analyst"",""name"":""Analyst""}","0","{""id"":""analyst_consensus"",""name"":""Standardized Analyst Consensus Forecasts""}","1","2026-07-01","1","Actual reported pre-tax profit values aligned to event dates (forecast lead periods are NaN)","actual_pretax_reported_value_annual12_tribes","2","GBR","{""id"":""analyst-analyst-estimates"",""name"":""Analyst Estimates""}","[]","VECTOR","TOP700","0"
"0","{""id"":""analyst"",""name"":""Analyst""}","0","{""id"":""analyst_consensus"",""name"":""Standardized Analyst Consensus Forecasts""}","1","2026-07-01","1","Regime-adjusted actual reported PRR values vector","actual_pretax_reported_value_fxadj_annual12","2","GBR","{""id"":""analyst-analyst-estimates"",""name"":""Analyst Estimates""}","[]","VECTOR","TOP700","0"
"0","{""id"":""analyst"",""name"":""Analyst""}","0","{""id"":""analyst_consensus"",""name"":""Standardized Analyst Consensus Forecasts""}","1","2026-07-01","1","Currency/split/regime-adjusted actual value for the PPROFITREP measure","actual_pretax_reported_value_fxadj_quarterly16","2","GBR","{""id"":""analyst-analyst-estimates"",""name"":""Analyst Estimates""}","[]","VECTOR","TOP700","0"
"0","{""id"":""analyst"",""name"":""Analyst""}","0","{""id"":""analyst_consensus"",""name"":""Standardized Analyst Consensus Forecasts""}","1","2026-07-01","1","Actual reported value for PPROFITREP","actual_pretax_reported_value_quarterly16","2","GBR","{""id"":""analyst-analyst-estimates"",""name"":""Analyst Estimates""}","[]","VECTOR","TOP700","0"
"0","{""id"":""analyst"",""name"":""Analyst""}","0","{""id"":""analyst_consensus"",""name"":""Standardized Analyst Consensus Forecasts""}","1","2026-07-01","1","Actual reported value for the PRE measure (annual); vector aligned to events with NaN for forecast periods","actual_pretax_value_annual12","2","GBR","{""id"":""analyst-analyst-estimates"",""name"":""Analyst Estimates""}","[]","VECTOR","TOP700","0"
"0","{""id"":""analyst"",""name"":""Analyst""}","0","{""id"":""analyst_consensus"",""name"":""Standardized Analyst Consensus Forecasts""}","1","2026-07-01","1","Actual reported annual PPROFIT value","actual_pretax_value_annual12_2","2","GBR","{""id"":""analyst-analyst-estimates"",""name"":""Analyst Estimates""}","[]","VECTOR","TOP700","0"
"0","{""id"":""analyst"",""name"":""Analyst""}","0","{""id"":""analyst_consensus"",""name"":""Standardized Analyst Consensus Forecasts""}","1","2026-07-01","1","Regime-adjusted actual reported values for the PRE metric (currency/split adjusted)","actual_pretax_value_fxadj_annual12","2","GBR","{""id"":""analyst-analyst-estimates"",""name"":""Analyst Estimates""}","[]","VECTOR","TOP700","0"
"0","{""id"":""analyst"",""name"":""Analyst""}","0","{""id"":""analyst_consensus"",""name"":""Standardized Analyst Consensus Forecasts""}","1","2026-07-01","1","Currency-adjusted actual annual pre-tax profit value","actual_pretax_value_fxadj_annual12_2","2","GBR","{""id"":""analyst-analyst-estimates"",""name"":""Analyst Estimates""}","[]","VECTOR","TOP700","0"
"0","{""id"":""analyst"",""name"":""Analyst""}","0","{""id"":""analyst_consensus"",""name"":""Standardized Analyst Consensus Forecasts""}","1","2026-07-01","1","Regime and currency adjusted actual reported quarterly PPROFIT","actual_pretax_value_fxadj_quarterly16_tribes","2","GBR","{""id"":""analyst-analyst-estimates"",""name"":""Analyst Estimates""}","[]","VECTOR","TOP700","0"
"0","{""id"":""analyst"",""name"":""Analyst""}","0","{""id"":""analyst_consensus"",""name"":""Standardized Analyst Consensus Forecasts""}","1","2026-07-01","1","Actual reported value for the PPROFIT quarterly metric","actual_pretax_value_quarterly16_tribes","2","GBR","{""id"":""analyst-analyst-estimates"",""name"":""Analyst Estimates""}","[]","VECTOR","TOP700","0"
"0","{""id"":""analyst"",""name"":""Analyst""}","0","{""id"":""analyst_consensus"",""name"":""Standardized Analyst Consensus Forecasts""}","1","2026-07-01","1","Actual reported NER value","actual_reportednet_value_annual12_2","2","GBR","{""id"":""analyst-analyst-estimates"",""name"":""Analyst Estimates""}","[]","VECTOR","TOP700","0"
"0","{""id"":""analyst"",""name"":""Analyst""}","0","{""id"":""analyst_consensus"",""name"":""Standardized Analyst Consensus Forecasts""}","1","2026-07-01","1","Regime-adjusted actual NER value (currency/splits adjusted)","actual_reportednet_value_fxadj_annual12_2","2","GBR","{""id"":""analyst-analyst-estimates"",""name"":""Analyst Estimates""}","[]","VECTOR","TOP700","0"
"0","{""id"":""analyst"",""name"":""Analyst""}","0","{""id"":""analyst_consensus"",""name"":""Standardized Analyst Consensus Forecasts""}","1","2026-07-01","1","Actual reported value of return on capital for the annual period.","actual_return_on_capital_value_annual12","2","GBR","{""id"":""analyst-analyst-estimates"",""name"":""Analyst Estimates""}","[]","VECTOR","TOP700","0"
"0","{""id"":""analyst"",""name"":""Analyst""}","0","{""id"":""analyst_consensus"",""name"":""Standardized Analyst Consensus Forecasts""}","1","2026-07-01","1","Actual reported annual sales value","actual_revenue_value_annual12","2","GBR","{""id"":""analyst-analyst-estimates"",""name"":""Analyst Estimates""}","[]","VECTOR","TOP700","0"
"0","{""id"":""analyst"",""name"":""Analyst""}","0","{""id"":""analyst_consensus"",""name"":""Standardized Analyst Consensus Forecasts""}","1","2026-07-01","1","Actual reported annual revenue (vendor-reported)","actual_revenue_value_annual12_tribes","2","GBR","{""id"":""analyst-analyst-estimates"",""name"":""Analyst Estimates""}","[]","VECTOR","TOP700","0"
"0","{""id"":""analyst"",""name"":""Analyst""}","0","{""id"":""analyst_consensus"",""name"":""Standardized Analyst Consensus Forecasts""}","1","2026-07-01","1","Adjusted actual reported sales values (currency/splits/regime adjusted)","actual_revenue_value_fxadj_annual12","2","GBR","{""id"":""analyst-analyst-estimates"",""name"":""Analyst Estimates""}","[]","VECTOR","TOP700","0"
"0","{""id"":""analyst"",""name"":""Analyst""}","0","{""id"":""analyst_consensus"",""name"":""Standardized Analyst Consensus Forecasts""}","1","2026-07-01","1","Currency-adjusted actual reported quarterly revenue","actual_revenue_value_fxadj_quarterly16","2","GBR","{""id"":""analyst-analyst-estimates"",""name"":""Analyst Estimates""}","[]","VECTOR","TOP700","0"
"0","{""id"":""analyst"",""name"":""Analyst""}","0","{""id"":""analyst_consensus"",""name"":""Standardized Analyst Consensus Forecasts""}","1","2026-07-01","1","Reported quarterly revenue actuals (NaN during forecast periods)","actual_revenue_value_quarterly16","2","GBR","{""id"":""analyst-analyst-estimates"",""name"":""Analyst Estimates""}","[]","VECTOR","TOP700","0"
"0","{""id"":""analyst"",""name"":""Analyst""}","0","{""id"":""analyst_consensus"",""name"":""Standardized Analyst Consensus Forecasts""}","1","2026-07-01","1","Actual reported value for annual return on equity.","actual_roe_value_annual12","2","GBR","{""id"":""analyst-analyst-estimates"",""name"":""Analyst Estimates""}","[]","VECTOR","TOP700","0"
"0","{""id"":""analyst"",""name"":""Analyst""}","0","{""id"":""analyst_consensus"",""name"":""Standardized Analyst Consensus Forecasts""}","1","2026-07-01","1","Reported actual annual ROA value for the period","actual_roe_value_annual12_tribes","2","GBR","{""id"":""analyst-analyst-estimates"",""name"":""Analyst Estimates""}","[]","VECTOR","TOP700","0"
"0","{""id"":""analyst"",""name"":""Analyst""}","0","{""id"":""analyst_consensus"",""name"":""Standardized Analyst Consensus Forecasts""}","1","2026-07-01","1","Company-reported actual annual ROE value as captured point-in-time under the dataset’s regime rules","actual_roe_value_annual12_tribes_2","2","GBR","{""id"":""analyst-analyst-estimates"",""name"":""Analyst Estimates""}","[]","VECTOR","TOP700","0"
"0","{""id"":""analyst"",""name"":""Analyst""}","0","{""id"":""analyst_consensus"",""name"":""Standardized Analyst Consensus Forecasts""}","1","2026-07-01","1","Actual reported Number of Shares Outstanding for the period (vector aligned to events; forecasts filled with nulls before actuals)","actual_sharesoutstanding_value_annual12","2","GBR","{""id"":""analyst-analyst-estimates"",""name"":""Analyst Estimates""}","[]","VECTOR","TOP700","0"
"0","{""id"":""analyst"",""name"":""Analyst""}","0","{""id"":""analyst_consensus"",""name"":""Standardized Analyst Consensus Forecasts""}","1","2026-07-01","1","Actual reported values for the SEQUITY measure (vector; forecast positions are NaN)","actual_tangbookvalue_value_annual12_tribes","2","GBR","{""id"":""analyst-analyst-estimates"",""name"":""Analyst Estimates""}","[]","VECTOR","TOP700","0"
"0","{""id"":""analyst"",""name"":""Analyst""}","0","{""id"":""analyst_consensus"",""name"":""Standardized Analyst Consensus Forecasts""}","1","2026-07-01","1","Currency-adjusted actual reported value(s) for the SEquity measure","actual_tangbookvalue_value_fxadj_annual12_tribes","2","GBR","{""id"":""analyst-analyst-estimates"",""name"":""Analyst Estimates""}","[]","VECTOR","TOP700","0"
"0","{""id"":""analyst"",""name"":""Analyst""}","0","{""id"":""analyst_consensus"",""name"":""Standardized Analyst Consensus Forecasts""}","1","2026-07-01","1","Actual reported TAXPROV values","actual_taxprovision_value_annual12_tribes","2","GBR","{""id"":""analyst-analyst-estimates"",""name"":""Analyst Estimates""}","[]","VECTOR","TOP700","0"
"0","{""id"":""analyst"",""name"":""Analyst""}","0","{""id"":""analyst_consensus"",""name"":""Standardized Analyst Consensus Forecasts""}","1","2026-07-01","1","Actual reported TAXRATE value","actual_taxrate_value_annual12","2","GBR","{""id"":""analyst-analyst-estimates"",""name"":""Analyst Estimates""}","[]","VECTOR","TOP700","0"
"0","{""id"":""analyst"",""name"":""Analyst""}","0","{""id"":""analyst_consensus"",""name"":""Standardized Analyst Consensus Forecasts""}","1","2026-07-01","1","Actual reported effective tax rate for the annual period, adjusted for currency.","actual_taxrate_value_fxadj_annual12","2","GBR","{""id"":""analyst-analyst-estimates"",""name"":""Analyst Estimates""}","[]","VECTOR","TOP700","0"
"0","{""id"":""analyst"",""name"":""Analyst""}","0","{""id"":""analyst_consensus"",""name"":""Standardized Analyst Consensus Forecasts""}","1","2026-07-01","1","Actual reported quarterly tax provision values as reported (unadjusted)","actual_tax_provision_value_quarterly16","2","GBR","{""id"":""analyst-analyst-estimates"",""name"":""Analyst Estimates""}","[]","VECTOR","TOP700","0"
"0","{""id"":""analyst"",""name"":""Analyst""}","0","{""id"":""analyst_consensus"",""name"":""Standardized Analyst Consensus Forecasts""}","0.1982","2026-07-01","1","Actual reported Total Liabilities value","actual_totalliab_value_annual12_tribes","2","GBR","{""id"":""analyst-analyst-estimates"",""name"":""Analyst Estimates""}","[]","VECTOR","TOP700","0"
"0","{""id"":""analyst"",""name"":""Analyst""}","0","{""id"":""analyst_consensus"",""name"":""Standardized Analyst Consensus Forecasts""}","0.1982","2026-07-01","1","Currency/split/regime-adjusted actual reported Total Liabilities value","actual_totalliab_value_fxadj_annual12_tribes","2","GBR","{""id"":""analyst-analyst-estimates"",""name"":""Analyst Estimates""}","[]","VECTOR","TOP700","0"
"0","{""id"":""analyst"",""name"":""Analyst""}","0","{""id"":""analyst_consensus"",""name"":""Standardized Analyst Consensus Forecasts""}","1","2026-07-01","1","Reported actual values vector (NaN in forecast periods)","actual_total_assets_value_annual12","2","GBR","{""id"":""analyst-analyst-estimates"",""name"":""Analyst Estimates""}","[]","VECTOR","TOP700","0"
"0","{""id"":""analyst"",""name"":""Analyst""}","0","{""id"":""analyst_consensus"",""name"":""Standardized Analyst Consensus Forecasts""}","1","2026-07-01","1","Currency/split/regime-adjusted actual reported value for the measure","actual_total_assets_value_fxadj_annual12","2","GBR","{""id"":""analyst-analyst-estimates"",""name"":""Analyst Estimates""}","[]","VECTOR","TOP700","0"
"0","{""id"":""analyst"",""name"":""Analyst""}","0","{""id"":""analyst_consensus"",""name"":""Standardized Analyst Consensus Forecasts""}","1","2026-07-01","1","Company-reported actual Depreciation & Amortization values; forecast periods are empty/NaN","actual_value_depreciation_amortization","2","GBR","{""id"":""analyst-analyst-estimates"",""name"":""Analyst Estimates""}","[]","VECTOR","TOP700","0"
"0","{""id"":""analyst"",""name"":""Analyst""}","0","{""id"":""analyst_consensus"",""name"":""Standardized Analyst Consensus Forecasts""}","1","2026-07-01","1","Reported actual EBITDA value for the corresponding fiscal period","actual_value_ebitda_annual12","2","GBR","{""id"":""analyst-analyst-estimates"",""name"":""Analyst Estimates""}","[]","VECTOR","TOP700","0"
"0","{""id"":""analyst"",""name"":""Analyst""}","0","{""id"":""analyst_consensus"",""name"":""Standardized Analyst Consensus Forecasts""}","1","2026-07-01","1","Actual reported value for quarterly EBIT","actual_value_ebit_quarterly16","2","GBR","{""id"":""analyst-analyst-estimates"",""name"":""Analyst Estimates""}","[]","VECTOR","TOP700","0"
"0","{""id"":""analyst"",""name"":""Analyst""}","0","{""id"":""analyst_consensus"",""name"":""Standardized Analyst Consensus Forecasts""}","1","2026-07-01","1","Actual reported EV values vector, with forecast periods filled with nulls/NaNs","actual_value_enterprisevalue_annual12","2","GBR","{""id"":""analyst-analyst-estimates"",""name"":""Analyst Estimates""}","[]","VECTOR","TOP700","0"
"0","{""id"":""analyst"",""name"":""Analyst""}","0","{""id"":""analyst_consensus"",""name"":""Standardized Analyst Consensus Forecasts""}","1","2026-07-01","1","Actual reported annual EPS values vector; forecast periods are null/NaN","actual_value_eps_annual12","2","GBR","{""id"":""analyst-analyst-estimates"",""name"":""Analyst Estimates""}","[]","VECTOR","TOP700","0"
"0","{""id"":""analyst"",""name"":""Analyst""}","0","{""id"":""analyst_consensus"",""name"":""Standardized Analyst Consensus Forecasts""}","1","2026-07-01","1","Actual reported quarterly EPS (unadjusted)","actual_value_eps_quarterly16_tribes","2","GBR","{""id"":""analyst-analyst-estimates"",""name"":""Analyst Estimates""}","[]","VECTOR","TOP700","0"
"0","{""id"":""analyst"",""name"":""Analyst""}","0","{""id"":""analyst_consensus"",""name"":""Standardized Analyst Consensus Forecasts""}","1","2026-07-01","1","Reported actual annual FCFPS values aligned to the event timeline (forecast periods empty)","actual_value_fcfps_annual12","2","GBR","{""id"":""analyst-analyst-estimates"",""name"":""Analyst Estimates""}","[]","VECTOR","TOP700","0"
"0","{""id"":""analyst"",""name"":""Analyst""}","0","{""id"":""analyst_consensus"",""name"":""Standardized Analyst Consensus Forecasts""}","1","2026-07-01","1","Currency/split/regime-adjusted actual EBITDA value","actual_value_fxadj_ebitda_annual12","2","GBR","{""id"":""analyst-analyst-estimates"",""name"":""Analyst Estimates""}","[]","VECTOR","TOP700","0"
"0","{""id"":""analyst"",""name"":""Analyst""}","0","{""id"":""analyst_consensus"",""name"":""Standardized Analyst Consensus Forecasts""}","1","2026-07-01","1","Currency/regime-adjusted actual reported value for the EV metric","actual_value_fxadj_enterprisevalue_annual12","2","GBR","{""id"":""analyst-analyst-estimates"",""name"":""Analyst Estimates""}","[]","VECTOR","TOP700","0"
"0","{""id"":""analyst"",""name"":""Analyst""}","0","{""id"":""analyst_consensus"",""name"":""Standardized Analyst Consensus Forecasts""}","1","2026-07-01","1","Currency/split-adjusted actual reported annual EPS values","actual_value_fxadj_eps_annual12","2","GBR","{""id"":""analyst-analyst-estimates"",""name"":""Analyst Estimates""}","[]","VECTOR","TOP700","0"
"0","{""id"":""analyst"",""name"":""Analyst""}","0","{""id"":""analyst_consensus"",""name"":""Standardized Analyst Consensus Forecasts""}","1","2026-07-01","1","Currency/split/regime-adjusted actual reported quarterly EPS","actual_value_fxadj_eps_quarterly16_tribes","2","GBR","{""id"":""analyst-analyst-estimates"",""name"":""Analyst Estimates""}","[]","VECTOR","TOP700","0"
"0","{""id"":""analyst"",""name"":""Analyst""}","0","{""id"":""analyst_consensus"",""name"":""Standardized Analyst Consensus Forecasts""}","1","2026-07-01","1","Actual annual FCFPS values adjusted for currency and corporate actions (e.g., splits)","actual_value_fxadj_fcfps_annual12","2","GBR","{""id"":""analyst-analyst-estimates"",""name"":""Analyst Estimates""}","[]","VECTOR","TOP700","0"
"0","{""id"":""analyst"",""name"":""Analyst""}","0","{""id"":""analyst_consensus"",""name"":""Standardized Analyst Consensus Forecasts""}","1","2026-07-01","1","Reported actual annual Interest Expense adjusted for currency/splits","actual_value_fxadj_interest_expense_annual12","2","GBR","{""id"":""analyst-analyst-estimates"",""name"":""Analyst Estimates""}","[]","VECTOR","TOP700","0"
"0","{""id"":""analyst"",""name"":""Analyst""}","0","{""id"":""analyst_consensus"",""name"":""Standardized Analyst Consensus Forecasts""}","1","2026-07-01","1","Reported actual values adjusted for currency, splits, and regime effects","actual_value_fxadj_nav_annual12_tribes","2","GBR","{""id"":""analyst-analyst-estimates"",""name"":""Analyst Estimates""}","[]","VECTOR","TOP700","0"
"0","{""id"":""analyst"",""name"":""Analyst""}","0","{""id"":""analyst_consensus"",""name"":""Standardized Analyst Consensus Forecasts""}","1","2026-07-01","1","Reported actual values for the measure adjusted for currency/splits/regime","actual_value_fxadj_pretax_reported_annual12_tribes","2","GBR","{""id"":""analyst-analyst-estimates"",""name"":""Analyst Estimates""}","[]","VECTOR","TOP700","0"
"0","{""id"":""analyst"",""name"":""Analyst""}","0","{""id"":""analyst_consensus"",""name"":""Standardized Analyst Consensus Forecasts""}","1","2026-07-01","1","Currency/split/regime-adjusted actual reported annual revenue","actual_value_fxadj_revenue_annual12_tribes","2","GBR","{""id"":""analyst-analyst-estimates"",""name"":""Analyst Estimates""}","[]","VECTOR","TOP700","0"
"0","{""id"":""analyst"",""name"":""Analyst""}","0","{""id"":""analyst_consensus"",""name"":""Standardized Analyst Consensus Forecasts""}","1","2026-07-01","1","Actual reported Tax Provision figures adjusted for currency/splits","actual_value_fxadj_taxprovision_annual12_tribes","2","GBR","{""id"":""analyst-analyst-estimates"",""name"":""Analyst Estimates""}","[]","VECTOR","TOP700","0"
"0","{""id"":""analyst"",""name"":""Analyst""}","0","{""id"":""analyst_consensus"",""name"":""Standardized Analyst Consensus Forecasts""}","1","2026-07-01","1","Currency/regime-adjusted actual tax provision value","actual_value_fxadj_tax_provision_quarterly16","2","GBR","{""id"":""analyst-analyst-estimates"",""name"":""Analyst Estimates""}","[]","VECTOR","TOP700","0"
"0","{""id"":""analyst"",""name"":""Analyst""}","0","{""id"":""analyst_consensus"",""name"":""Standardized Analyst Consensus Forecasts""}","1","2026-07-01","1","Reported actual Gross Income values per period; forecast positions are empty/NaN","actual_value_gross_income","2","GBR","{""id"":""analyst-analyst-estimates"",""name"":""Analyst Estimates""}","[]","VECTOR","TOP700","0"
"0","{""id"":""analyst"",""name"":""Analyst""}","0","{""id"":""analyst_consensus"",""name"":""Standardized Analyst Consensus Forecasts""}","1","2026-07-01","1","Reported actual annual Interest Expense","actual_value_interest_expense_annual12","2","GBR","{""id"":""analyst-analyst-estimates"",""name"":""Analyst Estimates""}","[]","VECTOR","TOP700","0"
"0","{""id"":""analyst"",""name"":""Analyst""}","0","{""id"":""analyst_consensus"",""name"":""Standardized Analyst Consensus Forecasts""}","1","2026-07-01","1","Consensus mean of analyst forecasts for annual DEPAMORT","avg_analyst_estimate_depreciation_amortization","2","GBR","{""id"":""analyst-analyst-estimates"",""name"":""Analyst Estimates""}","[]","VECTOR","TOP700","0"
"0","{""id"":""analyst"",""name"":""Analyst""}","0","{""id"":""analyst_consensus"",""name"":""Standardized Analyst Consensus Forecasts""}","1","2026-07-01","1","Consensus mean of analyst estimates for annual Gross Income","avg_analyst_estimate_gross_income","2","GBR","{""id"":""analyst-analyst-estimates"",""name"":""Analyst Estimates""}","[]","VECTOR","TOP700","0"
"0","{""id"":""analyst"",""name"":""Analyst""}","0","{""id"":""analyst_consensus"",""name"":""Standardized Analyst Consensus Forecasts""}","1","2026-07-01","1","Integer code for the reporting currency associated with the values (decode via currency table)","currency_code_cashflowfinancing_annual12","2","GBR","{""id"":""analyst-analyst-estimates"",""name"":""Analyst Estimates""}","[]","VECTOR","TOP700","0"
"0","{""id"":""analyst"",""name"":""Analyst""}","0","{""id"":""analyst_consensus"",""name"":""Standardized Analyst Consensus Forecasts""}","0.7755","2026-07-01","1","Integer code identifying the reporting currency for the values","currency_code_currentliabilities_annual12","2","GBR","{""id"":""analyst-analyst-estimates"",""name"":""Analyst Estimates""}","[]","VECTOR","TOP700","0"
"0","{""id"":""analyst"",""name"":""Analyst""}","0","{""id"":""analyst_consensus"",""name"":""Standardized Analyst Consensus Forecasts""}","1","2026-07-01","1","Integer code for the report currency for DEPAMORT, decoded via a lookup table","currency_code_depreciation_amortization","2","GBR","{""id"":""analyst-analyst-estimates"",""name"":""Analyst Estimates""}","[]","VECTOR","TOP700","0"
"0","{""id"":""analyst"",""name"":""Analyst""}","0","{""id"":""analyst_consensus"",""name"":""Standardized Analyst Consensus Forecasts""}","1","2026-07-01","1","Integer currency code referencing decode table for the measure’s reporting/estimate currency","currency_code_epsreported_annual12","2","GBR","{""id"":""analyst-analyst-estimates"",""name"":""Analyst Estimates""}","[]","VECTOR","TOP700","0"
"0","{""id"":""analyst"",""name"":""Analyst""}","0","{""id"":""analyst_consensus"",""name"":""Standardized Analyst Consensus Forecasts""}","1","2026-07-01","1","Integer currency code for the Gross Income measure, decoded to reporting currency as of each DataDate","currency_code_gross_income","2","GBR","{""id"":""analyst-analyst-estimates"",""name"":""Analyst Estimates""}","[]","VECTOR","TOP700","0"
"0","{""id"":""analyst"",""name"":""Analyst""}","0","{""id"":""analyst_consensus"",""name"":""Standardized Analyst Consensus Forecasts""}","1","2026-07-01","1","Currency code in which the net asset value is reported for the annual period.","currency_code_nav_annual12_tribes","2","GBR","{""id"":""analyst-analyst-estimates"",""name"":""Analyst Estimates""}","[]","VECTOR","TOP700","0"
"0","{""id"":""analyst"",""name"":""Analyst""}","0","{""id"":""analyst_consensus"",""name"":""Standardized Analyst Consensus Forecasts""}","1","2026-07-01","1","Integer currency code indicating the reporting/estimate currency for the net profit values","currency_code_netprofit_quarterly16","2","GBR","{""id"":""analyst-analyst-estimates"",""name"":""Analyst Estimates""}","[]","VECTOR","TOP700","0"
"0","{""id"":""analyst"",""name"":""Analyst""}","0","{""id"":""analyst_consensus"",""name"":""Standardized Analyst Consensus Forecasts""}","1","2026-07-01","1","Integer currency code for the measure’s units, mapped via a decode table by report date","currency_type_ebit_quarterly16","2","GBR","{""id"":""analyst-analyst-estimates"",""name"":""Analyst Estimates""}","[]","VECTOR","TOP700","0"
"0","{""id"":""analyst"",""name"":""Analyst""}","0","{""id"":""analyst_consensus"",""name"":""Standardized Analyst Consensus Forecasts""}","1","2026-07-01","1","Integer code for the report/measure currency, to be decoded via currency table","currency_type_eps_annual12","2","GBR","{""id"":""analyst-analyst-estimates"",""name"":""Analyst Estimates""}","[]","VECTOR","TOP700","0"
"0","{""id"":""analyst"",""name"":""Analyst""}","0","{""id"":""analyst_consensus"",""name"":""Standardized Analyst Consensus Forecasts""}","1","2026-07-01","1","Integer currency code per data point, referencing a decode table for report currency","currency_type_fcfps_annual12","2","GBR","{""id"":""analyst-analyst-estimates"",""name"":""Analyst Estimates""}","[]","VECTOR","TOP700","0"
"0","{""id"":""analyst"",""name"":""Analyst""}","0","{""id"":""analyst_consensus"",""name"":""Standardized Analyst Consensus Forecasts""}","1","2026-07-01","1","Integer currency code for the measure, decoded to reporting currency by date","currency_type_interest_expense_annual12","2","GBR","{""id"":""analyst-analyst-estimates"",""name"":""Analyst Estimates""}","[]","VECTOR","TOP700","0"
"0","{""id"":""analyst"",""name"":""Analyst""}","0","{""id"":""analyst_consensus"",""name"":""Standardized Analyst Consensus Forecasts""}","1","2026-07-01","1","Integer currency code for the measure, decoded to the reporting currency by date","currency_type_parent_profit_annual12","2","GBR","{""id"":""analyst-analyst-estimates"",""name"":""Analyst Estimates""}","[]","VECTOR","TOP700","0"
"0","{""id"":""analyst"",""name"":""Analyst""}","0","{""id"":""analyst_consensus"",""name"":""Standardized Analyst Consensus Forecasts""}","1","2026-07-01","1","Number of analyst estimates used to form the consensus for Cash Flow from Financing","estimate_count_cashflowfinancing_annual12","2","GBR","{""id"":""analyst-analyst-estimates"",""name"":""Analyst Estimates""}","[]","VECTOR","TOP700","0"
"0","{""id"":""analyst"",""name"":""Analyst""}","0","{""id"":""analyst_consensus"",""name"":""Standardized Analyst Consensus Forecasts""}","1","2026-07-01","1","Number of analyst estimates used in the consensus for annual CFINVEST","estimate_count_cashflowinvesting_annual12","2","GBR","{""id"":""analyst-analyst-estimates"",""name"":""Analyst Estimates""}","[]","VECTOR","TOP700","0"
"0","{""id"":""analyst"",""name"":""Analyst""}","0","{""id"":""analyst_consensus"",""name"":""Standardized Analyst Consensus Forecasts""}","1","2026-07-01","1","Number of analyst estimates used to compute the consensus for the period","estimate_count_cfo_annual12","2","GBR","{""id"":""analyst-analyst-estimates"",""name"":""Analyst Estimates""}","[]","VECTOR","TOP700","0"
"0","{""id"":""analyst"",""name"":""Analyst""}","0","{""id"":""analyst_consensus"",""name"":""Standardized Analyst Consensus Forecasts""}","1","2026-07-01","1","Number of analyst estimates contributing to the annual COGS consensus","estimate_count_cogs_annual12_tribes","2","GBR","{""id"":""analyst-analyst-estimates"",""name"":""Analyst Estimates""}","[]","VECTOR","TOP700","0"
"0","{""id"":""analyst"",""name"":""Analyst""}","0","{""id"":""analyst_consensus"",""name"":""Standardized Analyst Consensus Forecasts""}","0.7755","2026-07-01","1","Number of analyst estimates used to compute the consensus for Current Assets","estimate_count_currentassets_annual12","2","GBR","{""id"":""analyst-analyst-estimates"",""name"":""Analyst Estimates""}","[]","VECTOR","TOP700","0"
"0","{""id"":""analyst"",""name"":""Analyst""}","0","{""id"":""analyst_consensus"",""name"":""Standardized Analyst Consensus Forecasts""}","0.7755","2026-07-01","1","Number of individual analyst estimates contributing to the consensus for annual current liabilities","estimate_count_currentliabilities_annual12","2","GBR","{""id"":""analyst-analyst-estimates"",""name"":""Analyst Estimates""}","[]","VECTOR","TOP700","0"
"0","{""id"":""analyst"",""name"":""Analyst""}","0","{""id"":""analyst_consensus"",""name"":""Standardized Analyst Consensus Forecasts""}","1","2026-07-01","1","Number of analyst BVPS estimates used in the consensus","estimate_count_current_period_bvps_annual12_tribes","2","GBR","{""id"":""analyst-analyst-estimates"",""name"":""Analyst Estimates""}","[]","VECTOR","TOP700","0"
"0","{""id"":""analyst"",""name"":""Analyst""}","0","{""id"":""analyst_consensus"",""name"":""Standardized Analyst Consensus Forecasts""}","1","2026-07-01","1","Number of analyst CAPEX forecasts contributing to the consensus in the current window","estimate_count_current_period_capex_annual12","2","GBR","{""id"":""analyst-analyst-estimates"",""name"":""Analyst Estimates""}","[]","VECTOR","TOP700","0"
"0","{""id"":""analyst"",""name"":""Analyst""}","0","{""id"":""analyst_consensus"",""name"":""Standardized Analyst Consensus Forecasts""}","1","2026-07-01","1","Number of analyst CFPS estimates used to compute the consensus for the period","estimate_count_current_period_cfps_annual12_2","2","GBR","{""id"":""analyst-analyst-estimates"",""name"":""Analyst Estimates""}","[]","VECTOR","TOP700","0"
"0","{""id"":""analyst"",""name"":""Analyst""}","0","{""id"":""analyst_consensus"",""name"":""Standardized Analyst Consensus Forecasts""}","1","2026-07-01","1","Number of contributing analyst estimates used in the consensus","estimate_count_current_period_depreciation_annual12","2","GBR","{""id"":""analyst-analyst-estimates"",""name"":""Analyst Estimates""}","[]","VECTOR","TOP700","0"
"0","{""id"":""analyst"",""name"":""Analyst""}","0","{""id"":""analyst_consensus"",""name"":""Standardized Analyst Consensus Forecasts""}","1","2026-07-01","1","Current number of DPS estimates in the consensus","estimate_count_current_period_dividend_annual12","2","GBR","{""id"":""analyst-analyst-estimates"",""name"":""Analyst Estimates""}","[]","VECTOR","TOP700","0"
"0","{""id"":""analyst"",""name"":""Analyst""}","0","{""id"":""analyst_consensus"",""name"":""Standardized Analyst Consensus Forecasts""}","1","2026-07-01","1","Number of analyst estimates contributing to the DPS consensus","estimate_count_current_period_dividend_annual12_2","2","GBR","{""id"":""analyst-analyst-estimates"",""name"":""Analyst Estimates""}","[]","VECTOR","TOP700","0"
"0","{""id"":""analyst"",""name"":""Analyst""}","0","{""id"":""analyst_consensus"",""name"":""Standardized Analyst Consensus Forecasts""}","1","2026-07-01","1","Number of analyst estimates used to compute the consensus for the quarterly EBITDA measure","estimate_count_current_period_ebitda_quarterly16","2","GBR","{""id"":""analyst-analyst-estimates"",""name"":""Analyst Estimates""}","[]","VECTOR","TOP700","0"
"0","{""id"":""analyst"",""name"":""Analyst""}","0","{""id"":""analyst_consensus"",""name"":""Standardized Analyst Consensus Forecasts""}","1","2026-07-01","1","Current number of analyst EBT estimates contributing to the consensus","estimate_count_current_period_ebt_annual12","2","GBR","{""id"":""analyst-analyst-estimates"",""name"":""Analyst Estimates""}","[]","VECTOR","TOP700","0"
"0","{""id"":""analyst"",""name"":""Analyst""}","0","{""id"":""analyst_consensus"",""name"":""Standardized Analyst Consensus Forecasts""}","1","2026-07-01","1","Number of analyst estimates used to compute the consensus","estimate_count_current_period_eps_quarterly16","2","GBR","{""id"":""analyst-analyst-estimates"",""name"":""Analyst Estimates""}","[]","VECTOR","TOP700","0"
"0","{""id"":""analyst"",""name"":""Analyst""}","0","{""id"":""analyst_consensus"",""name"":""Standardized Analyst Consensus Forecasts""}","1","2026-07-01","1","Current number of contributing analyst estimates for the GPS measure","estimate_count_current_period_gps","2","GBR","{""id"":""analyst-analyst-estimates"",""name"":""Analyst Estimates""}","[]","VECTOR","TOP700","0"
"0","{""id"":""analyst"",""name"":""Analyst""}","0","{""id"":""analyst_consensus"",""name"":""Standardized Analyst Consensus Forecasts""}","1","2026-07-01","1","Number of analysts contributing to the current annual NAV consensus","estimate_count_current_period_nav_annual12","2","GBR","{""id"":""analyst-analyst-estimates"",""name"":""Analyst Estimates""}","[]","VECTOR","TOP700","0"
"0","{""id"":""analyst"",""name"":""Analyst""}","0","{""id"":""analyst_consensus"",""name"":""Standardized Analyst Consensus Forecasts""}","1","2026-07-01","1","Number of contributing analyst estimates used to compute the consensus for each period","estimate_count_current_period_netprofitreported_annual12","2","GBR","{""id"":""analyst-analyst-estimates"",""name"":""Analyst Estimates""}","[]","VECTOR","TOP700","0"
"0","{""id"":""analyst"",""name"":""Analyst""}","0","{""id"":""analyst_consensus"",""name"":""Standardized Analyst Consensus Forecasts""}","1","2026-07-01","1","Current number of analyst estimates contributing to the annual PRE consensus","estimate_count_current_period_pretax_annual12","2","GBR","{""id"":""analyst-analyst-estimates"",""name"":""Analyst Estimates""}","[]","VECTOR","TOP700","0"
"0","{""id"":""analyst"",""name"":""Analyst""}","0","{""id"":""analyst_consensus"",""name"":""Standardized Analyst Consensus Forecasts""}","1","2026-07-01","1","Number of analyst estimates contributing to the current annual sales consensus","estimate_count_current_period_revenue_annual12","2","GBR","{""id"":""analyst-analyst-estimates"",""name"":""Analyst Estimates""}","[]","VECTOR","TOP700","0"
"0","{""id"":""analyst"",""name"":""Analyst""}","0","{""id"":""analyst_consensus"",""name"":""Standardized Analyst Consensus Forecasts""}","1","2026-07-01","1","Current number of analyst estimates contributing to ROE consensus","estimate_count_current_period_roe_annual12","2","GBR","{""id"":""analyst-analyst-estimates"",""name"":""Analyst Estimates""}","[]","VECTOR","TOP700","0"
"0","{""id"":""analyst"",""name"":""Analyst""}","0","{""id"":""analyst_consensus"",""name"":""Standardized Analyst Consensus Forecasts""}","1","2026-07-01","1","Number of contributing analyst ROE estimates used to compute the consensus","estimate_count_current_period_roe_annual12_tribes","2","GBR","{""id"":""analyst-analyst-estimates"",""name"":""Analyst Estimates""}","[]","VECTOR","TOP700","0"
"0","{""id"":""analyst"",""name"":""Analyst""}","0","{""id"":""analyst_consensus"",""name"":""Standardized Analyst Consensus Forecasts""}","1","2026-07-01","1","Number of contributing analyst estimates used to compute the consensus for shares outstanding","estimate_count_current_period_sharesoutstanding_annual12","2","GBR","{""id"":""analyst-analyst-estimates"",""name"":""Analyst Estimates""}","[]","VECTOR","TOP700","0"
"0","{""id"":""analyst"",""name"":""Analyst""}","0","{""id"":""analyst_consensus"",""name"":""Standardized Analyst Consensus Forecasts""}","1","2026-07-01","1","Number of analyst estimates used to compute the consensus for the SEQUITY measure","estimate_count_current_period_tangbookvalue_annual12_tribes","2","GBR","{""id"":""analyst-analyst-estimates"",""name"":""Analyst Estimates""}","[]","VECTOR","TOP700","0"
"0","{""id"":""analyst"",""name"":""Analyst""}","0","{""id"":""analyst_consensus"",""name"":""Standardized Analyst Consensus Forecasts""}","1","2026-07-01","1","Number of analyst target price estimates used in the consensus","estimate_count_current_period_targetprice_annual12_tribes","2","GBR","{""id"":""analyst-analyst-estimates"",""name"":""Analyst Estimates""}","[]","MATRIX","TOP700","0"
"0","{""id"":""analyst"",""name"":""Analyst""}","0","{""id"":""analyst_consensus"",""name"":""Standardized Analyst Consensus Forecasts""}","1","2026-07-01","1","Number of analyst estimates contributing to TAXRATE consensus","estimate_count_current_period_taxrate_annual12","2","GBR","{""id"":""analyst-analyst-estimates"",""name"":""Analyst Estimates""}","[]","VECTOR","TOP700","0"
"0","{""id"":""analyst"",""name"":""Analyst""}","0","{""id"":""analyst_consensus"",""name"":""Standardized Analyst Consensus Forecasts""}","0.1982","2026-07-01","1","Number of analyst estimates contributing to the consensus for annual total liabilities","estimate_count_current_period_totalliab_annual12_tribes","2","GBR","{""id"":""analyst-analyst-estimates"",""name"":""Analyst Estimates""}","[]","VECTOR","TOP700","0"
"0","{""id"":""analyst"",""name"":""Analyst""}","0","{""id"":""analyst_consensus"",""name"":""Standardized Analyst Consensus Forecasts""}","1","2026-07-01","1","Number of contributing analyst estimates used to compute the DEPAMORT consensus","estimate_count_depreciation_amortization_annual12","2","GBR","{""id"":""analyst-analyst-estimates"",""name"":""Analyst Estimates""}","[]","VECTOR","TOP700","0"
"0","{""id"":""analyst"",""name"":""Analyst""}","0","{""id"":""analyst_consensus"",""name"":""Standardized Analyst Consensus Forecasts""}","1","2026-07-01","1","Number of analyst estimates used to compute the total dividend consensus","estimate_count_dividend_annual12_tribes","2","GBR","{""id"":""analyst-analyst-estimates"",""name"":""Analyst Estimates""}","[]","VECTOR","TOP700","0"
"0","{""id"":""analyst"",""name"":""Analyst""}","0","{""id"":""analyst_consensus"",""name"":""Standardized Analyst Consensus Forecasts""}","1","2026-07-01","1","Number of analyst estimates contributing to the consensus","estimate_count_dps_quarterly16","2","GBR","{""id"":""analyst-analyst-estimates"",""name"":""Analyst Estimates""}","[]","VECTOR","TOP700","0"
"0","{""id"":""analyst"",""name"":""Analyst""}","0","{""id"":""analyst_consensus"",""name"":""Standardized Analyst Consensus Forecasts""}","1","2026-07-01","1","Number of contributing analyst estimates used to form the consensus for annual Reported EBITDA","estimate_count_ebitdarep_annual12","2","GBR","{""id"":""analyst-analyst-estimates"",""name"":""Analyst Estimates""}","[]","VECTOR","TOP700","0"
"0","{""id"":""analyst"",""name"":""Analyst""}","0","{""id"":""analyst_consensus"",""name"":""Standardized Analyst Consensus Forecasts""}","1","2026-07-01","1","Number of analyst estimates used to compute the EBITDA consensus","estimate_count_ebitda_annual12","2","GBR","{""id"":""analyst-analyst-estimates"",""name"":""Analyst Estimates""}","[]","VECTOR","TOP700","0"
"0","{""id"":""analyst"",""name"":""Analyst""}","0","{""id"":""analyst_consensus"",""name"":""Standardized Analyst Consensus Forecasts""}","1","2026-07-01","1","Number of contributing analyst estimates used to compute the annual EBIT consensus","estimate_count_ebit_annual12","2","GBR","{""id"":""analyst-analyst-estimates"",""name"":""Analyst Estimates""}","[]","VECTOR","TOP700","0"
"0","{""id"":""analyst"",""name"":""Analyst""}","0","{""id"":""analyst_consensus"",""name"":""Standardized Analyst Consensus Forecasts""}","1","2026-07-01","1","Current number of contributing analyst estimates for EBI","estimate_count_ebit_annual12_2","2","GBR","{""id"":""analyst-analyst-estimates"",""name"":""Analyst Estimates""}","[]","VECTOR","TOP700","0"
"0","{""id"":""analyst"",""name"":""Analyst""}","0","{""id"":""analyst_consensus"",""name"":""Standardized Analyst Consensus Forecasts""}","1","2026-07-01","1","Number of analyst EBIT estimates used to compute consensus","estimate_count_ebit_quarterly16_tribes","2","GBR","{""id"":""analyst-analyst-estimates"",""name"":""Analyst Estimates""}","[]","VECTOR","TOP700","0"
"0","{""id"":""analyst"",""name"":""Analyst""}","0","{""id"":""analyst_consensus"",""name"":""Standardized Analyst Consensus Forecasts""}","1","2026-07-01","1","Number of contributing analyst estimates used to compute the EV consensus","estimate_count_enterprisevalue_annual12","2","GBR","{""id"":""analyst-analyst-estimates"",""name"":""Analyst Estimates""}","[]","VECTOR","TOP700","0"
"0","{""id"":""analyst"",""name"":""Analyst""}","0","{""id"":""analyst_consensus"",""name"":""Standardized Analyst Consensus Forecasts""}","1","2026-07-01","1","Number of analyst estimates used to compute the consensus for EPSREP","estimate_count_epsreported_annual12","2","GBR","{""id"":""analyst-analyst-estimates"",""name"":""Analyst Estimates""}","[]","VECTOR","TOP700","0"
"0","{""id"":""analyst"",""name"":""Analyst""}","0","{""id"":""analyst_consensus"",""name"":""Standardized Analyst Consensus Forecasts""}","1","2026-07-01","1","Number of analyst estimates used to form the EPS consensus","estimate_count_eps_annual12","2","GBR","{""id"":""analyst-analyst-estimates"",""name"":""Analyst Estimates""}","[]","VECTOR","TOP700","0"
"0","{""id"":""analyst"",""name"":""Analyst""}","0","{""id"":""analyst_consensus"",""name"":""Standardized Analyst Consensus Forecasts""}","1","2026-07-01","1","Number of analyst EPS estimates used to form the consensus","estimate_count_eps_longterm","2","GBR","{""id"":""analyst-analyst-estimates"",""name"":""Analyst Estimates""}","[]","MATRIX","TOP700","0"
"0","{""id"":""analyst"",""name"":""Analyst""}","0","{""id"":""analyst_consensus"",""name"":""Standardized Analyst Consensus Forecasts""}","1","2026-07-01","1","Number of contributing analyst estimates used to compute the FCFPS consensus","estimate_count_fcfps_annual12","2","GBR","{""id"":""analyst-analyst-estimates"",""name"":""Analyst Estimates""}","[]","VECTOR","TOP700","0"
"0","{""id"":""analyst"",""name"":""Analyst""}","0","{""id"":""analyst_consensus"",""name"":""Standardized Analyst Consensus Forecasts""}","1","2026-07-01","1","Number of analyst estimates contributing to the consensus for annual FCF","estimate_count_fcf_annual12","2","GBR","{""id"":""analyst-analyst-estimates"",""name"":""Analyst Estimates""}","[]","VECTOR","TOP700","0"
"0","{""id"":""analyst"",""name"":""Analyst""}","0","{""id"":""analyst_consensus"",""name"":""Standardized Analyst Consensus Forecasts""}","1","2026-07-01","1","Number of flash DPS estimates used in consensus","estimate_count_flash_period_dividend_annual12","2","GBR","{""id"":""analyst-analyst-estimates"",""name"":""Analyst Estimates""}","[]","VECTOR","TOP700","0"
"0","{""id"":""analyst"",""name"":""Analyst""}","0","{""id"":""analyst_consensus"",""name"":""Standardized Analyst Consensus Forecasts""}","1","2026-07-01","1","Number of analyst estimates in the flash snapshot for annual EBI","estimate_count_flash_period_ebit_annual12_2","2","GBR","{""id"":""analyst-analyst-estimates"",""name"":""Analyst Estimates""}","[]","VECTOR","TOP700","0"
"0","{""id"":""analyst"",""name"":""Analyst""}","0","{""id"":""analyst_consensus"",""name"":""Standardized Analyst Consensus Forecasts""}","1","2026-07-01","1","Number of flash analyst estimates for annual Earnings Before Taxes (EBT)","estimate_count_flash_period_ebt_annual12","2","GBR","{""id"":""analyst-analyst-estimates"",""name"":""Analyst Estimates""}","[]","VECTOR","TOP700","0"
"0","{""id"":""analyst"",""name"":""Analyst""}","0","{""id"":""analyst_consensus"",""name"":""Standardized Analyst Consensus Forecasts""}","1","2026-07-01","1","Number of flash annual NAV estimates","estimate_count_flash_period_nav_annual12","2","GBR","{""id"":""analyst-analyst-estimates"",""name"":""Analyst Estimates""}","[]","VECTOR","TOP700","0"
"0","{""id"":""analyst"",""name"":""Analyst""}","0","{""id"":""analyst_consensus"",""name"":""Standardized Analyst Consensus Forecasts""}","1","2026-07-01","1","Number of flash (intra-day) analyst estimates contributing to the annual PRE consensus","estimate_count_flash_period_pretax_annual12","2","GBR","{""id"":""analyst-analyst-estimates"",""name"":""Analyst Estimates""}","[]","VECTOR","TOP700","0"
"0","{""id"":""analyst"",""name"":""Analyst""}","0","{""id"":""analyst_consensus"",""name"":""Standardized Analyst Consensus Forecasts""}","1","2026-07-01","1","Number of flash PRR estimates currently in the consensus window","estimate_count_flash_period_pretax_reported_annual12","2","GBR","{""id"":""analyst-analyst-estimates"",""name"":""Analyst Estimates""}","[]","VECTOR","TOP700","0"
"0","{""id"":""analyst"",""name"":""Analyst""}","0","{""id"":""analyst_consensus"",""name"":""Standardized Analyst Consensus Forecasts""}","1","2026-07-01","1","Number of flash (intra-period) analyst estimates for the NER measure","estimate_count_flash_period_reportednet_annual12_2","2","GBR","{""id"":""analyst-analyst-estimates"",""name"":""Analyst Estimates""}","[]","VECTOR","TOP700","0"
"0","{""id"":""analyst"",""name"":""Analyst""}","0","{""id"":""analyst_consensus"",""name"":""Standardized Analyst Consensus Forecasts""}","1","2026-07-01","1","Number of analyst Sales flash estimates in the flash snapshot","estimate_count_flash_period_revenue_annual12","2","GBR","{""id"":""analyst-analyst-estimates"",""name"":""Analyst Estimates""}","[]","VECTOR","TOP700","0"
"0","{""id"":""analyst"",""name"":""Analyst""}","0","{""id"":""analyst_consensus"",""name"":""Standardized Analyst Consensus Forecasts""}","1","2026-07-01","1","Number of analyst flash estimates contributing to ROE consensus","estimate_count_flash_period_roe_annual12","2","GBR","{""id"":""analyst-analyst-estimates"",""name"":""Analyst Estimates""}","[]","VECTOR","TOP700","0"
"0","{""id"":""analyst"",""name"":""Analyst""}","0","{""id"":""analyst_consensus"",""name"":""Standardized Analyst Consensus Forecasts""}","1","2026-07-01","1","Number of analyst estimates for annual DPS as of 4 weeks ago","estimate_count_four_weeks_prior_dividend_annual12","2","GBR","{""id"":""analyst-analyst-estimates"",""name"":""Analyst Estimates""}","[]","VECTOR","TOP700","0"
"0","{""id"":""analyst"",""name"":""Analyst""}","0","{""id"":""analyst_consensus"",""name"":""Standardized Analyst Consensus Forecasts""}","1","2026-07-01","1","Number of analyst estimates contributing to EBI consensus four weeks ago","estimate_count_four_weeks_prior_ebit_annual12_2","2","GBR","{""id"":""analyst-analyst-estimates"",""name"":""Analyst Estimates""}","[]","VECTOR","TOP700","0"
"0","{""id"":""analyst"",""name"":""Analyst""}","0","{""id"":""analyst_consensus"",""name"":""Standardized Analyst Consensus Forecasts""}","1","2026-07-01","1","Number of analyst EBT estimates four weeks ago","estimate_count_four_weeks_prior_ebt_annual12","2","GBR","{""id"":""analyst-analyst-estimates"",""name"":""Analyst Estimates""}","[]","VECTOR","TOP700","0"
"0","{""id"":""analyst"",""name"":""Analyst""}","0","{""id"":""analyst_consensus"",""name"":""Standardized Analyst Consensus Forecasts""}","1","2026-07-01","1","Number of contributing analyst estimates for the GPS measure as of 4 weeks ago","estimate_count_four_weeks_prior_gps","2","GBR","{""id"":""analyst-analyst-estimates"",""name"":""Analyst Estimates""}","[]","VECTOR","TOP700","0"
"0","{""id"":""analyst"",""name"":""Analyst""}","0","{""id"":""analyst_consensus"",""name"":""Standardized Analyst Consensus Forecasts""}","1","2026-07-01","1","Number of annual NAV estimates in the consensus four weeks ago","estimate_count_four_weeks_prior_nav_annual12","2","GBR","{""id"":""analyst-analyst-estimates"",""name"":""Analyst Estimates""}","[]","VECTOR","TOP700","0"
"0","{""id"":""analyst"",""name"":""Analyst""}","0","{""id"":""analyst_consensus"",""name"":""Standardized Analyst Consensus Forecasts""}","1","2026-07-01","1","Number of analyst estimates in the NET consensus four weeks ago","estimate_count_four_weeks_prior_net2","2","GBR","{""id"":""analyst-analyst-estimates"",""name"":""Analyst Estimates""}","[]","VECTOR","TOP700","0"
"0","{""id"":""analyst"",""name"":""Analyst""}","0","{""id"":""analyst_consensus"",""name"":""Standardized Analyst Consensus Forecasts""}","1","2026-07-01","1","Number of analyst estimates contributing to the PRE consensus four weeks ago","estimate_count_four_weeks_prior_pretax_annual12","2","GBR","{""id"":""analyst-analyst-estimates"",""name"":""Analyst Estimates""}","[]","VECTOR","TOP700","0"
"0","{""id"":""analyst"",""name"":""Analyst""}","0","{""id"":""analyst_consensus"",""name"":""Standardized Analyst Consensus Forecasts""}","1","2026-07-01","1","Number of PRR estimates (analyst contributions) four weeks ago","estimate_count_four_weeks_prior_pretax_reported_annual12","2","GBR","{""id"":""analyst-analyst-estimates"",""name"":""Analyst Estimates""}","[]","VECTOR","TOP700","0"
"0","{""id"":""analyst"",""name"":""Analyst""}","0","{""id"":""analyst_consensus"",""name"":""Standardized Analyst Consensus Forecasts""}","1","2026-07-01","1","Number of analyst estimates contributing to the consensus 4 weeks ago for the NER measure","estimate_count_four_weeks_prior_reportednet_annual12_2","2","GBR","{""id"":""analyst-analyst-estimates"",""name"":""Analyst Estimates""}","[]","VECTOR","TOP700","0"
"0","{""id"":""analyst"",""name"":""Analyst""}","0","{""id"":""analyst_consensus"",""name"":""Standardized Analyst Consensus Forecasts""}","1","2026-07-01","1","Number of Sales estimates in the consensus four weeks ago","estimate_count_four_weeks_prior_revenue_annual12","2","GBR","{""id"":""analyst-analyst-estimates"",""name"":""Analyst Estimates""}","[]","VECTOR","TOP700","0"
"0","{""id"":""analyst"",""name"":""Analyst""}","0","{""id"":""analyst_consensus"",""name"":""Standardized Analyst Consensus Forecasts""}","1","2026-07-01","1","Number of analyst estimates for annual ROE as of four weeks ago","estimate_count_four_weeks_prior_roe_annual12","2","GBR","{""id"":""analyst-analyst-estimates"",""name"":""Analyst Estimates""}","[]","VECTOR","TOP700","0"
"0","{""id"":""analyst"",""name"":""Analyst""}","0","{""id"":""analyst_consensus"",""name"":""Standardized Analyst Consensus Forecasts""}","1","2026-07-01","1","Number of analyst estimates used to compute the consensus","estimate_count_fullyreported_quarterly16_tribes","2","GBR","{""id"":""analyst-analyst-estimates"",""name"":""Analyst Estimates""}","[]","VECTOR","TOP700","0"
"0","{""id"":""analyst"",""name"":""Analyst""}","0","{""id"":""analyst_consensus"",""name"":""Standardized Analyst Consensus Forecasts""}","1","2026-07-01","1","Number of analyst estimates contributing to the consensus","estimate_count_goodwill_annual12","2","GBR","{""id"":""analyst-analyst-estimates"",""name"":""Analyst Estimates""}","[]","VECTOR","TOP700","0"
"0","{""id"":""analyst"",""name"":""Analyst""}","0","{""id"":""analyst_consensus"",""name"":""Standardized Analyst Consensus Forecasts""}","1","2026-07-01","1","Number of analyst estimates contributing to the consensus for the period","estimate_count_grossmargin_annual12_tribes","2","GBR","{""id"":""analyst-analyst-estimates"",""name"":""Analyst Estimates""}","[]","VECTOR","TOP700","0"
"0","{""id"":""analyst"",""name"":""Analyst""}","0","{""id"":""analyst_consensus"",""name"":""Standardized Analyst Consensus Forecasts""}","1","2026-07-01","1","Number of analyst estimates used to compute the consensus for annual Interest Expense","estimate_count_interest_expense_annual12","2","GBR","{""id"":""analyst-analyst-estimates"",""name"":""Analyst Estimates""}","[]","VECTOR","TOP700","0"
"0","{""id"":""analyst"",""name"":""Analyst""}","0","{""id"":""analyst_consensus"",""name"":""Standardized Analyst Consensus Forecasts""}","1","2026-07-01","1","Number of contributing analyst estimates used in the INVENTORY consensus for the period","estimate_count_inventory_annual12","2","GBR","{""id"":""analyst-analyst-estimates"",""name"":""Analyst Estimates""}","[]","VECTOR","TOP700","0"
"0","{""id"":""analyst"",""name"":""Analyst""}","0","{""id"":""analyst_consensus"",""name"":""Standardized Analyst Consensus Forecasts""}","0.8193","2026-07-01","1","Number of contributing analyst estimates used to compute the consensus","estimate_count_marketable_securities_annual12","2","GBR","{""id"":""analyst-analyst-estimates"",""name"":""Analyst Estimates""}","[]","VECTOR","TOP700","0"
"0","{""id"":""analyst"",""name"":""Analyst""}","0","{""id"":""analyst_consensus"",""name"":""Standardized Analyst Consensus Forecasts""}","1","2026-07-01","1","Number of analyst estimates contributing to the consensus","estimate_count_nav_annual12_tribes","2","GBR","{""id"":""analyst-analyst-estimates"",""name"":""Analyst Estimates""}","[]","VECTOR","TOP700","0"
"0","{""id"":""analyst"",""name"":""Analyst""}","0","{""id"":""analyst_consensus"",""name"":""Standardized Analyst Consensus Forecasts""}","1","2026-07-01","1","Number of analyst estimates contributing to the current NET consensus","estimate_count_net2","2","GBR","{""id"":""analyst-analyst-estimates"",""name"":""Analyst Estimates""}","[]","VECTOR","TOP700","0"
"0","{""id"":""analyst"",""name"":""Analyst""}","0","{""id"":""analyst_consensus"",""name"":""Standardized Analyst Consensus Forecasts""}","1","2026-07-01","1","Number of contributing analyst estimates used to compute the consensus","estimate_count_netdebt_annual12_2","2","GBR","{""id"":""analyst-analyst-estimates"",""name"":""Analyst Estimates""}","[]","VECTOR","TOP700","0"
"0","{""id"":""analyst"",""name"":""Analyst""}","0","{""id"":""analyst_consensus"",""name"":""Standardized Analyst Consensus Forecasts""}","1","2026-07-01","1","Number of analyst estimates contributing to the annual Net Profit consensus for the period","estimate_count_netprofit_annual12","2","GBR","{""id"":""analyst-analyst-estimates"",""name"":""Analyst Estimates""}","[]","VECTOR","TOP700","0"
"0","{""id"":""analyst"",""name"":""Analyst""}","0","{""id"":""analyst_consensus"",""name"":""Standardized Analyst Consensus Forecasts""}","1","2026-07-01","1","Number of analyst estimates included in the consensus for quarterly net profit","estimate_count_netprofit_quarterly16","2","GBR","{""id"":""analyst-analyst-estimates"",""name"":""Analyst Estimates""}","[]","VECTOR","TOP700","0"
"0","{""id"":""analyst"",""name"":""Analyst""}","0","{""id"":""analyst_consensus"",""name"":""Standardized Analyst Consensus Forecasts""}","1","2026-07-01","1","Number of analyst estimates used to compute the consensus for reported net profit","estimate_count_netprofit_reported_quarterly16","2","GBR","{""id"":""analyst-analyst-estimates"",""name"":""Analyst Estimates""}","[]","VECTOR","TOP700","0"
"0","{""id"":""analyst"",""name"":""Analyst""}","0","{""id"":""analyst_consensus"",""name"":""Standardized Analyst Consensus Forecasts""}","1","2026-07-01","1","Number of analyst estimates contributing to the annual operating expenses consensus","estimate_count_operatingexpense_annual12","2","GBR","{""id"":""analyst-analyst-estimates"",""name"":""Analyst Estimates""}","[]","VECTOR","TOP700","0"
"0","{""id"":""analyst"",""name"":""Analyst""}","0","{""id"":""analyst_consensus"",""name"":""Standardized Analyst Consensus Forecasts""}","1","2026-07-01","1","Number of contributing analyst estimates used to form the consensus","estimate_count_pretax_annual12_2","2","GBR","{""id"":""analyst-analyst-estimates"",""name"":""Analyst Estimates""}","[]","VECTOR","TOP700","0"
"0","{""id"":""analyst"",""name"":""Analyst""}","0","{""id"":""analyst_consensus"",""name"":""Standardized Analyst Consensus Forecasts""}","1","2026-07-01","1","Number of contributing analyst estimates used to compute the pre-tax profit consensus for the period","estimate_count_pretax_quarterly16_tribes","2","GBR","{""id"":""analyst-analyst-estimates"",""name"":""Analyst Estimates""}","[]","VECTOR","TOP700","0"
"0","{""id"":""analyst"",""name"":""Analyst""}","0","{""id"":""analyst_consensus"",""name"":""Standardized Analyst Consensus Forecasts""}","1","2026-07-01","1","Current number of analyst estimates contributing to the PRR consensus","estimate_count_pretax_reported_annual12","2","GBR","{""id"":""analyst-analyst-estimates"",""name"":""Analyst Estimates""}","[]","VECTOR","TOP700","0"
"0","{""id"":""analyst"",""name"":""Analyst""}","0","{""id"":""analyst_consensus"",""name"":""Standardized Analyst Consensus Forecasts""}","1","2026-07-01","1","Number of contributing analyst estimates used to form the consensus","estimate_count_pretax_reported_annual12_tribes","2","GBR","{""id"":""analyst-analyst-estimates"",""name"":""Analyst Estimates""}","[]","VECTOR","TOP700","0"
"0","{""id"":""analyst"",""name"":""Analyst""}","0","{""id"":""analyst_consensus"",""name"":""Standardized Analyst Consensus Forecasts""}","1","2026-07-01","1","Number of analyst estimates contributing to the consensus for PPROFITREP","estimate_count_pretax_reported_quarterly16","2","GBR","{""id"":""analyst-analyst-estimates"",""name"":""Analyst Estimates""}","[]","VECTOR","TOP700","0"
"0","{""id"":""analyst"",""name"":""Analyst""}","0","{""id"":""analyst_consensus"",""name"":""Standardized Analyst Consensus Forecasts""}","1","2026-07-01","1","Number of flash analyst estimates for the GPS measure","estimate_count_recent_gps","2","GBR","{""id"":""analyst-analyst-estimates"",""name"":""Analyst Estimates""}","[]","VECTOR","TOP700","0"
"0","{""id"":""analyst"",""name"":""Analyst""}","0","{""id"":""analyst_consensus"",""name"":""Standardized Analyst Consensus Forecasts""}","1","2026-07-01","1","Number of analyst estimates in the NET flash snapshot","estimate_count_recent_net2","2","GBR","{""id"":""analyst-analyst-estimates"",""name"":""Analyst Estimates""}","[]","VECTOR","TOP700","0"
"0","{""id"":""analyst"",""name"":""Analyst""}","0","{""id"":""analyst_consensus"",""name"":""Standardized Analyst Consensus Forecasts""}","1","2026-07-01","1","Current number of analyst estimates in the consensus for the annual NER measure","estimate_count_reportednet_annual12_2","2","GBR","{""id"":""analyst-analyst-estimates"",""name"":""Analyst Estimates""}","[]","VECTOR","TOP700","0"
"0","{""id"":""analyst"",""name"":""Analyst""}","0","{""id"":""analyst_consensus"",""name"":""Standardized Analyst Consensus Forecasts""}","1","2026-07-01","1","Number of analyst estimates contributing to the ROC consensus","estimate_count_return_on_capital_annual12","2","GBR","{""id"":""analyst-analyst-estimates"",""name"":""Analyst Estimates""}","[]","VECTOR","TOP700","0"
"0","{""id"":""analyst"",""name"":""Analyst""}","0","{""id"":""analyst_consensus"",""name"":""Standardized Analyst Consensus Forecasts""}","1","2026-07-01","1","Number of analyst estimates contributing to the annual revenue consensus","estimate_count_revenue_annual12","2","GBR","{""id"":""analyst-analyst-estimates"",""name"":""Analyst Estimates""}","[]","VECTOR","TOP700","0"
"0","{""id"":""analyst"",""name"":""Analyst""}","0","{""id"":""analyst_consensus"",""name"":""Standardized Analyst Consensus Forecasts""}","1","2026-07-01","1","Number of analyst estimates used to compute the consensus for quarterly revenue","estimate_count_revenue_quarterly16","2","GBR","{""id"":""analyst-analyst-estimates"",""name"":""Analyst Estimates""}","[]","VECTOR","TOP700","0"
"0","{""id"":""analyst"",""name"":""Analyst""}","0","{""id"":""analyst_consensus"",""name"":""Standardized Analyst Consensus Forecasts""}","1","2026-07-01","1","Number of analyst estimates contributing to the ROA consensus","estimate_count_roe_annual12_tribes","2","GBR","{""id"":""analyst-analyst-estimates"",""name"":""Analyst Estimates""}","[]","VECTOR","TOP700","0"
"0","{""id"":""analyst"",""name"":""Analyst""}","0","{""id"":""analyst_consensus"",""name"":""Standardized Analyst Consensus Forecasts""}","1","2026-07-01","1","Number of analyst estimates contributing to the consensus for annual Tax Provision","estimate_count_taxprovision_annual12_tribes","2","GBR","{""id"":""analyst-analyst-estimates"",""name"":""Analyst Estimates""}","[]","VECTOR","TOP700","0"
"0","{""id"":""analyst"",""name"":""Analyst""}","0","{""id"":""analyst_consensus"",""name"":""Standardized Analyst Consensus Forecasts""}","1","2026-07-01","1","Number of contributing analyst estimates used to compute the consensus for the period","estimate_count_tax_provision_quarterly16","2","GBR","{""id"":""analyst-analyst-estimates"",""name"":""Analyst Estimates""}","[]","VECTOR","TOP700","0"
"0","{""id"":""analyst"",""name"":""Analyst""}","0","{""id"":""analyst_consensus"",""name"":""Standardized Analyst Consensus Forecasts""}","1","2026-07-01","1","Number of DPS estimates three months ago (vendor overlay)","estimate_count_three_months_prior_dividend_annual12","2","GBR","{""id"":""analyst-analyst-estimates"",""name"":""Analyst Estimates""}","[]","VECTOR","TOP700","0"
"0","{""id"":""analyst"",""name"":""Analyst""}","0","{""id"":""analyst_consensus"",""name"":""Standardized Analyst Consensus Forecasts""}","1","2026-07-01","1","Number of analyst estimates contributing to EBI consensus three months ago","estimate_count_three_months_prior_ebit_annual12_2","2","GBR","{""id"":""analyst-analyst-estimates"",""name"":""Analyst Estimates""}","[]","VECTOR","TOP700","0"
"0","{""id"":""analyst"",""name"":""Analyst""}","0","{""id"":""analyst_consensus"",""name"":""Standardized Analyst Consensus Forecasts""}","1","2026-07-01","1","Number of analyst EBT estimates three months ago","estimate_count_three_months_prior_ebt_annual12_2","2","GBR","{""id"":""analyst-analyst-estimates"",""name"":""Analyst Estimates""}","[]","VECTOR","TOP700","0"
"0","{""id"":""analyst"",""name"":""Analyst""}","0","{""id"":""analyst_consensus"",""name"":""Standardized Analyst Consensus Forecasts""}","1","2026-07-01","1","Number of contributing analyst estimates for the GPS measure as of 3 months ago","estimate_count_three_months_prior_gps","2","GBR","{""id"":""analyst-analyst-estimates"",""name"":""Analyst Estimates""}","[]","VECTOR","TOP700","0"
"0","{""id"":""analyst"",""name"":""Analyst""}","0","{""id"":""analyst_consensus"",""name"":""Standardized Analyst Consensus Forecasts""}","1","2026-07-01","1","Number of annual NAV estimates in the consensus three months ago","estimate_count_three_months_prior_nav_annual12","2","GBR","{""id"":""analyst-analyst-estimates"",""name"":""Analyst Estimates""}","[]","VECTOR","TOP700","0"
"0","{""id"":""analyst"",""name"":""Analyst""}","0","{""id"":""analyst_consensus"",""name"":""Standardized Analyst Consensus Forecasts""}","1","2026-07-01","1","Number of analyst estimates in the NET consensus three months ago","estimate_count_three_months_prior_net2","2","GBR","{""id"":""analyst-analyst-estimates"",""name"":""Analyst Estimates""}","[]","VECTOR","TOP700","0"
"0","{""id"":""analyst"",""name"":""Analyst""}","0","{""id"":""analyst_consensus"",""name"":""Standardized Analyst Consensus Forecasts""}","1","2026-07-01","1","Number of analyst estimates in the PRE consensus three months ago","estimate_count_three_months_prior_pretax_annual12","2","GBR","{""id"":""analyst-analyst-estimates"",""name"":""Analyst Estimates""}","[]","VECTOR","TOP700","0"
"0","{""id"":""analyst"",""name"":""Analyst""}","0","{""id"":""analyst_consensus"",""name"":""Standardized Analyst Consensus Forecasts""}","1","2026-07-01","1","Number of PRR estimates (analyst contributions) three months ago","estimate_count_three_months_prior_pretax_reported_annual12","2","GBR","{""id"":""analyst-analyst-estimates"",""name"":""Analyst Estimates""}","[]","VECTOR","TOP700","0"
"0","{""id"":""analyst"",""name"":""Analyst""}","0","{""id"":""analyst_consensus"",""name"":""Standardized Analyst Consensus Forecasts""}","1","2026-07-01","1","Number of analyst estimates contributing to the consensus 3 months ago for the NER measure","estimate_count_three_months_prior_reportednet_annual12_2","2","GBR","{""id"":""analyst-analyst-estimates"",""name"":""Analyst Estimates""}","[]","VECTOR","TOP700","0"
"0","{""id"":""analyst"",""name"":""Analyst""}","0","{""id"":""analyst_consensus"",""name"":""Standardized Analyst Consensus Forecasts""}","1","2026-07-01","1","Number of Sales estimates in the consensus three months ago","estimate_count_three_months_prior_revenue_annual12","2","GBR","{""id"":""analyst-analyst-estimates"",""name"":""Analyst Estimates""}","[]","VECTOR","TOP700","0"
"0","{""id"":""analyst"",""name"":""Analyst""}","0","{""id"":""analyst_consensus"",""name"":""Standardized Analyst Consensus Forecasts""}","1","2026-07-01","1","Number of analyst estimates for annual ROE as of three months ago","estimate_count_three_months_prior_roe_annual12","2","GBR","{""id"":""analyst-analyst-estimates"",""name"":""Analyst Estimates""}","[]","VECTOR","TOP700","0"
"0","{""id"":""analyst"",""name"":""Analyst""}","0","{""id"":""analyst_consensus"",""name"":""Standardized Analyst Consensus Forecasts""}","1","2026-07-01","1","Number of contributing analyst estimates used to compute the consensus","estimate_count_total_assets_annual12","2","GBR","{""id"":""analyst-analyst-estimates"",""name"":""Analyst Estimates""}","[]","VECTOR","TOP700","0"
"0","{""id"":""analyst"",""name"":""Analyst""}","0","{""id"":""analyst_consensus"",""name"":""Standardized Analyst Consensus Forecasts""}","1","2026-07-01","1","Integer currency code for the reporting or estimate units","estimate_currency_code_bvps_annual12_tribes","2","GBR","{""id"":""analyst-analyst-estimates"",""name"":""Analyst Estimates""}","[]","VECTOR","TOP700","0"
"0","{""id"":""analyst"",""name"":""Analyst""}","0","{""id"":""analyst_consensus"",""name"":""Standardized Analyst Consensus Forecasts""}","1","2026-07-01","1","Integer code for the report currency of the measure values","estimate_currency_code_cashflowinvesting_annual12","2","GBR","{""id"":""analyst-analyst-estimates"",""name"":""Analyst Estimates""}","[]","VECTOR","TOP700","0"
"0","{""id"":""analyst"",""name"":""Analyst""}","0","{""id"":""analyst_consensus"",""name"":""Standardized Analyst Consensus Forecasts""}","1","2026-07-01","1","Integer currency code for the CFPS measure/estimates (decode to report currency by date)","estimate_currency_code_cfps_annual12_2","2","GBR","{""id"":""analyst-analyst-estimates"",""name"":""Analyst Estimates""}","[]","VECTOR","TOP700","0"
"0","{""id"":""analyst"",""name"":""Analyst""}","0","{""id"":""analyst_consensus"",""name"":""Standardized Analyst Consensus Forecasts""}","1","2026-07-01","1","Integer code identifying the reporting currency for the COGS measure","estimate_currency_code_cogs_annual12_tribes","2","GBR","{""id"":""analyst-analyst-estimates"",""name"":""Analyst Estimates""}","[]","VECTOR","TOP700","0"
"0","{""id"":""analyst"",""name"":""Analyst""}","0","{""id"":""analyst_consensus"",""name"":""Standardized Analyst Consensus Forecasts""}","1","2026-07-01","1","Integer currency code for the reporting/estimate units","estimate_currency_code_depreciation_annual12","2","GBR","{""id"":""analyst-analyst-estimates"",""name"":""Analyst Estimates""}","[]","VECTOR","TOP700","0"
"0","{""id"":""analyst"",""name"":""Analyst""}","0","{""id"":""analyst_consensus"",""name"":""Standardized Analyst Consensus Forecasts""}","1","2026-07-01","1","Integer currency code for the measure units, decoded by date","estimate_currency_code_dividend_annual12_tribes","2","GBR","{""id"":""analyst-analyst-estimates"",""name"":""Analyst Estimates""}","[]","VECTOR","TOP700","0"
"0","{""id"":""analyst"",""name"":""Analyst""}","0","{""id"":""analyst_consensus"",""name"":""Standardized Analyst Consensus Forecasts""}","1","2026-07-01","1","Currency code in which the EBITDA estimate or actual is reported for the quarterly period.","estimate_currency_code_ebitda_quarterly16","2","GBR","{""id"":""analyst-analyst-estimates"",""name"":""Analyst Estimates""}","[]","VECTOR","TOP700","0"
"0","{""id"":""analyst"",""name"":""Analyst""}","0","{""id"":""analyst_consensus"",""name"":""Standardized Analyst Consensus Forecasts""}","1","2026-07-01","1","Integer currency code for the inventory measure, decoded by date to the reporting currency","estimate_currency_code_inventory_annual12","2","GBR","{""id"":""analyst-analyst-estimates"",""name"":""Analyst Estimates""}","[]","VECTOR","TOP700","0"
"0","{""id"":""analyst"",""name"":""Analyst""}","0","{""id"":""analyst_consensus"",""name"":""Standardized Analyst Consensus Forecasts""}","0.8193","2026-07-01","1","Currency code in which annual marketable securities are reported.","estimate_currency_code_marketable_securities_annual12","2","GBR","{""id"":""analyst-analyst-estimates"",""name"":""Analyst Estimates""}","[]","VECTOR","TOP700","0"
"0","{""id"":""analyst"",""name"":""Analyst""}","0","{""id"":""analyst_consensus"",""name"":""Standardized Analyst Consensus Forecasts""}","1","2026-07-01","1","Currency code in which the operating expense estimate or actual is reported for the annual period.","estimate_currency_code_operatingexpense_annual12","2","GBR","{""id"":""analyst-analyst-estimates"",""name"":""Analyst Estimates""}","[]","VECTOR","TOP700","0"
"0","{""id"":""analyst"",""name"":""Analyst""}","0","{""id"":""analyst_consensus"",""name"":""Standardized Analyst Consensus Forecasts""}","1","2026-07-01","1","Integer currency code referencing the reporting currency for the PPROFIT measure","estimate_currency_code_pretax_quarterly16_tribes","2","GBR","{""id"":""analyst-analyst-estimates"",""name"":""Analyst Estimates""}","[]","VECTOR","TOP700","0"
"0","{""id"":""analyst"",""name"":""Analyst""}","0","{""id"":""analyst_consensus"",""name"":""Standardized Analyst Consensus Forecasts""}","1","2026-07-01","1","Integer currency code for the measure/report, decoded per date","estimate_currency_code_pretax_reported_annual12_tribes","2","GBR","{""id"":""analyst-analyst-estimates"",""name"":""Analyst Estimates""}","[]","VECTOR","TOP700","0"
"0","{""id"":""analyst"",""name"":""Analyst""}","0","{""id"":""analyst_consensus"",""name"":""Standardized Analyst Consensus Forecasts""}","1","2026-07-01","1","Integer code for the reporting currency of the sales measure (decoded by a lookup table)","estimate_currency_code_revenue_annual12","2","GBR","{""id"":""analyst-analyst-estimates"",""name"":""Analyst Estimates""}","[]","VECTOR","TOP700","0"
"0","{""id"":""analyst"",""name"":""Analyst""}","0","{""id"":""analyst_consensus"",""name"":""Standardized Analyst Consensus Forecasts""}","1","2026-07-01","1","Integer code for the reporting currency of the measure (decoded by date)","estimate_currency_code_revenue_annual12_tribes","2","GBR","{""id"":""analyst-analyst-estimates"",""name"":""Analyst Estimates""}","[]","VECTOR","TOP700","0"
"0","{""id"":""analyst"",""name"":""Analyst""}","0","{""id"":""analyst_consensus"",""name"":""Standardized Analyst Consensus Forecasts""}","1","2026-07-01","1","Integer currency code for the reporting currency, decoded by report date","estimate_currency_code_tangbookvalue_annual12_tribes","2","GBR","{""id"":""analyst-analyst-estimates"",""name"":""Analyst Estimates""}","[]","VECTOR","TOP700","0"
"0","{""id"":""analyst"",""name"":""Analyst""}","0","{""id"":""analyst_consensus"",""name"":""Standardized Analyst Consensus Forecasts""}","1","2026-07-01","1","Currency code/identifier associated with the target price estimates","estimate_currency_code_targetprice_annual12_tribes","2","GBR","{""id"":""analyst-analyst-estimates"",""name"":""Analyst Estimates""}","[]","MATRIX","TOP700","0"
"0","{""id"":""analyst"",""name"":""Analyst""}","0","{""id"":""analyst_consensus"",""name"":""Standardized Analyst Consensus Forecasts""}","1","2026-07-01","1","Integer currency code for the tax provision measure, decoded by date to the report currency","estimate_currency_code_taxprovision_annual12_tribes","2","GBR","{""id"":""analyst-analyst-estimates"",""name"":""Analyst Estimates""}","[]","VECTOR","TOP700","0"
"0","{""id"":""analyst"",""name"":""Analyst""}","0","{""id"":""analyst_consensus"",""name"":""Standardized Analyst Consensus Forecasts""}","0.1982","2026-07-01","1","Currency code in which total liabilities is reported for the annual period.","estimate_currency_code_totalliab_annual12_tribes","2","GBR","{""id"":""analyst-analyst-estimates"",""name"":""Analyst Estimates""}","[]","VECTOR","TOP700","0"
"0","{""id"":""analyst"",""name"":""Analyst""}","0","{""id"":""analyst_consensus"",""name"":""Standardized Analyst Consensus Forecasts""}","1","2026-07-01","1","Currency code in which annual total assets are reported.","estimate_currency_code_total_assets_annual12","2","GBR","{""id"":""analyst-analyst-estimates"",""name"":""Analyst Estimates""}","[]","VECTOR","TOP700","0"
"0","{""id"":""analyst"",""name"":""Analyst""}","0","{""id"":""analyst_consensus"",""name"":""Standardized Analyst Consensus Forecasts""}","1","2026-07-01","1","Standard deviation of analyst Gross Income estimates, adjusted for currency/regime","estimate_stddev_fxadj_gross_income","2","GBR","{""id"":""analyst-analyst-estimates"",""name"":""Analyst Estimates""}","[]","VECTOR","TOP700","0"
"0","{""id"":""analyst"",""name"":""Analyst""}","0","{""id"":""analyst_consensus"",""name"":""Standardized Analyst Consensus Forecasts""}","1","2026-07-01","1","Standard deviation of analyst estimates for annual Gross Income","estimate_stddev_gross_income","2","GBR","{""id"":""analyst-analyst-estimates"",""name"":""Analyst Estimates""}","[]","VECTOR","TOP700","0"
"0","{""id"":""analyst"",""name"":""Analyst""}","0","{""id"":""analyst_consensus"",""name"":""Standardized Analyst Consensus Forecasts""}","1","2026-07-01","1","Release dates of the estimates/actuals in YYYYMMDD format","event_date_depreciation_amortization","2","GBR","{""id"":""analyst-analyst-estimates"",""name"":""Analyst Estimates""}","[]","VECTOR","TOP700","0"
"0","{""id"":""analyst"",""name"":""Analyst""}","0","{""id"":""analyst_consensus"",""name"":""Standardized Analyst Consensus Forecasts""}","1","2026-07-01","1","Date of the data point in YYYYMMDD for Gross Income entries","event_date_gross_income","2","GBR","{""id"":""analyst-analyst-estimates"",""name"":""Analyst Estimates""}","[]","VECTOR","TOP700","0"
"0","{""id"":""analyst"",""name"":""Analyst""}","0","{""id"":""analyst_consensus"",""name"":""Standardized Analyst Consensus Forecasts""}","1","2026-07-01","1","Indicator showing whether the value is a forecast or an actual for book value per share.","forecast_actual_flag_bvps_annual12_tribes","2","GBR","{""id"":""analyst-analyst-estimates"",""name"":""Analyst Estimates""}","[]","VECTOR","TOP700","0"
"0","{""id"":""analyst"",""name"":""Analyst""}","0","{""id"":""analyst_consensus"",""name"":""Standardized Analyst Consensus Forecasts""}","1","2026-07-01","1","Forecast-plus-actual provenance/quality flag (e.g., 0 backfilled, 1 forecast, 2 actual)","forecast_actual_flag_capex_annual12_2","2","GBR","{""id"":""analyst-analyst-estimates"",""name"":""Analyst Estimates""}","[]","VECTOR","TOP700","0"
"0","{""id"":""analyst"",""name"":""Analyst""}","0","{""id"":""analyst_consensus"",""name"":""Standardized Analyst Consensus Forecasts""}","1","2026-07-01","1","Flag for Forecast-plus-Actual status/provenance (e.g., 0 backfilled, 1 consensus forecast, 2 actual report)","forecast_actual_flag_cashflowfinancing_annual12","2","GBR","{""id"":""analyst-analyst-estimates"",""name"":""Analyst Estimates""}","[]","VECTOR","TOP700","0"
"0","{""id"":""analyst"",""name"":""Analyst""}","0","{""id"":""analyst_consensus"",""name"":""Standardized Analyst Consensus Forecasts""}","1","2026-07-01","1","Indicator showing whether the value is a forecast or an actual for annual cash flow from investing.","forecast_actual_flag_cashflowinvesting_annual12","2","GBR","{""id"":""analyst-analyst-estimates"",""name"":""Analyst Estimates""}","[]","VECTOR","TOP700","0"
"0","{""id"":""analyst"",""name"":""Analyst""}","0","{""id"":""analyst_consensus"",""name"":""Standardized Analyst Consensus Forecasts""}","1","2026-07-01","1","Indicator flag showing if the value is a forecast or actual for annual cash flow from operations.","forecast_actual_flag_cfo_annual12","2","GBR","{""id"":""analyst-analyst-estimates"",""name"":""Analyst Estimates""}","[]","VECTOR","TOP700","0"
"0","{""id"":""analyst"",""name"":""Analyst""}","0","{""id"":""analyst_consensus"",""name"":""Standardized Analyst Consensus Forecasts""}","1","2026-07-01","1","Flag indicating Forecast+Actual data status/provenance (0 backfilled, 1 forecast consensus, 2 actual)","forecast_actual_flag_cfps_annual12_2","2","GBR","{""id"":""analyst-analyst-estimates"",""name"":""Analyst Estimates""}","[]","VECTOR","TOP700","0"
"0","{""id"":""analyst"",""name"":""Analyst""}","0","{""id"":""analyst_consensus"",""name"":""Standardized Analyst Consensus Forecasts""}","1","2026-07-01","1","Flag indicating provenance/status of Forecast+Actual data points (e.g., 0 backfilled, 1 consensus forecast, 2 actual)","forecast_actual_flag_cogs_annual12_tribes","2","GBR","{""id"":""analyst-analyst-estimates"",""name"":""Analyst Estimates""}","[]","VECTOR","TOP700","0"
"0","{""id"":""analyst"",""name"":""Analyst""}","0","{""id"":""analyst_consensus"",""name"":""Standardized Analyst Consensus Forecasts""}","0.7755","2026-07-01","1","Flag indicating provenance/status of the forecast-plus-actual (FA) data point (e.g., 0 backfilled, 1 consensus forecast, 2 actual report)","forecast_actual_flag_currentassets_annual12","2","GBR","{""id"":""analyst-analyst-estimates"",""name"":""Analyst Estimates""}","[]","VECTOR","TOP700","0"
"0","{""id"":""analyst"",""name"":""Analyst""}","0","{""id"":""analyst_consensus"",""name"":""Standardized Analyst Consensus Forecasts""}","0.7755","2026-07-01","1","Flag for forecast/actual combined data status or provenance (e.g., backfilled, forecast consensus, actual)","forecast_actual_flag_currentliabilities_annual12","2","GBR","{""id"":""analyst-analyst-estimates"",""name"":""Analyst Estimates""}","[]","VECTOR","TOP700","0"
"0","{""id"":""analyst"",""name"":""Analyst""}","0","{""id"":""analyst_consensus"",""name"":""Standardized Analyst Consensus Forecasts""}","1","2026-07-01","1","Flag indicating forecast/actual status/provenance in FA overlay (e.g., 0 backfilled, 1 consensus forecast, 2 actual report)","forecast_actual_flag_depreciation_amortization","2","GBR","{""id"":""analyst-analyst-estimates"",""name"":""Analyst Estimates""}","[]","VECTOR","TOP700","0"
"0","{""id"":""analyst"",""name"":""Analyst""}","0","{""id"":""analyst_consensus"",""name"":""Standardized Analyst Consensus Forecasts""}","1","2026-07-01","1","Flag indicating provenance/status of the Forecast-plus-Actual overlay (e.g., 0 backfilled, 1 forecast consensus, 2 actual)","forecast_actual_flag_depreciation_annual12","2","GBR","{""id"":""analyst-analyst-estimates"",""name"":""Analyst Estimates""}","[]","VECTOR","TOP700","0"
"0","{""id"":""analyst"",""name"":""Analyst""}","0","{""id"":""analyst_consensus"",""name"":""Standardized Analyst Consensus Forecasts""}","1","2026-07-01","1","Flag indicating Forecast+Actual status/provenance (0 backfilled, 1 consensus forecast, 2 actual)","forecast_actual_flag_dividend_annual12","2","GBR","{""id"":""analyst-analyst-estimates"",""name"":""Analyst Estimates""}","[]","VECTOR","TOP700","0"
"0","{""id"":""analyst"",""name"":""Analyst""}","0","{""id"":""analyst_consensus"",""name"":""Standardized Analyst Consensus Forecasts""}","1","2026-07-01","1","Indicator showing whether the value is a forecast or an actual for dividends per share in the annual period.","forecast_actual_flag_dividend_annual12_2","2","GBR","{""id"":""analyst-analyst-estimates"",""name"":""Analyst Estimates""}","[]","VECTOR","TOP700","0"
"0","{""id"":""analyst"",""name"":""Analyst""}","0","{""id"":""analyst_consensus"",""name"":""Standardized Analyst Consensus Forecasts""}","1","2026-07-01","1","Flag indicating whether the value is a forecast, actual, or combined for annual total dividends.","forecast_actual_flag_dividend_annual12_tribes","2","GBR","{""id"":""analyst-analyst-estimates"",""name"":""Analyst Estimates""}","[]","VECTOR","TOP700","0"
"0","{""id"":""analyst"",""name"":""Analyst""}","0","{""id"":""analyst_consensus"",""name"":""Standardized Analyst Consensus Forecasts""}","1","2026-07-01","1","Flag indicating status/provenance of Forecast-plus-Actual data for DPS (e.g., 0 backfilled, 1 consensus forecast, 2 actual report)","forecast_actual_flag_dps_quarterly16","2","GBR","{""id"":""analyst-analyst-estimates"",""name"":""Analyst Estimates""}","[]","VECTOR","TOP700","0"
"0","{""id"":""analyst"",""name"":""Analyst""}","0","{""id"":""analyst_consensus"",""name"":""Standardized Analyst Consensus Forecasts""}","1","2026-07-01","1","Flag indicating data provenance/status within the Forecast+Actual overlay (e.g., 0 backfilled, 1 forecast consensus, 2 actual report)","forecast_actual_flag_ebitdarep_annual12","2","GBR","{""id"":""analyst-analyst-estimates"",""name"":""Analyst Estimates""}","[]","VECTOR","TOP700","0"
"0","{""id"":""analyst"",""name"":""Analyst""}","0","{""id"":""analyst_consensus"",""name"":""Standardized Analyst Consensus Forecasts""}","1","2026-07-01","1","Flag indicating whether the value is a forecast or actual for annual EBITDA.","forecast_actual_flag_ebitda_annual12","2","GBR","{""id"":""analyst-analyst-estimates"",""name"":""Analyst Estimates""}","[]","VECTOR","TOP700","0"
"0","{""id"":""analyst"",""name"":""Analyst""}","0","{""id"":""analyst_consensus"",""name"":""Standardized Analyst Consensus Forecasts""}","1","2026-07-01","1","Forecast/Actual flag indicating data provenance/status (0 backfilled, 1 consensus forecast, 2 actual)","forecast_actual_flag_ebitda_quarterly16","2","GBR","{""id"":""analyst-analyst-estimates"",""name"":""Analyst Estimates""}","[]","VECTOR","TOP700","0"
"0","{""id"":""analyst"",""name"":""Analyst""}","0","{""id"":""analyst_consensus"",""name"":""Standardized Analyst Consensus Forecasts""}","1","2026-07-01","1","Provenance/status flag for FA data (0 backfilled, 1 forecast consensus, 2 actual report)","forecast_actual_flag_ebit_annual12","2","GBR","{""id"":""analyst-analyst-estimates"",""name"":""Analyst Estimates""}","[]","VECTOR","TOP700","0"
"0","{""id"":""analyst"",""name"":""Analyst""}","0","{""id"":""analyst_consensus"",""name"":""Standardized Analyst Consensus Forecasts""}","1","2026-07-01","1","Flag indicating provenance/status of Forecast + Actual data (e.g., backfilled/forecast/actual) for EV","forecast_actual_flag_enterprisevalue_annual12","2","GBR","{""id"":""analyst-analyst-estimates"",""name"":""Analyst Estimates""}","[]","VECTOR","TOP700","0"
"0","{""id"":""analyst"",""name"":""Analyst""}","0","{""id"":""analyst_consensus"",""name"":""Standardized Analyst Consensus Forecasts""}","1","2026-07-01","1","Flag indicating whether the value is a forecast, actual, or combined for reported earnings per share in the annual period.","forecast_actual_flag_epsreported_annual12","2","GBR","{""id"":""analyst-analyst-estimates"",""name"":""Analyst Estimates""}","[]","VECTOR","TOP700","0"
"0","{""id"":""analyst"",""name"":""Analyst""}","0","{""id"":""analyst_consensus"",""name"":""Standardized Analyst Consensus Forecasts""}","1","2026-07-01","1","Indicator showing if the value is a forecast, actual, or combined for reported EPS in the quarter.","forecast_actual_flag_eps_reported_quarterly16","2","GBR","{""id"":""analyst-analyst-estimates"",""name"":""Analyst Estimates""}","[]","VECTOR","TOP700","0"
"0","{""id"":""analyst"",""name"":""Analyst""}","0","{""id"":""analyst_consensus"",""name"":""Standardized Analyst Consensus Forecasts""}","1","2026-07-01","1","Flag indicating whether the free cash flow value is a forecast, actual, or combined for the annual period.","forecast_actual_flag_fcf_annual12","2","GBR","{""id"":""analyst-analyst-estimates"",""name"":""Analyst Estimates""}","[]","VECTOR","TOP700","0"
"0","{""id"":""analyst"",""name"":""Analyst""}","0","{""id"":""analyst_consensus"",""name"":""Standardized Analyst Consensus Forecasts""}","1","2026-07-01","1","Indicator flag showing if the value is a forecast or actual for annual goodwill.","forecast_actual_flag_goodwill_annual12","2","GBR","{""id"":""analyst-analyst-estimates"",""name"":""Analyst Estimates""}","[]","VECTOR","TOP700","0"
"0","{""id"":""analyst"",""name"":""Analyst""}","0","{""id"":""analyst_consensus"",""name"":""Standardized Analyst Consensus Forecasts""}","1","2026-07-01","1","Indicator flag specifying whether the value is a forecast or an actual fully reported earnings per share.","forecast_actual_flag_gps","2","GBR","{""id"":""analyst-analyst-estimates"",""name"":""Analyst Estimates""}","[]","VECTOR","TOP700","0"
"0","{""id"":""analyst"",""name"":""Analyst""}","0","{""id"":""analyst_consensus"",""name"":""Standardized Analyst Consensus Forecasts""}","1","2026-07-01","1","Indicator showing if the value is a forecast or an actual for gross margin.","forecast_actual_flag_grossmargin_annual12_tribes","2","GBR","{""id"":""analyst-analyst-estimates"",""name"":""Analyst Estimates""}","[]","VECTOR","TOP700","0"
"0","{""id"":""analyst"",""name"":""Analyst""}","0","{""id"":""analyst_consensus"",""name"":""Standardized Analyst Consensus Forecasts""}","1","2026-07-01","1","Flag indicating status/provenance of forecast-plus-actual data (0 backfilled, 1 consensus forecast, 2 actual)","forecast_actual_flag_inventory_annual12_2","2","GBR","{""id"":""analyst-analyst-estimates"",""name"":""Analyst Estimates""}","[]","VECTOR","TOP700","0"
"0","{""id"":""analyst"",""name"":""Analyst""}","0","{""id"":""analyst_consensus"",""name"":""Standardized Analyst Consensus Forecasts""}","0.8193","2026-07-01","1","Flag indicating provenance/status of Forecast+Actual data (e.g., 0 backfilled, 1 consensus forecast, 2 actual report)","forecast_actual_flag_marketable_securities_annual12","2","GBR","{""id"":""analyst-analyst-estimates"",""name"":""Analyst Estimates""}","[]","VECTOR","TOP700","0"
"0","{""id"":""analyst"",""name"":""Analyst""}","0","{""id"":""analyst_consensus"",""name"":""Standardized Analyst Consensus Forecasts""}","1","2026-07-01","1","Flag indicating status/provenance of forecast-plus-actual data (e.g., backfilled, consensus forecast, actual)","forecast_actual_flag_nav_annual12","2","GBR","{""id"":""analyst-analyst-estimates"",""name"":""Analyst Estimates""}","[]","VECTOR","TOP700","0"
"0","{""id"":""analyst"",""name"":""Analyst""}","0","{""id"":""analyst_consensus"",""name"":""Standardized Analyst Consensus Forecasts""}","1","2026-07-01","1","Indicator showing if the value is a forecast or an actual for net asset value.","forecast_actual_flag_nav_annual12_tribes","2","GBR","{""id"":""analyst-analyst-estimates"",""name"":""Analyst Estimates""}","[]","VECTOR","TOP700","0"
"0","{""id"":""analyst"",""name"":""Analyst""}","0","{""id"":""analyst_consensus"",""name"":""Standardized Analyst Consensus Forecasts""}","1","2026-07-01","1","Flag indicating status/provenance of Forecast-plus-Actual data for NET (0 backfilled, 1 forecast consensus, 2 actual)","forecast_actual_flag_net2","2","GBR","{""id"":""analyst-analyst-estimates"",""name"":""Analyst Estimates""}","[]","VECTOR","TOP700","0"
"0","{""id"":""analyst"",""name"":""Analyst""}","0","{""id"":""analyst_consensus"",""name"":""Standardized Analyst Consensus Forecasts""}","1","2026-07-01","1","Flag for forecast/actual combined data provenance or status (e.g., 0=backfilled, 1=consensus forecast, 2=actual)","forecast_actual_flag_netdebt_annual12_2","2","GBR","{""id"":""analyst-analyst-estimates"",""name"":""Analyst Estimates""}","[]","VECTOR","TOP700","0"
"0","{""id"":""analyst"",""name"":""Analyst""}","0","{""id"":""analyst_consensus"",""name"":""Standardized Analyst Consensus Forecasts""}","1","2026-07-01","1","Indicator marking forecast vs actual periods (e.g., M..1 = forecasts; 0, -1, -2 = actuals/posted periods)","forecast_actual_flag_netdebt_annual12_tribes_2","2","GBR","{""id"":""analyst-analyst-estimates"",""name"":""Analyst Estimates""}","[]","VECTOR","TOP700","0"
"0","{""id"":""analyst"",""name"":""Analyst""}","0","{""id"":""analyst_consensus"",""name"":""Standardized Analyst Consensus Forecasts""}","1","2026-07-01","1","Flag for Forecast-plus-Actual provenance/status (e.g., 0 backfilled, 1 consensus forecast, 2 actual report)","forecast_actual_flag_netprofitreported_annual12","2","GBR","{""id"":""analyst-analyst-estimates"",""name"":""Analyst Estimates""}","[]","VECTOR","TOP700","0"
"0","{""id"":""analyst"",""name"":""Analyst""}","0","{""id"":""analyst_consensus"",""name"":""Standardized Analyst Consensus Forecasts""}","1","2026-07-01","1","Provenance/quality flag for Forecast+Actual (FA) data: 0 backfilled, 1 forecast consensus, 2 actual report","forecast_actual_flag_netprofit_annual12","2","GBR","{""id"":""analyst-analyst-estimates"",""name"":""Analyst Estimates""}","[]","VECTOR","TOP700","0"
"0","{""id"":""analyst"",""name"":""Analyst""}","0","{""id"":""analyst_consensus"",""name"":""Standardized Analyst Consensus Forecasts""}","1","2026-07-01","1","Flag indicating provenance/status of Forecast+Actual data (e.g., 0 backfilled, 1 consensus forecast, 2 actual)","forecast_actual_flag_netprofit_quarterly16","2","GBR","{""id"":""analyst-analyst-estimates"",""name"":""Analyst Estimates""}","[]","VECTOR","TOP700","0"
"0","{""id"":""analyst"",""name"":""Analyst""}","0","{""id"":""analyst_consensus"",""name"":""Standardized Analyst Consensus Forecasts""}","1","2026-07-01","1","Indicator showing if the value is a forecast, actual, or combined for reported net profit in the quarter.","forecast_actual_flag_netprofit_reported_quarterly16","2","GBR","{""id"":""analyst-analyst-estimates"",""name"":""Analyst Estimates""}","[]","VECTOR","TOP700","0"
"0","{""id"":""analyst"",""name"":""Analyst""}","0","{""id"":""analyst_consensus"",""name"":""Standardized Analyst Consensus Forecasts""}","1","2026-07-01","1","Indicator showing whether the value is a forecast or an actual for operating expense in the annual period.","forecast_actual_flag_operatingexpense_annual12","2","GBR","{""id"":""analyst-analyst-estimates"",""name"":""Analyst Estimates""}","[]","VECTOR","TOP700","0"
"0","{""id"":""analyst"",""name"":""Analyst""}","0","{""id"":""analyst_consensus"",""name"":""Standardized Analyst Consensus Forecasts""}","1","2026-07-01","1","Flag indicating whether the value is a forecast or actual for annual pre-tax profit.","forecast_actual_flag_pretax_annual12","2","GBR","{""id"":""analyst-analyst-estimates"",""name"":""Analyst Estimates""}","[]","VECTOR","TOP700","0"
"0","{""id"":""analyst"",""name"":""Analyst""}","0","{""id"":""analyst_consensus"",""name"":""Standardized Analyst Consensus Forecasts""}","1","2026-07-01","1","Indicator flag showing if the value is a forecast or actual for annual pretax profit.","forecast_actual_flag_pretax_annual12_2","2","GBR","{""id"":""analyst-analyst-estimates"",""name"":""Analyst Estimates""}","[]","VECTOR","TOP700","0"
"0","{""id"":""analyst"",""name"":""Analyst""}","0","{""id"":""analyst_consensus"",""name"":""Standardized Analyst Consensus Forecasts""}","1","2026-07-01","1","Flag indicating whether the value is a forecast, actual, or combined for pre-tax profit in the quarter.","forecast_actual_flag_pretax_quarterly16_tribes","2","GBR","{""id"":""analyst-analyst-estimates"",""name"":""Analyst Estimates""}","[]","VECTOR","TOP700","0"
"0","{""id"":""analyst"",""name"":""Analyst""}","0","{""id"":""analyst_consensus"",""name"":""Standardized Analyst Consensus Forecasts""}","1","2026-07-01","1","Flag for Forecast-plus-Actual provenance/status: 0 backfilled, 1 consensus forecast, 2 actual","forecast_actual_flag_pretax_reported_annual12_tribes","2","GBR","{""id"":""analyst-analyst-estimates"",""name"":""Analyst Estimates""}","[]","VECTOR","TOP700","0"
"0","{""id"":""analyst"",""name"":""Analyst""}","0","{""id"":""analyst_consensus"",""name"":""Standardized Analyst Consensus Forecasts""}","1","2026-07-01","1","Flag indicating whether the pre-tax profit (reported) value is a forecast, actual, or combined for the quarterly period.","forecast_actual_flag_pretax_reported_quarterly16","2","GBR","{""id"":""analyst-analyst-estimates"",""name"":""Analyst Estimates""}","[]","VECTOR","TOP700","0"
"0","{""id"":""analyst"",""name"":""Analyst""}","0","{""id"":""analyst_consensus"",""name"":""Standardized Analyst Consensus Forecasts""}","1","2026-07-01","1","Flag indicating whether the return on capital value is a forecast, actual, or combined for the annual period.","forecast_actual_flag_return_on_capital_annual12","2","GBR","{""id"":""analyst-analyst-estimates"",""name"":""Analyst Estimates""}","[]","VECTOR","TOP700","0"
"0","{""id"":""analyst"",""name"":""Analyst""}","0","{""id"":""analyst_consensus"",""name"":""Standardized Analyst Consensus Forecasts""}","1","2026-07-01","1","Flag indicating status of Forecast/Actual combined data or provenance (e.g., 0=backfill, 1=forecast, 2=actual)","forecast_actual_flag_revenue_annual12","2","GBR","{""id"":""analyst-analyst-estimates"",""name"":""Analyst Estimates""}","[]","VECTOR","TOP700","0"
"0","{""id"":""analyst"",""name"":""Analyst""}","0","{""id"":""analyst_consensus"",""name"":""Standardized Analyst Consensus Forecasts""}","1","2026-07-01","1","Flag indicating status/provenance of FA data (e.g., 0 backfilled, 1 consensus forecast, 2 actual)","forecast_actual_flag_revenue_annual12_tribes","2","GBR","{""id"":""analyst-analyst-estimates"",""name"":""Analyst Estimates""}","[]","VECTOR","TOP700","0"
"0","{""id"":""analyst"",""name"":""Analyst""}","0","{""id"":""analyst_consensus"",""name"":""Standardized Analyst Consensus Forecasts""}","1","2026-07-01","1","Indicator showing if the value is a forecast, actual, or combined for revenue in the quarter.","forecast_actual_flag_revenue_quarterly16","2","GBR","{""id"":""analyst-analyst-estimates"",""name"":""Analyst Estimates""}","[]","VECTOR","TOP700","0"
"0","{""id"":""analyst"",""name"":""Analyst""}","0","{""id"":""analyst_consensus"",""name"":""Standardized Analyst Consensus Forecasts""}","1","2026-07-01","1","Flag indicating status/provenance of Forecast+Actual combined data for ROE (0=backfilled, 1=consensus forecast, 2=actual)","forecast_actual_flag_roe_annual12","2","GBR","{""id"":""analyst-analyst-estimates"",""name"":""Analyst Estimates""}","[]","VECTOR","TOP700","0"
"0","{""id"":""analyst"",""name"":""Analyst""}","0","{""id"":""analyst_consensus"",""name"":""Standardized Analyst Consensus Forecasts""}","1","2026-07-01","1","Status flag for the forecast-plus-actual series (e.g., 0 backfilled, 1 consensus forecast, 2 actual report)","forecast_actual_flag_roe_annual12_2","2","GBR","{""id"":""analyst-analyst-estimates"",""name"":""Analyst Estimates""}","[]","VECTOR","TOP700","0"
"0","{""id"":""analyst"",""name"":""Analyst""}","0","{""id"":""analyst_consensus"",""name"":""Standardized Analyst Consensus Forecasts""}","1","2026-07-01","1","Forecast/Actual provenance or quality flag (0 backfilled, 1 forecast consensus, 2 actual)","forecast_actual_flag_roe_annual12_tribes","2","GBR","{""id"":""analyst-analyst-estimates"",""name"":""Analyst Estimates""}","[]","VECTOR","TOP700","0"
"0","{""id"":""analyst"",""name"":""Analyst""}","0","{""id"":""analyst_consensus"",""name"":""Standardized Analyst Consensus Forecasts""}","1","2026-07-01","1","Flag indicating provenance/status of FA values (0 backfilled, 1 forecast consensus, 2 actual report)","forecast_actual_flag_sharesoutstanding_annual12","2","GBR","{""id"":""analyst-analyst-estimates"",""name"":""Analyst Estimates""}","[]","VECTOR","TOP700","0"
"0","{""id"":""analyst"",""name"":""Analyst""}","0","{""id"":""analyst_consensus"",""name"":""Standardized Analyst Consensus Forecasts""}","1","2026-07-01","1","Indicator showing whether the value is a forecast or an actual for tangible book value per share.","forecast_actual_flag_tangbookvalue_annual12_tribes","2","GBR","{""id"":""analyst-analyst-estimates"",""name"":""Analyst Estimates""}","[]","VECTOR","TOP700","0"
"0","{""id"":""analyst"",""name"":""Analyst""}","0","{""id"":""analyst_consensus"",""name"":""Standardized Analyst Consensus Forecasts""}","1","2026-07-01","1","Indicator showing if the value is a forecast or an actual for tax provision.","forecast_actual_flag_taxprovision_annual12_tribes","2","GBR","{""id"":""analyst-analyst-estimates"",""name"":""Analyst Estimates""}","[]","VECTOR","TOP700","0"
"0","{""id"":""analyst"",""name"":""Analyst""}","0","{""id"":""analyst_consensus"",""name"":""Standardized Analyst Consensus Forecasts""}","1","2026-07-01","1","Indicator showing whether the value is a forecast or an actual for effective tax rate in the annual period.","forecast_actual_flag_taxrate_annual12","2","GBR","{""id"":""analyst-analyst-estimates"",""name"":""Analyst Estimates""}","[]","VECTOR","TOP700","0"
"0","{""id"":""analyst"",""name"":""Analyst""}","0","{""id"":""analyst_consensus"",""name"":""Standardized Analyst Consensus Forecasts""}","1","2026-07-01","1","Indicator showing whether the value is a forecast or an actual for quarterly tax provision.","forecast_actual_flag_tax_provision_quarterly16","2","GBR","{""id"":""analyst-analyst-estimates"",""name"":""Analyst Estimates""}","[]","VECTOR","TOP700","0"
"0","{""id"":""analyst"",""name"":""Analyst""}","0","{""id"":""analyst_consensus"",""name"":""Standardized Analyst Consensus Forecasts""}","0.1982","2026-07-01","1","Indicator showing whether the value is a forecast or an actual for total liabilities.","forecast_actual_flag_totalliab_annual12_tribes","2","GBR","{""id"":""analyst-analyst-estimates"",""name"":""Analyst Estimates""}","[]","VECTOR","TOP700","0"
"0","{""id"":""analyst"",""name"":""Analyst""}","0","{""id"":""analyst_consensus"",""name"":""Standardized Analyst Consensus Forecasts""}","1","2026-07-01","1","Indicator showing whether the value is a forecast or an actual for annual total assets.","forecast_actual_flag_total_assets_annual12","2","GBR","{""id"":""analyst-analyst-estimates"",""name"":""Analyst Estimates""}","[]","VECTOR","TOP700","0"
"0","{""id"":""analyst"",""name"":""Analyst""}","0","{""id"":""analyst_consensus"",""name"":""Standardized Analyst Consensus Forecasts""}","1","2026-07-01","1","Flag indicating whether the value is a forecast or actual for book value per share.","forecast_actual_indicator_bvps_annual12_tribes","2","GBR","{""id"":""analyst-analyst-estimates"",""name"":""Analyst Estimates""}","[]","VECTOR","TOP700","0"
"0","{""id"":""analyst"",""name"":""Analyst""}","0","{""id"":""analyst_consensus"",""name"":""Standardized Analyst Consensus Forecasts""}","1","2026-07-01","1","Event indicator marking forecast vs actual periods (M..1 forecast, 0,-1,-2 actual/outdated) for CAPEX","forecast_actual_indicator_capex_annual12_2","2","GBR","{""id"":""analyst-analyst-estimates"",""name"":""Analyst Estimates""}","[]","VECTOR","TOP700","0"
"0","{""id"":""analyst"",""name"":""Analyst""}","0","{""id"":""analyst_consensus"",""name"":""Standardized Analyst Consensus Forecasts""}","1","2026-07-01","1","Indicator showing whether the value is a forecast or an actual for cash flow from financing activities in the annual period.","forecast_actual_indicator_cashflowfinancing_annual12","2","GBR","{""id"":""analyst-analyst-estimates"",""name"":""Analyst Estimates""}","[]","VECTOR","TOP700","0"
"0","{""id"":""analyst"",""name"":""Analyst""}","0","{""id"":""analyst_consensus"",""name"":""Standardized Analyst Consensus Forecasts""}","1","2026-07-01","1","Forecast or actual period indicator for each event in the series, with M..1 for forecast periods and 0, -1, -2 for actual or post-report periods","forecast_actual_indicator_cashflowinvesting_annual12","2","GBR","{""id"":""analyst-analyst-estimates"",""name"":""Analyst Estimates""}","[]","VECTOR","TOP700","0"
"0","{""id"":""analyst"",""name"":""Analyst""}","0","{""id"":""analyst_consensus"",""name"":""Standardized Analyst Consensus Forecasts""}","1","2026-07-01","1","Indicator showing if the value is a forecast or actual for annual cash flow from operations.","forecast_actual_indicator_cfo_annual12","2","GBR","{""id"":""analyst-analyst-estimates"",""name"":""Analyst Estimates""}","[]","VECTOR","TOP700","0"
"0","{""id"":""analyst"",""name"":""Analyst""}","0","{""id"":""analyst_consensus"",""name"":""Standardized Analyst Consensus Forecasts""}","1","2026-07-01","1","Forecast/Actual period indicator for each data point (M..1 = forecasts; 0, -1, -2 = actuals/past)","forecast_actual_indicator_cfps_annual12_2","2","GBR","{""id"":""analyst-analyst-estimates"",""name"":""Analyst Estimates""}","[]","VECTOR","TOP700","0"
"0","{""id"":""analyst"",""name"":""Analyst""}","0","{""id"":""analyst_consensus"",""name"":""Standardized Analyst Consensus Forecasts""}","1","2026-07-01","1","Period indicator marking forecast vs actual windows (M..1 forecast, 0 and negatives actual/back history)","forecast_actual_indicator_cogs_annual12_tribes","2","GBR","{""id"":""analyst-analyst-estimates"",""name"":""Analyst Estimates""}","[]","VECTOR","TOP700","0"
"0","{""id"":""analyst"",""name"":""Analyst""}","0","{""id"":""analyst_consensus"",""name"":""Standardized Analyst Consensus Forecasts""}","0.7755","2026-07-01","1","Indicator specifying if the value is a forecast or actual for current assets, annual period.","forecast_actual_indicator_currentassets_annual12","2","GBR","{""id"":""analyst-analyst-estimates"",""name"":""Analyst Estimates""}","[]","VECTOR","TOP700","0"
"0","{""id"":""analyst"",""name"":""Analyst""}","0","{""id"":""analyst_consensus"",""name"":""Standardized Analyst Consensus Forecasts""}","0.7755","2026-07-01","1","Indicator showing whether the value is a forecast or an actual for current liabilities in the annual period.","forecast_actual_indicator_currentliabilities_annual12","2","GBR","{""id"":""analyst-analyst-estimates"",""name"":""Analyst Estimates""}","[]","VECTOR","TOP700","0"
"0","{""id"":""analyst"",""name"":""Analyst""}","0","{""id"":""analyst_consensus"",""name"":""Standardized Analyst Consensus Forecasts""}","1","2026-07-01","1","Forecast/Actual period indicator (M..1 = forecast, 0,-1.. = actual) per event","forecast_actual_indicator_depreciation_amortization","2","GBR","{""id"":""analyst-analyst-estimates"",""name"":""Analyst Estimates""}","[]","VECTOR","TOP700","0"
"0","{""id"":""analyst"",""name"":""Analyst""}","0","{""id"":""analyst_consensus"",""name"":""Standardized Analyst Consensus Forecasts""}","1","2026-07-01","1","Event indicator showing forecast vs actual periods (M..1 = forecast periods; 0,-1,-2.. = actual/outdated)","forecast_actual_indicator_depreciation_annual12","2","GBR","{""id"":""analyst-analyst-estimates"",""name"":""Analyst Estimates""}","[]","VECTOR","TOP700","0"
"0","{""id"":""analyst"",""name"":""Analyst""}","0","{""id"":""analyst_consensus"",""name"":""Standardized Analyst Consensus Forecasts""}","1","2026-07-01","1","Indicator showing whether the value is a forecast or actual for annual dividend per share.","forecast_actual_indicator_dividend_annual12","2","GBR","{""id"":""analyst-analyst-estimates"",""name"":""Analyst Estimates""}","[]","VECTOR","TOP700","0"
"0","{""id"":""analyst"",""name"":""Analyst""}","0","{""id"":""analyst_consensus"",""name"":""Standardized Analyst Consensus Forecasts""}","1","2026-07-01","1","Flag indicating whether the value is a forecast or actual for dividends per share in the annual period.","forecast_actual_indicator_dividend_annual12_2","2","GBR","{""id"":""analyst-analyst-estimates"",""name"":""Analyst Estimates""}","[]","VECTOR","TOP700","0"
"0","{""id"":""analyst"",""name"":""Analyst""}","0","{""id"":""analyst_consensus"",""name"":""Standardized Analyst Consensus Forecasts""}","1","2026-07-01","1","Event indicator identifying forecast vs actual periods (M..1 for forecast periods; 0, -1, -2 for actual/outdated)","forecast_actual_indicator_dividend_annual12_tribes","2","GBR","{""id"":""analyst-analyst-estimates"",""name"":""Analyst Estimates""}","[]","VECTOR","TOP700","0"
"0","{""id"":""analyst"",""name"":""Analyst""}","0","{""id"":""analyst_consensus"",""name"":""Standardized Analyst Consensus Forecasts""}","1","2026-07-01","1","Event/period indicator: codes marking forecast periods (M…1) and actual-reporting periods (0, -1, -2, …)","forecast_actual_indicator_dps_quarterly16","2","GBR","{""id"":""analyst-analyst-estimates"",""name"":""Analyst Estimates""}","[]","VECTOR","TOP700","0"
"0","{""id"":""analyst"",""name"":""Analyst""}","0","{""id"":""analyst_consensus"",""name"":""Standardized Analyst Consensus Forecasts""}","1","2026-07-01","1","Event-type indicator for each point: positive values denote forecast periods (e.g., M..1), non-positive denote actual/outdated forecast periods (0, -1, -2, …)","forecast_actual_indicator_ebitdarep_annual12","2","GBR","{""id"":""analyst-analyst-estimates"",""name"":""Analyst Estimates""}","[]","VECTOR","TOP700","0"
"0","{""id"":""analyst"",""name"":""Analyst""}","0","{""id"":""analyst_consensus"",""name"":""Standardized Analyst Consensus Forecasts""}","1","2026-07-01","1","Event indicator marking forecast vs actual periods (positive values for forecasts, 0/negative for actual/outdated)","forecast_actual_indicator_ebitda_annual12","2","GBR","{""id"":""analyst-analyst-estimates"",""name"":""Analyst Estimates""}","[]","VECTOR","TOP700","0"
"0","{""id"":""analyst"",""name"":""Analyst""}","0","{""id"":""analyst_consensus"",""name"":""Standardized Analyst Consensus Forecasts""}","1","2026-07-01","1","Forecast/Actual phase indicator for each point (positive values = forecast periods; 0 or negative = actual/outdated)","forecast_actual_indicator_ebitda_quarterly16","2","GBR","{""id"":""analyst-analyst-estimates"",""name"":""Analyst Estimates""}","[]","VECTOR","TOP700","0"
"0","{""id"":""analyst"",""name"":""Analyst""}","0","{""id"":""analyst_consensus"",""name"":""Standardized Analyst Consensus Forecasts""}","1","2026-07-01","1","Event indicator identifying forecast versus actual periods (M..1 for forecasts, 0 and negative values for actual/outdated)","forecast_actual_indicator_ebit_annual12","2","GBR","{""id"":""analyst-analyst-estimates"",""name"":""Analyst Estimates""}","[]","VECTOR","TOP700","0"
"0","{""id"":""analyst"",""name"":""Analyst""}","0","{""id"":""analyst_consensus"",""name"":""Standardized Analyst Consensus Forecasts""}","1","2026-07-01","1","Event indicator showing forecast vs actual periods (M..1 for forecasts, 0 for current actual, negatives for prior actual/outdated)","forecast_actual_indicator_enterprisevalue_annual12","2","GBR","{""id"":""analyst-analyst-estimates"",""name"":""Analyst Estimates""}","[]","VECTOR","TOP700","0"
"0","{""id"":""analyst"",""name"":""Analyst""}","0","{""id"":""analyst_consensus"",""name"":""Standardized Analyst Consensus Forecasts""}","1","2026-07-01","1","Forecast/Actual period indicator per event: M..1 denote forecast periods; 0, -1, -2 denote actual or outdated forecasts","forecast_actual_indicator_epsreported_annual12","2","GBR","{""id"":""analyst-analyst-estimates"",""name"":""Analyst Estimates""}","[]","VECTOR","TOP700","0"
"0","{""id"":""analyst"",""name"":""Analyst""}","0","{""id"":""analyst_consensus"",""name"":""Standardized Analyst Consensus Forecasts""}","1","2026-07-01","1","Event indicator for period type where positive values denote forecast periods and 0 or negative values denote actual-reporting periods","forecast_actual_indicator_eps_reported_quarterly16","2","GBR","{""id"":""analyst-analyst-estimates"",""name"":""Analyst Estimates""}","[]","VECTOR","TOP700","0"
"0","{""id"":""analyst"",""name"":""Analyst""}","0","{""id"":""analyst_consensus"",""name"":""Standardized Analyst Consensus Forecasts""}","1","2026-07-01","1","Event/period indicator vector where positive values (M…1) denote forecast periods and 0, -1, -2… denote actual or post-actual periods","forecast_actual_indicator_fcf_annual12","2","GBR","{""id"":""analyst-analyst-estimates"",""name"":""Analyst Estimates""}","[]","VECTOR","TOP700","0"
"0","{""id"":""analyst"",""name"":""Analyst""}","0","{""id"":""analyst_consensus"",""name"":""Standardized Analyst Consensus Forecasts""}","1","2026-07-01","1","Event indicator marking forecast versus actual periods (M..1 for forecasts; 0, -1, -2 for actuals/outdated) for the goodwill series","forecast_actual_indicator_goodwill_annual12","2","GBR","{""id"":""analyst-analyst-estimates"",""name"":""Analyst Estimates""}","[]","VECTOR","TOP700","0"
"0","{""id"":""analyst"",""name"":""Analyst""}","0","{""id"":""analyst_consensus"",""name"":""Standardized Analyst Consensus Forecasts""}","1","2026-07-01","1","Indicator specifying whether the value is a forecast or an actual for fully reported earnings per share.","forecast_actual_indicator_gps","2","GBR","{""id"":""analyst-analyst-estimates"",""name"":""Analyst Estimates""}","[]","VECTOR","TOP700","0"
"0","{""id"":""analyst"",""name"":""Analyst""}","0","{""id"":""analyst_consensus"",""name"":""Standardized Analyst Consensus Forecasts""}","1","2026-07-01","1","Event indicator marking forecast versus actual periods for the series (M…1 for forecasts, 0, -1, -2… for actual/outdated) used to align Forecast+Actual data","forecast_actual_indicator_grossmargin_annual12_tribes","2","GBR","{""id"":""analyst-analyst-estimates"",""name"":""Analyst Estimates""}","[]","VECTOR","TOP700","0"
"0","{""id"":""analyst"",""name"":""Analyst""}","0","{""id"":""analyst_consensus"",""name"":""Standardized Analyst Consensus Forecasts""}","1","2026-07-01","1","Forecast/Actual indicator per position (positive values for forecast periods; 0 or negatives for actual/outdated) per vendor regime","forecast_actual_indicator_gross_income","2","GBR","{""id"":""analyst-analyst-estimates"",""name"":""Analyst Estimates""}","[]","VECTOR","TOP700","0"
"0","{""id"":""analyst"",""name"":""Analyst""}","0","{""id"":""analyst_consensus"",""name"":""Standardized Analyst Consensus Forecasts""}","1","2026-07-01","1","Period indicator for each data point: positive values represent forecast periods (M..1), 0 and negatives represent actual or post-actual periods","forecast_actual_indicator_inventory_annual12","2","GBR","{""id"":""analyst-analyst-estimates"",""name"":""Analyst Estimates""}","[]","VECTOR","TOP700","0"
"0","{""id"":""analyst"",""name"":""Analyst""}","0","{""id"":""analyst_consensus"",""name"":""Standardized Analyst Consensus Forecasts""}","0.8193","2026-07-01","1","Event period indicator for the series (forecast vs actual periods; M…1 = forecast, 0, -1… = actual/outdated) for MKTBLSEC","forecast_actual_indicator_marketable_securities_annual12","2","GBR","{""id"":""analyst-analyst-estimates"",""name"":""Analyst Estimates""}","[]","VECTOR","TOP700","0"
"0","{""id"":""analyst"",""name"":""Analyst""}","0","{""id"":""analyst_consensus"",""name"":""Standardized Analyst Consensus Forecasts""}","1","2026-07-01","1","Forecast/Actual period indicator marking forecast periods (M..1) and actual periods (0, -1, …) for the NAV series","forecast_actual_indicator_nav_annual12","2","GBR","{""id"":""analyst-analyst-estimates"",""name"":""Analyst Estimates""}","[]","VECTOR","TOP700","0"
"0","{""id"":""analyst"",""name"":""Analyst""}","0","{""id"":""analyst_consensus"",""name"":""Standardized Analyst Consensus Forecasts""}","1","2026-07-01","1","Event/period indicator: M..1 denote forecast periods, 0, -1, -2... denote actual/reporting periods, locating each NAV value in the forecast/actual timeline","forecast_actual_indicator_nav_annual12_tribes","2","GBR","{""id"":""analyst-analyst-estimates"",""name"":""Analyst Estimates""}","[]","VECTOR","TOP700","0"
"0","{""id"":""analyst"",""name"":""Analyst""}","0","{""id"":""analyst_consensus"",""name"":""Standardized Analyst Consensus Forecasts""}","1","2026-07-01","1","Event indicator vector marking forecast versus actual periods (M..1=forecast, 0,-1,-2=actual/outdated)","forecast_actual_indicator_net2","2","GBR","{""id"":""analyst-analyst-estimates"",""name"":""Analyst Estimates""}","[]","VECTOR","TOP700","0"
"0","{""id"":""analyst"",""name"":""Analyst""}","0","{""id"":""analyst_consensus"",""name"":""Standardized Analyst Consensus Forecasts""}","1","2026-07-01","1","Flag indicating whether the value is a forecast or actual for reported net profit in the annual period.","forecast_actual_indicator_netprofitreported_annual12","2","GBR","{""id"":""analyst-analyst-estimates"",""name"":""Analyst Estimates""}","[]","VECTOR","TOP700","0"
"0","{""id"":""analyst"",""name"":""Analyst""}","0","{""id"":""analyst_consensus"",""name"":""Standardized Analyst Consensus Forecasts""}","1","2026-07-01","1","Indicator of forecast vs actual periods for each point (positive codes for forecasts; 0/-1/-2 for actuals/outdated forecasts)","forecast_actual_indicator_netprofit_annual12","2","GBR","{""id"":""analyst-analyst-estimates"",""name"":""Analyst Estimates""}","[]","VECTOR","TOP700","0"
"0","{""id"":""analyst"",""name"":""Analyst""}","0","{""id"":""analyst_consensus"",""name"":""Standardized Analyst Consensus Forecasts""}","1","2026-07-01","1","Indicator showing whether the value is a forecast or an actual for net profit in the quarterly period.","forecast_actual_indicator_netprofit_quarterly16","2","GBR","{""id"":""analyst-analyst-estimates"",""name"":""Analyst Estimates""}","[]","VECTOR","TOP700","0"
"0","{""id"":""analyst"",""name"":""Analyst""}","0","{""id"":""analyst_consensus"",""name"":""Standardized Analyst Consensus Forecasts""}","1","2026-07-01","1","Forecast/actual period indicator where positive values (M..1) denote forecast periods and 0, -1, -2 denote actual or post-actual periods","forecast_actual_indicator_netprofit_reported_quarterly16","2","GBR","{""id"":""analyst-analyst-estimates"",""name"":""Analyst Estimates""}","[]","VECTOR","TOP700","0"
"0","{""id"":""analyst"",""name"":""Analyst""}","0","{""id"":""analyst_consensus"",""name"":""Standardized Analyst Consensus Forecasts""}","1","2026-07-01","1","Flag indicating whether the value is a forecast or actual for operating expense in the annual period.","forecast_actual_indicator_operatingexpense_annual12","2","GBR","{""id"":""analyst-analyst-estimates"",""name"":""Analyst Estimates""}","[]","VECTOR","TOP700","0"
"0","{""id"":""analyst"",""name"":""Analyst""}","0","{""id"":""analyst_consensus"",""name"":""Standardized Analyst Consensus Forecasts""}","1","2026-07-01","1","Indicator showing whether the value is a forecast or an actual for annual pre-tax profit.","forecast_actual_indicator_pretax_annual12","2","GBR","{""id"":""analyst-analyst-estimates"",""name"":""Analyst Estimates""}","[]","VECTOR","TOP700","0"
"0","{""id"":""analyst"",""name"":""Analyst""}","0","{""id"":""analyst_consensus"",""name"":""Standardized Analyst Consensus Forecasts""}","1","2026-07-01","1","Indicator of forecast versus actual periods within the series (M..1 = forecasts; 0, -1, -2 = actual/outdated)","forecast_actual_indicator_pretax_annual12_2","2","GBR","{""id"":""analyst-analyst-estimates"",""name"":""Analyst Estimates""}","[]","VECTOR","TOP700","0"
"0","{""id"":""analyst"",""name"":""Analyst""}","0","{""id"":""analyst_consensus"",""name"":""Standardized Analyst Consensus Forecasts""}","1","2026-07-01","1","Indicator of period type within the series: positive M..1 for forecast periods, 0 and negatives for actual/outdated periods","forecast_actual_indicator_pretax_quarterly16_tribes","2","GBR","{""id"":""analyst-analyst-estimates"",""name"":""Analyst Estimates""}","[]","VECTOR","TOP700","0"
"0","{""id"":""analyst"",""name"":""Analyst""}","0","{""id"":""analyst_consensus"",""name"":""Standardized Analyst Consensus Forecasts""}","1","2026-07-01","1","Forecast/actual period indicator (M..1 = forecast periods; 0, -1, -2 = actual/reporting periods)","forecast_actual_indicator_pretax_reported_annual12_tribes","2","GBR","{""id"":""analyst-analyst-estimates"",""name"":""Analyst Estimates""}","[]","VECTOR","TOP700","0"
"0","{""id"":""analyst"",""name"":""Analyst""}","0","{""id"":""analyst_consensus"",""name"":""Standardized Analyst Consensus Forecasts""}","1","2026-07-01","1","Indicator showing whether the value is a forecast or an actual for pre-tax profit (reported) in the quarterly period.","forecast_actual_indicator_pretax_reported_quarterly16","2","GBR","{""id"":""analyst-analyst-estimates"",""name"":""Analyst Estimates""}","[]","VECTOR","TOP700","0"
"0","{""id"":""analyst"",""name"":""Analyst""}","0","{""id"":""analyst_consensus"",""name"":""Standardized Analyst Consensus Forecasts""}","1","2026-07-01","1","Forecast/actual period indicator per point: M..1 denote forecast horizons; 0, -1, -2 denote actual/reporting periods per vendor regime","forecast_actual_indicator_return_on_capital_annual12","2","GBR","{""id"":""analyst-analyst-estimates"",""name"":""Analyst Estimates""}","[]","VECTOR","TOP700","0"
"0","{""id"":""analyst"",""name"":""Analyst""}","0","{""id"":""analyst_consensus"",""name"":""Standardized Analyst Consensus Forecasts""}","1","2026-07-01","1","Indicator flag showing if the value is a forecast or an actual for annual revenue.","forecast_actual_indicator_revenue_annual12_2","2","GBR","{""id"":""analyst-analyst-estimates"",""name"":""Analyst Estimates""}","[]","VECTOR","TOP700","0"
"0","{""id"":""analyst"",""name"":""Analyst""}","0","{""id"":""analyst_consensus"",""name"":""Standardized Analyst Consensus Forecasts""}","1","2026-07-01","1","Flag indicating whether the value is a forecast or actual for revenue.","forecast_actual_indicator_revenue_annual12_tribes","2","GBR","{""id"":""analyst-analyst-estimates"",""name"":""Analyst Estimates""}","[]","VECTOR","TOP700","0"
"0","{""id"":""analyst"",""name"":""Analyst""}","0","{""id"":""analyst_consensus"",""name"":""Standardized Analyst Consensus Forecasts""}","1","2026-07-01","1","Event indicator for forecast/actual regime (M..1 = forecast periods; 0, -1, -2 = actual or post-actual periods)","forecast_actual_indicator_revenue_quarterly16","2","GBR","{""id"":""analyst-analyst-estimates"",""name"":""Analyst Estimates""}","[]","VECTOR","TOP700","0"
"0","{""id"":""analyst"",""name"":""Analyst""}","0","{""id"":""analyst_consensus"",""name"":""Standardized Analyst Consensus Forecasts""}","1","2026-07-01","1","Event indicator marking forecast vs actual periods (M..1 = forecast, 0,-1.. = actual) for ROE","forecast_actual_indicator_roe_annual12","2","GBR","{""id"":""analyst-analyst-estimates"",""name"":""Analyst Estimates""}","[]","VECTOR","TOP700","0"
"0","{""id"":""analyst"",""name"":""Analyst""}","0","{""id"":""analyst_consensus"",""name"":""Standardized Analyst Consensus Forecasts""}","1","2026-07-01","1","A code or flag indicating whether the value is a forecast or an actual for return on equity in the annual period.","forecast_actual_indicator_roe_annual12_2","2","GBR","{""id"":""analyst-analyst-estimates"",""name"":""Analyst Estimates""}","[]","VECTOR","TOP700","0"
"0","{""id"":""analyst"",""name"":""Analyst""}","0","{""id"":""analyst_consensus"",""name"":""Standardized Analyst Consensus Forecasts""}","1","2026-07-01","1","Indicator showing whether the value is a forecast or an actual for annual return on assets.","forecast_actual_indicator_roe_annual12_tribes","2","GBR","{""id"":""analyst-analyst-estimates"",""name"":""Analyst Estimates""}","[]","VECTOR","TOP700","0"
"0","{""id"":""analyst"",""name"":""Analyst""}","0","{""id"":""analyst_consensus"",""name"":""Standardized Analyst Consensus Forecasts""}","1","2026-07-01","1","Event-period indicator: codes M..1 for forecast periods and 0,-1,-2.. for actual/reporting periods, aligning estimates/actuals","forecast_actual_indicator_sharesoutstanding_annual12","2","GBR","{""id"":""analyst-analyst-estimates"",""name"":""Analyst Estimates""}","[]","VECTOR","TOP700","0"
"0","{""id"":""analyst"",""name"":""Analyst""}","0","{""id"":""analyst_consensus"",""name"":""Standardized Analyst Consensus Forecasts""}","1","2026-07-01","1","Flag indicating whether the value is a forecast or actual for tangible book value per share.","forecast_actual_indicator_tangbookvalue_annual12_tribes","2","GBR","{""id"":""analyst-analyst-estimates"",""name"":""Analyst Estimates""}","[]","VECTOR","TOP700","0"
"0","{""id"":""analyst"",""name"":""Analyst""}","0","{""id"":""analyst_consensus"",""name"":""Standardized Analyst Consensus Forecasts""}","1","2026-07-01","1","Indicator vector for period type: M...1 = forecast periods; 0, -1, -2... = actual/outdated forecasts","forecast_actual_indicator_taxprovision_annual12_tribes","2","GBR","{""id"":""analyst-analyst-estimates"",""name"":""Analyst Estimates""}","[]","VECTOR","TOP700","0"
"0","{""id"":""analyst"",""name"":""Analyst""}","0","{""id"":""analyst_consensus"",""name"":""Standardized Analyst Consensus Forecasts""}","1","2026-07-01","1","Flag indicating whether the value is a forecast or actual for effective tax rate in the annual period.","forecast_actual_indicator_taxrate_annual12","2","GBR","{""id"":""analyst-analyst-estimates"",""name"":""Analyst Estimates""}","[]","VECTOR","TOP700","0"
"0","{""id"":""analyst"",""name"":""Analyst""}","0","{""id"":""analyst_consensus"",""name"":""Standardized Analyst Consensus Forecasts""}","1","2026-07-01","1","Indicator showing whether the value is a forecast or an actual for tax provision in the current quarter.","forecast_actual_indicator_tax_provision_quarterly16","2","GBR","{""id"":""analyst-analyst-estimates"",""name"":""Analyst Estimates""}","[]","VECTOR","TOP700","0"
"0","{""id"":""analyst"",""name"":""Analyst""}","0","{""id"":""analyst_consensus"",""name"":""Standardized Analyst Consensus Forecasts""}","0.1982","2026-07-01","1","Event indicator per element: M..1 denote forecast periods ahead, 0, -1, -2… denote actuals or post-actual positions","forecast_actual_indicator_totalliab_annual12_tribes","2","GBR","{""id"":""analyst-analyst-estimates"",""name"":""Analyst Estimates""}","[]","VECTOR","TOP700","0"
"0","{""id"":""analyst"",""name"":""Analyst""}","0","{""id"":""analyst_consensus"",""name"":""Standardized Analyst Consensus Forecasts""}","1","2026-07-01","1","Event-type indicator: positive/M..1 for forecast periods, 0/-1/-2 for actual or outdated forecast periods","forecast_actual_indicator_total_assets_annual12","2","GBR","{""id"":""analyst-analyst-estimates"",""name"":""Analyst Estimates""}","[]","VECTOR","TOP700","0"
"0","{""id"":""analyst"",""name"":""Analyst""}","0","{""id"":""analyst_consensus"",""name"":""Standardized Analyst Consensus Forecasts""}","1","2026-07-01","1","Highest analyst forecast for annual Gross Income","highest_analyst_estimate_gross_income","2","GBR","{""id"":""analyst-analyst-estimates"",""name"":""Analyst Estimates""}","[]","VECTOR","TOP700","0"
"0","{""id"":""analyst"",""name"":""Analyst""}","0","{""id"":""analyst_consensus"",""name"":""Standardized Analyst Consensus Forecasts""}","1","2026-07-01","1","Currency/split/regime-adjusted highest analyst estimate for DEPAMORT","highest_estimate_fxadj_depreciation_amortization","2","GBR","{""id"":""analyst-analyst-estimates"",""name"":""Analyst Estimates""}","[]","VECTOR","TOP700","0"
"0","{""id"":""analyst"",""name"":""Analyst""}","0","{""id"":""analyst_consensus"",""name"":""Standardized Analyst Consensus Forecasts""}","1","2026-07-01","1","Highest analyst Gross Income estimate, adjusted for currency/regime","highest_estimate_fxadj_gross_income","2","GBR","{""id"":""analyst-analyst-estimates"",""name"":""Analyst Estimates""}","[]","VECTOR","TOP700","0"
"0","{""id"":""analyst"",""name"":""Analyst""}","0","{""id"":""analyst_consensus"",""name"":""Standardized Analyst Consensus Forecasts""}","1","2026-07-01","1","Lowest analyst forecast estimate for annual DEPAMORT","lowest_analyst_estimate_depreciation_amortization","2","GBR","{""id"":""analyst-analyst-estimates"",""name"":""Analyst Estimates""}","[]","VECTOR","TOP700","0"
"0","{""id"":""analyst"",""name"":""Analyst""}","0","{""id"":""analyst_consensus"",""name"":""Standardized Analyst Consensus Forecasts""}","1","2026-07-01","1","Lowest analyst forecast for annual Gross Income","lowest_analyst_estimate_gross_income","2","GBR","{""id"":""analyst-analyst-estimates"",""name"":""Analyst Estimates""}","[]","VECTOR","TOP700","0"
"0","{""id"":""analyst"",""name"":""Analyst""}","0","{""id"":""analyst_consensus"",""name"":""Standardized Analyst Consensus Forecasts""}","1","2026-07-01","1","Currency/split/regime-adjusted lowest analyst estimate for DEPAMORT","lowest_estimate_fxadj_depreciation_amortization","2","GBR","{""id"":""analyst-analyst-estimates"",""name"":""Analyst Estimates""}","[]","VECTOR","TOP700","0"
"0","{""id"":""analyst"",""name"":""Analyst""}","0","{""id"":""analyst_consensus"",""name"":""Standardized Analyst Consensus Forecasts""}","1","2026-07-01","1","Lowest analyst Gross Income estimate, adjusted for currency/regime","lowest_estimate_fxadj_gross_income","2","GBR","{""id"":""analyst-analyst-estimates"",""name"":""Analyst Estimates""}","[]","VECTOR","TOP700","0"
"0","{""id"":""analyst"",""name"":""Analyst""}","0","{""id"":""analyst_consensus"",""name"":""Standardized Analyst Consensus Forecasts""}","1","2026-07-01","1","Highest analyst BVPS estimate in the current consensus period (forecast only)","max_estimate_bvps_annual12_tribes","2","GBR","{""id"":""analyst-analyst-estimates"",""name"":""Analyst Estimates""}","[]","VECTOR","TOP700","0"
"0","{""id"":""analyst"",""name"":""Analyst""}","0","{""id"":""analyst_consensus"",""name"":""Standardized Analyst Consensus Forecasts""}","1","2026-07-01","1","Highest raw analyst CAPEX forecast (forecast-only, unadjusted)","max_estimate_capex_annual12","2","GBR","{""id"":""analyst-analyst-estimates"",""name"":""Analyst Estimates""}","[]","VECTOR","TOP700","0"
"0","{""id"":""analyst"",""name"":""Analyst""}","0","{""id"":""analyst_consensus"",""name"":""Standardized Analyst Consensus Forecasts""}","1","2026-07-01","1","Highest analyst estimate (forecast only) for annual Cash Flow from Financing, unadjusted","max_estimate_cashflowfinancing_annual12","2","GBR","{""id"":""analyst-analyst-estimates"",""name"":""Analyst Estimates""}","[]","VECTOR","TOP700","0"
"0","{""id"":""analyst"",""name"":""Analyst""}","0","{""id"":""analyst_consensus"",""name"":""Standardized Analyst Consensus Forecasts""}","1","2026-07-01","1","Highest analyst estimate for cash flow from investing","max_estimate_cashflowinvesting_annual12","2","GBR","{""id"":""analyst-analyst-estimates"",""name"":""Analyst Estimates""}","[]","VECTOR","TOP700","0"
"0","{""id"":""analyst"",""name"":""Analyst""}","0","{""id"":""analyst_consensus"",""name"":""Standardized Analyst Consensus Forecasts""}","1","2026-07-01","1","Highest analyst forecast for annual operating cash flow (forecast-only)","max_estimate_cfo_annual12","2","GBR","{""id"":""analyst-analyst-estimates"",""name"":""Analyst Estimates""}","[]","VECTOR","TOP700","0"
"0","{""id"":""analyst"",""name"":""Analyst""}","0","{""id"":""analyst_consensus"",""name"":""Standardized Analyst Consensus Forecasts""}","1","2026-07-01","1","Highest analyst CFPS estimate for the period (forecast)","max_estimate_cfps_annual12_2","2","GBR","{""id"":""analyst-analyst-estimates"",""name"":""Analyst Estimates""}","[]","VECTOR","TOP700","0"
"0","{""id"":""analyst"",""name"":""Analyst""}","0","{""id"":""analyst_consensus"",""name"":""Standardized Analyst Consensus Forecasts""}","1","2026-07-01","1","Highest analyst estimate for annual Cost of Goods Sold","max_estimate_cogs_annual12_tribes","2","GBR","{""id"":""analyst-analyst-estimates"",""name"":""Analyst Estimates""}","[]","VECTOR","TOP700","0"
"0","{""id"":""analyst"",""name"":""Analyst""}","0","{""id"":""analyst_consensus"",""name"":""Standardized Analyst Consensus Forecasts""}","0.7755","2026-07-01","1","Highest analyst estimate for Current Assets","max_estimate_currentassets_annual12","2","GBR","{""id"":""analyst-analyst-estimates"",""name"":""Analyst Estimates""}","[]","VECTOR","TOP700","0"
"0","{""id"":""analyst"",""name"":""Analyst""}","0","{""id"":""analyst_consensus"",""name"":""Standardized Analyst Consensus Forecasts""}","0.7755","2026-07-01","1","Highest analyst forecast (forecast-only consensus high) for annual current liabilities","max_estimate_currentliabilities_annual12","2","GBR","{""id"":""analyst-analyst-estimates"",""name"":""Analyst Estimates""}","[]","VECTOR","TOP700","0"
"0","{""id"":""analyst"",""name"":""Analyst""}","0","{""id"":""analyst_consensus"",""name"":""Standardized Analyst Consensus Forecasts""}","1","2026-07-01","1","Highest current EBT consensus estimate","max_estimate_current_period_ebt_annual12","2","GBR","{""id"":""analyst-analyst-estimates"",""name"":""Analyst Estimates""}","[]","VECTOR","TOP700","0"
"0","{""id"":""analyst"",""name"":""Analyst""}","0","{""id"":""analyst_consensus"",""name"":""Standardized Analyst Consensus Forecasts""}","1","2026-07-01","1","Highest analyst quarterly EPS estimate (forecast only)","max_estimate_current_period_eps_quarterly16","2","GBR","{""id"":""analyst-analyst-estimates"",""name"":""Analyst Estimates""}","[]","VECTOR","TOP700","0"
"0","{""id"":""analyst"",""name"":""Analyst""}","0","{""id"":""analyst_consensus"",""name"":""Standardized Analyst Consensus Forecasts""}","1","2026-07-01","1","Highest current consensus estimate for the GPS metric","max_estimate_current_period_gps","2","GBR","{""id"":""analyst-analyst-estimates"",""name"":""Analyst Estimates""}","[]","VECTOR","TOP700","0"
"0","{""id"":""analyst"",""name"":""Analyst""}","0","{""id"":""analyst_consensus"",""name"":""Standardized Analyst Consensus Forecasts""}","1","2026-07-01","1","Highest current analyst estimate in the annual NAV consensus","max_estimate_current_period_nav_annual12","2","GBR","{""id"":""analyst-analyst-estimates"",""name"":""Analyst Estimates""}","[]","VECTOR","TOP700","0"
"0","{""id"":""analyst"",""name"":""Analyst""}","0","{""id"":""analyst_consensus"",""name"":""Standardized Analyst Consensus Forecasts""}","1","2026-07-01","1","Highest current PRE consensus estimate","max_estimate_current_period_pretax_annual12","2","GBR","{""id"":""analyst-analyst-estimates"",""name"":""Analyst Estimates""}","[]","VECTOR","TOP700","0"
"0","{""id"":""analyst"",""name"":""Analyst""}","0","{""id"":""analyst_consensus"",""name"":""Standardized Analyst Consensus Forecasts""}","1","2026-07-01","1","Highest current annual sales consensus estimate","max_estimate_current_period_revenue_annual12","2","GBR","{""id"":""analyst-analyst-estimates"",""name"":""Analyst Estimates""}","[]","VECTOR","TOP700","0"
"0","{""id"":""analyst"",""name"":""Analyst""}","0","{""id"":""analyst_consensus"",""name"":""Standardized Analyst Consensus Forecasts""}","1","2026-07-01","1","Highest current consensus estimate for annual ROE","max_estimate_current_period_roe_annual12","2","GBR","{""id"":""analyst-analyst-estimates"",""name"":""Analyst Estimates""}","[]","VECTOR","TOP700","0"
"0","{""id"":""analyst"",""name"":""Analyst""}","0","{""id"":""analyst_consensus"",""name"":""Standardized Analyst Consensus Forecasts""}","1","2026-07-01","1","Highest analyst forecast estimate for annual depreciation and amortization (DEPAMORT) within the p12 regime window","max_estimate_depreciation_amortization_annual12","2","GBR","{""id"":""analyst-analyst-estimates"",""name"":""Analyst Estimates""}","[]","VECTOR","TOP700","0"
"0","{""id"":""analyst"",""name"":""Analyst""}","0","{""id"":""analyst_consensus"",""name"":""Standardized Analyst Consensus Forecasts""}","1","2026-07-01","1","Highest analyst forecast for annual depreciation","max_estimate_depreciation_annual12","2","GBR","{""id"":""analyst-analyst-estimates"",""name"":""Analyst Estimates""}","[]","VECTOR","TOP700","0"
"0","{""id"":""analyst"",""name"":""Analyst""}","0","{""id"":""analyst_consensus"",""name"":""Standardized Analyst Consensus Forecasts""}","1","2026-07-01","1","Highest current annual DPS consensus estimate","max_estimate_dividend_annual12","2","GBR","{""id"":""analyst-analyst-estimates"",""name"":""Analyst Estimates""}","[]","VECTOR","TOP700","0"
"0","{""id"":""analyst"",""name"":""Analyst""}","0","{""id"":""analyst_consensus"",""name"":""Standardized Analyst Consensus Forecasts""}","1","2026-07-01","1","Highest analyst annual DPS estimate (forecast)","max_estimate_dividend_annual12_2","2","GBR","{""id"":""analyst-analyst-estimates"",""name"":""Analyst Estimates""}","[]","VECTOR","TOP700","0"
"0","{""id"":""analyst"",""name"":""Analyst""}","0","{""id"":""analyst_consensus"",""name"":""Standardized Analyst Consensus Forecasts""}","1","2026-07-01","1","Highest analyst estimate for total dividend","max_estimate_dividend_annual12_tribes","2","GBR","{""id"":""analyst-analyst-estimates"",""name"":""Analyst Estimates""}","[]","VECTOR","TOP700","0"
"0","{""id"":""analyst"",""name"":""Analyst""}","0","{""id"":""analyst_consensus"",""name"":""Standardized Analyst Consensus Forecasts""}","1","2026-07-01","1","Highest analyst estimate (forecast only)","max_estimate_dps_quarterly16","2","GBR","{""id"":""analyst-analyst-estimates"",""name"":""Analyst Estimates""}","[]","VECTOR","TOP700","0"
"0","{""id"":""analyst"",""name"":""Analyst""}","0","{""id"":""analyst_consensus"",""name"":""Standardized Analyst Consensus Forecasts""}","1","2026-07-01","1","Highest analyst estimate for annual Reported EBITDA for the period (forecast only)","max_estimate_ebitdarep_annual12","2","GBR","{""id"":""analyst-analyst-estimates"",""name"":""Analyst Estimates""}","[]","VECTOR","TOP700","0"
"0","{""id"":""analyst"",""name"":""Analyst""}","0","{""id"":""analyst_consensus"",""name"":""Standardized Analyst Consensus Forecasts""}","1","2026-07-01","1","Highest analyst EBITDA estimate (forecast only)","max_estimate_ebitda_annual12","2","GBR","{""id"":""analyst-analyst-estimates"",""name"":""Analyst Estimates""}","[]","VECTOR","TOP700","0"
"0","{""id"":""analyst"",""name"":""Analyst""}","0","{""id"":""analyst_consensus"",""name"":""Standardized Analyst Consensus Forecasts""}","1","2026-07-01","1","Highest analyst EBITDA estimate for the forecast period","max_estimate_ebitda_quarterly16","2","GBR","{""id"":""analyst-analyst-estimates"",""name"":""Analyst Estimates""}","[]","VECTOR","TOP700","0"
"0","{""id"":""analyst"",""name"":""Analyst""}","0","{""id"":""analyst_consensus"",""name"":""Standardized Analyst Consensus Forecasts""}","1","2026-07-01","1","Highest analyst annual EBIT estimate (forecast-only)","max_estimate_ebit_annual12","2","GBR","{""id"":""analyst-analyst-estimates"",""name"":""Analyst Estimates""}","[]","VECTOR","TOP700","0"
"0","{""id"":""analyst"",""name"":""Analyst""}","0","{""id"":""analyst_consensus"",""name"":""Standardized Analyst Consensus Forecasts""}","1","2026-07-01","1","Current highest EBI consensus estimate","max_estimate_ebit_annual12_2","2","GBR","{""id"":""analyst-analyst-estimates"",""name"":""Analyst Estimates""}","[]","VECTOR","TOP700","0"
"0","{""id"":""analyst"",""name"":""Analyst""}","0","{""id"":""analyst_consensus"",""name"":""Standardized Analyst Consensus Forecasts""}","1","2026-07-01","1","Highest analyst forecast estimate for quarterly EBIT","max_estimate_ebit_quarterly16_tribes","2","GBR","{""id"":""analyst-analyst-estimates"",""name"":""Analyst Estimates""}","[]","VECTOR","TOP700","0"
"0","{""id"":""analyst"",""name"":""Analyst""}","0","{""id"":""analyst_consensus"",""name"":""Standardized Analyst Consensus Forecasts""}","1","2026-07-01","1","Highest analyst EV estimate (consensus window)","max_estimate_enterprisevalue_annual12","2","GBR","{""id"":""analyst-analyst-estimates"",""name"":""Analyst Estimates""}","[]","VECTOR","TOP700","0"
"0","{""id"":""analyst"",""name"":""Analyst""}","0","{""id"":""analyst_consensus"",""name"":""Standardized Analyst Consensus Forecasts""}","1","2026-07-01","1","Highest analyst estimate (forecast only) for annual reported EPS (EPSREP)","max_estimate_epsreported_annual12","2","GBR","{""id"":""analyst-analyst-estimates"",""name"":""Analyst Estimates""}","[]","VECTOR","TOP700","0"
"0","{""id"":""analyst"",""name"":""Analyst""}","0","{""id"":""analyst_consensus"",""name"":""Standardized Analyst Consensus Forecasts""}","1","2026-07-01","1","Highest analyst EPS estimate","max_estimate_eps_annual12","2","GBR","{""id"":""analyst-analyst-estimates"",""name"":""Analyst Estimates""}","[]","VECTOR","TOP700","0"
"0","{""id"":""analyst"",""name"":""Analyst""}","0","{""id"":""analyst_consensus"",""name"":""Standardized Analyst Consensus Forecasts""}","1","2026-07-01","1","Highest analyst EPS estimate in the current forecast consensus (forecast-only)","max_estimate_eps_longterm","2","GBR","{""id"":""analyst-analyst-estimates"",""name"":""Analyst Estimates""}","[]","MATRIX","TOP700","0"
"0","{""id"":""analyst"",""name"":""Analyst""}","0","{""id"":""analyst_consensus"",""name"":""Standardized Analyst Consensus Forecasts""}","1","2026-07-01","1","Highest analyst forecast estimate for annual FCFPS","max_estimate_fcfps_annual12","2","GBR","{""id"":""analyst-analyst-estimates"",""name"":""Analyst Estimates""}","[]","VECTOR","TOP700","0"
"0","{""id"":""analyst"",""name"":""Analyst""}","0","{""id"":""analyst_consensus"",""name"":""Standardized Analyst Consensus Forecasts""}","1","2026-07-01","1","Highest analyst estimate for annual FCF","max_estimate_fcf_annual12","2","GBR","{""id"":""analyst-analyst-estimates"",""name"":""Analyst Estimates""}","[]","VECTOR","TOP700","0"
"0","{""id"":""analyst"",""name"":""Analyst""}","0","{""id"":""analyst_consensus"",""name"":""Standardized Analyst Consensus Forecasts""}","1","2026-07-01","1","Highest annual DPS consensus estimate recorded four weeks ago","max_estimate_four_weeks_prior_dividend_annual12","2","GBR","{""id"":""analyst-analyst-estimates"",""name"":""Analyst Estimates""}","[]","VECTOR","TOP700","0"
"0","{""id"":""analyst"",""name"":""Analyst""}","0","{""id"":""analyst_consensus"",""name"":""Standardized Analyst Consensus Forecasts""}","1","2026-07-01","1","Highest EBI consensus estimate as of four weeks ago","max_estimate_four_weeks_prior_ebit_annual12_2","2","GBR","{""id"":""analyst-analyst-estimates"",""name"":""Analyst Estimates""}","[]","VECTOR","TOP700","0"
"0","{""id"":""analyst"",""name"":""Analyst""}","0","{""id"":""analyst_consensus"",""name"":""Standardized Analyst Consensus Forecasts""}","1","2026-07-01","1","Highest EBT consensus estimate four weeks ago","max_estimate_four_weeks_prior_ebt_annual12","2","GBR","{""id"":""analyst-analyst-estimates"",""name"":""Analyst Estimates""}","[]","VECTOR","TOP700","0"
"0","{""id"":""analyst"",""name"":""Analyst""}","0","{""id"":""analyst_consensus"",""name"":""Standardized Analyst Consensus Forecasts""}","1","2026-07-01","1","Highest analyst annual DPS estimate as of four weeks ago, adjusted for currency and stock splits (vendor snapshot)","max_estimate_four_weeks_prior_fxadj_dividend_annual12","2","GBR","{""id"":""analyst-analyst-estimates"",""name"":""Analyst Estimates""}","[]","VECTOR","TOP700","0"
"0","{""id"":""analyst"",""name"":""Analyst""}","0","{""id"":""analyst_consensus"",""name"":""Standardized Analyst Consensus Forecasts""}","1","2026-07-01","1","Regime-adjusted highest analyst consensus estimate for annual EBI as of four weeks ago","max_estimate_four_weeks_prior_fxadj_ebit_annual12_2","2","GBR","{""id"":""analyst-analyst-estimates"",""name"":""Analyst Estimates""}","[]","VECTOR","TOP700","0"
"0","{""id"":""analyst"",""name"":""Analyst""}","0","{""id"":""analyst_consensus"",""name"":""Standardized Analyst Consensus Forecasts""}","1","2026-07-01","1","Regime-adjusted highest EBT consensus estimate four weeks ago","max_estimate_four_weeks_prior_fxadj_ebt_annual12","2","GBR","{""id"":""analyst-analyst-estimates"",""name"":""Analyst Estimates""}","[]","VECTOR","TOP700","0"
"0","{""id"":""analyst"",""name"":""Analyst""}","0","{""id"":""analyst_consensus"",""name"":""Standardized Analyst Consensus Forecasts""}","1","2026-07-01","1","Highest analyst estimate for fully reported EPS from four weeks ago, adjusted for currency.","max_estimate_four_weeks_prior_fxadj_gps2","2","GBR","{""id"":""analyst-analyst-estimates"",""name"":""Analyst Estimates""}","[]","VECTOR","TOP700","0"
"0","{""id"":""analyst"",""name"":""Analyst""}","0","{""id"":""analyst_consensus"",""name"":""Standardized Analyst Consensus Forecasts""}","1","2026-07-01","1","Currency and split-adjusted highest annual NAV estimate four weeks ago","max_estimate_four_weeks_prior_fxadj_nav_annual12","2","GBR","{""id"":""analyst-analyst-estimates"",""name"":""Analyst Estimates""}","[]","VECTOR","TOP700","0"
"0","{""id"":""analyst"",""name"":""Analyst""}","0","{""id"":""analyst_consensus"",""name"":""Standardized Analyst Consensus Forecasts""}","1","2026-07-01","1","Highest analyst estimate for net income from four weeks ago, adjusted for currency.","max_estimate_four_weeks_prior_fxadj_net2","2","GBR","{""id"":""analyst-analyst-estimates"",""name"":""Analyst Estimates""}","[]","VECTOR","TOP700","0"
"0","{""id"":""analyst"",""name"":""Analyst""}","0","{""id"":""analyst_consensus"",""name"":""Standardized Analyst Consensus Forecasts""}","1","2026-07-01","1","Regime-adjusted highest PRE consensus estimate from four weeks ago","max_estimate_four_weeks_prior_fxadj_pretax_annual12","2","GBR","{""id"":""analyst-analyst-estimates"",""name"":""Analyst Estimates""}","[]","VECTOR","TOP700","0"
"0","{""id"":""analyst"",""name"":""Analyst""}","0","{""id"":""analyst_consensus"",""name"":""Standardized Analyst Consensus Forecasts""}","1","2026-07-01","1","Highest pre-tax profit (reported) estimate from four weeks ago for the annual period, adjusted for currency effects.","max_estimate_four_weeks_prior_fxadj_pretax_reported_annual12","2","GBR","{""id"":""analyst-analyst-estimates"",""name"":""Analyst Estimates""}","[]","VECTOR","TOP700","0"
"0","{""id"":""analyst"",""name"":""Analyst""}","0","{""id"":""analyst_consensus"",""name"":""Standardized Analyst Consensus Forecasts""}","1","2026-07-01","1","Highest analyst forecast for annual reported net income four weeks ago, adjusted for currency and splits.","max_estimate_four_weeks_prior_fxadj_reportednet_annual12_2","2","GBR","{""id"":""analyst-analyst-estimates"",""name"":""Analyst Estimates""}","[]","VECTOR","TOP700","0"
"0","{""id"":""analyst"",""name"":""Analyst""}","0","{""id"":""analyst_consensus"",""name"":""Standardized Analyst Consensus Forecasts""}","1","2026-07-01","1","Regime-adjusted highest annual sales consensus estimate from four weeks ago","max_estimate_four_weeks_prior_fxadj_revenue_annual12","2","GBR","{""id"":""analyst-analyst-estimates"",""name"":""Analyst Estimates""}","[]","VECTOR","TOP700","0"
"0","{""id"":""analyst"",""name"":""Analyst""}","0","{""id"":""analyst_consensus"",""name"":""Standardized Analyst Consensus Forecasts""}","1","2026-07-01","1","Highest individual estimate in the consensus as of the vendor's 4 weeks ago snapshot for GPS","max_estimate_four_weeks_prior_gps","2","GBR","{""id"":""analyst-analyst-estimates"",""name"":""Analyst Estimates""}","[]","VECTOR","TOP700","0"
"0","{""id"":""analyst"",""name"":""Analyst""}","0","{""id"":""analyst_consensus"",""name"":""Standardized Analyst Consensus Forecasts""}","1","2026-07-01","1","Highest net asset value estimate from four weeks prior for the annual period.","max_estimate_four_weeks_prior_nav_annual12","2","GBR","{""id"":""analyst-analyst-estimates"",""name"":""Analyst Estimates""}","[]","VECTOR","TOP700","0"
"0","{""id"":""analyst"",""name"":""Analyst""}","0","{""id"":""analyst_consensus"",""name"":""Standardized Analyst Consensus Forecasts""}","1","2026-07-01","1","Highest contributor estimate 4 weeks ago for annual Net Income","max_estimate_four_weeks_prior_net2","2","GBR","{""id"":""analyst-analyst-estimates"",""name"":""Analyst Estimates""}","[]","VECTOR","TOP700","0"
"0","{""id"":""analyst"",""name"":""Analyst""}","0","{""id"":""analyst_consensus"",""name"":""Standardized Analyst Consensus Forecasts""}","1","2026-07-01","1","Highest consensus estimate for the PRE measure recorded four weeks ago","max_estimate_four_weeks_prior_pretax_annual12","2","GBR","{""id"":""analyst-analyst-estimates"",""name"":""Analyst Estimates""}","[]","VECTOR","TOP700","0"
"0","{""id"":""analyst"",""name"":""Analyst""}","0","{""id"":""analyst_consensus"",""name"":""Standardized Analyst Consensus Forecasts""}","1","2026-07-01","1","Highest PRR estimate four weeks ago","max_estimate_four_weeks_prior_pretax_reported_annual12","2","GBR","{""id"":""analyst-analyst-estimates"",""name"":""Analyst Estimates""}","[]","VECTOR","TOP700","0"
"0","{""id"":""analyst"",""name"":""Analyst""}","0","{""id"":""analyst_consensus"",""name"":""Standardized Analyst Consensus Forecasts""}","1","2026-07-01","1","Highest analyst forecast for annual reported net income as of four weeks ago.","max_estimate_four_weeks_prior_reportednet_annual12_2","2","GBR","{""id"":""analyst-analyst-estimates"",""name"":""Analyst Estimates""}","[]","VECTOR","TOP700","0"
"0","{""id"":""analyst"",""name"":""Analyst""}","0","{""id"":""analyst_consensus"",""name"":""Standardized Analyst Consensus Forecasts""}","1","2026-07-01","1","Highest sales estimate in the consensus four weeks ago","max_estimate_four_weeks_prior_revenue_annual12","2","GBR","{""id"":""analyst-analyst-estimates"",""name"":""Analyst Estimates""}","[]","VECTOR","TOP700","0"
"0","{""id"":""analyst"",""name"":""Analyst""}","0","{""id"":""analyst_consensus"",""name"":""Standardized Analyst Consensus Forecasts""}","1","2026-07-01","1","Vendor snapshot of the highest annual ROE estimate 4 weeks prior","max_estimate_four_weeks_prior_roe_annual12","2","GBR","{""id"":""analyst-analyst-estimates"",""name"":""Analyst Estimates""}","[]","VECTOR","TOP700","0"
"0","{""id"":""analyst"",""name"":""Analyst""}","0","{""id"":""analyst_consensus"",""name"":""Standardized Analyst Consensus Forecasts""}","1","2026-07-01","1","Highest analyst EPSREP estimate","max_estimate_fullyreported_quarterly16_tribes","2","GBR","{""id"":""analyst-analyst-estimates"",""name"":""Analyst Estimates""}","[]","VECTOR","TOP700","0"
"0","{""id"":""analyst"",""name"":""Analyst""}","0","{""id"":""analyst_consensus"",""name"":""Standardized Analyst Consensus Forecasts""}","1","2026-07-01","1","FX and regime-adjusted highest analyst BVPS forecast within the window","max_estimate_fxadj_bvps_annual12_2","2","GBR","{""id"":""analyst-analyst-estimates"",""name"":""Analyst Estimates""}","[]","VECTOR","TOP700","0"
"0","{""id"":""analyst"",""name"":""Analyst""}","0","{""id"":""analyst_consensus"",""name"":""Standardized Analyst Consensus Forecasts""}","1","2026-07-01","1","Highest CAPEX forecast after currency/split/regime adjustment","max_estimate_fxadj_capex_annual12","2","GBR","{""id"":""analyst-analyst-estimates"",""name"":""Analyst Estimates""}","[]","VECTOR","TOP700","0"
"0","{""id"":""analyst"",""name"":""Analyst""}","0","{""id"":""analyst_consensus"",""name"":""Standardized Analyst Consensus Forecasts""}","1","2026-07-01","1","Currency-adjusted highest analyst estimate for annual Cash Flow from Financing","max_estimate_fxadj_cashflowfinancing_annual12","2","GBR","{""id"":""analyst-analyst-estimates"",""name"":""Analyst Estimates""}","[]","VECTOR","TOP700","0"
"0","{""id"":""analyst"",""name"":""Analyst""}","0","{""id"":""analyst_consensus"",""name"":""Standardized Analyst Consensus Forecasts""}","1","2026-07-01","1","Currency-adjusted highest analyst estimate","max_estimate_fxadj_cashflowinvesting_annual12","2","GBR","{""id"":""analyst-analyst-estimates"",""name"":""Analyst Estimates""}","[]","VECTOR","TOP700","0"
"0","{""id"":""analyst"",""name"":""Analyst""}","0","{""id"":""analyst_consensus"",""name"":""Standardized Analyst Consensus Forecasts""}","1","2026-07-01","1","Highest analyst forecast for annual operating cash flow, adjusted for currency and splits","max_estimate_fxadj_cfo_annual12","2","GBR","{""id"":""analyst-analyst-estimates"",""name"":""Analyst Estimates""}","[]","VECTOR","TOP700","0"
"0","{""id"":""analyst"",""name"":""Analyst""}","0","{""id"":""analyst_consensus"",""name"":""Standardized Analyst Consensus Forecasts""}","1","2026-07-01","1","FX/currency-adjusted highest analyst annual CFPS forecast","max_estimate_fxadj_cfps_annual12_2","2","GBR","{""id"":""analyst-analyst-estimates"",""name"":""Analyst Estimates""}","[]","VECTOR","TOP700","0"
"0","{""id"":""analyst"",""name"":""Analyst""}","0","{""id"":""analyst_consensus"",""name"":""Standardized Analyst Consensus Forecasts""}","1","2026-07-01","1","Currency-adjusted highest analyst forecast estimate for annual COGS","max_estimate_fxadj_cogs_annual12_tribes","2","GBR","{""id"":""analyst-analyst-estimates"",""name"":""Analyst Estimates""}","[]","VECTOR","TOP700","0"
"0","{""id"":""analyst"",""name"":""Analyst""}","0","{""id"":""analyst_consensus"",""name"":""Standardized Analyst Consensus Forecasts""}","0.7755","2026-07-01","1","FX/regime-adjusted highest analyst estimate for Current Assets","max_estimate_fxadj_currentassets_annual12","2","GBR","{""id"":""analyst-analyst-estimates"",""name"":""Analyst Estimates""}","[]","VECTOR","TOP700","0"
"0","{""id"":""analyst"",""name"":""Analyst""}","0","{""id"":""analyst_consensus"",""name"":""Standardized Analyst Consensus Forecasts""}","0.7755","2026-07-01","1","Highest analyst forecast for annual current liabilities adjusted for currency/splits/regime effects","max_estimate_fxadj_currentliabilities_annual12","2","GBR","{""id"":""analyst-analyst-estimates"",""name"":""Analyst Estimates""}","[]","VECTOR","TOP700","0"
"0","{""id"":""analyst"",""name"":""Analyst""}","0","{""id"":""analyst_consensus"",""name"":""Standardized Analyst Consensus Forecasts""}","1","2026-07-01","1","Currency-adjusted highest analyst forecast estimate for annual depreciation","max_estimate_fxadj_depreciation_annual12","2","GBR","{""id"":""analyst-analyst-estimates"",""name"":""Analyst Estimates""}","[]","VECTOR","TOP700","0"
"0","{""id"":""analyst"",""name"":""Analyst""}","0","{""id"":""analyst_consensus"",""name"":""Standardized Analyst Consensus Forecasts""}","1","2026-07-01","1","Currency/split-adjusted highest current consensus annual DPS estimate","max_estimate_fxadj_dividend_annual12","2","GBR","{""id"":""analyst-analyst-estimates"",""name"":""Analyst Estimates""}","[]","VECTOR","TOP700","0"
"0","{""id"":""analyst"",""name"":""Analyst""}","0","{""id"":""analyst_consensus"",""name"":""Standardized Analyst Consensus Forecasts""}","1","2026-07-01","1","Currency-adjusted highest analyst forecast for annual DPS","max_estimate_fxadj_dividend_annual12_2","2","GBR","{""id"":""analyst-analyst-estimates"",""name"":""Analyst Estimates""}","[]","VECTOR","TOP700","0"
"0","{""id"":""analyst"",""name"":""Analyst""}","0","{""id"":""analyst_consensus"",""name"":""Standardized Analyst Consensus Forecasts""}","1","2026-07-01","1","Currency/split/regime-adjusted highest analyst estimate for total dividend","max_estimate_fxadj_dividend_annual12_tribes","2","GBR","{""id"":""analyst-analyst-estimates"",""name"":""Analyst Estimates""}","[]","VECTOR","TOP700","0"
"0","{""id"":""analyst"",""name"":""Analyst""}","0","{""id"":""analyst_consensus"",""name"":""Standardized Analyst Consensus Forecasts""}","1","2026-07-01","1","Highest analyst estimate adjusted for currency/splits/regime","max_estimate_fxadj_dps_quarterly16","2","GBR","{""id"":""analyst-analyst-estimates"",""name"":""Analyst Estimates""}","[]","VECTOR","TOP700","0"
"0","{""id"":""analyst"",""name"":""Analyst""}","0","{""id"":""analyst_consensus"",""name"":""Standardized Analyst Consensus Forecasts""}","1","2026-07-01","1","Highest analyst estimate for annual Reported EBITDA, adjusted for currency/splits","max_estimate_fxadj_ebitdarep_annual12","2","GBR","{""id"":""analyst-analyst-estimates"",""name"":""Analyst Estimates""}","[]","VECTOR","TOP700","0"
"0","{""id"":""analyst"",""name"":""Analyst""}","0","{""id"":""analyst_consensus"",""name"":""Standardized Analyst Consensus Forecasts""}","1","2026-07-01","1","Currency-adjusted highest analyst EBITDA estimate","max_estimate_fxadj_ebitda_annual12","2","GBR","{""id"":""analyst-analyst-estimates"",""name"":""Analyst Estimates""}","[]","VECTOR","TOP700","0"
"0","{""id"":""analyst"",""name"":""Analyst""}","0","{""id"":""analyst_consensus"",""name"":""Standardized Analyst Consensus Forecasts""}","1","2026-07-01","1","Currency-adjusted highest analyst quarterly EBITDA estimate","max_estimate_fxadj_ebitda_quarterly16","2","GBR","{""id"":""analyst-analyst-estimates"",""name"":""Analyst Estimates""}","[]","VECTOR","TOP700","0"
"0","{""id"":""analyst"",""name"":""Analyst""}","0","{""id"":""analyst_consensus"",""name"":""Standardized Analyst Consensus Forecasts""}","1","2026-07-01","1","Currency-adjusted highest analyst estimate of annual EBIT","max_estimate_fxadj_ebit_annual12","2","GBR","{""id"":""analyst-analyst-estimates"",""name"":""Analyst Estimates""}","[]","VECTOR","TOP700","0"
"0","{""id"":""analyst"",""name"":""Analyst""}","0","{""id"":""analyst_consensus"",""name"":""Standardized Analyst Consensus Forecasts""}","1","2026-07-01","1","Currency/split adjusted highest individual EBI estimate in the consensus","max_estimate_fxadj_ebit_annual12_2","2","GBR","{""id"":""analyst-analyst-estimates"",""name"":""Analyst Estimates""}","[]","VECTOR","TOP700","0"
"0","{""id"":""analyst"",""name"":""Analyst""}","0","{""id"":""analyst_consensus"",""name"":""Standardized Analyst Consensus Forecasts""}","1","2026-07-01","1","Currency/split/regime adjusted highest analyst EBIT estimate","max_estimate_fxadj_ebit_quarterly16","2","GBR","{""id"":""analyst-analyst-estimates"",""name"":""Analyst Estimates""}","[]","VECTOR","TOP700","0"
"0","{""id"":""analyst"",""name"":""Analyst""}","0","{""id"":""analyst_consensus"",""name"":""Standardized Analyst Consensus Forecasts""}","1","2026-07-01","1","Regime-adjusted highest current EBT consensus estimate","max_estimate_fxadj_ebt_annual12","2","GBR","{""id"":""analyst-analyst-estimates"",""name"":""Analyst Estimates""}","[]","VECTOR","TOP700","0"
"0","{""id"":""analyst"",""name"":""Analyst""}","0","{""id"":""analyst_consensus"",""name"":""Standardized Analyst Consensus Forecasts""}","1","2026-07-01","1","FX/regime-adjusted highest analyst estimate for EV","max_estimate_fxadj_enterprisevalue_annual12","2","GBR","{""id"":""analyst-analyst-estimates"",""name"":""Analyst Estimates""}","[]","VECTOR","TOP700","0"
"0","{""id"":""analyst"",""name"":""Analyst""}","0","{""id"":""analyst_consensus"",""name"":""Standardized Analyst Consensus Forecasts""}","1","2026-07-01","1","FX/currency-adjusted highest analyst estimate for EPSREP","max_estimate_fxadj_epsreported_annual12","2","GBR","{""id"":""analyst-analyst-estimates"",""name"":""Analyst Estimates""}","[]","VECTOR","TOP700","0"
"0","{""id"":""analyst"",""name"":""Analyst""}","0","{""id"":""analyst_consensus"",""name"":""Standardized Analyst Consensus Forecasts""}","1","2026-07-01","1","FX-adjusted highest individual analyst EPS estimate for the annual period","max_estimate_fxadj_eps_annual12","2","GBR","{""id"":""analyst-analyst-estimates"",""name"":""Analyst Estimates""}","[]","VECTOR","TOP700","0"
"0","{""id"":""analyst"",""name"":""Analyst""}","0","{""id"":""analyst_consensus"",""name"":""Standardized Analyst Consensus Forecasts""}","1","2026-07-01","1","Currency/split/regime-adjusted highest analyst quarterly EPS estimate","max_estimate_fxadj_eps_quarterly16_tribes","2","GBR","{""id"":""analyst-analyst-estimates"",""name"":""Analyst Estimates""}","[]","VECTOR","TOP700","0"
"0","{""id"":""analyst"",""name"":""Analyst""}","0","{""id"":""analyst_consensus"",""name"":""Standardized Analyst Consensus Forecasts""}","1","2026-07-01","1","Highest analyst EPSREP estimate adjusted for currency/splits/regime","max_estimate_fxadj_eps_reported_quarterly16","2","GBR","{""id"":""analyst-analyst-estimates"",""name"":""Analyst Estimates""}","[]","VECTOR","TOP700","0"
"0","{""id"":""analyst"",""name"":""Analyst""}","0","{""id"":""analyst_consensus"",""name"":""Standardized Analyst Consensus Forecasts""}","1","2026-07-01","1","Highest analyst estimate for FCFPS after currency/split adjustments","max_estimate_fxadj_fcfps_annual12","2","GBR","{""id"":""analyst-analyst-estimates"",""name"":""Analyst Estimates""}","[]","VECTOR","TOP700","0"
"0","{""id"":""analyst"",""name"":""Analyst""}","0","{""id"":""analyst_consensus"",""name"":""Standardized Analyst Consensus Forecasts""}","1","2026-07-01","1","FX-adjusted highest analyst estimate of annual free cash flow (consensus)","max_estimate_fxadj_fcf_annual12","2","GBR","{""id"":""analyst-analyst-estimates"",""name"":""Analyst Estimates""}","[]","VECTOR","TOP700","0"
"0","{""id"":""analyst"",""name"":""Analyst""}","0","{""id"":""analyst_consensus"",""name"":""Standardized Analyst Consensus Forecasts""}","1","2026-07-01","1","Highest analyst estimate adjusted for currency (and splits where applicable)","max_estimate_fxadj_goodwill_annual12","2","GBR","{""id"":""analyst-analyst-estimates"",""name"":""Analyst Estimates""}","[]","VECTOR","TOP700","0"
"0","{""id"":""analyst"",""name"":""Analyst""}","0","{""id"":""analyst_consensus"",""name"":""Standardized Analyst Consensus Forecasts""}","1","2026-07-01","1","Adjusted highest current consensus estimate for the GPS measure","max_estimate_fxadj_gps","2","GBR","{""id"":""analyst-analyst-estimates"",""name"":""Analyst Estimates""}","[]","VECTOR","TOP700","0"
"0","{""id"":""analyst"",""name"":""Analyst""}","0","{""id"":""analyst_consensus"",""name"":""Standardized Analyst Consensus Forecasts""}","1","2026-07-01","1","Highest analyst forecast estimate for annual Interest Expense adjusted for currency/splits/regime effects","max_estimate_fxadj_interest_expense_annual12","2","GBR","{""id"":""analyst-analyst-estimates"",""name"":""Analyst Estimates""}","[]","VECTOR","TOP700","0"
"0","{""id"":""analyst"",""name"":""Analyst""}","0","{""id"":""analyst_consensus"",""name"":""Standardized Analyst Consensus Forecasts""}","1","2026-07-01","1","Currency and split adjusted highest analyst estimate for INVENTORY","max_estimate_fxadj_inventory_annual12","2","GBR","{""id"":""analyst-analyst-estimates"",""name"":""Analyst Estimates""}","[]","VECTOR","TOP700","0"
"0","{""id"":""analyst"",""name"":""Analyst""}","0","{""id"":""analyst_consensus"",""name"":""Standardized Analyst Consensus Forecasts""}","0.8193","2026-07-01","1","FX/regime-adjusted highest analyst estimate for Marketable Securities","max_estimate_fxadj_marketable_securities_annual12","2","GBR","{""id"":""analyst-analyst-estimates"",""name"":""Analyst Estimates""}","[]","VECTOR","TOP700","0"
"0","{""id"":""analyst"",""name"":""Analyst""}","0","{""id"":""analyst_consensus"",""name"":""Standardized Analyst Consensus Forecasts""}","1","2026-07-01","1","Current highest annual NAV estimate, adjusted for currency/splits/regime","max_estimate_fxadj_nav_annual12","2","GBR","{""id"":""analyst-analyst-estimates"",""name"":""Analyst Estimates""}","[]","VECTOR","TOP700","0"
"0","{""id"":""analyst"",""name"":""Analyst""}","0","{""id"":""analyst_consensus"",""name"":""Standardized Analyst Consensus Forecasts""}","1","2026-07-01","1","Highest analyst NAV estimate after currency/split adjustment","max_estimate_fxadj_nav_annual12_tribes","2","GBR","{""id"":""analyst-analyst-estimates"",""name"":""Analyst Estimates""}","[]","VECTOR","TOP700","0"
"0","{""id"":""analyst"",""name"":""Analyst""}","0","{""id"":""analyst_consensus"",""name"":""Standardized Analyst Consensus Forecasts""}","1","2026-07-01","1","Current highest analyst estimate for annual Net Income, currency/split-adjusted","max_estimate_fxadj_net2","2","GBR","{""id"":""analyst-analyst-estimates"",""name"":""Analyst Estimates""}","[]","VECTOR","TOP700","0"
"0","{""id"":""analyst"",""name"":""Analyst""}","0","{""id"":""analyst_consensus"",""name"":""Standardized Analyst Consensus Forecasts""}","1","2026-07-01","1","Currency/split/regime-adjusted highest analyst estimate for annual Net Debt","max_estimate_fxadj_netdebt_annual12_2","2","GBR","{""id"":""analyst-analyst-estimates"",""name"":""Analyst Estimates""}","[]","VECTOR","TOP700","0"
"0","{""id"":""analyst"",""name"":""Analyst""}","0","{""id"":""analyst_consensus"",""name"":""Standardized Analyst Consensus Forecasts""}","1","2026-07-01","1","Currency/regime-adjusted highest individual analyst estimate for annual Net Profit (Reported)","max_estimate_fxadj_netprofitreported_annual12","2","GBR","{""id"":""analyst-analyst-estimates"",""name"":""Analyst Estimates""}","[]","VECTOR","TOP700","0"
"0","{""id"":""analyst"",""name"":""Analyst""}","0","{""id"":""analyst_consensus"",""name"":""Standardized Analyst Consensus Forecasts""}","1","2026-07-01","1","Currency-adjusted highest analyst estimate for annual Net Profit","max_estimate_fxadj_netprofit_annual12","2","GBR","{""id"":""analyst-analyst-estimates"",""name"":""Analyst Estimates""}","[]","VECTOR","TOP700","0"
"0","{""id"":""analyst"",""name"":""Analyst""}","0","{""id"":""analyst_consensus"",""name"":""Standardized Analyst Consensus Forecasts""}","1","2026-07-01","1","Highest estimate adjusted for currency, splits, and regime effects","max_estimate_fxadj_netprofit_quarterly16","2","GBR","{""id"":""analyst-analyst-estimates"",""name"":""Analyst Estimates""}","[]","VECTOR","TOP700","0"
"0","{""id"":""analyst"",""name"":""Analyst""}","0","{""id"":""analyst_consensus"",""name"":""Standardized Analyst Consensus Forecasts""}","1","2026-07-01","1","Currency/split-adjusted highest analyst estimate for reported net profit","max_estimate_fxadj_netprofit_reported_quarterly16","2","GBR","{""id"":""analyst-analyst-estimates"",""name"":""Analyst Estimates""}","[]","VECTOR","TOP700","0"
"0","{""id"":""analyst"",""name"":""Analyst""}","0","{""id"":""analyst_consensus"",""name"":""Standardized Analyst Consensus Forecasts""}","1","2026-07-01","1","Currency-adjusted highest analyst forecast estimate for annual operating expenses","max_estimate_fxadj_operatingexpense_annual12","2","GBR","{""id"":""analyst-analyst-estimates"",""name"":""Analyst Estimates""}","[]","VECTOR","TOP700","0"
"0","{""id"":""analyst"",""name"":""Analyst""}","0","{""id"":""analyst_consensus"",""name"":""Standardized Analyst Consensus Forecasts""}","1","2026-07-01","1","Regime-adjusted highest current PRE consensus estimate","max_estimate_fxadj_pretax_annual12","2","GBR","{""id"":""analyst-analyst-estimates"",""name"":""Analyst Estimates""}","[]","VECTOR","TOP700","0"
"0","{""id"":""analyst"",""name"":""Analyst""}","0","{""id"":""analyst_consensus"",""name"":""Standardized Analyst Consensus Forecasts""}","1","2026-07-01","1","Highest analyst estimate for Parent Profit, adjusted for currency/splits/regime","max_estimate_fxadj_pretax_annual12_2","2","GBR","{""id"":""analyst-analyst-estimates"",""name"":""Analyst Estimates""}","[]","VECTOR","TOP700","0"
"0","{""id"":""analyst"",""name"":""Analyst""}","0","{""id"":""analyst_consensus"",""name"":""Standardized Analyst Consensus Forecasts""}","1","2026-07-01","1","Currency-adjusted highest analyst forecast estimate for the PPROFIT quarterly metric","max_estimate_fxadj_pretax_quarterly16_tribes","2","GBR","{""id"":""analyst-analyst-estimates"",""name"":""Analyst Estimates""}","[]","VECTOR","TOP700","0"
"0","{""id"":""analyst"",""name"":""Analyst""}","0","{""id"":""analyst_consensus"",""name"":""Standardized Analyst Consensus Forecasts""}","1","2026-07-01","1","Regime-adjusted current highest PRR consensus estimate","max_estimate_fxadj_pretax_reported_annual12","2","GBR","{""id"":""analyst-analyst-estimates"",""name"":""Analyst Estimates""}","[]","VECTOR","TOP700","0"
"0","{""id"":""analyst"",""name"":""Analyst""}","0","{""id"":""analyst_consensus"",""name"":""Standardized Analyst Consensus Forecasts""}","1","2026-07-01","1","Currency-adjusted highest analyst estimate for pre-tax profit","max_estimate_fxadj_pretax_reported_annual12_tribes","2","GBR","{""id"":""analyst-analyst-estimates"",""name"":""Analyst Estimates""}","[]","VECTOR","TOP700","0"
"0","{""id"":""analyst"",""name"":""Analyst""}","0","{""id"":""analyst_consensus"",""name"":""Standardized Analyst Consensus Forecasts""}","1","2026-07-01","1","Currency-adjusted highest analyst estimate for the PPROFITREP metric","max_estimate_fxadj_pretax_reported_quarterly16","2","GBR","{""id"":""analyst-analyst-estimates"",""name"":""Analyst Estimates""}","[]","VECTOR","TOP700","0"
"0","{""id"":""analyst"",""name"":""Analyst""}","0","{""id"":""analyst_consensus"",""name"":""Standardized Analyst Consensus Forecasts""}","1","2026-07-01","1","Highest analyst forecast for annual reported net income, adjusted for currency and splits.","max_estimate_fxadj_reportednet_annual12_2","2","GBR","{""id"":""analyst-analyst-estimates"",""name"":""Analyst Estimates""}","[]","VECTOR","TOP700","0"
"0","{""id"":""analyst"",""name"":""Analyst""}","0","{""id"":""analyst_consensus"",""name"":""Standardized Analyst Consensus Forecasts""}","1","2026-07-01","1","Highest current sales estimate adjusted for currency/splits/regime","max_estimate_fxadj_revenue_annual12","2","GBR","{""id"":""analyst-analyst-estimates"",""name"":""Analyst Estimates""}","[]","VECTOR","TOP700","0"
"0","{""id"":""analyst"",""name"":""Analyst""}","0","{""id"":""analyst_consensus"",""name"":""Standardized Analyst Consensus Forecasts""}","1","2026-07-01","1","Currency/split/regime-adjusted highest analyst annual revenue estimate (forecast only)","max_estimate_fxadj_revenue_annual12_tribes","2","GBR","{""id"":""analyst-analyst-estimates"",""name"":""Analyst Estimates""}","[]","VECTOR","TOP700","0"
"0","{""id"":""analyst"",""name"":""Analyst""}","0","{""id"":""analyst_consensus"",""name"":""Standardized Analyst Consensus Forecasts""}","1","2026-07-01","1","Currency-adjusted highest analysts’ quarterly revenue estimate","max_estimate_fxadj_revenue_quarterly16","2","GBR","{""id"":""analyst-analyst-estimates"",""name"":""Analyst Estimates""}","[]","VECTOR","TOP700","0"
"0","{""id"":""analyst"",""name"":""Analyst""}","0","{""id"":""analyst_consensus"",""name"":""Standardized Analyst Consensus Forecasts""}","1","2026-07-01","1","Currency/split-adjusted highest analyst estimate for the SEQUITY measure","max_estimate_fxadj_tangbookvalue_annual12_tribes","2","GBR","{""id"":""analyst-analyst-estimates"",""name"":""Analyst Estimates""}","[]","VECTOR","TOP700","0"
"0","{""id"":""analyst"",""name"":""Analyst""}","0","{""id"":""analyst_consensus"",""name"":""Standardized Analyst Consensus Forecasts""}","1","2026-07-01","1","Highest analyst target price estimate after currency and split adjustment","max_estimate_fxadj_targetprice_annual12_tribes","2","GBR","{""id"":""analyst-analyst-estimates"",""name"":""Analyst Estimates""}","[]","MATRIX","TOP700","0"
"0","{""id"":""analyst"",""name"":""Analyst""}","0","{""id"":""analyst_consensus"",""name"":""Standardized Analyst Consensus Forecasts""}","1","2026-07-01","1","Highest analyst forecast estimate for Tax Provision adjusted for currency/splits","max_estimate_fxadj_taxprovision_annual12_tribes","2","GBR","{""id"":""analyst-analyst-estimates"",""name"":""Analyst Estimates""}","[]","VECTOR","TOP700","0"
"0","{""id"":""analyst"",""name"":""Analyst""}","0","{""id"":""analyst_consensus"",""name"":""Standardized Analyst Consensus Forecasts""}","1","2026-07-01","1","Highest analyst forecast for effective tax rate in the annual period, adjusted for currency.","max_estimate_fxadj_taxrate_annual12","2","GBR","{""id"":""analyst-analyst-estimates"",""name"":""Analyst Estimates""}","[]","VECTOR","TOP700","0"
"0","{""id"":""analyst"",""name"":""Analyst""}","0","{""id"":""analyst_consensus"",""name"":""Standardized Analyst Consensus Forecasts""}","1","2026-07-01","1","Currency/regime-adjusted highest analyst estimate for tax provision","max_estimate_fxadj_tax_provision_quarterly16","2","GBR","{""id"":""analyst-analyst-estimates"",""name"":""Analyst Estimates""}","[]","VECTOR","TOP700","0"
"0","{""id"":""analyst"",""name"":""Analyst""}","0","{""id"":""analyst_consensus"",""name"":""Standardized Analyst Consensus Forecasts""}","0.1982","2026-07-01","1","Currency/split/regime-adjusted highest analyst forecast estimate for annual total liabilities","max_estimate_fxadj_totalliab_annual12_tribes","2","GBR","{""id"":""analyst-analyst-estimates"",""name"":""Analyst Estimates""}","[]","VECTOR","TOP700","0"
"0","{""id"":""analyst"",""name"":""Analyst""}","0","{""id"":""analyst_consensus"",""name"":""Standardized Analyst Consensus Forecasts""}","1","2026-07-01","1","Highest analyst estimate after currency/split adjustment","max_estimate_fxadj_total_assets_annual12","2","GBR","{""id"":""analyst-analyst-estimates"",""name"":""Analyst Estimates""}","[]","VECTOR","TOP700","0"
"0","{""id"":""analyst"",""name"":""Analyst""}","0","{""id"":""analyst_consensus"",""name"":""Standardized Analyst Consensus Forecasts""}","1","2026-07-01","1","Highest analyst estimate for goodwill (forecast only)","max_estimate_goodwill_annual12","2","GBR","{""id"":""analyst-analyst-estimates"",""name"":""Analyst Estimates""}","[]","VECTOR","TOP700","0"
"0","{""id"":""analyst"",""name"":""Analyst""}","0","{""id"":""analyst_consensus"",""name"":""Standardized Analyst Consensus Forecasts""}","1","2026-07-01","1","Highest analyst forecast estimate for the GPM measure","max_estimate_grossmargin_annual12_tribes","2","GBR","{""id"":""analyst-analyst-estimates"",""name"":""Analyst Estimates""}","[]","VECTOR","TOP700","0"
"0","{""id"":""analyst"",""name"":""Analyst""}","0","{""id"":""analyst_consensus"",""name"":""Standardized Analyst Consensus Forecasts""}","1","2026-07-01","1","Highest analyst forecast for annual Interest Expense (forecast only)","max_estimate_interest_expense_annual12","2","GBR","{""id"":""analyst-analyst-estimates"",""name"":""Analyst Estimates""}","[]","VECTOR","TOP700","0"
"0","{""id"":""analyst"",""name"":""Analyst""}","0","{""id"":""analyst_consensus"",""name"":""Standardized Analyst Consensus Forecasts""}","1","2026-07-01","1","Highest analyst estimate for the INVENTORY measure for the given annual period (forecast only)","max_estimate_inventory_annual12","2","GBR","{""id"":""analyst-analyst-estimates"",""name"":""Analyst Estimates""}","[]","VECTOR","TOP700","0"
"0","{""id"":""analyst"",""name"":""Analyst""}","0","{""id"":""analyst_consensus"",""name"":""Standardized Analyst Consensus Forecasts""}","0.8193","2026-07-01","1","Highest analyst estimate among forecasts for the measure","max_estimate_marketable_securities_annual12","2","GBR","{""id"":""analyst-analyst-estimates"",""name"":""Analyst Estimates""}","[]","VECTOR","TOP700","0"
"0","{""id"":""analyst"",""name"":""Analyst""}","0","{""id"":""analyst_consensus"",""name"":""Standardized Analyst Consensus Forecasts""}","1","2026-07-01","1","Highest analyst forecast estimate for NAV","max_estimate_nav_annual12_tribes","2","GBR","{""id"":""analyst-analyst-estimates"",""name"":""Analyst Estimates""}","[]","VECTOR","TOP700","0"
"0","{""id"":""analyst"",""name"":""Analyst""}","0","{""id"":""analyst_consensus"",""name"":""Standardized Analyst Consensus Forecasts""}","1","2026-07-01","1","Highest current analyst consensus estimate for annual Net Income (unadjusted)","max_estimate_net2","2","GBR","{""id"":""analyst-analyst-estimates"",""name"":""Analyst Estimates""}","[]","VECTOR","TOP700","0"
"0","{""id"":""analyst"",""name"":""Analyst""}","0","{""id"":""analyst_consensus"",""name"":""Standardized Analyst Consensus Forecasts""}","1","2026-07-01","1","Highest analyst estimate for annual Net Debt","max_estimate_netdebt_annual12_2","2","GBR","{""id"":""analyst-analyst-estimates"",""name"":""Analyst Estimates""}","[]","VECTOR","TOP700","0"
"0","{""id"":""analyst"",""name"":""Analyst""}","0","{""id"":""analyst_consensus"",""name"":""Standardized Analyst Consensus Forecasts""}","1","2026-07-01","1","Highest analyst estimate in the consensus for annual Net Profit Reported","max_estimate_netprofitreported_annual12","2","GBR","{""id"":""analyst-analyst-estimates"",""name"":""Analyst Estimates""}","[]","VECTOR","TOP700","0"
"0","{""id"":""analyst"",""name"":""Analyst""}","0","{""id"":""analyst_consensus"",""name"":""Standardized Analyst Consensus Forecasts""}","1","2026-07-01","1","Highest analyst estimate for annual Net Profit","max_estimate_netprofit_annual12","2","GBR","{""id"":""analyst-analyst-estimates"",""name"":""Analyst Estimates""}","[]","VECTOR","TOP700","0"
"0","{""id"":""analyst"",""name"":""Analyst""}","0","{""id"":""analyst_consensus"",""name"":""Standardized Analyst Consensus Forecasts""}","1","2026-07-01","1","Highest individual analyst estimate for quarterly net profit (forecast only)","max_estimate_netprofit_quarterly16","2","GBR","{""id"":""analyst-analyst-estimates"",""name"":""Analyst Estimates""}","[]","VECTOR","TOP700","0"
"0","{""id"":""analyst"",""name"":""Analyst""}","0","{""id"":""analyst_consensus"",""name"":""Standardized Analyst Consensus Forecasts""}","1","2026-07-01","1","Highest analyst estimate for reported net profit (unadjusted)","max_estimate_netprofit_reported_quarterly16","2","GBR","{""id"":""analyst-analyst-estimates"",""name"":""Analyst Estimates""}","[]","VECTOR","TOP700","0"
"0","{""id"":""analyst"",""name"":""Analyst""}","0","{""id"":""analyst_consensus"",""name"":""Standardized Analyst Consensus Forecasts""}","1","2026-07-01","1","Highest analyst estimate for annual operating expenses (forecast-only)","max_estimate_operatingexpense_annual12","2","GBR","{""id"":""analyst-analyst-estimates"",""name"":""Analyst Estimates""}","[]","VECTOR","TOP700","0"
"0","{""id"":""analyst"",""name"":""Analyst""}","0","{""id"":""analyst_consensus"",""name"":""Standardized Analyst Consensus Forecasts""}","1","2026-07-01","1","Highest analyst estimate","max_estimate_pretax_annual12_2","2","GBR","{""id"":""analyst-analyst-estimates"",""name"":""Analyst Estimates""}","[]","VECTOR","TOP700","0"
"0","{""id"":""analyst"",""name"":""Analyst""}","0","{""id"":""analyst_consensus"",""name"":""Standardized Analyst Consensus Forecasts""}","1","2026-07-01","1","Highest analyst forecast estimate for the PPROFIT quarterly metric","max_estimate_pretax_quarterly16_tribes","2","GBR","{""id"":""analyst-analyst-estimates"",""name"":""Analyst Estimates""}","[]","VECTOR","TOP700","0"
"0","{""id"":""analyst"",""name"":""Analyst""}","0","{""id"":""analyst_consensus"",""name"":""Standardized Analyst Consensus Forecasts""}","1","2026-07-01","1","Current highest PRR consensus estimate","max_estimate_pretax_reported_annual12","2","GBR","{""id"":""analyst-analyst-estimates"",""name"":""Analyst Estimates""}","[]","VECTOR","TOP700","0"
"0","{""id"":""analyst"",""name"":""Analyst""}","0","{""id"":""analyst_consensus"",""name"":""Standardized Analyst Consensus Forecasts""}","1","2026-07-01","1","Highest analyst estimate among the contributing forecasts for the measure","max_estimate_pretax_reported_annual12_tribes","2","GBR","{""id"":""analyst-analyst-estimates"",""name"":""Analyst Estimates""}","[]","VECTOR","TOP700","0"
"0","{""id"":""analyst"",""name"":""Analyst""}","0","{""id"":""analyst_consensus"",""name"":""Standardized Analyst Consensus Forecasts""}","1","2026-07-01","1","Highest individual analyst estimate for PPROFITREP","max_estimate_pretax_reported_quarterly16","2","GBR","{""id"":""analyst-analyst-estimates"",""name"":""Analyst Estimates""}","[]","VECTOR","TOP700","0"
"0","{""id"":""analyst"",""name"":""Analyst""}","0","{""id"":""analyst_consensus"",""name"":""Standardized Analyst Consensus Forecasts""}","1","2026-07-01","1","Highest current consensus NER estimate","max_estimate_reportednet_annual12_2","2","GBR","{""id"":""analyst-analyst-estimates"",""name"":""Analyst Estimates""}","[]","VECTOR","TOP700","0"
"0","{""id"":""analyst"",""name"":""Analyst""}","0","{""id"":""analyst_consensus"",""name"":""Standardized Analyst Consensus Forecasts""}","1","2026-07-01","1","Highest analyst estimate for ROC","max_estimate_return_on_capital_annual12","2","GBR","{""id"":""analyst-analyst-estimates"",""name"":""Analyst Estimates""}","[]","VECTOR","TOP700","0"
"0","{""id"":""analyst"",""name"":""Analyst""}","0","{""id"":""analyst_consensus"",""name"":""Standardized Analyst Consensus Forecasts""}","1","2026-07-01","1","Highest analyst annual revenue estimate (forecast only)","max_estimate_revenue_annual12","2","GBR","{""id"":""analyst-analyst-estimates"",""name"":""Analyst Estimates""}","[]","VECTOR","TOP700","0"
"0","{""id"":""analyst"",""name"":""Analyst""}","0","{""id"":""analyst_consensus"",""name"":""Standardized Analyst Consensus Forecasts""}","1","2026-07-01","1","Highest analyst estimate for quarterly revenue (forecast only)","max_estimate_revenue_quarterly16","2","GBR","{""id"":""analyst-analyst-estimates"",""name"":""Analyst Estimates""}","[]","VECTOR","TOP700","0"
"0","{""id"":""analyst"",""name"":""Analyst""}","0","{""id"":""analyst_consensus"",""name"":""Standardized Analyst Consensus Forecasts""}","1","2026-07-01","1","Highest analyst forecast estimate for annual ROA within the window","max_estimate_roe_annual12_tribes","2","GBR","{""id"":""analyst-analyst-estimates"",""name"":""Analyst Estimates""}","[]","VECTOR","TOP700","0"
"0","{""id"":""analyst"",""name"":""Analyst""}","0","{""id"":""analyst_consensus"",""name"":""Standardized Analyst Consensus Forecasts""}","1","2026-07-01","1","Highest analyst forecast estimate for annual ROE","max_estimate_roe_annual12_tribes_2","2","GBR","{""id"":""analyst-analyst-estimates"",""name"":""Analyst Estimates""}","[]","VECTOR","TOP700","0"
"0","{""id"":""analyst"",""name"":""Analyst""}","0","{""id"":""analyst_consensus"",""name"":""Standardized Analyst Consensus Forecasts""}","1","2026-07-01","1","Highest analyst forecast for the annual number of shares outstanding for the given period","max_estimate_sharesoutstanding_annual12","2","GBR","{""id"":""analyst-analyst-estimates"",""name"":""Analyst Estimates""}","[]","VECTOR","TOP700","0"
"0","{""id"":""analyst"",""name"":""Analyst""}","0","{""id"":""analyst_consensus"",""name"":""Standardized Analyst Consensus Forecasts""}","1","2026-07-01","1","Highest analyst forecast estimate for the SEQUITY measure for the period","max_estimate_tangbookvalue_annual12_tribes","2","GBR","{""id"":""analyst-analyst-estimates"",""name"":""Analyst Estimates""}","[]","VECTOR","TOP700","0"
"0","{""id"":""analyst"",""name"":""Analyst""}","0","{""id"":""analyst_consensus"",""name"":""Standardized Analyst Consensus Forecasts""}","1","2026-07-01","1","Highest analyst target price estimate in the consensus set","max_estimate_targetprice_annual12_tribes","2","GBR","{""id"":""analyst-analyst-estimates"",""name"":""Analyst Estimates""}","[]","MATRIX","TOP700","0"
"0","{""id"":""analyst"",""name"":""Analyst""}","0","{""id"":""analyst_consensus"",""name"":""Standardized Analyst Consensus Forecasts""}","1","2026-07-01","1","Highest analyst forecast estimate for Tax Provision for the period (unadjusted)","max_estimate_taxprovision_annual12_tribes","2","GBR","{""id"":""analyst-analyst-estimates"",""name"":""Analyst Estimates""}","[]","VECTOR","TOP700","0"
"0","{""id"":""analyst"",""name"":""Analyst""}","0","{""id"":""analyst_consensus"",""name"":""Standardized Analyst Consensus Forecasts""}","1","2026-07-01","1","Highest analyst estimate for TAXRATE","max_estimate_taxrate_annual12","2","GBR","{""id"":""analyst-analyst-estimates"",""name"":""Analyst Estimates""}","[]","VECTOR","TOP700","0"
"0","{""id"":""analyst"",""name"":""Analyst""}","0","{""id"":""analyst_consensus"",""name"":""Standardized Analyst Consensus Forecasts""}","1","2026-07-01","1","Highest analyst estimate (forecast only) for quarterly tax provision for the period","max_estimate_tax_provision_quarterly16","2","GBR","{""id"":""analyst-analyst-estimates"",""name"":""Analyst Estimates""}","[]","VECTOR","TOP700","0"
"0","{""id"":""analyst"",""name"":""Analyst""}","0","{""id"":""analyst_consensus"",""name"":""Standardized Analyst Consensus Forecasts""}","1","2026-07-01","1","Highest annual DPS consensus estimate 3 months ago (historical snapshot)","max_estimate_three_months_prior_dividend_annual12","2","GBR","{""id"":""analyst-analyst-estimates"",""name"":""Analyst Estimates""}","[]","VECTOR","TOP700","0"
"0","{""id"":""analyst"",""name"":""Analyst""}","0","{""id"":""analyst_consensus"",""name"":""Standardized Analyst Consensus Forecasts""}","1","2026-07-01","1","Highest EBI consensus estimate as of three months ago","max_estimate_three_months_prior_ebit_annual12_2","2","GBR","{""id"":""analyst-analyst-estimates"",""name"":""Analyst Estimates""}","[]","VECTOR","TOP700","0"
"0","{""id"":""analyst"",""name"":""Analyst""}","0","{""id"":""analyst_consensus"",""name"":""Standardized Analyst Consensus Forecasts""}","1","2026-07-01","1","Highest EBT consensus estimate three months ago","max_estimate_three_months_prior_ebt_annual12","2","GBR","{""id"":""analyst-analyst-estimates"",""name"":""Analyst Estimates""}","[]","VECTOR","TOP700","0"
"0","{""id"":""analyst"",""name"":""Analyst""}","0","{""id"":""analyst_consensus"",""name"":""Standardized Analyst Consensus Forecasts""}","1","2026-07-01","1","Highest analyst dividend per share estimate from three months prior, adjusted for currency, for the annual period.","max_estimate_three_months_prior_fxadj_dividend_annual12","2","GBR","{""id"":""analyst-analyst-estimates"",""name"":""Analyst Estimates""}","[]","VECTOR","TOP700","0"
"0","{""id"":""analyst"",""name"":""Analyst""}","0","{""id"":""analyst_consensus"",""name"":""Standardized Analyst Consensus Forecasts""}","1","2026-07-01","1","Highest analyst estimate for annual Earnings Before Interest (EBI) as of three months ago, adjusted for currency, splits, and regime effects","max_estimate_three_months_prior_fxadj_ebit_annual12_2","2","GBR","{""id"":""analyst-analyst-estimates"",""name"":""Analyst Estimates""}","[]","VECTOR","TOP700","0"
"0","{""id"":""analyst"",""name"":""Analyst""}","0","{""id"":""analyst_consensus"",""name"":""Standardized Analyst Consensus Forecasts""}","1","2026-07-01","1","Regime-adjusted highest EBT consensus estimate three months ago","max_estimate_three_months_prior_fxadj_ebt_annual12","2","GBR","{""id"":""analyst-analyst-estimates"",""name"":""Analyst Estimates""}","[]","VECTOR","TOP700","0"
"0","{""id"":""analyst"",""name"":""Analyst""}","0","{""id"":""analyst_consensus"",""name"":""Standardized Analyst Consensus Forecasts""}","1","2026-07-01","1","Adjusted highest consensus estimate from the vendor snapshot three months ago","max_estimate_three_months_prior_fxadj_gps","2","GBR","{""id"":""analyst-analyst-estimates"",""name"":""Analyst Estimates""}","[]","VECTOR","TOP700","0"
"0","{""id"":""analyst"",""name"":""Analyst""}","0","{""id"":""analyst_consensus"",""name"":""Standardized Analyst Consensus Forecasts""}","1","2026-07-01","1","Highest annual NAV estimate from three months ago, adjusted for currency/splits/regime","max_estimate_three_months_prior_fxadj_nav_annual12","2","GBR","{""id"":""analyst-analyst-estimates"",""name"":""Analyst Estimates""}","[]","VECTOR","TOP700","0"
"0","{""id"":""analyst"",""name"":""Analyst""}","0","{""id"":""analyst_consensus"",""name"":""Standardized Analyst Consensus Forecasts""}","1","2026-07-01","1","Highest analyst estimate for net income from three months ago, adjusted for currency.","max_estimate_three_months_prior_fxadj_net2","2","GBR","{""id"":""analyst-analyst-estimates"",""name"":""Analyst Estimates""}","[]","VECTOR","TOP700","0"
"0","{""id"":""analyst"",""name"":""Analyst""}","0","{""id"":""analyst_consensus"",""name"":""Standardized Analyst Consensus Forecasts""}","1","2026-07-01","1","Regime-adjusted highest PRE consensus estimate from three months ago","max_estimate_three_months_prior_fxadj_pretax_annual12","2","GBR","{""id"":""analyst-analyst-estimates"",""name"":""Analyst Estimates""}","[]","VECTOR","TOP700","0"
"0","{""id"":""analyst"",""name"":""Analyst""}","0","{""id"":""analyst_consensus"",""name"":""Standardized Analyst Consensus Forecasts""}","1","2026-07-01","1","Highest currency-adjusted pre-tax reported profit estimate from three months ago for the annual period.","max_estimate_three_months_prior_fxadj_pretax_reported_annual12_2","2","GBR","{""id"":""analyst-analyst-estimates"",""name"":""Analyst Estimates""}","[]","VECTOR","TOP700","0"
"0","{""id"":""analyst"",""name"":""Analyst""}","0","{""id"":""analyst_consensus"",""name"":""Standardized Analyst Consensus Forecasts""}","1","2026-07-01","1","Highest analyst forecast for annual reported net income three months ago, adjusted for currency and splits.","max_estimate_three_months_prior_fxadj_reportednet_annual12_2","2","GBR","{""id"":""analyst-analyst-estimates"",""name"":""Analyst Estimates""}","[]","VECTOR","TOP700","0"
"0","{""id"":""analyst"",""name"":""Analyst""}","0","{""id"":""analyst_consensus"",""name"":""Standardized Analyst Consensus Forecasts""}","1","2026-07-01","1","Currency- and split-adjusted highest annual sales consensus estimate as of three months ago","max_estimate_three_months_prior_fxadj_revenue_annual12","2","GBR","{""id"":""analyst-analyst-estimates"",""name"":""Analyst Estimates""}","[]","VECTOR","TOP700","0"
"0","{""id"":""analyst"",""name"":""Analyst""}","0","{""id"":""analyst_consensus"",""name"":""Standardized Analyst Consensus Forecasts""}","1","2026-07-01","1","Highest consensus estimate from the vendor snapshot three months ago","max_estimate_three_months_prior_gps","2","GBR","{""id"":""analyst-analyst-estimates"",""name"":""Analyst Estimates""}","[]","VECTOR","TOP700","0"
"0","{""id"":""analyst"",""name"":""Analyst""}","0","{""id"":""analyst_consensus"",""name"":""Standardized Analyst Consensus Forecasts""}","1","2026-07-01","1","Highest annual NAV estimate three months ago","max_estimate_three_months_prior_nav_annual12","2","GBR","{""id"":""analyst-analyst-estimates"",""name"":""Analyst Estimates""}","[]","VECTOR","TOP700","0"
"0","{""id"":""analyst"",""name"":""Analyst""}","0","{""id"":""analyst_consensus"",""name"":""Standardized Analyst Consensus Forecasts""}","1","2026-07-01","1","Highest contributor estimate 3 months ago for annual Net Income","max_estimate_three_months_prior_net2","2","GBR","{""id"":""analyst-analyst-estimates"",""name"":""Analyst Estimates""}","[]","VECTOR","TOP700","0"
"0","{""id"":""analyst"",""name"":""Analyst""}","0","{""id"":""analyst_consensus"",""name"":""Standardized Analyst Consensus Forecasts""}","1","2026-07-01","1","Highest analyst consensus estimate for the PRE measure from 3 months ago","max_estimate_three_months_prior_pretax_annual12","2","GBR","{""id"":""analyst-analyst-estimates"",""name"":""Analyst Estimates""}","[]","VECTOR","TOP700","0"
"0","{""id"":""analyst"",""name"":""Analyst""}","0","{""id"":""analyst_consensus"",""name"":""Standardized Analyst Consensus Forecasts""}","1","2026-07-01","1","Highest PRR consensus value from three months ago","max_estimate_three_months_prior_pretax_reported_annual12_2","2","GBR","{""id"":""analyst-analyst-estimates"",""name"":""Analyst Estimates""}","[]","VECTOR","TOP700","0"
"0","{""id"":""analyst"",""name"":""Analyst""}","0","{""id"":""analyst_consensus"",""name"":""Standardized Analyst Consensus Forecasts""}","1","2026-07-01","1","Highest consensus NER estimate as of three months ago","max_estimate_three_months_prior_reportednet_annual12_2","2","GBR","{""id"":""analyst-analyst-estimates"",""name"":""Analyst Estimates""}","[]","VECTOR","TOP700","0"
"0","{""id"":""analyst"",""name"":""Analyst""}","0","{""id"":""analyst_consensus"",""name"":""Standardized Analyst Consensus Forecasts""}","1","2026-07-01","1","Highest sales estimate in the consensus three months ago","max_estimate_three_months_prior_revenue_annual12","2","GBR","{""id"":""analyst-analyst-estimates"",""name"":""Analyst Estimates""}","[]","VECTOR","TOP700","0"
"0","{""id"":""analyst"",""name"":""Analyst""}","0","{""id"":""analyst_consensus"",""name"":""Standardized Analyst Consensus Forecasts""}","1","2026-07-01","1","Highest annual ROE estimate 3 months prior","max_estimate_three_months_prior_roe_annual12","2","GBR","{""id"":""analyst-analyst-estimates"",""name"":""Analyst Estimates""}","[]","VECTOR","TOP700","0"
"0","{""id"":""analyst"",""name"":""Analyst""}","0","{""id"":""analyst_consensus"",""name"":""Standardized Analyst Consensus Forecasts""}","0.1982","2026-07-01","1","Highest analyst forecast estimate for annual total liabilities within the consensus set","max_estimate_totalliab_annual12_tribes","2","GBR","{""id"":""analyst-analyst-estimates"",""name"":""Analyst Estimates""}","[]","VECTOR","TOP700","0"
"0","{""id"":""analyst"",""name"":""Analyst""}","0","{""id"":""analyst_consensus"",""name"":""Standardized Analyst Consensus Forecasts""}","1","2026-07-01","1","Highest analyst estimate among contributing forecasts for the measure","max_estimate_total_assets_annual12","2","GBR","{""id"":""analyst-analyst-estimates"",""name"":""Analyst Estimates""}","[]","VECTOR","TOP700","0"
"0","{""id"":""analyst"",""name"":""Analyst""}","0","{""id"":""analyst_consensus"",""name"":""Standardized Analyst Consensus Forecasts""}","1","2026-07-01","1","Mean value of the forecast-plus-actual (FA) series for DEPAMORT (unadjusted)","mean_estimate_actual_depreciation_amortization","2","GBR","{""id"":""analyst-analyst-estimates"",""name"":""Analyst Estimates""}","[]","VECTOR","TOP700","0"
"0","{""id"":""analyst"",""name"":""Analyst""}","0","{""id"":""analyst_consensus"",""name"":""Standardized Analyst Consensus Forecasts""}","1","2026-07-01","1","Currency/split/regime-adjusted mean value of the forecast-plus-actual (FA) series for DEPAMORT","mean_estimate_actual_fxadj_depreciation_amortization","2","GBR","{""id"":""analyst-analyst-estimates"",""name"":""Analyst Estimates""}","[]","VECTOR","TOP700","0"
"0","{""id"":""analyst"",""name"":""Analyst""}","0","{""id"":""analyst_consensus"",""name"":""Standardized Analyst Consensus Forecasts""}","1","2026-07-01","1","Currency/regime-adjusted Forecast-plus-Actual overlay for the mean Gross Income value","mean_estimate_actual_fxadj_gross_income","2","GBR","{""id"":""analyst-analyst-estimates"",""name"":""Analyst Estimates""}","[]","VECTOR","TOP700","0"
"0","{""id"":""analyst"",""name"":""Analyst""}","0","{""id"":""analyst_consensus"",""name"":""Standardized Analyst Consensus Forecasts""}","1","2026-07-01","1","Mean of forecast-plus-actual (FA) values for Gross Income","mean_estimate_actual_gross_income","2","GBR","{""id"":""analyst-analyst-estimates"",""name"":""Analyst Estimates""}","[]","VECTOR","TOP700","0"
"0","{""id"":""analyst"",""name"":""Analyst""}","0","{""id"":""analyst_consensus"",""name"":""Standardized Analyst Consensus Forecasts""}","1","2026-07-01","1","Mean (consensus) analyst BVPS estimate for the fiscal period","mean_estimate_bvps_annual12_tribes","2","GBR","{""id"":""analyst-analyst-estimates"",""name"":""Analyst Estimates""}","[]","VECTOR","TOP700","0"
"0","{""id"":""analyst"",""name"":""Analyst""}","0","{""id"":""analyst_consensus"",""name"":""Standardized Analyst Consensus Forecasts""}","1","2026-07-01","1","Consensus mean CAPEX estimate","mean_estimate_capex_annual12_2","2","GBR","{""id"":""analyst-analyst-estimates"",""name"":""Analyst Estimates""}","[]","VECTOR","TOP700","0"
"0","{""id"":""analyst"",""name"":""Analyst""}","0","{""id"":""analyst_consensus"",""name"":""Standardized Analyst Consensus Forecasts""}","1","2026-07-01","1","Mean (consensus) of analyst estimates for the fiscal period","mean_estimate_cashflowfinancing_annual12","2","GBR","{""id"":""analyst-analyst-estimates"",""name"":""Analyst Estimates""}","[]","VECTOR","TOP700","0"
"0","{""id"":""analyst"",""name"":""Analyst""}","0","{""id"":""analyst_consensus"",""name"":""Standardized Analyst Consensus Forecasts""}","1","2026-07-01","1","Consensus mean of analyst estimates for cash flow from investing","mean_estimate_cfinvest_annual12_tribes","2","GBR","{""id"":""analyst-analyst-estimates"",""name"":""Analyst Estimates""}","[]","VECTOR","TOP700","0"
"0","{""id"":""analyst"",""name"":""Analyst""}","0","{""id"":""analyst_consensus"",""name"":""Standardized Analyst Consensus Forecasts""}","1","2026-07-01","1","Consensus mean of analyst forecasts for annual operating cash flow","mean_estimate_cfo_annual12","2","GBR","{""id"":""analyst-analyst-estimates"",""name"":""Analyst Estimates""}","[]","VECTOR","TOP700","0"
"0","{""id"":""analyst"",""name"":""Analyst""}","0","{""id"":""analyst_consensus"",""name"":""Standardized Analyst Consensus Forecasts""}","1","2026-07-01","1","Consensus mean CFPS estimate for the period","mean_estimate_cfps_annual12_2","2","GBR","{""id"":""analyst-analyst-estimates"",""name"":""Analyst Estimates""}","[]","VECTOR","TOP700","0"
"0","{""id"":""analyst"",""name"":""Analyst""}","0","{""id"":""analyst_consensus"",""name"":""Standardized Analyst Consensus Forecasts""}","1","2026-07-01","1","Consensus mean of analyst annual COGS estimates","mean_estimate_cogs_annual12_tribes","2","GBR","{""id"":""analyst-analyst-estimates"",""name"":""Analyst Estimates""}","[]","VECTOR","TOP700","0"
"0","{""id"":""analyst"",""name"":""Analyst""}","0","{""id"":""analyst_consensus"",""name"":""Standardized Analyst Consensus Forecasts""}","0.7755","2026-07-01","1","Mean (consensus) analyst estimate for Current Assets","mean_estimate_currentassets_annual12","2","GBR","{""id"":""analyst-analyst-estimates"",""name"":""Analyst Estimates""}","[]","VECTOR","TOP700","0"
"0","{""id"":""analyst"",""name"":""Analyst""}","0","{""id"":""analyst_consensus"",""name"":""Standardized Analyst Consensus Forecasts""}","0.7755","2026-07-01","1","Consensus mean analyst forecast for annual current liabilities","mean_estimate_currentliabilities_annual12","2","GBR","{""id"":""analyst-analyst-estimates"",""name"":""Analyst Estimates""}","[]","VECTOR","TOP700","0"
"0","{""id"":""analyst"",""name"":""Analyst""}","0","{""id"":""analyst_consensus"",""name"":""Standardized Analyst Consensus Forecasts""}","1","2026-07-01","1","Current mean consensus estimate for the GPS measure","mean_estimate_current_period_gps","2","GBR","{""id"":""analyst-analyst-estimates"",""name"":""Analyst Estimates""}","[]","VECTOR","TOP700","0"
"0","{""id"":""analyst"",""name"":""Analyst""}","0","{""id"":""analyst_consensus"",""name"":""Standardized Analyst Consensus Forecasts""}","1","2026-07-01","1","Current consensus mean estimate for annual NAV","mean_estimate_current_period_nav_annual12","2","GBR","{""id"":""analyst-analyst-estimates"",""name"":""Analyst Estimates""}","[]","VECTOR","TOP700","0"
"0","{""id"":""analyst"",""name"":""Analyst""}","0","{""id"":""analyst_consensus"",""name"":""Standardized Analyst Consensus Forecasts""}","1","2026-07-01","1","Current mean PRE consensus estimate","mean_estimate_current_period_pretax_annual12","2","GBR","{""id"":""analyst-analyst-estimates"",""name"":""Analyst Estimates""}","[]","VECTOR","TOP700","0"
"0","{""id"":""analyst"",""name"":""Analyst""}","0","{""id"":""analyst_consensus"",""name"":""Standardized Analyst Consensus Forecasts""}","1","2026-07-01","1","Mean (average) sales consensus estimate (current)","mean_estimate_current_period_revenue_annual12","2","GBR","{""id"":""analyst-analyst-estimates"",""name"":""Analyst Estimates""}","[]","VECTOR","TOP700","0"
"0","{""id"":""analyst"",""name"":""Analyst""}","0","{""id"":""analyst_consensus"",""name"":""Standardized Analyst Consensus Forecasts""}","1","2026-07-01","1","Mean ROE consensus estimate","mean_estimate_current_period_roe_annual12","2","GBR","{""id"":""analyst-analyst-estimates"",""name"":""Analyst Estimates""}","[]","VECTOR","TOP700","0"
"0","{""id"":""analyst"",""name"":""Analyst""}","0","{""id"":""analyst_consensus"",""name"":""Standardized Analyst Consensus Forecasts""}","1","2026-07-01","1","Consensus mean of analyst estimates for annual depreciation","mean_estimate_depreciation_annual12","2","GBR","{""id"":""analyst-analyst-estimates"",""name"":""Analyst Estimates""}","[]","VECTOR","TOP700","0"
"0","{""id"":""analyst"",""name"":""Analyst""}","0","{""id"":""analyst_consensus"",""name"":""Standardized Analyst Consensus Forecasts""}","1","2026-07-01","1","Mean of analyst consensus estimates for annual Dividend Per Share (DPS)","mean_estimate_dividend_annual12","2","GBR","{""id"":""analyst-analyst-estimates"",""name"":""Analyst Estimates""}","[]","VECTOR","TOP700","0"
"0","{""id"":""analyst"",""name"":""Analyst""}","0","{""id"":""analyst_consensus"",""name"":""Standardized Analyst Consensus Forecasts""}","1","2026-07-01","1","Mean (consensus) analyst estimate for annual DPS","mean_estimate_dividend_annual12_2","2","GBR","{""id"":""analyst-analyst-estimates"",""name"":""Analyst Estimates""}","[]","VECTOR","TOP700","0"
"0","{""id"":""analyst"",""name"":""Analyst""}","0","{""id"":""analyst_consensus"",""name"":""Standardized Analyst Consensus Forecasts""}","1","2026-07-01","1","Mean (consensus) analyst estimate for total dividend","mean_estimate_dividend_annual12_tribes","2","GBR","{""id"":""analyst-analyst-estimates"",""name"":""Analyst Estimates""}","[]","VECTOR","TOP700","0"
"0","{""id"":""analyst"",""name"":""Analyst""}","0","{""id"":""analyst_consensus"",""name"":""Standardized Analyst Consensus Forecasts""}","1","2026-07-01","1","Mean (consensus) of analyst estimates","mean_estimate_dps_quarterly16","2","GBR","{""id"":""analyst-analyst-estimates"",""name"":""Analyst Estimates""}","[]","VECTOR","TOP700","0"
"0","{""id"":""analyst"",""name"":""Analyst""}","0","{""id"":""analyst_consensus"",""name"":""Standardized Analyst Consensus Forecasts""}","1","2026-07-01","1","Consensus mean of analyst estimates for annual Reported EBITDA for each period","mean_estimate_ebitdarep_annual12","2","GBR","{""id"":""analyst-analyst-estimates"",""name"":""Analyst Estimates""}","[]","VECTOR","TOP700","0"
"0","{""id"":""analyst"",""name"":""Analyst""}","0","{""id"":""analyst_consensus"",""name"":""Standardized Analyst Consensus Forecasts""}","1","2026-07-01","1","Mean (average) of analyst EBITDA estimates (consensus)","mean_estimate_ebitda_annual12","2","GBR","{""id"":""analyst-analyst-estimates"",""name"":""Analyst Estimates""}","[]","VECTOR","TOP700","0"
"0","{""id"":""analyst"",""name"":""Analyst""}","0","{""id"":""analyst_consensus"",""name"":""Standardized Analyst Consensus Forecasts""}","1","2026-07-01","1","Mean (consensus) analyst quarterly EBITDA estimate","mean_estimate_ebitda_quarterly16","2","GBR","{""id"":""analyst-analyst-estimates"",""name"":""Analyst Estimates""}","[]","VECTOR","TOP700","0"
"0","{""id"":""analyst"",""name"":""Analyst""}","0","{""id"":""analyst_consensus"",""name"":""Standardized Analyst Consensus Forecasts""}","1","2026-07-01","1","Mean (consensus) of analyst annual EBIT estimates (forecast-only)","mean_estimate_ebit_annual12","2","GBR","{""id"":""analyst-analyst-estimates"",""name"":""Analyst Estimates""}","[]","VECTOR","TOP700","0"
"0","{""id"":""analyst"",""name"":""Analyst""}","0","{""id"":""analyst_consensus"",""name"":""Standardized Analyst Consensus Forecasts""}","1","2026-07-01","1","Current mean consensus estimate for annual EBI","mean_estimate_ebit_annual12_2","2","GBR","{""id"":""analyst-analyst-estimates"",""name"":""Analyst Estimates""}","[]","VECTOR","TOP700","0"
"0","{""id"":""analyst"",""name"":""Analyst""}","0","{""id"":""analyst_consensus"",""name"":""Standardized Analyst Consensus Forecasts""}","1","2026-07-01","1","Mean analyst EBIT estimate (consensus)","mean_estimate_ebit_quarterly16_tribes","2","GBR","{""id"":""analyst-analyst-estimates"",""name"":""Analyst Estimates""}","[]","VECTOR","TOP700","0"
"0","{""id"":""analyst"",""name"":""Analyst""}","0","{""id"":""analyst_consensus"",""name"":""Standardized Analyst Consensus Forecasts""}","1","2026-07-01","1","Mean of current EBT consensus estimates","mean_estimate_ebt_annual12","2","GBR","{""id"":""analyst-analyst-estimates"",""name"":""Analyst Estimates""}","[]","VECTOR","TOP700","0"
"0","{""id"":""analyst"",""name"":""Analyst""}","0","{""id"":""analyst_consensus"",""name"":""Standardized Analyst Consensus Forecasts""}","1","2026-07-01","1","Mean (consensus) of analyst estimates for the EV metric","mean_estimate_enterprisevalue_annual12","2","GBR","{""id"":""analyst-analyst-estimates"",""name"":""Analyst Estimates""}","[]","VECTOR","TOP700","0"
"0","{""id"":""analyst"",""name"":""Analyst""}","0","{""id"":""analyst_consensus"",""name"":""Standardized Analyst Consensus Forecasts""}","1","2026-07-01","1","Consensus mean analyst estimate for EPSREP","mean_estimate_epsreported_annual12","2","GBR","{""id"":""analyst-analyst-estimates"",""name"":""Analyst Estimates""}","[]","VECTOR","TOP700","0"
"0","{""id"":""analyst"",""name"":""Analyst""}","0","{""id"":""analyst_consensus"",""name"":""Standardized Analyst Consensus Forecasts""}","1","2026-07-01","1","Mean (consensus) EPS estimate","mean_estimate_eps_annual12","2","GBR","{""id"":""analyst-analyst-estimates"",""name"":""Analyst Estimates""}","[]","VECTOR","TOP700","0"
"0","{""id"":""analyst"",""name"":""Analyst""}","0","{""id"":""analyst_consensus"",""name"":""Standardized Analyst Consensus Forecasts""}","1","2026-07-01","1","Mean (average) of analyst EPS estimates within the consensus","mean_estimate_eps_longterm","2","GBR","{""id"":""analyst-analyst-estimates"",""name"":""Analyst Estimates""}","[]","MATRIX","TOP700","0"
"0","{""id"":""analyst"",""name"":""Analyst""}","0","{""id"":""analyst_consensus"",""name"":""Standardized Analyst Consensus Forecasts""}","1","2026-07-01","1","Mean of analyst quarterly EPS estimates (consensus)","mean_estimate_eps_quarterly16_tribes","2","GBR","{""id"":""analyst-analyst-estimates"",""name"":""Analyst Estimates""}","[]","VECTOR","TOP700","0"
"0","{""id"":""analyst"",""name"":""Analyst""}","0","{""id"":""analyst_consensus"",""name"":""Standardized Analyst Consensus Forecasts""}","1","2026-07-01","1","Mean of analyst forecast estimates for annual FCFPS","mean_estimate_fcfps_annual12","2","GBR","{""id"":""analyst-analyst-estimates"",""name"":""Analyst Estimates""}","[]","VECTOR","TOP700","0"
"0","{""id"":""analyst"",""name"":""Analyst""}","0","{""id"":""analyst_consensus"",""name"":""Standardized Analyst Consensus Forecasts""}","1","2026-07-01","1","Mean (consensus) analyst annual FCF estimate","mean_estimate_fcf_annual12","2","GBR","{""id"":""analyst-analyst-estimates"",""name"":""Analyst Estimates""}","[]","VECTOR","TOP700","0"
"0","{""id"":""analyst"",""name"":""Analyst""}","0","{""id"":""analyst_consensus"",""name"":""Standardized Analyst Consensus Forecasts""}","1","2026-07-01","1","Mean annual DPS consensus 4 weeks ago (historical snapshot)","mean_estimate_four_weeks_prior_dividend_annual12","2","GBR","{""id"":""analyst-analyst-estimates"",""name"":""Analyst Estimates""}","[]","VECTOR","TOP700","0"
"0","{""id"":""analyst"",""name"":""Analyst""}","0","{""id"":""analyst_consensus"",""name"":""Standardized Analyst Consensus Forecasts""}","1","2026-07-01","1","Mean consensus estimate for EBI as of four weeks ago","mean_estimate_four_weeks_prior_ebit_annual12_2","2","GBR","{""id"":""analyst-analyst-estimates"",""name"":""Analyst Estimates""}","[]","VECTOR","TOP700","0"
"0","{""id"":""analyst"",""name"":""Analyst""}","0","{""id"":""analyst_consensus"",""name"":""Standardized Analyst Consensus Forecasts""}","1","2026-07-01","1","Mean analyst EBT consensus as of four weeks ago","mean_estimate_four_weeks_prior_ebt_annual12","2","GBR","{""id"":""analyst-analyst-estimates"",""name"":""Analyst Estimates""}","[]","VECTOR","TOP700","0"
"0","{""id"":""analyst"",""name"":""Analyst""}","0","{""id"":""analyst_consensus"",""name"":""Standardized Analyst Consensus Forecasts""}","1","2026-07-01","1","Currency/split-adjusted mean consensus annual DPS estimate four weeks ago (vendor snapshot)","mean_estimate_four_weeks_prior_fxadj_dividend_annual12","2","GBR","{""id"":""analyst-analyst-estimates"",""name"":""Analyst Estimates""}","[]","VECTOR","TOP700","0"
"0","{""id"":""analyst"",""name"":""Analyst""}","0","{""id"":""analyst_consensus"",""name"":""Standardized Analyst Consensus Forecasts""}","1","2026-07-01","1","Mean analyst estimate for annual EBI as of four weeks ago, adjusted for currency, splits, and regime effects","mean_estimate_four_weeks_prior_fxadj_ebit_annual12_2","2","GBR","{""id"":""analyst-analyst-estimates"",""name"":""Analyst Estimates""}","[]","VECTOR","TOP700","0"
"0","{""id"":""analyst"",""name"":""Analyst""}","0","{""id"":""analyst_consensus"",""name"":""Standardized Analyst Consensus Forecasts""}","1","2026-07-01","1","Regime-adjusted mean EBT consensus estimate four weeks ago","mean_estimate_four_weeks_prior_fxadj_ebt_annual12","2","GBR","{""id"":""analyst-analyst-estimates"",""name"":""Analyst Estimates""}","[]","VECTOR","TOP700","0"
"0","{""id"":""analyst"",""name"":""Analyst""}","0","{""id"":""analyst_consensus"",""name"":""Standardized Analyst Consensus Forecasts""}","1","2026-07-01","1","Regime-adjusted consensus mean estimate for the GPS metric as of four weeks prior","mean_estimate_four_weeks_prior_fxadj_gps","2","GBR","{""id"":""analyst-analyst-estimates"",""name"":""Analyst Estimates""}","[]","VECTOR","TOP700","0"
"0","{""id"":""analyst"",""name"":""Analyst""}","0","{""id"":""analyst_consensus"",""name"":""Standardized Analyst Consensus Forecasts""}","1","2026-07-01","1","Currency and split-adjusted mean annual NAV consensus four weeks ago","mean_estimate_four_weeks_prior_fxadj_nav_annual12","2","GBR","{""id"":""analyst-analyst-estimates"",""name"":""Analyst Estimates""}","[]","VECTOR","TOP700","0"
"0","{""id"":""analyst"",""name"":""Analyst""}","0","{""id"":""analyst_consensus"",""name"":""Standardized Analyst Consensus Forecasts""}","1","2026-07-01","1","Adjusted mean consensus estimate 4 weeks ago for annual Net Income","mean_estimate_four_weeks_prior_fxadj_net2","2","GBR","{""id"":""analyst-analyst-estimates"",""name"":""Analyst Estimates""}","[]","VECTOR","TOP700","0"
"0","{""id"":""analyst"",""name"":""Analyst""}","0","{""id"":""analyst_consensus"",""name"":""Standardized Analyst Consensus Forecasts""}","1","2026-07-01","1","Regime-adjusted mean PRE consensus estimate from four weeks ago","mean_estimate_four_weeks_prior_fxadj_pretax_annual12","2","GBR","{""id"":""analyst-analyst-estimates"",""name"":""Analyst Estimates""}","[]","VECTOR","TOP700","0"
"0","{""id"":""analyst"",""name"":""Analyst""}","0","{""id"":""analyst_consensus"",""name"":""Standardized Analyst Consensus Forecasts""}","1","2026-07-01","1","Mean pre-tax profit (reported) estimate from four weeks ago for the annual period, adjusted for currency effects.","mean_estimate_four_weeks_prior_fxadj_pretax_reported_annual12","2","GBR","{""id"":""analyst-analyst-estimates"",""name"":""Analyst Estimates""}","[]","VECTOR","TOP700","0"
"0","{""id"":""analyst"",""name"":""Analyst""}","0","{""id"":""analyst_consensus"",""name"":""Standardized Analyst Consensus Forecasts""}","1","2026-07-01","1","Average analyst forecast for annual reported net income as of four weeks ago, adjusted for currency and splits.","mean_estimate_four_weeks_prior_fxadj_reportednet_annual12_2","2","GBR","{""id"":""analyst-analyst-estimates"",""name"":""Analyst Estimates""}","[]","VECTOR","TOP700","0"
"0","{""id"":""analyst"",""name"":""Analyst""}","0","{""id"":""analyst_consensus"",""name"":""Standardized Analyst Consensus Forecasts""}","1","2026-07-01","1","Mean sales estimate four weeks ago, adjusted for currency/splits/regime","mean_estimate_four_weeks_prior_fxadj_revenue_annual12","2","GBR","{""id"":""analyst-analyst-estimates"",""name"":""Analyst Estimates""}","[]","VECTOR","TOP700","0"
"0","{""id"":""analyst"",""name"":""Analyst""}","0","{""id"":""analyst_consensus"",""name"":""Standardized Analyst Consensus Forecasts""}","1","2026-07-01","1","Consensus mean estimate for the GPS metric as of four weeks prior","mean_estimate_four_weeks_prior_gps","2","GBR","{""id"":""analyst-analyst-estimates"",""name"":""Analyst Estimates""}","[]","VECTOR","TOP700","0"
"0","{""id"":""analyst"",""name"":""Analyst""}","0","{""id"":""analyst_consensus"",""name"":""Standardized Analyst Consensus Forecasts""}","1","2026-07-01","1","Mean consensus annual NAV estimate as of four weeks ago","mean_estimate_four_weeks_prior_nav_annual12","2","GBR","{""id"":""analyst-analyst-estimates"",""name"":""Analyst Estimates""}","[]","VECTOR","TOP700","0"
"0","{""id"":""analyst"",""name"":""Analyst""}","0","{""id"":""analyst_consensus"",""name"":""Standardized Analyst Consensus Forecasts""}","1","2026-07-01","1","Mean NET consensus value from the vendor snapshot four weeks ago","mean_estimate_four_weeks_prior_net2","2","GBR","{""id"":""analyst-analyst-estimates"",""name"":""Analyst Estimates""}","[]","VECTOR","TOP700","0"
"0","{""id"":""analyst"",""name"":""Analyst""}","0","{""id"":""analyst_consensus"",""name"":""Standardized Analyst Consensus Forecasts""}","1","2026-07-01","1","Mean PRE consensus estimate four weeks ago","mean_estimate_four_weeks_prior_pretax_annual12","2","GBR","{""id"":""analyst-analyst-estimates"",""name"":""Analyst Estimates""}","[]","VECTOR","TOP700","0"
"0","{""id"":""analyst"",""name"":""Analyst""}","0","{""id"":""analyst_consensus"",""name"":""Standardized Analyst Consensus Forecasts""}","1","2026-07-01","1","Mean of PRR consensus estimates four weeks ago","mean_estimate_four_weeks_prior_pretax_reported_annual12","2","GBR","{""id"":""analyst-analyst-estimates"",""name"":""Analyst Estimates""}","[]","VECTOR","TOP700","0"
"0","{""id"":""analyst"",""name"":""Analyst""}","0","{""id"":""analyst_consensus"",""name"":""Standardized Analyst Consensus Forecasts""}","1","2026-07-01","1","Mean consensus NER estimate four weeks ago","mean_estimate_four_weeks_prior_reportednet_annual12_2","2","GBR","{""id"":""analyst-analyst-estimates"",""name"":""Analyst Estimates""}","[]","VECTOR","TOP700","0"
"0","{""id"":""analyst"",""name"":""Analyst""}","0","{""id"":""analyst_consensus"",""name"":""Standardized Analyst Consensus Forecasts""}","1","2026-07-01","1","Mean sales consensus estimate four weeks ago","mean_estimate_four_weeks_prior_revenue_annual12","2","GBR","{""id"":""analyst-analyst-estimates"",""name"":""Analyst Estimates""}","[]","VECTOR","TOP700","0"
"0","{""id"":""analyst"",""name"":""Analyst""}","0","{""id"":""analyst_consensus"",""name"":""Standardized Analyst Consensus Forecasts""}","1","2026-07-01","1","Mean annual ROE consensus 4 weeks prior","mean_estimate_four_weeks_prior_roe_annual12","2","GBR","{""id"":""analyst-analyst-estimates"",""name"":""Analyst Estimates""}","[]","VECTOR","TOP700","0"
"0","{""id"":""analyst"",""name"":""Analyst""}","0","{""id"":""analyst_consensus"",""name"":""Standardized Analyst Consensus Forecasts""}","1","2026-07-01","1","Mean (consensus) analyst estimate for quarterly reported EPS","mean_estimate_fullyreported_quarterly16_tribes","2","GBR","{""id"":""analyst-analyst-estimates"",""name"":""Analyst Estimates""}","[]","VECTOR","TOP700","0"
"0","{""id"":""analyst"",""name"":""Analyst""}","0","{""id"":""analyst_consensus"",""name"":""Standardized Analyst Consensus Forecasts""}","1","2026-07-01","1","Currency-adjusted mean analyst BVPS estimate","mean_estimate_fxadj_bvps_annual12_tribes","2","GBR","{""id"":""analyst-analyst-estimates"",""name"":""Analyst Estimates""}","[]","VECTOR","TOP700","0"
"0","{""id"":""analyst"",""name"":""Analyst""}","0","{""id"":""analyst_consensus"",""name"":""Standardized Analyst Consensus Forecasts""}","1","2026-07-01","1","Currency/regime-adjusted consensus mean CAPEX estimate","mean_estimate_fxadj_capex_annual12_3","2","GBR","{""id"":""analyst-analyst-estimates"",""name"":""Analyst Estimates""}","[]","VECTOR","TOP700","0"
"0","{""id"":""analyst"",""name"":""Analyst""}","0","{""id"":""analyst_consensus"",""name"":""Standardized Analyst Consensus Forecasts""}","1","2026-07-01","1","Currency/split/regime-adjusted mean analyst estimate for annual Cash Flow from Financing","mean_estimate_fxadj_cashflowfinancing_annual12","2","GBR","{""id"":""analyst-analyst-estimates"",""name"":""Analyst Estimates""}","[]","VECTOR","TOP700","0"
"0","{""id"":""analyst"",""name"":""Analyst""}","0","{""id"":""analyst_consensus"",""name"":""Standardized Analyst Consensus Forecasts""}","1","2026-07-01","1","Currency and split adjusted mean consensus estimate for annual CFINVEST","mean_estimate_fxadj_cashflowinvesting_annual12","2","GBR","{""id"":""analyst-analyst-estimates"",""name"":""Analyst Estimates""}","[]","VECTOR","TOP700","0"
"0","{""id"":""analyst"",""name"":""Analyst""}","0","{""id"":""analyst_consensus"",""name"":""Standardized Analyst Consensus Forecasts""}","1","2026-07-01","1","Currency-adjusted consensus mean analyst estimate for annual operating cash flow","mean_estimate_fxadj_cfo_annual12","2","GBR","{""id"":""analyst-analyst-estimates"",""name"":""Analyst Estimates""}","[]","VECTOR","TOP700","0"
"0","{""id"":""analyst"",""name"":""Analyst""}","0","{""id"":""analyst_consensus"",""name"":""Standardized Analyst Consensus Forecasts""}","1","2026-07-01","1","Currency/split-adjusted consensus mean CFPS estimate","mean_estimate_fxadj_cfps_annual12_2","2","GBR","{""id"":""analyst-analyst-estimates"",""name"":""Analyst Estimates""}","[]","VECTOR","TOP700","0"
"0","{""id"":""analyst"",""name"":""Analyst""}","0","{""id"":""analyst_consensus"",""name"":""Standardized Analyst Consensus Forecasts""}","1","2026-07-01","1","Currency/split/regime-adjusted consensus mean of analyst annual COGS estimates","mean_estimate_fxadj_cogs_annual12_tribes","2","GBR","{""id"":""analyst-analyst-estimates"",""name"":""Analyst Estimates""}","[]","VECTOR","TOP700","0"
"0","{""id"":""analyst"",""name"":""Analyst""}","0","{""id"":""analyst_consensus"",""name"":""Standardized Analyst Consensus Forecasts""}","0.7755","2026-07-01","1","FX/regime-adjusted mean (consensus) analyst estimate for Current Assets","mean_estimate_fxadj_currentassets_annual12","2","GBR","{""id"":""analyst-analyst-estimates"",""name"":""Analyst Estimates""}","[]","VECTOR","TOP700","0"
"0","{""id"":""analyst"",""name"":""Analyst""}","0","{""id"":""analyst_consensus"",""name"":""Standardized Analyst Consensus Forecasts""}","0.7755","2026-07-01","1","Consensus mean analyst forecast for annual current liabilities adjusted for currency/splits/regime effects","mean_estimate_fxadj_currentliabilities_annual12","2","GBR","{""id"":""analyst-analyst-estimates"",""name"":""Analyst Estimates""}","[]","VECTOR","TOP700","0"
"0","{""id"":""analyst"",""name"":""Analyst""}","0","{""id"":""analyst_consensus"",""name"":""Standardized Analyst Consensus Forecasts""}","1","2026-07-01","1","Regime-adjusted (currency/splits) consensus mean analyst estimate for DEPAMORT","mean_estimate_fxadj_depreciation_amortization","2","GBR","{""id"":""analyst-analyst-estimates"",""name"":""Analyst Estimates""}","[]","VECTOR","TOP700","0"
"0","{""id"":""analyst"",""name"":""Analyst""}","0","{""id"":""analyst_consensus"",""name"":""Standardized Analyst Consensus Forecasts""}","1","2026-07-01","1","Currency/split-adjusted consensus mean of analyst annual depreciation estimates","mean_estimate_fxadj_depreciation_annual12","2","GBR","{""id"":""analyst-analyst-estimates"",""name"":""Analyst Estimates""}","[]","VECTOR","TOP700","0"
"0","{""id"":""analyst"",""name"":""Analyst""}","0","{""id"":""analyst_consensus"",""name"":""Standardized Analyst Consensus Forecasts""}","1","2026-07-01","1","Currency/split-adjusted current mean consensus annual DPS estimate","mean_estimate_fxadj_dividend_annual12","2","GBR","{""id"":""analyst-analyst-estimates"",""name"":""Analyst Estimates""}","[]","VECTOR","TOP700","0"
"0","{""id"":""analyst"",""name"":""Analyst""}","0","{""id"":""analyst_consensus"",""name"":""Standardized Analyst Consensus Forecasts""}","1","2026-07-01","1","Currency/split/regime-adjusted mean (consensus) analyst estimate for annual DPS","mean_estimate_fxadj_dividend_annual12_2","2","GBR","{""id"":""analyst-analyst-estimates"",""name"":""Analyst Estimates""}","[]","VECTOR","TOP700","0"
"0","{""id"":""analyst"",""name"":""Analyst""}","0","{""id"":""analyst_consensus"",""name"":""Standardized Analyst Consensus Forecasts""}","1","2026-07-01","1","Currency/split-adjusted consensus mean (average) estimate for annual total dividends per share","mean_estimate_fxadj_dividend_annual12_tribes","2","GBR","{""id"":""analyst-analyst-estimates"",""name"":""Analyst Estimates""}","[]","VECTOR","TOP700","0"
"0","{""id"":""analyst"",""name"":""Analyst""}","0","{""id"":""analyst_consensus"",""name"":""Standardized Analyst Consensus Forecasts""}","1","2026-07-01","1","Currency/split/regime-adjusted mean consensus DPS estimate for the quarter","mean_estimate_fxadj_dps_quarterly16","2","GBR","{""id"":""analyst-analyst-estimates"",""name"":""Analyst Estimates""}","[]","VECTOR","TOP700","0"
"0","{""id"":""analyst"",""name"":""Analyst""}","0","{""id"":""analyst_consensus"",""name"":""Standardized Analyst Consensus Forecasts""}","1","2026-07-01","1","Mean consensus estimate for annual Reported EBITDA adjusted for currency/splits","mean_estimate_fxadj_ebitdarep_annual12","2","GBR","{""id"":""analyst-analyst-estimates"",""name"":""Analyst Estimates""}","[]","VECTOR","TOP700","0"
"0","{""id"":""analyst"",""name"":""Analyst""}","0","{""id"":""analyst_consensus"",""name"":""Standardized Analyst Consensus Forecasts""}","1","2026-07-01","1","Currency-adjusted mean analyst estimate for annual EBITDA","mean_estimate_fxadj_ebitda_annual12","2","GBR","{""id"":""analyst-analyst-estimates"",""name"":""Analyst Estimates""}","[]","VECTOR","TOP700","0"
"0","{""id"":""analyst"",""name"":""Analyst""}","0","{""id"":""analyst_consensus"",""name"":""Standardized Analyst Consensus Forecasts""}","1","2026-07-01","1","Adjusted mean consensus quarterly EBITDA estimate (currency/splits/regime adjusted)","mean_estimate_fxadj_ebitda_quarterly16","2","GBR","{""id"":""analyst-analyst-estimates"",""name"":""Analyst Estimates""}","[]","VECTOR","TOP700","0"
"0","{""id"":""analyst"",""name"":""Analyst""}","0","{""id"":""analyst_consensus"",""name"":""Standardized Analyst Consensus Forecasts""}","1","2026-07-01","1","Currency/regime-adjusted mean annual EBIT estimate","mean_estimate_fxadj_ebit_annual12","2","GBR","{""id"":""analyst-analyst-estimates"",""name"":""Analyst Estimates""}","[]","VECTOR","TOP700","0"
"0","{""id"":""analyst"",""name"":""Analyst""}","0","{""id"":""analyst_consensus"",""name"":""Standardized Analyst Consensus Forecasts""}","1","2026-07-01","1","Currency and split adjusted consensus mean estimate for annual EBI","mean_estimate_fxadj_ebit_annual12_2","2","GBR","{""id"":""analyst-analyst-estimates"",""name"":""Analyst Estimates""}","[]","VECTOR","TOP700","0"
"0","{""id"":""analyst"",""name"":""Analyst""}","0","{""id"":""analyst_consensus"",""name"":""Standardized Analyst Consensus Forecasts""}","1","2026-07-01","1","Currency/split/regime adjusted mean analyst EBIT estimate","mean_estimate_fxadj_ebit_quarterly16","2","GBR","{""id"":""analyst-analyst-estimates"",""name"":""Analyst Estimates""}","[]","VECTOR","TOP700","0"
"0","{""id"":""analyst"",""name"":""Analyst""}","0","{""id"":""analyst_consensus"",""name"":""Standardized Analyst Consensus Forecasts""}","1","2026-07-01","1","Regime-adjusted mean EBT consensus estimate","mean_estimate_fxadj_ebt_annual12","2","GBR","{""id"":""analyst-analyst-estimates"",""name"":""Analyst Estimates""}","[]","VECTOR","TOP700","0"
"0","{""id"":""analyst"",""name"":""Analyst""}","0","{""id"":""analyst_consensus"",""name"":""Standardized Analyst Consensus Forecasts""}","1","2026-07-01","1","Currency/split-adjusted mean consensus estimate for EV","mean_estimate_fxadj_enterprisevalue_annual12","2","GBR","{""id"":""analyst-analyst-estimates"",""name"":""Analyst Estimates""}","[]","VECTOR","TOP700","0"
"0","{""id"":""analyst"",""name"":""Analyst""}","0","{""id"":""analyst_consensus"",""name"":""Standardized Analyst Consensus Forecasts""}","1","2026-07-01","1","Currency-adjusted consensus mean analyst estimate for EPSREP","mean_estimate_fxadj_epsreported_annual12","2","GBR","{""id"":""analyst-analyst-estimates"",""name"":""Analyst Estimates""}","[]","VECTOR","TOP700","0"
"0","{""id"":""analyst"",""name"":""Analyst""}","0","{""id"":""analyst_consensus"",""name"":""Standardized Analyst Consensus Forecasts""}","1","2026-07-01","1","Currency/split/regime-adjusted mean of analyst annual EPS forecasts","mean_estimate_fxadj_eps_annual12","2","GBR","{""id"":""analyst-analyst-estimates"",""name"":""Analyst Estimates""}","[]","VECTOR","TOP700","0"
"0","{""id"":""analyst"",""name"":""Analyst""}","0","{""id"":""analyst_consensus"",""name"":""Standardized Analyst Consensus Forecasts""}","1","2026-07-01","1","Currency/split/regime-adjusted mean of analyst quarterly EPS estimates","mean_estimate_fxadj_eps_quarterly16_tribes","2","GBR","{""id"":""analyst-analyst-estimates"",""name"":""Analyst Estimates""}","[]","VECTOR","TOP700","0"
"0","{""id"":""analyst"",""name"":""Analyst""}","0","{""id"":""analyst_consensus"",""name"":""Standardized Analyst Consensus Forecasts""}","1","2026-07-01","1","Mean analyst EPSREP estimate adjusted for currency/splits/regime","mean_estimate_fxadj_eps_reported_quarterly16","2","GBR","{""id"":""analyst-analyst-estimates"",""name"":""Analyst Estimates""}","[]","VECTOR","TOP700","0"
"0","{""id"":""analyst"",""name"":""Analyst""}","0","{""id"":""analyst_consensus"",""name"":""Standardized Analyst Consensus Forecasts""}","1","2026-07-01","1","Currency/split-adjusted mean consensus estimate for annual FCFPS","mean_estimate_fxadj_fcfps_annual12","2","GBR","{""id"":""analyst-analyst-estimates"",""name"":""Analyst Estimates""}","[]","VECTOR","TOP700","0"
"0","{""id"":""analyst"",""name"":""Analyst""}","0","{""id"":""analyst_consensus"",""name"":""Standardized Analyst Consensus Forecasts""}","1","2026-07-01","1","Currency-adjusted consensus mean analyst estimate for annual Free Cash Flow (FCF) for each period in the p12 series","mean_estimate_fxadj_fcf_annual12","2","GBR","{""id"":""analyst-analyst-estimates"",""name"":""Analyst Estimates""}","[]","VECTOR","TOP700","0"
"0","{""id"":""analyst"",""name"":""Analyst""}","0","{""id"":""analyst_consensus"",""name"":""Standardized Analyst Consensus Forecasts""}","1","2026-07-01","1","Currency-adjusted consensus mean estimate for goodwill","mean_estimate_fxadj_goodwill_annual12","2","GBR","{""id"":""analyst-analyst-estimates"",""name"":""Analyst Estimates""}","[]","VECTOR","TOP700","0"
"0","{""id"":""analyst"",""name"":""Analyst""}","0","{""id"":""analyst_consensus"",""name"":""Standardized Analyst Consensus Forecasts""}","1","2026-07-01","1","Currency/split-adjusted current mean consensus estimate for the GPS measure","mean_estimate_fxadj_gps","2","GBR","{""id"":""analyst-analyst-estimates"",""name"":""Analyst Estimates""}","[]","VECTOR","TOP700","0"
"0","{""id"":""analyst"",""name"":""Analyst""}","0","{""id"":""analyst_consensus"",""name"":""Standardized Analyst Consensus Forecasts""}","1","2026-07-01","1","Consensus mean of analyst estimates for annual Gross Income, adjusted for currency/splits/regime effects","mean_estimate_fxadj_gross_income","2","GBR","{""id"":""analyst-analyst-estimates"",""name"":""Analyst Estimates""}","[]","VECTOR","TOP700","0"
"0","{""id"":""analyst"",""name"":""Analyst""}","0","{""id"":""analyst_consensus"",""name"":""Standardized Analyst Consensus Forecasts""}","1","2026-07-01","1","Consensus mean forecast for annual Interest Expense adjusted for currency/splits/regime effects","mean_estimate_fxadj_interest_expense_annual12","2","GBR","{""id"":""analyst-analyst-estimates"",""name"":""Analyst Estimates""}","[]","VECTOR","TOP700","0"
"0","{""id"":""analyst"",""name"":""Analyst""}","0","{""id"":""analyst_consensus"",""name"":""Standardized Analyst Consensus Forecasts""}","1","2026-07-01","1","Currency and split adjusted mean (consensus) estimate for INVENTORY","mean_estimate_fxadj_inventory_annual12","2","GBR","{""id"":""analyst-analyst-estimates"",""name"":""Analyst Estimates""}","[]","VECTOR","TOP700","0"
"0","{""id"":""analyst"",""name"":""Analyst""}","0","{""id"":""analyst_consensus"",""name"":""Standardized Analyst Consensus Forecasts""}","0.8193","2026-07-01","1","Currency/split-adjusted mean consensus estimate","mean_estimate_fxadj_marketable_securities_annual12","2","GBR","{""id"":""analyst-analyst-estimates"",""name"":""Analyst Estimates""}","[]","VECTOR","TOP700","0"
"0","{""id"":""analyst"",""name"":""Analyst""}","0","{""id"":""analyst_consensus"",""name"":""Standardized Analyst Consensus Forecasts""}","1","2026-07-01","1","Currency and split-adjusted current consensus mean for annual NAV","mean_estimate_fxadj_nav_annual12","2","GBR","{""id"":""analyst-analyst-estimates"",""name"":""Analyst Estimates""}","[]","VECTOR","TOP700","0"
"0","{""id"":""analyst"",""name"":""Analyst""}","0","{""id"":""analyst_consensus"",""name"":""Standardized Analyst Consensus Forecasts""}","1","2026-07-01","1","Currency/split-adjusted mean NAV consensus","mean_estimate_fxadj_nav_annual12_tribes","2","GBR","{""id"":""analyst-analyst-estimates"",""name"":""Analyst Estimates""}","[]","VECTOR","TOP700","0"
"0","{""id"":""analyst"",""name"":""Analyst""}","0","{""id"":""analyst_consensus"",""name"":""Standardized Analyst Consensus Forecasts""}","1","2026-07-01","1","Regime-adjusted mean of the current annual Net Income (NET) consensus estimates","mean_estimate_fxadj_net2","2","GBR","{""id"":""analyst-analyst-estimates"",""name"":""Analyst Estimates""}","[]","VECTOR","TOP700","0"
"0","{""id"":""analyst"",""name"":""Analyst""}","0","{""id"":""analyst_consensus"",""name"":""Standardized Analyst Consensus Forecasts""}","1","2026-07-01","1","Currency/split/regime-adjusted mean (consensus) estimate for annual Net Debt","mean_estimate_fxadj_netdebt_annual12_tribes_2","2","GBR","{""id"":""analyst-analyst-estimates"",""name"":""Analyst Estimates""}","[]","VECTOR","TOP700","0"
"0","{""id"":""analyst"",""name"":""Analyst""}","0","{""id"":""analyst_consensus"",""name"":""Standardized Analyst Consensus Forecasts""}","1","2026-07-01","1","Currency/split/regime-adjusted consensus mean estimate for annual Net Profit (Reported)","mean_estimate_fxadj_netprofitreported_annual12","2","GBR","{""id"":""analyst-analyst-estimates"",""name"":""Analyst Estimates""}","[]","VECTOR","TOP700","0"
"0","{""id"":""analyst"",""name"":""Analyst""}","0","{""id"":""analyst_consensus"",""name"":""Standardized Analyst Consensus Forecasts""}","1","2026-07-01","1","Currency-adjusted mean consensus estimate for annual Net Profit","mean_estimate_fxadj_netprofit_annual12","2","GBR","{""id"":""analyst-analyst-estimates"",""name"":""Analyst Estimates""}","[]","VECTOR","TOP700","0"
"0","{""id"":""analyst"",""name"":""Analyst""}","0","{""id"":""analyst_consensus"",""name"":""Standardized Analyst Consensus Forecasts""}","1","2026-07-01","1","Mean estimate adjusted for currency, splits, and regime effects","mean_estimate_fxadj_netprofit_quarterly16","2","GBR","{""id"":""analyst-analyst-estimates"",""name"":""Analyst Estimates""}","[]","VECTOR","TOP700","0"
"0","{""id"":""analyst"",""name"":""Analyst""}","0","{""id"":""analyst_consensus"",""name"":""Standardized Analyst Consensus Forecasts""}","1","2026-07-01","1","Currency/split-adjusted mean (consensus) analyst estimate of reported net profit","mean_estimate_fxadj_netprofit_reported_quarterly16","2","GBR","{""id"":""analyst-analyst-estimates"",""name"":""Analyst Estimates""}","[]","VECTOR","TOP700","0"
"0","{""id"":""analyst"",""name"":""Analyst""}","0","{""id"":""analyst_consensus"",""name"":""Standardized Analyst Consensus Forecasts""}","1","2026-07-01","1","Currency-adjusted mean (consensus) of analyst estimates for OPREXP","mean_estimate_fxadj_operatingexpense_annual12","2","GBR","{""id"":""analyst-analyst-estimates"",""name"":""Analyst Estimates""}","[]","VECTOR","TOP700","0"
"0","{""id"":""analyst"",""name"":""Analyst""}","0","{""id"":""analyst_consensus"",""name"":""Standardized Analyst Consensus Forecasts""}","1","2026-07-01","1","Regime/currency/split-adjusted mean analyst consensus estimate for the PRE measure","mean_estimate_fxadj_pretax_annual12","2","GBR","{""id"":""analyst-analyst-estimates"",""name"":""Analyst Estimates""}","[]","VECTOR","TOP700","0"
"0","{""id"":""analyst"",""name"":""Analyst""}","0","{""id"":""analyst_consensus"",""name"":""Standardized Analyst Consensus Forecasts""}","1","2026-07-01","1","Currency-adjusted mean (consensus) analyst estimate","mean_estimate_fxadj_pretax_annual12_2","2","GBR","{""id"":""analyst-analyst-estimates"",""name"":""Analyst Estimates""}","[]","VECTOR","TOP700","0"
"0","{""id"":""analyst"",""name"":""Analyst""}","0","{""id"":""analyst_consensus"",""name"":""Standardized Analyst Consensus Forecasts""}","1","2026-07-01","1","Currency/split-adjusted consensus mean analyst estimate for quarterly pre-tax profit over the p16 rolling window","mean_estimate_fxadj_pretax_quarterly16_tribes","2","GBR","{""id"":""analyst-analyst-estimates"",""name"":""Analyst Estimates""}","[]","VECTOR","TOP700","0"
"0","{""id"":""analyst"",""name"":""Analyst""}","0","{""id"":""analyst_consensus"",""name"":""Standardized Analyst Consensus Forecasts""}","1","2026-07-01","1","Regime-adjusted current mean PRR consensus","mean_estimate_fxadj_pretax_reported_annual12","2","GBR","{""id"":""analyst-analyst-estimates"",""name"":""Analyst Estimates""}","[]","VECTOR","TOP700","0"
"0","{""id"":""analyst"",""name"":""Analyst""}","0","{""id"":""analyst_consensus"",""name"":""Standardized Analyst Consensus Forecasts""}","1","2026-07-01","1","Mean consensus estimate adjusted for currency/splits/regime","mean_estimate_fxadj_pretax_reported_annual12_tribes","2","GBR","{""id"":""analyst-analyst-estimates"",""name"":""Analyst Estimates""}","[]","VECTOR","TOP700","0"
"0","{""id"":""analyst"",""name"":""Analyst""}","0","{""id"":""analyst_consensus"",""name"":""Standardized Analyst Consensus Forecasts""}","1","2026-07-01","1","Currency-adjusted mean analyst estimate for the PPROFITREP metric","mean_estimate_fxadj_pretax_reported_quarterly16","2","GBR","{""id"":""analyst-analyst-estimates"",""name"":""Analyst Estimates""}","[]","VECTOR","TOP700","0"
"0","{""id"":""analyst"",""name"":""Analyst""}","0","{""id"":""analyst_consensus"",""name"":""Standardized Analyst Consensus Forecasts""}","1","2026-07-01","1","Regime-adjusted current consensus mean for NER","mean_estimate_fxadj_reportednet_annual12_2","2","GBR","{""id"":""analyst-analyst-estimates"",""name"":""Analyst Estimates""}","[]","VECTOR","TOP700","0"
"0","{""id"":""analyst"",""name"":""Analyst""}","0","{""id"":""analyst_consensus"",""name"":""Standardized Analyst Consensus Forecasts""}","1","2026-07-01","1","Currency- and split-adjusted current mean of annual sales consensus estimates","mean_estimate_fxadj_revenue_annual12","2","GBR","{""id"":""analyst-analyst-estimates"",""name"":""Analyst Estimates""}","[]","VECTOR","TOP700","0"
"0","{""id"":""analyst"",""name"":""Analyst""}","0","{""id"":""analyst_consensus"",""name"":""Standardized Analyst Consensus Forecasts""}","1","2026-07-01","1","Currency/split/regime-adjusted consensus mean of analyst annual revenue estimates","mean_estimate_fxadj_revenue_annual12_tribes","2","GBR","{""id"":""analyst-analyst-estimates"",""name"":""Analyst Estimates""}","[]","VECTOR","TOP700","0"
"0","{""id"":""analyst"",""name"":""Analyst""}","0","{""id"":""analyst_consensus"",""name"":""Standardized Analyst Consensus Forecasts""}","1","2026-07-01","1","Currency/split/regime-adjusted consensus mean quarterly revenue estimate","mean_estimate_fxadj_revenue_quarterly16","2","GBR","{""id"":""analyst-analyst-estimates"",""name"":""Analyst Estimates""}","[]","VECTOR","TOP700","0"
"0","{""id"":""analyst"",""name"":""Analyst""}","0","{""id"":""analyst_consensus"",""name"":""Standardized Analyst Consensus Forecasts""}","1","2026-07-01","1","Currency-adjusted mean (consensus) analyst estimate for the SEquity measure","mean_estimate_fxadj_tangbookvalue_annual12_tribes","2","GBR","{""id"":""analyst-analyst-estimates"",""name"":""Analyst Estimates""}","[]","VECTOR","TOP700","0"
"0","{""id"":""analyst"",""name"":""Analyst""}","0","{""id"":""analyst_consensus"",""name"":""Standardized Analyst Consensus Forecasts""}","1","2026-07-01","1","Mean (consensus) target price estimate after currency and split adjustment","mean_estimate_fxadj_targetprice_annual12_tribes","2","GBR","{""id"":""analyst-analyst-estimates"",""name"":""Analyst Estimates""}","[]","MATRIX","TOP700","0"
"0","{""id"":""analyst"",""name"":""Analyst""}","0","{""id"":""analyst_consensus"",""name"":""Standardized Analyst Consensus Forecasts""}","1","2026-07-01","1","Currency and regime adjusted consensus mean estimate for annual Tax Provision","mean_estimate_fxadj_taxprovision_annual12_tribes","2","GBR","{""id"":""analyst-analyst-estimates"",""name"":""Analyst Estimates""}","[]","VECTOR","TOP700","0"
"0","{""id"":""analyst"",""name"":""Analyst""}","0","{""id"":""analyst_consensus"",""name"":""Standardized Analyst Consensus Forecasts""}","1","2026-07-01","1","Currency/split/regime adjusted mean estimate for TAXRATE","mean_estimate_fxadj_taxrate_annual12","2","GBR","{""id"":""analyst-analyst-estimates"",""name"":""Analyst Estimates""}","[]","VECTOR","TOP700","0"
"0","{""id"":""analyst"",""name"":""Analyst""}","0","{""id"":""analyst_consensus"",""name"":""Standardized Analyst Consensus Forecasts""}","1","2026-07-01","1","Currency/regime-adjusted mean analyst estimate for tax provision","mean_estimate_fxadj_tax_provision_quarterly16","2","GBR","{""id"":""analyst-analyst-estimates"",""name"":""Analyst Estimates""}","[]","VECTOR","TOP700","0"
"0","{""id"":""analyst"",""name"":""Analyst""}","0","{""id"":""analyst_consensus"",""name"":""Standardized Analyst Consensus Forecasts""}","0.1982","2026-07-01","1","Currency/split/regime-adjusted consensus mean estimate for annual total liabilities","mean_estimate_fxadj_totalliab_annual12_tribes","2","GBR","{""id"":""analyst-analyst-estimates"",""name"":""Analyst Estimates""}","[]","VECTOR","TOP700","0"
"0","{""id"":""analyst"",""name"":""Analyst""}","0","{""id"":""analyst_consensus"",""name"":""Standardized Analyst Consensus Forecasts""}","1","2026-07-01","1","Adjusted mean consensus estimate for the TA metric (currency/split/regime adjusted)","mean_estimate_fxadj_total_assets_annual12","2","GBR","{""id"":""analyst-analyst-estimates"",""name"":""Analyst Estimates""}","[]","VECTOR","TOP700","0"
"0","{""id"":""analyst"",""name"":""Analyst""}","0","{""id"":""analyst_consensus"",""name"":""Standardized Analyst Consensus Forecasts""}","1","2026-07-01","1","Consensus mean estimate for goodwill","mean_estimate_goodwill_annual12","2","GBR","{""id"":""analyst-analyst-estimates"",""name"":""Analyst Estimates""}","[]","VECTOR","TOP700","0"
"0","{""id"":""analyst"",""name"":""Analyst""}","0","{""id"":""analyst_consensus"",""name"":""Standardized Analyst Consensus Forecasts""}","1","2026-07-01","1","Mean of analyst forecast estimates for the GPM measure","mean_estimate_grossmargin_annual12_tribes","2","GBR","{""id"":""analyst-analyst-estimates"",""name"":""Analyst Estimates""}","[]","VECTOR","TOP700","0"
"0","{""id"":""analyst"",""name"":""Analyst""}","0","{""id"":""analyst_consensus"",""name"":""Standardized Analyst Consensus Forecasts""}","1","2026-07-01","1","Mean (consensus) analyst estimate for annual Interest Expense","mean_estimate_interest_expense_annual12","2","GBR","{""id"":""analyst-analyst-estimates"",""name"":""Analyst Estimates""}","[]","VECTOR","TOP700","0"
"0","{""id"":""analyst"",""name"":""Analyst""}","0","{""id"":""analyst_consensus"",""name"":""Standardized Analyst Consensus Forecasts""}","1","2026-07-01","1","Mean (consensus) of analyst estimates for the INVENTORY measure (forecast only)","mean_estimate_inventory_annual12","2","GBR","{""id"":""analyst-analyst-estimates"",""name"":""Analyst Estimates""}","[]","VECTOR","TOP700","0"
"0","{""id"":""analyst"",""name"":""Analyst""}","0","{""id"":""analyst_consensus"",""name"":""Standardized Analyst Consensus Forecasts""}","0.8193","2026-07-01","1","Mean (arithmetic average) of analyst estimates for the measure","mean_estimate_marketable_securities_annual12","2","GBR","{""id"":""analyst-analyst-estimates"",""name"":""Analyst Estimates""}","[]","VECTOR","TOP700","0"
"0","{""id"":""analyst"",""name"":""Analyst""}","0","{""id"":""analyst_consensus"",""name"":""Standardized Analyst Consensus Forecasts""}","1","2026-07-01","1","Mean (consensus average) of analyst estimates for NAV","mean_estimate_nav_annual12_tribes","2","GBR","{""id"":""analyst-analyst-estimates"",""name"":""Analyst Estimates""}","[]","VECTOR","TOP700","0"
"0","{""id"":""analyst"",""name"":""Analyst""}","0","{""id"":""analyst_consensus"",""name"":""Standardized Analyst Consensus Forecasts""}","1","2026-07-01","1","Current mean NET consensus estimate","mean_estimate_net2","2","GBR","{""id"":""analyst-analyst-estimates"",""name"":""Analyst Estimates""}","[]","VECTOR","TOP700","0"
"0","{""id"":""analyst"",""name"":""Analyst""}","0","{""id"":""analyst_consensus"",""name"":""Standardized Analyst Consensus Forecasts""}","1","2026-07-01","1","Mean (consensus) analyst estimate for annual Net Debt","mean_estimate_netdebt_annual12_2","2","GBR","{""id"":""analyst-analyst-estimates"",""name"":""Analyst Estimates""}","[]","VECTOR","TOP700","0"
"0","{""id"":""analyst"",""name"":""Analyst""}","0","{""id"":""analyst_consensus"",""name"":""Standardized Analyst Consensus Forecasts""}","1","2026-07-01","1","Consensus mean of analyst estimates for Net Profit Reported","mean_estimate_netprofitreported_annual12","2","GBR","{""id"":""analyst-analyst-estimates"",""name"":""Analyst Estimates""}","[]","VECTOR","TOP700","0"
"0","{""id"":""analyst"",""name"":""Analyst""}","0","{""id"":""analyst_consensus"",""name"":""Standardized Analyst Consensus Forecasts""}","1","2026-07-01","1","Mean (consensus) of analysts’ annual Net Profit estimates for the period","mean_estimate_netprofit_annual12","2","GBR","{""id"":""analyst-analyst-estimates"",""name"":""Analyst Estimates""}","[]","VECTOR","TOP700","0"
"0","{""id"":""analyst"",""name"":""Analyst""}","0","{""id"":""analyst_consensus"",""name"":""Standardized Analyst Consensus Forecasts""}","1","2026-07-01","1","Consensus mean analyst estimate for quarterly net profit","mean_estimate_netprofit_quarterly16","2","GBR","{""id"":""analyst-analyst-estimates"",""name"":""Analyst Estimates""}","[]","VECTOR","TOP700","0"
"0","{""id"":""analyst"",""name"":""Analyst""}","0","{""id"":""analyst_consensus"",""name"":""Standardized Analyst Consensus Forecasts""}","1","2026-07-01","1","Mean (consensus) of analyst estimates for quarterly Net Profit (Reported)","mean_estimate_netprofit_reported_quarterly16","2","GBR","{""id"":""analyst-analyst-estimates"",""name"":""Analyst Estimates""}","[]","VECTOR","TOP700","0"
"0","{""id"":""analyst"",""name"":""Analyst""}","0","{""id"":""analyst_consensus"",""name"":""Standardized Analyst Consensus Forecasts""}","1","2026-07-01","1","Mean analyst consensus estimate for annual operating expenses","mean_estimate_operatingexpense_annual12","2","GBR","{""id"":""analyst-analyst-estimates"",""name"":""Analyst Estimates""}","[]","VECTOR","TOP700","0"
"0","{""id"":""analyst"",""name"":""Analyst""}","0","{""id"":""analyst_consensus"",""name"":""Standardized Analyst Consensus Forecasts""}","1","2026-07-01","1","Mean (consensus) estimate for annual PPROFIT","mean_estimate_pretax_annual12_2","2","GBR","{""id"":""analyst-analyst-estimates"",""name"":""Analyst Estimates""}","[]","VECTOR","TOP700","0"
"0","{""id"":""analyst"",""name"":""Analyst""}","0","{""id"":""analyst_consensus"",""name"":""Standardized Analyst Consensus Forecasts""}","1","2026-07-01","1","Mean analyst consensus estimate for the PPROFIT quarterly metric","mean_estimate_pretax_quarterly16_tribes","2","GBR","{""id"":""analyst-analyst-estimates"",""name"":""Analyst Estimates""}","[]","VECTOR","TOP700","0"
"0","{""id"":""analyst"",""name"":""Analyst""}","0","{""id"":""analyst_consensus"",""name"":""Standardized Analyst Consensus Forecasts""}","1","2026-07-01","1","Mean of the current PRR consensus estimates","mean_estimate_pretax_reported_annual12_2","2","GBR","{""id"":""analyst-analyst-estimates"",""name"":""Analyst Estimates""}","[]","VECTOR","TOP700","0"
"0","{""id"":""analyst"",""name"":""Analyst""}","0","{""id"":""analyst_consensus"",""name"":""Standardized Analyst Consensus Forecasts""}","1","2026-07-01","1","Mean (average) analyst consensus estimate for the measure (forecast)","mean_estimate_pretax_reported_annual12_tribes","2","GBR","{""id"":""analyst-analyst-estimates"",""name"":""Analyst Estimates""}","[]","VECTOR","TOP700","0"
"0","{""id"":""analyst"",""name"":""Analyst""}","0","{""id"":""analyst_consensus"",""name"":""Standardized Analyst Consensus Forecasts""}","1","2026-07-01","1","Mean (consensus) analyst estimate for the PPROFITREP metric","mean_estimate_pretax_reported_quarterly16","2","GBR","{""id"":""analyst-analyst-estimates"",""name"":""Analyst Estimates""}","[]","VECTOR","TOP700","0"
"0","{""id"":""analyst"",""name"":""Analyst""}","0","{""id"":""analyst_consensus"",""name"":""Standardized Analyst Consensus Forecasts""}","1","2026-07-01","1","Current consensus mean NER estimate","mean_estimate_reportednet_annual12_2","2","GBR","{""id"":""analyst-analyst-estimates"",""name"":""Analyst Estimates""}","[]","VECTOR","TOP700","0"
"0","{""id"":""analyst"",""name"":""Analyst""}","0","{""id"":""analyst_consensus"",""name"":""Standardized Analyst Consensus Forecasts""}","1","2026-07-01","1","Mean (consensus average) of analyst ROC estimates","mean_estimate_return_on_capital_annual12","2","GBR","{""id"":""analyst-analyst-estimates"",""name"":""Analyst Estimates""}","[]","VECTOR","TOP700","0"
"0","{""id"":""analyst"",""name"":""Analyst""}","0","{""id"":""analyst_consensus"",""name"":""Standardized Analyst Consensus Forecasts""}","1","2026-07-01","1","Consensus mean of analyst annual revenue estimates","mean_estimate_revenue_annual12","2","GBR","{""id"":""analyst-analyst-estimates"",""name"":""Analyst Estimates""}","[]","VECTOR","TOP700","0"
"0","{""id"":""analyst"",""name"":""Analyst""}","0","{""id"":""analyst_consensus"",""name"":""Standardized Analyst Consensus Forecasts""}","1","2026-07-01","1","Mean (consensus) analyst estimate for quarterly revenue","mean_estimate_revenue_quarterly16","2","GBR","{""id"":""analyst-analyst-estimates"",""name"":""Analyst Estimates""}","[]","VECTOR","TOP700","0"
"0","{""id"":""analyst"",""name"":""Analyst""}","0","{""id"":""analyst_consensus"",""name"":""Standardized Analyst Consensus Forecasts""}","1","2026-07-01","1","Consensus mean analyst estimate for annual ROA","mean_estimate_roe_annual12_tribes","2","GBR","{""id"":""analyst-analyst-estimates"",""name"":""Analyst Estimates""}","[]","VECTOR","TOP700","0"
"0","{""id"":""analyst"",""name"":""Analyst""}","0","{""id"":""analyst_consensus"",""name"":""Standardized Analyst Consensus Forecasts""}","1","2026-07-01","1","Mean (consensus) of analyst ROE estimates (forecast-only)","mean_estimate_roe_annual12_tribes_2","2","GBR","{""id"":""analyst-analyst-estimates"",""name"":""Analyst Estimates""}","[]","VECTOR","TOP700","0"
"0","{""id"":""analyst"",""name"":""Analyst""}","0","{""id"":""analyst_consensus"",""name"":""Standardized Analyst Consensus Forecasts""}","1","2026-07-01","1","Mean (consensus average) of analysts’ forecasts for the annual number of shares outstanding","mean_estimate_sharesoutstanding_annual12","2","GBR","{""id"":""analyst-analyst-estimates"",""name"":""Analyst Estimates""}","[]","VECTOR","TOP700","0"
"0","{""id"":""analyst"",""name"":""Analyst""}","0","{""id"":""analyst_consensus"",""name"":""Standardized Analyst Consensus Forecasts""}","1","2026-07-01","1","Surprise between actual reported annual Depreciation & Amortization and the consensus mean estimate (Actual − MeanEst), regime-aware","mean_estimate_surprise_depreciation_amortization","2","GBR","{""id"":""analyst-analyst-estimates"",""name"":""Analyst Estimates""}","[]","VECTOR","TOP700","0"
"0","{""id"":""analyst"",""name"":""Analyst""}","0","{""id"":""analyst_consensus"",""name"":""Standardized Analyst Consensus Forecasts""}","1","2026-07-01","1","Currency-adjusted surprise using the mean estimate for DEPAMORT","mean_estimate_surprise_fxadj_depreciation_amortization","2","GBR","{""id"":""analyst-analyst-estimates"",""name"":""Analyst Estimates""}","[]","VECTOR","TOP700","0"
"0","{""id"":""analyst"",""name"":""Analyst""}","0","{""id"":""analyst_consensus"",""name"":""Standardized Analyst Consensus Forecasts""}","1","2026-07-01","1","Surprise metric: actual minus mean analyst estimate for Gross Income","mean_estimate_surprise_gross_income","2","GBR","{""id"":""analyst-analyst-estimates"",""name"":""Analyst Estimates""}","[]","VECTOR","TOP700","0"
"0","{""id"":""analyst"",""name"":""Analyst""}","0","{""id"":""analyst_consensus"",""name"":""Standardized Analyst Consensus Forecasts""}","1","2026-07-01","1","Mean of analyst estimates (consensus) for the SEQUITY measure","mean_estimate_tangbookvalue_annual12_tribes","2","GBR","{""id"":""analyst-analyst-estimates"",""name"":""Analyst Estimates""}","[]","VECTOR","TOP700","0"
"0","{""id"":""analyst"",""name"":""Analyst""}","0","{""id"":""analyst_consensus"",""name"":""Standardized Analyst Consensus Forecasts""}","1","2026-07-01","1","Mean (consensus average) of analyst target price estimates","mean_estimate_targetprice_annual12_tribes","2","GBR","{""id"":""analyst-analyst-estimates"",""name"":""Analyst Estimates""}","[]","MATRIX","TOP700","0"
"0","{""id"":""analyst"",""name"":""Analyst""}","0","{""id"":""analyst_consensus"",""name"":""Standardized Analyst Consensus Forecasts""}","1","2026-07-01","1","Consensus mean analyst estimate for annual Tax Provision","mean_estimate_taxprovision_annual12_tribes","2","GBR","{""id"":""analyst-analyst-estimates"",""name"":""Analyst Estimates""}","[]","VECTOR","TOP700","0"
"0","{""id"":""analyst"",""name"":""Analyst""}","0","{""id"":""analyst_consensus"",""name"":""Standardized Analyst Consensus Forecasts""}","1","2026-07-01","1","Mean (consensus) analyst estimate for TAXRATE","mean_estimate_taxrate_annual12","2","GBR","{""id"":""analyst-analyst-estimates"",""name"":""Analyst Estimates""}","[]","VECTOR","TOP700","0"
"0","{""id"":""analyst"",""name"":""Analyst""}","0","{""id"":""analyst_consensus"",""name"":""Standardized Analyst Consensus Forecasts""}","1","2026-07-01","1","Mean (arithmetic average) of analyst consensus estimates for quarterly tax provision for each period, unadjusted","mean_estimate_tax_provision_quarterly16","2","GBR","{""id"":""analyst-analyst-estimates"",""name"":""Analyst Estimates""}","[]","VECTOR","TOP700","0"
"0","{""id"":""analyst"",""name"":""Analyst""}","0","{""id"":""analyst_consensus"",""name"":""Standardized Analyst Consensus Forecasts""}","1","2026-07-01","1","Mean annual DPS consensus 3 months ago (historical snapshot)","mean_estimate_three_months_prior_dividend_annual12_2","2","GBR","{""id"":""analyst-analyst-estimates"",""name"":""Analyst Estimates""}","[]","VECTOR","TOP700","0"
"0","{""id"":""analyst"",""name"":""Analyst""}","0","{""id"":""analyst_consensus"",""name"":""Standardized Analyst Consensus Forecasts""}","1","2026-07-01","1","Mean EBI consensus estimate as of 3 months ago","mean_estimate_three_months_prior_ebit_annual12_2","2","GBR","{""id"":""analyst-analyst-estimates"",""name"":""Analyst Estimates""}","[]","VECTOR","TOP700","0"
"0","{""id"":""analyst"",""name"":""Analyst""}","0","{""id"":""analyst_consensus"",""name"":""Standardized Analyst Consensus Forecasts""}","1","2026-07-01","1","Mean analyst EBT consensus as of three months ago","mean_estimate_three_months_prior_ebt_annual12","2","GBR","{""id"":""analyst-analyst-estimates"",""name"":""Analyst Estimates""}","[]","VECTOR","TOP700","0"
"0","{""id"":""analyst"",""name"":""Analyst""}","0","{""id"":""analyst_consensus"",""name"":""Standardized Analyst Consensus Forecasts""}","1","2026-07-01","1","Currency/split-adjusted mean consensus annual DPS estimate three months ago (vendor snapshot)","mean_estimate_three_months_prior_fxadj_dividend_annual12","2","GBR","{""id"":""analyst-analyst-estimates"",""name"":""Analyst Estimates""}","[]","VECTOR","TOP700","0"
"0","{""id"":""analyst"",""name"":""Analyst""}","0","{""id"":""analyst_consensus"",""name"":""Standardized Analyst Consensus Forecasts""}","1","2026-07-01","1","Mean analyst estimate for annual EBI as of three months ago, adjusted for currency, splits, and regime effects","mean_estimate_three_months_prior_fxadj_ebit_annual12_2","2","GBR","{""id"":""analyst-analyst-estimates"",""name"":""Analyst Estimates""}","[]","VECTOR","TOP700","0"
"0","{""id"":""analyst"",""name"":""Analyst""}","0","{""id"":""analyst_consensus"",""name"":""Standardized Analyst Consensus Forecasts""}","1","2026-07-01","1","Regime-adjusted mean EBT consensus estimate three months ago","mean_estimate_three_months_prior_fxadj_ebt_annual12","2","GBR","{""id"":""analyst-analyst-estimates"",""name"":""Analyst Estimates""}","[]","VECTOR","TOP700","0"
"0","{""id"":""analyst"",""name"":""Analyst""}","0","{""id"":""analyst_consensus"",""name"":""Standardized Analyst Consensus Forecasts""}","1","2026-07-01","1","Regime-adjusted consensus mean estimate for the GPS metric as of three months prior","mean_estimate_three_months_prior_fxadj_gps","2","GBR","{""id"":""analyst-analyst-estimates"",""name"":""Analyst Estimates""}","[]","VECTOR","TOP700","0"
"0","{""id"":""analyst"",""name"":""Analyst""}","0","{""id"":""analyst_consensus"",""name"":""Standardized Analyst Consensus Forecasts""}","1","2026-07-01","1","Mean of currency-adjusted net asset value estimates from three months prior for the annual period.","mean_estimate_three_months_prior_fxadj_nav_annual12","2","GBR","{""id"":""analyst-analyst-estimates"",""name"":""Analyst Estimates""}","[]","VECTOR","TOP700","0"
"0","{""id"":""analyst"",""name"":""Analyst""}","0","{""id"":""analyst_consensus"",""name"":""Standardized Analyst Consensus Forecasts""}","1","2026-07-01","1","Average analyst estimate for net income from three months ago, adjusted for currency.","mean_estimate_three_months_prior_fxadj_net2","2","GBR","{""id"":""analyst-analyst-estimates"",""name"":""Analyst Estimates""}","[]","VECTOR","TOP700","0"
"0","{""id"":""analyst"",""name"":""Analyst""}","0","{""id"":""analyst_consensus"",""name"":""Standardized Analyst Consensus Forecasts""}","1","2026-07-01","1","Regime-adjusted mean PRE consensus estimate from three months ago","mean_estimate_three_months_prior_fxadj_pretax_annual12","2","GBR","{""id"":""analyst-analyst-estimates"",""name"":""Analyst Estimates""}","[]","VECTOR","TOP700","0"
"0","{""id"":""analyst"",""name"":""Analyst""}","0","{""id"":""analyst_consensus"",""name"":""Standardized Analyst Consensus Forecasts""}","1","2026-07-01","1","Mean pre-tax profit (reported) estimate from three months ago for the annual period, adjusted for currency effects.","mean_estimate_three_months_prior_fxadj_pretax_reported_annual12","2","GBR","{""id"":""analyst-analyst-estimates"",""name"":""Analyst Estimates""}","[]","VECTOR","TOP700","0"
"0","{""id"":""analyst"",""name"":""Analyst""}","0","{""id"":""analyst_consensus"",""name"":""Standardized Analyst Consensus Forecasts""}","1","2026-07-01","1","Average analyst forecast for annual reported net income three months ago, adjusted for currency and splits.","mean_estimate_three_months_prior_fxadj_reportednet_annual12_2","2","GBR","{""id"":""analyst-analyst-estimates"",""name"":""Analyst Estimates""}","[]","VECTOR","TOP700","0"
"0","{""id"":""analyst"",""name"":""Analyst""}","0","{""id"":""analyst_consensus"",""name"":""Standardized Analyst Consensus Forecasts""}","1","2026-07-01","1","Mean sales consensus estimate three months ago, adjusted for currency/splits/regime","mean_estimate_three_months_prior_fxadj_revenue_annual12","2","GBR","{""id"":""analyst-analyst-estimates"",""name"":""Analyst Estimates""}","[]","VECTOR","TOP700","0"
"0","{""id"":""analyst"",""name"":""Analyst""}","0","{""id"":""analyst_consensus"",""name"":""Standardized Analyst Consensus Forecasts""}","1","2026-07-01","1","Consensus mean estimate for the GPS metric as of three months prior","mean_estimate_three_months_prior_gps2","2","GBR","{""id"":""analyst-analyst-estimates"",""name"":""Analyst Estimates""}","[]","VECTOR","TOP700","0"
"0","{""id"":""analyst"",""name"":""Analyst""}","0","{""id"":""analyst_consensus"",""name"":""Standardized Analyst Consensus Forecasts""}","1","2026-07-01","1","Mean of annual NAV consensus estimates three months ago","mean_estimate_three_months_prior_nav_annual12","2","GBR","{""id"":""analyst-analyst-estimates"",""name"":""Analyst Estimates""}","[]","VECTOR","TOP700","0"
"0","{""id"":""analyst"",""name"":""Analyst""}","0","{""id"":""analyst_consensus"",""name"":""Standardized Analyst Consensus Forecasts""}","1","2026-07-01","1","Mean annual Net Income (NET) consensus value as of three months ago","mean_estimate_three_months_prior_net2","2","GBR","{""id"":""analyst-analyst-estimates"",""name"":""Analyst Estimates""}","[]","VECTOR","TOP700","0"
"0","{""id"":""analyst"",""name"":""Analyst""}","0","{""id"":""analyst_consensus"",""name"":""Standardized Analyst Consensus Forecasts""}","1","2026-07-01","1","Mean analyst consensus estimate for the PRE measure from 3 months ago","mean_estimate_three_months_prior_pretax_annual12","2","GBR","{""id"":""analyst-analyst-estimates"",""name"":""Analyst Estimates""}","[]","VECTOR","TOP700","0"
"0","{""id"":""analyst"",""name"":""Analyst""}","0","{""id"":""analyst_consensus"",""name"":""Standardized Analyst Consensus Forecasts""}","1","2026-07-01","1","Mean of PRR consensus estimates three months ago","mean_estimate_three_months_prior_pretax_reported_annual12","2","GBR","{""id"":""analyst-analyst-estimates"",""name"":""Analyst Estimates""}","[]","VECTOR","TOP700","0"
"0","{""id"":""analyst"",""name"":""Analyst""}","0","{""id"":""analyst_consensus"",""name"":""Standardized Analyst Consensus Forecasts""}","1","2026-07-01","1","Mean consensus NER estimate three months ago","mean_estimate_three_months_prior_reportednet_annual12_2","2","GBR","{""id"":""analyst-analyst-estimates"",""name"":""Analyst Estimates""}","[]","VECTOR","TOP700","0"
"0","{""id"":""analyst"",""name"":""Analyst""}","0","{""id"":""analyst_consensus"",""name"":""Standardized Analyst Consensus Forecasts""}","1","2026-07-01","1","Mean sales consensus estimate three months ago","mean_estimate_three_months_prior_revenue_annual12","2","GBR","{""id"":""analyst-analyst-estimates"",""name"":""Analyst Estimates""}","[]","VECTOR","TOP700","0"
"0","{""id"":""analyst"",""name"":""Analyst""}","0","{""id"":""analyst_consensus"",""name"":""Standardized Analyst Consensus Forecasts""}","1","2026-07-01","1","Mean annual ROE consensus 3 months prior","mean_estimate_three_months_prior_roe_annual12","2","GBR","{""id"":""analyst-analyst-estimates"",""name"":""Analyst Estimates""}","[]","VECTOR","TOP700","0"
"0","{""id"":""analyst"",""name"":""Analyst""}","0","{""id"":""analyst_consensus"",""name"":""Standardized Analyst Consensus Forecasts""}","0.1982","2026-07-01","1","Consensus mean of analyst forecasts for annual total liabilities","mean_estimate_totalliab_annual12_tribes","2","GBR","{""id"":""analyst-analyst-estimates"",""name"":""Analyst Estimates""}","[]","VECTOR","TOP700","0"
"0","{""id"":""analyst"",""name"":""Analyst""}","0","{""id"":""analyst_consensus"",""name"":""Standardized Analyst Consensus Forecasts""}","1","2026-07-01","1","Mean average of analyst estimates consensus for the measure","mean_estimate_total_assets_annual12","2","GBR","{""id"":""analyst-analyst-estimates"",""name"":""Analyst Estimates""}","[]","VECTOR","TOP700","0"
"0","{""id"":""analyst"",""name"":""Analyst""}","0","{""id"":""analyst_consensus"",""name"":""Standardized Analyst Consensus Forecasts""}","1","2026-07-01","1","Mean of flash DPS consensus estimates","mean_flash_estimate_dividend_annual12","2","GBR","{""id"":""analyst-analyst-estimates"",""name"":""Analyst Estimates""}","[]","VECTOR","TOP700","0"
"0","{""id"":""analyst"",""name"":""Analyst""}","0","{""id"":""analyst_consensus"",""name"":""Standardized Analyst Consensus Forecasts""}","1","2026-07-01","1","Mean of the flash snapshot analyst estimates for annual EBI","mean_flash_estimate_ebit_annual12_2","2","GBR","{""id"":""analyst-analyst-estimates"",""name"":""Analyst Estimates""}","[]","VECTOR","TOP700","0"
"0","{""id"":""analyst"",""name"":""Analyst""}","0","{""id"":""analyst_consensus"",""name"":""Standardized Analyst Consensus Forecasts""}","1","2026-07-01","1","Mean of EBT flash consensus estimates","mean_flash_estimate_ebt_annual12","2","GBR","{""id"":""analyst-analyst-estimates"",""name"":""Analyst Estimates""}","[]","VECTOR","TOP700","0"
"0","{""id"":""analyst"",""name"":""Analyst""}","0","{""id"":""analyst_consensus"",""name"":""Standardized Analyst Consensus Forecasts""}","1","2026-07-01","1","Adjusted mean annual DPS using flash estimates","mean_flash_estimate_fxadj_dividend_annual12_2","2","GBR","{""id"":""analyst-analyst-estimates"",""name"":""Analyst Estimates""}","[]","VECTOR","TOP700","0"
"0","{""id"":""analyst"",""name"":""Analyst""}","0","{""id"":""analyst_consensus"",""name"":""Standardized Analyst Consensus Forecasts""}","1","2026-07-01","1","Currency/split adjusted mean of flash consensus estimates for EBI","mean_flash_estimate_fxadj_ebit_annual12_2","2","GBR","{""id"":""analyst-analyst-estimates"",""name"":""Analyst Estimates""}","[]","VECTOR","TOP700","0"
"0","{""id"":""analyst"",""name"":""Analyst""}","0","{""id"":""analyst_consensus"",""name"":""Standardized Analyst Consensus Forecasts""}","1","2026-07-01","1","Regime-adjusted mean of EBT flash consensus estimates","mean_flash_estimate_fxadj_ebt_annual12","2","GBR","{""id"":""analyst-analyst-estimates"",""name"":""Analyst Estimates""}","[]","VECTOR","TOP700","0"
"0","{""id"":""analyst"",""name"":""Analyst""}","0","{""id"":""analyst_consensus"",""name"":""Standardized Analyst Consensus Forecasts""}","1","2026-07-01","1","Mean of currency-adjusted flash net asset value estimates for the annual period.","mean_flash_estimate_fxadj_nav_annual12","2","GBR","{""id"":""analyst-analyst-estimates"",""name"":""Analyst Estimates""}","[]","VECTOR","TOP700","0"
"0","{""id"":""analyst"",""name"":""Analyst""}","0","{""id"":""analyst_consensus"",""name"":""Standardized Analyst Consensus Forecasts""}","1","2026-07-01","1","Currency and split-adjusted mean of the flash consensus estimates for annual pre-tax profit (PRE)","mean_flash_estimate_fxadj_pretax_annual12","2","GBR","{""id"":""analyst-analyst-estimates"",""name"":""Analyst Estimates""}","[]","VECTOR","TOP700","0"
"0","{""id"":""analyst"",""name"":""Analyst""}","0","{""id"":""analyst_consensus"",""name"":""Standardized Analyst Consensus Forecasts""}","1","2026-07-01","1","Mean of the most recent pre-tax profit (reported) estimates for the annual period, adjusted for currency effects.","mean_flash_estimate_fxadj_pretax_reported_annual12","2","GBR","{""id"":""analyst-analyst-estimates"",""name"":""Analyst Estimates""}","[]","VECTOR","TOP700","0"
"0","{""id"":""analyst"",""name"":""Analyst""}","0","{""id"":""analyst_consensus"",""name"":""Standardized Analyst Consensus Forecasts""}","1","2026-07-01","1","Average analyst forecast for annual reported net income in the flash period, adjusted for currency and splits.","mean_flash_estimate_fxadj_reportednet_annual12_2","2","GBR","{""id"":""analyst-analyst-estimates"",""name"":""Analyst Estimates""}","[]","VECTOR","TOP700","0"
"0","{""id"":""analyst"",""name"":""Analyst""}","0","{""id"":""analyst_consensus"",""name"":""Standardized Analyst Consensus Forecasts""}","1","2026-07-01","1","Adjusted mean from flash (snapshot) sales estimates","mean_flash_estimate_fxadj_revenue_annual12","2","GBR","{""id"":""analyst-analyst-estimates"",""name"":""Analyst Estimates""}","[]","VECTOR","TOP700","0"
"0","{""id"":""analyst"",""name"":""Analyst""}","0","{""id"":""analyst_consensus"",""name"":""Standardized Analyst Consensus Forecasts""}","1","2026-07-01","1","Mean of flash annual NAV estimates","mean_flash_estimate_nav_annual12","2","GBR","{""id"":""analyst-analyst-estimates"",""name"":""Analyst Estimates""}","[]","VECTOR","TOP700","0"
"0","{""id"":""analyst"",""name"":""Analyst""}","0","{""id"":""analyst_consensus"",""name"":""Standardized Analyst Consensus Forecasts""}","1","2026-07-01","1","Mean of flash consensus estimates for the PRE metric (vendor snapshot)","mean_flash_estimate_pretax_annual12","2","GBR","{""id"":""analyst-analyst-estimates"",""name"":""Analyst Estimates""}","[]","VECTOR","TOP700","0"
"0","{""id"":""analyst"",""name"":""Analyst""}","0","{""id"":""analyst_consensus"",""name"":""Standardized Analyst Consensus Forecasts""}","1","2026-07-01","1","Mean of the flash PRR consensus estimates","mean_flash_estimate_pretax_reported_annual12","2","GBR","{""id"":""analyst-analyst-estimates"",""name"":""Analyst Estimates""}","[]","VECTOR","TOP700","0"
"0","{""id"":""analyst"",""name"":""Analyst""}","0","{""id"":""analyst_consensus"",""name"":""Standardized Analyst Consensus Forecasts""}","1","2026-07-01","1","Mean of flash consensus NER estimates","mean_flash_estimate_reportednet_annual12_2","2","GBR","{""id"":""analyst-analyst-estimates"",""name"":""Analyst Estimates""}","[]","VECTOR","TOP700","0"
"0","{""id"":""analyst"",""name"":""Analyst""}","0","{""id"":""analyst_consensus"",""name"":""Standardized Analyst Consensus Forecasts""}","1","2026-07-01","1","Mean from flash (snapshot) sales estimates","mean_flash_estimate_revenue_annual12","2","GBR","{""id"":""analyst-analyst-estimates"",""name"":""Analyst Estimates""}","[]","VECTOR","TOP700","0"
"0","{""id"":""analyst"",""name"":""Analyst""}","0","{""id"":""analyst_consensus"",""name"":""Standardized Analyst Consensus Forecasts""}","1","2026-07-01","1","Mean ROE consensus including flash updates","mean_flash_estimate_roe_annual12","2","GBR","{""id"":""analyst-analyst-estimates"",""name"":""Analyst Estimates""}","[]","VECTOR","TOP700","0"
"0","{""id"":""analyst"",""name"":""Analyst""}","0","{""id"":""analyst_consensus"",""name"":""Standardized Analyst Consensus Forecasts""}","1","2026-07-01","1","Consensus mean estimate for annual COGS combined with subsequent actuals (Forecast + Actual overlay)","mean_forecast_actual_cogs_annual12_tribes","2","GBR","{""id"":""analyst-analyst-estimates"",""name"":""Analyst Estimates""}","[]","VECTOR","TOP700","0"
"0","{""id"":""analyst"",""name"":""Analyst""}","0","{""id"":""analyst_consensus"",""name"":""Standardized Analyst Consensus Forecasts""}","1","2026-07-01","1","Forecast-plus-Actual overlay of the mean BVPS value (uses forecast until actual arrives, then actual)","mean_forecast_actual_combined_bvps_annual12_tribes","2","GBR","{""id"":""analyst-analyst-estimates"",""name"":""Analyst Estimates""}","[]","VECTOR","TOP700","0"
"0","{""id"":""analyst"",""name"":""Analyst""}","0","{""id"":""analyst_consensus"",""name"":""Standardized Analyst Consensus Forecasts""}","1","2026-07-01","1","Regime-aware overlay combining mean CAPEX forecast with subsequent actuals","mean_forecast_actual_combined_capex_annual12_3","2","GBR","{""id"":""analyst-analyst-estimates"",""name"":""Analyst Estimates""}","[]","VECTOR","TOP700","0"
"0","{""id"":""analyst"",""name"":""Analyst""}","0","{""id"":""analyst_consensus"",""name"":""Standardized Analyst Consensus Forecasts""}","1","2026-07-01","1","Forecast-plus-Actual overlay using the mean for annual Cash Flow from Financing (regime-aware)","mean_forecast_actual_combined_cashflowfinancing_annual12","2","GBR","{""id"":""analyst-analyst-estimates"",""name"":""Analyst Estimates""}","[]","VECTOR","TOP700","0"
"0","{""id"":""analyst"",""name"":""Analyst""}","0","{""id"":""analyst_consensus"",""name"":""Standardized Analyst Consensus Forecasts""}","1","2026-07-01","1","Forecast-plus-actual mean for annual CFINVEST","mean_forecast_actual_combined_cashflowinvesting_annual12","2","GBR","{""id"":""analyst-analyst-estimates"",""name"":""Analyst Estimates""}","[]","VECTOR","TOP700","0"
"0","{""id"":""analyst"",""name"":""Analyst""}","0","{""id"":""analyst_consensus"",""name"":""Standardized Analyst Consensus Forecasts""}","1","2026-07-01","1","Mean analyst estimate combined with subsequent actuals for operating cash flow","mean_forecast_actual_combined_cfo_annual12","2","GBR","{""id"":""analyst-analyst-estimates"",""name"":""Analyst Estimates""}","[]","VECTOR","TOP700","0"
"0","{""id"":""analyst"",""name"":""Analyst""}","0","{""id"":""analyst_consensus"",""name"":""Standardized Analyst Consensus Forecasts""}","1","2026-07-01","1","Regime-aware composite of the consensus mean CFPS estimate combined with actuals (Forecast+Actual overlay)","mean_forecast_actual_combined_cfps_annual12_2","2","GBR","{""id"":""analyst-analyst-estimates"",""name"":""Analyst Estimates""}","[]","VECTOR","TOP700","0"
"0","{""id"":""analyst"",""name"":""Analyst""}","0","{""id"":""analyst_consensus"",""name"":""Standardized Analyst Consensus Forecasts""}","0.7755","2026-07-01","1","Mean consensus estimate for annual current assets combined with subsequent actuals (FA overlay)","mean_forecast_actual_combined_currentassets_annual12","2","GBR","{""id"":""analyst-analyst-estimates"",""name"":""Analyst Estimates""}","[]","VECTOR","TOP700","0"
"0","{""id"":""analyst"",""name"":""Analyst""}","0","{""id"":""analyst_consensus"",""name"":""Standardized Analyst Consensus Forecasts""}","0.7755","2026-07-01","1","Forecast-plus-Actual overlay: regime-aware series combining the consensus mean forecast for annual current liabilities with the subsequently reported actuals","mean_forecast_actual_combined_currentliabilities_annual12","2","GBR","{""id"":""analyst-analyst-estimates"",""name"":""Analyst Estimates""}","[]","VECTOR","TOP700","0"
"0","{""id"":""analyst"",""name"":""Analyst""}","0","{""id"":""analyst_consensus"",""name"":""Standardized Analyst Consensus Forecasts""}","1","2026-07-01","1","Consensus mean estimate combined with subsequent actuals (FA overlay) for annual depreciation","mean_forecast_actual_combined_depreciation_annual12","2","GBR","{""id"":""analyst-analyst-estimates"",""name"":""Analyst Estimates""}","[]","VECTOR","TOP700","0"
"0","{""id"":""analyst"",""name"":""Analyst""}","0","{""id"":""analyst_consensus"",""name"":""Standardized Analyst Consensus Forecasts""}","1","2026-07-01","1","Forecast-plus-actual overlay mean for DPS, combining consensus forecasts with subsequent actuals in a regime-aware manner","mean_forecast_actual_combined_dividend_annual12_2","2","GBR","{""id"":""analyst-analyst-estimates"",""name"":""Analyst Estimates""}","[]","VECTOR","TOP700","0"
"0","{""id"":""analyst"",""name"":""Analyst""}","0","{""id"":""analyst_consensus"",""name"":""Standardized Analyst Consensus Forecasts""}","1","2026-07-01","1","Mean consensus for annual DPS combined with actuals (Forecast+Actual overlay)","mean_forecast_actual_combined_dps_annual12_3","2","GBR","{""id"":""analyst-analyst-estimates"",""name"":""Analyst Estimates""}","[]","VECTOR","TOP700","0"
"0","{""id"":""analyst"",""name"":""Analyst""}","0","{""id"":""analyst_consensus"",""name"":""Standardized Analyst Consensus Forecasts""}","1","2026-07-01","1","Forecast-plus-Actual mean series for DPS","mean_forecast_actual_combined_dps_quarterly16","2","GBR","{""id"":""analyst-analyst-estimates"",""name"":""Analyst Estimates""}","[]","VECTOR","TOP700","0"
"0","{""id"":""analyst"",""name"":""Analyst""}","0","{""id"":""analyst_consensus"",""name"":""Standardized Analyst Consensus Forecasts""}","1","2026-07-01","1","Forecast+Actual composite for mean: mean estimates during forecast periods, switching to actuals when reported for annual Reported EBITDA","mean_forecast_actual_combined_ebitdarep_annual12","2","GBR","{""id"":""analyst-analyst-estimates"",""name"":""Analyst Estimates""}","[]","VECTOR","TOP700","0"
"0","{""id"":""analyst"",""name"":""Analyst""}","0","{""id"":""analyst_consensus"",""name"":""Standardized Analyst Consensus Forecasts""}","1","2026-07-01","1","Forecast-plus-actual composite mean consensus estimate for annual EBITDA across the p12 window","mean_forecast_actual_combined_ebitda_annual12","2","GBR","{""id"":""analyst-analyst-estimates"",""name"":""Analyst Estimates""}","[]","VECTOR","TOP700","0"
"0","{""id"":""analyst"",""name"":""Analyst""}","0","{""id"":""analyst_consensus"",""name"":""Standardized Analyst Consensus Forecasts""}","1","2026-07-01","1","Forecast+Actual composite: mean (consensus) EBITDA where forecasts are replaced by actuals once reported","mean_forecast_actual_combined_ebitda_quarterly16","2","GBR","{""id"":""analyst-analyst-estimates"",""name"":""Analyst Estimates""}","[]","VECTOR","TOP700","0"
"0","{""id"":""analyst"",""name"":""Analyst""}","0","{""id"":""analyst_consensus"",""name"":""Standardized Analyst Consensus Forecasts""}","1","2026-07-01","1","Mean analyst EBIT estimate combined with subsequent actuals (forecast plus actual), regime-aware overlay","mean_forecast_actual_combined_ebit_annual12","2","GBR","{""id"":""analyst-analyst-estimates"",""name"":""Analyst Estimates""}","[]","VECTOR","TOP700","0"
"0","{""id"":""analyst"",""name"":""Analyst""}","0","{""id"":""analyst_consensus"",""name"":""Standardized Analyst Consensus Forecasts""}","1","2026-07-01","1","Forecast-plus-actual mean overlay for EBI, reflecting regime-aware combination of forecasts and subsequent actuals","mean_forecast_actual_combined_ebit_annual12_2","2","GBR","{""id"":""analyst-analyst-estimates"",""name"":""Analyst Estimates""}","[]","VECTOR","TOP700","0"
"0","{""id"":""analyst"",""name"":""Analyst""}","0","{""id"":""analyst_consensus"",""name"":""Standardized Analyst Consensus Forecasts""}","1","2026-07-01","1","Mean EBIT estimate combined with actuals (Forecast+Actual overlay)","mean_forecast_actual_combined_ebit_quarterly16_tribes","2","GBR","{""id"":""analyst-analyst-estimates"",""name"":""Analyst Estimates""}","[]","VECTOR","TOP700","0"
"0","{""id"":""analyst"",""name"":""Analyst""}","0","{""id"":""analyst_consensus"",""name"":""Standardized Analyst Consensus Forecasts""}","1","2026-07-01","1","Average value combining both forecast and actual pre-tax profit for the annual period.","mean_forecast_actual_combined_ebt_annual12","2","GBR","{""id"":""analyst-analyst-estimates"",""name"":""Analyst Estimates""}","[]","VECTOR","TOP700","0"
"0","{""id"":""analyst"",""name"":""Analyst""}","0","{""id"":""analyst_consensus"",""name"":""Standardized Analyst Consensus Forecasts""}","1","2026-07-01","1","Mean estimate combined with actuals (Forecast + Actual) for EV","mean_forecast_actual_combined_enterprisevalue_annual12","2","GBR","{""id"":""analyst-analyst-estimates"",""name"":""Analyst Estimates""}","[]","VECTOR","TOP700","0"
"0","{""id"":""analyst"",""name"":""Analyst""}","0","{""id"":""analyst_consensus"",""name"":""Standardized Analyst Consensus Forecasts""}","1","2026-07-01","1","Forecast-plus-actual regime-aware mean for EPSREP (consensus mean blended with actuals when available)","mean_forecast_actual_combined_epsreported_annual12","2","GBR","{""id"":""analyst-analyst-estimates"",""name"":""Analyst Estimates""}","[]","VECTOR","TOP700","0"
"0","{""id"":""analyst"",""name"":""Analyst""}","0","{""id"":""analyst_consensus"",""name"":""Standardized Analyst Consensus Forecasts""}","1","2026-07-01","1","Mean estimate combined with subsequent actuals for annual EPS (forecast + actual overlay)","mean_forecast_actual_combined_eps_annual12","2","GBR","{""id"":""analyst-analyst-estimates"",""name"":""Analyst Estimates""}","[]","VECTOR","TOP700","0"
"0","{""id"":""analyst"",""name"":""Analyst""}","0","{""id"":""analyst_consensus"",""name"":""Standardized Analyst Consensus Forecasts""}","1","2026-07-01","1","Forecast-plus-Actual overlay for the mean quarterly EPS (combines forecasts with actuals)","mean_forecast_actual_combined_eps_quarterly16_tribes","2","GBR","{""id"":""analyst-analyst-estimates"",""name"":""Analyst Estimates""}","[]","VECTOR","TOP700","0"
"0","{""id"":""analyst"",""name"":""Analyst""}","0","{""id"":""analyst_consensus"",""name"":""Standardized Analyst Consensus Forecasts""}","1","2026-07-01","1","Forecast-plus-actual overlay for the mean EPSREP estimate","mean_forecast_actual_combined_eps_reported_quarterly16","2","GBR","{""id"":""analyst-analyst-estimates"",""name"":""Analyst Estimates""}","[]","VECTOR","TOP700","0"
"0","{""id"":""analyst"",""name"":""Analyst""}","0","{""id"":""analyst_consensus"",""name"":""Standardized Analyst Consensus Forecasts""}","1","2026-07-01","1","Mean consensus for FCFPS combined with actuals in a single forecast-plus-actual (FA) series (vendor overlay)","mean_forecast_actual_combined_fcfps_annual12","2","GBR","{""id"":""analyst-analyst-estimates"",""name"":""Analyst Estimates""}","[]","VECTOR","TOP700","0"
"0","{""id"":""analyst"",""name"":""Analyst""}","0","{""id"":""analyst_consensus"",""name"":""Standardized Analyst Consensus Forecasts""}","1","2026-07-01","1","Mean consensus analyst estimate of annual free cash flow combined with subsequent actuals (Forecast + Actual)","mean_forecast_actual_combined_fcf_annual12","2","GBR","{""id"":""analyst-analyst-estimates"",""name"":""Analyst Estimates""}","[]","VECTOR","TOP700","0"
"0","{""id"":""analyst"",""name"":""Analyst""}","0","{""id"":""analyst_consensus"",""name"":""Standardized Analyst Consensus Forecasts""}","1","2026-07-01","1","Currency-adjusted Forecast-plus-Actual mean BVPS value","mean_forecast_actual_combined_fxadj_bvps_annual12_tribes","2","GBR","{""id"":""analyst-analyst-estimates"",""name"":""Analyst Estimates""}","[]","VECTOR","TOP700","0"
"0","{""id"":""analyst"",""name"":""Analyst""}","0","{""id"":""analyst_consensus"",""name"":""Standardized Analyst Consensus Forecasts""}","1","2026-07-01","1","Currency adjusted forecast-plus-actual composite: mean consensus for annual CFINVEST aligned with actuals","mean_forecast_actual_combined_fxadj_cashflowinvesting_annual12","2","GBR","{""id"":""analyst-analyst-estimates"",""name"":""Analyst Estimates""}","[]","VECTOR","TOP700","0"
"0","{""id"":""analyst"",""name"":""Analyst""}","0","{""id"":""analyst_consensus"",""name"":""Standardized Analyst Consensus Forecasts""}","1","2026-07-01","1","Currency-adjusted forecast-plus-actual consensus mean for annual operating cash flow, regime-aware","mean_forecast_actual_combined_fxadj_cfo_annual12","2","GBR","{""id"":""analyst-analyst-estimates"",""name"":""Analyst Estimates""}","[]","VECTOR","TOP700","0"
"0","{""id"":""analyst"",""name"":""Analyst""}","0","{""id"":""analyst_consensus"",""name"":""Standardized Analyst Consensus Forecasts""}","1","2026-07-01","1","Currency-adjusted forecast-plus-actual mean CFPS value","mean_forecast_actual_combined_fxadj_cfps_annual12_2","2","GBR","{""id"":""analyst-analyst-estimates"",""name"":""Analyst Estimates""}","[]","VECTOR","TOP700","0"
"0","{""id"":""analyst"",""name"":""Analyst""}","0","{""id"":""analyst_consensus"",""name"":""Standardized Analyst Consensus Forecasts""}","0.7755","2026-07-01","1","Currency-adjusted mean consensus value combining forecasts and actuals for current liabilities","mean_forecast_actual_combined_fxadj_currentliabilities_annual12","2","GBR","{""id"":""analyst-analyst-estimates"",""name"":""Analyst Estimates""}","[]","VECTOR","TOP700","0"
"0","{""id"":""analyst"",""name"":""Analyst""}","0","{""id"":""analyst_consensus"",""name"":""Standardized Analyst Consensus Forecasts""}","1","2026-07-01","1","Currency-adjusted consensus mean estimate for annual depreciation, combined with subsequent actuals (FA overlay)","mean_forecast_actual_combined_fxadj_depreciation_annual12","2","GBR","{""id"":""analyst-analyst-estimates"",""name"":""Analyst Estimates""}","[]","VECTOR","TOP700","0"
"0","{""id"":""analyst"",""name"":""Analyst""}","0","{""id"":""analyst_consensus"",""name"":""Standardized Analyst Consensus Forecasts""}","1","2026-07-01","1","Forecast-plus-Actual composite mean for annual DPS, adjusted for currency and splits","mean_forecast_actual_combined_fxadj_dividend_annual12","2","GBR","{""id"":""analyst-analyst-estimates"",""name"":""Analyst Estimates""}","[]","VECTOR","TOP700","0"
"0","{""id"":""analyst"",""name"":""Analyst""}","0","{""id"":""analyst_consensus"",""name"":""Standardized Analyst Consensus Forecasts""}","1","2026-07-01","1","Currency/split/regime-adjusted mean consensus for annual DPS combined with actuals (Forecast+Actual overlay)","mean_forecast_actual_combined_fxadj_dividend_annual12_2","2","GBR","{""id"":""analyst-analyst-estimates"",""name"":""Analyst Estimates""}","[]","VECTOR","TOP700","0"
"0","{""id"":""analyst"",""name"":""Analyst""}","0","{""id"":""analyst_consensus"",""name"":""Standardized Analyst Consensus Forecasts""}","1","2026-07-01","1","Mean FA estimate adjusted for currency/splits/regime","mean_forecast_actual_combined_fxadj_dps_quarterly16","2","GBR","{""id"":""analyst-analyst-estimates"",""name"":""Analyst Estimates""}","[]","VECTOR","TOP700","0"
"0","{""id"":""analyst"",""name"":""Analyst""}","0","{""id"":""analyst_consensus"",""name"":""Standardized Analyst Consensus Forecasts""}","1","2026-07-01","1","Currency/split-adjusted version of the Forecast+Actual mean EBITDA","mean_forecast_actual_combined_fxadj_ebitda_quarterly16","2","GBR","{""id"":""analyst-analyst-estimates"",""name"":""Analyst Estimates""}","[]","VECTOR","TOP700","0"
"0","{""id"":""analyst"",""name"":""Analyst""}","0","{""id"":""analyst_consensus"",""name"":""Standardized Analyst Consensus Forecasts""}","1","2026-07-01","1","Currency and split adjusted mean of the forecast-plus-actual composite for EBI","mean_forecast_actual_combined_fxadj_ebit_annual12_2","2","GBR","{""id"":""analyst-analyst-estimates"",""name"":""Analyst Estimates""}","[]","VECTOR","TOP700","0"
"0","{""id"":""analyst"",""name"":""Analyst""}","0","{""id"":""analyst_consensus"",""name"":""Standardized Analyst Consensus Forecasts""}","1","2026-07-01","1","Currency-adjusted mean consensus estimate combined with actuals (FA overlay) for quarterly EBIT","mean_forecast_actual_combined_fxadj_ebit_quarterly16","2","GBR","{""id"":""analyst-analyst-estimates"",""name"":""Analyst Estimates""}","[]","VECTOR","TOP700","0"
"0","{""id"":""analyst"",""name"":""Analyst""}","0","{""id"":""analyst_consensus"",""name"":""Standardized Analyst Consensus Forecasts""}","1","2026-07-01","1","Regime-adjusted mean of the forecast-plus-actual overlay for EBT","mean_forecast_actual_combined_fxadj_ebt_annual12","2","GBR","{""id"":""analyst-analyst-estimates"",""name"":""Analyst Estimates""}","[]","VECTOR","TOP700","0"
"0","{""id"":""analyst"",""name"":""Analyst""}","0","{""id"":""analyst_consensus"",""name"":""Standardized Analyst Consensus Forecasts""}","1","2026-07-01","1","Currency-adjusted forecast-plus-actual mean for EPSREP","mean_forecast_actual_combined_fxadj_epsreported_annual12","2","GBR","{""id"":""analyst-analyst-estimates"",""name"":""Analyst Estimates""}","[]","VECTOR","TOP700","0"
"0","{""id"":""analyst"",""name"":""Analyst""}","0","{""id"":""analyst_consensus"",""name"":""Standardized Analyst Consensus Forecasts""}","1","2026-07-01","1","Currency/split/regime-adjusted mean estimate combined with actuals (FA overlay) for annual EPS","mean_forecast_actual_combined_fxadj_eps_annual12","2","GBR","{""id"":""analyst-analyst-estimates"",""name"":""Analyst Estimates""}","[]","VECTOR","TOP700","0"
"0","{""id"":""analyst"",""name"":""Analyst""}","0","{""id"":""analyst_consensus"",""name"":""Standardized Analyst Consensus Forecasts""}","1","2026-07-01","1","Currency-adjusted forecast-plus-actual mean EPSREP overlay","mean_forecast_actual_combined_fxadj_eps_reported_quarterly16","2","GBR","{""id"":""analyst-analyst-estimates"",""name"":""Analyst Estimates""}","[]","VECTOR","TOP700","0"
"0","{""id"":""analyst"",""name"":""Analyst""}","0","{""id"":""analyst_consensus"",""name"":""Standardized Analyst Consensus Forecasts""}","1","2026-07-01","1","Currency/split-adjusted mean consensus for FCFPS in the FA (forecast-plus-actual) series","mean_forecast_actual_combined_fxadj_fcfps_annual12","2","GBR","{""id"":""analyst-analyst-estimates"",""name"":""Analyst Estimates""}","[]","VECTOR","TOP700","0"
"0","{""id"":""analyst"",""name"":""Analyst""}","0","{""id"":""analyst_consensus"",""name"":""Standardized Analyst Consensus Forecasts""}","1","2026-07-01","1","Currency-adjusted mean estimate of FCF combined with actuals (Forecast + Actual)","mean_forecast_actual_combined_fxadj_fcf_annual12","2","GBR","{""id"":""analyst-analyst-estimates"",""name"":""Analyst Estimates""}","[]","VECTOR","TOP700","0"
"0","{""id"":""analyst"",""name"":""Analyst""}","0","{""id"":""analyst_consensus"",""name"":""Standardized Analyst Consensus Forecasts""}","1","2026-07-01","1","Currency/split-adjusted mean estimate combined with actuals for goodwill","mean_forecast_actual_combined_fxadj_goodwill_annual12","2","GBR","{""id"":""analyst-analyst-estimates"",""name"":""Analyst Estimates""}","[]","VECTOR","TOP700","0"
"0","{""id"":""analyst"",""name"":""Analyst""}","0","{""id"":""analyst_consensus"",""name"":""Standardized Analyst Consensus Forecasts""}","1","2026-07-01","1","Currency and split-adjusted mean of the Forecast-plus-Actual composite for the annual GPS measure","mean_forecast_actual_combined_fxadj_gps2","2","GBR","{""id"":""analyst-analyst-estimates"",""name"":""Analyst Estimates""}","[]","VECTOR","TOP700","0"
"0","{""id"":""analyst"",""name"":""Analyst""}","0","{""id"":""analyst_consensus"",""name"":""Standardized Analyst Consensus Forecasts""}","1","2026-07-01","1","Currency-adjusted Forecast+Actual mean for annual Interest Expense (vendor FA overlay)","mean_forecast_actual_combined_fxadj_interest_expense_annual12","2","GBR","{""id"":""analyst-analyst-estimates"",""name"":""Analyst Estimates""}","[]","VECTOR","TOP700","0"
"0","{""id"":""analyst"",""name"":""Analyst""}","0","{""id"":""analyst_consensus"",""name"":""Standardized Analyst Consensus Forecasts""}","1","2026-07-01","1","Currency and split adjusted Forecast+Actual composite mean for INVENTORY, using consensus in forecast periods and actuals once reported, regime-aware","mean_forecast_actual_combined_fxadj_inventory_annual12_2","2","GBR","{""id"":""analyst-analyst-estimates"",""name"":""Analyst Estimates""}","[]","VECTOR","TOP700","0"
"0","{""id"":""analyst"",""name"":""Analyst""}","0","{""id"":""analyst_consensus"",""name"":""Standardized Analyst Consensus Forecasts""}","0.8193","2026-07-01","1","FX/split/regime-adjusted combined mean forecast plus actuals for annual Marketable Securities","mean_forecast_actual_combined_fxadj_marketable_securities_annual12_2","2","GBR","{""id"":""analyst-analyst-estimates"",""name"":""Analyst Estimates""}","[]","VECTOR","TOP700","0"
"0","{""id"":""analyst"",""name"":""Analyst""}","0","{""id"":""analyst_consensus"",""name"":""Standardized Analyst Consensus Forecasts""}","1","2026-07-01","1","Average of currency-adjusted forecast and actual net asset value for the annual period.","mean_forecast_actual_combined_fxadj_nav_annual12","2","GBR","{""id"":""analyst-analyst-estimates"",""name"":""Analyst Estimates""}","[]","VECTOR","TOP700","0"
"0","{""id"":""analyst"",""name"":""Analyst""}","0","{""id"":""analyst_consensus"",""name"":""Standardized Analyst Consensus Forecasts""}","1","2026-07-01","1","Currency-adjusted Forecast+Actual combined mean value for NAV","mean_forecast_actual_combined_fxadj_nav_annual12_tribes","2","GBR","{""id"":""analyst-analyst-estimates"",""name"":""Analyst Estimates""}","[]","VECTOR","TOP700","0"
"0","{""id"":""analyst"",""name"":""Analyst""}","0","{""id"":""analyst_consensus"",""name"":""Standardized Analyst Consensus Forecasts""}","1","2026-07-01","1","Currency/split-adjusted mean of the Forecast+Actual composite for NET (regime-aware combination of forecasts and actuals)","mean_forecast_actual_combined_fxadj_net2","2","GBR","{""id"":""analyst-analyst-estimates"",""name"":""Analyst Estimates""}","[]","VECTOR","TOP700","0"
"0","{""id"":""analyst"",""name"":""Analyst""}","0","{""id"":""analyst_consensus"",""name"":""Standardized Analyst Consensus Forecasts""}","1","2026-07-01","1","Currency/split/regime-adjusted mean consensus estimate combined with actuals (FA overlay) for the measure","mean_forecast_actual_combined_fxadj_netprofitreported_annual12","2","GBR","{""id"":""analyst-analyst-estimates"",""name"":""Analyst Estimates""}","[]","VECTOR","TOP700","0"
"0","{""id"":""analyst"",""name"":""Analyst""}","0","{""id"":""analyst_consensus"",""name"":""Standardized Analyst Consensus Forecasts""}","1","2026-07-01","1","Currency-adjusted mean consensus estimate for annual net profit, combined with actuals under the FA overlay","mean_forecast_actual_combined_fxadj_netprofit_annual12","2","GBR","{""id"":""analyst-analyst-estimates"",""name"":""Analyst Estimates""}","[]","VECTOR","TOP700","0"
"0","{""id"":""analyst"",""name"":""Analyst""}","0","{""id"":""analyst_consensus"",""name"":""Standardized Analyst Consensus Forecasts""}","1","2026-07-01","1","Adjusted Forecast+Actual mean series for quarterly net profit","mean_forecast_actual_combined_fxadj_netprofit_quarterly16","2","GBR","{""id"":""analyst-analyst-estimates"",""name"":""Analyst Estimates""}","[]","VECTOR","TOP700","0"
"0","{""id"":""analyst"",""name"":""Analyst""}","0","{""id"":""analyst_consensus"",""name"":""Standardized Analyst Consensus Forecasts""}","1","2026-07-01","1","Currency/split/regime-adjusted version of the combined mean forecast plus actual series for quarterly Net Profit (Reported)","mean_forecast_actual_combined_fxadj_netprofit_reported_quarterly16","2","GBR","{""id"":""analyst-analyst-estimates"",""name"":""Analyst Estimates""}","[]","VECTOR","TOP700","0"
"0","{""id"":""analyst"",""name"":""Analyst""}","0","{""id"":""analyst_consensus"",""name"":""Standardized Analyst Consensus Forecasts""}","1","2026-07-01","1","Currency-adjusted mean analyst consensus combined with actuals (Forecast+Actual) for annual operating expenses","mean_forecast_actual_combined_fxadj_operatingexpense_annual12","2","GBR","{""id"":""analyst-analyst-estimates"",""name"":""Analyst Estimates""}","[]","VECTOR","TOP700","0"
"0","{""id"":""analyst"",""name"":""Analyst""}","0","{""id"":""analyst_consensus"",""name"":""Standardized Analyst Consensus Forecasts""}","1","2026-07-01","1","Mean of combined forecast and actual values for annual pre-tax profit, adjusted for currency.","mean_forecast_actual_combined_fxadj_pretax_annual12","2","GBR","{""id"":""analyst-analyst-estimates"",""name"":""Analyst Estimates""}","[]","VECTOR","TOP700","0"
"0","{""id"":""analyst"",""name"":""Analyst""}","0","{""id"":""analyst_consensus"",""name"":""Standardized Analyst Consensus Forecasts""}","1","2026-07-01","1","Currency-adjusted Forecast-plus-Actual combined mean consensus for annual pre-tax profit","mean_forecast_actual_combined_fxadj_pretax_annual12_2","2","GBR","{""id"":""analyst-analyst-estimates"",""name"":""Analyst Estimates""}","[]","VECTOR","TOP700","0"
"0","{""id"":""analyst"",""name"":""Analyst""}","0","{""id"":""analyst_consensus"",""name"":""Standardized Analyst Consensus Forecasts""}","1","2026-07-01","1","Mean of combined forecast and actual pre-tax profit (reported) values for the annual period, adjusted for currency effects.","mean_forecast_actual_combined_fxadj_pretax_reported_annual12","2","GBR","{""id"":""analyst-analyst-estimates"",""name"":""Analyst Estimates""}","[]","VECTOR","TOP700","0"
"0","{""id"":""analyst"",""name"":""Analyst""}","0","{""id"":""analyst_consensus"",""name"":""Standardized Analyst Consensus Forecasts""}","1","2026-07-01","1","Currency/split adjusted Forecast+Actual series using mean consensus","mean_forecast_actual_combined_fxadj_pretax_reported_annual12_tribes","2","GBR","{""id"":""analyst-analyst-estimates"",""name"":""Analyst Estimates""}","[]","VECTOR","TOP700","0"
"0","{""id"":""analyst"",""name"":""Analyst""}","0","{""id"":""analyst_consensus"",""name"":""Standardized Analyst Consensus Forecasts""}","1","2026-07-01","1","Currency-adjusted mean estimate combined with actuals (FA overlay) for the PPROFITREP metric","mean_forecast_actual_combined_fxadj_pretax_reported_quarterly16","2","GBR","{""id"":""analyst-analyst-estimates"",""name"":""Analyst Estimates""}","[]","VECTOR","TOP700","0"
"0","{""id"":""analyst"",""name"":""Analyst""}","0","{""id"":""analyst_consensus"",""name"":""Standardized Analyst Consensus Forecasts""}","1","2026-07-01","1","Average of both analyst forecasts and actuals for annual reported net income, adjusted for currency and splits.","mean_forecast_actual_combined_fxadj_reportednet_annual12_2","2","GBR","{""id"":""analyst-analyst-estimates"",""name"":""Analyst Estimates""}","[]","VECTOR","TOP700","0"
"0","{""id"":""analyst"",""name"":""Analyst""}","0","{""id"":""analyst_consensus"",""name"":""Standardized Analyst Consensus Forecasts""}","1","2026-07-01","1","Adjusted mean of the Forecast-plus-Actual (FA) sales series","mean_forecast_actual_combined_fxadj_revenue_annual12","2","GBR","{""id"":""analyst-analyst-estimates"",""name"":""Analyst Estimates""}","[]","VECTOR","TOP700","0"
"0","{""id"":""analyst"",""name"":""Analyst""}","0","{""id"":""analyst_consensus"",""name"":""Standardized Analyst Consensus Forecasts""}","1","2026-07-01","1","Currency/regime-adjusted mean estimate combined with actuals (forecast+actual) for annual revenue","mean_forecast_actual_combined_fxadj_revenue_annual12_tribes","2","GBR","{""id"":""analyst-analyst-estimates"",""name"":""Analyst Estimates""}","[]","VECTOR","TOP700","0"
"0","{""id"":""analyst"",""name"":""Analyst""}","0","{""id"":""analyst_consensus"",""name"":""Standardized Analyst Consensus Forecasts""}","1","2026-07-01","1","Currency-adjusted mean consensus estimate combined with subsequent actuals (FA overlay) for the SEquity measure","mean_forecast_actual_combined_fxadj_tangbookvalue_annual12_tribes","2","GBR","{""id"":""analyst-analyst-estimates"",""name"":""Analyst Estimates""}","[]","VECTOR","TOP700","0"
"0","{""id"":""analyst"",""name"":""Analyst""}","0","{""id"":""analyst_consensus"",""name"":""Standardized Analyst Consensus Forecasts""}","1","2026-07-01","1","Currency adjusted forecast-plus-actual mean for annual Tax Provision","mean_forecast_actual_combined_fxadj_taxprovision_annual12_tribes","2","GBR","{""id"":""analyst-analyst-estimates"",""name"":""Analyst Estimates""}","[]","VECTOR","TOP700","0"
"0","{""id"":""analyst"",""name"":""Analyst""}","0","{""id"":""analyst_consensus"",""name"":""Standardized Analyst Consensus Forecasts""}","0.1982","2026-07-01","1","Currency-adjusted forecast-plus-actual mean estimate for annual total liabilities","mean_forecast_actual_combined_fxadj_totalliab_annual12_tribes","2","GBR","{""id"":""analyst-analyst-estimates"",""name"":""Analyst Estimates""}","[]","VECTOR","TOP700","0"
"0","{""id"":""analyst"",""name"":""Analyst""}","0","{""id"":""analyst_consensus"",""name"":""Standardized Analyst Consensus Forecasts""}","1","2026-07-01","1","Regime- and currency-adjusted Forecast-plus-Actual (FA) overlay for the mean estimate of Total Assets","mean_forecast_actual_combined_fxadj_total_assets_annual12","2","GBR","{""id"":""analyst-analyst-estimates"",""name"":""Analyst Estimates""}","[]","VECTOR","TOP700","0"
"0","{""id"":""analyst"",""name"":""Analyst""}","0","{""id"":""analyst_consensus"",""name"":""Standardized Analyst Consensus Forecasts""}","1","2026-07-01","1","Mean estimate combined with actuals (Forecast+Actual vector) for goodwill","mean_forecast_actual_combined_goodwill_annual12","2","GBR","{""id"":""analyst-analyst-estimates"",""name"":""Analyst Estimates""}","[]","VECTOR","TOP700","0"
"0","{""id"":""analyst"",""name"":""Analyst""}","0","{""id"":""analyst_consensus"",""name"":""Standardized Analyst Consensus Forecasts""}","1","2026-07-01","1","Average of both forecasted and actual fully reported earnings per share for the period.","mean_forecast_actual_combined_gps","2","GBR","{""id"":""analyst-analyst-estimates"",""name"":""Analyst Estimates""}","[]","VECTOR","TOP700","0"
"0","{""id"":""analyst"",""name"":""Analyst""}","0","{""id"":""analyst_consensus"",""name"":""Standardized Analyst Consensus Forecasts""}","1","2026-07-01","1","Forecast-plus-Actual composite: mean estimate combined with actuals in a regime-aware vector","mean_forecast_actual_combined_grossmargin_annual12_tribes","2","GBR","{""id"":""analyst-analyst-estimates"",""name"":""Analyst Estimates""}","[]","VECTOR","TOP700","0"
"0","{""id"":""analyst"",""name"":""Analyst""}","0","{""id"":""analyst_consensus"",""name"":""Standardized Analyst Consensus Forecasts""}","1","2026-07-01","1","Regime-aware Forecast+Actual overlay combining the mean forecast and the subsequent actual for annual Interest Expense","mean_forecast_actual_combined_interest_expense_annual12","2","GBR","{""id"":""analyst-analyst-estimates"",""name"":""Analyst Estimates""}","[]","VECTOR","TOP700","0"
"0","{""id"":""analyst"",""name"":""Analyst""}","0","{""id"":""analyst_consensus"",""name"":""Standardized Analyst Consensus Forecasts""}","1","2026-07-01","1","Forecast+Actual composite mean for INVENTORY, regime-aware combination of consensus forecasts and actuals","mean_forecast_actual_combined_inventory_annual12","2","GBR","{""id"":""analyst-analyst-estimates"",""name"":""Analyst Estimates""}","[]","VECTOR","TOP700","0"
"0","{""id"":""analyst"",""name"":""Analyst""}","0","{""id"":""analyst_consensus"",""name"":""Standardized Analyst Consensus Forecasts""}","0.8193","2026-07-01","1","Regime-aware combined series of consensus mean forecasts and subsequent actuals for annual Marketable Securities","mean_forecast_actual_combined_marketable_securities_annual12","2","GBR","{""id"":""analyst-analyst-estimates"",""name"":""Analyst Estimates""}","[]","VECTOR","TOP700","0"
"0","{""id"":""analyst"",""name"":""Analyst""}","0","{""id"":""analyst_consensus"",""name"":""Standardized Analyst Consensus Forecasts""}","1","2026-07-01","1","Average of forecast and actual net asset value for the annual period.","mean_forecast_actual_combined_nav_annual12","2","GBR","{""id"":""analyst-analyst-estimates"",""name"":""Analyst Estimates""}","[]","VECTOR","TOP700","0"
"0","{""id"":""analyst"",""name"":""Analyst""}","0","{""id"":""analyst_consensus"",""name"":""Standardized Analyst Consensus Forecasts""}","1","2026-07-01","1","Forecast+Actual combined mean value (regime-aware) for NAV","mean_forecast_actual_combined_nav_annual12_tribes","2","GBR","{""id"":""analyst-analyst-estimates"",""name"":""Analyst Estimates""}","[]","VECTOR","TOP700","0"
"0","{""id"":""analyst"",""name"":""Analyst""}","0","{""id"":""analyst_consensus"",""name"":""Standardized Analyst Consensus Forecasts""}","1","2026-07-01","1","Average of combined forecast and actual net income values.","mean_forecast_actual_combined_net2","2","GBR","{""id"":""analyst-analyst-estimates"",""name"":""Analyst Estimates""}","[]","VECTOR","TOP700","0"
"0","{""id"":""analyst"",""name"":""Analyst""}","0","{""id"":""analyst_consensus"",""name"":""Standardized Analyst Consensus Forecasts""}","1","2026-07-01","1","Mean estimate combined with actuals (Forecast+Actual) for annual Net Debt","mean_forecast_actual_combined_netdebt_annual12_2","2","GBR","{""id"":""analyst-analyst-estimates"",""name"":""Analyst Estimates""}","[]","VECTOR","TOP700","0"
"0","{""id"":""analyst"",""name"":""Analyst""}","0","{""id"":""analyst_consensus"",""name"":""Standardized Analyst Consensus Forecasts""}","1","2026-07-01","1","Mean consensus estimate combined with subsequent actuals (FA overlay), regime-aware","mean_forecast_actual_combined_netprofitreported_annual12","2","GBR","{""id"":""analyst-analyst-estimates"",""name"":""Analyst Estimates""}","[]","VECTOR","TOP700","0"
"0","{""id"":""analyst"",""name"":""Analyst""}","0","{""id"":""analyst_consensus"",""name"":""Standardized Analyst Consensus Forecasts""}","1","2026-07-01","1","Mean consensus estimate for annual net profit combined with actuals under the FA overlay","mean_forecast_actual_combined_netprofit_annual12","2","GBR","{""id"":""analyst-analyst-estimates"",""name"":""Analyst Estimates""}","[]","VECTOR","TOP700","0"
"0","{""id"":""analyst"",""name"":""Analyst""}","0","{""id"":""analyst_consensus"",""name"":""Standardized Analyst Consensus Forecasts""}","1","2026-07-01","1","Forecast+Actual mean series for quarterly net profit","mean_forecast_actual_combined_netprofit_quarterly16","2","GBR","{""id"":""analyst-analyst-estimates"",""name"":""Analyst Estimates""}","[]","VECTOR","TOP700","0"
"0","{""id"":""analyst"",""name"":""Analyst""}","0","{""id"":""analyst_consensus"",""name"":""Standardized Analyst Consensus Forecasts""}","1","2026-07-01","1","Regime-aware series combining mean consensus forecasts with subsequent actuals for quarterly Net Profit (Reported)","mean_forecast_actual_combined_netprofit_reported_quarterly16","2","GBR","{""id"":""analyst-analyst-estimates"",""name"":""Analyst Estimates""}","[]","VECTOR","TOP700","0"
"0","{""id"":""analyst"",""name"":""Analyst""}","0","{""id"":""analyst_consensus"",""name"":""Standardized Analyst Consensus Forecasts""}","1","2026-07-01","1","Mean analyst consensus for annual operating expenses in the Forecast+Actual overlay","mean_forecast_actual_combined_operatingexpense_annual12","2","GBR","{""id"":""analyst-analyst-estimates"",""name"":""Analyst Estimates""}","[]","VECTOR","TOP700","0"
"0","{""id"":""analyst"",""name"":""Analyst""}","0","{""id"":""analyst_consensus"",""name"":""Standardized Analyst Consensus Forecasts""}","1","2026-07-01","1","Mean of combined forecast and actual values for annual pre-tax profit.","mean_forecast_actual_combined_pretax_annual12","2","GBR","{""id"":""analyst-analyst-estimates"",""name"":""Analyst Estimates""}","[]","VECTOR","TOP700","0"
"0","{""id"":""analyst"",""name"":""Analyst""}","0","{""id"":""analyst_consensus"",""name"":""Standardized Analyst Consensus Forecasts""}","1","2026-07-01","1","Forecast-plus-Actual combined mean consensus series for annual pre-tax profit (unadjusted)","mean_forecast_actual_combined_pretax_annual12_2","2","GBR","{""id"":""analyst-analyst-estimates"",""name"":""Analyst Estimates""}","[]","VECTOR","TOP700","0"
"0","{""id"":""analyst"",""name"":""Analyst""}","0","{""id"":""analyst_consensus"",""name"":""Standardized Analyst Consensus Forecasts""}","1","2026-07-01","1","Mean of combined forecast and actual pre-tax profit (reported) values for the annual period.","mean_forecast_actual_combined_pretax_reported_annual12","2","GBR","{""id"":""analyst-analyst-estimates"",""name"":""Analyst Estimates""}","[]","VECTOR","TOP700","0"
"0","{""id"":""analyst"",""name"":""Analyst""}","0","{""id"":""analyst_consensus"",""name"":""Standardized Analyst Consensus Forecasts""}","1","2026-07-01","1","Forecast+Actual series using mean consensus (mean forecasts prior to release, actuals afterward)","mean_forecast_actual_combined_pretax_reported_annual12_tribes","2","GBR","{""id"":""analyst-analyst-estimates"",""name"":""Analyst Estimates""}","[]","VECTOR","TOP700","0"
"0","{""id"":""analyst"",""name"":""Analyst""}","0","{""id"":""analyst_consensus"",""name"":""Standardized Analyst Consensus Forecasts""}","1","2026-07-01","1","Mean estimate combined with actuals (FA overlay) for the PPROFITREP metric","mean_forecast_actual_combined_pretax_reported_quarterly16","2","GBR","{""id"":""analyst-analyst-estimates"",""name"":""Analyst Estimates""}","[]","VECTOR","TOP700","0"
"0","{""id"":""analyst"",""name"":""Analyst""}","0","{""id"":""analyst_consensus"",""name"":""Standardized Analyst Consensus Forecasts""}","1","2026-07-01","1","Regime-aware forecast-plus-actual mean for the NER measure, combining consensus forecasts with subsequently reported actuals","mean_forecast_actual_combined_reportednet_annual12_2","2","GBR","{""id"":""analyst-analyst-estimates"",""name"":""Analyst Estimates""}","[]","VECTOR","TOP700","0"
"0","{""id"":""analyst"",""name"":""Analyst""}","0","{""id"":""analyst_consensus"",""name"":""Standardized Analyst Consensus Forecasts""}","1","2026-07-01","1","Forecast-plus-Actual composite mean consensus for the ROC measure, aligned across forecast and actual periods","mean_forecast_actual_combined_return_on_capital_annual12","2","GBR","{""id"":""analyst-analyst-estimates"",""name"":""Analyst Estimates""}","[]","VECTOR","TOP700","0"
"0","{""id"":""analyst"",""name"":""Analyst""}","0","{""id"":""analyst_consensus"",""name"":""Standardized Analyst Consensus Forecasts""}","1","2026-07-01","1","Mean of combined forecast and actual values for annual revenue.","mean_forecast_actual_combined_revenue_annual12","2","GBR","{""id"":""analyst-analyst-estimates"",""name"":""Analyst Estimates""}","[]","VECTOR","TOP700","0"
"0","{""id"":""analyst"",""name"":""Analyst""}","0","{""id"":""analyst_consensus"",""name"":""Standardized Analyst Consensus Forecasts""}","1","2026-07-01","1","Forecast-plus-actual overlay: mean estimate combined with subsequent actuals for annual revenue","mean_forecast_actual_combined_revenue_annual12_tribes","2","GBR","{""id"":""analyst-analyst-estimates"",""name"":""Analyst Estimates""}","[]","VECTOR","TOP700","0"
"0","{""id"":""analyst"",""name"":""Analyst""}","0","{""id"":""analyst_consensus"",""name"":""Standardized Analyst Consensus Forecasts""}","1","2026-07-01","1","Regime-aware overlay combining consensus mean quarterly revenue forecasts with subsequent actuals","mean_forecast_actual_combined_revenue_quarterly16","2","GBR","{""id"":""analyst-analyst-estimates"",""name"":""Analyst Estimates""}","[]","VECTOR","TOP700","0"
"0","{""id"":""analyst"",""name"":""Analyst""}","0","{""id"":""analyst_consensus"",""name"":""Standardized Analyst Consensus Forecasts""}","1","2026-07-01","1","Mean of the Forecast+Actual overlay for ROE, combining consensus forecasts with subsequent actuals","mean_forecast_actual_combined_roe_annual12","2","GBR","{""id"":""analyst-analyst-estimates"",""name"":""Analyst Estimates""}","[]","VECTOR","TOP700","0"
"0","{""id"":""analyst"",""name"":""Analyst""}","0","{""id"":""analyst_consensus"",""name"":""Standardized Analyst Consensus Forecasts""}","1","2026-07-01","1","Mean analyst consensus estimate for annual ROE combined with subsequent actuals (Forecast + Actual), regime-aware","mean_forecast_actual_combined_roe_annual12_tribes","2","GBR","{""id"":""analyst-analyst-estimates"",""name"":""Analyst Estimates""}","[]","VECTOR","TOP700","0"
"0","{""id"":""analyst"",""name"":""Analyst""}","0","{""id"":""analyst_consensus"",""name"":""Standardized Analyst Consensus Forecasts""}","1","2026-07-01","1","Forecast-plus-actual (regime-aware) mean for the annual number of shares outstanding","mean_forecast_actual_combined_sharesoutstanding_annual12","2","GBR","{""id"":""analyst-analyst-estimates"",""name"":""Analyst Estimates""}","[]","VECTOR","TOP700","0"
"0","{""id"":""analyst"",""name"":""Analyst""}","0","{""id"":""analyst_consensus"",""name"":""Standardized Analyst Consensus Forecasts""}","1","2026-07-01","1","Mean consensus estimate combined with subsequent actuals (FA overlay) for the SEquity measure","mean_forecast_actual_combined_tangbookvalue_annual12_tribes","2","GBR","{""id"":""analyst-analyst-estimates"",""name"":""Analyst Estimates""}","[]","VECTOR","TOP700","0"
"0","{""id"":""analyst"",""name"":""Analyst""}","0","{""id"":""analyst_consensus"",""name"":""Standardized Analyst Consensus Forecasts""}","1","2026-07-01","1","Forecast plus actual overlay: consensus mean estimate combined with subsequent actuals for annual Tax Provision","mean_forecast_actual_combined_taxprovision_annual12_tribes","2","GBR","{""id"":""analyst-analyst-estimates"",""name"":""Analyst Estimates""}","[]","VECTOR","TOP700","0"
"0","{""id"":""analyst"",""name"":""Analyst""}","0","{""id"":""analyst_consensus"",""name"":""Standardized Analyst Consensus Forecasts""}","1","2026-07-01","1","Regime-aware overlay combining the mean analyst estimate for TAXRATE with subsequent actuals (Forecast plus Actual)","mean_forecast_actual_combined_taxrate_annual12","2","GBR","{""id"":""analyst-analyst-estimates"",""name"":""Analyst Estimates""}","[]","VECTOR","TOP700","0"
"0","{""id"":""analyst"",""name"":""Analyst""}","0","{""id"":""analyst_consensus"",""name"":""Standardized Analyst Consensus Forecasts""}","0.1982","2026-07-01","1","Forecast-plus-actual overlay of the consensus mean estimate for annual total liabilities, with forecasts replaced by actuals when reported under the p12 regime","mean_forecast_actual_combined_totalliab_annual12_tribes","2","GBR","{""id"":""analyst-analyst-estimates"",""name"":""Analyst Estimates""}","[]","VECTOR","TOP700","0"
"0","{""id"":""analyst"",""name"":""Analyst""}","0","{""id"":""analyst_consensus"",""name"":""Standardized Analyst Consensus Forecasts""}","1","2026-07-01","1","Mean estimate combined with actuals (forecast + actual) for the measure","mean_forecast_actual_combined_total_assets_annual12","2","GBR","{""id"":""analyst-analyst-estimates"",""name"":""Analyst Estimates""}","[]","VECTOR","TOP700","0"
"0","{""id"":""analyst"",""name"":""Analyst""}","0","{""id"":""analyst_consensus"",""name"":""Standardized Analyst Consensus Forecasts""}","1","2026-07-01","1","Average of analyst forecasts and actuals for annual total dividends.","mean_forecast_actual_dividend_annual12_tribes","2","GBR","{""id"":""analyst-analyst-estimates"",""name"":""Analyst Estimates""}","[]","VECTOR","TOP700","0"
"0","{""id"":""analyst"",""name"":""Analyst""}","0","{""id"":""analyst_consensus"",""name"":""Standardized Analyst Consensus Forecasts""}","1","2026-07-01","1","Currency-adjusted FA overlay: mean CAPEX estimate combined with actuals","mean_forecast_actual_fxadj_capex_annual12_3","2","GBR","{""id"":""analyst-analyst-estimates"",""name"":""Analyst Estimates""}","[]","VECTOR","TOP700","0"
"0","{""id"":""analyst"",""name"":""Analyst""}","0","{""id"":""analyst_consensus"",""name"":""Standardized Analyst Consensus Forecasts""}","1","2026-07-01","1","Currency-adjusted Forecast-plus-Actual mean for annual Cash Flow from Financing","mean_forecast_actual_fxadj_cashflowfinancing_annual12","2","GBR","{""id"":""analyst-analyst-estimates"",""name"":""Analyst Estimates""}","[]","VECTOR","TOP700","0"
"0","{""id"":""analyst"",""name"":""Analyst""}","0","{""id"":""analyst_consensus"",""name"":""Standardized Analyst Consensus Forecasts""}","1","2026-07-01","1","Currency/split/regime-adjusted consensus mean estimate for annual COGS combined with subsequent actuals (Forecast + Actual overlay)","mean_forecast_actual_fxadj_cogs_annual12_tribes","2","GBR","{""id"":""analyst-analyst-estimates"",""name"":""Analyst Estimates""}","[]","VECTOR","TOP700","0"
"0","{""id"":""analyst"",""name"":""Analyst""}","0","{""id"":""analyst_consensus"",""name"":""Standardized Analyst Consensus Forecasts""}","0.7755","2026-07-01","1","Currency/split/regime-adjusted mean consensus estimate for annual current assets, combined with subsequent actuals (FA overlay)","mean_forecast_actual_fxadj_currentassets_annual12","2","GBR","{""id"":""analyst-analyst-estimates"",""name"":""Analyst Estimates""}","[]","VECTOR","TOP700","0"
"0","{""id"":""analyst"",""name"":""Analyst""}","0","{""id"":""analyst_consensus"",""name"":""Standardized Analyst Consensus Forecasts""}","1","2026-07-01","1","Average of analyst forecasts and actuals for annual total dividends, adjusted for currency.","mean_forecast_actual_fxadj_dividend_annual12_tribes","2","GBR","{""id"":""analyst-analyst-estimates"",""name"":""Analyst Estimates""}","[]","VECTOR","TOP700","0"
"0","{""id"":""analyst"",""name"":""Analyst""}","0","{""id"":""analyst_consensus"",""name"":""Standardized Analyst Consensus Forecasts""}","1","2026-07-01","1","Currency-adjusted Forecast+Actual composite for mean: mean estimates for forecast periods, switching to actuals when reported for annual Reported EBITDA","mean_forecast_actual_fxadj_ebitdarep_annual12","2","GBR","{""id"":""analyst-analyst-estimates"",""name"":""Analyst Estimates""}","[]","VECTOR","TOP700","0"
"0","{""id"":""analyst"",""name"":""Analyst""}","0","{""id"":""analyst_consensus"",""name"":""Standardized Analyst Consensus Forecasts""}","1","2026-07-01","1","Currency/split-adjusted forecast-plus-actual composite mean consensus estimate for annual EBITDA across the p12 window","mean_forecast_actual_fxadj_ebitda_annual12","2","GBR","{""id"":""analyst-analyst-estimates"",""name"":""Analyst Estimates""}","[]","VECTOR","TOP700","0"
"0","{""id"":""analyst"",""name"":""Analyst""}","0","{""id"":""analyst_consensus"",""name"":""Standardized Analyst Consensus Forecasts""}","1","2026-07-01","1","Currency-adjusted mean estimate combined with actuals (forecast plus actual)","mean_forecast_actual_fxadj_ebit_annual12","2","GBR","{""id"":""analyst-analyst-estimates"",""name"":""Analyst Estimates""}","[]","VECTOR","TOP700","0"
"0","{""id"":""analyst"",""name"":""Analyst""}","0","{""id"":""analyst_consensus"",""name"":""Standardized Analyst Consensus Forecasts""}","1","2026-07-01","1","Currency/regime-adjusted mean estimate combined with actuals (Forecast + Actual) for EV","mean_forecast_actual_fxadj_enterprisevalue_annual12","2","GBR","{""id"":""analyst-analyst-estimates"",""name"":""Analyst Estimates""}","[]","VECTOR","TOP700","0"
"0","{""id"":""analyst"",""name"":""Analyst""}","0","{""id"":""analyst_consensus"",""name"":""Standardized Analyst Consensus Forecasts""}","1","2026-07-01","1","Currency-adjusted forecast-plus-actual overlay for the mean quarterly EPS","mean_forecast_actual_fxadj_eps_quarterly16","2","GBR","{""id"":""analyst-analyst-estimates"",""name"":""Analyst Estimates""}","[]","VECTOR","TOP700","0"
"0","{""id"":""analyst"",""name"":""Analyst""}","0","{""id"":""analyst_consensus"",""name"":""Standardized Analyst Consensus Forecasts""}","1","2026-07-01","1","Currency/split/regime-adjusted mean estimate combined with actuals (Forecast+Actual) for annual Net Debt","mean_forecast_actual_fxadj_netdebt_annual12_tribes_2","2","GBR","{""id"":""analyst-analyst-estimates"",""name"":""Analyst Estimates""}","[]","VECTOR","TOP700","0"
"0","{""id"":""analyst"",""name"":""Analyst""}","0","{""id"":""analyst_consensus"",""name"":""Standardized Analyst Consensus Forecasts""}","1","2026-07-01","1","Currency-adjusted forecast plus actual overlay of the mean estimate for the PPROFIT quarterly metric","mean_forecast_actual_fxadj_pretax_quarterly16_tribes","2","GBR","{""id"":""analyst-analyst-estimates"",""name"":""Analyst Estimates""}","[]","VECTOR","TOP700","0"
"0","{""id"":""analyst"",""name"":""Analyst""}","0","{""id"":""analyst_consensus"",""name"":""Standardized Analyst Consensus Forecasts""}","1","2026-07-01","1","Currency and split adjusted Forecast plus Actual composite of the mean revenue value (consensus in forecast periods, actual once reported)","mean_forecast_actual_fxadj_revenue_quarterly16_tribes","2","GBR","{""id"":""analyst-analyst-estimates"",""name"":""Analyst Estimates""}","[]","VECTOR","TOP700","0"
"0","{""id"":""analyst"",""name"":""Analyst""}","0","{""id"":""analyst_consensus"",""name"":""Standardized Analyst Consensus Forecasts""}","1","2026-07-01","1","Regime/currency-adjusted mean estimate combined with actuals for TAXRATE","mean_forecast_actual_fxadj_taxrate_annual12","2","GBR","{""id"":""analyst-analyst-estimates"",""name"":""Analyst Estimates""}","[]","VECTOR","TOP700","0"
"0","{""id"":""analyst"",""name"":""Analyst""}","0","{""id"":""analyst_consensus"",""name"":""Standardized Analyst Consensus Forecasts""}","1","2026-07-01","1","Currency/regime-adjusted mean estimate combined with actuals","mean_forecast_actual_fxadj_tax_provision_quarterly16","2","GBR","{""id"":""analyst-analyst-estimates"",""name"":""Analyst Estimates""}","[]","VECTOR","TOP700","0"
"0","{""id"":""analyst"",""name"":""Analyst""}","0","{""id"":""analyst_consensus"",""name"":""Standardized Analyst Consensus Forecasts""}","1","2026-07-01","1","Forecast plus actual overlay of the mean estimate for the PPROFIT quarterly metric","mean_forecast_actual_pretax_quarterly16_tribes","2","GBR","{""id"":""analyst-analyst-estimates"",""name"":""Analyst Estimates""}","[]","VECTOR","TOP700","0"
"0","{""id"":""analyst"",""name"":""Analyst""}","0","{""id"":""analyst_consensus"",""name"":""Standardized Analyst Consensus Forecasts""}","1","2026-07-01","1","Mean analyst estimate combined with subsequent actuals for annual ROA (Forecast+Actual FA overlay)","mean_forecast_actual_roe_annual12_tribes","2","GBR","{""id"":""analyst-analyst-estimates"",""name"":""Analyst Estimates""}","[]","VECTOR","TOP700","0"
"0","{""id"":""analyst"",""name"":""Analyst""}","0","{""id"":""analyst_consensus"",""name"":""Standardized Analyst Consensus Forecasts""}","1","2026-07-01","1","Mean estimate combined with actuals (Forecast plus Actual) for tax provision","mean_forecast_actual_tax_provision_quarterly16","2","GBR","{""id"":""analyst-analyst-estimates"",""name"":""Analyst Estimates""}","[]","VECTOR","TOP700","0"
"0","{""id"":""analyst"",""name"":""Analyst""}","0","{""id"":""analyst_consensus"",""name"":""Standardized Analyst Consensus Forecasts""}","1","2026-07-01","1","Adjusted mean of the flash (vendor quick-update) consensus estimates","mean_recent_estimates_fxadj_gps","2","GBR","{""id"":""analyst-analyst-estimates"",""name"":""Analyst Estimates""}","[]","VECTOR","TOP700","0"
"0","{""id"":""analyst"",""name"":""Analyst""}","0","{""id"":""analyst_consensus"",""name"":""Standardized Analyst Consensus Forecasts""}","1","2026-07-01","1","Adjusted mean of flash consensus estimates for annual Net Income","mean_recent_estimates_fxadj_net2","2","GBR","{""id"":""analyst-analyst-estimates"",""name"":""Analyst Estimates""}","[]","VECTOR","TOP700","0"
"0","{""id"":""analyst"",""name"":""Analyst""}","0","{""id"":""analyst_consensus"",""name"":""Standardized Analyst Consensus Forecasts""}","1","2026-07-01","1","Mean of flash estimates for the GPS measure","mean_recent_estimates_gps","2","GBR","{""id"":""analyst-analyst-estimates"",""name"":""Analyst Estimates""}","[]","VECTOR","TOP700","0"
"0","{""id"":""analyst"",""name"":""Analyst""}","0","{""id"":""analyst_consensus"",""name"":""Standardized Analyst Consensus Forecasts""}","1","2026-07-01","1","Mean of the NET flash estimates overlay","mean_recent_estimates_net2","2","GBR","{""id"":""analyst-analyst-estimates"",""name"":""Analyst Estimates""}","[]","VECTOR","TOP700","0"
"0","{""id"":""analyst"",""name"":""Analyst""}","0","{""id"":""analyst_consensus"",""name"":""Standardized Analyst Consensus Forecasts""}","1","2026-07-01","1","Surprise versus consensus mean for Cash Flow from Financing (Actual minus mean estimate), regime-aware","mean_surprise_cashflowfinancing_annual12_tribes","2","GBR","{""id"":""analyst-analyst-estimates"",""name"":""Analyst Estimates""}","[]","VECTOR","TOP700","0"
"0","{""id"":""analyst"",""name"":""Analyst""}","0","{""id"":""analyst_consensus"",""name"":""Standardized Analyst Consensus Forecasts""}","1","2026-07-01","1","Surprise versus the mean consensus EBITDA estimate (Actual minus mean estimate), regime-aware","mean_surprise_ebitda_annual12","2","GBR","{""id"":""analyst-analyst-estimates"",""name"":""Analyst Estimates""}","[]","VECTOR","TOP700","0"
"0","{""id"":""analyst"",""name"":""Analyst""}","0","{""id"":""analyst_consensus"",""name"":""Standardized Analyst Consensus Forecasts""}","1","2026-07-01","1","Surprise: actual minus mean consensus estimate for EV","mean_surprise_enterprisevalue_annual12","2","GBR","{""id"":""analyst-analyst-estimates"",""name"":""Analyst Estimates""}","[]","VECTOR","TOP700","0"
"0","{""id"":""analyst"",""name"":""Analyst""}","0","{""id"":""analyst_consensus"",""name"":""Standardized Analyst Consensus Forecasts""}","1","2026-07-01","1","Currency-adjusted surprise relative to the mean EBITDA estimate","mean_surprise_fxadj_ebitda_annual12","2","GBR","{""id"":""analyst-analyst-estimates"",""name"":""Analyst Estimates""}","[]","VECTOR","TOP700","0"
"0","{""id"":""analyst"",""name"":""Analyst""}","0","{""id"":""analyst_consensus"",""name"":""Standardized Analyst Consensus Forecasts""}","1","2026-07-01","1","Currency/regime-adjusted surprise based on mean estimate for EV","mean_surprise_fxadj_enterprisevalue_annual12","2","GBR","{""id"":""analyst-analyst-estimates"",""name"":""Analyst Estimates""}","[]","VECTOR","TOP700","0"
"0","{""id"":""analyst"",""name"":""Analyst""}","0","{""id"":""analyst_consensus"",""name"":""Standardized Analyst Consensus Forecasts""}","1","2026-07-01","1","Currency/regime-adjusted surprise using mean estimate (Actual minus mean estimate)","mean_surprise_fxadj_tax_provision_quarterly16","2","GBR","{""id"":""analyst-analyst-estimates"",""name"":""Analyst Estimates""}","[]","VECTOR","TOP700","0"
"0","{""id"":""analyst"",""name"":""Analyst""}","0","{""id"":""analyst_consensus"",""name"":""Standardized Analyst Consensus Forecasts""}","1","2026-07-01","1","Mean estimate surprise, typically Actual minus mean estimate","mean_surprise_tax_provision_quarterly16","2","GBR","{""id"":""analyst-analyst-estimates"",""name"":""Analyst Estimates""}","[]","VECTOR","TOP700","0"
"0","{""id"":""analyst"",""name"":""Analyst""}","0","{""id"":""analyst_consensus"",""name"":""Standardized Analyst Consensus Forecasts""}","1","2026-07-01","1","Surprise based on mean BVPS estimate, typically actual minus mean estimate","mean_surprise_value_bvps_annual12_tribes_2","2","GBR","{""id"":""analyst-analyst-estimates"",""name"":""Analyst Estimates""}","[]","VECTOR","TOP700","0"
"0","{""id"":""analyst"",""name"":""Analyst""}","0","{""id"":""analyst_consensus"",""name"":""Standardized Analyst Consensus Forecasts""}","1","2026-07-01","1","Surprise value: actual CAPEX minus consensus mean CAPEX estimate","mean_surprise_value_capex_annual12_2","2","GBR","{""id"":""analyst-analyst-estimates"",""name"":""Analyst Estimates""}","[]","VECTOR","TOP700","0"
"0","{""id"":""analyst"",""name"":""Analyst""}","0","{""id"":""analyst_consensus"",""name"":""Standardized Analyst Consensus Forecasts""}","1","2026-07-01","1","Mean estimate surprise for cash flow from investing (actual minus mean consensus)","mean_surprise_value_cashflowinvesting_annual12","2","GBR","{""id"":""analyst-analyst-estimates"",""name"":""Analyst Estimates""}","[]","VECTOR","TOP700","0"
"0","{""id"":""analyst"",""name"":""Analyst""}","0","{""id"":""analyst_consensus"",""name"":""Standardized Analyst Consensus Forecasts""}","1","2026-07-01","1","Surprise versus the consensus mean estimate for annual operating cash flow (Actual minus mean estimate), regime-aware","mean_surprise_value_cfo_annual12","2","GBR","{""id"":""analyst-analyst-estimates"",""name"":""Analyst Estimates""}","[]","VECTOR","TOP700","0"
"0","{""id"":""analyst"",""name"":""Analyst""}","0","{""id"":""analyst_consensus"",""name"":""Standardized Analyst Consensus Forecasts""}","1","2026-07-01","1","Vendor-provided surprise: actual CFPS minus mean consensus estimate at time of reporting","mean_surprise_value_cfps_annual12_2","2","GBR","{""id"":""analyst-analyst-estimates"",""name"":""Analyst Estimates""}","[]","VECTOR","TOP700","0"
"0","{""id"":""analyst"",""name"":""Analyst""}","0","{""id"":""analyst_consensus"",""name"":""Standardized Analyst Consensus Forecasts""}","1","2026-07-01","1","Surprise for COGS based on the mean analyst consensus (actual minus mean estimate)","mean_surprise_value_cogs_annual12_tribes","2","GBR","{""id"":""analyst-analyst-estimates"",""name"":""Analyst Estimates""}","[]","VECTOR","TOP700","0"
"0","{""id"":""analyst"",""name"":""Analyst""}","0","{""id"":""analyst_consensus"",""name"":""Standardized Analyst Consensus Forecasts""}","0.7451","2026-07-01","1","Surprise value: actual minus mean consensus estimate for current assets, regime-aware","mean_surprise_value_currentassets_annual12","2","GBR","{""id"":""analyst-analyst-estimates"",""name"":""Analyst Estimates""}","[]","VECTOR","TOP700","0"
"0","{""id"":""analyst"",""name"":""Analyst""}","0","{""id"":""analyst_consensus"",""name"":""Standardized Analyst Consensus Forecasts""}","0.7451","2026-07-01","1","Surprise for annual current liabilities, calculated as Actual minus mean consensus estimate","mean_surprise_value_currentliabilities_annual12","2","GBR","{""id"":""analyst-analyst-estimates"",""name"":""Analyst Estimates""}","[]","VECTOR","TOP700","0"
"0","{""id"":""analyst"",""name"":""Analyst""}","0","{""id"":""analyst_consensus"",""name"":""Standardized Analyst Consensus Forecasts""}","1","2026-07-01","1","Surprise value: actual minus consensus mean estimate for annual depreciation","mean_surprise_value_depreciation_annual12","2","GBR","{""id"":""analyst-analyst-estimates"",""name"":""Analyst Estimates""}","[]","VECTOR","TOP700","0"
"0","{""id"":""analyst"",""name"":""Analyst""}","0","{""id"":""analyst_consensus"",""name"":""Standardized Analyst Consensus Forecasts""}","1","2026-07-01","1","Mean value of the difference between actual and consensus dividend per share for the annual period.","mean_surprise_value_dividend_annual12","2","GBR","{""id"":""analyst-analyst-estimates"",""name"":""Analyst Estimates""}","[]","VECTOR","TOP700","0"
"0","{""id"":""analyst"",""name"":""Analyst""}","0","{""id"":""analyst_consensus"",""name"":""Standardized Analyst Consensus Forecasts""}","1","2026-07-01","1","Surprise versus the mean DPS estimate (Actual minus mean consensus)","mean_surprise_value_dividend_annual12_2","2","GBR","{""id"":""analyst-analyst-estimates"",""name"":""Analyst Estimates""}","[]","VECTOR","TOP700","0"
"0","{""id"":""analyst"",""name"":""Analyst""}","0","{""id"":""analyst_consensus"",""name"":""Standardized Analyst Consensus Forecasts""}","1","2026-07-01","1","Surprise for total dividend (actual minus consensus mean estimate), regime-aware","mean_surprise_value_dividend_annual12_tribes","2","GBR","{""id"":""analyst-analyst-estimates"",""name"":""Analyst Estimates""}","[]","VECTOR","TOP700","0"
"0","{""id"":""analyst"",""name"":""Analyst""}","0","{""id"":""analyst_consensus"",""name"":""Standardized Analyst Consensus Forecasts""}","1","2026-07-01","1","Surprise versus mean DPS estimate (actual minus mean consensus)","mean_surprise_value_dps_quarterly16","2","GBR","{""id"":""analyst-analyst-estimates"",""name"":""Analyst Estimates""}","[]","VECTOR","TOP700","0"
"0","{""id"":""analyst"",""name"":""Analyst""}","0","{""id"":""analyst_consensus"",""name"":""Standardized Analyst Consensus Forecasts""}","1","2026-07-01","1","Mean estimate surprise for EBITDA (actual minus mean consensus)","mean_surprise_value_ebitda_quarterly16","2","GBR","{""id"":""analyst-analyst-estimates"",""name"":""Analyst Estimates""}","[]","VECTOR","TOP700","0"
"0","{""id"":""analyst"",""name"":""Analyst""}","0","{""id"":""analyst_consensus"",""name"":""Standardized Analyst Consensus Forecasts""}","1","2026-07-01","1","Vendor surprise overlay: Actual minus mean consensus estimate at time of reporting for annual Reported EBITDA","mean_surprise_value_ebitda_reported_annual12","2","GBR","{""id"":""analyst-analyst-estimates"",""name"":""Analyst Estimates""}","[]","VECTOR","TOP700","0"
"0","{""id"":""analyst"",""name"":""Analyst""}","0","{""id"":""analyst_consensus"",""name"":""Standardized Analyst Consensus Forecasts""}","1","2026-07-01","1","Surprise: deviation between actual EBIT and the mean consensus estimate","mean_surprise_value_ebit_annual12","2","GBR","{""id"":""analyst-analyst-estimates"",""name"":""Analyst Estimates""}","[]","VECTOR","TOP700","0"
"0","{""id"":""analyst"",""name"":""Analyst""}","0","{""id"":""analyst_consensus"",""name"":""Standardized Analyst Consensus Forecasts""}","1","2026-07-01","1","Vendor-reported surprise based on the mean consensus (actual EBI minus mean estimate)","mean_surprise_value_ebit_annual12_2","2","GBR","{""id"":""analyst-analyst-estimates"",""name"":""Analyst Estimates""}","[]","VECTOR","TOP700","0"
"0","{""id"":""analyst"",""name"":""Analyst""}","0","{""id"":""analyst_consensus"",""name"":""Standardized Analyst Consensus Forecasts""}","1","2026-07-01","1","Surprise overlay: actual reported quarterly EBIT minus the mean analyst consensus estimate","mean_surprise_value_ebit_quarterly16","2","GBR","{""id"":""analyst-analyst-estimates"",""name"":""Analyst Estimates""}","[]","VECTOR","TOP700","0"
"0","{""id"":""analyst"",""name"":""Analyst""}","0","{""id"":""analyst_consensus"",""name"":""Standardized Analyst Consensus Forecasts""}","1","2026-07-01","1","Mean earnings surprise for EBT (actual minus consensus estimate)","mean_surprise_value_ebt_annual12_2","2","GBR","{""id"":""analyst-analyst-estimates"",""name"":""Analyst Estimates""}","[]","VECTOR","TOP700","0"
"0","{""id"":""analyst"",""name"":""Analyst""}","0","{""id"":""analyst_consensus"",""name"":""Standardized Analyst Consensus Forecasts""}","1","2026-07-01","1","Surprise versus mean consensus (Actual minus mean estimate) for EPSREP","mean_surprise_value_epsreported_annual12","2","GBR","{""id"":""analyst-analyst-estimates"",""name"":""Analyst Estimates""}","[]","VECTOR","TOP700","0"
"0","{""id"":""analyst"",""name"":""Analyst""}","0","{""id"":""analyst_consensus"",""name"":""Standardized Analyst Consensus Forecasts""}","1","2026-07-01","1","Surprise versus mean EPS estimate (Actual minus mean consensus)","mean_surprise_value_eps_annual12","2","GBR","{""id"":""analyst-analyst-estimates"",""name"":""Analyst Estimates""}","[]","VECTOR","TOP700","0"
"0","{""id"":""analyst"",""name"":""Analyst""}","0","{""id"":""analyst_consensus"",""name"":""Standardized Analyst Consensus Forecasts""}","1","2026-07-01","1","Surprise versus the mean consensus estimate for quarterly EPS (actual minus mean estimate)","mean_surprise_value_eps_quarterly16_2","2","GBR","{""id"":""analyst-analyst-estimates"",""name"":""Analyst Estimates""}","[]","VECTOR","TOP700","0"
"0","{""id"":""analyst"",""name"":""Analyst""}","0","{""id"":""analyst_consensus"",""name"":""Standardized Analyst Consensus Forecasts""}","1","2026-07-01","1","Surprise based on mean consensus for FCFPS (Actual minus MeanEst), vendor-provided overlay","mean_surprise_value_fcfps_annual12","2","GBR","{""id"":""analyst-analyst-estimates"",""name"":""Analyst Estimates""}","[]","VECTOR","TOP700","0"
"0","{""id"":""analyst"",""name"":""Analyst""}","0","{""id"":""analyst_consensus"",""name"":""Standardized Analyst Consensus Forecasts""}","1","2026-07-01","1","Surprise using mean: Actual minus mean annual FCF estimate","mean_surprise_value_fcf_annual12","2","GBR","{""id"":""analyst-analyst-estimates"",""name"":""Analyst Estimates""}","[]","VECTOR","TOP700","0"
"0","{""id"":""analyst"",""name"":""Analyst""}","0","{""id"":""analyst_consensus"",""name"":""Standardized Analyst Consensus Forecasts""}","1","2026-07-01","1","Surprise relative to the mean EPSREP estimate (Actual minus mean estimate)","mean_surprise_value_fullyreported_quarterly16_tribes","2","GBR","{""id"":""analyst-analyst-estimates"",""name"":""Analyst Estimates""}","[]","VECTOR","TOP700","0"
"0","{""id"":""analyst"",""name"":""Analyst""}","0","{""id"":""analyst_consensus"",""name"":""Standardized Analyst Consensus Forecasts""}","1","2026-07-01","1","Currency-adjusted surprise for mean BVPS estimate, typically actual minus mean estimate","mean_surprise_value_fxadj_bvps_annual12_tribes_2","2","GBR","{""id"":""analyst-analyst-estimates"",""name"":""Analyst Estimates""}","[]","VECTOR","TOP700","0"
"0","{""id"":""analyst"",""name"":""Analyst""}","0","{""id"":""analyst_consensus"",""name"":""Standardized Analyst Consensus Forecasts""}","1","2026-07-01","1","Currency-adjusted mean CAPEX surprise (actual minus mean estimate)","mean_surprise_value_fxadj_capex_annual12_3","2","GBR","{""id"":""analyst-analyst-estimates"",""name"":""Analyst Estimates""}","[]","VECTOR","TOP700","0"
"0","{""id"":""analyst"",""name"":""Analyst""}","0","{""id"":""analyst_consensus"",""name"":""Standardized Analyst Consensus Forecasts""}","1","2026-07-01","1","Currency-adjusted surprise versus consensus mean for Cash Flow from Financing (Actual minus mean estimate)","mean_surprise_value_fxadj_cashflowfinancing_annual12","2","GBR","{""id"":""analyst-analyst-estimates"",""name"":""Analyst Estimates""}","[]","VECTOR","TOP700","0"
"0","{""id"":""analyst"",""name"":""Analyst""}","0","{""id"":""analyst_consensus"",""name"":""Standardized Analyst Consensus Forecasts""}","1","2026-07-01","1","Currency-adjusted mean estimate surprise for cash flow from investing (actual minus mean consensus)","mean_surprise_value_fxadj_cfinvest_annual12_tribes","2","GBR","{""id"":""analyst-analyst-estimates"",""name"":""Analyst Estimates""}","[]","VECTOR","TOP700","0"
"0","{""id"":""analyst"",""name"":""Analyst""}","0","{""id"":""analyst_consensus"",""name"":""Standardized Analyst Consensus Forecasts""}","1","2026-07-01","1","Currency-adjusted surprise versus the consensus mean estimate for annual operating cash flow (Actual minus mean estimate), regime-aware","mean_surprise_value_fxadj_cfo_annual12","2","GBR","{""id"":""analyst-analyst-estimates"",""name"":""Analyst Estimates""}","[]","VECTOR","TOP700","0"
"0","{""id"":""analyst"",""name"":""Analyst""}","0","{""id"":""analyst_consensus"",""name"":""Standardized Analyst Consensus Forecasts""}","1","2026-07-01","1","Currency-adjusted surprise versus mean CFPS estimate","mean_surprise_value_fxadj_cfps_annual12_2","2","GBR","{""id"":""analyst-analyst-estimates"",""name"":""Analyst Estimates""}","[]","VECTOR","TOP700","0"
"0","{""id"":""analyst"",""name"":""Analyst""}","0","{""id"":""analyst_consensus"",""name"":""Standardized Analyst Consensus Forecasts""}","1","2026-07-01","1","Currency/split adjusted surprise for COGS based on the mean analyst consensus (actual minus mean estimate)","mean_surprise_value_fxadj_cogs_annual12_tribes","2","GBR","{""id"":""analyst-analyst-estimates"",""name"":""Analyst Estimates""}","[]","VECTOR","TOP700","0"
"0","{""id"":""analyst"",""name"":""Analyst""}","0","{""id"":""analyst_consensus"",""name"":""Standardized Analyst Consensus Forecasts""}","0.7451","2026-07-01","1","Currency/split/regime-adjusted surprise for annual current assets based on Actual minus mean estimate","mean_surprise_value_fxadj_currentassets_annual12","2","GBR","{""id"":""analyst-analyst-estimates"",""name"":""Analyst Estimates""}","[]","VECTOR","TOP700","0"
"0","{""id"":""analyst"",""name"":""Analyst""}","0","{""id"":""analyst_consensus"",""name"":""Standardized Analyst Consensus Forecasts""}","0.7451","2026-07-01","1","Currency-adjusted surprise for annual current liabilities, calculated as Actual minus mean consensus estimate","mean_surprise_value_fxadj_currentliabilities_annual12","2","GBR","{""id"":""analyst-analyst-estimates"",""name"":""Analyst Estimates""}","[]","VECTOR","TOP700","0"
"0","{""id"":""analyst"",""name"":""Analyst""}","0","{""id"":""analyst_consensus"",""name"":""Standardized Analyst Consensus Forecasts""}","1","2026-07-01","1","Currency-adjusted mean estimate surprise (actual minus adjusted mean) for annual depreciation","mean_surprise_value_fxadj_depreciation_annual12","2","GBR","{""id"":""analyst-analyst-estimates"",""name"":""Analyst Estimates""}","[]","VECTOR","TOP700","0"
"0","{""id"":""analyst"",""name"":""Analyst""}","0","{""id"":""analyst_consensus"",""name"":""Standardized Analyst Consensus Forecasts""}","1","2026-07-01","1","Vendor surprise overlay: adjusted difference between actual reported DPS and the consensus mean estimate","mean_surprise_value_fxadj_dividend_annual12","2","GBR","{""id"":""analyst-analyst-estimates"",""name"":""Analyst Estimates""}","[]","VECTOR","TOP700","0"
"0","{""id"":""analyst"",""name"":""Analyst""}","0","{""id"":""analyst_consensus"",""name"":""Standardized Analyst Consensus Forecasts""}","1","2026-07-01","1","Currency-adjusted surprise versus the mean DPS estimate (Actual minus mean consensus)","mean_surprise_value_fxadj_dividend_annual12_2","2","GBR","{""id"":""analyst-analyst-estimates"",""name"":""Analyst Estimates""}","[]","VECTOR","TOP700","0"
"0","{""id"":""analyst"",""name"":""Analyst""}","0","{""id"":""analyst_consensus"",""name"":""Standardized Analyst Consensus Forecasts""}","1","2026-07-01","1","FX/currency-adjusted surprise for TOTDIV based on mean estimate (Actual minus MeanEst)","mean_surprise_value_fxadj_dividend_annual12_tribes","2","GBR","{""id"":""analyst-analyst-estimates"",""name"":""Analyst Estimates""}","[]","VECTOR","TOP700","0"
"0","{""id"":""analyst"",""name"":""Analyst""}","0","{""id"":""analyst_consensus"",""name"":""Standardized Analyst Consensus Forecasts""}","1","2026-07-01","1","Currency/regime-adjusted surprise versus mean estimate","mean_surprise_value_fxadj_dps_quarterly16","2","GBR","{""id"":""analyst-analyst-estimates"",""name"":""Analyst Estimates""}","[]","VECTOR","TOP700","0"
"0","{""id"":""analyst"",""name"":""Analyst""}","0","{""id"":""analyst_consensus"",""name"":""Standardized Analyst Consensus Forecasts""}","1","2026-07-01","1","Currency-adjusted surprise overlay: Actual minus mean consensus estimate for annual Reported EBITDA","mean_surprise_value_fxadj_ebitdarep_annual12","2","GBR","{""id"":""analyst-analyst-estimates"",""name"":""Analyst Estimates""}","[]","VECTOR","TOP700","0"
"0","{""id"":""analyst"",""name"":""Analyst""}","0","{""id"":""analyst_consensus"",""name"":""Standardized Analyst Consensus Forecasts""}","1","2026-07-01","1","Currency-adjusted surprise versus mean consensus (Actual − Mean estimate)","mean_surprise_value_fxadj_ebitda_quarterly16","2","GBR","{""id"":""analyst-analyst-estimates"",""name"":""Analyst Estimates""}","[]","VECTOR","TOP700","0"
"0","{""id"":""analyst"",""name"":""Analyst""}","0","{""id"":""analyst_consensus"",""name"":""Standardized Analyst Consensus Forecasts""}","1","2026-07-01","1","Currency/FX-adjusted mean estimate surprise","mean_surprise_value_fxadj_ebit_annual12","2","GBR","{""id"":""analyst-analyst-estimates"",""name"":""Analyst Estimates""}","[]","VECTOR","TOP700","0"
"0","{""id"":""analyst"",""name"":""Analyst""}","0","{""id"":""analyst_consensus"",""name"":""Standardized Analyst Consensus Forecasts""}","1","2026-07-01","1","Adjusted surprise overlay: actual minus consensus mean for EBI, currency/split adjusted","mean_surprise_value_fxadj_ebit_annual12_2","2","GBR","{""id"":""analyst-analyst-estimates"",""name"":""Analyst Estimates""}","[]","VECTOR","TOP700","0"
"0","{""id"":""analyst"",""name"":""Analyst""}","0","{""id"":""analyst_consensus"",""name"":""Standardized Analyst Consensus Forecasts""}","1","2026-07-01","1","Currency-adjusted surprise relative to the consensus mean estimate for quarterly EBIT (Actual minus MeanEst), regime-aware","mean_surprise_value_fxadj_ebit_quarterly16_tribes","2","GBR","{""id"":""analyst-analyst-estimates"",""name"":""Analyst Estimates""}","[]","VECTOR","TOP700","0"
"0","{""id"":""analyst"",""name"":""Analyst""}","0","{""id"":""analyst_consensus"",""name"":""Standardized Analyst Consensus Forecasts""}","1","2026-07-01","1","Average surprise (actual minus consensus) for pre-tax profit, adjusted for currency effects, for the annual period.","mean_surprise_value_fxadj_ebt_annual12_2","2","GBR","{""id"":""analyst-analyst-estimates"",""name"":""Analyst Estimates""}","[]","VECTOR","TOP700","0"
"0","{""id"":""analyst"",""name"":""Analyst""}","0","{""id"":""analyst_consensus"",""name"":""Standardized Analyst Consensus Forecasts""}","1","2026-07-01","1","Currency-adjusted surprise versus the consensus mean (Actual minus mean estimate) for EPSREP","mean_surprise_value_fxadj_epsreported_annual12","2","GBR","{""id"":""analyst-analyst-estimates"",""name"":""Analyst Estimates""}","[]","VECTOR","TOP700","0"
"0","{""id"":""analyst"",""name"":""Analyst""}","0","{""id"":""analyst_consensus"",""name"":""Standardized Analyst Consensus Forecasts""}","1","2026-07-01","1","Currency-adjusted surprise versus mean EPS estimate (Actual minus mean consensus)","mean_surprise_value_fxadj_eps_annual12","2","GBR","{""id"":""analyst-analyst-estimates"",""name"":""Analyst Estimates""}","[]","VECTOR","TOP700","0"
"0","{""id"":""analyst"",""name"":""Analyst""}","0","{""id"":""analyst_consensus"",""name"":""Standardized Analyst Consensus Forecasts""}","1","2026-07-01","1","Currency-adjusted surprise versus the mean quarterly EPS consensus (Actual_adj minus MeanEst_adj)","mean_surprise_value_fxadj_eps_quarterly16_2","2","GBR","{""id"":""analyst-analyst-estimates"",""name"":""Analyst Estimates""}","[]","VECTOR","TOP700","0"
"0","{""id"":""analyst"",""name"":""Analyst""}","0","{""id"":""analyst_consensus"",""name"":""Standardized Analyst Consensus Forecasts""}","1","2026-07-01","1","Currency-adjusted surprise of the mean EPSREP estimate (Actual minus mean estimate)","mean_surprise_value_fxadj_eps_reported_quarterly16","2","GBR","{""id"":""analyst-analyst-estimates"",""name"":""Analyst Estimates""}","[]","VECTOR","TOP700","0"
"0","{""id"":""analyst"",""name"":""Analyst""}","0","{""id"":""analyst_consensus"",""name"":""Standardized Analyst Consensus Forecasts""}","1","2026-07-01","1","Currency/split-adjusted surprise based on mean consensus for FCFPS (Actual minus MeanEst), vendor-provided overlay","mean_surprise_value_fxadj_fcfps_annual12","2","GBR","{""id"":""analyst-analyst-estimates"",""name"":""Analyst Estimates""}","[]","VECTOR","TOP700","0"
"0","{""id"":""analyst"",""name"":""Analyst""}","0","{""id"":""analyst_consensus"",""name"":""Standardized Analyst Consensus Forecasts""}","1","2026-07-01","1","FX/regime-adjusted surprise: Actual minus mean annual FCF estimate","mean_surprise_value_fxadj_fcf_annual12","2","GBR","{""id"":""analyst-analyst-estimates"",""name"":""Analyst Estimates""}","[]","VECTOR","TOP700","0"
"0","{""id"":""analyst"",""name"":""Analyst""}","0","{""id"":""analyst_consensus"",""name"":""Standardized Analyst Consensus Forecasts""}","1","2026-07-01","1","Currency-adjusted surprise based on the mean estimate (Actual minus mean estimate), vendor overlay","mean_surprise_value_fxadj_goodwill_annual12","2","GBR","{""id"":""analyst-analyst-estimates"",""name"":""Analyst Estimates""}","[]","VECTOR","TOP700","0"
"0","{""id"":""analyst"",""name"":""Analyst""}","0","{""id"":""analyst_consensus"",""name"":""Standardized Analyst Consensus Forecasts""}","1","2026-07-01","1","Average difference between actual and forecasted fully reported earnings per share, adjusted for currency effects.","mean_surprise_value_fxadj_gps","2","GBR","{""id"":""analyst-analyst-estimates"",""name"":""Analyst Estimates""}","[]","VECTOR","TOP700","0"
"0","{""id"":""analyst"",""name"":""Analyst""}","0","{""id"":""analyst_consensus"",""name"":""Standardized Analyst Consensus Forecasts""}","1","2026-07-01","1","Currency/splits/regime-adjusted mean estimate surprise for annual Interest Expense","mean_surprise_value_fxadj_interest_expense_annual12","2","GBR","{""id"":""analyst-analyst-estimates"",""name"":""Analyst Estimates""}","[]","VECTOR","TOP700","0"
"0","{""id"":""analyst"",""name"":""Analyst""}","0","{""id"":""analyst_consensus"",""name"":""Standardized Analyst Consensus Forecasts""}","0.9956","2026-07-01","1","Currency/regime-adjusted surprise versus mean consensus (actual minus mean estimate) for annual inventory","mean_surprise_value_fxadj_inventory_annual12","2","GBR","{""id"":""analyst-analyst-estimates"",""name"":""Analyst Estimates""}","[]","VECTOR","TOP700","0"
"0","{""id"":""analyst"",""name"":""Analyst""}","0","{""id"":""analyst_consensus"",""name"":""Standardized Analyst Consensus Forecasts""}","0.7451","2026-07-01","1","Currency/regime-adjusted surprise: actual minus consensus mean estimate","mean_surprise_value_fxadj_marketable_securities_annual12","2","GBR","{""id"":""analyst-analyst-estimates"",""name"":""Analyst Estimates""}","[]","VECTOR","TOP700","0"
"0","{""id"":""analyst"",""name"":""Analyst""}","0","{""id"":""analyst_consensus"",""name"":""Standardized Analyst Consensus Forecasts""}","1","2026-07-01","1","Average surprise (actual minus mean estimate) for net asset value, adjusted for currency, in the annual period.","mean_surprise_value_fxadj_nav_annual12","2","GBR","{""id"":""analyst-analyst-estimates"",""name"":""Analyst Estimates""}","[]","VECTOR","TOP700","0"
"0","{""id"":""analyst"",""name"":""Analyst""}","0","{""id"":""analyst_consensus"",""name"":""Standardized Analyst Consensus Forecasts""}","1","2026-07-01","1","Currency-adjusted surprise: Actual NAV minus consensus mean NAV estimate at the time of reporting","mean_surprise_value_fxadj_nav_annual12_tribes","2","GBR","{""id"":""analyst-analyst-estimates"",""name"":""Analyst Estimates""}","[]","VECTOR","TOP700","0"
"0","{""id"":""analyst"",""name"":""Analyst""}","0","{""id"":""analyst_consensus"",""name"":""Standardized Analyst Consensus Forecasts""}","1","2026-07-01","1","Average difference between actual and consensus net income, adjusted for currency.","mean_surprise_value_fxadj_net2","2","GBR","{""id"":""analyst-analyst-estimates"",""name"":""Analyst Estimates""}","[]","VECTOR","TOP700","0"
"0","{""id"":""analyst"",""name"":""Analyst""}","0","{""id"":""analyst_consensus"",""name"":""Standardized Analyst Consensus Forecasts""}","1","2026-07-01","1","Currency/split/regime-adjusted surprise for annual Net Debt (Actual minus mean consensus estimate)","mean_surprise_value_fxadj_netdebt_annual12_2","2","GBR","{""id"":""analyst-analyst-estimates"",""name"":""Analyst Estimates""}","[]","VECTOR","TOP700","0"
"0","{""id"":""analyst"",""name"":""Analyst""}","0","{""id"":""analyst_consensus"",""name"":""Standardized Analyst Consensus Forecasts""}","1","2026-07-01","1","Currency-adjusted surprise for the mean estimate (actual minus mean consensus, expressed in default currency)","mean_surprise_value_fxadj_netprofitreported_annual12","2","GBR","{""id"":""analyst-analyst-estimates"",""name"":""Analyst Estimates""}","[]","VECTOR","TOP700","0"
"0","{""id"":""analyst"",""name"":""Analyst""}","0","{""id"":""analyst_consensus"",""name"":""Standardized Analyst Consensus Forecasts""}","1","2026-07-01","1","Currency-adjusted surprise: actual minus mean estimate for annual net profit","mean_surprise_value_fxadj_netprofit_annual12","2","GBR","{""id"":""analyst-analyst-estimates"",""name"":""Analyst Estimates""}","[]","VECTOR","TOP700","0"
"0","{""id"":""analyst"",""name"":""Analyst""}","0","{""id"":""analyst_consensus"",""name"":""Standardized Analyst Consensus Forecasts""}","1","2026-07-01","1","Currency-adjusted surprise relative to the mean estimate (actual minus mean)","mean_surprise_value_fxadj_netprofit_quarterly16","2","GBR","{""id"":""analyst-analyst-estimates"",""name"":""Analyst Estimates""}","[]","VECTOR","TOP700","0"
"0","{""id"":""analyst"",""name"":""Analyst""}","0","{""id"":""analyst_consensus"",""name"":""Standardized Analyst Consensus Forecasts""}","1","2026-07-01","1","Currency-adjusted surprise based on mean consensus (Actual minus mean estimate), vendor overlay","mean_surprise_value_fxadj_netprofit_reported_quarterly16","2","GBR","{""id"":""analyst-analyst-estimates"",""name"":""Analyst Estimates""}","[]","VECTOR","TOP700","0"
"0","{""id"":""analyst"",""name"":""Analyst""}","0","{""id"":""analyst_consensus"",""name"":""Standardized Analyst Consensus Forecasts""}","1","2026-07-01","1","Average difference between actual and adjusted consensus operating expense for the annual period.","mean_surprise_value_fxadj_operatingexpense_annual12","2","GBR","{""id"":""analyst-analyst-estimates"",""name"":""Analyst Estimates""}","[]","VECTOR","TOP700","0"
"0","{""id"":""analyst"",""name"":""Analyst""}","0","{""id"":""analyst_consensus"",""name"":""Standardized Analyst Consensus Forecasts""}","1","2026-07-01","1","Mean value of the difference between actual and forecasted annual pre-tax profit, currency-adjusted.","mean_surprise_value_fxadj_pretax_annual12","2","GBR","{""id"":""analyst-analyst-estimates"",""name"":""Analyst Estimates""}","[]","VECTOR","TOP700","0"
"0","{""id"":""analyst"",""name"":""Analyst""}","0","{""id"":""analyst_consensus"",""name"":""Standardized Analyst Consensus Forecasts""}","1","2026-07-01","1","Currency-adjusted vendor-reported surprise for annual pre-tax profit equal to actual minus mean estimate","mean_surprise_value_fxadj_pretax_annual12_2","2","GBR","{""id"":""analyst-analyst-estimates"",""name"":""Analyst Estimates""}","[]","VECTOR","TOP700","0"
"0","{""id"":""analyst"",""name"":""Analyst""}","0","{""id"":""analyst_consensus"",""name"":""Standardized Analyst Consensus Forecasts""}","1","2026-07-01","1","Currency-adjusted surprise for the PPROFIT quarterly metric, computed as Actual minus the mean consensus estimate","mean_surprise_value_fxadj_pretax_quarterly16_tribes","2","GBR","{""id"":""analyst-analyst-estimates"",""name"":""Analyst Estimates""}","[]","VECTOR","TOP700","0"
"0","{""id"":""analyst"",""name"":""Analyst""}","0","{""id"":""analyst_consensus"",""name"":""Standardized Analyst Consensus Forecasts""}","1","2026-07-01","1","Average surprise (actual minus consensus) for pre-tax profit (reported), adjusted for currency effects, for the annual period.","mean_surprise_value_fxadj_pretax_reported_annual12","2","GBR","{""id"":""analyst-analyst-estimates"",""name"":""Analyst Estimates""}","[]","VECTOR","TOP700","0"
"0","{""id"":""analyst"",""name"":""Analyst""}","0","{""id"":""analyst_consensus"",""name"":""Standardized Analyst Consensus Forecasts""}","1","2026-07-01","1","Currency/split adjusted surprise versus mean estimate (actual minus mean estimate)","mean_surprise_value_fxadj_pretax_reported_annual12_tribes","2","GBR","{""id"":""analyst-analyst-estimates"",""name"":""Analyst Estimates""}","[]","VECTOR","TOP700","0"
"0","{""id"":""analyst"",""name"":""Analyst""}","0","{""id"":""analyst_consensus"",""name"":""Standardized Analyst Consensus Forecasts""}","1","2026-07-01","1","Currency/split/regime-adjusted surprise based on the mean estimate (actual − mean estimate) for PPROFITREP","mean_surprise_value_fxadj_pretax_reported_quarterly16","2","GBR","{""id"":""analyst-analyst-estimates"",""name"":""Analyst Estimates""}","[]","VECTOR","TOP700","0"
"0","{""id"":""analyst"",""name"":""Analyst""}","0","{""id"":""analyst_consensus"",""name"":""Standardized Analyst Consensus Forecasts""}","1","2026-07-01","1","Average surprise (actual minus forecast) for annual reported net income, adjusted for currency and splits.","mean_surprise_value_fxadj_reportednet_annual12_2","2","GBR","{""id"":""analyst-analyst-estimates"",""name"":""Analyst Estimates""}","[]","VECTOR","TOP700","0"
"0","{""id"":""analyst"",""name"":""Analyst""}","0","{""id"":""analyst_consensus"",""name"":""Standardized Analyst Consensus Forecasts""}","1","2026-07-01","1","Adjusted mean sales surprise (actual minus consensus)","mean_surprise_value_fxadj_revenue_annual12","2","GBR","{""id"":""analyst-analyst-estimates"",""name"":""Analyst Estimates""}","[]","VECTOR","TOP700","0"
"0","{""id"":""analyst"",""name"":""Analyst""}","0","{""id"":""analyst_consensus"",""name"":""Standardized Analyst Consensus Forecasts""}","1","2026-07-01","1","Currency-adjusted surprise versus the mean analyst consensus for annual revenue (actual minus mean estimate)","mean_surprise_value_fxadj_revenue_annual12_tribes","2","GBR","{""id"":""analyst-analyst-estimates"",""name"":""Analyst Estimates""}","[]","VECTOR","TOP700","0"
"0","{""id"":""analyst"",""name"":""Analyst""}","0","{""id"":""analyst_consensus"",""name"":""Standardized Analyst Consensus Forecasts""}","1","2026-07-01","1","Currency-adjusted surprise: actual quarterly revenue minus consensus mean estimate","mean_surprise_value_fxadj_revenue_quarterly16_tribes","2","GBR","{""id"":""analyst-analyst-estimates"",""name"":""Analyst Estimates""}","[]","VECTOR","TOP700","0"
"0","{""id"":""analyst"",""name"":""Analyst""}","0","{""id"":""analyst_consensus"",""name"":""Standardized Analyst Consensus Forecasts""}","1","2026-07-01","1","Currency-adjusted surprise versus the mean estimate (Actual minus mean consensus) for the SEquity measure","mean_surprise_value_fxadj_tangbookvalue_annual12_tribes","2","GBR","{""id"":""analyst-analyst-estimates"",""name"":""Analyst Estimates""}","[]","VECTOR","TOP700","0"
"0","{""id"":""analyst"",""name"":""Analyst""}","0","{""id"":""analyst_consensus"",""name"":""Standardized Analyst Consensus Forecasts""}","1","2026-07-01","1","Currency-adjusted mean estimate surprise for TAXPROV","mean_surprise_value_fxadj_taxprovision_annual12_tribes","2","GBR","{""id"":""analyst-analyst-estimates"",""name"":""Analyst Estimates""}","[]","VECTOR","TOP700","0"
"0","{""id"":""analyst"",""name"":""Analyst""}","0","{""id"":""analyst_consensus"",""name"":""Standardized Analyst Consensus Forecasts""}","1","2026-07-01","1","Average difference between actual and consensus effective tax rate, adjusted for currency, for the annual period.","mean_surprise_value_fxadj_taxrate_annual12","2","GBR","{""id"":""analyst-analyst-estimates"",""name"":""Analyst Estimates""}","[]","VECTOR","TOP700","0"
"0","{""id"":""analyst"",""name"":""Analyst""}","0","{""id"":""analyst_consensus"",""name"":""Standardized Analyst Consensus Forecasts""}","0.1982","2026-07-01","1","Currency-adjusted surprise for annual total liabilities based on the mean estimate (actual minus mean)","mean_surprise_value_fxadj_totalliab_annual12_tribes_2","2","GBR","{""id"":""analyst-analyst-estimates"",""name"":""Analyst Estimates""}","[]","VECTOR","TOP700","0"
"0","{""id"":""analyst"",""name"":""Analyst""}","0","{""id"":""analyst_consensus"",""name"":""Standardized Analyst Consensus Forecasts""}","1","2026-07-01","1","Currency/regime-adjusted surprise for Total Assets using mean consensus (Actual minus MeanEst)","mean_surprise_value_fxadj_total_assets_annual12_2","2","GBR","{""id"":""analyst-analyst-estimates"",""name"":""Analyst Estimates""}","[]","VECTOR","TOP700","0"
"0","{""id"":""analyst"",""name"":""Analyst""}","0","{""id"":""analyst_consensus"",""name"":""Standardized Analyst Consensus Forecasts""}","1","2026-07-01","1","Surprise based on the mean estimate (Actual minus mean estimate), vendor overlay","mean_surprise_value_goodwill_annual12","2","GBR","{""id"":""analyst-analyst-estimates"",""name"":""Analyst Estimates""}","[]","VECTOR","TOP700","0"
"0","{""id"":""analyst"",""name"":""Analyst""}","0","{""id"":""analyst_consensus"",""name"":""Standardized Analyst Consensus Forecasts""}","1","2026-07-01","1","Average difference between actual and consensus fully reported EPS.","mean_surprise_value_gps2","2","GBR","{""id"":""analyst-analyst-estimates"",""name"":""Analyst Estimates""}","[]","VECTOR","TOP700","0"
"0","{""id"":""analyst"",""name"":""Analyst""}","0","{""id"":""analyst_consensus"",""name"":""Standardized Analyst Consensus Forecasts""}","1","2026-07-01","1","Vendor-reported surprise: actual minus mean consensus estimate for Gross Profit Margin","mean_surprise_value_grossmargin_annual12_tribes","2","GBR","{""id"":""analyst-analyst-estimates"",""name"":""Analyst Estimates""}","[]","VECTOR","TOP700","0"
"0","{""id"":""analyst"",""name"":""Analyst""}","0","{""id"":""analyst_consensus"",""name"":""Standardized Analyst Consensus Forecasts""}","1","2026-07-01","1","Difference between the actual reported annual Interest Expense and the consensus mean estimate (surprise)","mean_surprise_value_interest_expense_annual12","2","GBR","{""id"":""analyst-analyst-estimates"",""name"":""Analyst Estimates""}","[]","VECTOR","TOP700","0"
"0","{""id"":""analyst"",""name"":""Analyst""}","0","{""id"":""analyst_consensus"",""name"":""Standardized Analyst Consensus Forecasts""}","0.9956","2026-07-01","1","Surprise relative to consensus mean: actual Inventory minus the mean estimate","mean_surprise_value_inventory_annual12","2","GBR","{""id"":""analyst-analyst-estimates"",""name"":""Analyst Estimates""}","[]","VECTOR","TOP700","0"
"0","{""id"":""analyst"",""name"":""Analyst""}","0","{""id"":""analyst_consensus"",""name"":""Standardized Analyst Consensus Forecasts""}","0.7451","2026-07-01","1","Surprise metric: actual minus consensus mean estimate for Marketable Securities, regime-aware","mean_surprise_value_marketable_securities_annual12","2","GBR","{""id"":""analyst-analyst-estimates"",""name"":""Analyst Estimates""}","[]","VECTOR","TOP700","0"
"0","{""id"":""analyst"",""name"":""Analyst""}","0","{""id"":""analyst_consensus"",""name"":""Standardized Analyst Consensus Forecasts""}","1","2026-07-01","1","Average surprise (actual minus mean estimate) for net asset value in the annual period.","mean_surprise_value_nav_annual12","2","GBR","{""id"":""analyst-analyst-estimates"",""name"":""Analyst Estimates""}","[]","VECTOR","TOP700","0"
"0","{""id"":""analyst"",""name"":""Analyst""}","0","{""id"":""analyst_consensus"",""name"":""Standardized Analyst Consensus Forecasts""}","1","2026-07-01","1","Surprise of the mean estimate versus the actual (actual minus mean consensus)","mean_surprise_value_nav_annual12_tribes","2","GBR","{""id"":""analyst-analyst-estimates"",""name"":""Analyst Estimates""}","[]","VECTOR","TOP700","0"
"0","{""id"":""analyst"",""name"":""Analyst""}","0","{""id"":""analyst_consensus"",""name"":""Standardized Analyst Consensus Forecasts""}","1","2026-07-01","1","Average difference between actual and consensus net income.","mean_surprise_value_net2","2","GBR","{""id"":""analyst-analyst-estimates"",""name"":""Analyst Estimates""}","[]","VECTOR","TOP700","0"
"0","{""id"":""analyst"",""name"":""Analyst""}","0","{""id"":""analyst_consensus"",""name"":""Standardized Analyst Consensus Forecasts""}","1","2026-07-01","1","Mean estimate surprise for annual Net Debt (actual minus mean consensus)","mean_surprise_value_netdebt_annual12_2","2","GBR","{""id"":""analyst-analyst-estimates"",""name"":""Analyst Estimates""}","[]","VECTOR","TOP700","0"
"0","{""id"":""analyst"",""name"":""Analyst""}","0","{""id"":""analyst_consensus"",""name"":""Standardized Analyst Consensus Forecasts""}","1","2026-07-01","1","Surprise for annual Net Profit (Reported) computed as Actual minus mean estimate, regime-aware","mean_surprise_value_netprofitreported_annual12","2","GBR","{""id"":""analyst-analyst-estimates"",""name"":""Analyst Estimates""}","[]","VECTOR","TOP700","0"
"0","{""id"":""analyst"",""name"":""Analyst""}","0","{""id"":""analyst_consensus"",""name"":""Standardized Analyst Consensus Forecasts""}","1","2026-07-01","1","Surprise: actual minus mean estimate for annual net profit (unadjusted)","mean_surprise_value_netprofit_annual12","2","GBR","{""id"":""analyst-analyst-estimates"",""name"":""Analyst Estimates""}","[]","VECTOR","TOP700","0"
"0","{""id"":""analyst"",""name"":""Analyst""}","0","{""id"":""analyst_consensus"",""name"":""Standardized Analyst Consensus Forecasts""}","1","2026-07-01","1","Surprise metric: actual reported net profit minus mean estimate","mean_surprise_value_netprofit_quarterly16","2","GBR","{""id"":""analyst-analyst-estimates"",""name"":""Analyst Estimates""}","[]","VECTOR","TOP700","0"
"0","{""id"":""analyst"",""name"":""Analyst""}","0","{""id"":""analyst_consensus"",""name"":""Standardized Analyst Consensus Forecasts""}","1","2026-07-01","1","Surprise versus the mean consensus for quarterly Net Profit (Reported), calculated as Actual minus mean estimate","mean_surprise_value_netprofit_reported_quarterly16","2","GBR","{""id"":""analyst-analyst-estimates"",""name"":""Analyst Estimates""}","[]","VECTOR","TOP700","0"
"0","{""id"":""analyst"",""name"":""Analyst""}","0","{""id"":""analyst_consensus"",""name"":""Standardized Analyst Consensus Forecasts""}","1","2026-07-01","1","Average difference between actual and consensus operating expense for the annual period.","mean_surprise_value_operatingexpense_annual12","2","GBR","{""id"":""analyst-analyst-estimates"",""name"":""Analyst Estimates""}","[]","VECTOR","TOP700","0"
"0","{""id"":""analyst"",""name"":""Analyst""}","0","{""id"":""analyst_consensus"",""name"":""Standardized Analyst Consensus Forecasts""}","1","2026-07-01","1","Mean value of the difference between actual and forecasted annual pre-tax profit.","mean_surprise_value_pretax_annual12","2","GBR","{""id"":""analyst-analyst-estimates"",""name"":""Analyst Estimates""}","[]","VECTOR","TOP700","0"
"0","{""id"":""analyst"",""name"":""Analyst""}","0","{""id"":""analyst_consensus"",""name"":""Standardized Analyst Consensus Forecasts""}","1","2026-07-01","1","Vendor-reported surprise for annual pre-tax profit equal to actual minus mean estimate (unadjusted)","mean_surprise_value_pretax_annual12_2","2","GBR","{""id"":""analyst-analyst-estimates"",""name"":""Analyst Estimates""}","[]","VECTOR","TOP700","0"
"0","{""id"":""analyst"",""name"":""Analyst""}","0","{""id"":""analyst_consensus"",""name"":""Standardized Analyst Consensus Forecasts""}","1","2026-07-01","1","Surprise for the PPROFIT quarterly metric, computed as Actual minus the mean consensus estimate","mean_surprise_value_pretax_quarterly16_tribes","2","GBR","{""id"":""analyst-analyst-estimates"",""name"":""Analyst Estimates""}","[]","VECTOR","TOP700","0"
"0","{""id"":""analyst"",""name"":""Analyst""}","0","{""id"":""analyst_consensus"",""name"":""Standardized Analyst Consensus Forecasts""}","1","2026-07-01","1","Mean of the difference between actual and consensus pre-tax reported profit for the annual period.","mean_surprise_value_pretax_reported_annual12_2","2","GBR","{""id"":""analyst-analyst-estimates"",""name"":""Analyst Estimates""}","[]","VECTOR","TOP700","0"
"0","{""id"":""analyst"",""name"":""Analyst""}","0","{""id"":""analyst_consensus"",""name"":""Standardized Analyst Consensus Forecasts""}","1","2026-07-01","1","Vendor-reported surprise for mean consensus: actual minus mean estimate","mean_surprise_value_pretax_reported_annual12_tribes","2","GBR","{""id"":""analyst-analyst-estimates"",""name"":""Analyst Estimates""}","[]","VECTOR","TOP700","0"
"0","{""id"":""analyst"",""name"":""Analyst""}","0","{""id"":""analyst_consensus"",""name"":""Standardized Analyst Consensus Forecasts""}","1","2026-07-01","1","Mean estimate surprise for the PPROFITREP metric (actual minus mean consensus)","mean_surprise_value_pretax_reported_quarterly16","2","GBR","{""id"":""analyst-analyst-estimates"",""name"":""Analyst Estimates""}","[]","VECTOR","TOP700","0"
"0","{""id"":""analyst"",""name"":""Analyst""}","0","{""id"":""analyst_consensus"",""name"":""Standardized Analyst Consensus Forecasts""}","1","2026-07-01","1","Average surprise (actual minus forecast) for annual reported net income.","mean_surprise_value_reportednet_annual12_2","2","GBR","{""id"":""analyst-analyst-estimates"",""name"":""Analyst Estimates""}","[]","VECTOR","TOP700","0"
"0","{""id"":""analyst"",""name"":""Analyst""}","0","{""id"":""analyst_consensus"",""name"":""Standardized Analyst Consensus Forecasts""}","1","2026-07-01","1","Mean of return on capital surprise values (actual minus forecast) for the annual period.","mean_surprise_value_return_on_capital_annual12","2","GBR","{""id"":""analyst-analyst-estimates"",""name"":""Analyst Estimates""}","[]","VECTOR","TOP700","0"
"0","{""id"":""analyst"",""name"":""Analyst""}","0","{""id"":""analyst_consensus"",""name"":""Standardized Analyst Consensus Forecasts""}","1","2026-07-01","1","Mean sales surprise (actual minus consensus), regime-aware and embargo-sensitive","mean_surprise_value_revenue_annual12","2","GBR","{""id"":""analyst-analyst-estimates"",""name"":""Analyst Estimates""}","[]","VECTOR","TOP700","0"
"0","{""id"":""analyst"",""name"":""Analyst""}","0","{""id"":""analyst_consensus"",""name"":""Standardized Analyst Consensus Forecasts""}","1","2026-07-01","1","Surprise based on mean estimate (actual minus mean consensus) for annual revenue","mean_surprise_value_revenue_annual12_tribes","2","GBR","{""id"":""analyst-analyst-estimates"",""name"":""Analyst Estimates""}","[]","VECTOR","TOP700","0"
"0","{""id"":""analyst"",""name"":""Analyst""}","0","{""id"":""analyst_consensus"",""name"":""Standardized Analyst Consensus Forecasts""}","1","2026-07-01","1","Surprise versus the mean quarterly revenue estimate (actual minus mean estimate)","mean_surprise_value_revenue_quarterly16","2","GBR","{""id"":""analyst-analyst-estimates"",""name"":""Analyst Estimates""}","[]","VECTOR","TOP700","0"
"0","{""id"":""analyst"",""name"":""Analyst""}","0","{""id"":""analyst_consensus"",""name"":""Standardized Analyst Consensus Forecasts""}","1","2026-07-01","1","Mean surprise for annual ROE (actual minus consensus), regime-aware and masked during blackout periods","mean_surprise_value_roe_annual12","2","GBR","{""id"":""analyst-analyst-estimates"",""name"":""Analyst Estimates""}","[]","VECTOR","TOP700","0"
"0","{""id"":""analyst"",""name"":""Analyst""}","0","{""id"":""analyst_consensus"",""name"":""Standardized Analyst Consensus Forecasts""}","1","2026-07-01","1","Surprise relative to the mean consensus (actual ROA minus mean estimate), regime-aware","mean_surprise_value_roe_annual12_tribes","2","GBR","{""id"":""analyst-analyst-estimates"",""name"":""Analyst Estimates""}","[]","VECTOR","TOP700","0"
"0","{""id"":""analyst"",""name"":""Analyst""}","0","{""id"":""analyst_consensus"",""name"":""Standardized Analyst Consensus Forecasts""}","1","2026-07-01","1","Surprise versus mean: actual annual ROE minus the mean ROE estimate (regime-aware)","mean_surprise_value_roe_annual12_tribes_2","2","GBR","{""id"":""analyst-analyst-estimates"",""name"":""Analyst Estimates""}","[]","VECTOR","TOP700","0"
"0","{""id"":""analyst"",""name"":""Analyst""}","0","{""id"":""analyst_consensus"",""name"":""Standardized Analyst Consensus Forecasts""}","1","2026-07-01","1","Surprise for the annual number of shares outstanding based on mean consensus (Actual minus mean estimate)","mean_surprise_value_sharesoutstanding_annual12","2","GBR","{""id"":""analyst-analyst-estimates"",""name"":""Analyst Estimates""}","[]","VECTOR","TOP700","0"
"0","{""id"":""analyst"",""name"":""Analyst""}","0","{""id"":""analyst_consensus"",""name"":""Standardized Analyst Consensus Forecasts""}","1","2026-07-01","1","Vendor-reported surprise overlay: Actual minus mean consensus estimate for the SEQUITY measure","mean_surprise_value_tangbookvalue_annual12_tribes","2","GBR","{""id"":""analyst-analyst-estimates"",""name"":""Analyst Estimates""}","[]","VECTOR","TOP700","0"
"0","{""id"":""analyst"",""name"":""Analyst""}","0","{""id"":""analyst_consensus"",""name"":""Standardized Analyst Consensus Forecasts""}","1","2026-07-01","1","Surprise for TAXPROV computed as Actual minus mean consensus estimate","mean_surprise_value_taxprovision_annual12_tribes","2","GBR","{""id"":""analyst-analyst-estimates"",""name"":""Analyst Estimates""}","[]","VECTOR","TOP700","0"
"0","{""id"":""analyst"",""name"":""Analyst""}","0","{""id"":""analyst_consensus"",""name"":""Standardized Analyst Consensus Forecasts""}","1","2026-07-01","1","Average difference between actual and consensus effective tax rate for the annual period.","mean_surprise_value_taxrate_annual12","2","GBR","{""id"":""analyst-analyst-estimates"",""name"":""Analyst Estimates""}","[]","VECTOR","TOP700","0"
"0","{""id"":""analyst"",""name"":""Analyst""}","0","{""id"":""analyst_consensus"",""name"":""Standardized Analyst Consensus Forecasts""}","0.1982","2026-07-01","1","Surprise for annual total liabilities based on the mean consensus (actual minus mean estimate), regime-aware","mean_surprise_value_totalliab_annual12_tribes_2","2","GBR","{""id"":""analyst-analyst-estimates"",""name"":""Analyst Estimates""}","[]","VECTOR","TOP700","0"
"0","{""id"":""analyst"",""name"":""Analyst""}","0","{""id"":""analyst_consensus"",""name"":""Standardized Analyst Consensus Forecasts""}","1","2026-07-01","1","Mean of the surprise values (actual minus forecast) for annual total assets.","mean_surprise_value_total_assets_annual12","2","GBR","{""id"":""analyst-analyst-estimates"",""name"":""Analyst Estimates""}","[]","VECTOR","TOP700","0"
"0","{""id"":""analyst"",""name"":""Analyst""}","0","{""id"":""analyst_consensus"",""name"":""Standardized Analyst Consensus Forecasts""}","1","2026-07-01","1","Median of analyst forecasts for annual DEPAMORT","median_analyst_estimate_depreciation_amortization","2","GBR","{""id"":""analyst-analyst-estimates"",""name"":""Analyst Estimates""}","[]","VECTOR","TOP700","0"
"0","{""id"":""analyst"",""name"":""Analyst""}","0","{""id"":""analyst_consensus"",""name"":""Standardized Analyst Consensus Forecasts""}","1","2026-07-01","1","Median of analyst estimates for annual Gross Income","median_analyst_estimate_gross_income","2","GBR","{""id"":""analyst-analyst-estimates"",""name"":""Analyst Estimates""}","[]","VECTOR","TOP700","0"
"0","{""id"":""analyst"",""name"":""Analyst""}","0","{""id"":""analyst_consensus"",""name"":""Standardized Analyst Consensus Forecasts""}","1","2026-07-01","1","Regime-aware series combining median analyst forecasts with subsequent actuals for annual Depreciation & Amortization","median_estimate_actual_depreciation_amortization","2","GBR","{""id"":""analyst-analyst-estimates"",""name"":""Analyst Estimates""}","[]","VECTOR","TOP700","0"
"0","{""id"":""analyst"",""name"":""Analyst""}","0","{""id"":""analyst_consensus"",""name"":""Standardized Analyst Consensus Forecasts""}","1","2026-07-01","1","Currency/split/regime-adjusted MedianEst_FA for annual Depreciation & Amortization","median_estimate_actual_fxadj_depreciation_amortization","2","GBR","{""id"":""analyst-analyst-estimates"",""name"":""Analyst Estimates""}","[]","VECTOR","TOP700","0"
"0","{""id"":""analyst"",""name"":""Analyst""}","0","{""id"":""analyst_consensus"",""name"":""Standardized Analyst Consensus Forecasts""}","1","2026-07-01","1","Currency/regime-adjusted Forecast-plus-Actual overlay for the median Gross Income value","median_estimate_actual_fxadj_gross_income","2","GBR","{""id"":""analyst-analyst-estimates"",""name"":""Analyst Estimates""}","[]","VECTOR","TOP700","0"
"0","{""id"":""analyst"",""name"":""Analyst""}","0","{""id"":""analyst_consensus"",""name"":""Standardized Analyst Consensus Forecasts""}","1","2026-07-01","1","Median of forecast-plus-actual (FA) values for Gross Income","median_estimate_actual_gross_income","2","GBR","{""id"":""analyst-analyst-estimates"",""name"":""Analyst Estimates""}","[]","VECTOR","TOP700","0"
"0","{""id"":""analyst"",""name"":""Analyst""}","0","{""id"":""analyst_consensus"",""name"":""Standardized Analyst Consensus Forecasts""}","1","2026-07-01","1","Median (consensus) analyst BVPS estimate for the fiscal period","median_estimate_bvps_annual12_tribes","2","GBR","{""id"":""analyst-analyst-estimates"",""name"":""Analyst Estimates""}","[]","VECTOR","TOP700","0"
"0","{""id"":""analyst"",""name"":""Analyst""}","0","{""id"":""analyst_consensus"",""name"":""Standardized Analyst Consensus Forecasts""}","1","2026-07-01","1","Consensus median CAPEX estimate","median_estimate_capex_annual12_2","2","GBR","{""id"":""analyst-analyst-estimates"",""name"":""Analyst Estimates""}","[]","VECTOR","TOP700","0"
"0","{""id"":""analyst"",""name"":""Analyst""}","0","{""id"":""analyst_consensus"",""name"":""Standardized Analyst Consensus Forecasts""}","1","2026-07-01","1","Median analyst estimate (forecast) for annual Cash Flow from Financing, unadjusted","median_estimate_cashflowfinancing_annual12","2","GBR","{""id"":""analyst-analyst-estimates"",""name"":""Analyst Estimates""}","[]","VECTOR","TOP700","0"
"0","{""id"":""analyst"",""name"":""Analyst""}","0","{""id"":""analyst_consensus"",""name"":""Standardized Analyst Consensus Forecasts""}","1","2026-07-01","1","Median of analyst estimates for annual CFINVEST","median_estimate_cashflowinvesting_annual12","2","GBR","{""id"":""analyst-analyst-estimates"",""name"":""Analyst Estimates""}","[]","VECTOR","TOP700","0"
"0","{""id"":""analyst"",""name"":""Analyst""}","0","{""id"":""analyst_consensus"",""name"":""Standardized Analyst Consensus Forecasts""}","1","2026-07-01","1","Median of analyst forecasts for annual operating cash flow","median_estimate_cfo_annual12","2","GBR","{""id"":""analyst-analyst-estimates"",""name"":""Analyst Estimates""}","[]","VECTOR","TOP700","0"
"0","{""id"":""analyst"",""name"":""Analyst""}","0","{""id"":""analyst_consensus"",""name"":""Standardized Analyst Consensus Forecasts""}","1","2026-07-01","1","Consensus median CFPS estimate for the period","median_estimate_cfps_annual12_2","2","GBR","{""id"":""analyst-analyst-estimates"",""name"":""Analyst Estimates""}","[]","VECTOR","TOP700","0"
"0","{""id"":""analyst"",""name"":""Analyst""}","0","{""id"":""analyst_consensus"",""name"":""Standardized Analyst Consensus Forecasts""}","1","2026-07-01","1","Consensus median of analyst annual COGS estimates","median_estimate_cogs_annual12_tribes","2","GBR","{""id"":""analyst-analyst-estimates"",""name"":""Analyst Estimates""}","[]","VECTOR","TOP700","0"
"0","{""id"":""analyst"",""name"":""Analyst""}","0","{""id"":""analyst_consensus"",""name"":""Standardized Analyst Consensus Forecasts""}","0.7755","2026-07-01","1","Median analyst estimate for Current Assets","median_estimate_currentassets_annual12","2","GBR","{""id"":""analyst-analyst-estimates"",""name"":""Analyst Estimates""}","[]","VECTOR","TOP700","0"
"0","{""id"":""analyst"",""name"":""Analyst""}","0","{""id"":""analyst_consensus"",""name"":""Standardized Analyst Consensus Forecasts""}","0.7755","2026-07-01","1","Median consensus analyst forecast for annual current liabilities","median_estimate_currentliabilities_annual12","2","GBR","{""id"":""analyst-analyst-estimates"",""name"":""Analyst Estimates""}","[]","VECTOR","TOP700","0"
"0","{""id"":""analyst"",""name"":""Analyst""}","0","{""id"":""analyst_consensus"",""name"":""Standardized Analyst Consensus Forecasts""}","1","2026-07-01","1","Current median of analyst consensus annual EBT estimates","median_estimate_current_period_ebt_annual12","2","GBR","{""id"":""analyst-analyst-estimates"",""name"":""Analyst Estimates""}","[]","VECTOR","TOP700","0"
"0","{""id"":""analyst"",""name"":""Analyst""}","0","{""id"":""analyst_consensus"",""name"":""Standardized Analyst Consensus Forecasts""}","1","2026-07-01","1","Current median analyst consensus estimate for the PRE metric","median_estimate_current_period_pretax_annual12","2","GBR","{""id"":""analyst-analyst-estimates"",""name"":""Analyst Estimates""}","[]","VECTOR","TOP700","0"
"0","{""id"":""analyst"",""name"":""Analyst""}","0","{""id"":""analyst_consensus"",""name"":""Standardized Analyst Consensus Forecasts""}","1","2026-07-01","1","Current median of analyst annual sales consensus estimates","median_estimate_current_period_revenue_annual12","2","GBR","{""id"":""analyst-analyst-estimates"",""name"":""Analyst Estimates""}","[]","VECTOR","TOP700","0"
"0","{""id"":""analyst"",""name"":""Analyst""}","0","{""id"":""analyst_consensus"",""name"":""Standardized Analyst Consensus Forecasts""}","1","2026-07-01","1","Median ROE consensus estimate","median_estimate_current_period_roe_annual12","2","GBR","{""id"":""analyst-analyst-estimates"",""name"":""Analyst Estimates""}","[]","VECTOR","TOP700","0"
"0","{""id"":""analyst"",""name"":""Analyst""}","0","{""id"":""analyst_consensus"",""name"":""Standardized Analyst Consensus Forecasts""}","1","2026-07-01","1","Median of analyst estimates for annual depreciation","median_estimate_depreciation_annual12","2","GBR","{""id"":""analyst-analyst-estimates"",""name"":""Analyst Estimates""}","[]","VECTOR","TOP700","0"
"0","{""id"":""analyst"",""name"":""Analyst""}","0","{""id"":""analyst_consensus"",""name"":""Standardized Analyst Consensus Forecasts""}","1","2026-07-01","1","Median of current annual DPS consensus estimates","median_estimate_dividend_annual12","2","GBR","{""id"":""analyst-analyst-estimates"",""name"":""Analyst Estimates""}","[]","VECTOR","TOP700","0"
"0","{""id"":""analyst"",""name"":""Analyst""}","0","{""id"":""analyst_consensus"",""name"":""Standardized Analyst Consensus Forecasts""}","1","2026-07-01","1","Median analyst estimate for annual DPS","median_estimate_dividend_annual12_2","2","GBR","{""id"":""analyst-analyst-estimates"",""name"":""Analyst Estimates""}","[]","VECTOR","TOP700","0"
"0","{""id"":""analyst"",""name"":""Analyst""}","0","{""id"":""analyst_consensus"",""name"":""Standardized Analyst Consensus Forecasts""}","1","2026-07-01","1","Median of analyst estimates for total dividend","median_estimate_dividend_annual12_tribes","2","GBR","{""id"":""analyst-analyst-estimates"",""name"":""Analyst Estimates""}","[]","VECTOR","TOP700","0"
"0","{""id"":""analyst"",""name"":""Analyst""}","0","{""id"":""analyst_consensus"",""name"":""Standardized Analyst Consensus Forecasts""}","1","2026-07-01","1","Median of analyst estimates (consensus) for the measure","median_estimate_dps_quarterly16","2","GBR","{""id"":""analyst-analyst-estimates"",""name"":""Analyst Estimates""}","[]","VECTOR","TOP700","0"
"0","{""id"":""analyst"",""name"":""Analyst""}","0","{""id"":""analyst_consensus"",""name"":""Standardized Analyst Consensus Forecasts""}","1","2026-07-01","1","Median of analyst estimates for annual Reported EBITDA for each period","median_estimate_ebitdarep_annual12","2","GBR","{""id"":""analyst-analyst-estimates"",""name"":""Analyst Estimates""}","[]","VECTOR","TOP700","0"
"0","{""id"":""analyst"",""name"":""Analyst""}","0","{""id"":""analyst_consensus"",""name"":""Standardized Analyst Consensus Forecasts""}","1","2026-07-01","1","Median of analyst EBITDA estimates for the specified annual period","median_estimate_ebitda_annual12","2","GBR","{""id"":""analyst-analyst-estimates"",""name"":""Analyst Estimates""}","[]","VECTOR","TOP700","0"
"0","{""id"":""analyst"",""name"":""Analyst""}","0","{""id"":""analyst_consensus"",""name"":""Standardized Analyst Consensus Forecasts""}","1","2026-07-01","1","Median of analyst quarterly EBITDA estimates","median_estimate_ebitda_quarterly16","2","GBR","{""id"":""analyst-analyst-estimates"",""name"":""Analyst Estimates""}","[]","VECTOR","TOP700","0"
"0","{""id"":""analyst"",""name"":""Analyst""}","0","{""id"":""analyst_consensus"",""name"":""Standardized Analyst Consensus Forecasts""}","1","2026-07-01","1","Median of analyst annual EBIT estimates (consensus, forecast-only) under regime-aware processing","median_estimate_ebit_annual12","2","GBR","{""id"":""analyst-analyst-estimates"",""name"":""Analyst Estimates""}","[]","VECTOR","TOP700","0"
"0","{""id"":""analyst"",""name"":""Analyst""}","0","{""id"":""analyst_consensus"",""name"":""Standardized Analyst Consensus Forecasts""}","1","2026-07-01","1","Current median of EBI consensus estimates","median_estimate_ebit_annual12_2","2","GBR","{""id"":""analyst-analyst-estimates"",""name"":""Analyst Estimates""}","[]","VECTOR","TOP700","0"
"0","{""id"":""analyst"",""name"":""Analyst""}","0","{""id"":""analyst_consensus"",""name"":""Standardized Analyst Consensus Forecasts""}","1","2026-07-01","1","Median of analyst EBIT estimates (consensus)","median_estimate_ebit_quarterly16","2","GBR","{""id"":""analyst-analyst-estimates"",""name"":""Analyst Estimates""}","[]","VECTOR","TOP700","0"
"0","{""id"":""analyst"",""name"":""Analyst""}","0","{""id"":""analyst_consensus"",""name"":""Standardized Analyst Consensus Forecasts""}","1","2026-07-01","1","Median of analyst estimates for the EV metric","median_estimate_enterprisevalue_annual12","2","GBR","{""id"":""analyst-analyst-estimates"",""name"":""Analyst Estimates""}","[]","VECTOR","TOP700","0"
"0","{""id"":""analyst"",""name"":""Analyst""}","0","{""id"":""analyst_consensus"",""name"":""Standardized Analyst Consensus Forecasts""}","1","2026-07-01","1","Median of analyst estimates for EPSREP","median_estimate_epsreported_annual12","2","GBR","{""id"":""analyst-analyst-estimates"",""name"":""Analyst Estimates""}","[]","VECTOR","TOP700","0"
"0","{""id"":""analyst"",""name"":""Analyst""}","0","{""id"":""analyst_consensus"",""name"":""Standardized Analyst Consensus Forecasts""}","1","2026-07-01","1","Median of analyst EPS estimates","median_estimate_eps_annual12","2","GBR","{""id"":""analyst-analyst-estimates"",""name"":""Analyst Estimates""}","[]","VECTOR","TOP700","0"
"0","{""id"":""analyst"",""name"":""Analyst""}","0","{""id"":""analyst_consensus"",""name"":""Standardized Analyst Consensus Forecasts""}","1","2026-07-01","1","Median of analyst EPS estimates within the consensus","median_estimate_eps_longterm","2","GBR","{""id"":""analyst-analyst-estimates"",""name"":""Analyst Estimates""}","[]","MATRIX","TOP700","0"
"0","{""id"":""analyst"",""name"":""Analyst""}","0","{""id"":""analyst_consensus"",""name"":""Standardized Analyst Consensus Forecasts""}","1","2026-07-01","1","Median of analyst quarterly EPS estimates (consensus forecast)","median_estimate_eps_quarterly16_tribes","2","GBR","{""id"":""analyst-analyst-estimates"",""name"":""Analyst Estimates""}","[]","VECTOR","TOP700","0"
"0","{""id"":""analyst"",""name"":""Analyst""}","0","{""id"":""analyst_consensus"",""name"":""Standardized Analyst Consensus Forecasts""}","1","2026-07-01","1","Median of analyst EPSREP estimates","median_estimate_eps_reported_quarterly16","2","GBR","{""id"":""analyst-analyst-estimates"",""name"":""Analyst Estimates""}","[]","VECTOR","TOP700","0"
"0","{""id"":""analyst"",""name"":""Analyst""}","0","{""id"":""analyst_consensus"",""name"":""Standardized Analyst Consensus Forecasts""}","1","2026-07-01","1","Median of analyst forecast estimates for annual FCFPS","median_estimate_fcfps_annual12","2","GBR","{""id"":""analyst-analyst-estimates"",""name"":""Analyst Estimates""}","[]","VECTOR","TOP700","0"
"0","{""id"":""analyst"",""name"":""Analyst""}","0","{""id"":""analyst_consensus"",""name"":""Standardized Analyst Consensus Forecasts""}","1","2026-07-01","1","Consensus median of analysts’ annual FCF estimates","median_estimate_fcf_annual12","2","GBR","{""id"":""analyst-analyst-estimates"",""name"":""Analyst Estimates""}","[]","VECTOR","TOP700","0"
"0","{""id"":""analyst"",""name"":""Analyst""}","0","{""id"":""analyst_consensus"",""name"":""Standardized Analyst Consensus Forecasts""}","1","2026-07-01","1","Median annual DPS consensus estimate recorded four weeks ago","median_estimate_four_weeks_prior_dividend_annual12","2","GBR","{""id"":""analyst-analyst-estimates"",""name"":""Analyst Estimates""}","[]","VECTOR","TOP700","0"
"0","{""id"":""analyst"",""name"":""Analyst""}","0","{""id"":""analyst_consensus"",""name"":""Standardized Analyst Consensus Forecasts""}","1","2026-07-01","1","Median EBI consensus estimate as of four weeks ago","median_estimate_four_weeks_prior_ebit_annual12_2","2","GBR","{""id"":""analyst-analyst-estimates"",""name"":""Analyst Estimates""}","[]","VECTOR","TOP700","0"
"0","{""id"":""analyst"",""name"":""Analyst""}","0","{""id"":""analyst_consensus"",""name"":""Standardized Analyst Consensus Forecasts""}","1","2026-07-01","1","Median EBT consensus estimate four weeks ago","median_estimate_four_weeks_prior_ebt_annual12","2","GBR","{""id"":""analyst-analyst-estimates"",""name"":""Analyst Estimates""}","[]","VECTOR","TOP700","0"
"0","{""id"":""analyst"",""name"":""Analyst""}","0","{""id"":""analyst_consensus"",""name"":""Standardized Analyst Consensus Forecasts""}","1","2026-07-01","1","Currency/split-adjusted median consensus annual DPS estimate four weeks ago (vendor snapshot)","median_estimate_four_weeks_prior_fxadj_dividend_annual12","2","GBR","{""id"":""analyst-analyst-estimates"",""name"":""Analyst Estimates""}","[]","VECTOR","TOP700","0"
"0","{""id"":""analyst"",""name"":""Analyst""}","0","{""id"":""analyst_consensus"",""name"":""Standardized Analyst Consensus Forecasts""}","1","2026-07-01","1","Median analyst estimate for annual EBI as of four weeks ago, adjusted for currency, splits, and regime effects","median_estimate_four_weeks_prior_fxadj_ebit_annual12_2","2","GBR","{""id"":""analyst-analyst-estimates"",""name"":""Analyst Estimates""}","[]","VECTOR","TOP700","0"
"0","{""id"":""analyst"",""name"":""Analyst""}","0","{""id"":""analyst_consensus"",""name"":""Standardized Analyst Consensus Forecasts""}","1","2026-07-01","1","Regime-adjusted median EBT consensus estimate four weeks ago","median_estimate_four_weeks_prior_fxadj_ebt_annual12","2","GBR","{""id"":""analyst-analyst-estimates"",""name"":""Analyst Estimates""}","[]","VECTOR","TOP700","0"
"0","{""id"":""analyst"",""name"":""Analyst""}","0","{""id"":""analyst_consensus"",""name"":""Standardized Analyst Consensus Forecasts""}","1","2026-07-01","1","Currency/split-adjusted median consensus estimate for the GPS measure four weeks ago (vendor snapshot)","median_estimate_four_weeks_prior_fxadj_gps","2","GBR","{""id"":""analyst-analyst-estimates"",""name"":""Analyst Estimates""}","[]","VECTOR","TOP700","0"
"0","{""id"":""analyst"",""name"":""Analyst""}","0","{""id"":""analyst_consensus"",""name"":""Standardized Analyst Consensus Forecasts""}","1","2026-07-01","1","Median of currency-adjusted net asset value estimates from four weeks prior for the annual period.","median_estimate_four_weeks_prior_fxadj_nav_annual12","2","GBR","{""id"":""analyst-analyst-estimates"",""name"":""Analyst Estimates""}","[]","VECTOR","TOP700","0"
"0","{""id"":""analyst"",""name"":""Analyst""}","0","{""id"":""analyst_consensus"",""name"":""Standardized Analyst Consensus Forecasts""}","1","2026-07-01","1","Currency/split-adjusted median NET consensus value from the vendor snapshot four weeks ago","median_estimate_four_weeks_prior_fxadj_net2","2","GBR","{""id"":""analyst-analyst-estimates"",""name"":""Analyst Estimates""}","[]","VECTOR","TOP700","0"
"0","{""id"":""analyst"",""name"":""Analyst""}","0","{""id"":""analyst_consensus"",""name"":""Standardized Analyst Consensus Forecasts""}","1","2026-07-01","1","Regime-adjusted median PRE consensus estimate from four weeks ago","median_estimate_four_weeks_prior_fxadj_pretax_annual12","2","GBR","{""id"":""analyst-analyst-estimates"",""name"":""Analyst Estimates""}","[]","VECTOR","TOP700","0"
"0","{""id"":""analyst"",""name"":""Analyst""}","0","{""id"":""analyst_consensus"",""name"":""Standardized Analyst Consensus Forecasts""}","1","2026-07-01","1","Median of currency-adjusted pre-tax reported profit estimates from four weeks ago for the annual period.","median_estimate_four_weeks_prior_fxadj_pretax_reported_annual12_2","2","GBR","{""id"":""analyst-analyst-estimates"",""name"":""Analyst Estimates""}","[]","VECTOR","TOP700","0"
"0","{""id"":""analyst"",""name"":""Analyst""}","0","{""id"":""analyst_consensus"",""name"":""Standardized Analyst Consensus Forecasts""}","1","2026-07-01","1","Median analyst forecast for annual reported net income four weeks ago, adjusted for currency and splits.","median_estimate_four_weeks_prior_fxadj_reportednet_annual12_2","2","GBR","{""id"":""analyst-analyst-estimates"",""name"":""Analyst Estimates""}","[]","VECTOR","TOP700","0"
"0","{""id"":""analyst"",""name"":""Analyst""}","0","{""id"":""analyst_consensus"",""name"":""Standardized Analyst Consensus Forecasts""}","1","2026-07-01","1","Median sales estimate four weeks ago, adjusted for currency/splits/regime","median_estimate_four_weeks_prior_fxadj_revenue_annual12","2","GBR","{""id"":""analyst-analyst-estimates"",""name"":""Analyst Estimates""}","[]","VECTOR","TOP700","0"
"0","{""id"":""analyst"",""name"":""Analyst""}","0","{""id"":""analyst_consensus"",""name"":""Standardized Analyst Consensus Forecasts""}","1","2026-07-01","1","Median consensus estimate four weeks ago for GPS (vendor historical snapshot, unadjusted)","median_estimate_four_weeks_prior_gps","2","GBR","{""id"":""analyst-analyst-estimates"",""name"":""Analyst Estimates""}","[]","VECTOR","TOP700","0"
"0","{""id"":""analyst"",""name"":""Analyst""}","0","{""id"":""analyst_consensus"",""name"":""Standardized Analyst Consensus Forecasts""}","1","2026-07-01","1","Median of annual NAV consensus estimates four weeks ago","median_estimate_four_weeks_prior_nav_annual12","2","GBR","{""id"":""analyst-analyst-estimates"",""name"":""Analyst Estimates""}","[]","VECTOR","TOP700","0"
"0","{""id"":""analyst"",""name"":""Analyst""}","0","{""id"":""analyst_consensus"",""name"":""Standardized Analyst Consensus Forecasts""}","1","2026-07-01","1","Vendor snapshot of the median consensus estimate for annual Net Income taken 4 weeks ago","median_estimate_four_weeks_prior_net2","2","GBR","{""id"":""analyst-analyst-estimates"",""name"":""Analyst Estimates""}","[]","VECTOR","TOP700","0"
"0","{""id"":""analyst"",""name"":""Analyst""}","0","{""id"":""analyst_consensus"",""name"":""Standardized Analyst Consensus Forecasts""}","1","2026-07-01","1","Median analyst consensus for the PRE metric as captured four weeks ago","median_estimate_four_weeks_prior_pretax_annual12","2","GBR","{""id"":""analyst-analyst-estimates"",""name"":""Analyst Estimates""}","[]","VECTOR","TOP700","0"
"0","{""id"":""analyst"",""name"":""Analyst""}","0","{""id"":""analyst_consensus"",""name"":""Standardized Analyst Consensus Forecasts""}","1","2026-07-01","1","Median of PRR consensus estimates four weeks ago","median_estimate_four_weeks_prior_pretax_reported_annual12","2","GBR","{""id"":""analyst-analyst-estimates"",""name"":""Analyst Estimates""}","[]","VECTOR","TOP700","0"
"0","{""id"":""analyst"",""name"":""Analyst""}","0","{""id"":""analyst_consensus"",""name"":""Standardized Analyst Consensus Forecasts""}","1","2026-07-01","1","Median analyst forecast for annual reported net income as of four weeks ago.","median_estimate_four_weeks_prior_reportednet_annual12_2","2","GBR","{""id"":""analyst-analyst-estimates"",""name"":""Analyst Estimates""}","[]","VECTOR","TOP700","0"
"0","{""id"":""analyst"",""name"":""Analyst""}","0","{""id"":""analyst_consensus"",""name"":""Standardized Analyst Consensus Forecasts""}","1","2026-07-01","1","Median sales consensus estimate four weeks ago","median_estimate_four_weeks_prior_revenue_annual12","2","GBR","{""id"":""analyst-analyst-estimates"",""name"":""Analyst Estimates""}","[]","VECTOR","TOP700","0"
"0","{""id"":""analyst"",""name"":""Analyst""}","0","{""id"":""analyst_consensus"",""name"":""Standardized Analyst Consensus Forecasts""}","1","2026-07-01","1","Vendor snapshot of the median consensus estimate for annual ROE taken 4 weeks prior","median_estimate_four_weeks_prior_roe_annual12","2","GBR","{""id"":""analyst-analyst-estimates"",""name"":""Analyst Estimates""}","[]","VECTOR","TOP700","0"
"0","{""id"":""analyst"",""name"":""Analyst""}","0","{""id"":""analyst_consensus"",""name"":""Standardized Analyst Consensus Forecasts""}","1","2026-07-01","1","Currency/split-adjusted median (consensus) analyst BVPS estimate","median_estimate_fxadj_bvps_annual12_tribes","2","GBR","{""id"":""analyst-analyst-estimates"",""name"":""Analyst Estimates""}","[]","VECTOR","TOP700","0"
"0","{""id"":""analyst"",""name"":""Analyst""}","0","{""id"":""analyst_consensus"",""name"":""Standardized Analyst Consensus Forecasts""}","1","2026-07-01","1","Currency/regime-adjusted consensus median CAPEX estimate","median_estimate_fxadj_capex_annual12_3","2","GBR","{""id"":""analyst-analyst-estimates"",""name"":""Analyst Estimates""}","[]","VECTOR","TOP700","0"
"0","{""id"":""analyst"",""name"":""Analyst""}","0","{""id"":""analyst_consensus"",""name"":""Standardized Analyst Consensus Forecasts""}","1","2026-07-01","1","Currency/split/regime-adjusted median analyst estimate for annual Cash Flow from Financing","median_estimate_fxadj_cashflowfinancing_annual12","2","GBR","{""id"":""analyst-analyst-estimates"",""name"":""Analyst Estimates""}","[]","VECTOR","TOP700","0"
"0","{""id"":""analyst"",""name"":""Analyst""}","0","{""id"":""analyst_consensus"",""name"":""Standardized Analyst Consensus Forecasts""}","1","2026-07-01","1","Currency and split adjusted median consensus estimate for annual CFINVEST","median_estimate_fxadj_cfinvest_annual12_tribes","2","GBR","{""id"":""analyst-analyst-estimates"",""name"":""Analyst Estimates""}","[]","VECTOR","TOP700","0"
"0","{""id"":""analyst"",""name"":""Analyst""}","0","{""id"":""analyst_consensus"",""name"":""Standardized Analyst Consensus Forecasts""}","1","2026-07-01","1","Currency-adjusted consensus median analyst estimate for annual operating cash flow","median_estimate_fxadj_cfo_annual12","2","GBR","{""id"":""analyst-analyst-estimates"",""name"":""Analyst Estimates""}","[]","VECTOR","TOP700","0"
"0","{""id"":""analyst"",""name"":""Analyst""}","0","{""id"":""analyst_consensus"",""name"":""Standardized Analyst Consensus Forecasts""}","1","2026-07-01","1","Currency/split-adjusted median consensus CFPS estimate","median_estimate_fxadj_cfps_annual12_2","2","GBR","{""id"":""analyst-analyst-estimates"",""name"":""Analyst Estimates""}","[]","VECTOR","TOP700","0"
"0","{""id"":""analyst"",""name"":""Analyst""}","0","{""id"":""analyst_consensus"",""name"":""Standardized Analyst Consensus Forecasts""}","1","2026-07-01","1","Currency/split adjusted median analyst estimate for annual COGS","median_estimate_fxadj_cogs_annual12_tribes","2","GBR","{""id"":""analyst-analyst-estimates"",""name"":""Analyst Estimates""}","[]","VECTOR","TOP700","0"
"0","{""id"":""analyst"",""name"":""Analyst""}","0","{""id"":""analyst_consensus"",""name"":""Standardized Analyst Consensus Forecasts""}","0.7755","2026-07-01","1","FX/regime-adjusted median analyst estimate for Current Assets","median_estimate_fxadj_currentassets_annual12","2","GBR","{""id"":""analyst-analyst-estimates"",""name"":""Analyst Estimates""}","[]","VECTOR","TOP700","0"
"0","{""id"":""analyst"",""name"":""Analyst""}","0","{""id"":""analyst_consensus"",""name"":""Standardized Analyst Consensus Forecasts""}","0.7755","2026-07-01","1","Consensus median analyst forecast for annual current liabilities adjusted for currency/splits/regime effects","median_estimate_fxadj_currentliabilities_annual12","2","GBR","{""id"":""analyst-analyst-estimates"",""name"":""Analyst Estimates""}","[]","VECTOR","TOP700","0"
"0","{""id"":""analyst"",""name"":""Analyst""}","0","{""id"":""analyst_consensus"",""name"":""Standardized Analyst Consensus Forecasts""}","1","2026-07-01","1","Currency/split/regime-adjusted median analyst estimate for DEPAMORT","median_estimate_fxadj_depreciation_amortization","2","GBR","{""id"":""analyst-analyst-estimates"",""name"":""Analyst Estimates""}","[]","VECTOR","TOP700","0"
"0","{""id"":""analyst"",""name"":""Analyst""}","0","{""id"":""analyst_consensus"",""name"":""Standardized Analyst Consensus Forecasts""}","1","2026-07-01","1","Currency/split-adjusted consensus median of analyst annual depreciation estimates","median_estimate_fxadj_depreciation_annual12","2","GBR","{""id"":""analyst-analyst-estimates"",""name"":""Analyst Estimates""}","[]","VECTOR","TOP700","0"
"0","{""id"":""analyst"",""name"":""Analyst""}","0","{""id"":""analyst_consensus"",""name"":""Standardized Analyst Consensus Forecasts""}","1","2026-07-01","1","Currency/split-adjusted current median consensus annual DPS estimate","median_estimate_fxadj_dividend_annual12","2","GBR","{""id"":""analyst-analyst-estimates"",""name"":""Analyst Estimates""}","[]","VECTOR","TOP700","0"
"0","{""id"":""analyst"",""name"":""Analyst""}","0","{""id"":""analyst_consensus"",""name"":""Standardized Analyst Consensus Forecasts""}","1","2026-07-01","1","Currency/split/regime-adjusted median analyst estimate for annual DPS","median_estimate_fxadj_dividend_annual12_2","2","GBR","{""id"":""analyst-analyst-estimates"",""name"":""Analyst Estimates""}","[]","VECTOR","TOP700","0"
"0","{""id"":""analyst"",""name"":""Analyst""}","0","{""id"":""analyst_consensus"",""name"":""Standardized Analyst Consensus Forecasts""}","1","2026-07-01","1","Currency/split/regime-adjusted median analyst estimate for total dividend","median_estimate_fxadj_dividend_annual12_tribes","2","GBR","{""id"":""analyst-analyst-estimates"",""name"":""Analyst Estimates""}","[]","VECTOR","TOP700","0"
"0","{""id"":""analyst"",""name"":""Analyst""}","0","{""id"":""analyst_consensus"",""name"":""Standardized Analyst Consensus Forecasts""}","1","2026-07-01","1","Currency/split/regime-adjusted median consensus DPS estimate","median_estimate_fxadj_dps_quarterly16","2","GBR","{""id"":""analyst-analyst-estimates"",""name"":""Analyst Estimates""}","[]","VECTOR","TOP700","0"
"0","{""id"":""analyst"",""name"":""Analyst""}","0","{""id"":""analyst_consensus"",""name"":""Standardized Analyst Consensus Forecasts""}","1","2026-07-01","1","Median analyst estimate for annual Reported EBITDA, adjusted for currency/splits","median_estimate_fxadj_ebitdarep_annual12","2","GBR","{""id"":""analyst-analyst-estimates"",""name"":""Analyst Estimates""}","[]","VECTOR","TOP700","0"
"0","{""id"":""analyst"",""name"":""Analyst""}","0","{""id"":""analyst_consensus"",""name"":""Standardized Analyst Consensus Forecasts""}","1","2026-07-01","1","Currency/split/regime-adjusted median EBITDA estimate","median_estimate_fxadj_ebitda_annual12","2","GBR","{""id"":""analyst-analyst-estimates"",""name"":""Analyst Estimates""}","[]","VECTOR","TOP700","0"
"0","{""id"":""analyst"",""name"":""Analyst""}","0","{""id"":""analyst_consensus"",""name"":""Standardized Analyst Consensus Forecasts""}","1","2026-07-01","1","Adjusted median consensus quarterly EBITDA estimate (currency/splits/regime adjusted)","median_estimate_fxadj_ebitda_quarterly16","2","GBR","{""id"":""analyst-analyst-estimates"",""name"":""Analyst Estimates""}","[]","VECTOR","TOP700","0"
"0","{""id"":""analyst"",""name"":""Analyst""}","0","{""id"":""analyst_consensus"",""name"":""Standardized Analyst Consensus Forecasts""}","1","2026-07-01","1","Currency/regime-adjusted median annual EBIT estimate","median_estimate_fxadj_ebit_annual12","2","GBR","{""id"":""analyst-analyst-estimates"",""name"":""Analyst Estimates""}","[]","VECTOR","TOP700","0"
"0","{""id"":""analyst"",""name"":""Analyst""}","0","{""id"":""analyst_consensus"",""name"":""Standardized Analyst Consensus Forecasts""}","1","2026-07-01","1","Currency/split-adjusted current median EBI consensus estimate","median_estimate_fxadj_ebit_annual12_2","2","GBR","{""id"":""analyst-analyst-estimates"",""name"":""Analyst Estimates""}","[]","VECTOR","TOP700","0"
"0","{""id"":""analyst"",""name"":""Analyst""}","0","{""id"":""analyst_consensus"",""name"":""Standardized Analyst Consensus Forecasts""}","1","2026-07-01","1","Currency/split/regime adjusted median analyst EBIT estimate","median_estimate_fxadj_ebit_quarterly16_tribes","2","GBR","{""id"":""analyst-analyst-estimates"",""name"":""Analyst Estimates""}","[]","VECTOR","TOP700","0"
"0","{""id"":""analyst"",""name"":""Analyst""}","0","{""id"":""analyst_consensus"",""name"":""Standardized Analyst Consensus Forecasts""}","1","2026-07-01","1","Median pre-tax profit estimate for the annual period, adjusted for currency effects.","median_estimate_fxadj_ebt_annual12","2","GBR","{""id"":""analyst-analyst-estimates"",""name"":""Analyst Estimates""}","[]","VECTOR","TOP700","0"
"0","{""id"":""analyst"",""name"":""Analyst""}","0","{""id"":""analyst_consensus"",""name"":""Standardized Analyst Consensus Forecasts""}","1","2026-07-01","1","Currency/regime-adjusted median analyst estimate for EV","median_estimate_fxadj_enterprisevalue_annual12","2","GBR","{""id"":""analyst-analyst-estimates"",""name"":""Analyst Estimates""}","[]","VECTOR","TOP700","0"
"0","{""id"":""analyst"",""name"":""Analyst""}","0","{""id"":""analyst_consensus"",""name"":""Standardized Analyst Consensus Forecasts""}","1","2026-07-01","1","Currency-adjusted median analyst estimate for EPSREP","median_estimate_fxadj_epsreported_annual12","2","GBR","{""id"":""analyst-analyst-estimates"",""name"":""Analyst Estimates""}","[]","VECTOR","TOP700","0"
"0","{""id"":""analyst"",""name"":""Analyst""}","0","{""id"":""analyst_consensus"",""name"":""Standardized Analyst Consensus Forecasts""}","1","2026-07-01","1","Currency/split-adjusted median of analyst EPS estimates","median_estimate_fxadj_eps_annual12","2","GBR","{""id"":""analyst-analyst-estimates"",""name"":""Analyst Estimates""}","[]","VECTOR","TOP700","0"
"0","{""id"":""analyst"",""name"":""Analyst""}","0","{""id"":""analyst_consensus"",""name"":""Standardized Analyst Consensus Forecasts""}","1","2026-07-01","1","Currency/split/regime-adjusted median of analyst quarterly EPS estimates","median_estimate_fxadj_eps_quarterly16_tribes","2","GBR","{""id"":""analyst-analyst-estimates"",""name"":""Analyst Estimates""}","[]","VECTOR","TOP700","0"
"0","{""id"":""analyst"",""name"":""Analyst""}","0","{""id"":""analyst_consensus"",""name"":""Standardized Analyst Consensus Forecasts""}","1","2026-07-01","1","Currency/split-adjusted median consensus estimate for annual FCFPS","median_estimate_fxadj_fcfps_annual12","2","GBR","{""id"":""analyst-analyst-estimates"",""name"":""Analyst Estimates""}","[]","VECTOR","TOP700","0"
"0","{""id"":""analyst"",""name"":""Analyst""}","0","{""id"":""analyst_consensus"",""name"":""Standardized Analyst Consensus Forecasts""}","1","2026-07-01","1","FX/regime-adjusted median annual FCF estimate","median_estimate_fxadj_fcf_annual12","2","GBR","{""id"":""analyst-analyst-estimates"",""name"":""Analyst Estimates""}","[]","VECTOR","TOP700","0"
"0","{""id"":""analyst"",""name"":""Analyst""}","0","{""id"":""analyst_consensus"",""name"":""Standardized Analyst Consensus Forecasts""}","1","2026-07-01","1","Median analyst EPSREP estimate adjusted for currency/splits/regime","median_estimate_fxadj_fullyreported_quarterly16_tribes","2","GBR","{""id"":""analyst-analyst-estimates"",""name"":""Analyst Estimates""}","[]","VECTOR","TOP700","0"
"0","{""id"":""analyst"",""name"":""Analyst""}","0","{""id"":""analyst_consensus"",""name"":""Standardized Analyst Consensus Forecasts""}","1","2026-07-01","1","Currency-adjusted median estimate for goodwill","median_estimate_fxadj_goodwill_annual12","2","GBR","{""id"":""analyst-analyst-estimates"",""name"":""Analyst Estimates""}","[]","VECTOR","TOP700","0"
"0","{""id"":""analyst"",""name"":""Analyst""}","0","{""id"":""analyst_consensus"",""name"":""Standardized Analyst Consensus Forecasts""}","1","2026-07-01","1","Currency/split-adjusted current median consensus estimate for the GPS measure","median_estimate_fxadj_gps","2","GBR","{""id"":""analyst-analyst-estimates"",""name"":""Analyst Estimates""}","[]","VECTOR","TOP700","0"
"0","{""id"":""analyst"",""name"":""Analyst""}","0","{""id"":""analyst_consensus"",""name"":""Standardized Analyst Consensus Forecasts""}","1","2026-07-01","1","Median of analyst estimates for annual Gross Income, adjusted for currency/splits/regime effects","median_estimate_fxadj_gross_income","2","GBR","{""id"":""analyst-analyst-estimates"",""name"":""Analyst Estimates""}","[]","VECTOR","TOP700","0"
"0","{""id"":""analyst"",""name"":""Analyst""}","0","{""id"":""analyst_consensus"",""name"":""Standardized Analyst Consensus Forecasts""}","1","2026-07-01","1","Consensus median forecast for annual Interest Expense adjusted for currency/splits/regime effects","median_estimate_fxadj_interest_expense_annual12","2","GBR","{""id"":""analyst-analyst-estimates"",""name"":""Analyst Estimates""}","[]","VECTOR","TOP700","0"
"0","{""id"":""analyst"",""name"":""Analyst""}","0","{""id"":""analyst_consensus"",""name"":""Standardized Analyst Consensus Forecasts""}","1","2026-07-01","1","Currency and split adjusted median analyst estimate for INVENTORY","median_estimate_fxadj_inventory_annual12","2","GBR","{""id"":""analyst-analyst-estimates"",""name"":""Analyst Estimates""}","[]","VECTOR","TOP700","0"
"0","{""id"":""analyst"",""name"":""Analyst""}","0","{""id"":""analyst_consensus"",""name"":""Standardized Analyst Consensus Forecasts""}","0.8193","2026-07-01","1","Consensus median estimate adjusted for currency/splits/regime","median_estimate_fxadj_marketable_securities_annual12","2","GBR","{""id"":""analyst-analyst-estimates"",""name"":""Analyst Estimates""}","[]","VECTOR","TOP700","0"
"0","{""id"":""analyst"",""name"":""Analyst""}","0","{""id"":""analyst_consensus"",""name"":""Standardized Analyst Consensus Forecasts""}","1","2026-07-01","1","Currency and split-adjusted median estimate for annual NAV","median_estimate_fxadj_nav_annual12","2","GBR","{""id"":""analyst-analyst-estimates"",""name"":""Analyst Estimates""}","[]","VECTOR","TOP700","0"
"0","{""id"":""analyst"",""name"":""Analyst""}","0","{""id"":""analyst_consensus"",""name"":""Standardized Analyst Consensus Forecasts""}","1","2026-07-01","1","Currency/split-adjusted median NAV consensus","median_estimate_fxadj_nav_annual12_tribes","2","GBR","{""id"":""analyst-analyst-estimates"",""name"":""Analyst Estimates""}","[]","VECTOR","TOP700","0"
"0","{""id"":""analyst"",""name"":""Analyst""}","0","{""id"":""analyst_consensus"",""name"":""Standardized Analyst Consensus Forecasts""}","1","2026-07-01","1","Adjusted current median analyst consensus estimate for annual Net Income","median_estimate_fxadj_net2","2","GBR","{""id"":""analyst-analyst-estimates"",""name"":""Analyst Estimates""}","[]","VECTOR","TOP700","0"
"0","{""id"":""analyst"",""name"":""Analyst""}","0","{""id"":""analyst_consensus"",""name"":""Standardized Analyst Consensus Forecasts""}","1","2026-07-01","1","Currency/split/regime-adjusted median (consensus) estimate for annual Net Debt","median_estimate_fxadj_netdebt_annual12_tribes_2","2","GBR","{""id"":""analyst-analyst-estimates"",""name"":""Analyst Estimates""}","[]","VECTOR","TOP700","0"
"0","{""id"":""analyst"",""name"":""Analyst""}","0","{""id"":""analyst_consensus"",""name"":""Standardized Analyst Consensus Forecasts""}","1","2026-07-01","1","Currency/regime-adjusted median consensus estimate for annual Net Profit (Reported)","median_estimate_fxadj_netprofitreported_annual12","2","GBR","{""id"":""analyst-analyst-estimates"",""name"":""Analyst Estimates""}","[]","VECTOR","TOP700","0"
"0","{""id"":""analyst"",""name"":""Analyst""}","0","{""id"":""analyst_consensus"",""name"":""Standardized Analyst Consensus Forecasts""}","1","2026-07-01","1","Currency-adjusted median consensus estimate for annual Net Profit","median_estimate_fxadj_netprofit_annual12","2","GBR","{""id"":""analyst-analyst-estimates"",""name"":""Analyst Estimates""}","[]","VECTOR","TOP700","0"
"0","{""id"":""analyst"",""name"":""Analyst""}","0","{""id"":""analyst_consensus"",""name"":""Standardized Analyst Consensus Forecasts""}","1","2026-07-01","1","Median estimate adjusted for currency, splits, and regime effects","median_estimate_fxadj_netprofit_quarterly16","2","GBR","{""id"":""analyst-analyst-estimates"",""name"":""Analyst Estimates""}","[]","VECTOR","TOP700","0"
"0","{""id"":""analyst"",""name"":""Analyst""}","0","{""id"":""analyst_consensus"",""name"":""Standardized Analyst Consensus Forecasts""}","1","2026-07-01","1","Currency/split-adjusted median analyst estimate of reported net profit","median_estimate_fxadj_netprofit_reported_quarterly16","2","GBR","{""id"":""analyst-analyst-estimates"",""name"":""Analyst Estimates""}","[]","VECTOR","TOP700","0"
"0","{""id"":""analyst"",""name"":""Analyst""}","0","{""id"":""analyst_consensus"",""name"":""Standardized Analyst Consensus Forecasts""}","1","2026-07-01","1","Currency-adjusted median analyst consensus estimate for annual operating expenses","median_estimate_fxadj_operatingexpense_annual12","2","GBR","{""id"":""analyst-analyst-estimates"",""name"":""Analyst Estimates""}","[]","VECTOR","TOP700","0"
"0","{""id"":""analyst"",""name"":""Analyst""}","0","{""id"":""analyst_consensus"",""name"":""Standardized Analyst Consensus Forecasts""}","1","2026-07-01","1","Regime-adjusted median consensus estimate for the PRE measure (adjusted for currency, splits, and regime effects)","median_estimate_fxadj_pretax_annual12","2","GBR","{""id"":""analyst-analyst-estimates"",""name"":""Analyst Estimates""}","[]","VECTOR","TOP700","0"
"0","{""id"":""analyst"",""name"":""Analyst""}","0","{""id"":""analyst_consensus"",""name"":""Standardized Analyst Consensus Forecasts""}","1","2026-07-01","1","Currency and split adjusted median of analyst estimates for annual pre-tax profit","median_estimate_fxadj_pretax_annual12_2","2","GBR","{""id"":""analyst-analyst-estimates"",""name"":""Analyst Estimates""}","[]","VECTOR","TOP700","0"
"0","{""id"":""analyst"",""name"":""Analyst""}","0","{""id"":""analyst_consensus"",""name"":""Standardized Analyst Consensus Forecasts""}","1","2026-07-01","1","Currency-adjusted median analyst estimate for quarterly pre-tax profit","median_estimate_fxadj_pretax_quarterly16_tribes","2","GBR","{""id"":""analyst-analyst-estimates"",""name"":""Analyst Estimates""}","[]","VECTOR","TOP700","0"
"0","{""id"":""analyst"",""name"":""Analyst""}","0","{""id"":""analyst_consensus"",""name"":""Standardized Analyst Consensus Forecasts""}","1","2026-07-01","1","Currency/split-adjusted median of the current consensus estimates for the PRR measure","median_estimate_fxadj_pretax_reported_annual12","2","GBR","{""id"":""analyst-analyst-estimates"",""name"":""Analyst Estimates""}","[]","VECTOR","TOP700","0"
"0","{""id"":""analyst"",""name"":""Analyst""}","0","{""id"":""analyst_consensus"",""name"":""Standardized Analyst Consensus Forecasts""}","1","2026-07-01","1","Median consensus estimate adjusted for currency/splits/regime","median_estimate_fxadj_pretax_reported_annual12_tribes","2","GBR","{""id"":""analyst-analyst-estimates"",""name"":""Analyst Estimates""}","[]","VECTOR","TOP700","0"
"0","{""id"":""analyst"",""name"":""Analyst""}","0","{""id"":""analyst_consensus"",""name"":""Standardized Analyst Consensus Forecasts""}","1","2026-07-01","1","Currency-adjusted median analyst estimate for the PPROFITREP metric","median_estimate_fxadj_pretax_reported_quarterly16","2","GBR","{""id"":""analyst-analyst-estimates"",""name"":""Analyst Estimates""}","[]","VECTOR","TOP700","0"
"0","{""id"":""analyst"",""name"":""Analyst""}","0","{""id"":""analyst_consensus"",""name"":""Standardized Analyst Consensus Forecasts""}","1","2026-07-01","1","Regime-adjusted median current consensus NER estimate","median_estimate_fxadj_reportednet_annual12_2","2","GBR","{""id"":""analyst-analyst-estimates"",""name"":""Analyst Estimates""}","[]","VECTOR","TOP700","0"
"0","{""id"":""analyst"",""name"":""Analyst""}","0","{""id"":""analyst_consensus"",""name"":""Standardized Analyst Consensus Forecasts""}","1","2026-07-01","1","Adjusted current median sales consensus estimate","median_estimate_fxadj_revenue_annual12","2","GBR","{""id"":""analyst-analyst-estimates"",""name"":""Analyst Estimates""}","[]","VECTOR","TOP700","0"
"0","{""id"":""analyst"",""name"":""Analyst""}","0","{""id"":""analyst_consensus"",""name"":""Standardized Analyst Consensus Forecasts""}","1","2026-07-01","1","Currency/split/regime-adjusted median of analyst annual revenue estimates","median_estimate_fxadj_revenue_annual12_tribes","2","GBR","{""id"":""analyst-analyst-estimates"",""name"":""Analyst Estimates""}","[]","VECTOR","TOP700","0"
"0","{""id"":""analyst"",""name"":""Analyst""}","0","{""id"":""analyst_consensus"",""name"":""Standardized Analyst Consensus Forecasts""}","1","2026-07-01","1","Currency-adjusted median of analysts’ quarterly revenue estimates","median_estimate_fxadj_revenue_quarterly16","2","GBR","{""id"":""analyst-analyst-estimates"",""name"":""Analyst Estimates""}","[]","VECTOR","TOP700","0"
"0","{""id"":""analyst"",""name"":""Analyst""}","0","{""id"":""analyst_consensus"",""name"":""Standardized Analyst Consensus Forecasts""}","1","2026-07-01","1","Currency-adjusted median (consensus) analyst estimate for the SEquity measure","median_estimate_fxadj_tangbookvalue_annual12_tribes","2","GBR","{""id"":""analyst-analyst-estimates"",""name"":""Analyst Estimates""}","[]","VECTOR","TOP700","0"
"0","{""id"":""analyst"",""name"":""Analyst""}","0","{""id"":""analyst_consensus"",""name"":""Standardized Analyst Consensus Forecasts""}","1","2026-07-01","1","Median analyst target price estimate after currency and split adjustment","median_estimate_fxadj_targetprice_annual12_tribes","2","GBR","{""id"":""analyst-analyst-estimates"",""name"":""Analyst Estimates""}","[]","MATRIX","TOP700","0"
"0","{""id"":""analyst"",""name"":""Analyst""}","0","{""id"":""analyst_consensus"",""name"":""Standardized Analyst Consensus Forecasts""}","1","2026-07-01","1","Consensus median analyst estimate for Tax Provision adjusted for currency/splits","median_estimate_fxadj_taxprovision_annual12_tribes","2","GBR","{""id"":""analyst-analyst-estimates"",""name"":""Analyst Estimates""}","[]","VECTOR","TOP700","0"
"0","{""id"":""analyst"",""name"":""Analyst""}","0","{""id"":""analyst_consensus"",""name"":""Standardized Analyst Consensus Forecasts""}","1","2026-07-01","1","Regime/currency-adjusted median of analyst TAXRATE estimates","median_estimate_fxadj_taxrate_annual12","2","GBR","{""id"":""analyst-analyst-estimates"",""name"":""Analyst Estimates""}","[]","VECTOR","TOP700","0"
"0","{""id"":""analyst"",""name"":""Analyst""}","0","{""id"":""analyst_consensus"",""name"":""Standardized Analyst Consensus Forecasts""}","1","2026-07-01","1","Currency/split/regime-adjusted median analyst estimate","median_estimate_fxadj_tax_provision_quarterly16","2","GBR","{""id"":""analyst-analyst-estimates"",""name"":""Analyst Estimates""}","[]","VECTOR","TOP700","0"
"0","{""id"":""analyst"",""name"":""Analyst""}","0","{""id"":""analyst_consensus"",""name"":""Standardized Analyst Consensus Forecasts""}","0.1982","2026-07-01","1","Currency/split/regime-adjusted consensus median estimate for annual total liabilities","median_estimate_fxadj_totalliab_annual12_tribes","2","GBR","{""id"":""analyst-analyst-estimates"",""name"":""Analyst Estimates""}","[]","VECTOR","TOP700","0"
"0","{""id"":""analyst"",""name"":""Analyst""}","0","{""id"":""analyst_consensus"",""name"":""Standardized Analyst Consensus Forecasts""}","1","2026-07-01","1","Regime- and currency-adjusted median analyst estimate for Total Assets","median_estimate_fxadj_total_assets_annual12","2","GBR","{""id"":""analyst-analyst-estimates"",""name"":""Analyst Estimates""}","[]","VECTOR","TOP700","0"
"0","{""id"":""analyst"",""name"":""Analyst""}","0","{""id"":""analyst_consensus"",""name"":""Standardized Analyst Consensus Forecasts""}","1","2026-07-01","1","Median of analyst estimates for goodwill","median_estimate_goodwill_annual12","2","GBR","{""id"":""analyst-analyst-estimates"",""name"":""Analyst Estimates""}","[]","VECTOR","TOP700","0"
"0","{""id"":""analyst"",""name"":""Analyst""}","0","{""id"":""analyst_consensus"",""name"":""Standardized Analyst Consensus Forecasts""}","1","2026-07-01","1","Current median consensus estimate for the annual GPS measure","median_estimate_gps2","2","GBR","{""id"":""analyst-analyst-estimates"",""name"":""Analyst Estimates""}","[]","VECTOR","TOP700","0"
"0","{""id"":""analyst"",""name"":""Analyst""}","0","{""id"":""analyst_consensus"",""name"":""Standardized Analyst Consensus Forecasts""}","1","2026-07-01","1","Consensus median of analysts’ Gross Profit Margin estimates for the period","median_estimate_grossmargin_annual12_tribes","2","GBR","{""id"":""analyst-analyst-estimates"",""name"":""Analyst Estimates""}","[]","VECTOR","TOP700","0"
"0","{""id"":""analyst"",""name"":""Analyst""}","0","{""id"":""analyst_consensus"",""name"":""Standardized Analyst Consensus Forecasts""}","1","2026-07-01","1","Median consensus analyst estimate for annual Interest Expense","median_estimate_interest_expense_annual12","2","GBR","{""id"":""analyst-analyst-estimates"",""name"":""Analyst Estimates""}","[]","VECTOR","TOP700","0"
"0","{""id"":""analyst"",""name"":""Analyst""}","0","{""id"":""analyst_consensus"",""name"":""Standardized Analyst Consensus Forecasts""}","1","2026-07-01","1","Consensus median of analyst forecasts for annual inventory","median_estimate_inventory_annual12","2","GBR","{""id"":""analyst-analyst-estimates"",""name"":""Analyst Estimates""}","[]","VECTOR","TOP700","0"
"0","{""id"":""analyst"",""name"":""Analyst""}","0","{""id"":""analyst_consensus"",""name"":""Standardized Analyst Consensus Forecasts""}","0.8193","2026-07-01","1","Median (50th percentile) of analyst estimates for the MKTBLSEC annual measure","median_estimate_marketable_securities_annual12","2","GBR","{""id"":""analyst-analyst-estimates"",""name"":""Analyst Estimates""}","[]","VECTOR","TOP700","0"
"0","{""id"":""analyst"",""name"":""Analyst""}","0","{""id"":""analyst_consensus"",""name"":""Standardized Analyst Consensus Forecasts""}","1","2026-07-01","1","Current median consensus annual NAV estimate","median_estimate_nav_annual12","2","GBR","{""id"":""analyst-analyst-estimates"",""name"":""Analyst Estimates""}","[]","VECTOR","TOP700","0"
"0","{""id"":""analyst"",""name"":""Analyst""}","0","{""id"":""analyst_consensus"",""name"":""Standardized Analyst Consensus Forecasts""}","1","2026-07-01","1","Median (consensus) of analyst estimates for NAV","median_estimate_nav_annual12_tribes","2","GBR","{""id"":""analyst-analyst-estimates"",""name"":""Analyst Estimates""}","[]","VECTOR","TOP700","0"
"0","{""id"":""analyst"",""name"":""Analyst""}","0","{""id"":""analyst_consensus"",""name"":""Standardized Analyst Consensus Forecasts""}","1","2026-07-01","1","Current consensus median estimate for annual Net Income","median_estimate_net2","2","GBR","{""id"":""analyst-analyst-estimates"",""name"":""Analyst Estimates""}","[]","VECTOR","TOP700","0"
"0","{""id"":""analyst"",""name"":""Analyst""}","0","{""id"":""analyst_consensus"",""name"":""Standardized Analyst Consensus Forecasts""}","1","2026-07-01","1","Median analyst estimate for annual Net Debt","median_estimate_netdebt_annual12_2","2","GBR","{""id"":""analyst-analyst-estimates"",""name"":""Analyst Estimates""}","[]","VECTOR","TOP700","0"
"0","{""id"":""analyst"",""name"":""Analyst""}","0","{""id"":""analyst_consensus"",""name"":""Standardized Analyst Consensus Forecasts""}","1","2026-07-01","1","Median of analyst estimates for Net Profit Reported","median_estimate_netprofitreported_annual12_2","2","GBR","{""id"":""analyst-analyst-estimates"",""name"":""Analyst Estimates""}","[]","VECTOR","TOP700","0"
"0","{""id"":""analyst"",""name"":""Analyst""}","0","{""id"":""analyst_consensus"",""name"":""Standardized Analyst Consensus Forecasts""}","1","2026-07-01","1","Median consensus estimate for annual Net Profit","median_estimate_netprofit_annual12","2","GBR","{""id"":""analyst-analyst-estimates"",""name"":""Analyst Estimates""}","[]","VECTOR","TOP700","0"
"0","{""id"":""analyst"",""name"":""Analyst""}","0","{""id"":""analyst_consensus"",""name"":""Standardized Analyst Consensus Forecasts""}","1","2026-07-01","1","Consensus median analyst estimate for quarterly net profit","median_estimate_netprofit_quarterly16","2","GBR","{""id"":""analyst-analyst-estimates"",""name"":""Analyst Estimates""}","[]","VECTOR","TOP700","0"
"0","{""id"":""analyst"",""name"":""Analyst""}","0","{""id"":""analyst_consensus"",""name"":""Standardized Analyst Consensus Forecasts""}","1","2026-07-01","1","Median of analyst estimates for quarterly Net Profit (Reported)","median_estimate_netprofit_reported_quarterly16","2","GBR","{""id"":""analyst-analyst-estimates"",""name"":""Analyst Estimates""}","[]","VECTOR","TOP700","0"
"0","{""id"":""analyst"",""name"":""Analyst""}","0","{""id"":""analyst_consensus"",""name"":""Standardized Analyst Consensus Forecasts""}","1","2026-07-01","1","Median analyst consensus estimate for annual operating expenses","median_estimate_operatingexpense_annual12","2","GBR","{""id"":""analyst-analyst-estimates"",""name"":""Analyst Estimates""}","[]","VECTOR","TOP700","0"
"0","{""id"":""analyst"",""name"":""Analyst""}","0","{""id"":""analyst_consensus"",""name"":""Standardized Analyst Consensus Forecasts""}","1","2026-07-01","1","Median of analysts’ annual PPROFIT estimates","median_estimate_pretax_annual12_2","2","GBR","{""id"":""analyst-analyst-estimates"",""name"":""Analyst Estimates""}","[]","VECTOR","TOP700","0"
"0","{""id"":""analyst"",""name"":""Analyst""}","0","{""id"":""analyst_consensus"",""name"":""Standardized Analyst Consensus Forecasts""}","1","2026-07-01","1","Median analyst consensus estimate for the PPROFIT quarterly metric","median_estimate_pretax_quarterly16_tribes","2","GBR","{""id"":""analyst-analyst-estimates"",""name"":""Analyst Estimates""}","[]","VECTOR","TOP700","0"
"0","{""id"":""analyst"",""name"":""Analyst""}","0","{""id"":""analyst_consensus"",""name"":""Standardized Analyst Consensus Forecasts""}","1","2026-07-01","1","Current median of PRR consensus estimates","median_estimate_pretax_reported_annual12","2","GBR","{""id"":""analyst-analyst-estimates"",""name"":""Analyst Estimates""}","[]","VECTOR","TOP700","0"
"0","{""id"":""analyst"",""name"":""Analyst""}","0","{""id"":""analyst_consensus"",""name"":""Standardized Analyst Consensus Forecasts""}","1","2026-07-01","1","Median of analyst estimates (consensus) for pre-tax profit","median_estimate_pretax_reported_annual12_tribes","2","GBR","{""id"":""analyst-analyst-estimates"",""name"":""Analyst Estimates""}","[]","VECTOR","TOP700","0"
"0","{""id"":""analyst"",""name"":""Analyst""}","0","{""id"":""analyst_consensus"",""name"":""Standardized Analyst Consensus Forecasts""}","1","2026-07-01","1","Median of analyst estimates for PPROFITREP","median_estimate_pretax_reported_quarterly16","2","GBR","{""id"":""analyst-analyst-estimates"",""name"":""Analyst Estimates""}","[]","VECTOR","TOP700","0"
"0","{""id"":""analyst"",""name"":""Analyst""}","0","{""id"":""analyst_consensus"",""name"":""Standardized Analyst Consensus Forecasts""}","1","2026-07-01","1","Current median of NER consensus estimates","median_estimate_reportednet_annual12_2","2","GBR","{""id"":""analyst-analyst-estimates"",""name"":""Analyst Estimates""}","[]","VECTOR","TOP700","0"
"0","{""id"":""analyst"",""name"":""Analyst""}","0","{""id"":""analyst_consensus"",""name"":""Standardized Analyst Consensus Forecasts""}","1","2026-07-01","1","Median of analyst ROC estimates (consensus median)","median_estimate_return_on_capital_annual12","2","GBR","{""id"":""analyst-analyst-estimates"",""name"":""Analyst Estimates""}","[]","VECTOR","TOP700","0"
"0","{""id"":""analyst"",""name"":""Analyst""}","0","{""id"":""analyst_consensus"",""name"":""Standardized Analyst Consensus Forecasts""}","1","2026-07-01","1","Median of analyst annual revenue estimates for the specified period/window","median_estimate_revenue_annual12_tribes","2","GBR","{""id"":""analyst-analyst-estimates"",""name"":""Analyst Estimates""}","[]","VECTOR","TOP700","0"
"0","{""id"":""analyst"",""name"":""Analyst""}","0","{""id"":""analyst_consensus"",""name"":""Standardized Analyst Consensus Forecasts""}","1","2026-07-01","1","Median consensus estimate for quarterly revenue","median_estimate_revenue_quarterly16","2","GBR","{""id"":""analyst-analyst-estimates"",""name"":""Analyst Estimates""}","[]","VECTOR","TOP700","0"
"0","{""id"":""analyst"",""name"":""Analyst""}","0","{""id"":""analyst_consensus"",""name"":""Standardized Analyst Consensus Forecasts""}","1","2026-07-01","1","Consensus median analyst estimate for annual ROA","median_estimate_roe_annual12_tribes","2","GBR","{""id"":""analyst-analyst-estimates"",""name"":""Analyst Estimates""}","[]","VECTOR","TOP700","0"
"0","{""id"":""analyst"",""name"":""Analyst""}","0","{""id"":""analyst_consensus"",""name"":""Standardized Analyst Consensus Forecasts""}","1","2026-07-01","1","Consensus median analyst forecast for annual ROE","median_estimate_roe_annual12_tribes_2","2","GBR","{""id"":""analyst-analyst-estimates"",""name"":""Analyst Estimates""}","[]","VECTOR","TOP700","0"
"0","{""id"":""analyst"",""name"":""Analyst""}","0","{""id"":""analyst_consensus"",""name"":""Standardized Analyst Consensus Forecasts""}","1","2026-07-01","1","Median of analysts’ forecasts for the annual number of shares outstanding","median_estimate_sharesoutstanding_annual12","2","GBR","{""id"":""analyst-analyst-estimates"",""name"":""Analyst Estimates""}","[]","VECTOR","TOP700","0"
"0","{""id"":""analyst"",""name"":""Analyst""}","0","{""id"":""analyst_consensus"",""name"":""Standardized Analyst Consensus Forecasts""}","1","2026-07-01","1","Surprise based on the median estimate for annual Depreciation & Amortization (Actual − MedianEst), regime-aware","median_estimate_surprise_depreciation_amortization","2","GBR","{""id"":""analyst-analyst-estimates"",""name"":""Analyst Estimates""}","[]","VECTOR","TOP700","0"
"0","{""id"":""analyst"",""name"":""Analyst""}","0","{""id"":""analyst_consensus"",""name"":""Standardized Analyst Consensus Forecasts""}","1","2026-07-01","1","Currency-adjusted surprise based on the median estimate for annual Depreciation & Amortization (Actual − MedianEst), regime-aware","median_estimate_surprise_fxadj_depreciation_amortization","2","GBR","{""id"":""analyst-analyst-estimates"",""name"":""Analyst Estimates""}","[]","VECTOR","TOP700","0"
"0","{""id"":""analyst"",""name"":""Analyst""}","0","{""id"":""analyst_consensus"",""name"":""Standardized Analyst Consensus Forecasts""}","1","2026-07-01","1","Surprise metric: actual minus median analyst estimate for Gross Income","median_estimate_surprise_gross_income","2","GBR","{""id"":""analyst-analyst-estimates"",""name"":""Analyst Estimates""}","[]","VECTOR","TOP700","0"
"0","{""id"":""analyst"",""name"":""Analyst""}","0","{""id"":""analyst_consensus"",""name"":""Standardized Analyst Consensus Forecasts""}","1","2026-07-01","1","Median of analyst estimates (consensus) for the SEQUITY measure","median_estimate_tangbookvalue_annual12_tribes","2","GBR","{""id"":""analyst-analyst-estimates"",""name"":""Analyst Estimates""}","[]","VECTOR","TOP700","0"
"0","{""id"":""analyst"",""name"":""Analyst""}","0","{""id"":""analyst_consensus"",""name"":""Standardized Analyst Consensus Forecasts""}","1","2026-07-01","1","Median of analyst target price estimates","median_estimate_targetprice_annual12_tribes","2","GBR","{""id"":""analyst-analyst-estimates"",""name"":""Analyst Estimates""}","[]","MATRIX","TOP700","0"
"0","{""id"":""analyst"",""name"":""Analyst""}","0","{""id"":""analyst_consensus"",""name"":""Standardized Analyst Consensus Forecasts""}","1","2026-07-01","1","Median (consensus) analyst estimate for TAXPROV","median_estimate_taxprovision_annual12_tribes","2","GBR","{""id"":""analyst-analyst-estimates"",""name"":""Analyst Estimates""}","[]","VECTOR","TOP700","0"
"0","{""id"":""analyst"",""name"":""Analyst""}","0","{""id"":""analyst_consensus"",""name"":""Standardized Analyst Consensus Forecasts""}","1","2026-07-01","1","Median analyst estimate for TAXRATE","median_estimate_taxrate_annual12","2","GBR","{""id"":""analyst-analyst-estimates"",""name"":""Analyst Estimates""}","[]","VECTOR","TOP700","0"
"0","{""id"":""analyst"",""name"":""Analyst""}","0","{""id"":""analyst_consensus"",""name"":""Standardized Analyst Consensus Forecasts""}","1","2026-07-01","1","Median of analyst consensus estimates for quarterly tax provision (income tax expense) for each period, unadjusted","median_estimate_tax_provision_quarterly16","2","GBR","{""id"":""analyst-analyst-estimates"",""name"":""Analyst Estimates""}","[]","VECTOR","TOP700","0"
"0","{""id"":""analyst"",""name"":""Analyst""}","0","{""id"":""analyst_consensus"",""name"":""Standardized Analyst Consensus Forecasts""}","1","2026-07-01","1","Median annual DPS consensus 3 months ago (historical snapshot)","median_estimate_three_months_prior_dividend_annual12","2","GBR","{""id"":""analyst-analyst-estimates"",""name"":""Analyst Estimates""}","[]","VECTOR","TOP700","0"
"0","{""id"":""analyst"",""name"":""Analyst""}","0","{""id"":""analyst_consensus"",""name"":""Standardized Analyst Consensus Forecasts""}","1","2026-07-01","1","Median consensus estimate for EBI as of three months ago","median_estimate_three_months_prior_ebit_annual12_2","2","GBR","{""id"":""analyst-analyst-estimates"",""name"":""Analyst Estimates""}","[]","VECTOR","TOP700","0"
"0","{""id"":""analyst"",""name"":""Analyst""}","0","{""id"":""analyst_consensus"",""name"":""Standardized Analyst Consensus Forecasts""}","1","2026-07-01","1","Median analyst consensus for Earnings Before Taxes (EBT) as of three months ago (historical snapshot)","median_estimate_three_months_prior_ebt_annual12","2","GBR","{""id"":""analyst-analyst-estimates"",""name"":""Analyst Estimates""}","[]","VECTOR","TOP700","0"
"0","{""id"":""analyst"",""name"":""Analyst""}","0","{""id"":""analyst_consensus"",""name"":""Standardized Analyst Consensus Forecasts""}","1","2026-07-01","1","Currency/split-adjusted median consensus annual DPS estimate three months ago (vendor snapshot)","median_estimate_three_months_prior_fxadj_dividend_annual12","2","GBR","{""id"":""analyst-analyst-estimates"",""name"":""Analyst Estimates""}","[]","VECTOR","TOP700","0"
"0","{""id"":""analyst"",""name"":""Analyst""}","0","{""id"":""analyst_consensus"",""name"":""Standardized Analyst Consensus Forecasts""}","1","2026-07-01","1","Median analyst estimate for annual EBI as of three months ago, adjusted for currency, splits, and regime effects","median_estimate_three_months_prior_fxadj_ebit_annual12_2","2","GBR","{""id"":""analyst-analyst-estimates"",""name"":""Analyst Estimates""}","[]","VECTOR","TOP700","0"
"0","{""id"":""analyst"",""name"":""Analyst""}","0","{""id"":""analyst_consensus"",""name"":""Standardized Analyst Consensus Forecasts""}","1","2026-07-01","1","Regime-adjusted median EBT consensus estimate three months ago","median_estimate_three_months_prior_fxadj_ebt_annual12","2","GBR","{""id"":""analyst-analyst-estimates"",""name"":""Analyst Estimates""}","[]","VECTOR","TOP700","0"
"0","{""id"":""analyst"",""name"":""Analyst""}","0","{""id"":""analyst_consensus"",""name"":""Standardized Analyst Consensus Forecasts""}","1","2026-07-01","1","Adjusted median consensus estimate from the vendor snapshot three months ago","median_estimate_three_months_prior_fxadj_gps","2","GBR","{""id"":""analyst-analyst-estimates"",""name"":""Analyst Estimates""}","[]","VECTOR","TOP700","0"
"0","{""id"":""analyst"",""name"":""Analyst""}","0","{""id"":""analyst_consensus"",""name"":""Standardized Analyst Consensus Forecasts""}","1","2026-07-01","1","Median annual NAV estimate from three months ago, adjusted for currency/splits/regime","median_estimate_three_months_prior_fxadj_nav_annual12","2","GBR","{""id"":""analyst-analyst-estimates"",""name"":""Analyst Estimates""}","[]","VECTOR","TOP700","0"
"0","{""id"":""analyst"",""name"":""Analyst""}","0","{""id"":""analyst_consensus"",""name"":""Standardized Analyst Consensus Forecasts""}","1","2026-07-01","1","Currency/split-adjusted median NET consensus value from three months ago","median_estimate_three_months_prior_fxadj_net2","2","GBR","{""id"":""analyst-analyst-estimates"",""name"":""Analyst Estimates""}","[]","VECTOR","TOP700","0"
"0","{""id"":""analyst"",""name"":""Analyst""}","0","{""id"":""analyst_consensus"",""name"":""Standardized Analyst Consensus Forecasts""}","1","2026-07-01","1","Regime-adjusted median PRE consensus estimate from three months ago","median_estimate_three_months_prior_fxadj_pretax_annual12","2","GBR","{""id"":""analyst-analyst-estimates"",""name"":""Analyst Estimates""}","[]","VECTOR","TOP700","0"
"0","{""id"":""analyst"",""name"":""Analyst""}","0","{""id"":""analyst_consensus"",""name"":""Standardized Analyst Consensus Forecasts""}","1","2026-07-01","1","Regime-adjusted median PRR consensus from three months ago","median_estimate_three_months_prior_fxadj_pretax_reported_annual12_2","2","GBR","{""id"":""analyst-analyst-estimates"",""name"":""Analyst Estimates""}","[]","VECTOR","TOP700","0"
"0","{""id"":""analyst"",""name"":""Analyst""}","0","{""id"":""analyst_consensus"",""name"":""Standardized Analyst Consensus Forecasts""}","1","2026-07-01","1","Median analyst forecast for annual reported net income three months ago, adjusted for currency and splits.","median_estimate_three_months_prior_fxadj_reportednet_annual12_2","2","GBR","{""id"":""analyst-analyst-estimates"",""name"":""Analyst Estimates""}","[]","VECTOR","TOP700","0"
"0","{""id"":""analyst"",""name"":""Analyst""}","0","{""id"":""analyst_consensus"",""name"":""Standardized Analyst Consensus Forecasts""}","1","2026-07-01","1","Regime-adjusted median annual sales consensus estimate from three months ago","median_estimate_three_months_prior_fxadj_revenue_annual12","2","GBR","{""id"":""analyst-analyst-estimates"",""name"":""Analyst Estimates""}","[]","VECTOR","TOP700","0"
"0","{""id"":""analyst"",""name"":""Analyst""}","0","{""id"":""analyst_consensus"",""name"":""Standardized Analyst Consensus Forecasts""}","1","2026-07-01","1","Median consensus estimate for the GPS metric as of three months prior","median_estimate_three_months_prior_gps","2","GBR","{""id"":""analyst-analyst-estimates"",""name"":""Analyst Estimates""}","[]","VECTOR","TOP700","0"
"0","{""id"":""analyst"",""name"":""Analyst""}","0","{""id"":""analyst_consensus"",""name"":""Standardized Analyst Consensus Forecasts""}","1","2026-07-01","1","Median NAV consensus estimate three months ago","median_estimate_three_months_prior_nav_annual12","2","GBR","{""id"":""analyst-analyst-estimates"",""name"":""Analyst Estimates""}","[]","VECTOR","TOP700","0"
"0","{""id"":""analyst"",""name"":""Analyst""}","0","{""id"":""analyst_consensus"",""name"":""Standardized Analyst Consensus Forecasts""}","1","2026-07-01","1","Vendor snapshot of the median consensus estimate 3 months ago for annual Net Income","median_estimate_three_months_prior_net2","2","GBR","{""id"":""analyst-analyst-estimates"",""name"":""Analyst Estimates""}","[]","VECTOR","TOP700","0"
"0","{""id"":""analyst"",""name"":""Analyst""}","0","{""id"":""analyst_consensus"",""name"":""Standardized Analyst Consensus Forecasts""}","1","2026-07-01","1","Median analyst consensus estimate for the PRE measure from 3 months ago","median_estimate_three_months_prior_pretax_annual12","2","GBR","{""id"":""analyst-analyst-estimates"",""name"":""Analyst Estimates""}","[]","VECTOR","TOP700","0"
"0","{""id"":""analyst"",""name"":""Analyst""}","0","{""id"":""analyst_consensus"",""name"":""Standardized Analyst Consensus Forecasts""}","1","2026-07-01","1","Median PRR consensus from three months ago","median_estimate_three_months_prior_pretax_reported_annual12_2","2","GBR","{""id"":""analyst-analyst-estimates"",""name"":""Analyst Estimates""}","[]","VECTOR","TOP700","0"
"0","{""id"":""analyst"",""name"":""Analyst""}","0","{""id"":""analyst_consensus"",""name"":""Standardized Analyst Consensus Forecasts""}","1","2026-07-01","1","Median consensus NER estimate three months ago","median_estimate_three_months_prior_reportednet_annual12_2","2","GBR","{""id"":""analyst-analyst-estimates"",""name"":""Analyst Estimates""}","[]","VECTOR","TOP700","0"
"0","{""id"":""analyst"",""name"":""Analyst""}","0","{""id"":""analyst_consensus"",""name"":""Standardized Analyst Consensus Forecasts""}","1","2026-07-01","1","Median Sales estimate at the vendor snapshot three months ago","median_estimate_three_months_prior_revenue_annual12","2","GBR","{""id"":""analyst-analyst-estimates"",""name"":""Analyst Estimates""}","[]","VECTOR","TOP700","0"
"0","{""id"":""analyst"",""name"":""Analyst""}","0","{""id"":""analyst_consensus"",""name"":""Standardized Analyst Consensus Forecasts""}","1","2026-07-01","1","Median annual ROE consensus 3 months prior","median_estimate_three_months_prior_roe_annual12","2","GBR","{""id"":""analyst-analyst-estimates"",""name"":""Analyst Estimates""}","[]","VECTOR","TOP700","0"
"0","{""id"":""analyst"",""name"":""Analyst""}","0","{""id"":""analyst_consensus"",""name"":""Standardized Analyst Consensus Forecasts""}","0.1982","2026-07-01","1","Consensus median of analyst forecasts for annual total liabilities","median_estimate_totalliab_annual12_tribes","2","GBR","{""id"":""analyst-analyst-estimates"",""name"":""Analyst Estimates""}","[]","VECTOR","TOP700","0"
"0","{""id"":""analyst"",""name"":""Analyst""}","0","{""id"":""analyst_consensus"",""name"":""Standardized Analyst Consensus Forecasts""}","1","2026-07-01","1","Median of analyst estimates for the TA metric","median_estimate_total_assets_annual12","2","GBR","{""id"":""analyst-analyst-estimates"",""name"":""Analyst Estimates""}","[]","VECTOR","TOP700","0"
"0","{""id"":""analyst"",""name"":""Analyst""}","0","{""id"":""analyst_consensus"",""name"":""Standardized Analyst Consensus Forecasts""}","1","2026-07-01","1","Consensus median estimate for annual COGS combined with subsequent actuals (Forecast + Actual overlay)","median_forecast_actual_cogs_annual12_tribes","2","GBR","{""id"":""analyst-analyst-estimates"",""name"":""Analyst Estimates""}","[]","VECTOR","TOP700","0"
"0","{""id"":""analyst"",""name"":""Analyst""}","0","{""id"":""analyst_consensus"",""name"":""Standardized Analyst Consensus Forecasts""}","1","2026-07-01","1","Forecast-plus-Actual overlay of the median BVPS value","median_forecast_actual_combined_bvps_annual12_2","2","GBR","{""id"":""analyst-analyst-estimates"",""name"":""Analyst Estimates""}","[]","VECTOR","TOP700","0"
"0","{""id"":""analyst"",""name"":""Analyst""}","0","{""id"":""analyst_consensus"",""name"":""Standardized Analyst Consensus Forecasts""}","1","2026-07-01","1","FA overlay: median CAPEX estimate combined with actuals","median_forecast_actual_combined_capex_annual12_2","2","GBR","{""id"":""analyst-analyst-estimates"",""name"":""Analyst Estimates""}","[]","VECTOR","TOP700","0"
"0","{""id"":""analyst"",""name"":""Analyst""}","0","{""id"":""analyst_consensus"",""name"":""Standardized Analyst Consensus Forecasts""}","1","2026-07-01","1","Regime-aware overlay combining median forecast with subsequent actuals for CFFINANCE","median_forecast_actual_combined_cashflowfinancing_annual12","2","GBR","{""id"":""analyst-analyst-estimates"",""name"":""Analyst Estimates""}","[]","VECTOR","TOP700","0"
"0","{""id"":""analyst"",""name"":""Analyst""}","0","{""id"":""analyst_consensus"",""name"":""Standardized Analyst Consensus Forecasts""}","1","2026-07-01","1","Vendor-provided forecast-plus-actual composite series: the median consensus estimate for annual Cash Flow from Investing (CFINVEST) aligned with subsequent actuals in a regime-aware FA overlay","median_forecast_actual_combined_cfinvest_annual12_tribes","2","GBR","{""id"":""analyst-analyst-estimates"",""name"":""Analyst Estimates""}","[]","VECTOR","TOP700","0"
"0","{""id"":""analyst"",""name"":""Analyst""}","0","{""id"":""analyst_consensus"",""name"":""Standardized Analyst Consensus Forecasts""}","1","2026-07-01","1","Median analyst estimate combined with subsequent actuals for operating cash flow","median_forecast_actual_combined_cfo_annual12","2","GBR","{""id"":""analyst-analyst-estimates"",""name"":""Analyst Estimates""}","[]","VECTOR","TOP700","0"
"0","{""id"":""analyst"",""name"":""Analyst""}","0","{""id"":""analyst_consensus"",""name"":""Standardized Analyst Consensus Forecasts""}","1","2026-07-01","1","Forecast-plus-actual median CFPS value","median_forecast_actual_combined_cfps_annual12_2","2","GBR","{""id"":""analyst-analyst-estimates"",""name"":""Analyst Estimates""}","[]","VECTOR","TOP700","0"
"0","{""id"":""analyst"",""name"":""Analyst""}","0","{""id"":""analyst_consensus"",""name"":""Standardized Analyst Consensus Forecasts""}","0.7755","2026-07-01","1","Median consensus estimate for annual current assets combined with subsequent actuals (FA overlay)","median_forecast_actual_combined_currentassets_annual12","2","GBR","{""id"":""analyst-analyst-estimates"",""name"":""Analyst Estimates""}","[]","VECTOR","TOP700","0"
"0","{""id"":""analyst"",""name"":""Analyst""}","0","{""id"":""analyst_consensus"",""name"":""Standardized Analyst Consensus Forecasts""}","0.7755","2026-07-01","1","Combined series of median consensus forecast and subsequent actuals for annual current liabilities","median_forecast_actual_combined_currentliabilities_annual12","2","GBR","{""id"":""analyst-analyst-estimates"",""name"":""Analyst Estimates""}","[]","VECTOR","TOP700","0"
"0","{""id"":""analyst"",""name"":""Analyst""}","0","{""id"":""analyst_consensus"",""name"":""Standardized Analyst Consensus Forecasts""}","1","2026-07-01","1","Consensus median estimate combined with subsequent actuals (FA overlay) for annual depreciation","median_forecast_actual_combined_depreciation_annual12","2","GBR","{""id"":""analyst-analyst-estimates"",""name"":""Analyst Estimates""}","[]","VECTOR","TOP700","0"
"0","{""id"":""analyst"",""name"":""Analyst""}","0","{""id"":""analyst_consensus"",""name"":""Standardized Analyst Consensus Forecasts""}","1","2026-07-01","1","Median annual DPS under the forecast-plus-actual (FA) overlay","median_forecast_actual_combined_dividend_annual12","2","GBR","{""id"":""analyst-analyst-estimates"",""name"":""Analyst Estimates""}","[]","VECTOR","TOP700","0"
"0","{""id"":""analyst"",""name"":""Analyst""}","0","{""id"":""analyst_consensus"",""name"":""Standardized Analyst Consensus Forecasts""}","1","2026-07-01","1","Median consensus for annual DPS combined with actuals (Forecast+Actual overlay)","median_forecast_actual_combined_dividend_annual12_2","2","GBR","{""id"":""analyst-analyst-estimates"",""name"":""Analyst Estimates""}","[]","VECTOR","TOP700","0"
"0","{""id"":""analyst"",""name"":""Analyst""}","0","{""id"":""analyst_consensus"",""name"":""Standardized Analyst Consensus Forecasts""}","1","2026-07-01","1","Forecast-plus-Actual median series for DPS","median_forecast_actual_combined_dps_quarterly16","2","GBR","{""id"":""analyst-analyst-estimates"",""name"":""Analyst Estimates""}","[]","VECTOR","TOP700","0"
"0","{""id"":""analyst"",""name"":""Analyst""}","0","{""id"":""analyst_consensus"",""name"":""Standardized Analyst Consensus Forecasts""}","1","2026-07-01","1","Median of analyst forecasts for annual reported EBITDA combined with subsequent actuals in the regime-aware Forecast+Actual overlay","median_forecast_actual_combined_ebitdarep_annual12","2","GBR","{""id"":""analyst-analyst-estimates"",""name"":""Analyst Estimates""}","[]","VECTOR","TOP700","0"
"0","{""id"":""analyst"",""name"":""Analyst""}","0","{""id"":""analyst_consensus"",""name"":""Standardized Analyst Consensus Forecasts""}","1","2026-07-01","1","Median forecast-plus-actual value for annual EBITDA (FA overlay)","median_forecast_actual_combined_ebitda_annual12","2","GBR","{""id"":""analyst-analyst-estimates"",""name"":""Analyst Estimates""}","[]","VECTOR","TOP700","0"
"0","{""id"":""analyst"",""name"":""Analyst""}","0","{""id"":""analyst_consensus"",""name"":""Standardized Analyst Consensus Forecasts""}","1","2026-07-01","1","Forecast+Actual composite: median EBITDA where forecasts are replaced by actuals once reported","median_forecast_actual_combined_ebitda_quarterly16","2","GBR","{""id"":""analyst-analyst-estimates"",""name"":""Analyst Estimates""}","[]","VECTOR","TOP700","0"
"0","{""id"":""analyst"",""name"":""Analyst""}","0","{""id"":""analyst_consensus"",""name"":""Standardized Analyst Consensus Forecasts""}","1","2026-07-01","1","Median analyst EBIT estimate combined with subsequent actuals (forecast plus actual), regime-aware overlay","median_forecast_actual_combined_ebit_annual12","2","GBR","{""id"":""analyst-analyst-estimates"",""name"":""Analyst Estimates""}","[]","VECTOR","TOP700","0"
"0","{""id"":""analyst"",""name"":""Analyst""}","0","{""id"":""analyst_consensus"",""name"":""Standardized Analyst Consensus Forecasts""}","1","2026-07-01","1","Forecast-plus-actual median overlay for EBI","median_forecast_actual_combined_ebit_annual12_2","2","GBR","{""id"":""analyst-analyst-estimates"",""name"":""Analyst Estimates""}","[]","VECTOR","TOP700","0"
"0","{""id"":""analyst"",""name"":""Analyst""}","0","{""id"":""analyst_consensus"",""name"":""Standardized Analyst Consensus Forecasts""}","1","2026-07-01","1","Median EBIT estimate combined with actuals (FA overlay)","median_forecast_actual_combined_ebit_quarterly16","2","GBR","{""id"":""analyst-analyst-estimates"",""name"":""Analyst Estimates""}","[]","VECTOR","TOP700","0"
"0","{""id"":""analyst"",""name"":""Analyst""}","0","{""id"":""analyst_consensus"",""name"":""Standardized Analyst Consensus Forecasts""}","1","2026-07-01","1","Median estimate combined with actuals (Forecast + Actual) for EV","median_forecast_actual_combined_enterprisevalue_annual12","2","GBR","{""id"":""analyst-analyst-estimates"",""name"":""Analyst Estimates""}","[]","VECTOR","TOP700","0"
"0","{""id"":""analyst"",""name"":""Analyst""}","0","{""id"":""analyst_consensus"",""name"":""Standardized Analyst Consensus Forecasts""}","1","2026-07-01","1","Forecast-plus-actual median estimate for EPSREP","median_forecast_actual_combined_epsreported_annual12","2","GBR","{""id"":""analyst-analyst-estimates"",""name"":""Analyst Estimates""}","[]","VECTOR","TOP700","0"
"0","{""id"":""analyst"",""name"":""Analyst""}","0","{""id"":""analyst_consensus"",""name"":""Standardized Analyst Consensus Forecasts""}","1","2026-07-01","1","Forecast-plus-Actual composite: median consensus for forecast periods combined with reported actuals for actual periods","median_forecast_actual_combined_eps_annual12","2","GBR","{""id"":""analyst-analyst-estimates"",""name"":""Analyst Estimates""}","[]","VECTOR","TOP700","0"
"0","{""id"":""analyst"",""name"":""Analyst""}","0","{""id"":""analyst_consensus"",""name"":""Standardized Analyst Consensus Forecasts""}","1","2026-07-01","1","Forecast-plus-Actual overlay for the median quarterly EPS (combines consensus forecasts with subsequent actuals)","median_forecast_actual_combined_eps_quarterly16","2","GBR","{""id"":""analyst-analyst-estimates"",""name"":""Analyst Estimates""}","[]","VECTOR","TOP700","0"
"0","{""id"":""analyst"",""name"":""Analyst""}","0","{""id"":""analyst_consensus"",""name"":""Standardized Analyst Consensus Forecasts""}","1","2026-07-01","1","Forecast-plus-actual overlay for the median EPSREP estimate","median_forecast_actual_combined_eps_reported_quarterly16","2","GBR","{""id"":""analyst-analyst-estimates"",""name"":""Analyst Estimates""}","[]","VECTOR","TOP700","0"
"0","{""id"":""analyst"",""name"":""Analyst""}","0","{""id"":""analyst_consensus"",""name"":""Standardized Analyst Consensus Forecasts""}","1","2026-07-01","1","Median consensus for FCFPS combined with actuals in a single forecast-plus-actual (FA) series (vendor overlay)","median_forecast_actual_combined_fcfps_annual12","2","GBR","{""id"":""analyst-analyst-estimates"",""name"":""Analyst Estimates""}","[]","VECTOR","TOP700","0"
"0","{""id"":""analyst"",""name"":""Analyst""}","0","{""id"":""analyst_consensus"",""name"":""Standardized Analyst Consensus Forecasts""}","1","2026-07-01","1","Median consensus analyst estimate of annual free cash flow combined with subsequent actuals","median_forecast_actual_combined_fcf_annual12","2","GBR","{""id"":""analyst-analyst-estimates"",""name"":""Analyst Estimates""}","[]","VECTOR","TOP700","0"
"0","{""id"":""analyst"",""name"":""Analyst""}","0","{""id"":""analyst_consensus"",""name"":""Standardized Analyst Consensus Forecasts""}","1","2026-07-01","1","Currency-adjusted Forecast-plus-Actual median BVPS value","median_forecast_actual_combined_fxadj_bvps_annual12_tribes","2","GBR","{""id"":""analyst-analyst-estimates"",""name"":""Analyst Estimates""}","[]","VECTOR","TOP700","0"
"0","{""id"":""analyst"",""name"":""Analyst""}","0","{""id"":""analyst_consensus"",""name"":""Standardized Analyst Consensus Forecasts""}","1","2026-07-01","1","Currency-adjusted FA overlay: median CAPEX estimate combined with actuals","median_forecast_actual_combined_fxadj_capex_annual12_2","2","GBR","{""id"":""analyst-analyst-estimates"",""name"":""Analyst Estimates""}","[]","VECTOR","TOP700","0"
"0","{""id"":""analyst"",""name"":""Analyst""}","0","{""id"":""analyst_consensus"",""name"":""Standardized Analyst Consensus Forecasts""}","1","2026-07-01","1","Currency adjusted forecast-plus-actual composite: median consensus for annual CFINVEST aligned with actuals","median_forecast_actual_combined_fxadj_cashflowinvesting_annual12","2","GBR","{""id"":""analyst-analyst-estimates"",""name"":""Analyst Estimates""}","[]","VECTOR","TOP700","0"
"0","{""id"":""analyst"",""name"":""Analyst""}","0","{""id"":""analyst_consensus"",""name"":""Standardized Analyst Consensus Forecasts""}","1","2026-07-01","1","Currency-adjusted forecast-plus-actual consensus median for annual operating cash flow, regime-aware","median_forecast_actual_combined_fxadj_cfo_annual12","2","GBR","{""id"":""analyst-analyst-estimates"",""name"":""Analyst Estimates""}","[]","VECTOR","TOP700","0"
"0","{""id"":""analyst"",""name"":""Analyst""}","0","{""id"":""analyst_consensus"",""name"":""Standardized Analyst Consensus Forecasts""}","1","2026-07-01","1","Currency-adjusted forecast-plus-actual median CFPS value","median_forecast_actual_combined_fxadj_cfps_annual12_2","2","GBR","{""id"":""analyst-analyst-estimates"",""name"":""Analyst Estimates""}","[]","VECTOR","TOP700","0"
"0","{""id"":""analyst"",""name"":""Analyst""}","0","{""id"":""analyst_consensus"",""name"":""Standardized Analyst Consensus Forecasts""}","0.7755","2026-07-01","1","Currency-adjusted median value combining forecasts and actuals for current liabilities","median_forecast_actual_combined_fxadj_currentliabilities_annual12","2","GBR","{""id"":""analyst-analyst-estimates"",""name"":""Analyst Estimates""}","[]","VECTOR","TOP700","0"
"0","{""id"":""analyst"",""name"":""Analyst""}","0","{""id"":""analyst_consensus"",""name"":""Standardized Analyst Consensus Forecasts""}","1","2026-07-01","1","Currency-adjusted consensus median estimate combined with subsequent actuals (FA overlay) for annual depreciation","median_forecast_actual_combined_fxadj_depreciation_annual12","2","GBR","{""id"":""analyst-analyst-estimates"",""name"":""Analyst Estimates""}","[]","VECTOR","TOP700","0"
"0","{""id"":""analyst"",""name"":""Analyst""}","0","{""id"":""analyst_consensus"",""name"":""Standardized Analyst Consensus Forecasts""}","1","2026-07-01","1","Median of combined forecast and actual dividend per share, adjusted for currency, for the annual period.","median_forecast_actual_combined_fxadj_dividend_annual12","2","GBR","{""id"":""analyst-analyst-estimates"",""name"":""Analyst Estimates""}","[]","VECTOR","TOP700","0"
"0","{""id"":""analyst"",""name"":""Analyst""}","0","{""id"":""analyst_consensus"",""name"":""Standardized Analyst Consensus Forecasts""}","1","2026-07-01","1","Currency/split/regime-adjusted median consensus for annual DPS combined with actuals (Forecast+Actual overlay)","median_forecast_actual_combined_fxadj_dividend_annual12_2","2","GBR","{""id"":""analyst-analyst-estimates"",""name"":""Analyst Estimates""}","[]","VECTOR","TOP700","0"
"0","{""id"":""analyst"",""name"":""Analyst""}","0","{""id"":""analyst_consensus"",""name"":""Standardized Analyst Consensus Forecasts""}","1","2026-07-01","1","Median FA estimate adjusted for currency/splits/regime","median_forecast_actual_combined_fxadj_dps_quarterly16","2","GBR","{""id"":""analyst-analyst-estimates"",""name"":""Analyst Estimates""}","[]","VECTOR","TOP700","0"
"0","{""id"":""analyst"",""name"":""Analyst""}","0","{""id"":""analyst_consensus"",""name"":""Standardized Analyst Consensus Forecasts""}","1","2026-07-01","1","Currency/split-adjusted version of the Forecast+Actual median EBITDA","median_forecast_actual_combined_fxadj_ebitda_quarterly16","2","GBR","{""id"":""analyst-analyst-estimates"",""name"":""Analyst Estimates""}","[]","VECTOR","TOP700","0"
"0","{""id"":""analyst"",""name"":""Analyst""}","0","{""id"":""analyst_consensus"",""name"":""Standardized Analyst Consensus Forecasts""}","1","2026-07-01","1","Currency and split adjusted median of the forecast-plus-actual composite for EBI","median_forecast_actual_combined_fxadj_ebit_annual12_2","2","GBR","{""id"":""analyst-analyst-estimates"",""name"":""Analyst Estimates""}","[]","VECTOR","TOP700","0"
"0","{""id"":""analyst"",""name"":""Analyst""}","0","{""id"":""analyst_consensus"",""name"":""Standardized Analyst Consensus Forecasts""}","1","2026-07-01","1","Currency-adjusted median consensus estimate combined with actuals for quarterly EBIT","median_forecast_actual_combined_fxadj_ebit_quarterly16","2","GBR","{""id"":""analyst-analyst-estimates"",""name"":""Analyst Estimates""}","[]","VECTOR","TOP700","0"
"0","{""id"":""analyst"",""name"":""Analyst""}","0","{""id"":""analyst_consensus"",""name"":""Standardized Analyst Consensus Forecasts""}","1","2026-07-01","1","Currency-adjusted forecast-plus-actual median for EPSREP","median_forecast_actual_combined_fxadj_epsreported_annual12","2","GBR","{""id"":""analyst-analyst-estimates"",""name"":""Analyst Estimates""}","[]","VECTOR","TOP700","0"
"0","{""id"":""analyst"",""name"":""Analyst""}","0","{""id"":""analyst_consensus"",""name"":""Standardized Analyst Consensus Forecasts""}","1","2026-07-01","1","Currency-adjusted forecast-plus-actual overlay for the median quarterly EPS","median_forecast_actual_combined_fxadj_eps_quarterly16","2","GBR","{""id"":""analyst-analyst-estimates"",""name"":""Analyst Estimates""}","[]","VECTOR","TOP700","0"
"0","{""id"":""analyst"",""name"":""Analyst""}","0","{""id"":""analyst_consensus"",""name"":""Standardized Analyst Consensus Forecasts""}","1","2026-07-01","1","Currency-adjusted forecast-plus-actual median EPSREP overlay","median_forecast_actual_combined_fxadj_eps_reported_quarterly16","2","GBR","{""id"":""analyst-analyst-estimates"",""name"":""Analyst Estimates""}","[]","VECTOR","TOP700","0"
"0","{""id"":""analyst"",""name"":""Analyst""}","0","{""id"":""analyst_consensus"",""name"":""Standardized Analyst Consensus Forecasts""}","1","2026-07-01","1","Currency/split-adjusted median consensus for FCFPS in the FA (forecast-plus-actual) series","median_forecast_actual_combined_fxadj_fcfps_annual12","2","GBR","{""id"":""analyst-analyst-estimates"",""name"":""Analyst Estimates""}","[]","VECTOR","TOP700","0"
"0","{""id"":""analyst"",""name"":""Analyst""}","0","{""id"":""analyst_consensus"",""name"":""Standardized Analyst Consensus Forecasts""}","1","2026-07-01","1","Currency-adjusted median estimate of FCF combined with actuals (Forecast + Actual)","median_forecast_actual_combined_fxadj_fcf_annual12","2","GBR","{""id"":""analyst-analyst-estimates"",""name"":""Analyst Estimates""}","[]","VECTOR","TOP700","0"
"0","{""id"":""analyst"",""name"":""Analyst""}","0","{""id"":""analyst_consensus"",""name"":""Standardized Analyst Consensus Forecasts""}","1","2026-07-01","1","Currency-adjusted Forecast-plus-Actual composite of the consensus median estimate","median_forecast_actual_combined_fxadj_goodwill_annual12","2","GBR","{""id"":""analyst-analyst-estimates"",""name"":""Analyst Estimates""}","[]","VECTOR","TOP700","0"
"0","{""id"":""analyst"",""name"":""Analyst""}","0","{""id"":""analyst_consensus"",""name"":""Standardized Analyst Consensus Forecasts""}","1","2026-07-01","1","Adjusted median of the Forecast+Actual (FA) composite for the GPS measure, combining consensus forecasts with actuals in a regime-aware manner","median_forecast_actual_combined_fxadj_gps","2","GBR","{""id"":""analyst-analyst-estimates"",""name"":""Analyst Estimates""}","[]","VECTOR","TOP700","0"
"0","{""id"":""analyst"",""name"":""Analyst""}","0","{""id"":""analyst_consensus"",""name"":""Standardized Analyst Consensus Forecasts""}","1","2026-07-01","1","Forecast+Actual overlay for annual Interest Expense, adjusted for currency/splits/regime effects on the median","median_forecast_actual_combined_fxadj_interest_expense_annual12","2","GBR","{""id"":""analyst-analyst-estimates"",""name"":""Analyst Estimates""}","[]","VECTOR","TOP700","0"
"0","{""id"":""analyst"",""name"":""Analyst""}","0","{""id"":""analyst_consensus"",""name"":""Standardized Analyst Consensus Forecasts""}","1","2026-07-01","1","Currency and split adjusted Forecast+Actual composite median for INVENTORY, regime-aware","median_forecast_actual_combined_fxadj_inventory_annual12","2","GBR","{""id"":""analyst-analyst-estimates"",""name"":""Analyst Estimates""}","[]","VECTOR","TOP700","0"
"0","{""id"":""analyst"",""name"":""Analyst""}","0","{""id"":""analyst_consensus"",""name"":""Standardized Analyst Consensus Forecasts""}","0.8193","2026-07-01","1","FX/split/regime-adjusted combined median forecast plus actuals","median_forecast_actual_combined_fxadj_marketable_securities_annual12","2","GBR","{""id"":""analyst-analyst-estimates"",""name"":""Analyst Estimates""}","[]","VECTOR","TOP700","0"
"0","{""id"":""analyst"",""name"":""Analyst""}","0","{""id"":""analyst_consensus"",""name"":""Standardized Analyst Consensus Forecasts""}","1","2026-07-01","1","Median of currency-adjusted forecast and actual net asset value for the annual period.","median_forecast_actual_combined_fxadj_nav_annual12","2","GBR","{""id"":""analyst-analyst-estimates"",""name"":""Analyst Estimates""}","[]","VECTOR","TOP700","0"
"0","{""id"":""analyst"",""name"":""Analyst""}","0","{""id"":""analyst_consensus"",""name"":""Standardized Analyst Consensus Forecasts""}","1","2026-07-01","1","Currency-adjusted Forecast+Actual combined median value for NAV","median_forecast_actual_combined_fxadj_nav_annual12_tribes","2","GBR","{""id"":""analyst-analyst-estimates"",""name"":""Analyst Estimates""}","[]","VECTOR","TOP700","0"
"0","{""id"":""analyst"",""name"":""Analyst""}","0","{""id"":""analyst_consensus"",""name"":""Standardized Analyst Consensus Forecasts""}","1","2026-07-01","1","Median of combined forecast and actual net income values, adjusted for currency.","median_forecast_actual_combined_fxadj_net2","2","GBR","{""id"":""analyst-analyst-estimates"",""name"":""Analyst Estimates""}","[]","VECTOR","TOP700","0"
"0","{""id"":""analyst"",""name"":""Analyst""}","0","{""id"":""analyst_consensus"",""name"":""Standardized Analyst Consensus Forecasts""}","1","2026-07-01","1","Currency/split/regime-adjusted median estimate combined with actuals (Forecast+Actual) for annual Net Debt","median_forecast_actual_combined_fxadj_netdebt_annual12_2","2","GBR","{""id"":""analyst-analyst-estimates"",""name"":""Analyst Estimates""}","[]","VECTOR","TOP700","0"
"0","{""id"":""analyst"",""name"":""Analyst""}","0","{""id"":""analyst_consensus"",""name"":""Standardized Analyst Consensus Forecasts""}","1","2026-07-01","1","Currency/split/regime-adjusted median estimate combined with actuals (FA overlay)","median_forecast_actual_combined_fxadj_netprofitreported_annual12","2","GBR","{""id"":""analyst-analyst-estimates"",""name"":""Analyst Estimates""}","[]","VECTOR","TOP700","0"
"0","{""id"":""analyst"",""name"":""Analyst""}","0","{""id"":""analyst_consensus"",""name"":""Standardized Analyst Consensus Forecasts""}","1","2026-07-01","1","Currency-adjusted median consensus estimate for annual net profit, combined with actuals under the FA overlay","median_forecast_actual_combined_fxadj_netprofit_annual12","2","GBR","{""id"":""analyst-analyst-estimates"",""name"":""Analyst Estimates""}","[]","VECTOR","TOP700","0"
"0","{""id"":""analyst"",""name"":""Analyst""}","0","{""id"":""analyst_consensus"",""name"":""Standardized Analyst Consensus Forecasts""}","1","2026-07-01","1","Currency/split/regime-adjusted Forecast+Actual median series for quarterly net profit","median_forecast_actual_combined_fxadj_netprofit_quarterly16","2","GBR","{""id"":""analyst-analyst-estimates"",""name"":""Analyst Estimates""}","[]","VECTOR","TOP700","0"
"0","{""id"":""analyst"",""name"":""Analyst""}","0","{""id"":""analyst_consensus"",""name"":""Standardized Analyst Consensus Forecasts""}","1","2026-07-01","1","Currency/regime-adjusted overlay combining median forecast estimates with subsequent actuals","median_forecast_actual_combined_fxadj_netprofit_reported_quarterly16","2","GBR","{""id"":""analyst-analyst-estimates"",""name"":""Analyst Estimates""}","[]","VECTOR","TOP700","0"
"0","{""id"":""analyst"",""name"":""Analyst""}","0","{""id"":""analyst_consensus"",""name"":""Standardized Analyst Consensus Forecasts""}","1","2026-07-01","1","Currency-adjusted median analyst consensus for annual operating expenses, combined with actuals in the Forecast+Actual overlay","median_forecast_actual_combined_fxadj_operatingexpense_annual12","2","GBR","{""id"":""analyst-analyst-estimates"",""name"":""Analyst Estimates""}","[]","VECTOR","TOP700","0"
"0","{""id"":""analyst"",""name"":""Analyst""}","0","{""id"":""analyst_consensus"",""name"":""Standardized Analyst Consensus Forecasts""}","1","2026-07-01","1","Median of combined forecast and actual values for annual pre-tax profit, adjusted for currency.","median_forecast_actual_combined_fxadj_pretax_annual12","2","GBR","{""id"":""analyst-analyst-estimates"",""name"":""Analyst Estimates""}","[]","VECTOR","TOP700","0"
"0","{""id"":""analyst"",""name"":""Analyst""}","0","{""id"":""analyst_consensus"",""name"":""Standardized Analyst Consensus Forecasts""}","1","2026-07-01","1","Currency-adjusted Forecast-plus-Actual combined median consensus for annual pre-tax profit","median_forecast_actual_combined_fxadj_pretax_annual12_2","2","GBR","{""id"":""analyst-analyst-estimates"",""name"":""Analyst Estimates""}","[]","VECTOR","TOP700","0"
"0","{""id"":""analyst"",""name"":""Analyst""}","0","{""id"":""analyst_consensus"",""name"":""Standardized Analyst Consensus Forecasts""}","1","2026-07-01","1","Currency/split adjusted Forecast+Actual series using median consensus","median_forecast_actual_combined_fxadj_pretax_reported_annual12_tribes","2","GBR","{""id"":""analyst-analyst-estimates"",""name"":""Analyst Estimates""}","[]","VECTOR","TOP700","0"
"0","{""id"":""analyst"",""name"":""Analyst""}","0","{""id"":""analyst_consensus"",""name"":""Standardized Analyst Consensus Forecasts""}","1","2026-07-01","1","Currency/regime-adjusted median estimate combined with actuals (FA overlay)","median_forecast_actual_combined_fxadj_pretax_reported_quarterly16","2","GBR","{""id"":""analyst-analyst-estimates"",""name"":""Analyst Estimates""}","[]","VECTOR","TOP700","0"
"0","{""id"":""analyst"",""name"":""Analyst""}","0","{""id"":""analyst_consensus"",""name"":""Standardized Analyst Consensus Forecasts""}","1","2026-07-01","1","Median of both analyst forecasts and actuals for annual reported net income, adjusted for currency and splits.","median_forecast_actual_combined_fxadj_reportednet_annual12_2","2","GBR","{""id"":""analyst-analyst-estimates"",""name"":""Analyst Estimates""}","[]","VECTOR","TOP700","0"
"0","{""id"":""analyst"",""name"":""Analyst""}","0","{""id"":""analyst_consensus"",""name"":""Standardized Analyst Consensus Forecasts""}","1","2026-07-01","1","Adjusted median of the Forecast-plus-Actual (FA) sales series","median_forecast_actual_combined_fxadj_revenue_annual12","2","GBR","{""id"":""analyst-analyst-estimates"",""name"":""Analyst Estimates""}","[]","VECTOR","TOP700","0"
"0","{""id"":""analyst"",""name"":""Analyst""}","0","{""id"":""analyst_consensus"",""name"":""Standardized Analyst Consensus Forecasts""}","1","2026-07-01","1","Currency and split adjusted Forecast plus Actual composite of the median revenue value","median_forecast_actual_combined_fxadj_revenue_quarterly16","2","GBR","{""id"":""analyst-analyst-estimates"",""name"":""Analyst Estimates""}","[]","VECTOR","TOP700","0"
"0","{""id"":""analyst"",""name"":""Analyst""}","0","{""id"":""analyst_consensus"",""name"":""Standardized Analyst Consensus Forecasts""}","1","2026-07-01","1","Currency-adjusted median consensus estimate combined with subsequent actuals (FA overlay) for the SEquity measure","median_forecast_actual_combined_fxadj_tangbookvalue_annual12_tribes","2","GBR","{""id"":""analyst-analyst-estimates"",""name"":""Analyst Estimates""}","[]","VECTOR","TOP700","0"
"0","{""id"":""analyst"",""name"":""Analyst""}","0","{""id"":""analyst_consensus"",""name"":""Standardized Analyst Consensus Forecasts""}","1","2026-07-01","1","Currency adjusted median estimate combined with actuals under the FA overlay for annual tax provision","median_forecast_actual_combined_fxadj_taxprovision_annual12_tribes","2","GBR","{""id"":""analyst-analyst-estimates"",""name"":""Analyst Estimates""}","[]","VECTOR","TOP700","0"
"0","{""id"":""analyst"",""name"":""Analyst""}","0","{""id"":""analyst_consensus"",""name"":""Standardized Analyst Consensus Forecasts""}","1","2026-07-01","1","Regime/currency-adjusted median estimate combined with actuals for TAXRATE","median_forecast_actual_combined_fxadj_taxrate_annual12","2","GBR","{""id"":""analyst-analyst-estimates"",""name"":""Analyst Estimates""}","[]","VECTOR","TOP700","0"
"0","{""id"":""analyst"",""name"":""Analyst""}","0","{""id"":""analyst_consensus"",""name"":""Standardized Analyst Consensus Forecasts""}","0.1982","2026-07-01","1","Currency-adjusted forecast-plus-actual median estimate for annual total liabilities","median_forecast_actual_combined_fxadj_totalliab_annual12_tribes","2","GBR","{""id"":""analyst-analyst-estimates"",""name"":""Analyst Estimates""}","[]","VECTOR","TOP700","0"
"0","{""id"":""analyst"",""name"":""Analyst""}","0","{""id"":""analyst_consensus"",""name"":""Standardized Analyst Consensus Forecasts""}","1","2026-07-01","1","Regime- and currency-adjusted Forecast-plus-Actual (FA) overlay for the median estimate of Total Assets","median_forecast_actual_combined_fxadj_total_assets_annual12","2","GBR","{""id"":""analyst-analyst-estimates"",""name"":""Analyst Estimates""}","[]","VECTOR","TOP700","0"
"0","{""id"":""analyst"",""name"":""Analyst""}","0","{""id"":""analyst_consensus"",""name"":""Standardized Analyst Consensus Forecasts""}","1","2026-07-01","1","Forecast-plus-Actual composite of the consensus median estimate for goodwill","median_forecast_actual_combined_goodwill_annual12","2","GBR","{""id"":""analyst-analyst-estimates"",""name"":""Analyst Estimates""}","[]","VECTOR","TOP700","0"
"0","{""id"":""analyst"",""name"":""Analyst""}","0","{""id"":""analyst_consensus"",""name"":""Standardized Analyst Consensus Forecasts""}","1","2026-07-01","1","Median of both forecasted and actual fully reported earnings per share for the period.","median_forecast_actual_combined_gps2","2","GBR","{""id"":""analyst-analyst-estimates"",""name"":""Analyst Estimates""}","[]","VECTOR","TOP700","0"
"0","{""id"":""analyst"",""name"":""Analyst""}","0","{""id"":""analyst_consensus"",""name"":""Standardized Analyst Consensus Forecasts""}","1","2026-07-01","1","Forecast-plus-Actual composite: median estimate combined with actuals in a regime-aware vector","median_forecast_actual_combined_grossmargin_annual12_tribes","2","GBR","{""id"":""analyst-analyst-estimates"",""name"":""Analyst Estimates""}","[]","VECTOR","TOP700","0"
"0","{""id"":""analyst"",""name"":""Analyst""}","0","{""id"":""analyst_consensus"",""name"":""Standardized Analyst Consensus Forecasts""}","1","2026-07-01","1","Forecast+Actual median for annual Interest Expense (vendor FA overlay), unadjusted","median_forecast_actual_combined_interest_expense_annual12","2","GBR","{""id"":""analyst-analyst-estimates"",""name"":""Analyst Estimates""}","[]","VECTOR","TOP700","0"
"0","{""id"":""analyst"",""name"":""Analyst""}","0","{""id"":""analyst_consensus"",""name"":""Standardized Analyst Consensus Forecasts""}","1","2026-07-01","1","Forecast+Actual composite median for INVENTORY, using consensus during forecast periods and actuals once reported","median_forecast_actual_combined_inventory_annual12","2","GBR","{""id"":""analyst-analyst-estimates"",""name"":""Analyst Estimates""}","[]","VECTOR","TOP700","0"
"0","{""id"":""analyst"",""name"":""Analyst""}","0","{""id"":""analyst_consensus"",""name"":""Standardized Analyst Consensus Forecasts""}","0.8193","2026-07-01","1","Regime-aware combined series of consensus median forecasts and subsequent actuals for Marketable Securities","median_forecast_actual_combined_marketable_securities_annual12","2","GBR","{""id"":""analyst-analyst-estimates"",""name"":""Analyst Estimates""}","[]","VECTOR","TOP700","0"
"0","{""id"":""analyst"",""name"":""Analyst""}","0","{""id"":""analyst_consensus"",""name"":""Standardized Analyst Consensus Forecasts""}","1","2026-07-01","1","Median of forecast and actual net asset value for the annual period.","median_forecast_actual_combined_nav_annual12","2","GBR","{""id"":""analyst-analyst-estimates"",""name"":""Analyst Estimates""}","[]","VECTOR","TOP700","0"
"0","{""id"":""analyst"",""name"":""Analyst""}","0","{""id"":""analyst_consensus"",""name"":""Standardized Analyst Consensus Forecasts""}","1","2026-07-01","1","Forecast+Actual combined median value (regime-aware) for NAV","median_forecast_actual_combined_nav_annual12_tribes","2","GBR","{""id"":""analyst-analyst-estimates"",""name"":""Analyst Estimates""}","[]","VECTOR","TOP700","0"
"0","{""id"":""analyst"",""name"":""Analyst""}","0","{""id"":""analyst_consensus"",""name"":""Standardized Analyst Consensus Forecasts""}","1","2026-07-01","1","Median of combined forecast and actual net income values.","median_forecast_actual_combined_net2","2","GBR","{""id"":""analyst-analyst-estimates"",""name"":""Analyst Estimates""}","[]","VECTOR","TOP700","0"
"0","{""id"":""analyst"",""name"":""Analyst""}","0","{""id"":""analyst_consensus"",""name"":""Standardized Analyst Consensus Forecasts""}","1","2026-07-01","1","Median estimate combined with actuals (Forecast+Actual) for annual Net Debt","median_forecast_actual_combined_netdebt_annual12_2","2","GBR","{""id"":""analyst-analyst-estimates"",""name"":""Analyst Estimates""}","[]","VECTOR","TOP700","0"
"0","{""id"":""analyst"",""name"":""Analyst""}","0","{""id"":""analyst_consensus"",""name"":""Standardized Analyst Consensus Forecasts""}","1","2026-07-01","1","Median estimate combined with subsequent actuals (FA overlay), regime-aware","median_forecast_actual_combined_netprofitreported_annual12","2","GBR","{""id"":""analyst-analyst-estimates"",""name"":""Analyst Estimates""}","[]","VECTOR","TOP700","0"
"0","{""id"":""analyst"",""name"":""Analyst""}","0","{""id"":""analyst_consensus"",""name"":""Standardized Analyst Consensus Forecasts""}","1","2026-07-01","1","Forecast+Actual composite median consensus estimate for annual Net Profit","median_forecast_actual_combined_netprofit_annual12","2","GBR","{""id"":""analyst-analyst-estimates"",""name"":""Analyst Estimates""}","[]","VECTOR","TOP700","0"
"0","{""id"":""analyst"",""name"":""Analyst""}","0","{""id"":""analyst_consensus"",""name"":""Standardized Analyst Consensus Forecasts""}","1","2026-07-01","1","Forecast+Actual overlay using the median consensus for quarterly net profit","median_forecast_actual_combined_netprofit_quarterly16","2","GBR","{""id"":""analyst-analyst-estimates"",""name"":""Analyst Estimates""}","[]","VECTOR","TOP700","0"
"0","{""id"":""analyst"",""name"":""Analyst""}","0","{""id"":""analyst_consensus"",""name"":""Standardized Analyst Consensus Forecasts""}","1","2026-07-01","1","Regime-aware series combining median consensus forecasts with subsequent actuals for quarterly Net Profit (Reported)","median_forecast_actual_combined_netprofit_reported_quarterly16","2","GBR","{""id"":""analyst-analyst-estimates"",""name"":""Analyst Estimates""}","[]","VECTOR","TOP700","0"
"0","{""id"":""analyst"",""name"":""Analyst""}","0","{""id"":""analyst_consensus"",""name"":""Standardized Analyst Consensus Forecasts""}","1","2026-07-01","1","Median analyst consensus for annual operating expenses in the Forecast+Actual overlay","median_forecast_actual_combined_operatingexpense_annual12","2","GBR","{""id"":""analyst-analyst-estimates"",""name"":""Analyst Estimates""}","[]","VECTOR","TOP700","0"
"0","{""id"":""analyst"",""name"":""Analyst""}","0","{""id"":""analyst_consensus"",""name"":""Standardized Analyst Consensus Forecasts""}","1","2026-07-01","1","Median of combined forecast and actual values for annual pre-tax profit.","median_forecast_actual_combined_pretax_annual12","2","GBR","{""id"":""analyst-analyst-estimates"",""name"":""Analyst Estimates""}","[]","VECTOR","TOP700","0"
"0","{""id"":""analyst"",""name"":""Analyst""}","0","{""id"":""analyst_consensus"",""name"":""Standardized Analyst Consensus Forecasts""}","1","2026-07-01","1","Forecast-plus-Actual combined median consensus series for annual pre-tax profit (unadjusted)","median_forecast_actual_combined_pretax_annual12_2","2","GBR","{""id"":""analyst-analyst-estimates"",""name"":""Analyst Estimates""}","[]","VECTOR","TOP700","0"
"0","{""id"":""analyst"",""name"":""Analyst""}","0","{""id"":""analyst_consensus"",""name"":""Standardized Analyst Consensus Forecasts""}","1","2026-07-01","1","Median value combining both forecast and actual pre-tax reported profit for the annual period.","median_forecast_actual_combined_pretax_reported_annual12_2","2","GBR","{""id"":""analyst-analyst-estimates"",""name"":""Analyst Estimates""}","[]","VECTOR","TOP700","0"
"0","{""id"":""analyst"",""name"":""Analyst""}","0","{""id"":""analyst_consensus"",""name"":""Standardized Analyst Consensus Forecasts""}","1","2026-07-01","1","Forecast+Actual median consensus series for pre-tax profit (unadjusted)","median_forecast_actual_combined_pretax_reported_annual12_tribes","2","GBR","{""id"":""analyst-analyst-estimates"",""name"":""Analyst Estimates""}","[]","VECTOR","TOP700","0"
"0","{""id"":""analyst"",""name"":""Analyst""}","0","{""id"":""analyst_consensus"",""name"":""Standardized Analyst Consensus Forecasts""}","1","2026-07-01","1","Forecast-plus-Actual overlay: median estimate combined with subsequent actuals for PPROFITREP","median_forecast_actual_combined_pretax_reported_quarterly16","2","GBR","{""id"":""analyst-analyst-estimates"",""name"":""Analyst Estimates""}","[]","VECTOR","TOP700","0"
"0","{""id"":""analyst"",""name"":""Analyst""}","0","{""id"":""analyst_consensus"",""name"":""Standardized Analyst Consensus Forecasts""}","1","2026-07-01","1","Median of both analyst forecasts and actuals for annual reported net income.","median_forecast_actual_combined_reportednet_annual12_2","2","GBR","{""id"":""analyst-analyst-estimates"",""name"":""Analyst Estimates""}","[]","VECTOR","TOP700","0"
"0","{""id"":""analyst"",""name"":""Analyst""}","0","{""id"":""analyst_consensus"",""name"":""Standardized Analyst Consensus Forecasts""}","1","2026-07-01","1","Forecast-plus-Actual composite median estimate for the ROC measure across forecast and actual periods","median_forecast_actual_combined_return_on_capital_annual12","2","GBR","{""id"":""analyst-analyst-estimates"",""name"":""Analyst Estimates""}","[]","VECTOR","TOP700","0"
"0","{""id"":""analyst"",""name"":""Analyst""}","0","{""id"":""analyst_consensus"",""name"":""Standardized Analyst Consensus Forecasts""}","1","2026-07-01","1","Median of the Forecast-plus-Actual (FA) sales series (regime-aware)","median_forecast_actual_combined_revenue_annual12","2","GBR","{""id"":""analyst-analyst-estimates"",""name"":""Analyst Estimates""}","[]","VECTOR","TOP700","0"
"0","{""id"":""analyst"",""name"":""Analyst""}","0","{""id"":""analyst_consensus"",""name"":""Standardized Analyst Consensus Forecasts""}","1","2026-07-01","1","Forecast-plus-actual overlay: median estimate combined with subsequent actuals for annual revenue","median_forecast_actual_combined_revenue_annual12_tribes","2","GBR","{""id"":""analyst-analyst-estimates"",""name"":""Analyst Estimates""}","[]","VECTOR","TOP700","0"
"0","{""id"":""analyst"",""name"":""Analyst""}","0","{""id"":""analyst_consensus"",""name"":""Standardized Analyst Consensus Forecasts""}","1","2026-07-01","1","Median of combined forecast and actual values for annual return on equity.","median_forecast_actual_combined_roe_annual12","2","GBR","{""id"":""analyst-analyst-estimates"",""name"":""Analyst Estimates""}","[]","VECTOR","TOP700","0"
"0","{""id"":""analyst"",""name"":""Analyst""}","0","{""id"":""analyst_consensus"",""name"":""Standardized Analyst Consensus Forecasts""}","1","2026-07-01","1","Median analyst consensus estimate for annual ROE combined with subsequent actuals (Forecast + Actual), regime-aware","median_forecast_actual_combined_roe_annual12_tribes","2","GBR","{""id"":""analyst-analyst-estimates"",""name"":""Analyst Estimates""}","[]","VECTOR","TOP700","0"
"0","{""id"":""analyst"",""name"":""Analyst""}","0","{""id"":""analyst_consensus"",""name"":""Standardized Analyst Consensus Forecasts""}","1","2026-07-01","1","Forecast-plus-actual (regime-aware) median for the annual number of shares outstanding","median_forecast_actual_combined_sharesoutstanding_annual12","2","GBR","{""id"":""analyst-analyst-estimates"",""name"":""Analyst Estimates""}","[]","VECTOR","TOP700","0"
"0","{""id"":""analyst"",""name"":""Analyst""}","0","{""id"":""analyst_consensus"",""name"":""Standardized Analyst Consensus Forecasts""}","1","2026-07-01","1","Median consensus value in the Forecast+Actual (FA) composite for the SEQUITY measure","median_forecast_actual_combined_tangbookvalue_annual12_tribes","2","GBR","{""id"":""analyst-analyst-estimates"",""name"":""Analyst Estimates""}","[]","VECTOR","TOP700","0"
"0","{""id"":""analyst"",""name"":""Analyst""}","0","{""id"":""analyst_consensus"",""name"":""Standardized Analyst Consensus Forecasts""}","1","2026-07-01","1","Forecast plus actual overlay: consensus median estimate combined with subsequent actuals for annual Tax Provision","median_forecast_actual_combined_taxprovision_annual12_tribes","2","GBR","{""id"":""analyst-analyst-estimates"",""name"":""Analyst Estimates""}","[]","VECTOR","TOP700","0"
"0","{""id"":""analyst"",""name"":""Analyst""}","0","{""id"":""analyst_consensus"",""name"":""Standardized Analyst Consensus Forecasts""}","1","2026-07-01","1","Regime-aware overlay combining the median analyst estimate for TAXRATE with subsequent actuals (Forecast plus Actual)","median_forecast_actual_combined_taxrate_annual12","2","GBR","{""id"":""analyst-analyst-estimates"",""name"":""Analyst Estimates""}","[]","VECTOR","TOP700","0"
"0","{""id"":""analyst"",""name"":""Analyst""}","0","{""id"":""analyst_consensus"",""name"":""Standardized Analyst Consensus Forecasts""}","0.1982","2026-07-01","1","Forecast-plus-actual overlay of the consensus median estimate for annual total liabilities","median_forecast_actual_combined_totalliab_annual12_tribes","2","GBR","{""id"":""analyst-analyst-estimates"",""name"":""Analyst Estimates""}","[]","VECTOR","TOP700","0"
"0","{""id"":""analyst"",""name"":""Analyst""}","0","{""id"":""analyst_consensus"",""name"":""Standardized Analyst Consensus Forecasts""}","1","2026-07-01","1","Median consensus combining forecasts and actuals for the TA metric (FA overlay)","median_forecast_actual_combined_total_assets_annual12","2","GBR","{""id"":""analyst-analyst-estimates"",""name"":""Analyst Estimates""}","[]","VECTOR","TOP700","0"
"0","{""id"":""analyst"",""name"":""Analyst""}","0","{""id"":""analyst_consensus"",""name"":""Standardized Analyst Consensus Forecasts""}","1","2026-07-01","1","Median of analyst forecasts and actuals for annual total dividends.","median_forecast_actual_dividend_annual12_tribes","2","GBR","{""id"":""analyst-analyst-estimates"",""name"":""Analyst Estimates""}","[]","VECTOR","TOP700","0"
"0","{""id"":""analyst"",""name"":""Analyst""}","0","{""id"":""analyst_consensus"",""name"":""Standardized Analyst Consensus Forecasts""}","1","2026-07-01","1","Median of the forecast-plus-actual overlay for EBT","median_forecast_actual_ebt_annual12","2","GBR","{""id"":""analyst-analyst-estimates"",""name"":""Analyst Estimates""}","[]","VECTOR","TOP700","0"
"0","{""id"":""analyst"",""name"":""Analyst""}","0","{""id"":""analyst_consensus"",""name"":""Standardized Analyst Consensus Forecasts""}","1","2026-07-01","1","Currency-adjusted Forecast-plus-Actual median for annual Cash Flow from Financing","median_forecast_actual_fxadj_cashflowfinancing_annual12","2","GBR","{""id"":""analyst-analyst-estimates"",""name"":""Analyst Estimates""}","[]","VECTOR","TOP700","0"
"0","{""id"":""analyst"",""name"":""Analyst""}","0","{""id"":""analyst_consensus"",""name"":""Standardized Analyst Consensus Forecasts""}","1","2026-07-01","1","Currency/split/regime-adjusted consensus median estimate for annual COGS combined with actuals (Forecast + Actual overlay)","median_forecast_actual_fxadj_cogs_annual12_tribes","2","GBR","{""id"":""analyst-analyst-estimates"",""name"":""Analyst Estimates""}","[]","VECTOR","TOP700","0"
"0","{""id"":""analyst"",""name"":""Analyst""}","0","{""id"":""analyst_consensus"",""name"":""Standardized Analyst Consensus Forecasts""}","0.7755","2026-07-01","1","Currency/split/regime-adjusted median consensus estimate for annual current assets, combined with subsequent actuals (FA overlay)","median_forecast_actual_fxadj_currentassets_annual12","2","GBR","{""id"":""analyst-analyst-estimates"",""name"":""Analyst Estimates""}","[]","VECTOR","TOP700","0"
"0","{""id"":""analyst"",""name"":""Analyst""}","0","{""id"":""analyst_consensus"",""name"":""Standardized Analyst Consensus Forecasts""}","1","2026-07-01","1","Median of analyst forecasts and actuals for annual total dividends, adjusted for currency.","median_forecast_actual_fxadj_dividend_annual12_tribes","2","GBR","{""id"":""analyst-analyst-estimates"",""name"":""Analyst Estimates""}","[]","VECTOR","TOP700","0"
"0","{""id"":""analyst"",""name"":""Analyst""}","0","{""id"":""analyst_consensus"",""name"":""Standardized Analyst Consensus Forecasts""}","1","2026-07-01","1","Currency-adjusted Forecast+Actual composite for median: median estimates for forecast periods, switching to actuals when reported for annual Reported EBITDA","median_forecast_actual_fxadj_ebitdarep_annual12","2","GBR","{""id"":""analyst-analyst-estimates"",""name"":""Analyst Estimates""}","[]","VECTOR","TOP700","0"
"0","{""id"":""analyst"",""name"":""Analyst""}","0","{""id"":""analyst_consensus"",""name"":""Standardized Analyst Consensus Forecasts""}","1","2026-07-01","1","Currency-adjusted median forecast-plus-actual value for annual EBITDA","median_forecast_actual_fxadj_ebitda_annual12","2","GBR","{""id"":""analyst-analyst-estimates"",""name"":""Analyst Estimates""}","[]","VECTOR","TOP700","0"
"0","{""id"":""analyst"",""name"":""Analyst""}","0","{""id"":""analyst_consensus"",""name"":""Standardized Analyst Consensus Forecasts""}","1","2026-07-01","1","Currency-adjusted median estimate combined with actuals (forecast plus actual)","median_forecast_actual_fxadj_ebit_annual12","2","GBR","{""id"":""analyst-analyst-estimates"",""name"":""Analyst Estimates""}","[]","VECTOR","TOP700","0"
"0","{""id"":""analyst"",""name"":""Analyst""}","0","{""id"":""analyst_consensus"",""name"":""Standardized Analyst Consensus Forecasts""}","1","2026-07-01","1","Regime-adjusted median of the forecast-plus-actual overlay for EBT","median_forecast_actual_fxadj_ebt_annual12","2","GBR","{""id"":""analyst-analyst-estimates"",""name"":""Analyst Estimates""}","[]","VECTOR","TOP700","0"
"0","{""id"":""analyst"",""name"":""Analyst""}","0","{""id"":""analyst_consensus"",""name"":""Standardized Analyst Consensus Forecasts""}","1","2026-07-01","1","Currency/regime-adjusted median estimate combined with actuals (Forecast + Actual) for EV","median_forecast_actual_fxadj_enterprisevalue_annual12","2","GBR","{""id"":""analyst-analyst-estimates"",""name"":""Analyst Estimates""}","[]","VECTOR","TOP700","0"
"0","{""id"":""analyst"",""name"":""Analyst""}","0","{""id"":""analyst_consensus"",""name"":""Standardized Analyst Consensus Forecasts""}","1","2026-07-01","1","Currency/split/regime-adjusted median estimate combined with actuals (FA overlay)","median_forecast_actual_fxadj_eps_annual12_tribes","2","GBR","{""id"":""analyst-analyst-estimates"",""name"":""Analyst Estimates""}","[]","VECTOR","TOP700","0"
"0","{""id"":""analyst"",""name"":""Analyst""}","0","{""id"":""analyst_consensus"",""name"":""Standardized Analyst Consensus Forecasts""}","1","2026-07-01","1","Currency-adjusted forecast plus actual overlay of the median estimate for the PPROFIT quarterly metric","median_forecast_actual_fxadj_pretax_quarterly16_tribes","2","GBR","{""id"":""analyst-analyst-estimates"",""name"":""Analyst Estimates""}","[]","VECTOR","TOP700","0"
"0","{""id"":""analyst"",""name"":""Analyst""}","0","{""id"":""analyst_consensus"",""name"":""Standardized Analyst Consensus Forecasts""}","1","2026-07-01","1","Median of combined forecast and actual pre-tax profit (reported) values for the annual period, adjusted for currency effects.","median_forecast_actual_fxadj_pretax_reported_annual12","2","GBR","{""id"":""analyst-analyst-estimates"",""name"":""Analyst Estimates""}","[]","VECTOR","TOP700","0"
"0","{""id"":""analyst"",""name"":""Analyst""}","0","{""id"":""analyst_consensus"",""name"":""Standardized Analyst Consensus Forecasts""}","1","2026-07-01","1","Currency/regime-adjusted median estimate combined with actuals (forecast+actual) for annual revenue","median_forecast_actual_fxadj_revenue_annual12_tribes","2","GBR","{""id"":""analyst-analyst-estimates"",""name"":""Analyst Estimates""}","[]","VECTOR","TOP700","0"
"0","{""id"":""analyst"",""name"":""Analyst""}","0","{""id"":""analyst_consensus"",""name"":""Standardized Analyst Consensus Forecasts""}","1","2026-07-01","1","Currency/regime-adjusted median estimate combined with actuals","median_forecast_actual_fxadj_tax_provision_quarterly16","2","GBR","{""id"":""analyst-analyst-estimates"",""name"":""Analyst Estimates""}","[]","VECTOR","TOP700","0"
"0","{""id"":""analyst"",""name"":""Analyst""}","0","{""id"":""analyst_consensus"",""name"":""Standardized Analyst Consensus Forecasts""}","1","2026-07-01","1","Forecast plus actual overlay of the median estimate for the PPROFIT quarterly metric","median_forecast_actual_pretax_quarterly16_tribes","2","GBR","{""id"":""analyst-analyst-estimates"",""name"":""Analyst Estimates""}","[]","VECTOR","TOP700","0"
"0","{""id"":""analyst"",""name"":""Analyst""}","0","{""id"":""analyst_consensus"",""name"":""Standardized Analyst Consensus Forecasts""}","1","2026-07-01","1","Median estimate combined with subsequent actuals for quarterly revenue (Forecast+Actual)","median_forecast_actual_revenue_quarterly16_tribes","2","GBR","{""id"":""analyst-analyst-estimates"",""name"":""Analyst Estimates""}","[]","VECTOR","TOP700","0"
"0","{""id"":""analyst"",""name"":""Analyst""}","0","{""id"":""analyst_consensus"",""name"":""Standardized Analyst Consensus Forecasts""}","1","2026-07-01","1","Median analyst estimate combined with subsequent actuals for annual ROA (Forecast+Actual FA overlay)","median_forecast_actual_roe_annual12_tribes","2","GBR","{""id"":""analyst-analyst-estimates"",""name"":""Analyst Estimates""}","[]","VECTOR","TOP700","0"
"0","{""id"":""analyst"",""name"":""Analyst""}","0","{""id"":""analyst_consensus"",""name"":""Standardized Analyst Consensus Forecasts""}","1","2026-07-01","1","Median estimate combined with actuals (Forecast plus Actual) for tax provision","median_forecast_actual_tax_provision_quarterly16","2","GBR","{""id"":""analyst-analyst-estimates"",""name"":""Analyst Estimates""}","[]","VECTOR","TOP700","0"
"0","{""id"":""analyst"",""name"":""Analyst""}","0","{""id"":""analyst_consensus"",""name"":""Standardized Analyst Consensus Forecasts""}","1","2026-07-01","1","Surprise versus the median consensus EBITDA estimate, typically calculated as Actual minus median estimate, regime-aware","median_surprise_ebitda_annual12","2","GBR","{""id"":""analyst-analyst-estimates"",""name"":""Analyst Estimates""}","[]","VECTOR","TOP700","0"
"0","{""id"":""analyst"",""name"":""Analyst""}","0","{""id"":""analyst_consensus"",""name"":""Standardized Analyst Consensus Forecasts""}","1","2026-07-01","1","Surprise: actual minus median consensus estimate for EV","median_surprise_enterprisevalue_annual12","2","GBR","{""id"":""analyst-analyst-estimates"",""name"":""Analyst Estimates""}","[]","VECTOR","TOP700","0"
"0","{""id"":""analyst"",""name"":""Analyst""}","0","{""id"":""analyst_consensus"",""name"":""Standardized Analyst Consensus Forecasts""}","1","2026-07-01","1","Currency-adjusted surprise relative to the median EBITDA estimate","median_surprise_fxadj_ebitda_annual12","2","GBR","{""id"":""analyst-analyst-estimates"",""name"":""Analyst Estimates""}","[]","VECTOR","TOP700","0"
"0","{""id"":""analyst"",""name"":""Analyst""}","0","{""id"":""analyst_consensus"",""name"":""Standardized Analyst Consensus Forecasts""}","1","2026-07-01","1","Currency/regime-adjusted surprise based on median estimate for EV","median_surprise_fxadj_enterprisevalue_annual12","2","GBR","{""id"":""analyst-analyst-estimates"",""name"":""Analyst Estimates""}","[]","VECTOR","TOP700","0"
"0","{""id"":""analyst"",""name"":""Analyst""}","0","{""id"":""analyst_consensus"",""name"":""Standardized Analyst Consensus Forecasts""}","1","2026-07-01","1","Currency/split/regime-adjusted surprise for annual Net Debt (Actual minus median consensus estimate)","median_surprise_fxadj_netdebt_annual12_tribes_2","2","GBR","{""id"":""analyst-analyst-estimates"",""name"":""Analyst Estimates""}","[]","VECTOR","TOP700","0"
"0","{""id"":""analyst"",""name"":""Analyst""}","0","{""id"":""analyst_consensus"",""name"":""Standardized Analyst Consensus Forecasts""}","1","2026-07-01","1","Currency/regime-adjusted surprise using median estimate (Actual minus median estimate)","median_surprise_fxadj_tax_provision_quarterly16","2","GBR","{""id"":""analyst-analyst-estimates"",""name"":""Analyst Estimates""}","[]","VECTOR","TOP700","0"
"0","{""id"":""analyst"",""name"":""Analyst""}","0","{""id"":""analyst_consensus"",""name"":""Standardized Analyst Consensus Forecasts""}","1","2026-07-01","1","Surprise for annual Net Debt (Actual minus median consensus estimate), unadjusted","median_surprise_netdebt_annual12_tribes_2","2","GBR","{""id"":""analyst-analyst-estimates"",""name"":""Analyst Estimates""}","[]","VECTOR","TOP700","0"
"0","{""id"":""analyst"",""name"":""Analyst""}","0","{""id"":""analyst_consensus"",""name"":""Standardized Analyst Consensus Forecasts""}","1","2026-07-01","1","Surprise: Actual BVPS minus median consensus BVPS at time of report","median_surprise_value_bvps_annual12_2","2","GBR","{""id"":""analyst-analyst-estimates"",""name"":""Analyst Estimates""}","[]","VECTOR","TOP700","0"
"0","{""id"":""analyst"",""name"":""Analyst""}","0","{""id"":""analyst_consensus"",""name"":""Standardized Analyst Consensus Forecasts""}","1","2026-07-01","1","Median CAPEX surprise (actual minus median estimate), unadjusted","median_surprise_value_capex_annual12_3","2","GBR","{""id"":""analyst-analyst-estimates"",""name"":""Analyst Estimates""}","[]","VECTOR","TOP700","0"
"0","{""id"":""analyst"",""name"":""Analyst""}","0","{""id"":""analyst_consensus"",""name"":""Standardized Analyst Consensus Forecasts""}","1","2026-07-01","1","Surprise = Actual minus median estimate for CFFINANCE (unadjusted)","median_surprise_value_cashflowfinancing_annual12","2","GBR","{""id"":""analyst-analyst-estimates"",""name"":""Analyst Estimates""}","[]","VECTOR","TOP700","0"
"0","{""id"":""analyst"",""name"":""Analyst""}","0","{""id"":""analyst_consensus"",""name"":""Standardized Analyst Consensus Forecasts""}","1","2026-07-01","1","Median estimate surprise for cash flow from investing (actual minus median consensus)","median_surprise_value_cashflowinvesting_annual12","2","GBR","{""id"":""analyst-analyst-estimates"",""name"":""Analyst Estimates""}","[]","VECTOR","TOP700","0"
"0","{""id"":""analyst"",""name"":""Analyst""}","0","{""id"":""analyst_consensus"",""name"":""Standardized Analyst Consensus Forecasts""}","1","2026-07-01","1","Surprise versus the consensus median estimate for annual operating cash flow (Actual minus median estimate), regime-aware","median_surprise_value_cfo_annual12","2","GBR","{""id"":""analyst-analyst-estimates"",""name"":""Analyst Estimates""}","[]","VECTOR","TOP700","0"
"0","{""id"":""analyst"",""name"":""Analyst""}","0","{""id"":""analyst_consensus"",""name"":""Standardized Analyst Consensus Forecasts""}","1","2026-07-01","1","Vendor-provided surprise: actual reported CFPS minus the contemporaneous median consensus estimate (embargo-aware snapshot)","median_surprise_value_cfps_annual12_2","2","GBR","{""id"":""analyst-analyst-estimates"",""name"":""Analyst Estimates""}","[]","VECTOR","TOP700","0"
"0","{""id"":""analyst"",""name"":""Analyst""}","0","{""id"":""analyst_consensus"",""name"":""Standardized Analyst Consensus Forecasts""}","1","2026-07-01","1","Difference between actual reported COGS and the median analyst consensus estimate (surprise)","median_surprise_value_cogs_annual12_tribes","2","GBR","{""id"":""analyst-analyst-estimates"",""name"":""Analyst Estimates""}","[]","VECTOR","TOP700","0"
"0","{""id"":""analyst"",""name"":""Analyst""}","0","{""id"":""analyst_consensus"",""name"":""Standardized Analyst Consensus Forecasts""}","0.7451","2026-07-01","1","Surprise for annual current assets defined as Actual minus median consensus estimate","median_surprise_value_currentassets_annual12","2","GBR","{""id"":""analyst-analyst-estimates"",""name"":""Analyst Estimates""}","[]","VECTOR","TOP700","0"
"0","{""id"":""analyst"",""name"":""Analyst""}","0","{""id"":""analyst_consensus"",""name"":""Standardized Analyst Consensus Forecasts""}","0.7451","2026-07-01","1","Surprise for annual current liabilities, calculated as Actual minus median consensus estimate","median_surprise_value_currentliabilities_annual12","2","GBR","{""id"":""analyst-analyst-estimates"",""name"":""Analyst Estimates""}","[]","VECTOR","TOP700","0"
"0","{""id"":""analyst"",""name"":""Analyst""}","0","{""id"":""analyst_consensus"",""name"":""Standardized Analyst Consensus Forecasts""}","1","2026-07-01","1","Surprise value: actual minus consensus median estimate for annual depreciation","median_surprise_value_depreciation_annual12","2","GBR","{""id"":""analyst-analyst-estimates"",""name"":""Analyst Estimates""}","[]","VECTOR","TOP700","0"
"0","{""id"":""analyst"",""name"":""Analyst""}","0","{""id"":""analyst_consensus"",""name"":""Standardized Analyst Consensus Forecasts""}","1","2026-07-01","1","Median value of the difference between actual and consensus dividend per share for the annual period.","median_surprise_value_dividend_annual12","2","GBR","{""id"":""analyst-analyst-estimates"",""name"":""Analyst Estimates""}","[]","VECTOR","TOP700","0"
"0","{""id"":""analyst"",""name"":""Analyst""}","0","{""id"":""analyst_consensus"",""name"":""Standardized Analyst Consensus Forecasts""}","1","2026-07-01","1","Surprise versus the median DPS estimate (Actual minus median consensus)","median_surprise_value_dividend_annual12_2","2","GBR","{""id"":""analyst-analyst-estimates"",""name"":""Analyst Estimates""}","[]","VECTOR","TOP700","0"
"0","{""id"":""analyst"",""name"":""Analyst""}","0","{""id"":""analyst_consensus"",""name"":""Standardized Analyst Consensus Forecasts""}","1","2026-07-01","1","Median surprise between actual and consensus annual total dividends.","median_surprise_value_dividend_annual12_tribes","2","GBR","{""id"":""analyst-analyst-estimates"",""name"":""Analyst Estimates""}","[]","VECTOR","TOP700","0"
"0","{""id"":""analyst"",""name"":""Analyst""}","0","{""id"":""analyst_consensus"",""name"":""Standardized Analyst Consensus Forecasts""}","1","2026-07-01","1","Surprise versus the median estimate (actual minus median)","median_surprise_value_dps_quarterly16","2","GBR","{""id"":""analyst-analyst-estimates"",""name"":""Analyst Estimates""}","[]","VECTOR","TOP700","0"
"0","{""id"":""analyst"",""name"":""Analyst""}","0","{""id"":""analyst_consensus"",""name"":""Standardized Analyst Consensus Forecasts""}","1","2026-07-01","1","Vendor surprise overlay: Actual minus median consensus estimate at time of reporting for annual Reported EBITDA","median_surprise_value_ebitdarep_annual12","2","GBR","{""id"":""analyst-analyst-estimates"",""name"":""Analyst Estimates""}","[]","VECTOR","TOP700","0"
"0","{""id"":""analyst"",""name"":""Analyst""}","0","{""id"":""analyst_consensus"",""name"":""Standardized Analyst Consensus Forecasts""}","1","2026-07-01","1","Surprise versus median consensus (Actual − Median estimate) at report time","median_surprise_value_ebitda_quarterly16","2","GBR","{""id"":""analyst-analyst-estimates"",""name"":""Analyst Estimates""}","[]","VECTOR","TOP700","0"
"0","{""id"":""analyst"",""name"":""Analyst""}","0","{""id"":""analyst_consensus"",""name"":""Standardized Analyst Consensus Forecasts""}","1","2026-07-01","1","Surprise: deviation between actual EBIT and the median consensus estimate","median_surprise_value_ebit_annual12","2","GBR","{""id"":""analyst-analyst-estimates"",""name"":""Analyst Estimates""}","[]","VECTOR","TOP700","0"
"0","{""id"":""analyst"",""name"":""Analyst""}","0","{""id"":""analyst_consensus"",""name"":""Standardized Analyst Consensus Forecasts""}","1","2026-07-01","1","Median of the difference between actual and consensus EBIT for the annual period.","median_surprise_value_ebit_annual12_2","2","GBR","{""id"":""analyst-analyst-estimates"",""name"":""Analyst Estimates""}","[]","VECTOR","TOP700","0"
"0","{""id"":""analyst"",""name"":""Analyst""}","0","{""id"":""analyst_consensus"",""name"":""Standardized Analyst Consensus Forecasts""}","1","2026-07-01","1","Surprise overlay: actual reported quarterly EBIT minus the median analyst consensus estimate","median_surprise_value_ebit_quarterly16","2","GBR","{""id"":""analyst-analyst-estimates"",""name"":""Analyst Estimates""}","[]","VECTOR","TOP700","0"
"0","{""id"":""analyst"",""name"":""Analyst""}","0","{""id"":""analyst_consensus"",""name"":""Standardized Analyst Consensus Forecasts""}","1","2026-07-01","1","Median earnings surprise for EBT (actual minus consensus estimate)","median_surprise_value_ebt_annual12","2","GBR","{""id"":""analyst-analyst-estimates"",""name"":""Analyst Estimates""}","[]","VECTOR","TOP700","0"
"0","{""id"":""analyst"",""name"":""Analyst""}","0","{""id"":""analyst_consensus"",""name"":""Standardized Analyst Consensus Forecasts""}","1","2026-07-01","1","Surprise versus median consensus (Actual minus median estimate) for EPSREP","median_surprise_value_epsreported_annual12","2","GBR","{""id"":""analyst-analyst-estimates"",""name"":""Analyst Estimates""}","[]","VECTOR","TOP700","0"
"0","{""id"":""analyst"",""name"":""Analyst""}","0","{""id"":""analyst_consensus"",""name"":""Standardized Analyst Consensus Forecasts""}","1","2026-07-01","1","Surprise versus median EPS estimate (Actual minus median consensus)","median_surprise_value_eps_annual12","2","GBR","{""id"":""analyst-analyst-estimates"",""name"":""Analyst Estimates""}","[]","VECTOR","TOP700","0"
"0","{""id"":""analyst"",""name"":""Analyst""}","0","{""id"":""analyst_consensus"",""name"":""Standardized Analyst Consensus Forecasts""}","1","2026-07-01","1","Surprise versus the median quarterly EPS consensus (Actual minus MedianEst), regime-aware and embargo-compliant","median_surprise_value_eps_quarterly16_2","2","GBR","{""id"":""analyst-analyst-estimates"",""name"":""Analyst Estimates""}","[]","VECTOR","TOP700","0"
"0","{""id"":""analyst"",""name"":""Analyst""}","0","{""id"":""analyst_consensus"",""name"":""Standardized Analyst Consensus Forecasts""}","1","2026-07-01","1","Surprise relative to the median EPSREP estimate (Actual minus median estimate)","median_surprise_value_eps_reported_quarterly16","2","GBR","{""id"":""analyst-analyst-estimates"",""name"":""Analyst Estimates""}","[]","VECTOR","TOP700","0"
"0","{""id"":""analyst"",""name"":""Analyst""}","0","{""id"":""analyst_consensus"",""name"":""Standardized Analyst Consensus Forecasts""}","1","2026-07-01","1","Surprise based on median consensus for FCFPS (Actual minus MedianEst), vendor-provided overlay","median_surprise_value_fcfps_annual12","2","GBR","{""id"":""analyst-analyst-estimates"",""name"":""Analyst Estimates""}","[]","VECTOR","TOP700","0"
"0","{""id"":""analyst"",""name"":""Analyst""}","0","{""id"":""analyst_consensus"",""name"":""Standardized Analyst Consensus Forecasts""}","1","2026-07-01","1","Surprise using median: Actual minus median annual FCF estimate","median_surprise_value_fcf_annual12","2","GBR","{""id"":""analyst-analyst-estimates"",""name"":""Analyst Estimates""}","[]","VECTOR","TOP700","0"
"0","{""id"":""analyst"",""name"":""Analyst""}","0","{""id"":""analyst_consensus"",""name"":""Standardized Analyst Consensus Forecasts""}","1","2026-07-01","1","Median of the differences between actual and currency-adjusted forecasts for book value per share for the annual period.","median_surprise_value_fxadj_bvps_annual12_tribes","2","GBR","{""id"":""analyst-analyst-estimates"",""name"":""Analyst Estimates""}","[]","VECTOR","TOP700","0"
"0","{""id"":""analyst"",""name"":""Analyst""}","0","{""id"":""analyst_consensus"",""name"":""Standardized Analyst Consensus Forecasts""}","1","2026-07-01","1","Currency-adjusted median CAPEX surprise (actual minus median estimate)","median_surprise_value_fxadj_capex_annual12_2","2","GBR","{""id"":""analyst-analyst-estimates"",""name"":""Analyst Estimates""}","[]","VECTOR","TOP700","0"
"0","{""id"":""analyst"",""name"":""Analyst""}","0","{""id"":""analyst_consensus"",""name"":""Standardized Analyst Consensus Forecasts""}","1","2026-07-01","1","Currency-adjusted surprise versus consensus median for Cash Flow from Financing","median_surprise_value_fxadj_cashflowfinancing_annual12","2","GBR","{""id"":""analyst-analyst-estimates"",""name"":""Analyst Estimates""}","[]","VECTOR","TOP700","0"
"0","{""id"":""analyst"",""name"":""Analyst""}","0","{""id"":""analyst_consensus"",""name"":""Standardized Analyst Consensus Forecasts""}","1","2026-07-01","1","Currency-adjusted median estimate surprise for cash flow from investing (actual minus median consensus)","median_surprise_value_fxadj_cfinvest_annual12_tribes","2","GBR","{""id"":""analyst-analyst-estimates"",""name"":""Analyst Estimates""}","[]","VECTOR","TOP700","0"
"0","{""id"":""analyst"",""name"":""Analyst""}","0","{""id"":""analyst_consensus"",""name"":""Standardized Analyst Consensus Forecasts""}","1","2026-07-01","1","Currency-adjusted surprise versus the consensus median estimate for annual operating cash flow (Actual minus median estimate), regime-aware","median_surprise_value_fxadj_cfo_annual12","2","GBR","{""id"":""analyst-analyst-estimates"",""name"":""Analyst Estimates""}","[]","VECTOR","TOP700","0"
"0","{""id"":""analyst"",""name"":""Analyst""}","0","{""id"":""analyst_consensus"",""name"":""Standardized Analyst Consensus Forecasts""}","1","2026-07-01","1","Currency-adjusted surprise versus median CFPS estimate","median_surprise_value_fxadj_cfps_annual12_2","2","GBR","{""id"":""analyst-analyst-estimates"",""name"":""Analyst Estimates""}","[]","VECTOR","TOP700","0"
"0","{""id"":""analyst"",""name"":""Analyst""}","0","{""id"":""analyst_consensus"",""name"":""Standardized Analyst Consensus Forecasts""}","1","2026-07-01","1","Currency/split adjusted surprise for COGS based on the median analyst consensus","median_surprise_value_fxadj_cogs_annual12_tribes","2","GBR","{""id"":""analyst-analyst-estimates"",""name"":""Analyst Estimates""}","[]","VECTOR","TOP700","0"
"0","{""id"":""analyst"",""name"":""Analyst""}","0","{""id"":""analyst_consensus"",""name"":""Standardized Analyst Consensus Forecasts""}","0.7451","2026-07-01","1","Currency/split/regime-adjusted surprise for annual current assets based on Actual minus median estimate","median_surprise_value_fxadj_currentassets_annual12","2","GBR","{""id"":""analyst-analyst-estimates"",""name"":""Analyst Estimates""}","[]","VECTOR","TOP700","0"
"0","{""id"":""analyst"",""name"":""Analyst""}","0","{""id"":""analyst_consensus"",""name"":""Standardized Analyst Consensus Forecasts""}","0.7451","2026-07-01","1","Currency-adjusted surprise based on the median consensus estimate (Actual minus median) for annual current liabilities","median_surprise_value_fxadj_currentliabilities_annual12","2","GBR","{""id"":""analyst-analyst-estimates"",""name"":""Analyst Estimates""}","[]","VECTOR","TOP700","0"
"0","{""id"":""analyst"",""name"":""Analyst""}","0","{""id"":""analyst_consensus"",""name"":""Standardized Analyst Consensus Forecasts""}","1","2026-07-01","1","Currency-adjusted median estimate surprise (actual minus adjusted median) for annual depreciation","median_surprise_value_fxadj_depreciation_annual12","2","GBR","{""id"":""analyst-analyst-estimates"",""name"":""Analyst Estimates""}","[]","VECTOR","TOP700","0"
"0","{""id"":""analyst"",""name"":""Analyst""}","0","{""id"":""analyst_consensus"",""name"":""Standardized Analyst Consensus Forecasts""}","1","2026-07-01","1","Vendor surprise overlay: adjusted median difference between actual DPS and consensus estimates","median_surprise_value_fxadj_dividend_annual12","2","GBR","{""id"":""analyst-analyst-estimates"",""name"":""Analyst Estimates""}","[]","VECTOR","TOP700","0"
"0","{""id"":""analyst"",""name"":""Analyst""}","0","{""id"":""analyst_consensus"",""name"":""Standardized Analyst Consensus Forecasts""}","1","2026-07-01","1","Currency-adjusted surprise versus the median DPS estimate (Actual minus median consensus)","median_surprise_value_fxadj_dividend_annual12_2","2","GBR","{""id"":""analyst-analyst-estimates"",""name"":""Analyst Estimates""}","[]","VECTOR","TOP700","0"
"0","{""id"":""analyst"",""name"":""Analyst""}","0","{""id"":""analyst_consensus"",""name"":""Standardized Analyst Consensus Forecasts""}","1","2026-07-01","1","FX/currency-adjusted surprise for TOTDIV based on median estimate (Actual minus MedianEst)","median_surprise_value_fxadj_dividend_annual12_tribes","2","GBR","{""id"":""analyst-analyst-estimates"",""name"":""Analyst Estimates""}","[]","VECTOR","TOP700","0"
"0","{""id"":""analyst"",""name"":""Analyst""}","0","{""id"":""analyst_consensus"",""name"":""Standardized Analyst Consensus Forecasts""}","1","2026-07-01","1","Currency/regime-adjusted surprise versus the median estimate","median_surprise_value_fxadj_dps_quarterly16","2","GBR","{""id"":""analyst-analyst-estimates"",""name"":""Analyst Estimates""}","[]","VECTOR","TOP700","0"
"0","{""id"":""analyst"",""name"":""Analyst""}","0","{""id"":""analyst_consensus"",""name"":""Standardized Analyst Consensus Forecasts""}","1","2026-07-01","1","Currency-adjusted surprise overlay: Actual minus median consensus estimate for annual Reported EBITDA","median_surprise_value_fxadj_ebitdarep_annual12","2","GBR","{""id"":""analyst-analyst-estimates"",""name"":""Analyst Estimates""}","[]","VECTOR","TOP700","0"
"0","{""id"":""analyst"",""name"":""Analyst""}","0","{""id"":""analyst_consensus"",""name"":""Standardized Analyst Consensus Forecasts""}","1","2026-07-01","1","Currency-adjusted surprise versus median consensus (Actual − Median estimate) at report time","median_surprise_value_fxadj_ebitda_quarterly16","2","GBR","{""id"":""analyst-analyst-estimates"",""name"":""Analyst Estimates""}","[]","VECTOR","TOP700","0"
"0","{""id"":""analyst"",""name"":""Analyst""}","0","{""id"":""analyst_consensus"",""name"":""Standardized Analyst Consensus Forecasts""}","1","2026-07-01","1","Currency-adjusted median estimate surprise (actual minus adjusted median)","median_surprise_value_fxadj_ebit_annual12","2","GBR","{""id"":""analyst-analyst-estimates"",""name"":""Analyst Estimates""}","[]","VECTOR","TOP700","0"
"0","{""id"":""analyst"",""name"":""Analyst""}","0","{""id"":""analyst_consensus"",""name"":""Standardized Analyst Consensus Forecasts""}","1","2026-07-01","1","Median of the currency-adjusted surprise between actual and consensus EBIT for the annual period.","median_surprise_value_fxadj_ebit_annual12_2","2","GBR","{""id"":""analyst-analyst-estimates"",""name"":""Analyst Estimates""}","[]","VECTOR","TOP700","0"
"0","{""id"":""analyst"",""name"":""Analyst""}","0","{""id"":""analyst_consensus"",""name"":""Standardized Analyst Consensus Forecasts""}","1","2026-07-01","1","Currency-adjusted surprise relative to the median estimate for quarterly EBIT (Actual minus MedianEst)","median_surprise_value_fxadj_ebit_quarterly16_tribes","2","GBR","{""id"":""analyst-analyst-estimates"",""name"":""Analyst Estimates""}","[]","VECTOR","TOP700","0"
"0","{""id"":""analyst"",""name"":""Analyst""}","0","{""id"":""analyst_consensus"",""name"":""Standardized Analyst Consensus Forecasts""}","1","2026-07-01","1","Regime-adjusted median earnings surprise for EBT (actual minus consensus estimate)","median_surprise_value_fxadj_ebt_annual12","2","GBR","{""id"":""analyst-analyst-estimates"",""name"":""Analyst Estimates""}","[]","VECTOR","TOP700","0"
"0","{""id"":""analyst"",""name"":""Analyst""}","0","{""id"":""analyst_consensus"",""name"":""Standardized Analyst Consensus Forecasts""}","1","2026-07-01","1","Currency-adjusted surprise versus median consensus for EPSREP","median_surprise_value_fxadj_epsreported_annual12","2","GBR","{""id"":""analyst-analyst-estimates"",""name"":""Analyst Estimates""}","[]","VECTOR","TOP700","0"
"0","{""id"":""analyst"",""name"":""Analyst""}","0","{""id"":""analyst_consensus"",""name"":""Standardized Analyst Consensus Forecasts""}","1","2026-07-01","1","Currency-adjusted surprise versus median EPS estimate (Actual minus median consensus)","median_surprise_value_fxadj_eps_annual12","2","GBR","{""id"":""analyst-analyst-estimates"",""name"":""Analyst Estimates""}","[]","VECTOR","TOP700","0"
"0","{""id"":""analyst"",""name"":""Analyst""}","0","{""id"":""analyst_consensus"",""name"":""Standardized Analyst Consensus Forecasts""}","1","2026-07-01","1","Currency-adjusted surprise versus the median quarterly EPS consensus (Actual_adj minus MedianEst_adj)","median_surprise_value_fxadj_eps_quarterly16_tribes","2","GBR","{""id"":""analyst-analyst-estimates"",""name"":""Analyst Estimates""}","[]","VECTOR","TOP700","0"
"0","{""id"":""analyst"",""name"":""Analyst""}","0","{""id"":""analyst_consensus"",""name"":""Standardized Analyst Consensus Forecasts""}","1","2026-07-01","1","Currency/split-adjusted surprise based on median consensus for FCFPS (Actual minus MedianEst), vendor-provided overlay","median_surprise_value_fxadj_fcfps_annual12","2","GBR","{""id"":""analyst-analyst-estimates"",""name"":""Analyst Estimates""}","[]","VECTOR","TOP700","0"
"0","{""id"":""analyst"",""name"":""Analyst""}","0","{""id"":""analyst_consensus"",""name"":""Standardized Analyst Consensus Forecasts""}","1","2026-07-01","1","FX/regime-adjusted surprise: Actual minus median annual FCF estimate","median_surprise_value_fxadj_fcf_annual12","2","GBR","{""id"":""analyst-analyst-estimates"",""name"":""Analyst Estimates""}","[]","VECTOR","TOP700","0"
"0","{""id"":""analyst"",""name"":""Analyst""}","0","{""id"":""analyst_consensus"",""name"":""Standardized Analyst Consensus Forecasts""}","1","2026-07-01","1","Currency-adjusted surprise of the median EPSREP estimate (Actual minus median estimate)","median_surprise_value_fxadj_fullyreported_quarterly16_tribes","2","GBR","{""id"":""analyst-analyst-estimates"",""name"":""Analyst Estimates""}","[]","VECTOR","TOP700","0"
"0","{""id"":""analyst"",""name"":""Analyst""}","0","{""id"":""analyst_consensus"",""name"":""Standardized Analyst Consensus Forecasts""}","1","2026-07-01","1","Currency-adjusted surprise based on the median estimate (Actual minus median estimate), vendor overlay","median_surprise_value_fxadj_goodwill_annual12","2","GBR","{""id"":""analyst-analyst-estimates"",""name"":""Analyst Estimates""}","[]","VECTOR","TOP700","0"
"0","{""id"":""analyst"",""name"":""Analyst""}","0","{""id"":""analyst_consensus"",""name"":""Standardized Analyst Consensus Forecasts""}","1","2026-07-01","1","Median difference between actual and forecasted fully reported earnings per share, adjusted for currency effects.","median_surprise_value_fxadj_gps","2","GBR","{""id"":""analyst-analyst-estimates"",""name"":""Analyst Estimates""}","[]","VECTOR","TOP700","0"
"0","{""id"":""analyst"",""name"":""Analyst""}","0","{""id"":""analyst_consensus"",""name"":""Standardized Analyst Consensus Forecasts""}","1","2026-07-01","1","Currency/splits/regime-adjusted median estimate surprise for annual Interest Expense","median_surprise_value_fxadj_interest_expense_annual12","2","GBR","{""id"":""analyst-analyst-estimates"",""name"":""Analyst Estimates""}","[]","VECTOR","TOP700","0"
"0","{""id"":""analyst"",""name"":""Analyst""}","0","{""id"":""analyst_consensus"",""name"":""Standardized Analyst Consensus Forecasts""}","0.9956","2026-07-01","1","Currency-adjusted surprise versus median consensus for annual inventory","median_surprise_value_fxadj_inventory_annual12","2","GBR","{""id"":""analyst-analyst-estimates"",""name"":""Analyst Estimates""}","[]","VECTOR","TOP700","0"
"0","{""id"":""analyst"",""name"":""Analyst""}","0","{""id"":""analyst_consensus"",""name"":""Standardized Analyst Consensus Forecasts""}","0.7451","2026-07-01","1","Currency/regime-adjusted surprise: actual minus consensus median estimate","median_surprise_value_fxadj_marketable_securities_annual12","2","GBR","{""id"":""analyst-analyst-estimates"",""name"":""Analyst Estimates""}","[]","VECTOR","TOP700","0"
"0","{""id"":""analyst"",""name"":""Analyst""}","0","{""id"":""analyst_consensus"",""name"":""Standardized Analyst Consensus Forecasts""}","1","2026-07-01","1","Median surprise (actual minus estimate) for net asset value, adjusted for currency, in the annual period.","median_surprise_value_fxadj_nav_annual12","2","GBR","{""id"":""analyst-analyst-estimates"",""name"":""Analyst Estimates""}","[]","VECTOR","TOP700","0"
"0","{""id"":""analyst"",""name"":""Analyst""}","0","{""id"":""analyst_consensus"",""name"":""Standardized Analyst Consensus Forecasts""}","1","2026-07-01","1","Currency-adjusted surprise: Actual NAV minus consensus median NAV estimate","median_surprise_value_fxadj_nav_annual12_tribes","2","GBR","{""id"":""analyst-analyst-estimates"",""name"":""Analyst Estimates""}","[]","VECTOR","TOP700","0"
"0","{""id"":""analyst"",""name"":""Analyst""}","0","{""id"":""analyst_consensus"",""name"":""Standardized Analyst Consensus Forecasts""}","1","2026-07-01","1","Median difference between actual and consensus net income, adjusted for currency.","median_surprise_value_fxadj_net2","2","GBR","{""id"":""analyst-analyst-estimates"",""name"":""Analyst Estimates""}","[]","VECTOR","TOP700","0"
"0","{""id"":""analyst"",""name"":""Analyst""}","0","{""id"":""analyst_consensus"",""name"":""Standardized Analyst Consensus Forecasts""}","1","2026-07-01","1","Currency-adjusted surprise for the median estimate (actual minus median consensus, expressed in default currency)","median_surprise_value_fxadj_netprofitreported_annual12_2","2","GBR","{""id"":""analyst-analyst-estimates"",""name"":""Analyst Estimates""}","[]","VECTOR","TOP700","0"
"0","{""id"":""analyst"",""name"":""Analyst""}","0","{""id"":""analyst_consensus"",""name"":""Standardized Analyst Consensus Forecasts""}","1","2026-07-01","1","Currency-adjusted surprise: actual minus median estimate for annual net profit","median_surprise_value_fxadj_netprofit_annual12","2","GBR","{""id"":""analyst-analyst-estimates"",""name"":""Analyst Estimates""}","[]","VECTOR","TOP700","0"
"0","{""id"":""analyst"",""name"":""Analyst""}","0","{""id"":""analyst_consensus"",""name"":""Standardized Analyst Consensus Forecasts""}","1","2026-07-01","1","Currency-adjusted surprise relative to the median estimate (actual minus median)","median_surprise_value_fxadj_netprofit_quarterly16","2","GBR","{""id"":""analyst-analyst-estimates"",""name"":""Analyst Estimates""}","[]","VECTOR","TOP700","0"
"0","{""id"":""analyst"",""name"":""Analyst""}","0","{""id"":""analyst_consensus"",""name"":""Standardized Analyst Consensus Forecasts""}","1","2026-07-01","1","Currency-adjusted surprise based on median consensus (Actual minus median estimate), vendor overlay","median_surprise_value_fxadj_netprofit_reported_quarterly16","2","GBR","{""id"":""analyst-analyst-estimates"",""name"":""Analyst Estimates""}","[]","VECTOR","TOP700","0"
"0","{""id"":""analyst"",""name"":""Analyst""}","0","{""id"":""analyst_consensus"",""name"":""Standardized Analyst Consensus Forecasts""}","1","2026-07-01","1","Median of the difference between actual and forecasted operating expense, adjusted for currency, for the annual period.","median_surprise_value_fxadj_operatingexpense_annual12","2","GBR","{""id"":""analyst-analyst-estimates"",""name"":""Analyst Estimates""}","[]","VECTOR","TOP700","0"
"0","{""id"":""analyst"",""name"":""Analyst""}","0","{""id"":""analyst_consensus"",""name"":""Standardized Analyst Consensus Forecasts""}","1","2026-07-01","1","Median value of the difference between actual and forecasted annual pre-tax profit, currency-adjusted.","median_surprise_value_fxadj_pretax_annual12","2","GBR","{""id"":""analyst-analyst-estimates"",""name"":""Analyst Estimates""}","[]","VECTOR","TOP700","0"
"0","{""id"":""analyst"",""name"":""Analyst""}","0","{""id"":""analyst_consensus"",""name"":""Standardized Analyst Consensus Forecasts""}","1","2026-07-01","1","Vendor-reported surprise for annual pre-tax profit equal to actual minus median estimate, currency-adjusted","median_surprise_value_fxadj_pretax_annual12_2","2","GBR","{""id"":""analyst-analyst-estimates"",""name"":""Analyst Estimates""}","[]","VECTOR","TOP700","0"
"0","{""id"":""analyst"",""name"":""Analyst""}","0","{""id"":""analyst_consensus"",""name"":""Standardized Analyst Consensus Forecasts""}","1","2026-07-01","1","Currency-adjusted surprise for the PPROFIT quarterly metric, computed as Actual minus the median consensus estimate","median_surprise_value_fxadj_pretax_quarterly16_tribes","2","GBR","{""id"":""analyst-analyst-estimates"",""name"":""Analyst Estimates""}","[]","VECTOR","TOP700","0"
"0","{""id"":""analyst"",""name"":""Analyst""}","0","{""id"":""analyst_consensus"",""name"":""Standardized Analyst Consensus Forecasts""}","1","2026-07-01","1","Median of the currency-adjusted surprise between actual and consensus pre-tax reported profit for the annual period.","median_surprise_value_fxadj_pretax_reported_annual12_3","2","GBR","{""id"":""analyst-analyst-estimates"",""name"":""Analyst Estimates""}","[]","VECTOR","TOP700","0"
"0","{""id"":""analyst"",""name"":""Analyst""}","0","{""id"":""analyst_consensus"",""name"":""Standardized Analyst Consensus Forecasts""}","1","2026-07-01","1","Currency/split adjusted surprise versus median estimate (actual minus median estimate)","median_surprise_value_fxadj_pretax_reported_annual12_tribes","2","GBR","{""id"":""analyst-analyst-estimates"",""name"":""Analyst Estimates""}","[]","VECTOR","TOP700","0"
"0","{""id"":""analyst"",""name"":""Analyst""}","0","{""id"":""analyst_consensus"",""name"":""Standardized Analyst Consensus Forecasts""}","1","2026-07-01","1","Currency-adjusted median estimate surprise for the PPROFITREP metric","median_surprise_value_fxadj_pretax_reported_quarterly16","2","GBR","{""id"":""analyst-analyst-estimates"",""name"":""Analyst Estimates""}","[]","VECTOR","TOP700","0"
"0","{""id"":""analyst"",""name"":""Analyst""}","0","{""id"":""analyst_consensus"",""name"":""Standardized Analyst Consensus Forecasts""}","1","2026-07-01","1","Median surprise (actual minus forecast) for annual reported net income, adjusted for currency and splits.","median_surprise_value_fxadj_reportednet_annual12_2","2","GBR","{""id"":""analyst-analyst-estimates"",""name"":""Analyst Estimates""}","[]","VECTOR","TOP700","0"
"0","{""id"":""analyst"",""name"":""Analyst""}","0","{""id"":""analyst_consensus"",""name"":""Standardized Analyst Consensus Forecasts""}","1","2026-07-01","1","Median surprise (actual minus median estimate) for annual revenue, adjusted for currency.","median_surprise_value_fxadj_revenue_annual12","2","GBR","{""id"":""analyst-analyst-estimates"",""name"":""Analyst Estimates""}","[]","VECTOR","TOP700","0"
"0","{""id"":""analyst"",""name"":""Analyst""}","0","{""id"":""analyst_consensus"",""name"":""Standardized Analyst Consensus Forecasts""}","1","2026-07-01","1","Currency-adjusted surprise versus the median analyst consensus for annual revenue","median_surprise_value_fxadj_revenue_annual12_tribes","2","GBR","{""id"":""analyst-analyst-estimates"",""name"":""Analyst Estimates""}","[]","VECTOR","TOP700","0"
"0","{""id"":""analyst"",""name"":""Analyst""}","0","{""id"":""analyst_consensus"",""name"":""Standardized Analyst Consensus Forecasts""}","1","2026-07-01","1","Currency adjusted vendor surprise overlay for revenue, computed as actual minus median consensus at time of report","median_surprise_value_fxadj_revenue_quarterly16","2","GBR","{""id"":""analyst-analyst-estimates"",""name"":""Analyst Estimates""}","[]","VECTOR","TOP700","0"
"0","{""id"":""analyst"",""name"":""Analyst""}","0","{""id"":""analyst_consensus"",""name"":""Standardized Analyst Consensus Forecasts""}","1","2026-07-01","1","Currency-adjusted surprise versus the median estimate (Actual minus median consensus) for the SEquity measure","median_surprise_value_fxadj_tangbookvalue_annual12_tribes","2","GBR","{""id"":""analyst-analyst-estimates"",""name"":""Analyst Estimates""}","[]","VECTOR","TOP700","0"
"0","{""id"":""analyst"",""name"":""Analyst""}","0","{""id"":""analyst_consensus"",""name"":""Standardized Analyst Consensus Forecasts""}","1","2026-07-01","1","Currency and regime adjusted surprise versus median estimate for annual Tax Provision","median_surprise_value_fxadj_taxprovision_annual12_tribes","2","GBR","{""id"":""analyst-analyst-estimates"",""name"":""Analyst Estimates""}","[]","VECTOR","TOP700","0"
"0","{""id"":""analyst"",""name"":""Analyst""}","0","{""id"":""analyst_consensus"",""name"":""Standardized Analyst Consensus Forecasts""}","1","2026-07-01","1","Median difference between actual and forecasted effective tax rate, adjusted for currency, for the annual period.","median_surprise_value_fxadj_taxrate_annual12","2","GBR","{""id"":""analyst-analyst-estimates"",""name"":""Analyst Estimates""}","[]","VECTOR","TOP700","0"
"0","{""id"":""analyst"",""name"":""Analyst""}","0","{""id"":""analyst_consensus"",""name"":""Standardized Analyst Consensus Forecasts""}","0.1982","2026-07-01","1","Currency-adjusted surprise for annual total liabilities based on the median estimate (actual minus median)","median_surprise_value_fxadj_totalliab_annual12_tribes","2","GBR","{""id"":""analyst-analyst-estimates"",""name"":""Analyst Estimates""}","[]","VECTOR","TOP700","0"
"0","{""id"":""analyst"",""name"":""Analyst""}","0","{""id"":""analyst_consensus"",""name"":""Standardized Analyst Consensus Forecasts""}","1","2026-07-01","1","Currency-adjusted vendor surprise overlay: the difference between the reported actual and the median consensus estimate, adjusted for currency/splits","median_surprise_value_fxadj_total_assets_annual12","2","GBR","{""id"":""analyst-analyst-estimates"",""name"":""Analyst Estimates""}","[]","VECTOR","TOP700","0"
"0","{""id"":""analyst"",""name"":""Analyst""}","0","{""id"":""analyst_consensus"",""name"":""Standardized Analyst Consensus Forecasts""}","1","2026-07-01","1","Surprise based on the median estimate (Actual minus median estimate), vendor overlay","median_surprise_value_goodwill_annual12","2","GBR","{""id"":""analyst-analyst-estimates"",""name"":""Analyst Estimates""}","[]","VECTOR","TOP700","0"
"0","{""id"":""analyst"",""name"":""Analyst""}","0","{""id"":""analyst_consensus"",""name"":""Standardized Analyst Consensus Forecasts""}","1","2026-07-01","1","Median difference between actual and forecasted fully reported earnings per share (surprise) for the period.","median_surprise_value_gps","2","GBR","{""id"":""analyst-analyst-estimates"",""name"":""Analyst Estimates""}","[]","VECTOR","TOP700","0"
"0","{""id"":""analyst"",""name"":""Analyst""}","0","{""id"":""analyst_consensus"",""name"":""Standardized Analyst Consensus Forecasts""}","1","2026-07-01","1","Vendor-reported surprise: actual minus median consensus estimate for Gross Profit Margin","median_surprise_value_grossmargin_annual12_tribes","2","GBR","{""id"":""analyst-analyst-estimates"",""name"":""Analyst Estimates""}","[]","VECTOR","TOP700","0"
"0","{""id"":""analyst"",""name"":""Analyst""}","0","{""id"":""analyst_consensus"",""name"":""Standardized Analyst Consensus Forecasts""}","1","2026-07-01","1","Difference between the actual reported annual Interest Expense and the consensus median estimate (surprise)","median_surprise_value_interest_expense_annual12","2","GBR","{""id"":""analyst-analyst-estimates"",""name"":""Analyst Estimates""}","[]","VECTOR","TOP700","0"
"0","{""id"":""analyst"",""name"":""Analyst""}","0","{""id"":""analyst_consensus"",""name"":""Standardized Analyst Consensus Forecasts""}","0.9956","2026-07-01","1","Surprise versus median consensus (actual minus median estimate) for annual inventory, regime-aware","median_surprise_value_inventory_annual12","2","GBR","{""id"":""analyst-analyst-estimates"",""name"":""Analyst Estimates""}","[]","VECTOR","TOP700","0"
"0","{""id"":""analyst"",""name"":""Analyst""}","0","{""id"":""analyst_consensus"",""name"":""Standardized Analyst Consensus Forecasts""}","0.7451","2026-07-01","1","Surprise metric: actual minus consensus median estimate for Marketable Securities, regime-aware","median_surprise_value_marketable_securities_annual12","2","GBR","{""id"":""analyst-analyst-estimates"",""name"":""Analyst Estimates""}","[]","VECTOR","TOP700","0"
"0","{""id"":""analyst"",""name"":""Analyst""}","0","{""id"":""analyst_consensus"",""name"":""Standardized Analyst Consensus Forecasts""}","1","2026-07-01","1","Median surprise (actual minus estimate) for net asset value in the annual period.","median_surprise_value_nav_annual12","2","GBR","{""id"":""analyst-analyst-estimates"",""name"":""Analyst Estimates""}","[]","VECTOR","TOP700","0"
"0","{""id"":""analyst"",""name"":""Analyst""}","0","{""id"":""analyst_consensus"",""name"":""Standardized Analyst Consensus Forecasts""}","1","2026-07-01","1","Surprise of the median estimate versus the actual (actual minus median consensus)","median_surprise_value_nav_annual12_tribes","2","GBR","{""id"":""analyst-analyst-estimates"",""name"":""Analyst Estimates""}","[]","VECTOR","TOP700","0"
"0","{""id"":""analyst"",""name"":""Analyst""}","0","{""id"":""analyst_consensus"",""name"":""Standardized Analyst Consensus Forecasts""}","1","2026-07-01","1","Median difference between actual and consensus net income.","median_surprise_value_net2","2","GBR","{""id"":""analyst-analyst-estimates"",""name"":""Analyst Estimates""}","[]","VECTOR","TOP700","0"
"0","{""id"":""analyst"",""name"":""Analyst""}","0","{""id"":""analyst_consensus"",""name"":""Standardized Analyst Consensus Forecasts""}","1","2026-07-01","1","Vendor-reported surprise overlay for Net Profit Reported: actual minus the median consensus estimate at the time of the report, per period","median_surprise_value_netprofitreported_annual12_2","2","GBR","{""id"":""analyst-analyst-estimates"",""name"":""Analyst Estimates""}","[]","VECTOR","TOP700","0"
"0","{""id"":""analyst"",""name"":""Analyst""}","0","{""id"":""analyst_consensus"",""name"":""Standardized Analyst Consensus Forecasts""}","1","2026-07-01","1","Surprise: actual minus median estimate for annual net profit (unadjusted)","median_surprise_value_netprofit_annual12","2","GBR","{""id"":""analyst-analyst-estimates"",""name"":""Analyst Estimates""}","[]","VECTOR","TOP700","0"
"0","{""id"":""analyst"",""name"":""Analyst""}","0","{""id"":""analyst_consensus"",""name"":""Standardized Analyst Consensus Forecasts""}","1","2026-07-01","1","Surprise metric: actual minus median estimate for quarterly net profit","median_surprise_value_netprofit_quarterly16","2","GBR","{""id"":""analyst-analyst-estimates"",""name"":""Analyst Estimates""}","[]","VECTOR","TOP700","0"
"0","{""id"":""analyst"",""name"":""Analyst""}","0","{""id"":""analyst_consensus"",""name"":""Standardized Analyst Consensus Forecasts""}","1","2026-07-01","1","Median surprise value (actual minus forecast) for reported net profit in the quarter.","median_surprise_value_netprofit_reported_quarterly16","2","GBR","{""id"":""analyst-analyst-estimates"",""name"":""Analyst Estimates""}","[]","VECTOR","TOP700","0"
"0","{""id"":""analyst"",""name"":""Analyst""}","0","{""id"":""analyst_consensus"",""name"":""Standardized Analyst Consensus Forecasts""}","1","2026-07-01","1","Median of the difference between actual and consensus operating expense for the annual period.","median_surprise_value_operatingexpense_annual12","2","GBR","{""id"":""analyst-analyst-estimates"",""name"":""Analyst Estimates""}","[]","VECTOR","TOP700","0"
"0","{""id"":""analyst"",""name"":""Analyst""}","0","{""id"":""analyst_consensus"",""name"":""Standardized Analyst Consensus Forecasts""}","1","2026-07-01","1","Median value of the difference between actual and forecasted annual pre-tax profit.","median_surprise_value_pretax_annual12","2","GBR","{""id"":""analyst-analyst-estimates"",""name"":""Analyst Estimates""}","[]","VECTOR","TOP700","0"
"0","{""id"":""analyst"",""name"":""Analyst""}","0","{""id"":""analyst_consensus"",""name"":""Standardized Analyst Consensus Forecasts""}","1","2026-07-01","1","Vendor-reported surprise for annual pre-tax profit equal to actual minus median estimate (unadjusted)","median_surprise_value_pretax_annual12_2","2","GBR","{""id"":""analyst-analyst-estimates"",""name"":""Analyst Estimates""}","[]","VECTOR","TOP700","0"
"0","{""id"":""analyst"",""name"":""Analyst""}","0","{""id"":""analyst_consensus"",""name"":""Standardized Analyst Consensus Forecasts""}","1","2026-07-01","1","Surprise for the PPROFIT quarterly metric, computed as Actual minus the median consensus estimate","median_surprise_value_pretax_quarterly16_tribes","2","GBR","{""id"":""analyst-analyst-estimates"",""name"":""Analyst Estimates""}","[]","VECTOR","TOP700","0"
"0","{""id"":""analyst"",""name"":""Analyst""}","0","{""id"":""analyst_consensus"",""name"":""Standardized Analyst Consensus Forecasts""}","1","2026-07-01","1","Median of the difference between actual and consensus pre-tax reported profit for the annual period.","median_surprise_value_pretax_reported_annual12_2","2","GBR","{""id"":""analyst-analyst-estimates"",""name"":""Analyst Estimates""}","[]","VECTOR","TOP700","0"
"0","{""id"":""analyst"",""name"":""Analyst""}","0","{""id"":""analyst_consensus"",""name"":""Standardized Analyst Consensus Forecasts""}","1","2026-07-01","1","Surprise versus the median estimate for Profit (Reported): actual minus median estimate","median_surprise_value_pretax_reported_annual12_tribes","2","GBR","{""id"":""analyst-analyst-estimates"",""name"":""Analyst Estimates""}","[]","VECTOR","TOP700","0"
"0","{""id"":""analyst"",""name"":""Analyst""}","0","{""id"":""analyst_consensus"",""name"":""Standardized Analyst Consensus Forecasts""}","1","2026-07-01","1","Median estimate surprise for the PPROFITREP metric (actual minus median consensus)","median_surprise_value_pretax_reported_quarterly16","2","GBR","{""id"":""analyst-analyst-estimates"",""name"":""Analyst Estimates""}","[]","VECTOR","TOP700","0"
"0","{""id"":""analyst"",""name"":""Analyst""}","0","{""id"":""analyst_consensus"",""name"":""Standardized Analyst Consensus Forecasts""}","1","2026-07-01","1","Median surprise (actual minus forecast) for annual reported net income.","median_surprise_value_reportednet_annual12_2","2","GBR","{""id"":""analyst-analyst-estimates"",""name"":""Analyst Estimates""}","[]","VECTOR","TOP700","0"
"0","{""id"":""analyst"",""name"":""Analyst""}","0","{""id"":""analyst_consensus"",""name"":""Standardized Analyst Consensus Forecasts""}","1","2026-07-01","1","Median of return on capital surprise values (actual minus forecast) for the annual period.","median_surprise_value_return_on_capital_annual12","2","GBR","{""id"":""analyst-analyst-estimates"",""name"":""Analyst Estimates""}","[]","VECTOR","TOP700","0"
"0","{""id"":""analyst"",""name"":""Analyst""}","0","{""id"":""analyst_consensus"",""name"":""Standardized Analyst Consensus Forecasts""}","1","2026-07-01","1","Median surprise (actual minus median estimate) for annual revenue.","median_surprise_value_revenue_annual12","2","GBR","{""id"":""analyst-analyst-estimates"",""name"":""Analyst Estimates""}","[]","VECTOR","TOP700","0"
"0","{""id"":""analyst"",""name"":""Analyst""}","0","{""id"":""analyst_consensus"",""name"":""Standardized Analyst Consensus Forecasts""}","1","2026-07-01","1","Surprise versus the consensus median annual revenue estimate, computed as Actual minus MedianEst, regime-aware","median_surprise_value_revenue_annual12_tribes","2","GBR","{""id"":""analyst-analyst-estimates"",""name"":""Analyst Estimates""}","[]","VECTOR","TOP700","0"
"0","{""id"":""analyst"",""name"":""Analyst""}","0","{""id"":""analyst_consensus"",""name"":""Standardized Analyst Consensus Forecasts""}","1","2026-07-01","1","Surprise using the median estimate: actual quarterly revenue minus consensus median","median_surprise_value_revenue_quarterly16","2","GBR","{""id"":""analyst-analyst-estimates"",""name"":""Analyst Estimates""}","[]","VECTOR","TOP700","0"
"0","{""id"":""analyst"",""name"":""Analyst""}","0","{""id"":""analyst_consensus"",""name"":""Standardized Analyst Consensus Forecasts""}","1","2026-07-01","1","Median value of the difference between actual and forecasted annual return on equity.","median_surprise_value_roe_annual12","2","GBR","{""id"":""analyst-analyst-estimates"",""name"":""Analyst Estimates""}","[]","VECTOR","TOP700","0"
"0","{""id"":""analyst"",""name"":""Analyst""}","0","{""id"":""analyst_consensus"",""name"":""Standardized Analyst Consensus Forecasts""}","1","2026-07-01","1","Surprise metric for ROA: actual reported ROA minus the consensus median estimate (regime-aware)","median_surprise_value_roe_annual12_tribes","2","GBR","{""id"":""analyst-analyst-estimates"",""name"":""Analyst Estimates""}","[]","VECTOR","TOP700","0"
"0","{""id"":""analyst"",""name"":""Analyst""}","0","{""id"":""analyst_consensus"",""name"":""Standardized Analyst Consensus Forecasts""}","1","2026-07-01","1","Surprise versus median: actual annual ROE minus the median ROE estimate","median_surprise_value_roe_annual12_tribes_2","2","GBR","{""id"":""analyst-analyst-estimates"",""name"":""Analyst Estimates""}","[]","VECTOR","TOP700","0"
"0","{""id"":""analyst"",""name"":""Analyst""}","0","{""id"":""analyst_consensus"",""name"":""Standardized Analyst Consensus Forecasts""}","1","2026-07-01","1","Surprise for the annual number of shares outstanding based on median consensus (Actual minus median estimate)","median_surprise_value_sharesoutstanding_annual12","2","GBR","{""id"":""analyst-analyst-estimates"",""name"":""Analyst Estimates""}","[]","VECTOR","TOP700","0"
"0","{""id"":""analyst"",""name"":""Analyst""}","0","{""id"":""analyst_consensus"",""name"":""Standardized Analyst Consensus Forecasts""}","1","2026-07-01","1","Vendor-reported surprise overlay: Actual minus median consensus estimate for the SEQUITY measure","median_surprise_value_tangbookvalue_annual12_tribes","2","GBR","{""id"":""analyst-analyst-estimates"",""name"":""Analyst Estimates""}","[]","VECTOR","TOP700","0"
"0","{""id"":""analyst"",""name"":""Analyst""}","0","{""id"":""analyst_consensus"",""name"":""Standardized Analyst Consensus Forecasts""}","1","2026-07-01","1","Surprise overlay for Tax Provision: vendor-reported Actual minus consensus median estimate (unadjusted)","median_surprise_value_taxprovision_annual12_tribes","2","GBR","{""id"":""analyst-analyst-estimates"",""name"":""Analyst Estimates""}","[]","VECTOR","TOP700","0"
"0","{""id"":""analyst"",""name"":""Analyst""}","0","{""id"":""analyst_consensus"",""name"":""Standardized Analyst Consensus Forecasts""}","1","2026-07-01","1","Median difference between actual and forecasted effective tax rate for the annual period.","median_surprise_value_taxrate_annual12","2","GBR","{""id"":""analyst-analyst-estimates"",""name"":""Analyst Estimates""}","[]","VECTOR","TOP700","0"
"0","{""id"":""analyst"",""name"":""Analyst""}","0","{""id"":""analyst_consensus"",""name"":""Standardized Analyst Consensus Forecasts""}","1","2026-07-01","1","Median estimate surprise, typically Actual minus median estimate","median_surprise_value_tax_provision_quarterly16","2","GBR","{""id"":""analyst-analyst-estimates"",""name"":""Analyst Estimates""}","[]","VECTOR","TOP700","0"
"0","{""id"":""analyst"",""name"":""Analyst""}","0","{""id"":""analyst_consensus"",""name"":""Standardized Analyst Consensus Forecasts""}","0.1982","2026-07-01","1","Surprise for annual total liabilities based on the median consensus (actual minus median estimate), regime-aware","median_surprise_value_totalliab_annual12_tribes","2","GBR","{""id"":""analyst-analyst-estimates"",""name"":""Analyst Estimates""}","[]","VECTOR","TOP700","0"
"0","{""id"":""analyst"",""name"":""Analyst""}","0","{""id"":""analyst_consensus"",""name"":""Standardized Analyst Consensus Forecasts""}","1","2026-07-01","1","Median of the surprise values (actual minus forecast) for annual total assets.","median_surprise_value_total_assets_annual12","2","GBR","{""id"":""analyst-analyst-estimates"",""name"":""Analyst Estimates""}","[]","VECTOR","TOP700","0"
"0","{""id"":""analyst"",""name"":""Analyst""}","0","{""id"":""analyst_consensus"",""name"":""Standardized Analyst Consensus Forecasts""}","1","2026-07-01","1","Lowest analyst BVPS estimate (forecast)","min_estimate_bvps_annual12_tribes","2","GBR","{""id"":""analyst-analyst-estimates"",""name"":""Analyst Estimates""}","[]","VECTOR","TOP700","0"
"0","{""id"":""analyst"",""name"":""Analyst""}","0","{""id"":""analyst_consensus"",""name"":""Standardized Analyst Consensus Forecasts""}","1","2026-07-01","1","Lowest raw analyst CAPEX forecast (forecast-only, unadjusted)","min_estimate_capex_annual12_3","2","GBR","{""id"":""analyst-analyst-estimates"",""name"":""Analyst Estimates""}","[]","VECTOR","TOP700","0"
"0","{""id"":""analyst"",""name"":""Analyst""}","0","{""id"":""analyst_consensus"",""name"":""Standardized Analyst Consensus Forecasts""}","1","2026-07-01","1","Lowest analyst estimate (forecast only) for annual Cash Flow from Financing, unadjusted","min_estimate_cashflowfinancing_annual12","2","GBR","{""id"":""analyst-analyst-estimates"",""name"":""Analyst Estimates""}","[]","VECTOR","TOP700","0"
"0","{""id"":""analyst"",""name"":""Analyst""}","0","{""id"":""analyst_consensus"",""name"":""Standardized Analyst Consensus Forecasts""}","1","2026-07-01","1","Lowest analyst estimate for cash flow from investing","min_estimate_cashflowinvesting_annual12","2","GBR","{""id"":""analyst-analyst-estimates"",""name"":""Analyst Estimates""}","[]","VECTOR","TOP700","0"
"0","{""id"":""analyst"",""name"":""Analyst""}","0","{""id"":""analyst_consensus"",""name"":""Standardized Analyst Consensus Forecasts""}","1","2026-07-01","1","Lowest analyst forecast for annual operating cash flow (forecast-only)","min_estimate_cfo_annual12","2","GBR","{""id"":""analyst-analyst-estimates"",""name"":""Analyst Estimates""}","[]","VECTOR","TOP700","0"
"0","{""id"":""analyst"",""name"":""Analyst""}","0","{""id"":""analyst_consensus"",""name"":""Standardized Analyst Consensus Forecasts""}","1","2026-07-01","1","Lowest analyst CFPS estimate for the period (forecast)","min_estimate_cfps_annual12_2","2","GBR","{""id"":""analyst-analyst-estimates"",""name"":""Analyst Estimates""}","[]","VECTOR","TOP700","0"
"0","{""id"":""analyst"",""name"":""Analyst""}","0","{""id"":""analyst_consensus"",""name"":""Standardized Analyst Consensus Forecasts""}","1","2026-07-01","1","Lowest analyst estimate for annual Cost of Goods Sold","min_estimate_cogs_annual12_tribes","2","GBR","{""id"":""analyst-analyst-estimates"",""name"":""Analyst Estimates""}","[]","VECTOR","TOP700","0"
"0","{""id"":""analyst"",""name"":""Analyst""}","0","{""id"":""analyst_consensus"",""name"":""Standardized Analyst Consensus Forecasts""}","0.7755","2026-07-01","1","Lowest analyst estimate for Current Assets","min_estimate_currentassets_annual12","2","GBR","{""id"":""analyst-analyst-estimates"",""name"":""Analyst Estimates""}","[]","VECTOR","TOP700","0"
"0","{""id"":""analyst"",""name"":""Analyst""}","0","{""id"":""analyst_consensus"",""name"":""Standardized Analyst Consensus Forecasts""}","0.7755","2026-07-01","1","Lowest analyst forecast for annual current liabilities (forecast-only consensus low) for the period","min_estimate_currentliabilities_annual12","2","GBR","{""id"":""analyst-analyst-estimates"",""name"":""Analyst Estimates""}","[]","VECTOR","TOP700","0"
"0","{""id"":""analyst"",""name"":""Analyst""}","0","{""id"":""analyst_consensus"",""name"":""Standardized Analyst Consensus Forecasts""}","1","2026-07-01","1","Lowest analyst quarterly EPS estimate (forecast only)","min_estimate_current_period_eps_quarterly16","2","GBR","{""id"":""analyst-analyst-estimates"",""name"":""Analyst Estimates""}","[]","VECTOR","TOP700","0"
"0","{""id"":""analyst"",""name"":""Analyst""}","0","{""id"":""analyst_consensus"",""name"":""Standardized Analyst Consensus Forecasts""}","1","2026-07-01","1","Lowest current analyst estimate in the annual NAV consensus","min_estimate_current_period_nav_annual12","2","GBR","{""id"":""analyst-analyst-estimates"",""name"":""Analyst Estimates""}","[]","VECTOR","TOP700","0"
"0","{""id"":""analyst"",""name"":""Analyst""}","0","{""id"":""analyst_consensus"",""name"":""Standardized Analyst Consensus Forecasts""}","1","2026-07-01","1","Current lowest analyst consensus estimate for the PRE measure","min_estimate_current_period_pretax_annual12","2","GBR","{""id"":""analyst-analyst-estimates"",""name"":""Analyst Estimates""}","[]","VECTOR","TOP700","0"
"0","{""id"":""analyst"",""name"":""Analyst""}","0","{""id"":""analyst_consensus"",""name"":""Standardized Analyst Consensus Forecasts""}","1","2026-07-01","1","Lowest current analyst estimate in the Sales consensus","min_estimate_current_period_revenue_annual12","2","GBR","{""id"":""analyst-analyst-estimates"",""name"":""Analyst Estimates""}","[]","VECTOR","TOP700","0"
"0","{""id"":""analyst"",""name"":""Analyst""}","0","{""id"":""analyst_consensus"",""name"":""Standardized Analyst Consensus Forecasts""}","1","2026-07-01","1","Lowest current ROE consensus estimate","min_estimate_current_period_roe_annual12","2","GBR","{""id"":""analyst-analyst-estimates"",""name"":""Analyst Estimates""}","[]","VECTOR","TOP700","0"
"0","{""id"":""analyst"",""name"":""Analyst""}","0","{""id"":""analyst_consensus"",""name"":""Standardized Analyst Consensus Forecasts""}","1","2026-07-01","1","Lowest analyst forecast for annual depreciation","min_estimate_depreciation_annual12","2","GBR","{""id"":""analyst-analyst-estimates"",""name"":""Analyst Estimates""}","[]","VECTOR","TOP700","0"
"0","{""id"":""analyst"",""name"":""Analyst""}","0","{""id"":""analyst_consensus"",""name"":""Standardized Analyst Consensus Forecasts""}","1","2026-07-01","1","Lowest current annual DPS consensus estimate","min_estimate_dividend_annual12","2","GBR","{""id"":""analyst-analyst-estimates"",""name"":""Analyst Estimates""}","[]","VECTOR","TOP700","0"
"0","{""id"":""analyst"",""name"":""Analyst""}","0","{""id"":""analyst_consensus"",""name"":""Standardized Analyst Consensus Forecasts""}","1","2026-07-01","1","Lowest analyst annual DPS estimate (forecast)","min_estimate_dividend_annual12_2","2","GBR","{""id"":""analyst-analyst-estimates"",""name"":""Analyst Estimates""}","[]","VECTOR","TOP700","0"
"0","{""id"":""analyst"",""name"":""Analyst""}","0","{""id"":""analyst_consensus"",""name"":""Standardized Analyst Consensus Forecasts""}","1","2026-07-01","1","Lowest analyst estimate for total dividend","min_estimate_dividend_annual12_tribes","2","GBR","{""id"":""analyst-analyst-estimates"",""name"":""Analyst Estimates""}","[]","VECTOR","TOP700","0"
"0","{""id"":""analyst"",""name"":""Analyst""}","0","{""id"":""analyst_consensus"",""name"":""Standardized Analyst Consensus Forecasts""}","1","2026-07-01","1","Lowest analyst estimate (forecast only)","min_estimate_dps_quarterly16","2","GBR","{""id"":""analyst-analyst-estimates"",""name"":""Analyst Estimates""}","[]","VECTOR","TOP700","0"
"0","{""id"":""analyst"",""name"":""Analyst""}","0","{""id"":""analyst_consensus"",""name"":""Standardized Analyst Consensus Forecasts""}","1","2026-07-01","1","Lowest analyst estimate for annual Reported EBITDA for the period (forecast only)","min_estimate_ebitdarep_annual12","2","GBR","{""id"":""analyst-analyst-estimates"",""name"":""Analyst Estimates""}","[]","VECTOR","TOP700","0"
"0","{""id"":""analyst"",""name"":""Analyst""}","0","{""id"":""analyst_consensus"",""name"":""Standardized Analyst Consensus Forecasts""}","1","2026-07-01","1","Lowest analyst EBITDA estimate (forecast only)","min_estimate_ebitda_annual12","2","GBR","{""id"":""analyst-analyst-estimates"",""name"":""Analyst Estimates""}","[]","VECTOR","TOP700","0"
"0","{""id"":""analyst"",""name"":""Analyst""}","0","{""id"":""analyst_consensus"",""name"":""Standardized Analyst Consensus Forecasts""}","1","2026-07-01","1","Lowest analyst EBITDA estimate for the forecast period","min_estimate_ebitda_quarterly16","2","GBR","{""id"":""analyst-analyst-estimates"",""name"":""Analyst Estimates""}","[]","VECTOR","TOP700","0"
"0","{""id"":""analyst"",""name"":""Analyst""}","0","{""id"":""analyst_consensus"",""name"":""Standardized Analyst Consensus Forecasts""}","1","2026-07-01","1","Lowest analyst annual EBIT estimate (forecast-only)","min_estimate_ebit_annual12","2","GBR","{""id"":""analyst-analyst-estimates"",""name"":""Analyst Estimates""}","[]","VECTOR","TOP700","0"
"0","{""id"":""analyst"",""name"":""Analyst""}","0","{""id"":""analyst_consensus"",""name"":""Standardized Analyst Consensus Forecasts""}","1","2026-07-01","1","Current lowest EBI consensus estimate","min_estimate_ebit_annual12_2","2","GBR","{""id"":""analyst-analyst-estimates"",""name"":""Analyst Estimates""}","[]","VECTOR","TOP700","0"
"0","{""id"":""analyst"",""name"":""Analyst""}","0","{""id"":""analyst_consensus"",""name"":""Standardized Analyst Consensus Forecasts""}","1","2026-07-01","1","Lowest analyst forecast estimate for quarterly EBIT","min_estimate_ebit_quarterly16_tribes","2","GBR","{""id"":""analyst-analyst-estimates"",""name"":""Analyst Estimates""}","[]","VECTOR","TOP700","0"
"0","{""id"":""analyst"",""name"":""Analyst""}","0","{""id"":""analyst_consensus"",""name"":""Standardized Analyst Consensus Forecasts""}","1","2026-07-01","1","Lowest current EBT consensus estimate","min_estimate_ebt_annual12","2","GBR","{""id"":""analyst-analyst-estimates"",""name"":""Analyst Estimates""}","[]","VECTOR","TOP700","0"
"0","{""id"":""analyst"",""name"":""Analyst""}","0","{""id"":""analyst_consensus"",""name"":""Standardized Analyst Consensus Forecasts""}","1","2026-07-01","1","Lowest analyst EV estimate (consensus window)","min_estimate_enterprisevalue_annual12","2","GBR","{""id"":""analyst-analyst-estimates"",""name"":""Analyst Estimates""}","[]","VECTOR","TOP700","0"
"0","{""id"":""analyst"",""name"":""Analyst""}","0","{""id"":""analyst_consensus"",""name"":""Standardized Analyst Consensus Forecasts""}","1","2026-07-01","1","Lowest analyst estimate (forecast only) for EPSREP","min_estimate_epsreported_annual12","2","GBR","{""id"":""analyst-analyst-estimates"",""name"":""Analyst Estimates""}","[]","VECTOR","TOP700","0"
"0","{""id"":""analyst"",""name"":""Analyst""}","0","{""id"":""analyst_consensus"",""name"":""Standardized Analyst Consensus Forecasts""}","1","2026-07-01","1","Lowest analyst EPS estimate","min_estimate_eps_annual12","2","GBR","{""id"":""analyst-analyst-estimates"",""name"":""Analyst Estimates""}","[]","VECTOR","TOP700","0"
"0","{""id"":""analyst"",""name"":""Analyst""}","0","{""id"":""analyst_consensus"",""name"":""Standardized Analyst Consensus Forecasts""}","1","2026-07-01","1","Lowest analyst EPS estimate in the current forecast consensus (forecast-only)","min_estimate_eps_longterm","2","GBR","{""id"":""analyst-analyst-estimates"",""name"":""Analyst Estimates""}","[]","MATRIX","TOP700","0"
"0","{""id"":""analyst"",""name"":""Analyst""}","0","{""id"":""analyst_consensus"",""name"":""Standardized Analyst Consensus Forecasts""}","1","2026-07-01","1","Lowest analyst forecast estimate for annual FCFPS","min_estimate_fcfps_annual12","2","GBR","{""id"":""analyst-analyst-estimates"",""name"":""Analyst Estimates""}","[]","VECTOR","TOP700","0"
"0","{""id"":""analyst"",""name"":""Analyst""}","0","{""id"":""analyst_consensus"",""name"":""Standardized Analyst Consensus Forecasts""}","1","2026-07-01","1","Lowest analyst estimate for annual FCF","min_estimate_fcf_annual12","2","GBR","{""id"":""analyst-analyst-estimates"",""name"":""Analyst Estimates""}","[]","VECTOR","TOP700","0"
"0","{""id"":""analyst"",""name"":""Analyst""}","0","{""id"":""analyst_consensus"",""name"":""Standardized Analyst Consensus Forecasts""}","1","2026-07-01","1","Lowest annual DPS consensus estimate 4 weeks ago (historical snapshot)","min_estimate_four_weeks_prior_dividend_annual12","2","GBR","{""id"":""analyst-analyst-estimates"",""name"":""Analyst Estimates""}","[]","VECTOR","TOP700","0"
"0","{""id"":""analyst"",""name"":""Analyst""}","0","{""id"":""analyst_consensus"",""name"":""Standardized Analyst Consensus Forecasts""}","1","2026-07-01","1","Lowest EBI consensus estimate as of four weeks ago","min_estimate_four_weeks_prior_ebit_annual12_2","2","GBR","{""id"":""analyst-analyst-estimates"",""name"":""Analyst Estimates""}","[]","VECTOR","TOP700","0"
"0","{""id"":""analyst"",""name"":""Analyst""}","0","{""id"":""analyst_consensus"",""name"":""Standardized Analyst Consensus Forecasts""}","1","2026-07-01","1","Lowest Earnings Before Taxes (EBT) consensus estimate four weeks ago","min_estimate_four_weeks_prior_ebt_annual12","2","GBR","{""id"":""analyst-analyst-estimates"",""name"":""Analyst Estimates""}","[]","VECTOR","TOP700","0"
"0","{""id"":""analyst"",""name"":""Analyst""}","0","{""id"":""analyst_consensus"",""name"":""Standardized Analyst Consensus Forecasts""}","1","2026-07-01","1","Currency/split-adjusted lowest consensus annual DPS estimate four weeks ago (vendor snapshot)","min_estimate_four_weeks_prior_fxadj_dividend_annual12","2","GBR","{""id"":""analyst-analyst-estimates"",""name"":""Analyst Estimates""}","[]","VECTOR","TOP700","0"
"0","{""id"":""analyst"",""name"":""Analyst""}","0","{""id"":""analyst_consensus"",""name"":""Standardized Analyst Consensus Forecasts""}","1","2026-07-01","1","Regime-adjusted lowest EBI consensus estimate as of four weeks ago","min_estimate_four_weeks_prior_fxadj_ebit_annual12_2","2","GBR","{""id"":""analyst-analyst-estimates"",""name"":""Analyst Estimates""}","[]","VECTOR","TOP700","0"
"0","{""id"":""analyst"",""name"":""Analyst""}","0","{""id"":""analyst_consensus"",""name"":""Standardized Analyst Consensus Forecasts""}","1","2026-07-01","1","Lowest pre-tax profit estimate from four weeks ago for the annual period, adjusted for currency effects.","min_estimate_four_weeks_prior_fxadj_ebt_annual12","2","GBR","{""id"":""analyst-analyst-estimates"",""name"":""Analyst Estimates""}","[]","VECTOR","TOP700","0"
"0","{""id"":""analyst"",""name"":""Analyst""}","0","{""id"":""analyst_consensus"",""name"":""Standardized Analyst Consensus Forecasts""}","1","2026-07-01","1","Currency/split-adjusted lowest consensus estimate for the GPS measure as of four weeks ago (vendor snapshot)","min_estimate_four_weeks_prior_fxadj_gps","2","GBR","{""id"":""analyst-analyst-estimates"",""name"":""Analyst Estimates""}","[]","VECTOR","TOP700","0"
"0","{""id"":""analyst"",""name"":""Analyst""}","0","{""id"":""analyst_consensus"",""name"":""Standardized Analyst Consensus Forecasts""}","1","2026-07-01","1","Lowest currency-adjusted net asset value estimate from four weeks prior for the annual period.","min_estimate_four_weeks_prior_fxadj_nav_annual12","2","GBR","{""id"":""analyst-analyst-estimates"",""name"":""Analyst Estimates""}","[]","VECTOR","TOP700","0"
"0","{""id"":""analyst"",""name"":""Analyst""}","0","{""id"":""analyst_consensus"",""name"":""Standardized Analyst Consensus Forecasts""}","1","2026-07-01","1","Adjusted lowest contributor estimate 4 weeks ago for annual Net Income","min_estimate_four_weeks_prior_fxadj_net2","2","GBR","{""id"":""analyst-analyst-estimates"",""name"":""Analyst Estimates""}","[]","VECTOR","TOP700","0"
"0","{""id"":""analyst"",""name"":""Analyst""}","0","{""id"":""analyst_consensus"",""name"":""Standardized Analyst Consensus Forecasts""}","1","2026-07-01","1","Lowest currency-adjusted analyst forecast for annual pre-tax profit as of four weeks ago.","min_estimate_four_weeks_prior_fxadj_pretax_annual12","2","GBR","{""id"":""analyst-analyst-estimates"",""name"":""Analyst Estimates""}","[]","VECTOR","TOP700","0"
"0","{""id"":""analyst"",""name"":""Analyst""}","0","{""id"":""analyst_consensus"",""name"":""Standardized Analyst Consensus Forecasts""}","1","2026-07-01","1","Lowest pre-tax profit (reported) estimate from four weeks ago for the annual period, adjusted for currency effects.","min_estimate_four_weeks_prior_fxadj_pretax_reported_annual12","2","GBR","{""id"":""analyst-analyst-estimates"",""name"":""Analyst Estimates""}","[]","VECTOR","TOP700","0"
"0","{""id"":""analyst"",""name"":""Analyst""}","0","{""id"":""analyst_consensus"",""name"":""Standardized Analyst Consensus Forecasts""}","1","2026-07-01","1","Lowest analyst forecast for annual reported net income four weeks ago, adjusted for currency and splits.","min_estimate_four_weeks_prior_fxadj_reportednet_annual12_2","2","GBR","{""id"":""analyst-analyst-estimates"",""name"":""Analyst Estimates""}","[]","VECTOR","TOP700","0"
"0","{""id"":""analyst"",""name"":""Analyst""}","0","{""id"":""analyst_consensus"",""name"":""Standardized Analyst Consensus Forecasts""}","1","2026-07-01","1","Regime-adjusted lowest annual sales consensus estimate from four weeks ago","min_estimate_four_weeks_prior_fxadj_revenue_annual12","2","GBR","{""id"":""analyst-analyst-estimates"",""name"":""Analyst Estimates""}","[]","VECTOR","TOP700","0"
"0","{""id"":""analyst"",""name"":""Analyst""}","0","{""id"":""analyst_consensus"",""name"":""Standardized Analyst Consensus Forecasts""}","1","2026-07-01","1","Lowest consensus estimate for the GPS metric as of four weeks prior","min_estimate_four_weeks_prior_gps2","2","GBR","{""id"":""analyst-analyst-estimates"",""name"":""Analyst Estimates""}","[]","VECTOR","TOP700","0"
"0","{""id"":""analyst"",""name"":""Analyst""}","0","{""id"":""analyst_consensus"",""name"":""Standardized Analyst Consensus Forecasts""}","1","2026-07-01","1","Lowest annual NAV estimate four weeks ago","min_estimate_four_weeks_prior_nav_annual12","2","GBR","{""id"":""analyst-analyst-estimates"",""name"":""Analyst Estimates""}","[]","VECTOR","TOP700","0"
"0","{""id"":""analyst"",""name"":""Analyst""}","0","{""id"":""analyst_consensus"",""name"":""Standardized Analyst Consensus Forecasts""}","1","2026-07-01","1","Lowest NET consensus estimate as of four weeks ago","min_estimate_four_weeks_prior_net2","2","GBR","{""id"":""analyst-analyst-estimates"",""name"":""Analyst Estimates""}","[]","VECTOR","TOP700","0"
"0","{""id"":""analyst"",""name"":""Analyst""}","0","{""id"":""analyst_consensus"",""name"":""Standardized Analyst Consensus Forecasts""}","1","2026-07-01","1","Lowest analyst consensus value for the PRE metric as of four weeks ago","min_estimate_four_weeks_prior_pretax_annual12","2","GBR","{""id"":""analyst-analyst-estimates"",""name"":""Analyst Estimates""}","[]","VECTOR","TOP700","0"
"0","{""id"":""analyst"",""name"":""Analyst""}","0","{""id"":""analyst_consensus"",""name"":""Standardized Analyst Consensus Forecasts""}","1","2026-07-01","1","Lowest PRR consensus value from four weeks ago","min_estimate_four_weeks_prior_pretax_reported_annual12_2","2","GBR","{""id"":""analyst-analyst-estimates"",""name"":""Analyst Estimates""}","[]","VECTOR","TOP700","0"
"0","{""id"":""analyst"",""name"":""Analyst""}","0","{""id"":""analyst_consensus"",""name"":""Standardized Analyst Consensus Forecasts""}","1","2026-07-01","1","Lowest analyst forecast for annual reported net income as of four weeks ago.","min_estimate_four_weeks_prior_reportednet_annual12_2","2","GBR","{""id"":""analyst-analyst-estimates"",""name"":""Analyst Estimates""}","[]","VECTOR","TOP700","0"
"0","{""id"":""analyst"",""name"":""Analyst""}","0","{""id"":""analyst_consensus"",""name"":""Standardized Analyst Consensus Forecasts""}","1","2026-07-01","1","Lowest sales estimate in the consensus four weeks ago","min_estimate_four_weeks_prior_revenue_annual12","2","GBR","{""id"":""analyst-analyst-estimates"",""name"":""Analyst Estimates""}","[]","VECTOR","TOP700","0"
"0","{""id"":""analyst"",""name"":""Analyst""}","0","{""id"":""analyst_consensus"",""name"":""Standardized Analyst Consensus Forecasts""}","1","2026-07-01","1","Lowest annual ROE estimate 4 weeks prior","min_estimate_four_weeks_prior_roe_annual12","2","GBR","{""id"":""analyst-analyst-estimates"",""name"":""Analyst Estimates""}","[]","VECTOR","TOP700","0"
"0","{""id"":""analyst"",""name"":""Analyst""}","0","{""id"":""analyst_consensus"",""name"":""Standardized Analyst Consensus Forecasts""}","1","2026-07-01","1","Lowest analyst EPSREP estimate","min_estimate_fullyreported_quarterly16_tribes","2","GBR","{""id"":""analyst-analyst-estimates"",""name"":""Analyst Estimates""}","[]","VECTOR","TOP700","0"
"0","{""id"":""analyst"",""name"":""Analyst""}","0","{""id"":""analyst_consensus"",""name"":""Standardized Analyst Consensus Forecasts""}","1","2026-07-01","1","FX and regime-adjusted lowest analyst BVPS estimate","min_estimate_fxadj_bvps_annual12_tribes","2","GBR","{""id"":""analyst-analyst-estimates"",""name"":""Analyst Estimates""}","[]","VECTOR","TOP700","0"
"0","{""id"":""analyst"",""name"":""Analyst""}","0","{""id"":""analyst_consensus"",""name"":""Standardized Analyst Consensus Forecasts""}","1","2026-07-01","1","Lowest CAPEX forecast after currency/split/regime adjustment","min_estimate_fxadj_capex_annual12","2","GBR","{""id"":""analyst-analyst-estimates"",""name"":""Analyst Estimates""}","[]","VECTOR","TOP700","0"
"0","{""id"":""analyst"",""name"":""Analyst""}","0","{""id"":""analyst_consensus"",""name"":""Standardized Analyst Consensus Forecasts""}","1","2026-07-01","1","Currency-adjusted lowest analyst estimate for annual Cash Flow from Financing","min_estimate_fxadj_cashflowfinancing_annual12","2","GBR","{""id"":""analyst-analyst-estimates"",""name"":""Analyst Estimates""}","[]","VECTOR","TOP700","0"
"0","{""id"":""analyst"",""name"":""Analyst""}","0","{""id"":""analyst_consensus"",""name"":""Standardized Analyst Consensus Forecasts""}","1","2026-07-01","1","Currency-adjusted lowest analyst estimate for cash flow from investing","min_estimate_fxadj_cashflowinvesting_annual12","2","GBR","{""id"":""analyst-analyst-estimates"",""name"":""Analyst Estimates""}","[]","VECTOR","TOP700","0"
"0","{""id"":""analyst"",""name"":""Analyst""}","0","{""id"":""analyst_consensus"",""name"":""Standardized Analyst Consensus Forecasts""}","1","2026-07-01","1","Lowest analyst estimate for operating cash flow adjusted for currency","min_estimate_fxadj_cfo_annual12","2","GBR","{""id"":""analyst-analyst-estimates"",""name"":""Analyst Estimates""}","[]","VECTOR","TOP700","0"
"0","{""id"":""analyst"",""name"":""Analyst""}","0","{""id"":""analyst_consensus"",""name"":""Standardized Analyst Consensus Forecasts""}","1","2026-07-01","1","FX/currency-adjusted lowest analyst annual CFPS forecast within the p12 window","min_estimate_fxadj_cfps_annual12_2","2","GBR","{""id"":""analyst-analyst-estimates"",""name"":""Analyst Estimates""}","[]","VECTOR","TOP700","0"
"0","{""id"":""analyst"",""name"":""Analyst""}","0","{""id"":""analyst_consensus"",""name"":""Standardized Analyst Consensus Forecasts""}","1","2026-07-01","1","Currency-adjusted lowest analyst forecast estimate for annual COGS","min_estimate_fxadj_cogs_annual12_tribes","2","GBR","{""id"":""analyst-analyst-estimates"",""name"":""Analyst Estimates""}","[]","VECTOR","TOP700","0"
"0","{""id"":""analyst"",""name"":""Analyst""}","0","{""id"":""analyst_consensus"",""name"":""Standardized Analyst Consensus Forecasts""}","0.7755","2026-07-01","1","FX/regime-adjusted lowest analyst estimate for Current Assets","min_estimate_fxadj_currentassets_annual12","2","GBR","{""id"":""analyst-analyst-estimates"",""name"":""Analyst Estimates""}","[]","VECTOR","TOP700","0"
"0","{""id"":""analyst"",""name"":""Analyst""}","0","{""id"":""analyst_consensus"",""name"":""Standardized Analyst Consensus Forecasts""}","0.7755","2026-07-01","1","Currency-adjusted lowest analyst forecast for annual current liabilities","min_estimate_fxadj_currentliabilities_annual12","2","GBR","{""id"":""analyst-analyst-estimates"",""name"":""Analyst Estimates""}","[]","VECTOR","TOP700","0"
"0","{""id"":""analyst"",""name"":""Analyst""}","0","{""id"":""analyst_consensus"",""name"":""Standardized Analyst Consensus Forecasts""}","1","2026-07-01","1","Lowest analyst forecast for annual depreciation, adjusted for currency/splits/regime effects","min_estimate_fxadj_depreciation_annual12","2","GBR","{""id"":""analyst-analyst-estimates"",""name"":""Analyst Estimates""}","[]","VECTOR","TOP700","0"
"0","{""id"":""analyst"",""name"":""Analyst""}","0","{""id"":""analyst_consensus"",""name"":""Standardized Analyst Consensus Forecasts""}","1","2026-07-01","1","Adjusted lowest current annual DPS estimate in the consensus","min_estimate_fxadj_dividend_annual12","2","GBR","{""id"":""analyst-analyst-estimates"",""name"":""Analyst Estimates""}","[]","VECTOR","TOP700","0"
"0","{""id"":""analyst"",""name"":""Analyst""}","0","{""id"":""analyst_consensus"",""name"":""Standardized Analyst Consensus Forecasts""}","1","2026-07-01","1","Currency-adjusted lowest analyst forecast for annual DPS","min_estimate_fxadj_dividend_annual12_2","2","GBR","{""id"":""analyst-analyst-estimates"",""name"":""Analyst Estimates""}","[]","VECTOR","TOP700","0"
"0","{""id"":""analyst"",""name"":""Analyst""}","0","{""id"":""analyst_consensus"",""name"":""Standardized Analyst Consensus Forecasts""}","1","2026-07-01","1","Currency/split/regime-adjusted lowest analyst estimate for total dividend","min_estimate_fxadj_dividend_annual12_tribes","2","GBR","{""id"":""analyst-analyst-estimates"",""name"":""Analyst Estimates""}","[]","VECTOR","TOP700","0"
"0","{""id"":""analyst"",""name"":""Analyst""}","0","{""id"":""analyst_consensus"",""name"":""Standardized Analyst Consensus Forecasts""}","1","2026-07-01","1","Lowest analyst estimate adjusted for currency/splits/regime","min_estimate_fxadj_dps_quarterly16","2","GBR","{""id"":""analyst-analyst-estimates"",""name"":""Analyst Estimates""}","[]","VECTOR","TOP700","0"
"0","{""id"":""analyst"",""name"":""Analyst""}","0","{""id"":""analyst_consensus"",""name"":""Standardized Analyst Consensus Forecasts""}","1","2026-07-01","1","Lowest analyst estimate for annual Reported EBITDA, adjusted for currency/splits","min_estimate_fxadj_ebitdarep_annual12","2","GBR","{""id"":""analyst-analyst-estimates"",""name"":""Analyst Estimates""}","[]","VECTOR","TOP700","0"
"0","{""id"":""analyst"",""name"":""Analyst""}","0","{""id"":""analyst_consensus"",""name"":""Standardized Analyst Consensus Forecasts""}","1","2026-07-01","1","Currency-adjusted lowest analyst EBITDA estimate","min_estimate_fxadj_ebitda_annual12","2","GBR","{""id"":""analyst-analyst-estimates"",""name"":""Analyst Estimates""}","[]","VECTOR","TOP700","0"
"0","{""id"":""analyst"",""name"":""Analyst""}","0","{""id"":""analyst_consensus"",""name"":""Standardized Analyst Consensus Forecasts""}","1","2026-07-01","1","Currency-adjusted lowest analyst quarterly EBITDA estimate","min_estimate_fxadj_ebitda_quarterly16","2","GBR","{""id"":""analyst-analyst-estimates"",""name"":""Analyst Estimates""}","[]","VECTOR","TOP700","0"
"0","{""id"":""analyst"",""name"":""Analyst""}","0","{""id"":""analyst_consensus"",""name"":""Standardized Analyst Consensus Forecasts""}","1","2026-07-01","1","Currency-adjusted lowest analyst estimate of annual EBIT","min_estimate_fxadj_ebit_annual12","2","GBR","{""id"":""analyst-analyst-estimates"",""name"":""Analyst Estimates""}","[]","VECTOR","TOP700","0"
"0","{""id"":""analyst"",""name"":""Analyst""}","0","{""id"":""analyst_consensus"",""name"":""Standardized Analyst Consensus Forecasts""}","1","2026-07-01","1","Currency/split-adjusted current lowest EBI consensus estimate","min_estimate_fxadj_ebit_annual12_2","2","GBR","{""id"":""analyst-analyst-estimates"",""name"":""Analyst Estimates""}","[]","VECTOR","TOP700","0"
"0","{""id"":""analyst"",""name"":""Analyst""}","0","{""id"":""analyst_consensus"",""name"":""Standardized Analyst Consensus Forecasts""}","1","2026-07-01","1","Currency/split/regime adjusted lowest analyst EBIT estimate","min_estimate_fxadj_ebit_quarterly16","2","GBR","{""id"":""analyst-analyst-estimates"",""name"":""Analyst Estimates""}","[]","VECTOR","TOP700","0"
"0","{""id"":""analyst"",""name"":""Analyst""}","0","{""id"":""analyst_consensus"",""name"":""Standardized Analyst Consensus Forecasts""}","1","2026-07-01","1","Lowest current analyst consensus annual EBT estimate, adjusted for currency, splits, and regime effects","min_estimate_fxadj_ebt_annual12","2","GBR","{""id"":""analyst-analyst-estimates"",""name"":""Analyst Estimates""}","[]","VECTOR","TOP700","0"
"0","{""id"":""analyst"",""name"":""Analyst""}","0","{""id"":""analyst_consensus"",""name"":""Standardized Analyst Consensus Forecasts""}","1","2026-07-01","1","FX/regime-adjusted lowest analyst estimate for EV","min_estimate_fxadj_enterprisevalue_annual12","2","GBR","{""id"":""analyst-analyst-estimates"",""name"":""Analyst Estimates""}","[]","VECTOR","TOP700","0"
"0","{""id"":""analyst"",""name"":""Analyst""}","0","{""id"":""analyst_consensus"",""name"":""Standardized Analyst Consensus Forecasts""}","1","2026-07-01","1","FX/currency-adjusted lowest analyst estimate for annual reported EPS (EPSREP)","min_estimate_fxadj_epsreported_annual12","2","GBR","{""id"":""analyst-analyst-estimates"",""name"":""Analyst Estimates""}","[]","VECTOR","TOP700","0"
"0","{""id"":""analyst"",""name"":""Analyst""}","0","{""id"":""analyst_consensus"",""name"":""Standardized Analyst Consensus Forecasts""}","1","2026-07-01","1","FX-adjusted lowest individual analyst EPS estimate","min_estimate_fxadj_eps_annual12","2","GBR","{""id"":""analyst-analyst-estimates"",""name"":""Analyst Estimates""}","[]","VECTOR","TOP700","0"
"0","{""id"":""analyst"",""name"":""Analyst""}","0","{""id"":""analyst_consensus"",""name"":""Standardized Analyst Consensus Forecasts""}","1","2026-07-01","1","Currency/split/regime-adjusted lowest analyst quarterly EPS estimate","min_estimate_fxadj_eps_quarterly16_tribes","2","GBR","{""id"":""analyst-analyst-estimates"",""name"":""Analyst Estimates""}","[]","VECTOR","TOP700","0"
"0","{""id"":""analyst"",""name"":""Analyst""}","0","{""id"":""analyst_consensus"",""name"":""Standardized Analyst Consensus Forecasts""}","1","2026-07-01","1","Lowest analyst estimate for FCFPS after currency/split adjustments","min_estimate_fxadj_fcfps_annual12","2","GBR","{""id"":""analyst-analyst-estimates"",""name"":""Analyst Estimates""}","[]","VECTOR","TOP700","0"
"0","{""id"":""analyst"",""name"":""Analyst""}","0","{""id"":""analyst_consensus"",""name"":""Standardized Analyst Consensus Forecasts""}","1","2026-07-01","1","FX-adjusted lowest analyst estimate of annual free cash flow","min_estimate_fxadj_fcf_annual12","2","GBR","{""id"":""analyst-analyst-estimates"",""name"":""Analyst Estimates""}","[]","VECTOR","TOP700","0"
"0","{""id"":""analyst"",""name"":""Analyst""}","0","{""id"":""analyst_consensus"",""name"":""Standardized Analyst Consensus Forecasts""}","1","2026-07-01","1","Lowest analyst estimate for EPSREP, adjusted for currency/splits/regime","min_estimate_fxadj_fullyreported_quarterly16_tribes","2","GBR","{""id"":""analyst-analyst-estimates"",""name"":""Analyst Estimates""}","[]","VECTOR","TOP700","0"
"0","{""id"":""analyst"",""name"":""Analyst""}","0","{""id"":""analyst_consensus"",""name"":""Standardized Analyst Consensus Forecasts""}","1","2026-07-01","1","FX/split/regime-adjusted lowest analyst estimate for goodwill","min_estimate_fxadj_goodwill_annual12","2","GBR","{""id"":""analyst-analyst-estimates"",""name"":""Analyst Estimates""}","[]","VECTOR","TOP700","0"
"0","{""id"":""analyst"",""name"":""Analyst""}","0","{""id"":""analyst_consensus"",""name"":""Standardized Analyst Consensus Forecasts""}","1","2026-07-01","1","Currency/split-adjusted current lowest consensus estimate for the GPS measure","min_estimate_fxadj_gps2","2","GBR","{""id"":""analyst-analyst-estimates"",""name"":""Analyst Estimates""}","[]","VECTOR","TOP700","0"
"0","{""id"":""analyst"",""name"":""Analyst""}","0","{""id"":""analyst_consensus"",""name"":""Standardized Analyst Consensus Forecasts""}","1","2026-07-01","1","Lowest analyst forecast estimate for annual Interest Expense adjusted for currency/splits/regime effects","min_estimate_fxadj_interest_expense_annual12","2","GBR","{""id"":""analyst-analyst-estimates"",""name"":""Analyst Estimates""}","[]","VECTOR","TOP700","0"
"0","{""id"":""analyst"",""name"":""Analyst""}","0","{""id"":""analyst_consensus"",""name"":""Standardized Analyst Consensus Forecasts""}","1","2026-07-01","1","Currency and split adjusted lowest analyst estimate for INVENTORY","min_estimate_fxadj_inventory_annual12","2","GBR","{""id"":""analyst-analyst-estimates"",""name"":""Analyst Estimates""}","[]","VECTOR","TOP700","0"
"0","{""id"":""analyst"",""name"":""Analyst""}","0","{""id"":""analyst_consensus"",""name"":""Standardized Analyst Consensus Forecasts""}","0.8193","2026-07-01","1","FX/regime-adjusted lowest analyst estimate for Marketable Securities","min_estimate_fxadj_marketable_securities_annual12","2","GBR","{""id"":""analyst-analyst-estimates"",""name"":""Analyst Estimates""}","[]","VECTOR","TOP700","0"
"0","{""id"":""analyst"",""name"":""Analyst""}","0","{""id"":""analyst_consensus"",""name"":""Standardized Analyst Consensus Forecasts""}","1","2026-07-01","1","Lowest currency-adjusted net asset value estimate for the annual period.","min_estimate_fxadj_nav_annual12","2","GBR","{""id"":""analyst-analyst-estimates"",""name"":""Analyst Estimates""}","[]","VECTOR","TOP700","0"
"0","{""id"":""analyst"",""name"":""Analyst""}","0","{""id"":""analyst_consensus"",""name"":""Standardized Analyst Consensus Forecasts""}","1","2026-07-01","1","Currency/split-adjusted lowest analyst NAV estimate","min_estimate_fxadj_nav_annual12_tribes","2","GBR","{""id"":""analyst-analyst-estimates"",""name"":""Analyst Estimates""}","[]","VECTOR","TOP700","0"
"0","{""id"":""analyst"",""name"":""Analyst""}","0","{""id"":""analyst_consensus"",""name"":""Standardized Analyst Consensus Forecasts""}","1","2026-07-01","1","Lowest contributor estimate for annual Net Income, currency/split adjusted","min_estimate_fxadj_net2","2","GBR","{""id"":""analyst-analyst-estimates"",""name"":""Analyst Estimates""}","[]","VECTOR","TOP700","0"
"0","{""id"":""analyst"",""name"":""Analyst""}","0","{""id"":""analyst_consensus"",""name"":""Standardized Analyst Consensus Forecasts""}","1","2026-07-01","1","Currency/split/regime-adjusted lowest analyst estimate for annual Net Debt","min_estimate_fxadj_netdebt_annual12_tribes_2","2","GBR","{""id"":""analyst-analyst-estimates"",""name"":""Analyst Estimates""}","[]","VECTOR","TOP700","0"
"0","{""id"":""analyst"",""name"":""Analyst""}","0","{""id"":""analyst_consensus"",""name"":""Standardized Analyst Consensus Forecasts""}","1","2026-07-01","1","Currency/regime-adjusted lowest individual analyst estimate for annual Net Profit (Reported)","min_estimate_fxadj_netprofitreported_annual12","2","GBR","{""id"":""analyst-analyst-estimates"",""name"":""Analyst Estimates""}","[]","VECTOR","TOP700","0"
"0","{""id"":""analyst"",""name"":""Analyst""}","0","{""id"":""analyst_consensus"",""name"":""Standardized Analyst Consensus Forecasts""}","1","2026-07-01","1","Currency-adjusted lowest analyst estimate for annual Net Profit","min_estimate_fxadj_netprofit_annual12","2","GBR","{""id"":""analyst-analyst-estimates"",""name"":""Analyst Estimates""}","[]","VECTOR","TOP700","0"
"0","{""id"":""analyst"",""name"":""Analyst""}","0","{""id"":""analyst_consensus"",""name"":""Standardized Analyst Consensus Forecasts""}","1","2026-07-01","1","Lowest estimate adjusted for currency, splits, and regime effects","min_estimate_fxadj_netprofit_quarterly16","2","GBR","{""id"":""analyst-analyst-estimates"",""name"":""Analyst Estimates""}","[]","VECTOR","TOP700","0"
"0","{""id"":""analyst"",""name"":""Analyst""}","0","{""id"":""analyst_consensus"",""name"":""Standardized Analyst Consensus Forecasts""}","1","2026-07-01","1","Currency/split-adjusted lowest analyst estimate for reported net profit","min_estimate_fxadj_netprofit_reported_quarterly16","2","GBR","{""id"":""analyst-analyst-estimates"",""name"":""Analyst Estimates""}","[]","VECTOR","TOP700","0"
"0","{""id"":""analyst"",""name"":""Analyst""}","0","{""id"":""analyst_consensus"",""name"":""Standardized Analyst Consensus Forecasts""}","1","2026-07-01","1","Currency-adjusted lowest analyst forecast estimate for annual operating expenses","min_estimate_fxadj_operatingexpense_annual12","2","GBR","{""id"":""analyst-analyst-estimates"",""name"":""Analyst Estimates""}","[]","VECTOR","TOP700","0"
"0","{""id"":""analyst"",""name"":""Analyst""}","0","{""id"":""analyst_consensus"",""name"":""Standardized Analyst Consensus Forecasts""}","1","2026-07-01","1","Lowest currency-adjusted analyst forecast for annual pre-tax profit for the current period.","min_estimate_fxadj_pretax_annual12","2","GBR","{""id"":""analyst-analyst-estimates"",""name"":""Analyst Estimates""}","[]","VECTOR","TOP700","0"
"0","{""id"":""analyst"",""name"":""Analyst""}","0","{""id"":""analyst_consensus"",""name"":""Standardized Analyst Consensus Forecasts""}","1","2026-07-01","1","Lowest analyst estimate for Parent Profit, adjusted for currency/splits/regime","min_estimate_fxadj_pretax_annual12_2","2","GBR","{""id"":""analyst-analyst-estimates"",""name"":""Analyst Estimates""}","[]","VECTOR","TOP700","0"
"0","{""id"":""analyst"",""name"":""Analyst""}","0","{""id"":""analyst_consensus"",""name"":""Standardized Analyst Consensus Forecasts""}","1","2026-07-01","1","Currency-adjusted lowest analyst forecast estimate for the PPROFIT quarterly metric","min_estimate_fxadj_pretax_quarterly16_tribes","2","GBR","{""id"":""analyst-analyst-estimates"",""name"":""Analyst Estimates""}","[]","VECTOR","TOP700","0"
"0","{""id"":""analyst"",""name"":""Analyst""}","0","{""id"":""analyst_consensus"",""name"":""Standardized Analyst Consensus Forecasts""}","1","2026-07-01","1","Regime-adjusted current lowest PRR consensus estimate","min_estimate_fxadj_pretax_reported_annual12","2","GBR","{""id"":""analyst-analyst-estimates"",""name"":""Analyst Estimates""}","[]","VECTOR","TOP700","0"
"0","{""id"":""analyst"",""name"":""Analyst""}","0","{""id"":""analyst_consensus"",""name"":""Standardized Analyst Consensus Forecasts""}","1","2026-07-01","1","Lowest analyst estimate adjusted for currency/splits/regime","min_estimate_fxadj_pretax_reported_annual12_tribes","2","GBR","{""id"":""analyst-analyst-estimates"",""name"":""Analyst Estimates""}","[]","VECTOR","TOP700","0"
"0","{""id"":""analyst"",""name"":""Analyst""}","0","{""id"":""analyst_consensus"",""name"":""Standardized Analyst Consensus Forecasts""}","1","2026-07-01","1","Currency-adjusted lowest analyst estimate for the PPROFITREP metric","min_estimate_fxadj_pretax_reported_quarterly16","2","GBR","{""id"":""analyst-analyst-estimates"",""name"":""Analyst Estimates""}","[]","VECTOR","TOP700","0"
"0","{""id"":""analyst"",""name"":""Analyst""}","0","{""id"":""analyst_consensus"",""name"":""Standardized Analyst Consensus Forecasts""}","1","2026-07-01","1","Regime-adjusted lowest current consensus NER estimate","min_estimate_fxadj_reportednet_annual12_2","2","GBR","{""id"":""analyst-analyst-estimates"",""name"":""Analyst Estimates""}","[]","VECTOR","TOP700","0"
"0","{""id"":""analyst"",""name"":""Analyst""}","0","{""id"":""analyst_consensus"",""name"":""Standardized Analyst Consensus Forecasts""}","1","2026-07-01","1","Regime-adjusted lowest current annual sales consensus estimate","min_estimate_fxadj_revenue_annual12","2","GBR","{""id"":""analyst-analyst-estimates"",""name"":""Analyst Estimates""}","[]","VECTOR","TOP700","0"
"0","{""id"":""analyst"",""name"":""Analyst""}","0","{""id"":""analyst_consensus"",""name"":""Standardized Analyst Consensus Forecasts""}","1","2026-07-01","1","Currency/split/regime-adjusted lowest analyst annual revenue estimate (forecast only)","min_estimate_fxadj_revenue_annual12_tribes","2","GBR","{""id"":""analyst-analyst-estimates"",""name"":""Analyst Estimates""}","[]","VECTOR","TOP700","0"
"0","{""id"":""analyst"",""name"":""Analyst""}","0","{""id"":""analyst_consensus"",""name"":""Standardized Analyst Consensus Forecasts""}","1","2026-07-01","1","Currency-adjusted lowest analysts’ quarterly revenue estimate","min_estimate_fxadj_revenue_quarterly16","2","GBR","{""id"":""analyst-analyst-estimates"",""name"":""Analyst Estimates""}","[]","VECTOR","TOP700","0"
"0","{""id"":""analyst"",""name"":""Analyst""}","0","{""id"":""analyst_consensus"",""name"":""Standardized Analyst Consensus Forecasts""}","1","2026-07-01","1","Currency/split-adjusted lowest analyst estimate for the SEQUITY measure","min_estimate_fxadj_tangbookvalue_annual12_tribes","2","GBR","{""id"":""analyst-analyst-estimates"",""name"":""Analyst Estimates""}","[]","VECTOR","TOP700","0"
"0","{""id"":""analyst"",""name"":""Analyst""}","0","{""id"":""analyst_consensus"",""name"":""Standardized Analyst Consensus Forecasts""}","1","2026-07-01","1","Lowest analyst target price estimate after currency and split adjustment","min_estimate_fxadj_targetprice_annual12_tribes","2","GBR","{""id"":""analyst-analyst-estimates"",""name"":""Analyst Estimates""}","[]","MATRIX","TOP700","0"
"0","{""id"":""analyst"",""name"":""Analyst""}","0","{""id"":""analyst_consensus"",""name"":""Standardized Analyst Consensus Forecasts""}","1","2026-07-01","1","Lowest analyst forecast estimate for Tax Provision adjusted for currency/splits","min_estimate_fxadj_taxprovision_annual12_tribes","2","GBR","{""id"":""analyst-analyst-estimates"",""name"":""Analyst Estimates""}","[]","VECTOR","TOP700","0"
"0","{""id"":""analyst"",""name"":""Analyst""}","0","{""id"":""analyst_consensus"",""name"":""Standardized Analyst Consensus Forecasts""}","1","2026-07-01","1","Lowest analyst forecast for effective tax rate in the annual period, adjusted for currency.","min_estimate_fxadj_taxrate_annual12","2","GBR","{""id"":""analyst-analyst-estimates"",""name"":""Analyst Estimates""}","[]","VECTOR","TOP700","0"
"0","{""id"":""analyst"",""name"":""Analyst""}","0","{""id"":""analyst_consensus"",""name"":""Standardized Analyst Consensus Forecasts""}","1","2026-07-01","1","Currency/regime-adjusted lowest analyst estimate for tax provision","min_estimate_fxadj_tax_provision_quarterly16","2","GBR","{""id"":""analyst-analyst-estimates"",""name"":""Analyst Estimates""}","[]","VECTOR","TOP700","0"
"0","{""id"":""analyst"",""name"":""Analyst""}","0","{""id"":""analyst_consensus"",""name"":""Standardized Analyst Consensus Forecasts""}","0.1982","2026-07-01","1","Currency/split/regime-adjusted lowest analyst forecast estimate for annual total liabilities","min_estimate_fxadj_totalliab_annual12_tribes","2","GBR","{""id"":""analyst-analyst-estimates"",""name"":""Analyst Estimates""}","[]","VECTOR","TOP700","0"
"0","{""id"":""analyst"",""name"":""Analyst""}","0","{""id"":""analyst_consensus"",""name"":""Standardized Analyst Consensus Forecasts""}","1","2026-07-01","1","Lowest analyst estimate after currency/split adjustment","min_estimate_fxadj_total_assets_annual12","2","GBR","{""id"":""analyst-analyst-estimates"",""name"":""Analyst Estimates""}","[]","VECTOR","TOP700","0"
"0","{""id"":""analyst"",""name"":""Analyst""}","0","{""id"":""analyst_consensus"",""name"":""Standardized Analyst Consensus Forecasts""}","1","2026-07-01","1","Lowest analyst estimate for goodwill (forecast only)","min_estimate_goodwill_annual12","2","GBR","{""id"":""analyst-analyst-estimates"",""name"":""Analyst Estimates""}","[]","VECTOR","TOP700","0"
"0","{""id"":""analyst"",""name"":""Analyst""}","0","{""id"":""analyst_consensus"",""name"":""Standardized Analyst Consensus Forecasts""}","1","2026-07-01","1","Current lowest consensus estimate for the GPS measure","min_estimate_gps2","2","GBR","{""id"":""analyst-analyst-estimates"",""name"":""Analyst Estimates""}","[]","VECTOR","TOP700","0"
"0","{""id"":""analyst"",""name"":""Analyst""}","0","{""id"":""analyst_consensus"",""name"":""Standardized Analyst Consensus Forecasts""}","1","2026-07-01","1","Lowest analyst forecast estimate for the GPM measure within the consensus window","min_estimate_grossmargin_annual12_tribes","2","GBR","{""id"":""analyst-analyst-estimates"",""name"":""Analyst Estimates""}","[]","VECTOR","TOP700","0"
"0","{""id"":""analyst"",""name"":""Analyst""}","0","{""id"":""analyst_consensus"",""name"":""Standardized Analyst Consensus Forecasts""}","1","2026-07-01","1","Lowest analyst forecast for annual Interest Expense (forecast only)","min_estimate_interest_expense_annual12","2","GBR","{""id"":""analyst-analyst-estimates"",""name"":""Analyst Estimates""}","[]","VECTOR","TOP700","0"
"0","{""id"":""analyst"",""name"":""Analyst""}","0","{""id"":""analyst_consensus"",""name"":""Standardized Analyst Consensus Forecasts""}","1","2026-07-01","1","Lowest analyst estimate for the INVENTORY measure for the given annual period within the consensus window (forecast only)","min_estimate_inventory_annual12","2","GBR","{""id"":""analyst-analyst-estimates"",""name"":""Analyst Estimates""}","[]","VECTOR","TOP700","0"
"0","{""id"":""analyst"",""name"":""Analyst""}","0","{""id"":""analyst_consensus"",""name"":""Standardized Analyst Consensus Forecasts""}","0.8193","2026-07-01","1","Lowest analyst estimate among forecasts for the measure","min_estimate_marketable_securities_annual12","2","GBR","{""id"":""analyst-analyst-estimates"",""name"":""Analyst Estimates""}","[]","VECTOR","TOP700","0"
"0","{""id"":""analyst"",""name"":""Analyst""}","0","{""id"":""analyst_consensus"",""name"":""Standardized Analyst Consensus Forecasts""}","1","2026-07-01","1","Lowest analyst forecast estimate for NAV","min_estimate_nav_annual12_tribes","2","GBR","{""id"":""analyst-analyst-estimates"",""name"":""Analyst Estimates""}","[]","VECTOR","TOP700","0"
"0","{""id"":""analyst"",""name"":""Analyst""}","0","{""id"":""analyst_consensus"",""name"":""Standardized Analyst Consensus Forecasts""}","1","2026-07-01","1","Lowest current annual Net Income (NET) consensus estimate","min_estimate_net2","2","GBR","{""id"":""analyst-analyst-estimates"",""name"":""Analyst Estimates""}","[]","VECTOR","TOP700","0"
"0","{""id"":""analyst"",""name"":""Analyst""}","0","{""id"":""analyst_consensus"",""name"":""Standardized Analyst Consensus Forecasts""}","1","2026-07-01","1","Lowest analyst estimate for annual Net Debt","min_estimate_netdebt_annual12_2","2","GBR","{""id"":""analyst-analyst-estimates"",""name"":""Analyst Estimates""}","[]","VECTOR","TOP700","0"
"0","{""id"":""analyst"",""name"":""Analyst""}","0","{""id"":""analyst_consensus"",""name"":""Standardized Analyst Consensus Forecasts""}","1","2026-07-01","1","Lowest analyst forecast estimate for Net Profit Reported in original vendor currency","min_estimate_netprofitreported_annual12","2","GBR","{""id"":""analyst-analyst-estimates"",""name"":""Analyst Estimates""}","[]","VECTOR","TOP700","0"
"0","{""id"":""analyst"",""name"":""Analyst""}","0","{""id"":""analyst_consensus"",""name"":""Standardized Analyst Consensus Forecasts""}","1","2026-07-01","1","Lowest analyst estimate for annual Net Profit","min_estimate_netprofit_annual12","2","GBR","{""id"":""analyst-analyst-estimates"",""name"":""Analyst Estimates""}","[]","VECTOR","TOP700","0"
"0","{""id"":""analyst"",""name"":""Analyst""}","0","{""id"":""analyst_consensus"",""name"":""Standardized Analyst Consensus Forecasts""}","1","2026-07-01","1","Lowest individual analyst estimate for quarterly net profit (forecast only)","min_estimate_netprofit_quarterly16","2","GBR","{""id"":""analyst-analyst-estimates"",""name"":""Analyst Estimates""}","[]","VECTOR","TOP700","0"
"0","{""id"":""analyst"",""name"":""Analyst""}","0","{""id"":""analyst_consensus"",""name"":""Standardized Analyst Consensus Forecasts""}","1","2026-07-01","1","Lowest analyst estimate for reported net profit (unadjusted)","min_estimate_netprofit_reported_quarterly16","2","GBR","{""id"":""analyst-analyst-estimates"",""name"":""Analyst Estimates""}","[]","VECTOR","TOP700","0"
"0","{""id"":""analyst"",""name"":""Analyst""}","0","{""id"":""analyst_consensus"",""name"":""Standardized Analyst Consensus Forecasts""}","1","2026-07-01","1","Lowest analyst estimate for annual operating expenses (forecast-only)","min_estimate_operatingexpense_annual12","2","GBR","{""id"":""analyst-analyst-estimates"",""name"":""Analyst Estimates""}","[]","VECTOR","TOP700","0"
"0","{""id"":""analyst"",""name"":""Analyst""}","0","{""id"":""analyst_consensus"",""name"":""Standardized Analyst Consensus Forecasts""}","1","2026-07-01","1","Lowest analyst estimate","min_estimate_pretax_annual12_2","2","GBR","{""id"":""analyst-analyst-estimates"",""name"":""Analyst Estimates""}","[]","VECTOR","TOP700","0"
"0","{""id"":""analyst"",""name"":""Analyst""}","0","{""id"":""analyst_consensus"",""name"":""Standardized Analyst Consensus Forecasts""}","1","2026-07-01","1","Lowest analyst forecast estimate for the PPROFIT quarterly metric","min_estimate_pretax_quarterly16_tribes","2","GBR","{""id"":""analyst-analyst-estimates"",""name"":""Analyst Estimates""}","[]","VECTOR","TOP700","0"
"0","{""id"":""analyst"",""name"":""Analyst""}","0","{""id"":""analyst_consensus"",""name"":""Standardized Analyst Consensus Forecasts""}","1","2026-07-01","1","Current lowest PRR consensus estimate","min_estimate_pretax_reported_annual12","2","GBR","{""id"":""analyst-analyst-estimates"",""name"":""Analyst Estimates""}","[]","VECTOR","TOP700","0"
"0","{""id"":""analyst"",""name"":""Analyst""}","0","{""id"":""analyst_consensus"",""name"":""Standardized Analyst Consensus Forecasts""}","1","2026-07-01","1","Lowest analyst estimate for pre-tax profit (forecast only)","min_estimate_pretax_reported_annual12_tribes","2","GBR","{""id"":""analyst-analyst-estimates"",""name"":""Analyst Estimates""}","[]","VECTOR","TOP700","0"
"0","{""id"":""analyst"",""name"":""Analyst""}","0","{""id"":""analyst_consensus"",""name"":""Standardized Analyst Consensus Forecasts""}","1","2026-07-01","1","Lowest individual analyst estimate for PPROFITREP","min_estimate_pretax_reported_quarterly16","2","GBR","{""id"":""analyst-analyst-estimates"",""name"":""Analyst Estimates""}","[]","VECTOR","TOP700","0"
"0","{""id"":""analyst"",""name"":""Analyst""}","0","{""id"":""analyst_consensus"",""name"":""Standardized Analyst Consensus Forecasts""}","1","2026-07-01","1","Lowest current consensus NER estimate","min_estimate_reportednet_annual12_2","2","GBR","{""id"":""analyst-analyst-estimates"",""name"":""Analyst Estimates""}","[]","VECTOR","TOP700","0"
"0","{""id"":""analyst"",""name"":""Analyst""}","0","{""id"":""analyst_consensus"",""name"":""Standardized Analyst Consensus Forecasts""}","1","2026-07-01","1","Lowest analyst estimate for ROC","min_estimate_return_on_capital_annual12","2","GBR","{""id"":""analyst-analyst-estimates"",""name"":""Analyst Estimates""}","[]","VECTOR","TOP700","0"
"0","{""id"":""analyst"",""name"":""Analyst""}","0","{""id"":""analyst_consensus"",""name"":""Standardized Analyst Consensus Forecasts""}","1","2026-07-01","1","Lowest analyst annual revenue estimate (forecast only)","min_estimate_revenue_annual12","2","GBR","{""id"":""analyst-analyst-estimates"",""name"":""Analyst Estimates""}","[]","VECTOR","TOP700","0"
"0","{""id"":""analyst"",""name"":""Analyst""}","0","{""id"":""analyst_consensus"",""name"":""Standardized Analyst Consensus Forecasts""}","1","2026-07-01","1","Lowest analysts’ quarterly revenue estimate","min_estimate_revenue_quarterly16","2","GBR","{""id"":""analyst-analyst-estimates"",""name"":""Analyst Estimates""}","[]","VECTOR","TOP700","0"
"0","{""id"":""analyst"",""name"":""Analyst""}","0","{""id"":""analyst_consensus"",""name"":""Standardized Analyst Consensus Forecasts""}","1","2026-07-01","1","Lowest analyst forecast estimate for annual ROA within the window","min_estimate_roe_annual12_tribes","2","GBR","{""id"":""analyst-analyst-estimates"",""name"":""Analyst Estimates""}","[]","VECTOR","TOP700","0"
"0","{""id"":""analyst"",""name"":""Analyst""}","0","{""id"":""analyst_consensus"",""name"":""Standardized Analyst Consensus Forecasts""}","1","2026-07-01","1","Lowest analyst forecast estimate for annual ROE","min_estimate_roe_annual12_tribes_2","2","GBR","{""id"":""analyst-analyst-estimates"",""name"":""Analyst Estimates""}","[]","VECTOR","TOP700","0"
"0","{""id"":""analyst"",""name"":""Analyst""}","0","{""id"":""analyst_consensus"",""name"":""Standardized Analyst Consensus Forecasts""}","1","2026-07-01","1","Lowest analyst forecast for the annual number of shares outstanding for the given period","min_estimate_sharesoutstanding_annual12","2","GBR","{""id"":""analyst-analyst-estimates"",""name"":""Analyst Estimates""}","[]","VECTOR","TOP700","0"
"0","{""id"":""analyst"",""name"":""Analyst""}","0","{""id"":""analyst_consensus"",""name"":""Standardized Analyst Consensus Forecasts""}","1","2026-07-01","1","Lowest analyst forecast estimate for the SEQUITY measure for the period","min_estimate_tangbookvalue_annual12_tribes","2","GBR","{""id"":""analyst-analyst-estimates"",""name"":""Analyst Estimates""}","[]","VECTOR","TOP700","0"
"0","{""id"":""analyst"",""name"":""Analyst""}","0","{""id"":""analyst_consensus"",""name"":""Standardized Analyst Consensus Forecasts""}","1","2026-07-01","1","Lowest analyst target price estimate in the consensus set","min_estimate_targetprice_annual12_tribes","2","GBR","{""id"":""analyst-analyst-estimates"",""name"":""Analyst Estimates""}","[]","MATRIX","TOP700","0"
"0","{""id"":""analyst"",""name"":""Analyst""}","0","{""id"":""analyst_consensus"",""name"":""Standardized Analyst Consensus Forecasts""}","1","2026-07-01","1","Lowest analyst forecast estimate for annual Tax Provision","min_estimate_taxprovision_annual12_tribes","2","GBR","{""id"":""analyst-analyst-estimates"",""name"":""Analyst Estimates""}","[]","VECTOR","TOP700","0"
"0","{""id"":""analyst"",""name"":""Analyst""}","0","{""id"":""analyst_consensus"",""name"":""Standardized Analyst Consensus Forecasts""}","1","2026-07-01","1","Lowest analyst estimate for TAXRATE","min_estimate_taxrate_annual12","2","GBR","{""id"":""analyst-analyst-estimates"",""name"":""Analyst Estimates""}","[]","VECTOR","TOP700","0"
"0","{""id"":""analyst"",""name"":""Analyst""}","0","{""id"":""analyst_consensus"",""name"":""Standardized Analyst Consensus Forecasts""}","1","2026-07-01","1","Lowest analyst estimate (forecast only) for quarterly tax provision for the period","min_estimate_tax_provision_quarterly16","2","GBR","{""id"":""analyst-analyst-estimates"",""name"":""Analyst Estimates""}","[]","VECTOR","TOP700","0"
"0","{""id"":""analyst"",""name"":""Analyst""}","0","{""id"":""analyst_consensus"",""name"":""Standardized Analyst Consensus Forecasts""}","1","2026-07-01","1","Lowest annual DPS consensus estimate recorded three months ago","min_estimate_three_months_prior_dividend_annual12","2","GBR","{""id"":""analyst-analyst-estimates"",""name"":""Analyst Estimates""}","[]","VECTOR","TOP700","0"
"0","{""id"":""analyst"",""name"":""Analyst""}","0","{""id"":""analyst_consensus"",""name"":""Standardized Analyst Consensus Forecasts""}","1","2026-07-01","1","Lowest EBI estimate recorded three months ago","min_estimate_three_months_prior_ebit_annual12_2","2","GBR","{""id"":""analyst-analyst-estimates"",""name"":""Analyst Estimates""}","[]","VECTOR","TOP700","0"
"0","{""id"":""analyst"",""name"":""Analyst""}","0","{""id"":""analyst_consensus"",""name"":""Standardized Analyst Consensus Forecasts""}","1","2026-07-01","1","Lowest EBT consensus estimate three months ago","min_estimate_three_months_prior_ebt_annual12","2","GBR","{""id"":""analyst-analyst-estimates"",""name"":""Analyst Estimates""}","[]","VECTOR","TOP700","0"
"0","{""id"":""analyst"",""name"":""Analyst""}","0","{""id"":""analyst_consensus"",""name"":""Standardized Analyst Consensus Forecasts""}","1","2026-07-01","1","Lowest analyst dividend per share estimate from three months prior, adjusted for currency, for the annual period.","min_estimate_three_months_prior_fxadj_dividend_annual12","2","GBR","{""id"":""analyst-analyst-estimates"",""name"":""Analyst Estimates""}","[]","VECTOR","TOP700","0"
"0","{""id"":""analyst"",""name"":""Analyst""}","0","{""id"":""analyst_consensus"",""name"":""Standardized Analyst Consensus Forecasts""}","1","2026-07-01","1","Lowest analyst estimate for annual EBI as of three months ago, adjusted for currency, splits, and regime effects","min_estimate_three_months_prior_fxadj_ebit_annual12_2","2","GBR","{""id"":""analyst-analyst-estimates"",""name"":""Analyst Estimates""}","[]","VECTOR","TOP700","0"
"0","{""id"":""analyst"",""name"":""Analyst""}","0","{""id"":""analyst_consensus"",""name"":""Standardized Analyst Consensus Forecasts""}","1","2026-07-01","1","Regime-adjusted lowest EBT consensus estimate three months ago","min_estimate_three_months_prior_fxadj_ebt_annual12","2","GBR","{""id"":""analyst-analyst-estimates"",""name"":""Analyst Estimates""}","[]","VECTOR","TOP700","0"
"0","{""id"":""analyst"",""name"":""Analyst""}","0","{""id"":""analyst_consensus"",""name"":""Standardized Analyst Consensus Forecasts""}","1","2026-07-01","1","Adjusted lowest consensus estimate from the vendor snapshot three months ago","min_estimate_three_months_prior_fxadj_gps","2","GBR","{""id"":""analyst-analyst-estimates"",""name"":""Analyst Estimates""}","[]","VECTOR","TOP700","0"
"0","{""id"":""analyst"",""name"":""Analyst""}","0","{""id"":""analyst_consensus"",""name"":""Standardized Analyst Consensus Forecasts""}","1","2026-07-01","1","Lowest annual NAV estimate from three months ago, adjusted for currency/splits/regime","min_estimate_three_months_prior_fxadj_nav_annual12","2","GBR","{""id"":""analyst-analyst-estimates"",""name"":""Analyst Estimates""}","[]","VECTOR","TOP700","0"
"0","{""id"":""analyst"",""name"":""Analyst""}","0","{""id"":""analyst_consensus"",""name"":""Standardized Analyst Consensus Forecasts""}","1","2026-07-01","1","Adjusted lowest contributor estimate 3 months ago for annual Net Income","min_estimate_three_months_prior_fxadj_net2","2","GBR","{""id"":""analyst-analyst-estimates"",""name"":""Analyst Estimates""}","[]","VECTOR","TOP700","0"
"0","{""id"":""analyst"",""name"":""Analyst""}","0","{""id"":""analyst_consensus"",""name"":""Standardized Analyst Consensus Forecasts""}","1","2026-07-01","1","Lowest currency-adjusted analyst forecast for annual pre-tax profit from three months ago.","min_estimate_three_months_prior_fxadj_pretax_annual12","2","GBR","{""id"":""analyst-analyst-estimates"",""name"":""Analyst Estimates""}","[]","VECTOR","TOP700","0"
"0","{""id"":""analyst"",""name"":""Analyst""}","0","{""id"":""analyst_consensus"",""name"":""Standardized Analyst Consensus Forecasts""}","1","2026-07-01","1","Lowest pre-tax profit (reported) estimate from three months ago for the annual period, adjusted for currency effects.","min_estimate_three_months_prior_fxadj_pretax_reported_annual12","2","GBR","{""id"":""analyst-analyst-estimates"",""name"":""Analyst Estimates""}","[]","VECTOR","TOP700","0"
"0","{""id"":""analyst"",""name"":""Analyst""}","0","{""id"":""analyst_consensus"",""name"":""Standardized Analyst Consensus Forecasts""}","1","2026-07-01","1","Lowest analyst forecast for annual reported net income three months ago, adjusted for currency and splits.","min_estimate_three_months_prior_fxadj_reportednet_annual12_2","2","GBR","{""id"":""analyst-analyst-estimates"",""name"":""Analyst Estimates""}","[]","VECTOR","TOP700","0"
"0","{""id"":""analyst"",""name"":""Analyst""}","0","{""id"":""analyst_consensus"",""name"":""Standardized Analyst Consensus Forecasts""}","1","2026-07-01","1","Regime-adjusted lowest annual sales consensus estimate from three months ago","min_estimate_three_months_prior_fxadj_revenue_annual12","2","GBR","{""id"":""analyst-analyst-estimates"",""name"":""Analyst Estimates""}","[]","VECTOR","TOP700","0"
"0","{""id"":""analyst"",""name"":""Analyst""}","0","{""id"":""analyst_consensus"",""name"":""Standardized Analyst Consensus Forecasts""}","1","2026-07-01","1","Lowest consensus estimate from the vendor snapshot three months ago","min_estimate_three_months_prior_gps","2","GBR","{""id"":""analyst-analyst-estimates"",""name"":""Analyst Estimates""}","[]","VECTOR","TOP700","0"
"0","{""id"":""analyst"",""name"":""Analyst""}","0","{""id"":""analyst_consensus"",""name"":""Standardized Analyst Consensus Forecasts""}","1","2026-07-01","1","Lowest annual NAV estimate three months ago","min_estimate_three_months_prior_nav_annual12","2","GBR","{""id"":""analyst-analyst-estimates"",""name"":""Analyst Estimates""}","[]","VECTOR","TOP700","0"
"0","{""id"":""analyst"",""name"":""Analyst""}","0","{""id"":""analyst_consensus"",""name"":""Standardized Analyst Consensus Forecasts""}","1","2026-07-01","1","Lowest annual Net Income (NET) estimate as of three months ago","min_estimate_three_months_prior_net2","2","GBR","{""id"":""analyst-analyst-estimates"",""name"":""Analyst Estimates""}","[]","VECTOR","TOP700","0"
"0","{""id"":""analyst"",""name"":""Analyst""}","0","{""id"":""analyst_consensus"",""name"":""Standardized Analyst Consensus Forecasts""}","1","2026-07-01","1","Lowest analyst consensus estimate for the PRE measure from 3 months ago","min_estimate_three_months_prior_pretax_annual12","2","GBR","{""id"":""analyst-analyst-estimates"",""name"":""Analyst Estimates""}","[]","VECTOR","TOP700","0"
"0","{""id"":""analyst"",""name"":""Analyst""}","0","{""id"":""analyst_consensus"",""name"":""Standardized Analyst Consensus Forecasts""}","1","2026-07-01","1","Lowest PRR consensus estimate from three months ago","min_estimate_three_months_prior_pretax_reported_annual12_2","2","GBR","{""id"":""analyst-analyst-estimates"",""name"":""Analyst Estimates""}","[]","VECTOR","TOP700","0"
"0","{""id"":""analyst"",""name"":""Analyst""}","0","{""id"":""analyst_consensus"",""name"":""Standardized Analyst Consensus Forecasts""}","1","2026-07-01","1","Lowest consensus NER estimate three months ago","min_estimate_three_months_prior_reportednet_annual12_2","2","GBR","{""id"":""analyst-analyst-estimates"",""name"":""Analyst Estimates""}","[]","VECTOR","TOP700","0"
"0","{""id"":""analyst"",""name"":""Analyst""}","0","{""id"":""analyst_consensus"",""name"":""Standardized Analyst Consensus Forecasts""}","1","2026-07-01","1","Lowest sales estimate in the consensus as of three months ago","min_estimate_three_months_prior_revenue_annual12","2","GBR","{""id"":""analyst-analyst-estimates"",""name"":""Analyst Estimates""}","[]","VECTOR","TOP700","0"
"0","{""id"":""analyst"",""name"":""Analyst""}","0","{""id"":""analyst_consensus"",""name"":""Standardized Analyst Consensus Forecasts""}","1","2026-07-01","1","Lowest annual ROE estimate 3 months prior","min_estimate_three_months_prior_roe_annual12","2","GBR","{""id"":""analyst-analyst-estimates"",""name"":""Analyst Estimates""}","[]","VECTOR","TOP700","0"
"0","{""id"":""analyst"",""name"":""Analyst""}","0","{""id"":""analyst_consensus"",""name"":""Standardized Analyst Consensus Forecasts""}","0.1982","2026-07-01","1","Lowest analyst forecast estimate for annual total liabilities","min_estimate_totalliab_annual12_tribes","2","GBR","{""id"":""analyst-analyst-estimates"",""name"":""Analyst Estimates""}","[]","VECTOR","TOP700","0"
"0","{""id"":""analyst"",""name"":""Analyst""}","0","{""id"":""analyst_consensus"",""name"":""Standardized Analyst Consensus Forecasts""}","1","2026-07-01","1","Lowest analyst estimate among contributing forecasts for the measure","min_estimate_total_assets_annual12","2","GBR","{""id"":""analyst-analyst-estimates"",""name"":""Analyst Estimates""}","[]","VECTOR","TOP700","0"
"0","{""id"":""analyst"",""name"":""Analyst""}","0","{""id"":""analyst_consensus"",""name"":""Standardized Analyst Consensus Forecasts""}","1","2026-07-01","1","Number of analyst estimates contributing to the Gross Income consensus","number_of_estimates_gross_income","2","GBR","{""id"":""analyst-analyst-estimates"",""name"":""Analyst Estimates""}","[]","VECTOR","TOP700","0"
"0","{""id"":""analyst"",""name"":""Analyst""}","0","{""id"":""analyst_consensus"",""name"":""Standardized Analyst Consensus Forecasts""}","1","2026-07-01","1","Current standard deviation of PRE consensus estimates","stddev_current_period_pretax_annual12","2","GBR","{""id"":""analyst-analyst-estimates"",""name"":""Analyst Estimates""}","[]","VECTOR","TOP700","0"
"0","{""id"":""analyst"",""name"":""Analyst""}","0","{""id"":""analyst_consensus"",""name"":""Standardized Analyst Consensus Forecasts""}","1","2026-07-01","1","Standard deviation of ROE consensus estimates","stddev_current_period_roe_annual12","2","GBR","{""id"":""analyst-analyst-estimates"",""name"":""Analyst Estimates""}","[]","VECTOR","TOP700","0"
"0","{""id"":""analyst"",""name"":""Analyst""}","0","{""id"":""analyst_consensus"",""name"":""Standardized Analyst Consensus Forecasts""}","1","2026-07-01","1","Standard deviation of analyst BVPS estimates (forecast only)","stddev_estimate_bvps_annual12_2","2","GBR","{""id"":""analyst-analyst-estimates"",""name"":""Analyst Estimates""}","[]","VECTOR","TOP700","0"
"0","{""id"":""analyst"",""name"":""Analyst""}","0","{""id"":""analyst_consensus"",""name"":""Standardized Analyst Consensus Forecasts""}","1","2026-07-01","1","Standard deviation of analyst CAPEX estimates","stddev_estimate_capex_annual12_2","2","GBR","{""id"":""analyst-analyst-estimates"",""name"":""Analyst Estimates""}","[]","VECTOR","TOP700","0"
"0","{""id"":""analyst"",""name"":""Analyst""}","0","{""id"":""analyst_consensus"",""name"":""Standardized Analyst Consensus Forecasts""}","1","2026-07-01","1","Standard deviation of analyst estimates for annual Cash Flow from Financing","stddev_estimate_cashflowfinancing_annual12","2","GBR","{""id"":""analyst-analyst-estimates"",""name"":""Analyst Estimates""}","[]","VECTOR","TOP700","0"
"0","{""id"":""analyst"",""name"":""Analyst""}","0","{""id"":""analyst_consensus"",""name"":""Standardized Analyst Consensus Forecasts""}","1","2026-07-01","1","Standard deviation of analyst estimates for cash flow from investing","stddev_estimate_cashflowinvesting_annual12","2","GBR","{""id"":""analyst-analyst-estimates"",""name"":""Analyst Estimates""}","[]","VECTOR","TOP700","0"
"0","{""id"":""analyst"",""name"":""Analyst""}","0","{""id"":""analyst_consensus"",""name"":""Standardized Analyst Consensus Forecasts""}","1","2026-07-01","1","Standard deviation of analyst forecasts for annual operating cash flow","stddev_estimate_cfo_annual12","2","GBR","{""id"":""analyst-analyst-estimates"",""name"":""Analyst Estimates""}","[]","VECTOR","TOP700","0"
"0","{""id"":""analyst"",""name"":""Analyst""}","0","{""id"":""analyst_consensus"",""name"":""Standardized Analyst Consensus Forecasts""}","1","2026-07-01","1","Standard deviation (dispersion) of analyst CFPS estimates","stddev_estimate_cfps_annual12_2","2","GBR","{""id"":""analyst-analyst-estimates"",""name"":""Analyst Estimates""}","[]","VECTOR","TOP700","0"
"0","{""id"":""analyst"",""name"":""Analyst""}","0","{""id"":""analyst_consensus"",""name"":""Standardized Analyst Consensus Forecasts""}","1","2026-07-01","1","Standard deviation of analyst estimates for annual Cost of Goods Sold","stddev_estimate_cogs_annual12_tribes","2","GBR","{""id"":""analyst-analyst-estimates"",""name"":""Analyst Estimates""}","[]","VECTOR","TOP700","0"
"0","{""id"":""analyst"",""name"":""Analyst""}","0","{""id"":""analyst_consensus"",""name"":""Standardized Analyst Consensus Forecasts""}","0.7755","2026-07-01","1","Standard deviation of analyst estimates for Current Assets","stddev_estimate_currentassets_annual12","2","GBR","{""id"":""analyst-analyst-estimates"",""name"":""Analyst Estimates""}","[]","VECTOR","TOP700","0"
"0","{""id"":""analyst"",""name"":""Analyst""}","0","{""id"":""analyst_consensus"",""name"":""Standardized Analyst Consensus Forecasts""}","0.7755","2026-07-01","1","Standard deviation of analyst estimates for annual current liabilities","stddev_estimate_currentliabilities_annual12","2","GBR","{""id"":""analyst-analyst-estimates"",""name"":""Analyst Estimates""}","[]","VECTOR","TOP700","0"
"0","{""id"":""analyst"",""name"":""Analyst""}","0","{""id"":""analyst_consensus"",""name"":""Standardized Analyst Consensus Forecasts""}","1","2026-07-01","1","Standard deviation of analyst estimates for DEPAMORT","stddev_estimate_depreciation_amortization_annual12","2","GBR","{""id"":""analyst-analyst-estimates"",""name"":""Analyst Estimates""}","[]","VECTOR","TOP700","0"
"0","{""id"":""analyst"",""name"":""Analyst""}","0","{""id"":""analyst_consensus"",""name"":""Standardized Analyst Consensus Forecasts""}","1","2026-07-01","1","Standard deviation of analyst annual depreciation estimates (forecast only)","stddev_estimate_depreciation_annual12","2","GBR","{""id"":""analyst-analyst-estimates"",""name"":""Analyst Estimates""}","[]","VECTOR","TOP700","0"
"0","{""id"":""analyst"",""name"":""Analyst""}","0","{""id"":""analyst_consensus"",""name"":""Standardized Analyst Consensus Forecasts""}","1","2026-07-01","1","Current standard deviation of DPS consensus estimates","stddev_estimate_dividend_annual12","2","GBR","{""id"":""analyst-analyst-estimates"",""name"":""Analyst Estimates""}","[]","VECTOR","TOP700","0"
"0","{""id"":""analyst"",""name"":""Analyst""}","0","{""id"":""analyst_consensus"",""name"":""Standardized Analyst Consensus Forecasts""}","1","2026-07-01","1","Standard deviation (dispersion) of analyst annual DPS estimates","stddev_estimate_dividend_annual12_2","2","GBR","{""id"":""analyst-analyst-estimates"",""name"":""Analyst Estimates""}","[]","VECTOR","TOP700","0"
"0","{""id"":""analyst"",""name"":""Analyst""}","0","{""id"":""analyst_consensus"",""name"":""Standardized Analyst Consensus Forecasts""}","1","2026-07-01","1","Standard deviation of analyst estimates for total dividend","stddev_estimate_dividend_annual12_tribes","2","GBR","{""id"":""analyst-analyst-estimates"",""name"":""Analyst Estimates""}","[]","VECTOR","TOP700","0"
"0","{""id"":""analyst"",""name"":""Analyst""}","0","{""id"":""analyst_consensus"",""name"":""Standardized Analyst Consensus Forecasts""}","1","2026-07-01","1","Standard deviation of analyst estimates","stddev_estimate_dps_quarterly16","2","GBR","{""id"":""analyst-analyst-estimates"",""name"":""Analyst Estimates""}","[]","VECTOR","TOP700","0"
"0","{""id"":""analyst"",""name"":""Analyst""}","0","{""id"":""analyst_consensus"",""name"":""Standardized Analyst Consensus Forecasts""}","1","2026-07-01","1","Standard deviation of analyst estimates for annual Reported EBITDA","stddev_estimate_ebitdarep_annual12","2","GBR","{""id"":""analyst-analyst-estimates"",""name"":""Analyst Estimates""}","[]","VECTOR","TOP700","0"
"0","{""id"":""analyst"",""name"":""Analyst""}","0","{""id"":""analyst_consensus"",""name"":""Standardized Analyst Consensus Forecasts""}","1","2026-07-01","1","Standard deviation of analyst EBITDA estimates","stddev_estimate_ebitda_annual12","2","GBR","{""id"":""analyst-analyst-estimates"",""name"":""Analyst Estimates""}","[]","VECTOR","TOP700","0"
"0","{""id"":""analyst"",""name"":""Analyst""}","0","{""id"":""analyst_consensus"",""name"":""Standardized Analyst Consensus Forecasts""}","1","2026-07-01","1","Standard deviation of analyst EBITDA estimates for the period","stddev_estimate_ebitda_quarterly16","2","GBR","{""id"":""analyst-analyst-estimates"",""name"":""Analyst Estimates""}","[]","VECTOR","TOP700","0"
"0","{""id"":""analyst"",""name"":""Analyst""}","0","{""id"":""analyst_consensus"",""name"":""Standardized Analyst Consensus Forecasts""}","1","2026-07-01","1","Standard deviation (dispersion) of analyst EBIT estimates","stddev_estimate_ebit_annual12","2","GBR","{""id"":""analyst-analyst-estimates"",""name"":""Analyst Estimates""}","[]","VECTOR","TOP700","0"
"0","{""id"":""analyst"",""name"":""Analyst""}","0","{""id"":""analyst_consensus"",""name"":""Standardized Analyst Consensus Forecasts""}","1","2026-07-01","1","Current standard deviation of EBI consensus estimates","stddev_estimate_ebit_annual12_2","2","GBR","{""id"":""analyst-analyst-estimates"",""name"":""Analyst Estimates""}","[]","VECTOR","TOP700","0"
"0","{""id"":""analyst"",""name"":""Analyst""}","0","{""id"":""analyst_consensus"",""name"":""Standardized Analyst Consensus Forecasts""}","1","2026-07-01","1","Standard deviation of analyst EBIT estimates","stddev_estimate_ebit_quarterly16_tribes","2","GBR","{""id"":""analyst-analyst-estimates"",""name"":""Analyst Estimates""}","[]","VECTOR","TOP700","0"
"0","{""id"":""analyst"",""name"":""Analyst""}","0","{""id"":""analyst_consensus"",""name"":""Standardized Analyst Consensus Forecasts""}","1","2026-07-01","1","Standard deviation of current EBT consensus estimates","stddev_estimate_ebt_annual12","2","GBR","{""id"":""analyst-analyst-estimates"",""name"":""Analyst Estimates""}","[]","VECTOR","TOP700","0"
"0","{""id"":""analyst"",""name"":""Analyst""}","0","{""id"":""analyst_consensus"",""name"":""Standardized Analyst Consensus Forecasts""}","1","2026-07-01","1","Standard deviation of analyst estimates for the EV metric within the window","stddev_estimate_enterprisevalue_annual12","2","GBR","{""id"":""analyst-analyst-estimates"",""name"":""Analyst Estimates""}","[]","VECTOR","TOP700","0"
"0","{""id"":""analyst"",""name"":""Analyst""}","0","{""id"":""analyst_consensus"",""name"":""Standardized Analyst Consensus Forecasts""}","1","2026-07-01","1","Standard deviation of analyst EPSREP estimates (unadjusted)","stddev_estimate_epsreported_annual12","2","GBR","{""id"":""analyst-analyst-estimates"",""name"":""Analyst Estimates""}","[]","VECTOR","TOP700","0"
"0","{""id"":""analyst"",""name"":""Analyst""}","0","{""id"":""analyst_consensus"",""name"":""Standardized Analyst Consensus Forecasts""}","1","2026-07-01","1","Standard deviation of analyst EPS estimates","stddev_estimate_eps_annual12","2","GBR","{""id"":""analyst-analyst-estimates"",""name"":""Analyst Estimates""}","[]","VECTOR","TOP700","0"
"0","{""id"":""analyst"",""name"":""Analyst""}","0","{""id"":""analyst_consensus"",""name"":""Standardized Analyst Consensus Forecasts""}","1","2026-07-01","1","Standard deviation of analyst EPS estimates within the consensus","stddev_estimate_eps_longterm","2","GBR","{""id"":""analyst-analyst-estimates"",""name"":""Analyst Estimates""}","[]","MATRIX","TOP700","0"
"0","{""id"":""analyst"",""name"":""Analyst""}","0","{""id"":""analyst_consensus"",""name"":""Standardized Analyst Consensus Forecasts""}","1","2026-07-01","1","Standard deviation of analyst quarterly EPS estimates","stddev_estimate_eps_quarterly16_tribes","2","GBR","{""id"":""analyst-analyst-estimates"",""name"":""Analyst Estimates""}","[]","VECTOR","TOP700","0"
"0","{""id"":""analyst"",""name"":""Analyst""}","0","{""id"":""analyst_consensus"",""name"":""Standardized Analyst Consensus Forecasts""}","1","2026-07-01","1","Standard deviation of analyst forecast estimates for annual FCFPS","stddev_estimate_fcfps_annual12","2","GBR","{""id"":""analyst-analyst-estimates"",""name"":""Analyst Estimates""}","[]","VECTOR","TOP700","0"
"0","{""id"":""analyst"",""name"":""Analyst""}","0","{""id"":""analyst_consensus"",""name"":""Standardized Analyst Consensus Forecasts""}","1","2026-07-01","1","Standard deviation of analyst annual FCF estimates in the consensus set","stddev_estimate_fcf_annual12","2","GBR","{""id"":""analyst-analyst-estimates"",""name"":""Analyst Estimates""}","[]","VECTOR","TOP700","0"
"0","{""id"":""analyst"",""name"":""Analyst""}","0","{""id"":""analyst_consensus"",""name"":""Standardized Analyst Consensus Forecasts""}","1","2026-07-01","1","Standard deviation of annual dividend per share (DPS) consensus 4 weeks ago (historical snapshot)","stddev_estimate_four_weeks_prior_dividend_annual12","2","GBR","{""id"":""analyst-analyst-estimates"",""name"":""Analyst Estimates""}","[]","VECTOR","TOP700","0"
"0","{""id"":""analyst"",""name"":""Analyst""}","0","{""id"":""analyst_consensus"",""name"":""Standardized Analyst Consensus Forecasts""}","1","2026-07-01","1","Adjusted standard deviation of annual DPS consensus as of 4 weeks ago","stddev_estimate_four_weeks_prior_fxadj_dividend_annual12","2","GBR","{""id"":""analyst-analyst-estimates"",""name"":""Analyst Estimates""}","[]","VECTOR","TOP700","0"
"0","{""id"":""analyst"",""name"":""Analyst""}","0","{""id"":""analyst_consensus"",""name"":""Standardized Analyst Consensus Forecasts""}","1","2026-07-01","1","Standard deviation of PRE consensus estimates four weeks ago","stddev_estimate_four_weeks_prior_pretax_annual12","2","GBR","{""id"":""analyst-analyst-estimates"",""name"":""Analyst Estimates""}","[]","VECTOR","TOP700","0"
"0","{""id"":""analyst"",""name"":""Analyst""}","0","{""id"":""analyst_consensus"",""name"":""Standardized Analyst Consensus Forecasts""}","1","2026-07-01","1","Standard deviation of analyst estimates for quarterly reported EPS","stddev_estimate_fullyreported_quarterly16_tribes","2","GBR","{""id"":""analyst-analyst-estimates"",""name"":""Analyst Estimates""}","[]","VECTOR","TOP700","0"
"0","{""id"":""analyst"",""name"":""Analyst""}","0","{""id"":""analyst_consensus"",""name"":""Standardized Analyst Consensus Forecasts""}","1","2026-07-01","1","Standard deviation of CAPEX estimates after currency/regime adjustments","stddev_estimate_fxadj_capex_annual12","2","GBR","{""id"":""analyst-analyst-estimates"",""name"":""Analyst Estimates""}","[]","VECTOR","TOP700","0"
"0","{""id"":""analyst"",""name"":""Analyst""}","0","{""id"":""analyst_consensus"",""name"":""Standardized Analyst Consensus Forecasts""}","1","2026-07-01","1","Currency-adjusted standard deviation of analyst estimates for annual Cash Flow from Financing","stddev_estimate_fxadj_cashflowfinancing_annual12","2","GBR","{""id"":""analyst-analyst-estimates"",""name"":""Analyst Estimates""}","[]","VECTOR","TOP700","0"
"0","{""id"":""analyst"",""name"":""Analyst""}","0","{""id"":""analyst_consensus"",""name"":""Standardized Analyst Consensus Forecasts""}","1","2026-07-01","1","Standard deviation of currency-adjusted analyst estimates for annual cash flow from investing.","stddev_estimate_fxadj_cashflowinvesting_annual12","2","GBR","{""id"":""analyst-analyst-estimates"",""name"":""Analyst Estimates""}","[]","VECTOR","TOP700","0"
"0","{""id"":""analyst"",""name"":""Analyst""}","0","{""id"":""analyst_consensus"",""name"":""Standardized Analyst Consensus Forecasts""}","1","2026-07-01","1","Currency/FX-adjusted standard deviation of analyst estimates for annual operating cash flow","stddev_estimate_fxadj_cfo_annual12","2","GBR","{""id"":""analyst-analyst-estimates"",""name"":""Analyst Estimates""}","[]","VECTOR","TOP700","0"
"0","{""id"":""analyst"",""name"":""Analyst""}","0","{""id"":""analyst_consensus"",""name"":""Standardized Analyst Consensus Forecasts""}","1","2026-07-01","1","Currency/FX-adjusted standard deviation of analyst CFPS estimates","stddev_estimate_fxadj_cfps_annual12_2","2","GBR","{""id"":""analyst-analyst-estimates"",""name"":""Analyst Estimates""}","[]","VECTOR","TOP700","0"
"0","{""id"":""analyst"",""name"":""Analyst""}","0","{""id"":""analyst_consensus"",""name"":""Standardized Analyst Consensus Forecasts""}","1","2026-07-01","1","Standard deviation of analyst forecasts for annual cost of goods sold, adjusted for currency.","stddev_estimate_fxadj_cogs_annual12_tribes","2","GBR","{""id"":""analyst-analyst-estimates"",""name"":""Analyst Estimates""}","[]","VECTOR","TOP700","0"
"0","{""id"":""analyst"",""name"":""Analyst""}","0","{""id"":""analyst_consensus"",""name"":""Standardized Analyst Consensus Forecasts""}","0.7755","2026-07-01","1","FX/regime-adjusted standard deviation of analyst estimates for Current Assets","stddev_estimate_fxadj_currentassets_annual12","2","GBR","{""id"":""analyst-analyst-estimates"",""name"":""Analyst Estimates""}","[]","VECTOR","TOP700","0"
"0","{""id"":""analyst"",""name"":""Analyst""}","0","{""id"":""analyst_consensus"",""name"":""Standardized Analyst Consensus Forecasts""}","0.7755","2026-07-01","1","Currency-adjusted standard deviation of analyst estimates for annual current liabilities","stddev_estimate_fxadj_currentliabilities_annual12","2","GBR","{""id"":""analyst-analyst-estimates"",""name"":""Analyst Estimates""}","[]","VECTOR","TOP700","0"
"0","{""id"":""analyst"",""name"":""Analyst""}","0","{""id"":""analyst_consensus"",""name"":""Standardized Analyst Consensus Forecasts""}","1","2026-07-01","1","Standard deviation of analyst forecasts for depreciation and amortization, adjusted for currency, for the annual period.","stddev_estimate_fxadj_depreciation_annual12","2","GBR","{""id"":""analyst-analyst-estimates"",""name"":""Analyst Estimates""}","[]","VECTOR","TOP700","0"
"0","{""id"":""analyst"",""name"":""Analyst""}","0","{""id"":""analyst_consensus"",""name"":""Standardized Analyst Consensus Forecasts""}","1","2026-07-01","1","Adjusted current standard deviation of annual DPS consensus","stddev_estimate_fxadj_dividend_annual12","2","GBR","{""id"":""analyst-analyst-estimates"",""name"":""Analyst Estimates""}","[]","VECTOR","TOP700","0"
"0","{""id"":""analyst"",""name"":""Analyst""}","0","{""id"":""analyst_consensus"",""name"":""Standardized Analyst Consensus Forecasts""}","1","2026-07-01","1","Currency-adjusted standard deviation (dispersion) of analyst annual DPS estimates","stddev_estimate_fxadj_dividend_annual12_2","2","GBR","{""id"":""analyst-analyst-estimates"",""name"":""Analyst Estimates""}","[]","VECTOR","TOP700","0"
"0","{""id"":""analyst"",""name"":""Analyst""}","0","{""id"":""analyst_consensus"",""name"":""Standardized Analyst Consensus Forecasts""}","1","2026-07-01","1","FX/currency-adjusted standard deviation of analyst estimates for annual total dividend (TOTDIV)","stddev_estimate_fxadj_dividend_annual12_tribes","2","GBR","{""id"":""analyst-analyst-estimates"",""name"":""Analyst Estimates""}","[]","VECTOR","TOP700","0"
"0","{""id"":""analyst"",""name"":""Analyst""}","0","{""id"":""analyst_consensus"",""name"":""Standardized Analyst Consensus Forecasts""}","1","2026-07-01","1","Standard deviation of analyst estimates adjusted for currency/regime","stddev_estimate_fxadj_dps_quarterly16","2","GBR","{""id"":""analyst-analyst-estimates"",""name"":""Analyst Estimates""}","[]","VECTOR","TOP700","0"
"0","{""id"":""analyst"",""name"":""Analyst""}","0","{""id"":""analyst_consensus"",""name"":""Standardized Analyst Consensus Forecasts""}","1","2026-07-01","1","Standard deviation of analyst estimates for annual Reported EBITDA, adjusted for currency/splits","stddev_estimate_fxadj_ebitdarep_annual12","2","GBR","{""id"":""analyst-analyst-estimates"",""name"":""Analyst Estimates""}","[]","VECTOR","TOP700","0"
"0","{""id"":""analyst"",""name"":""Analyst""}","0","{""id"":""analyst_consensus"",""name"":""Standardized Analyst Consensus Forecasts""}","1","2026-07-01","1","Currency-adjusted standard deviation of analyst EBITDA estimates","stddev_estimate_fxadj_ebitda_annual12","2","GBR","{""id"":""analyst-analyst-estimates"",""name"":""Analyst Estimates""}","[]","VECTOR","TOP700","0"
"0","{""id"":""analyst"",""name"":""Analyst""}","0","{""id"":""analyst_consensus"",""name"":""Standardized Analyst Consensus Forecasts""}","1","2026-07-01","1","Currency-adjusted standard deviation of analyst EBITDA estimates","stddev_estimate_fxadj_ebitda_quarterly16","2","GBR","{""id"":""analyst-analyst-estimates"",""name"":""Analyst Estimates""}","[]","VECTOR","TOP700","0"
"0","{""id"":""analyst"",""name"":""Analyst""}","0","{""id"":""analyst_consensus"",""name"":""Standardized Analyst Consensus Forecasts""}","1","2026-07-01","1","Standard deviation of analyst EBIT estimates, adjusted for currency, annual period.","stddev_estimate_fxadj_ebit_annual12","2","GBR","{""id"":""analyst-analyst-estimates"",""name"":""Analyst Estimates""}","[]","VECTOR","TOP700","0"
"0","{""id"":""analyst"",""name"":""Analyst""}","0","{""id"":""analyst_consensus"",""name"":""Standardized Analyst Consensus Forecasts""}","1","2026-07-01","1","Currency-adjusted standard deviation of analyst estimates for quarterly EBIT","stddev_estimate_fxadj_ebit_quarterly16","2","GBR","{""id"":""analyst-analyst-estimates"",""name"":""Analyst Estimates""}","[]","VECTOR","TOP700","0"
"0","{""id"":""analyst"",""name"":""Analyst""}","0","{""id"":""analyst_consensus"",""name"":""Standardized Analyst Consensus Forecasts""}","1","2026-07-01","1","Standard deviation of pre-tax profit estimates for the annual period, adjusted for currency effects.","stddev_estimate_fxadj_ebt_annual12","2","GBR","{""id"":""analyst-analyst-estimates"",""name"":""Analyst Estimates""}","[]","VECTOR","TOP700","0"
"0","{""id"":""analyst"",""name"":""Analyst""}","0","{""id"":""analyst_consensus"",""name"":""Standardized Analyst Consensus Forecasts""}","1","2026-07-01","1","FX/regime-adjusted standard deviation of analyst estimates for EV","stddev_estimate_fxadj_enterprisevalue_annual12","2","GBR","{""id"":""analyst-analyst-estimates"",""name"":""Analyst Estimates""}","[]","VECTOR","TOP700","0"
"0","{""id"":""analyst"",""name"":""Analyst""}","0","{""id"":""analyst_consensus"",""name"":""Standardized Analyst Consensus Forecasts""}","1","2026-07-01","1","Standard deviation of analyst estimates for reported earnings per share, adjusted for currency, for the annual period.","stddev_estimate_fxadj_epsreported_annual12","2","GBR","{""id"":""analyst-analyst-estimates"",""name"":""Analyst Estimates""}","[]","VECTOR","TOP700","0"
"0","{""id"":""analyst"",""name"":""Analyst""}","0","{""id"":""analyst_consensus"",""name"":""Standardized Analyst Consensus Forecasts""}","1","2026-07-01","1","FX/currency-adjusted standard deviation of analyst EPS estimates","stddev_estimate_fxadj_eps_annual12","2","GBR","{""id"":""analyst-analyst-estimates"",""name"":""Analyst Estimates""}","[]","VECTOR","TOP700","0"
"0","{""id"":""analyst"",""name"":""Analyst""}","0","{""id"":""analyst_consensus"",""name"":""Standardized Analyst Consensus Forecasts""}","1","2026-07-01","1","Currency-adjusted standard deviation of analyst EPSREP estimates","stddev_estimate_fxadj_eps_reported_quarterly16","2","GBR","{""id"":""analyst-analyst-estimates"",""name"":""Analyst Estimates""}","[]","VECTOR","TOP700","0"
"0","{""id"":""analyst"",""name"":""Analyst""}","0","{""id"":""analyst_consensus"",""name"":""Standardized Analyst Consensus Forecasts""}","1","2026-07-01","1","Standard deviation of analyst FCFPS estimates after currency/split adjustment","stddev_estimate_fxadj_fcfps_annual12","2","GBR","{""id"":""analyst-analyst-estimates"",""name"":""Analyst Estimates""}","[]","VECTOR","TOP700","0"
"0","{""id"":""analyst"",""name"":""Analyst""}","0","{""id"":""analyst_consensus"",""name"":""Standardized Analyst Consensus Forecasts""}","1","2026-07-01","1","FX/split/regime-adjusted standard deviation of analyst estimates","stddev_estimate_fxadj_goodwill_annual12","2","GBR","{""id"":""analyst-analyst-estimates"",""name"":""Analyst Estimates""}","[]","VECTOR","TOP700","0"
"0","{""id"":""analyst"",""name"":""Analyst""}","0","{""id"":""analyst_consensus"",""name"":""Standardized Analyst Consensus Forecasts""}","1","2026-07-01","1","Standard deviation of analyst forecasts for annual Interest Expense adjusted for currency/splits/regime effects","stddev_estimate_fxadj_interest_expense_annual12","2","GBR","{""id"":""analyst-analyst-estimates"",""name"":""Analyst Estimates""}","[]","VECTOR","TOP700","0"
"0","{""id"":""analyst"",""name"":""Analyst""}","0","{""id"":""analyst_consensus"",""name"":""Standardized Analyst Consensus Forecasts""}","1","2026-07-01","1","Currency-adjusted standard deviation of analyst Inventory estimates","stddev_estimate_fxadj_inventory_annual12_2","2","GBR","{""id"":""analyst-analyst-estimates"",""name"":""Analyst Estimates""}","[]","VECTOR","TOP700","0"
"0","{""id"":""analyst"",""name"":""Analyst""}","0","{""id"":""analyst_consensus"",""name"":""Standardized Analyst Consensus Forecasts""}","0.8193","2026-07-01","1","FX/regime-adjusted standard deviation of analyst estimates for Marketable Securities","stddev_estimate_fxadj_marketable_securities_annual12","2","GBR","{""id"":""analyst-analyst-estimates"",""name"":""Analyst Estimates""}","[]","VECTOR","TOP700","0"
"0","{""id"":""analyst"",""name"":""Analyst""}","0","{""id"":""analyst_consensus"",""name"":""Standardized Analyst Consensus Forecasts""}","1","2026-07-01","1","Current standard deviation of annual NAV estimates, adjusted for currency/splits/regime","stddev_estimate_fxadj_nav_annual12","2","GBR","{""id"":""analyst-analyst-estimates"",""name"":""Analyst Estimates""}","[]","VECTOR","TOP700","0"
"0","{""id"":""analyst"",""name"":""Analyst""}","0","{""id"":""analyst_consensus"",""name"":""Standardized Analyst Consensus Forecasts""}","1","2026-07-01","1","Standard deviation of current estimates for annual Net Income, currency/split adjusted","stddev_estimate_fxadj_net2","2","GBR","{""id"":""analyst-analyst-estimates"",""name"":""Analyst Estimates""}","[]","VECTOR","TOP700","0"
"0","{""id"":""analyst"",""name"":""Analyst""}","0","{""id"":""analyst_consensus"",""name"":""Standardized Analyst Consensus Forecasts""}","1","2026-07-01","1","Currency/split/regime-adjusted standard deviation of analyst estimates for annual Net Debt","stddev_estimate_fxadj_netdebt_annual12_tribes_2","2","GBR","{""id"":""analyst-analyst-estimates"",""name"":""Analyst Estimates""}","[]","VECTOR","TOP700","0"
"0","{""id"":""analyst"",""name"":""Analyst""}","0","{""id"":""analyst_consensus"",""name"":""Standardized Analyst Consensus Forecasts""}","1","2026-07-01","1","Currency/split/regime-adjusted standard deviation of estimates","stddev_estimate_fxadj_netprofitreported_annual12","2","GBR","{""id"":""analyst-analyst-estimates"",""name"":""Analyst Estimates""}","[]","VECTOR","TOP700","0"
"0","{""id"":""analyst"",""name"":""Analyst""}","0","{""id"":""analyst_consensus"",""name"":""Standardized Analyst Consensus Forecasts""}","1","2026-07-01","1","Currency/split-adjusted standard deviation of analyst estimates for annual Net Profit","stddev_estimate_fxadj_netprofit_annual12","2","GBR","{""id"":""analyst-analyst-estimates"",""name"":""Analyst Estimates""}","[]","VECTOR","TOP700","0"
"0","{""id"":""analyst"",""name"":""Analyst""}","0","{""id"":""analyst_consensus"",""name"":""Standardized Analyst Consensus Forecasts""}","1","2026-07-01","1","Standard deviation of analyst estimates adjusted for currency/regime","stddev_estimate_fxadj_netprofit_quarterly16","2","GBR","{""id"":""analyst-analyst-estimates"",""name"":""Analyst Estimates""}","[]","VECTOR","TOP700","0"
"0","{""id"":""analyst"",""name"":""Analyst""}","0","{""id"":""analyst_consensus"",""name"":""Standardized Analyst Consensus Forecasts""}","1","2026-07-01","1","Currency/split-adjusted standard deviation of analyst estimates for reported net profit","stddev_estimate_fxadj_netprofit_reported_quarterly16","2","GBR","{""id"":""analyst-analyst-estimates"",""name"":""Analyst Estimates""}","[]","VECTOR","TOP700","0"
"0","{""id"":""analyst"",""name"":""Analyst""}","0","{""id"":""analyst_consensus"",""name"":""Standardized Analyst Consensus Forecasts""}","1","2026-07-01","1","Standard deviation of adjusted operating expense estimates for the annual period.","stddev_estimate_fxadj_operatingexpense_annual12","2","GBR","{""id"":""analyst-analyst-estimates"",""name"":""Analyst Estimates""}","[]","VECTOR","TOP700","0"
"0","{""id"":""analyst"",""name"":""Analyst""}","0","{""id"":""analyst_consensus"",""name"":""Standardized Analyst Consensus Forecasts""}","1","2026-07-01","1","Regime/currency/split-adjusted standard deviation of analyst estimates for the PRE measure","stddev_estimate_fxadj_pretax_annual12","2","GBR","{""id"":""analyst-analyst-estimates"",""name"":""Analyst Estimates""}","[]","VECTOR","TOP700","0"
"0","{""id"":""analyst"",""name"":""Analyst""}","0","{""id"":""analyst_consensus"",""name"":""Standardized Analyst Consensus Forecasts""}","1","2026-07-01","1","Standard deviation of analyst estimates for annual pretax profit, adjusted for currency.","stddev_estimate_fxadj_pretax_annual12_2","2","GBR","{""id"":""analyst-analyst-estimates"",""name"":""Analyst Estimates""}","[]","VECTOR","TOP700","0"
"0","{""id"":""analyst"",""name"":""Analyst""}","0","{""id"":""analyst_consensus"",""name"":""Standardized Analyst Consensus Forecasts""}","1","2026-07-01","1","Currency-adjusted standard deviation of analyst estimates for the PPROFIT quarterly metric","stddev_estimate_fxadj_pretax_quarterly16_tribes","2","GBR","{""id"":""analyst-analyst-estimates"",""name"":""Analyst Estimates""}","[]","VECTOR","TOP700","0"
"0","{""id"":""analyst"",""name"":""Analyst""}","0","{""id"":""analyst_consensus"",""name"":""Standardized Analyst Consensus Forecasts""}","1","2026-07-01","1","Adjusted standard deviation of the current PRR consensus estimates","stddev_estimate_fxadj_pretax_reported_annual12","2","GBR","{""id"":""analyst-analyst-estimates"",""name"":""Analyst Estimates""}","[]","VECTOR","TOP700","0"
"0","{""id"":""analyst"",""name"":""Analyst""}","0","{""id"":""analyst_consensus"",""name"":""Standardized Analyst Consensus Forecasts""}","1","2026-07-01","1","Currency/split/regime-adjusted standard deviation of analyst annual revenue estimates","stddev_estimate_fxadj_revenue_annual12","2","GBR","{""id"":""analyst-analyst-estimates"",""name"":""Analyst Estimates""}","[]","VECTOR","TOP700","0"
"0","{""id"":""analyst"",""name"":""Analyst""}","0","{""id"":""analyst_consensus"",""name"":""Standardized Analyst Consensus Forecasts""}","1","2026-07-01","1","Currency-adjusted standard deviation of analysts’ quarterly revenue estimates","stddev_estimate_fxadj_revenue_quarterly16","2","GBR","{""id"":""analyst-analyst-estimates"",""name"":""Analyst Estimates""}","[]","VECTOR","TOP700","0"
"0","{""id"":""analyst"",""name"":""Analyst""}","0","{""id"":""analyst_consensus"",""name"":""Standardized Analyst Consensus Forecasts""}","1","2026-07-01","1","Currency-adjusted standard deviation of analyst estimates for the SEquity measure","stddev_estimate_fxadj_tangbookvalue_annual12_tribes","2","GBR","{""id"":""analyst-analyst-estimates"",""name"":""Analyst Estimates""}","[]","VECTOR","TOP700","0"
"0","{""id"":""analyst"",""name"":""Analyst""}","0","{""id"":""analyst_consensus"",""name"":""Standardized Analyst Consensus Forecasts""}","1","2026-07-01","1","Currency/split/regime-adjusted standard deviation of target price estimates","stddev_estimate_fxadj_targetprice_annual12_tribes","2","GBR","{""id"":""analyst-analyst-estimates"",""name"":""Analyst Estimates""}","[]","MATRIX","TOP700","0"
"0","{""id"":""analyst"",""name"":""Analyst""}","0","{""id"":""analyst_consensus"",""name"":""Standardized Analyst Consensus Forecasts""}","1","2026-07-01","1","Standard deviation of analyst forecasts for effective tax rate in the annual period, adjusted for currency.","stddev_estimate_fxadj_taxrate_annual12","2","GBR","{""id"":""analyst-analyst-estimates"",""name"":""Analyst Estimates""}","[]","VECTOR","TOP700","0"
"0","{""id"":""analyst"",""name"":""Analyst""}","0","{""id"":""analyst_consensus"",""name"":""Standardized Analyst Consensus Forecasts""}","0.1982","2026-07-01","1","Currency-adjusted standard deviation of analyst estimates for annual Total Liabilities","stddev_estimate_fxadj_totalliab_annual12_tribes","2","GBR","{""id"":""analyst-analyst-estimates"",""name"":""Analyst Estimates""}","[]","VECTOR","TOP700","0"
"0","{""id"":""analyst"",""name"":""Analyst""}","0","{""id"":""analyst_consensus"",""name"":""Standardized Analyst Consensus Forecasts""}","1","2026-07-01","1","Standard deviation of currency-adjusted analyst estimates for annual total assets.","stddev_estimate_fxadj_total_assets_annual12","2","GBR","{""id"":""analyst-analyst-estimates"",""name"":""Analyst Estimates""}","[]","VECTOR","TOP700","0"
"0","{""id"":""analyst"",""name"":""Analyst""}","0","{""id"":""analyst_consensus"",""name"":""Standardized Analyst Consensus Forecasts""}","1","2026-07-01","1","Standard deviation of analyst estimates for goodwill","stddev_estimate_goodwill_annual12","2","GBR","{""id"":""analyst-analyst-estimates"",""name"":""Analyst Estimates""}","[]","VECTOR","TOP700","0"
"0","{""id"":""analyst"",""name"":""Analyst""}","0","{""id"":""analyst_consensus"",""name"":""Standardized Analyst Consensus Forecasts""}","1","2026-07-01","1","Current standard deviation of analyst estimates for the GPS consensus","stddev_estimate_gps2","2","GBR","{""id"":""analyst-analyst-estimates"",""name"":""Analyst Estimates""}","[]","VECTOR","TOP700","0"
"0","{""id"":""analyst"",""name"":""Analyst""}","0","{""id"":""analyst_consensus"",""name"":""Standardized Analyst Consensus Forecasts""}","1","2026-07-01","1","Standard deviation of analyst forecast estimates for the GPM consensus","stddev_estimate_grossmargin_annual12_tribes","2","GBR","{""id"":""analyst-analyst-estimates"",""name"":""Analyst Estimates""}","[]","VECTOR","TOP700","0"
"0","{""id"":""analyst"",""name"":""Analyst""}","0","{""id"":""analyst_consensus"",""name"":""Standardized Analyst Consensus Forecasts""}","1","2026-07-01","1","Standard deviation of analyst estimates for annual Interest Expense, unadjusted","stddev_estimate_interest_expense_annual12","2","GBR","{""id"":""analyst-analyst-estimates"",""name"":""Analyst Estimates""}","[]","VECTOR","TOP700","0"
"0","{""id"":""analyst"",""name"":""Analyst""}","0","{""id"":""analyst_consensus"",""name"":""Standardized Analyst Consensus Forecasts""}","1","2026-07-01","1","Standard deviation of analyst estimates for the INVENTORY consensus (forecast only)","stddev_estimate_inventory_annual12","2","GBR","{""id"":""analyst-analyst-estimates"",""name"":""Analyst Estimates""}","[]","VECTOR","TOP700","0"
"0","{""id"":""analyst"",""name"":""Analyst""}","0","{""id"":""analyst_consensus"",""name"":""Standardized Analyst Consensus Forecasts""}","0.8193","2026-07-01","1","Standard deviation of analyst estimates used in the consensus","stddev_estimate_marketable_securities_annual12","2","GBR","{""id"":""analyst-analyst-estimates"",""name"":""Analyst Estimates""}","[]","VECTOR","TOP700","0"
"0","{""id"":""analyst"",""name"":""Analyst""}","0","{""id"":""analyst_consensus"",""name"":""Standardized Analyst Consensus Forecasts""}","1","2026-07-01","1","Standard deviation of current consensus annual NAV estimates","stddev_estimate_nav_annual12","2","GBR","{""id"":""analyst-analyst-estimates"",""name"":""Analyst Estimates""}","[]","VECTOR","TOP700","0"
"0","{""id"":""analyst"",""name"":""Analyst""}","0","{""id"":""analyst_consensus"",""name"":""Standardized Analyst Consensus Forecasts""}","1","2026-07-01","1","Standard deviation of analyst estimates for NAV","stddev_estimate_nav_annual12_tribes","2","GBR","{""id"":""analyst-analyst-estimates"",""name"":""Analyst Estimates""}","[]","VECTOR","TOP700","0"
"0","{""id"":""analyst"",""name"":""Analyst""}","0","{""id"":""analyst_consensus"",""name"":""Standardized Analyst Consensus Forecasts""}","1","2026-07-01","1","Standard deviation of current analyst consensus estimates for annual Net Income (unadjusted)","stddev_estimate_net2","2","GBR","{""id"":""analyst-analyst-estimates"",""name"":""Analyst Estimates""}","[]","VECTOR","TOP700","0"
"0","{""id"":""analyst"",""name"":""Analyst""}","0","{""id"":""analyst_consensus"",""name"":""Standardized Analyst Consensus Forecasts""}","1","2026-07-01","1","Standard deviation of analyst estimates for annual Net Debt","stddev_estimate_netdebt_annual12_2","2","GBR","{""id"":""analyst-analyst-estimates"",""name"":""Analyst Estimates""}","[]","VECTOR","TOP700","0"
"0","{""id"":""analyst"",""name"":""Analyst""}","0","{""id"":""analyst_consensus"",""name"":""Standardized Analyst Consensus Forecasts""}","1","2026-07-01","1","Standard deviation of analyst estimates for Net Profit Reported","stddev_estimate_netprofitreported_annual12","2","GBR","{""id"":""analyst-analyst-estimates"",""name"":""Analyst Estimates""}","[]","VECTOR","TOP700","0"
"0","{""id"":""analyst"",""name"":""Analyst""}","0","{""id"":""analyst_consensus"",""name"":""Standardized Analyst Consensus Forecasts""}","1","2026-07-01","1","Standard deviation of analyst estimates for annual Net Profit","stddev_estimate_netprofit_annual12","2","GBR","{""id"":""analyst-analyst-estimates"",""name"":""Analyst Estimates""}","[]","VECTOR","TOP700","0"
"0","{""id"":""analyst"",""name"":""Analyst""}","0","{""id"":""analyst_consensus"",""name"":""Standardized Analyst Consensus Forecasts""}","1","2026-07-01","1","Standard deviation of analyst estimates for quarterly net profit","stddev_estimate_netprofit_quarterly16","2","GBR","{""id"":""analyst-analyst-estimates"",""name"":""Analyst Estimates""}","[]","VECTOR","TOP700","0"
"0","{""id"":""analyst"",""name"":""Analyst""}","0","{""id"":""analyst_consensus"",""name"":""Standardized Analyst Consensus Forecasts""}","1","2026-07-01","1","Standard deviation of analyst estimates for reported net profit (unadjusted)","stddev_estimate_netprofit_reported_quarterly16","2","GBR","{""id"":""analyst-analyst-estimates"",""name"":""Analyst Estimates""}","[]","VECTOR","TOP700","0"
"0","{""id"":""analyst"",""name"":""Analyst""}","0","{""id"":""analyst_consensus"",""name"":""Standardized Analyst Consensus Forecasts""}","1","2026-07-01","1","Standard deviation of analyst estimates for annual operating expenses","stddev_estimate_operatingexpense_annual12","2","GBR","{""id"":""analyst-analyst-estimates"",""name"":""Analyst Estimates""}","[]","VECTOR","TOP700","0"
"0","{""id"":""analyst"",""name"":""Analyst""}","0","{""id"":""analyst_consensus"",""name"":""Standardized Analyst Consensus Forecasts""}","1","2026-07-01","1","Standard deviation of analyst estimates for annual pre-tax profit (forecast only)","stddev_estimate_pretax_annual12_2","2","GBR","{""id"":""analyst-analyst-estimates"",""name"":""Analyst Estimates""}","[]","VECTOR","TOP700","0"
"0","{""id"":""analyst"",""name"":""Analyst""}","0","{""id"":""analyst_consensus"",""name"":""Standardized Analyst Consensus Forecasts""}","1","2026-07-01","1","Standard deviation of analyst estimates for the PPROFIT quarterly metric","stddev_estimate_pretax_quarterly16_tribes","2","GBR","{""id"":""analyst-analyst-estimates"",""name"":""Analyst Estimates""}","[]","VECTOR","TOP700","0"
"0","{""id"":""analyst"",""name"":""Analyst""}","0","{""id"":""analyst_consensus"",""name"":""Standardized Analyst Consensus Forecasts""}","1","2026-07-01","1","Standard deviation of the current PRR consensus estimates","stddev_estimate_pretax_reported_annual12_3","2","GBR","{""id"":""analyst-analyst-estimates"",""name"":""Analyst Estimates""}","[]","VECTOR","TOP700","0"
"0","{""id"":""analyst"",""name"":""Analyst""}","0","{""id"":""analyst_consensus"",""name"":""Standardized Analyst Consensus Forecasts""}","1","2026-07-01","1","Standard deviation of analyst estimates for pre-tax profit","stddev_estimate_pretax_reported_annual12_tribes","2","GBR","{""id"":""analyst-analyst-estimates"",""name"":""Analyst Estimates""}","[]","VECTOR","TOP700","0"
"0","{""id"":""analyst"",""name"":""Analyst""}","0","{""id"":""analyst_consensus"",""name"":""Standardized Analyst Consensus Forecasts""}","1","2026-07-01","1","Standard deviation (dispersion) of analyst estimates for PPROFITREP","stddev_estimate_pretax_reported_quarterly16","2","GBR","{""id"":""analyst-analyst-estimates"",""name"":""Analyst Estimates""}","[]","VECTOR","TOP700","0"
"0","{""id"":""analyst"",""name"":""Analyst""}","0","{""id"":""analyst_consensus"",""name"":""Standardized Analyst Consensus Forecasts""}","1","2026-07-01","1","Standard deviation of analyst estimates for ROC in the consensus at that time","stddev_estimate_return_on_capital_annual12","2","GBR","{""id"":""analyst-analyst-estimates"",""name"":""Analyst Estimates""}","[]","VECTOR","TOP700","0"
"0","{""id"":""analyst"",""name"":""Analyst""}","0","{""id"":""analyst_consensus"",""name"":""Standardized Analyst Consensus Forecasts""}","1","2026-07-01","1","Current standard deviation of annual sales consensus estimates","stddev_estimate_revenue_annual12","2","GBR","{""id"":""analyst-analyst-estimates"",""name"":""Analyst Estimates""}","[]","VECTOR","TOP700","0"
"0","{""id"":""analyst"",""name"":""Analyst""}","0","{""id"":""analyst_consensus"",""name"":""Standardized Analyst Consensus Forecasts""}","1","2026-07-01","1","Standard deviation of analyst annual revenue estimates","stddev_estimate_revenue_annual12_tribes","2","GBR","{""id"":""analyst-analyst-estimates"",""name"":""Analyst Estimates""}","[]","VECTOR","TOP700","0"
"0","{""id"":""analyst"",""name"":""Analyst""}","0","{""id"":""analyst_consensus"",""name"":""Standardized Analyst Consensus Forecasts""}","1","2026-07-01","1","Standard deviation of analyst revenue estimates (unadjusted)","stddev_estimate_revenue_quarterly16","2","GBR","{""id"":""analyst-analyst-estimates"",""name"":""Analyst Estimates""}","[]","VECTOR","TOP700","0"
"0","{""id"":""analyst"",""name"":""Analyst""}","0","{""id"":""analyst_consensus"",""name"":""Standardized Analyst Consensus Forecasts""}","1","2026-07-01","1","Standard deviation of analyst ROA estimates (consensus dispersion)","stddev_estimate_roe_annual12_tribes","2","GBR","{""id"":""analyst-analyst-estimates"",""name"":""Analyst Estimates""}","[]","VECTOR","TOP700","0"
"0","{""id"":""analyst"",""name"":""Analyst""}","0","{""id"":""analyst_consensus"",""name"":""Standardized Analyst Consensus Forecasts""}","1","2026-07-01","1","Standard deviation of analyst ROE estimates within the consensus","stddev_estimate_roe_annual12_tribes_2","2","GBR","{""id"":""analyst-analyst-estimates"",""name"":""Analyst Estimates""}","[]","VECTOR","TOP700","0"
"0","{""id"":""analyst"",""name"":""Analyst""}","0","{""id"":""analyst_consensus"",""name"":""Standardized Analyst Consensus Forecasts""}","1","2026-07-01","1","Standard deviation of analysts’ estimates for the annual number of shares outstanding","stddev_estimate_sharesoutstanding_annual12","2","GBR","{""id"":""analyst-analyst-estimates"",""name"":""Analyst Estimates""}","[]","VECTOR","TOP700","0"
"0","{""id"":""analyst"",""name"":""Analyst""}","0","{""id"":""analyst_consensus"",""name"":""Standardized Analyst Consensus Forecasts""}","1","2026-07-01","1","Standard deviation of analyst estimates for the SEQUITY measure","stddev_estimate_tangbookvalue_annual12_tribes","2","GBR","{""id"":""analyst-analyst-estimates"",""name"":""Analyst Estimates""}","[]","VECTOR","TOP700","0"
"0","{""id"":""analyst"",""name"":""Analyst""}","0","{""id"":""analyst_consensus"",""name"":""Standardized Analyst Consensus Forecasts""}","1","2026-07-01","1","Standard deviation of analyst target price estimates","stddev_estimate_targetprice_annual12_tribes","2","GBR","{""id"":""analyst-analyst-estimates"",""name"":""Analyst Estimates""}","[]","MATRIX","TOP700","0"
"0","{""id"":""analyst"",""name"":""Analyst""}","0","{""id"":""analyst_consensus"",""name"":""Standardized Analyst Consensus Forecasts""}","1","2026-07-01","1","Standard deviation of analyst estimates for the TAXPROV metric","stddev_estimate_taxprovision_annual12_tribes","2","GBR","{""id"":""analyst-analyst-estimates"",""name"":""Analyst Estimates""}","[]","VECTOR","TOP700","0"
"0","{""id"":""analyst"",""name"":""Analyst""}","0","{""id"":""analyst_consensus"",""name"":""Standardized Analyst Consensus Forecasts""}","1","2026-07-01","1","Standard deviation of analyst estimates for the annual TAXRATE consensus within the p12 window","stddev_estimate_taxrate_annual12","2","GBR","{""id"":""analyst-analyst-estimates"",""name"":""Analyst Estimates""}","[]","VECTOR","TOP700","0"
"0","{""id"":""analyst"",""name"":""Analyst""}","0","{""id"":""analyst_consensus"",""name"":""Standardized Analyst Consensus Forecasts""}","1","2026-07-01","1","Standard deviation of analyst estimates for quarterly tax provision (forecast only)","stddev_estimate_tax_provision_quarterly16","2","GBR","{""id"":""analyst-analyst-estimates"",""name"":""Analyst Estimates""}","[]","VECTOR","TOP700","0"
"0","{""id"":""analyst"",""name"":""Analyst""}","0","{""id"":""analyst_consensus"",""name"":""Standardized Analyst Consensus Forecasts""}","1","2026-07-01","1","Standard deviation of DPS consensus estimates three months ago","stddev_estimate_three_months_prior_dividend_annual12","2","GBR","{""id"":""analyst-analyst-estimates"",""name"":""Analyst Estimates""}","[]","VECTOR","TOP700","0"
"0","{""id"":""analyst"",""name"":""Analyst""}","0","{""id"":""analyst_consensus"",""name"":""Standardized Analyst Consensus Forecasts""}","1","2026-07-01","1","Adjusted standard deviation of annual DPS consensus as of 3 months ago","stddev_estimate_three_months_prior_fxadj_dividend_annual12","2","GBR","{""id"":""analyst-analyst-estimates"",""name"":""Analyst Estimates""}","[]","VECTOR","TOP700","0"
"0","{""id"":""analyst"",""name"":""Analyst""}","0","{""id"":""analyst_consensus"",""name"":""Standardized Analyst Consensus Forecasts""}","0.1982","2026-07-01","1","Standard deviation of analyst forecasts for annual total liabilities","stddev_estimate_totalliab_annual12_tribes","2","GBR","{""id"":""analyst-analyst-estimates"",""name"":""Analyst Estimates""}","[]","VECTOR","TOP700","0"
"0","{""id"":""analyst"",""name"":""Analyst""}","0","{""id"":""analyst_consensus"",""name"":""Standardized Analyst Consensus Forecasts""}","1","2026-07-01","1","Standard deviation of analyst estimates for the measure","stddev_estimate_total_assets_annual12","2","GBR","{""id"":""analyst-analyst-estimates"",""name"":""Analyst Estimates""}","[]","VECTOR","TOP700","0"
"0","{""id"":""analyst"",""name"":""Analyst""}","0","{""id"":""analyst_consensus"",""name"":""Standardized Analyst Consensus Forecasts""}","1","2026-07-01","1","Standard deviation of flash DPS consensus estimates","stddev_flash_estimate_dividend_annual12","2","GBR","{""id"":""analyst-analyst-estimates"",""name"":""Analyst Estimates""}","[]","VECTOR","TOP700","0"
"0","{""id"":""analyst"",""name"":""Analyst""}","0","{""id"":""analyst_consensus"",""name"":""Standardized Analyst Consensus Forecasts""}","1","2026-07-01","1","Standard deviation of flash EBI consensus estimates","stddev_flash_estimate_ebit_annual12_2","2","GBR","{""id"":""analyst-analyst-estimates"",""name"":""Analyst Estimates""}","[]","VECTOR","TOP700","0"
"0","{""id"":""analyst"",""name"":""Analyst""}","0","{""id"":""analyst_consensus"",""name"":""Standardized Analyst Consensus Forecasts""}","1","2026-07-01","1","Standard deviation of EBT flash consensus estimates","stddev_flash_estimate_ebt_annual12","2","GBR","{""id"":""analyst-analyst-estimates"",""name"":""Analyst Estimates""}","[]","VECTOR","TOP700","0"
"0","{""id"":""analyst"",""name"":""Analyst""}","0","{""id"":""analyst_consensus"",""name"":""Standardized Analyst Consensus Forecasts""}","1","2026-07-01","1","Adjusted standard deviation of annual DPS flash estimates","stddev_flash_estimate_fxadj_dividend_annual12","2","GBR","{""id"":""analyst-analyst-estimates"",""name"":""Analyst Estimates""}","[]","VECTOR","TOP700","0"
"0","{""id"":""analyst"",""name"":""Analyst""}","0","{""id"":""analyst_consensus"",""name"":""Standardized Analyst Consensus Forecasts""}","1","2026-07-01","1","Currency and split adjusted standard deviation of flash EBI estimates","stddev_flash_estimate_fxadj_ebit_annual12_2","2","GBR","{""id"":""analyst-analyst-estimates"",""name"":""Analyst Estimates""}","[]","VECTOR","TOP700","0"
"0","{""id"":""analyst"",""name"":""Analyst""}","0","{""id"":""analyst_consensus"",""name"":""Standardized Analyst Consensus Forecasts""}","1","2026-07-01","1","Standard deviation of the most recent short-term pre-tax profit estimates for the annual period, adjusted for currency effects.","stddev_flash_estimate_fxadj_ebt_annual12","2","GBR","{""id"":""analyst-analyst-estimates"",""name"":""Analyst Estimates""}","[]","VECTOR","TOP700","0"
"0","{""id"":""analyst"",""name"":""Analyst""}","0","{""id"":""analyst_consensus"",""name"":""Standardized Analyst Consensus Forecasts""}","1","2026-07-01","1","Standard deviation of currency-adjusted flash net asset value estimates for the annual period.","stddev_flash_estimate_fxadj_nav_annual12","2","GBR","{""id"":""analyst-analyst-estimates"",""name"":""Analyst Estimates""}","[]","VECTOR","TOP700","0"
"0","{""id"":""analyst"",""name"":""Analyst""}","0","{""id"":""analyst_consensus"",""name"":""Standardized Analyst Consensus Forecasts""}","1","2026-07-01","1","Standard deviation of the most recent currency-adjusted analyst forecasts for annual pre-tax profit.","stddev_flash_estimate_fxadj_pretax_annual12","2","GBR","{""id"":""analyst-analyst-estimates"",""name"":""Analyst Estimates""}","[]","VECTOR","TOP700","0"
"0","{""id"":""analyst"",""name"":""Analyst""}","0","{""id"":""analyst_consensus"",""name"":""Standardized Analyst Consensus Forecasts""}","1","2026-07-01","1","Standard deviation of the most recent pre-tax profit (reported) estimates for the annual period, adjusted for currency effects.","stddev_flash_estimate_fxadj_pretax_reported_annual12","2","GBR","{""id"":""analyst-analyst-estimates"",""name"":""Analyst Estimates""}","[]","VECTOR","TOP700","0"
"0","{""id"":""analyst"",""name"":""Analyst""}","0","{""id"":""analyst_consensus"",""name"":""Standardized Analyst Consensus Forecasts""}","1","2026-07-01","1","Standard deviation of analyst forecasts for annual reported net income in the flash period, adjusted for currency and splits.","stddev_flash_estimate_fxadj_reportednet_annual12_2","2","GBR","{""id"":""analyst-analyst-estimates"",""name"":""Analyst Estimates""}","[]","VECTOR","TOP700","0"
"0","{""id"":""analyst"",""name"":""Analyst""}","0","{""id"":""analyst_consensus"",""name"":""Standardized Analyst Consensus Forecasts""}","1","2026-07-01","1","Currency/split-adjusted standard deviation of the vendor “flash” consensus Sales estimates","stddev_flash_estimate_fxadj_revenue_annual12","2","GBR","{""id"":""analyst-analyst-estimates"",""name"":""Analyst Estimates""}","[]","VECTOR","TOP700","0"
"0","{""id"":""analyst"",""name"":""Analyst""}","0","{""id"":""analyst_consensus"",""name"":""Standardized Analyst Consensus Forecasts""}","1","2026-07-01","1","Standard deviation of flash annual NAV estimates","stddev_flash_estimate_nav_annual12","2","GBR","{""id"":""analyst-analyst-estimates"",""name"":""Analyst Estimates""}","[]","VECTOR","TOP700","0"
"0","{""id"":""analyst"",""name"":""Analyst""}","0","{""id"":""analyst_consensus"",""name"":""Standardized Analyst Consensus Forecasts""}","1","2026-07-01","1","Standard deviation of flash consensus estimates for the PRE measure","stddev_flash_estimate_pretax_annual12","2","GBR","{""id"":""analyst-analyst-estimates"",""name"":""Analyst Estimates""}","[]","VECTOR","TOP700","0"
"0","{""id"":""analyst"",""name"":""Analyst""}","0","{""id"":""analyst_consensus"",""name"":""Standardized Analyst Consensus Forecasts""}","1","2026-07-01","1","Standard deviation of flash PRR estimates","stddev_flash_estimate_pretax_reported_annual12","2","GBR","{""id"":""analyst-analyst-estimates"",""name"":""Analyst Estimates""}","[]","VECTOR","TOP700","0"
"0","{""id"":""analyst"",""name"":""Analyst""}","0","{""id"":""analyst_consensus"",""name"":""Standardized Analyst Consensus Forecasts""}","1","2026-07-01","1","Standard deviation of flash consensus NER estimates","stddev_flash_estimate_reportednet_annual12_2","2","GBR","{""id"":""analyst-analyst-estimates"",""name"":""Analyst Estimates""}","[]","VECTOR","TOP700","0"
"0","{""id"":""analyst"",""name"":""Analyst""}","0","{""id"":""analyst_consensus"",""name"":""Standardized Analyst Consensus Forecasts""}","1","2026-07-01","1","Standard deviation of flash annual sales consensus estimates","stddev_flash_estimate_revenue_annual12","2","GBR","{""id"":""analyst-analyst-estimates"",""name"":""Analyst Estimates""}","[]","VECTOR","TOP700","0"
"0","{""id"":""analyst"",""name"":""Analyst""}","0","{""id"":""analyst_consensus"",""name"":""Standardized Analyst Consensus Forecasts""}","1","2026-07-01","1","Standard deviation of ROE consensus estimates including flash updates","stddev_flash_estimate_roe_annual12","2","GBR","{""id"":""analyst-analyst-estimates"",""name"":""Analyst Estimates""}","[]","VECTOR","TOP700","0"
"0","{""id"":""analyst"",""name"":""Analyst""}","0","{""id"":""analyst_consensus"",""name"":""Standardized Analyst Consensus Forecasts""}","1","2026-07-01","1","Standard deviation of EBI consensus estimates as of four weeks ago","stddev_four_weeks_prior_ebit_annual12_2","2","GBR","{""id"":""analyst-analyst-estimates"",""name"":""Analyst Estimates""}","[]","VECTOR","TOP700","0"
"0","{""id"":""analyst"",""name"":""Analyst""}","0","{""id"":""analyst_consensus"",""name"":""Standardized Analyst Consensus Forecasts""}","1","2026-07-01","1","Standard deviation of EBT consensus estimates four weeks ago","stddev_four_weeks_prior_ebt_annual12","2","GBR","{""id"":""analyst-analyst-estimates"",""name"":""Analyst Estimates""}","[]","VECTOR","TOP700","0"
"0","{""id"":""analyst"",""name"":""Analyst""}","0","{""id"":""analyst_consensus"",""name"":""Standardized Analyst Consensus Forecasts""}","1","2026-07-01","1","Currency and split adjusted standard deviation of EBI estimates as of four weeks ago","stddev_four_weeks_prior_fxadj_ebit_annual12_2","2","GBR","{""id"":""analyst-analyst-estimates"",""name"":""Analyst Estimates""}","[]","VECTOR","TOP700","0"
"0","{""id"":""analyst"",""name"":""Analyst""}","0","{""id"":""analyst_consensus"",""name"":""Standardized Analyst Consensus Forecasts""}","1","2026-07-01","1","Standard deviation of pre-tax profit estimates from four weeks ago for the annual period, adjusted for currency effects.","stddev_four_weeks_prior_fxadj_ebt_annual12","2","GBR","{""id"":""analyst-analyst-estimates"",""name"":""Analyst Estimates""}","[]","VECTOR","TOP700","0"
"0","{""id"":""analyst"",""name"":""Analyst""}","0","{""id"":""analyst_consensus"",""name"":""Standardized Analyst Consensus Forecasts""}","1","2026-07-01","1","Regime-adjusted standard deviation of analyst estimates for the GPS measure as of 4 weeks ago","stddev_four_weeks_prior_fxadj_gps","2","GBR","{""id"":""analyst-analyst-estimates"",""name"":""Analyst Estimates""}","[]","VECTOR","TOP700","0"
"0","{""id"":""analyst"",""name"":""Analyst""}","0","{""id"":""analyst_consensus"",""name"":""Standardized Analyst Consensus Forecasts""}","1","2026-07-01","1","Currency and split-adjusted standard deviation of annual NAV estimates four weeks ago","stddev_four_weeks_prior_fxadj_nav_annual12","2","GBR","{""id"":""analyst-analyst-estimates"",""name"":""Analyst Estimates""}","[]","VECTOR","TOP700","0"
"0","{""id"":""analyst"",""name"":""Analyst""}","0","{""id"":""analyst_consensus"",""name"":""Standardized Analyst Consensus Forecasts""}","1","2026-07-01","1","Standard deviation of analyst estimates for net income from four weeks ago, adjusted for currency.","stddev_four_weeks_prior_fxadj_net2","2","GBR","{""id"":""analyst-analyst-estimates"",""name"":""Analyst Estimates""}","[]","VECTOR","TOP700","0"
"0","{""id"":""analyst"",""name"":""Analyst""}","0","{""id"":""analyst_consensus"",""name"":""Standardized Analyst Consensus Forecasts""}","1","2026-07-01","1","Standard deviation of currency-adjusted analyst forecasts for annual pre-tax profit as of four weeks ago.","stddev_four_weeks_prior_fxadj_pretax_annual12","2","GBR","{""id"":""analyst-analyst-estimates"",""name"":""Analyst Estimates""}","[]","VECTOR","TOP700","0"
"0","{""id"":""analyst"",""name"":""Analyst""}","0","{""id"":""analyst_consensus"",""name"":""Standardized Analyst Consensus Forecasts""}","1","2026-07-01","1","Standard deviation of currency-adjusted pre-tax reported profit estimates from four weeks ago for the annual period.","stddev_four_weeks_prior_fxadj_pretax_reported_annual12_3","2","GBR","{""id"":""analyst-analyst-estimates"",""name"":""Analyst Estimates""}","[]","VECTOR","TOP700","0"
"0","{""id"":""analyst"",""name"":""Analyst""}","0","{""id"":""analyst_consensus"",""name"":""Standardized Analyst Consensus Forecasts""}","1","2026-07-01","1","Standard deviation of analyst forecasts for annual reported net income four weeks ago, adjusted for currency and splits.","stddev_four_weeks_prior_fxadj_reportednet_annual12_2","2","GBR","{""id"":""analyst-analyst-estimates"",""name"":""Analyst Estimates""}","[]","VECTOR","TOP700","0"
"0","{""id"":""analyst"",""name"":""Analyst""}","0","{""id"":""analyst_consensus"",""name"":""Standardized Analyst Consensus Forecasts""}","1","2026-07-01","1","Regime-adjusted standard deviation of annual sales consensus estimates from four weeks ago","stddev_four_weeks_prior_fxadj_revenue_annual12","2","GBR","{""id"":""analyst-analyst-estimates"",""name"":""Analyst Estimates""}","[]","VECTOR","TOP700","0"
"0","{""id"":""analyst"",""name"":""Analyst""}","0","{""id"":""analyst_consensus"",""name"":""Standardized Analyst Consensus Forecasts""}","1","2026-07-01","1","Standard deviation of consensus estimates from the vendor snapshot four weeks ago","stddev_four_weeks_prior_gps","2","GBR","{""id"":""analyst-analyst-estimates"",""name"":""Analyst Estimates""}","[]","VECTOR","TOP700","0"
"0","{""id"":""analyst"",""name"":""Analyst""}","0","{""id"":""analyst_consensus"",""name"":""Standardized Analyst Consensus Forecasts""}","1","2026-07-01","1","Standard deviation of annual NAV estimates four weeks ago","stddev_four_weeks_prior_nav_annual12","2","GBR","{""id"":""analyst-analyst-estimates"",""name"":""Analyst Estimates""}","[]","VECTOR","TOP700","0"
"0","{""id"":""analyst"",""name"":""Analyst""}","0","{""id"":""analyst_consensus"",""name"":""Standardized Analyst Consensus Forecasts""}","1","2026-07-01","1","Standard deviation of annual Net Income (NET) estimates as of four weeks ago","stddev_four_weeks_prior_net2","2","GBR","{""id"":""analyst-analyst-estimates"",""name"":""Analyst Estimates""}","[]","VECTOR","TOP700","0"
"0","{""id"":""analyst"",""name"":""Analyst""}","0","{""id"":""analyst_consensus"",""name"":""Standardized Analyst Consensus Forecasts""}","1","2026-07-01","1","Standard deviation of PRR consensus estimates as of four weeks ago","stddev_four_weeks_prior_pretax_reported_annual12_2","2","GBR","{""id"":""analyst-analyst-estimates"",""name"":""Analyst Estimates""}","[]","VECTOR","TOP700","0"
"0","{""id"":""analyst"",""name"":""Analyst""}","0","{""id"":""analyst_consensus"",""name"":""Standardized Analyst Consensus Forecasts""}","1","2026-07-01","1","Standard deviation of analyst forecasts for annual reported net income four weeks ago.","stddev_four_weeks_prior_reportednet_annual12_2","2","GBR","{""id"":""analyst-analyst-estimates"",""name"":""Analyst Estimates""}","[]","VECTOR","TOP700","0"
"0","{""id"":""analyst"",""name"":""Analyst""}","0","{""id"":""analyst_consensus"",""name"":""Standardized Analyst Consensus Forecasts""}","1","2026-07-01","1","Standard deviation of sales estimates four weeks ago","stddev_four_weeks_prior_revenue_annual12","2","GBR","{""id"":""analyst-analyst-estimates"",""name"":""Analyst Estimates""}","[]","VECTOR","TOP700","0"
"0","{""id"":""analyst"",""name"":""Analyst""}","0","{""id"":""analyst_consensus"",""name"":""Standardized Analyst Consensus Forecasts""}","1","2026-07-01","1","Vendor snapshot of the standard deviation of annual ROE estimates 4 weeks prior","stddev_four_weeks_prior_roe_annual12","2","GBR","{""id"":""analyst-analyst-estimates"",""name"":""Analyst Estimates""}","[]","VECTOR","TOP700","0"
"0","{""id"":""analyst"",""name"":""Analyst""}","0","{""id"":""analyst_consensus"",""name"":""Standardized Analyst Consensus Forecasts""}","1","2026-07-01","1","Currency-adjusted standard deviation of BVPS analyst estimates","stddev_fxadj_bvps_annual12_2","2","GBR","{""id"":""analyst-analyst-estimates"",""name"":""Analyst Estimates""}","[]","VECTOR","TOP700","0"
"0","{""id"":""analyst"",""name"":""Analyst""}","0","{""id"":""analyst_consensus"",""name"":""Standardized Analyst Consensus Forecasts""}","1","2026-07-01","1","Currency/split/regime-adjusted standard deviation of analyst estimates for DEPAMORT","stddev_fxadj_depreciation_amortization_annual12","2","GBR","{""id"":""analyst-analyst-estimates"",""name"":""Analyst Estimates""}","[]","VECTOR","TOP700","0"
"0","{""id"":""analyst"",""name"":""Analyst""}","0","{""id"":""analyst_consensus"",""name"":""Standardized Analyst Consensus Forecasts""}","1","2026-07-01","1","Currency/split-adjusted standard deviation of EBI consensus estimates","stddev_fxadj_ebit_annual12_2","2","GBR","{""id"":""analyst-analyst-estimates"",""name"":""Analyst Estimates""}","[]","VECTOR","TOP700","0"
"0","{""id"":""analyst"",""name"":""Analyst""}","0","{""id"":""analyst_consensus"",""name"":""Standardized Analyst Consensus Forecasts""}","1","2026-07-01","1","Currency-adjusted standard deviation of analyst quarterly EPS estimates","stddev_fxadj_eps_quarterly16","2","GBR","{""id"":""analyst-analyst-estimates"",""name"":""Analyst Estimates""}","[]","VECTOR","TOP700","0"
"0","{""id"":""analyst"",""name"":""Analyst""}","0","{""id"":""analyst_consensus"",""name"":""Standardized Analyst Consensus Forecasts""}","1","2026-07-01","1","FX-adjusted standard deviation of analyst FCF estimates","stddev_fxadj_fcf_annual12","2","GBR","{""id"":""analyst-analyst-estimates"",""name"":""Analyst Estimates""}","[]","VECTOR","TOP700","0"
"0","{""id"":""analyst"",""name"":""Analyst""}","0","{""id"":""analyst_consensus"",""name"":""Standardized Analyst Consensus Forecasts""}","1","2026-07-01","1","Regime-adjusted standard deviation of current analyst estimates for the GPS measure","stddev_fxadj_gps","2","GBR","{""id"":""analyst-analyst-estimates"",""name"":""Analyst Estimates""}","[]","VECTOR","TOP700","0"
"0","{""id"":""analyst"",""name"":""Analyst""}","0","{""id"":""analyst_consensus"",""name"":""Standardized Analyst Consensus Forecasts""}","1","2026-07-01","1","Currency-adjusted standard deviation of analyst NAV estimates","stddev_fxadj_nav_annual12_tribes","2","GBR","{""id"":""analyst-analyst-estimates"",""name"":""Analyst Estimates""}","[]","VECTOR","TOP700","0"
"0","{""id"":""analyst"",""name"":""Analyst""}","0","{""id"":""analyst_consensus"",""name"":""Standardized Analyst Consensus Forecasts""}","1","2026-07-01","1","Standard deviation of estimates adjusted for currency/splits/regime","stddev_fxadj_pretax_reported_annual12_tribes","2","GBR","{""id"":""analyst-analyst-estimates"",""name"":""Analyst Estimates""}","[]","VECTOR","TOP700","0"
"0","{""id"":""analyst"",""name"":""Analyst""}","0","{""id"":""analyst_consensus"",""name"":""Standardized Analyst Consensus Forecasts""}","1","2026-07-01","1","Currency/split/regime-adjusted standard deviation of analyst estimates for PPROFITREP","stddev_fxadj_pretax_reported_quarterly16","2","GBR","{""id"":""analyst-analyst-estimates"",""name"":""Analyst Estimates""}","[]","VECTOR","TOP700","0"
"0","{""id"":""analyst"",""name"":""Analyst""}","0","{""id"":""analyst_consensus"",""name"":""Standardized Analyst Consensus Forecasts""}","1","2026-07-01","1","Regime-adjusted standard deviation of current NER consensus estimates","stddev_fxadj_reportednet_annual12_2","2","GBR","{""id"":""analyst-analyst-estimates"",""name"":""Analyst Estimates""}","[]","VECTOR","TOP700","0"
"0","{""id"":""analyst"",""name"":""Analyst""}","0","{""id"":""analyst_consensus"",""name"":""Standardized Analyst Consensus Forecasts""}","1","2026-07-01","1","Currency/split-adjusted standard deviation of current Sales estimates","stddev_fxadj_revenue_annual12","2","GBR","{""id"":""analyst-analyst-estimates"",""name"":""Analyst Estimates""}","[]","VECTOR","TOP700","0"
"0","{""id"":""analyst"",""name"":""Analyst""}","0","{""id"":""analyst_consensus"",""name"":""Standardized Analyst Consensus Forecasts""}","1","2026-07-01","1","FX and regime adjusted standard deviation of analyst estimates for annual Tax Provision","stddev_fxadj_taxprovision_annual12_tribes","2","GBR","{""id"":""analyst-analyst-estimates"",""name"":""Analyst Estimates""}","[]","VECTOR","TOP700","0"
"0","{""id"":""analyst"",""name"":""Analyst""}","0","{""id"":""analyst_consensus"",""name"":""Standardized Analyst Consensus Forecasts""}","1","2026-07-01","1","Currency/regime-adjusted standard deviation of analyst estimates","stddev_fxadj_tax_provision_quarterly16","2","GBR","{""id"":""analyst-analyst-estimates"",""name"":""Analyst Estimates""}","[]","VECTOR","TOP700","0"
"0","{""id"":""analyst"",""name"":""Analyst""}","0","{""id"":""analyst_consensus"",""name"":""Standardized Analyst Consensus Forecasts""}","1","2026-07-01","1","Adjusted standard deviation of the flash (vendor quick-update) consensus estimates","stddev_recent_estimates_fxadj_gps","2","GBR","{""id"":""analyst-analyst-estimates"",""name"":""Analyst Estimates""}","[]","VECTOR","TOP700","0"
"0","{""id"":""analyst"",""name"":""Analyst""}","0","{""id"":""analyst_consensus"",""name"":""Standardized Analyst Consensus Forecasts""}","1","2026-07-01","1","Currency/split-adjusted standard deviation of the NET flash estimates","stddev_recent_estimates_fxadj_net2","2","GBR","{""id"":""analyst-analyst-estimates"",""name"":""Analyst Estimates""}","[]","VECTOR","TOP700","0"
"0","{""id"":""analyst"",""name"":""Analyst""}","0","{""id"":""analyst_consensus"",""name"":""Standardized Analyst Consensus Forecasts""}","1","2026-07-01","1","Standard deviation of the flash (vendor quick-update) consensus estimates","stddev_recent_estimates_gps","2","GBR","{""id"":""analyst-analyst-estimates"",""name"":""Analyst Estimates""}","[]","VECTOR","TOP700","0"
"0","{""id"":""analyst"",""name"":""Analyst""}","0","{""id"":""analyst_consensus"",""name"":""Standardized Analyst Consensus Forecasts""}","1","2026-07-01","1","Standard deviation of the NET flash estimates","stddev_recent_estimates_net2","2","GBR","{""id"":""analyst-analyst-estimates"",""name"":""Analyst Estimates""}","[]","VECTOR","TOP700","0"
"0","{""id"":""analyst"",""name"":""Analyst""}","0","{""id"":""analyst_consensus"",""name"":""Standardized Analyst Consensus Forecasts""}","1","2026-07-01","1","Standard deviation of current consensus NER estimates","stddev_reportednet_annual12_2","2","GBR","{""id"":""analyst-analyst-estimates"",""name"":""Analyst Estimates""}","[]","VECTOR","TOP700","0"
"0","{""id"":""analyst"",""name"":""Analyst""}","0","{""id"":""analyst_consensus"",""name"":""Standardized Analyst Consensus Forecasts""}","1","2026-07-01","1","Standard deviation of EBI estimates three months ago","stddev_three_months_prior_ebit_annual12_2","2","GBR","{""id"":""analyst-analyst-estimates"",""name"":""Analyst Estimates""}","[]","VECTOR","TOP700","0"
"0","{""id"":""analyst"",""name"":""Analyst""}","0","{""id"":""analyst_consensus"",""name"":""Standardized Analyst Consensus Forecasts""}","1","2026-07-01","1","Standard deviation of analyst consensus annual EBT estimates as of three months ago","stddev_three_months_prior_ebt_annual12","2","GBR","{""id"":""analyst-analyst-estimates"",""name"":""Analyst Estimates""}","[]","VECTOR","TOP700","0"
"0","{""id"":""analyst"",""name"":""Analyst""}","0","{""id"":""analyst_consensus"",""name"":""Standardized Analyst Consensus Forecasts""}","1","2026-07-01","1","Regime-adjusted standard deviation of EBI consensus estimates as of three months ago","stddev_three_months_prior_fxadj_ebit_annual12_2","2","GBR","{""id"":""analyst-analyst-estimates"",""name"":""Analyst Estimates""}","[]","VECTOR","TOP700","0"
"0","{""id"":""analyst"",""name"":""Analyst""}","0","{""id"":""analyst_consensus"",""name"":""Standardized Analyst Consensus Forecasts""}","1","2026-07-01","1","Standard deviation of pre-tax profit estimates from three months ago, adjusted for currency effects.","stddev_three_months_prior_fxadj_ebt_annual12","2","GBR","{""id"":""analyst-analyst-estimates"",""name"":""Analyst Estimates""}","[]","VECTOR","TOP700","0"
"0","{""id"":""analyst"",""name"":""Analyst""}","0","{""id"":""analyst_consensus"",""name"":""Standardized Analyst Consensus Forecasts""}","1","2026-07-01","1","Regime-adjusted standard deviation of consensus estimates for the GPS metric as of three months prior","stddev_three_months_prior_fxadj_gps","2","GBR","{""id"":""analyst-analyst-estimates"",""name"":""Analyst Estimates""}","[]","VECTOR","TOP700","0"
"0","{""id"":""analyst"",""name"":""Analyst""}","0","{""id"":""analyst_consensus"",""name"":""Standardized Analyst Consensus Forecasts""}","1","2026-07-01","1","Currency and split-adjusted standard deviation of annual NAV estimates three months ago","stddev_three_months_prior_fxadj_nav_annual12","2","GBR","{""id"":""analyst-analyst-estimates"",""name"":""Analyst Estimates""}","[]","VECTOR","TOP700","0"
"0","{""id"":""analyst"",""name"":""Analyst""}","0","{""id"":""analyst_consensus"",""name"":""Standardized Analyst Consensus Forecasts""}","1","2026-07-01","1","Adjusted standard deviation of estimates 3 months ago for annual Net Income","stddev_three_months_prior_fxadj_net2","2","GBR","{""id"":""analyst-analyst-estimates"",""name"":""Analyst Estimates""}","[]","VECTOR","TOP700","0"
"0","{""id"":""analyst"",""name"":""Analyst""}","0","{""id"":""analyst_consensus"",""name"":""Standardized Analyst Consensus Forecasts""}","1","2026-07-01","1","Standard deviation of currency-adjusted analyst forecasts for annual pre-tax profit from three months ago.","stddev_three_months_prior_fxadj_pretax_annual12","2","GBR","{""id"":""analyst-analyst-estimates"",""name"":""Analyst Estimates""}","[]","VECTOR","TOP700","0"
"0","{""id"":""analyst"",""name"":""Analyst""}","0","{""id"":""analyst_consensus"",""name"":""Standardized Analyst Consensus Forecasts""}","1","2026-07-01","1","Standard deviation of pre-tax profit (reported) estimates from three months ago for the annual period, adjusted for currency effects.","stddev_three_months_prior_fxadj_pretax_reported_annual12","2","GBR","{""id"":""analyst-analyst-estimates"",""name"":""Analyst Estimates""}","[]","VECTOR","TOP700","0"
"0","{""id"":""analyst"",""name"":""Analyst""}","0","{""id"":""analyst_consensus"",""name"":""Standardized Analyst Consensus Forecasts""}","1","2026-07-01","1","Standard deviation of analyst forecasts for annual reported net income three months ago, adjusted for currency and splits.","stddev_three_months_prior_fxadj_reportednet_annual12_2","2","GBR","{""id"":""analyst-analyst-estimates"",""name"":""Analyst Estimates""}","[]","VECTOR","TOP700","0"
"0","{""id"":""analyst"",""name"":""Analyst""}","0","{""id"":""analyst_consensus"",""name"":""Standardized Analyst Consensus Forecasts""}","1","2026-07-01","1","Currency- and split-adjusted standard deviation of annual sales consensus estimates as of three months ago (vendor snapshot)","stddev_three_months_prior_fxadj_revenue_annual12","2","GBR","{""id"":""analyst-analyst-estimates"",""name"":""Analyst Estimates""}","[]","VECTOR","TOP700","0"
"0","{""id"":""analyst"",""name"":""Analyst""}","0","{""id"":""analyst_consensus"",""name"":""Standardized Analyst Consensus Forecasts""}","1","2026-07-01","1","Standard deviation of consensus estimates for the GPS metric as of three months prior","stddev_three_months_prior_gps","2","GBR","{""id"":""analyst-analyst-estimates"",""name"":""Analyst Estimates""}","[]","VECTOR","TOP700","0"
"0","{""id"":""analyst"",""name"":""Analyst""}","0","{""id"":""analyst_consensus"",""name"":""Standardized Analyst Consensus Forecasts""}","1","2026-07-01","1","Standard deviation of annual NAV estimates three months ago","stddev_three_months_prior_nav_annual12","2","GBR","{""id"":""analyst-analyst-estimates"",""name"":""Analyst Estimates""}","[]","VECTOR","TOP700","0"
"0","{""id"":""analyst"",""name"":""Analyst""}","0","{""id"":""analyst_consensus"",""name"":""Standardized Analyst Consensus Forecasts""}","1","2026-07-01","1","Standard deviation of NET consensus estimates from three months ago","stddev_three_months_prior_net2","2","GBR","{""id"":""analyst-analyst-estimates"",""name"":""Analyst Estimates""}","[]","VECTOR","TOP700","0"
"0","{""id"":""analyst"",""name"":""Analyst""}","0","{""id"":""analyst_consensus"",""name"":""Standardized Analyst Consensus Forecasts""}","1","2026-07-01","1","Standard deviation of the PRE consensus three months ago","stddev_three_months_prior_pretax_annual12","2","GBR","{""id"":""analyst-analyst-estimates"",""name"":""Analyst Estimates""}","[]","VECTOR","TOP700","0"
"0","{""id"":""analyst"",""name"":""Analyst""}","0","{""id"":""analyst_consensus"",""name"":""Standardized Analyst Consensus Forecasts""}","1","2026-07-01","1","Standard deviation of PRR consensus estimates from three months ago","stddev_three_months_prior_pretax_reported_annual12_2","2","GBR","{""id"":""analyst-analyst-estimates"",""name"":""Analyst Estimates""}","[]","VECTOR","TOP700","0"
"0","{""id"":""analyst"",""name"":""Analyst""}","0","{""id"":""analyst_consensus"",""name"":""Standardized Analyst Consensus Forecasts""}","1","2026-07-01","1","Standard deviation of consensus NER estimates three months ago","stddev_three_months_prior_reportednet_annual12_2","2","GBR","{""id"":""analyst-analyst-estimates"",""name"":""Analyst Estimates""}","[]","VECTOR","TOP700","0"
"0","{""id"":""analyst"",""name"":""Analyst""}","0","{""id"":""analyst_consensus"",""name"":""Standardized Analyst Consensus Forecasts""}","1","2026-07-01","1","Standard deviation of sales estimates three months ago","stddev_three_months_prior_revenue_annual12","2","GBR","{""id"":""analyst-analyst-estimates"",""name"":""Analyst Estimates""}","[]","VECTOR","TOP700","0"
"0","{""id"":""analyst"",""name"":""Analyst""}","0","{""id"":""analyst_consensus"",""name"":""Standardized Analyst Consensus Forecasts""}","1","2026-07-01","1","Standard deviation of annual ROE estimates 3 months prior","stddev_three_months_prior_roe_annual12","2","GBR","{""id"":""analyst-analyst-estimates"",""name"":""Analyst Estimates""}","[]","VECTOR","TOP700","0"
