"alphaCount","category","coverage","dataset","dateCoverage","dateCreated","delay","description","id","pyramidMultiplier","region","subcategory","themes","type","universe","userCount"
"0","{""id"":""analyst"",""name"":""Analyst""}","0.1642","{""id"":""analyst7"",""name"":""Broker Estimates""}","1","2026-07-01","1","actual cash flow per share regarding the last 4 quarters","act_12m_cps_value","2","GBR","{""id"":""analyst-analyst-estimates"",""name"":""Analyst Estimates""}","[]","MATRIX","TOP700","0"
"0","{""id"":""analyst"",""name"":""Analyst""}","0.271","{""id"":""analyst7"",""name"":""Broker Estimates""}","1","2026-07-01","1","actual earnings per share regarding the last 4 quarters","act_12m_eps_value","2","GBR","{""id"":""analyst-analyst-estimates"",""name"":""Analyst Estimates""}","[]","MATRIX","TOP700","0"
"0","{""id"":""analyst"",""name"":""Analyst""}","0.2418","{""id"":""analyst7"",""name"":""Broker Estimates""}","1","2026-07-01","1","actual net profit as reported regarding the last 4 quarters","act_12m_ner_value","2","GBR","{""id"":""analyst-analyst-estimates"",""name"":""Analyst Estimates""}","[]","MATRIX","TOP700","0"
"0","{""id"":""analyst"",""name"":""Analyst""}","0.2691","{""id"":""analyst7"",""name"":""Broker Estimates""}","1","2026-07-01","1","actual net income regarding the last 4 quarters","act_12m_net_value","2","GBR","{""id"":""analyst-analyst-estimates"",""name"":""Analyst Estimates""}","[]","MATRIX","TOP700","0"
"0","{""id"":""analyst"",""name"":""Analyst""}","0.196","{""id"":""analyst7"",""name"":""Broker Estimates""}","1","2026-07-01","1","actual pretax profit as reported regarding the last 4 quarters","act_12m_prr_value","2","GBR","{""id"":""analyst-analyst-estimates"",""name"":""Analyst Estimates""}","[]","MATRIX","TOP700","0"
"0","{""id"":""analyst"",""name"":""Analyst""}","0.3991","{""id"":""analyst7"",""name"":""Broker Estimates""}","1","2026-07-01","1","actual sales/revenue regarding the last 4 quarters","act_12m_sal_value","2","GBR","{""id"":""analyst-analyst-estimates"",""name"":""Analyst Estimates""}","[]","MATRIX","TOP700","0"
"0","{""id"":""analyst"",""name"":""Analyst""}","1","{""id"":""analyst7"",""name"":""Broker Estimates""}","1","2026-07-01","1","Number of estimates used for surprise calculation of actual capital expenditure regarding the last quarter","act_q_cpx_surprisenum","2","GBR","{""id"":""analyst-analyst-estimates"",""name"":""Analyst Estimates""}","[]","MATRIX","TOP700","0"
"0","{""id"":""analyst"",""name"":""Analyst""}","1","{""id"":""analyst7"",""name"":""Broker Estimates""}","1","2026-07-01","1","Number of estimates used for surprise calculation of actual EBIT regarding the last quarter","act_q_ebi_surprisenum","2","GBR","{""id"":""analyst-analyst-estimates"",""name"":""Analyst Estimates""}","[]","MATRIX","TOP700","0"
"0","{""id"":""analyst"",""name"":""Analyst""}","1","{""id"":""analyst7"",""name"":""Broker Estimates""}","1","2026-07-01","1","Number of estimates used for surprise calculation of actual earnings per share regarding the last quarter","act_q_eps_surprisenum","2","GBR","{""id"":""analyst-analyst-estimates"",""name"":""Analyst Estimates""}","[]","MATRIX","TOP700","0"
"0","{""id"":""analyst"",""name"":""Analyst""}","1","{""id"":""analyst7"",""name"":""Broker Estimates""}","1","2026-07-01","1","Number of estimates used for surprise calculation of actual free cash flow per share regarding the last quarter","act_q_fcf_surprisenum","2","GBR","{""id"":""analyst-analyst-estimates"",""name"":""Analyst Estimates""}","[]","MATRIX","TOP700","0"
"0","{""id"":""analyst"",""name"":""Analyst""}","1","{""id"":""analyst7"",""name"":""Broker Estimates""}","1","2026-07-01","1","Number of estimates used for surprise calculation of actual GAAP earnings per share regarding the last quarter","act_q_gps_surprisenum","2","GBR","{""id"":""analyst-analyst-estimates"",""name"":""Analyst Estimates""}","[]","MATRIX","TOP700","0"
"0","{""id"":""analyst"",""name"":""Analyst""}","1","{""id"":""analyst7"",""name"":""Broker Estimates""}","1","2026-07-01","1","Number of estimates used for surprise calculation of actual net profit as reported regarding the last quarter","act_q_ner_surprisenum","2","GBR","{""id"":""analyst-analyst-estimates"",""name"":""Analyst Estimates""}","[]","MATRIX","TOP700","0"
"0","{""id"":""analyst"",""name"":""Analyst""}","1","{""id"":""analyst7"",""name"":""Broker Estimates""}","1","2026-07-01","1","Number of estimates used for surprise calculation of actual pre-tax profit regarding the last quarter","act_q_pre_surprisenum","2","GBR","{""id"":""analyst-analyst-estimates"",""name"":""Analyst Estimates""}","[]","MATRIX","TOP700","0"
"0","{""id"":""analyst"",""name"":""Analyst""}","1","{""id"":""analyst7"",""name"":""Broker Estimates""}","1","2026-07-01","1","Number of estimates used for surprise calculation of actual return on equity in percent regarding the last quarter","act_q_roe_surprisenum","2","GBR","{""id"":""analyst-analyst-estimates"",""name"":""Analyst Estimates""}","[]","MATRIX","TOP700","0"
"0","{""id"":""analyst"",""name"":""Analyst""}","0.6332","{""id"":""analyst7"",""name"":""Broker Estimates""}","1","2026-07-01","1","Highest analyst estimate of book value per share regarding the next 4 quarters","est_12m_bps_high","2","GBR","{""id"":""analyst-analyst-estimates"",""name"":""Analyst Estimates""}","[]","MATRIX","TOP700","0"
"0","{""id"":""analyst"",""name"":""Analyst""}","0.6005","{""id"":""analyst7"",""name"":""Broker Estimates""}","1","2026-07-01","1","Highest analyst estimate of book value per share regarding the next 4 quarters, made in the past 3 months","est_12m_bps_high_3mth_ago","2","GBR","{""id"":""analyst-analyst-estimates"",""name"":""Analyst Estimates""}","[]","MATRIX","TOP700","0"
"0","{""id"":""analyst"",""name"":""Analyst""}","0.6055","{""id"":""analyst7"",""name"":""Broker Estimates""}","1","2026-07-01","1","Highest analyst estimate of book value per share regarding the next 4 quarters, made in past 4 weeks","est_12m_bps_high_4wks_ago","2","GBR","{""id"":""analyst-analyst-estimates"",""name"":""Analyst Estimates""}","[]","MATRIX","TOP700","0"
"0","{""id"":""analyst"",""name"":""Analyst""}","0.6332","{""id"":""analyst7"",""name"":""Broker Estimates""}","1","2026-07-01","1","Lowest analyst estimate of book value per share regarding the next 4 quarters","est_12m_bps_low","2","GBR","{""id"":""analyst-analyst-estimates"",""name"":""Analyst Estimates""}","[]","MATRIX","TOP700","0"
"0","{""id"":""analyst"",""name"":""Analyst""}","1","{""id"":""analyst7"",""name"":""Broker Estimates""}","1","2026-07-01","1","Count of unique IDs of industry participants. Industry stands for an aggregate view of all  equity clearance activity for the date, symbol, and transaction type in question.","est_12m_bps_lowerednum_1mth","2","GBR","{""id"":""analyst-analyst-estimates"",""name"":""Analyst Estimates""}","[]","MATRIX","TOP700","0"
"0","{""id"":""analyst"",""name"":""Analyst""}","1","{""id"":""analyst7"",""name"":""Broker Estimates""}","1","2026-07-01","1","Number of lowered analyst estimates of book value per share regarding the next 4 quarters, where old and new estimates were made in the past 4 weeks","est_12m_bps_lowerednum_4wks","2","GBR","{""id"":""analyst-analyst-estimates"",""name"":""Analyst Estimates""}","[]","MATRIX","TOP700","0"
"0","{""id"":""analyst"",""name"":""Analyst""}","1","{""id"":""analyst7"",""name"":""Broker Estimates""}","1","2026-07-01","1","Count of unique IDs of industry participants. Industry stands for an aggregate view of all  equity clearance activity for the date, symbol, and transaction type in question.","est_12m_bps_lowered_1wk","2","GBR","{""id"":""analyst-analyst-estimates"",""name"":""Analyst Estimates""}","[]","MATRIX","TOP700","0"
"0","{""id"":""analyst"",""name"":""Analyst""}","0.6005","{""id"":""analyst7"",""name"":""Broker Estimates""}","1","2026-07-01","1","Lowest analyst estimate of book value per share regarding the next 4 quarters, made in past 3 months","est_12m_bps_low_3mth_ago","2","GBR","{""id"":""analyst-analyst-estimates"",""name"":""Analyst Estimates""}","[]","MATRIX","TOP700","0"
"0","{""id"":""analyst"",""name"":""Analyst""}","0.6055","{""id"":""analyst7"",""name"":""Broker Estimates""}","1","2026-07-01","1","Lowest analyst estimate of book value per share regarding the next 4 quarters, made in the past 4 weeks","est_12m_bps_low_4wks_ago","2","GBR","{""id"":""analyst-analyst-estimates"",""name"":""Analyst Estimates""}","[]","MATRIX","TOP700","0"
"0","{""id"":""analyst"",""name"":""Analyst""}","0.6332","{""id"":""analyst7"",""name"":""Broker Estimates""}","1","2026-07-01","1","Mean analyst estimate of book value per share regarding the next 4 quarters","est_12m_bps_mean","2","GBR","{""id"":""analyst-analyst-estimates"",""name"":""Analyst Estimates""}","[]","MATRIX","TOP700","0"
"0","{""id"":""analyst"",""name"":""Analyst""}","0.5707","{""id"":""analyst7"",""name"":""Broker Estimates""}","1","2026-07-01","1","Mean analyst estimate of book value per share regarding the next 4 quarters, made in the last 28 days","est_12m_bps_mean_28d","2","GBR","{""id"":""analyst-analyst-estimates"",""name"":""Analyst Estimates""}","[]","MATRIX","TOP700","0"
"0","{""id"":""analyst"",""name"":""Analyst""}","0.6005","{""id"":""analyst7"",""name"":""Broker Estimates""}","1","2026-07-01","1","Mean analyst estimate of book value per share regarding the next 4 quarters, made in past 3 months","est_12m_bps_mean_3mth_ago","2","GBR","{""id"":""analyst-analyst-estimates"",""name"":""Analyst Estimates""}","[]","MATRIX","TOP700","0"
"0","{""id"":""analyst"",""name"":""Analyst""}","0.6055","{""id"":""analyst7"",""name"":""Broker Estimates""}","1","2026-07-01","1","Mean analyst estimate of book value per share regarding the next 4 quarters, made in the past 4 weeks","est_12m_bps_mean_4wks_ago","2","GBR","{""id"":""analyst-analyst-estimates"",""name"":""Analyst Estimates""}","[]","MATRIX","TOP700","0"
"0","{""id"":""analyst"",""name"":""Analyst""}","0.6332","{""id"":""analyst7"",""name"":""Broker Estimates""}","1","2026-07-01","1","Median analyst estimate of book value per share regarding the next 4 quarters","est_12m_bps_median","2","GBR","{""id"":""analyst-analyst-estimates"",""name"":""Analyst Estimates""}","[]","MATRIX","TOP700","0"
"0","{""id"":""analyst"",""name"":""Analyst""}","0.6005","{""id"":""analyst7"",""name"":""Broker Estimates""}","1","2026-07-01","1","Median analyst estimate of book value per share regarding the next 4 quarters, made in the past 3 months","est_12m_bps_median_3mth_ago","2","GBR","{""id"":""analyst-analyst-estimates"",""name"":""Analyst Estimates""}","[]","MATRIX","TOP700","0"
"0","{""id"":""analyst"",""name"":""Analyst""}","0.6055","{""id"":""analyst7"",""name"":""Broker Estimates""}","1","2026-07-01","1","Median analyst estimate of book value per share regarding the next 4 quarters, made in past 4 weeks","est_12m_bps_median_4wks_ago","2","GBR","{""id"":""analyst-analyst-estimates"",""name"":""Analyst Estimates""}","[]","MATRIX","TOP700","0"
"0","{""id"":""analyst"",""name"":""Analyst""}","1","{""id"":""analyst7"",""name"":""Broker Estimates""}","1","2026-07-01","1","Number of analyst estimates of book value per share regarding the next 4 quarters","est_12m_bps_num","2","GBR","{""id"":""analyst-analyst-estimates"",""name"":""Analyst Estimates""}","[]","MATRIX","TOP700","0"
"0","{""id"":""analyst"",""name"":""Analyst""}","1","{""id"":""analyst7"",""name"":""Broker Estimates""}","1","2026-07-01","1","Number of analyst estimates of book value per share regarding the next 4 quarters, made in the last 28 days","est_12m_bps_num_28d","2","GBR","{""id"":""analyst-analyst-estimates"",""name"":""Analyst Estimates""}","[]","MATRIX","TOP700","0"
"0","{""id"":""analyst"",""name"":""Analyst""}","1","{""id"":""analyst7"",""name"":""Broker Estimates""}","1","2026-07-01","1","Number of analyst estimates of book value per share regarding the next 4 quarters, made in the past 3 months","est_12m_bps_num_3mth_ago","2","GBR","{""id"":""analyst-analyst-estimates"",""name"":""Analyst Estimates""}","[]","MATRIX","TOP700","0"
"0","{""id"":""analyst"",""name"":""Analyst""}","1","{""id"":""analyst7"",""name"":""Broker Estimates""}","1","2026-07-01","1","Number of analyst estimates of book value per share regarding the next 4 quarters, where old and new estimates were made in the past 4 weeks","est_12m_bps_num_4wks_ago","2","GBR","{""id"":""analyst-analyst-estimates"",""name"":""Analyst Estimates""}","[]","MATRIX","TOP700","0"
"0","{""id"":""analyst"",""name"":""Analyst""}","1","{""id"":""analyst7"",""name"":""Broker Estimates""}","1","2026-07-01","1","Number of raised analyst estimates of book value per share regarding the next 4 quarters, compared to the last monthly update","est_12m_bps_raisednum_1mth","2","GBR","{""id"":""analyst-analyst-estimates"",""name"":""Analyst Estimates""}","[]","MATRIX","TOP700","0"
"0","{""id"":""analyst"",""name"":""Analyst""}","1","{""id"":""analyst7"",""name"":""Broker Estimates""}","1","2026-07-01","1","Number of raised analyst estimates of book value per share regarding the next 4 quarters, where old and new estimates were made in past 4 weeks","est_12m_bps_raisednum_4wks","2","GBR","{""id"":""analyst-analyst-estimates"",""name"":""Analyst Estimates""}","[]","MATRIX","TOP700","0"
"0","{""id"":""analyst"",""name"":""Analyst""}","1","{""id"":""analyst7"",""name"":""Broker Estimates""}","1","2026-07-01","1","Number of raised analyst estimates of book value per share regarding the next 4 quarters, compared to the last weekly update","est_12m_bps_raised_1wk","2","GBR","{""id"":""analyst-analyst-estimates"",""name"":""Analyst Estimates""}","[]","MATRIX","TOP700","0"
"0","{""id"":""analyst"",""name"":""Analyst""}","0.4742","{""id"":""analyst7"",""name"":""Broker Estimates""}","1","2026-07-01","1","Standard deviation of analyst estimates of book value per share regarding the next 4 quarters","est_12m_bps_std","2","GBR","{""id"":""analyst-analyst-estimates"",""name"":""Analyst Estimates""}","[]","MATRIX","TOP700","0"
"0","{""id"":""analyst"",""name"":""Analyst""}","0.3786","{""id"":""analyst7"",""name"":""Broker Estimates""}","1","2026-07-01","1","Standard deviation of the analyst estimates of book value per share regarding the next 4 quarters, made in the last 28 days","est_12m_bps_std_28d","2","GBR","{""id"":""analyst-analyst-estimates"",""name"":""Analyst Estimates""}","[]","MATRIX","TOP700","0"
"0","{""id"":""analyst"",""name"":""Analyst""}","0.4475","{""id"":""analyst7"",""name"":""Broker Estimates""}","1","2026-07-01","1","Standard deviation of the analyst estimate of book value per share regarding the next 4 quarters, made in past 3 months","est_12m_bps_std_3mth_ago","2","GBR","{""id"":""analyst-analyst-estimates"",""name"":""Analyst Estimates""}","[]","MATRIX","TOP700","0"
"0","{""id"":""analyst"",""name"":""Analyst""}","0.4424","{""id"":""analyst7"",""name"":""Broker Estimates""}","1","2026-07-01","1","Standard deviation of the analyst estimates of book value per share regarding the next 4 quarters, made in the past 4 weeks","est_12m_bps_std_4wks_ago","2","GBR","{""id"":""analyst-analyst-estimates"",""name"":""Analyst Estimates""}","[]","MATRIX","TOP700","0"
"0","{""id"":""analyst"",""name"":""Analyst""}","0.6139","{""id"":""analyst7"",""name"":""Broker Estimates""}","1","2026-07-01","1","Highest analyst estimate of cash flow per share regarding the next 4 quarters","est_12m_cps_high","2","GBR","{""id"":""analyst-analyst-estimates"",""name"":""Analyst Estimates""}","[]","MATRIX","TOP700","0"
"0","{""id"":""analyst"",""name"":""Analyst""}","0.5786","{""id"":""analyst7"",""name"":""Broker Estimates""}","1","2026-07-01","1","Highest analyst estimate of cash flow per share regarding the next 4 quarters, made in past 3 months","est_12m_cps_high_3mth_ago","2","GBR","{""id"":""analyst-analyst-estimates"",""name"":""Analyst Estimates""}","[]","MATRIX","TOP700","0"
"0","{""id"":""analyst"",""name"":""Analyst""}","0.5855","{""id"":""analyst7"",""name"":""Broker Estimates""}","1","2026-07-01","1","Highest analyst estimate of cash flow per share regarding the next 4 quarters, made in the past 4 weeks","est_12m_cps_high_4wks_ago","2","GBR","{""id"":""analyst-analyst-estimates"",""name"":""Analyst Estimates""}","[]","MATRIX","TOP700","0"
"0","{""id"":""analyst"",""name"":""Analyst""}","0.6139","{""id"":""analyst7"",""name"":""Broker Estimates""}","1","2026-07-01","1","Lowest analyst estimate of cash flow per share regarding the next 4 quarters","est_12m_cps_low","2","GBR","{""id"":""analyst-analyst-estimates"",""name"":""Analyst Estimates""}","[]","MATRIX","TOP700","0"
"0","{""id"":""analyst"",""name"":""Analyst""}","1","{""id"":""analyst7"",""name"":""Broker Estimates""}","1","2026-07-01","1","Count of unique IDs of industry participants. Industry stands for an aggregate view of all  equity clearance activity for the date, symbol, and transaction type in question.","est_12m_cps_lowerednum_1mth","2","GBR","{""id"":""analyst-analyst-estimates"",""name"":""Analyst Estimates""}","[]","MATRIX","TOP700","0"
"0","{""id"":""analyst"",""name"":""Analyst""}","1","{""id"":""analyst7"",""name"":""Broker Estimates""}","1","2026-07-01","1","Number of lowered analyst estimates of cash flow per share regarding the next 4 quarters, where old and new estimates were made in the past 4 weeks","est_12m_cps_lowerednum_4wks","2","GBR","{""id"":""analyst-analyst-estimates"",""name"":""Analyst Estimates""}","[]","MATRIX","TOP700","0"
"0","{""id"":""analyst"",""name"":""Analyst""}","1","{""id"":""analyst7"",""name"":""Broker Estimates""}","1","2026-07-01","1","Count of unique IDs of industry participants. Industry stands for an aggregate view of all  equity clearance activity for the date, symbol, and transaction type in question.","est_12m_cps_lowered_1wk","2","GBR","{""id"":""analyst-analyst-estimates"",""name"":""Analyst Estimates""}","[]","MATRIX","TOP700","0"
"0","{""id"":""analyst"",""name"":""Analyst""}","0.5786","{""id"":""analyst7"",""name"":""Broker Estimates""}","1","2026-07-01","1","Lowest analyst estimate of cash flow per share regarding the next 4 quarters, made in past 3 months","est_12m_cps_low_3mth_ago","2","GBR","{""id"":""analyst-analyst-estimates"",""name"":""Analyst Estimates""}","[]","MATRIX","TOP700","0"
"0","{""id"":""analyst"",""name"":""Analyst""}","0.5855","{""id"":""analyst7"",""name"":""Broker Estimates""}","1","2026-07-01","1","Lowest analyst estimate of cash flow per share regarding the next 4 quarters, made in the past 4 weeks","est_12m_cps_low_4wks_ago","2","GBR","{""id"":""analyst-analyst-estimates"",""name"":""Analyst Estimates""}","[]","MATRIX","TOP700","0"
"0","{""id"":""analyst"",""name"":""Analyst""}","0.6139","{""id"":""analyst7"",""name"":""Broker Estimates""}","1","2026-07-01","1","Mean analyst estimate of cash flow per share regarding the next 4 quarters","est_12m_cps_mean","2","GBR","{""id"":""analyst-analyst-estimates"",""name"":""Analyst Estimates""}","[]","MATRIX","TOP700","0"
"0","{""id"":""analyst"",""name"":""Analyst""}","0.5732","{""id"":""analyst7"",""name"":""Broker Estimates""}","1","2026-07-01","1","Mean analyst estimate of cash flow per share regarding the next 4 quarters, made in the last 28 days","est_12m_cps_mean_28d","2","GBR","{""id"":""analyst-analyst-estimates"",""name"":""Analyst Estimates""}","[]","MATRIX","TOP700","0"
"0","{""id"":""analyst"",""name"":""Analyst""}","0.5786","{""id"":""analyst7"",""name"":""Broker Estimates""}","1","2026-07-01","1","Mean analyst estimate of cash flow per share regarding the next 4 quarters, made in the past 3 months","est_12m_cps_mean_3mth_ago","2","GBR","{""id"":""analyst-analyst-estimates"",""name"":""Analyst Estimates""}","[]","MATRIX","TOP700","0"
"0","{""id"":""analyst"",""name"":""Analyst""}","0.5855","{""id"":""analyst7"",""name"":""Broker Estimates""}","1","2026-07-01","1","Mean analyst estimate of cash flow per share regarding the next 4 quarters, made in past 4 weeks","est_12m_cps_mean_4wks_ago","2","GBR","{""id"":""analyst-analyst-estimates"",""name"":""Analyst Estimates""}","[]","MATRIX","TOP700","0"
"0","{""id"":""analyst"",""name"":""Analyst""}","0.6139","{""id"":""analyst7"",""name"":""Broker Estimates""}","1","2026-07-01","1","Median analyst estimate of cash flow per share regarding the next 4 quarters","est_12m_cps_median","2","GBR","{""id"":""analyst-analyst-estimates"",""name"":""Analyst Estimates""}","[]","MATRIX","TOP700","0"
"0","{""id"":""analyst"",""name"":""Analyst""}","0.5786","{""id"":""analyst7"",""name"":""Broker Estimates""}","1","2026-07-01","1","Median analyst estimate of cash flow per share regarding the next 4 quarters, made in the past 3 months","est_12m_cps_median_3mth_ago","2","GBR","{""id"":""analyst-analyst-estimates"",""name"":""Analyst Estimates""}","[]","MATRIX","TOP700","0"
"0","{""id"":""analyst"",""name"":""Analyst""}","0.5855","{""id"":""analyst7"",""name"":""Broker Estimates""}","1","2026-07-01","1","Median analyst estimate of cash flow per share regarding the next 4 quarters, made in past 4 weeks","est_12m_cps_median_4wks_ago","2","GBR","{""id"":""analyst-analyst-estimates"",""name"":""Analyst Estimates""}","[]","MATRIX","TOP700","0"
"0","{""id"":""analyst"",""name"":""Analyst""}","1","{""id"":""analyst7"",""name"":""Broker Estimates""}","1","2026-07-01","1","Number of analyst estimates of cash flow per share regarding the next 4 quarters","est_12m_cps_num","2","GBR","{""id"":""analyst-analyst-estimates"",""name"":""Analyst Estimates""}","[]","MATRIX","TOP700","0"
"0","{""id"":""analyst"",""name"":""Analyst""}","1","{""id"":""analyst7"",""name"":""Broker Estimates""}","1","2026-07-01","1","Number of analyst estimates of cash flow per share regarding the next 4 quarters, made in the last 28 days","est_12m_cps_num_28d","2","GBR","{""id"":""analyst-analyst-estimates"",""name"":""Analyst Estimates""}","[]","MATRIX","TOP700","0"
"0","{""id"":""analyst"",""name"":""Analyst""}","1","{""id"":""analyst7"",""name"":""Broker Estimates""}","1","2026-07-01","1","Number of analyst estimates of cash flow per share regarding the next 4 quarters, made in past 3 months","est_12m_cps_num_3mth_ago","2","GBR","{""id"":""analyst-analyst-estimates"",""name"":""Analyst Estimates""}","[]","MATRIX","TOP700","0"
"0","{""id"":""analyst"",""name"":""Analyst""}","1","{""id"":""analyst7"",""name"":""Broker Estimates""}","1","2026-07-01","1","Number of analyst estimates of cash flow per share regarding the next 4 quarters, where old and new estimates were made in the past 4 weeks","est_12m_cps_num_4wks_ago","2","GBR","{""id"":""analyst-analyst-estimates"",""name"":""Analyst Estimates""}","[]","MATRIX","TOP700","0"
"0","{""id"":""analyst"",""name"":""Analyst""}","1","{""id"":""analyst7"",""name"":""Broker Estimates""}","1","2026-07-01","1","Number of raised analyst estimates of cash flow per share regarding the next 4 quarters, compared to the last monthly update","est_12m_cps_raisednum_1mth","2","GBR","{""id"":""analyst-analyst-estimates"",""name"":""Analyst Estimates""}","[]","MATRIX","TOP700","0"
"0","{""id"":""analyst"",""name"":""Analyst""}","1","{""id"":""analyst7"",""name"":""Broker Estimates""}","1","2026-07-01","1","Number of raised analyst estimates of cash flow per share regarding the next 4 quarters, where old and new estimates were made in the past 4 weeks","est_12m_cps_raisednum_4wks","2","GBR","{""id"":""analyst-analyst-estimates"",""name"":""Analyst Estimates""}","[]","MATRIX","TOP700","0"
"0","{""id"":""analyst"",""name"":""Analyst""}","1","{""id"":""analyst7"",""name"":""Broker Estimates""}","1","2026-07-01","1","Number of raised analyst estimates of cash flow per share regarding the next 4 quarters, compared to the last weekly update","est_12m_cps_raised_1wk","2","GBR","{""id"":""analyst-analyst-estimates"",""name"":""Analyst Estimates""}","[]","MATRIX","TOP700","0"
"0","{""id"":""analyst"",""name"":""Analyst""}","0.4376","{""id"":""analyst7"",""name"":""Broker Estimates""}","1","2026-07-01","1","Standard deviation of analyst estimates of cash flow per share regarding the next 4 quarters","est_12m_cps_std","2","GBR","{""id"":""analyst-analyst-estimates"",""name"":""Analyst Estimates""}","[]","MATRIX","TOP700","0"
"0","{""id"":""analyst"",""name"":""Analyst""}","0.3397","{""id"":""analyst7"",""name"":""Broker Estimates""}","1","2026-07-01","1","Standard deviation of the analyst estimate of cash flow per share regarding the next 4 quarters, made in the last 28 days","est_12m_cps_std_28d","2","GBR","{""id"":""analyst-analyst-estimates"",""name"":""Analyst Estimates""}","[]","MATRIX","TOP700","0"
"0","{""id"":""analyst"",""name"":""Analyst""}","0.4065","{""id"":""analyst7"",""name"":""Broker Estimates""}","1","2026-07-01","1","Standard deviation of the analyst estimate of cash flow per share regarding the next 4 quarters, made in past 3 months","est_12m_cps_std_3mth_ago","2","GBR","{""id"":""analyst-analyst-estimates"",""name"":""Analyst Estimates""}","[]","MATRIX","TOP700","0"
"0","{""id"":""analyst"",""name"":""Analyst""}","0.4057","{""id"":""analyst7"",""name"":""Broker Estimates""}","1","2026-07-01","1","Standard deviation of the analyst estimate of cash flow per share regarding the next 4 quarters, made in the past 4 weeks","est_12m_cps_std_4wks_ago","2","GBR","{""id"":""analyst-analyst-estimates"",""name"":""Analyst Estimates""}","[]","MATRIX","TOP700","0"
"0","{""id"":""analyst"",""name"":""Analyst""}","0.3711","{""id"":""analyst7"",""name"":""Broker Estimates""}","1","2026-07-01","1","Highest analyst estimate of cash earnings per share regarding the next 4 quarters","est_12m_csh_high","2","GBR","{""id"":""analyst-analyst-estimates"",""name"":""Analyst Estimates""}","[]","MATRIX","TOP700","0"
"0","{""id"":""analyst"",""name"":""Analyst""}","0.3515","{""id"":""analyst7"",""name"":""Broker Estimates""}","1","2026-07-01","1","Highest analyst estimate of cash earnings per share regarding the next 4 quarters, made in the past 3 months","est_12m_csh_high_3mth_ago","2","GBR","{""id"":""analyst-analyst-estimates"",""name"":""Analyst Estimates""}","[]","MATRIX","TOP700","0"
"0","{""id"":""analyst"",""name"":""Analyst""}","0.3563","{""id"":""analyst7"",""name"":""Broker Estimates""}","1","2026-07-01","1","Highest analyst estimate of cash earnings per share regarding the next 4 quarters, made in the past 4 weeks","est_12m_csh_high_4wks_ago","2","GBR","{""id"":""analyst-analyst-estimates"",""name"":""Analyst Estimates""}","[]","MATRIX","TOP700","0"
"0","{""id"":""analyst"",""name"":""Analyst""}","0.3711","{""id"":""analyst7"",""name"":""Broker Estimates""}","1","2026-07-01","1","Lowest analyst estimate of cash earnings per share regarding the next 4 quarters","est_12m_csh_low","2","GBR","{""id"":""analyst-analyst-estimates"",""name"":""Analyst Estimates""}","[]","MATRIX","TOP700","0"
"0","{""id"":""analyst"",""name"":""Analyst""}","1","{""id"":""analyst7"",""name"":""Broker Estimates""}","1","2026-07-01","1","Count of unique IDs of industry participants. Industry stands for an aggregate view of all  equity clearance activity for the date, symbol, and transaction type in question.","est_12m_csh_lowerednum_1mth","2","GBR","{""id"":""analyst-analyst-estimates"",""name"":""Analyst Estimates""}","[]","MATRIX","TOP700","0"
"0","{""id"":""analyst"",""name"":""Analyst""}","1","{""id"":""analyst7"",""name"":""Broker Estimates""}","1","2026-07-01","1","Number of lowered analyst estimates of cash earnings per share regarding the next 4 quarters, where old and new estimates were made in the past 4 weeks","est_12m_csh_lowerednum_4wks","2","GBR","{""id"":""analyst-analyst-estimates"",""name"":""Analyst Estimates""}","[]","MATRIX","TOP700","0"
"0","{""id"":""analyst"",""name"":""Analyst""}","1","{""id"":""analyst7"",""name"":""Broker Estimates""}","1","2026-07-01","1","Count of unique IDs of industry participants. Industry stands for an aggregate view of all  equity clearance activity for the date, symbol, and transaction type in question.","est_12m_csh_lowered_1wk","2","GBR","{""id"":""analyst-analyst-estimates"",""name"":""Analyst Estimates""}","[]","MATRIX","TOP700","0"
"0","{""id"":""analyst"",""name"":""Analyst""}","0.3515","{""id"":""analyst7"",""name"":""Broker Estimates""}","1","2026-07-01","1","Lowest analyst estimate of cash earnings per share regarding the next 4 quarters, made in the past 3 months","est_12m_csh_low_3mth_ago","2","GBR","{""id"":""analyst-analyst-estimates"",""name"":""Analyst Estimates""}","[]","MATRIX","TOP700","0"
"0","{""id"":""analyst"",""name"":""Analyst""}","0.3563","{""id"":""analyst7"",""name"":""Broker Estimates""}","1","2026-07-01","1","Lowest analyst estimate of cash earnings per share regarding the next 4 quarters, made in past 4 weeks","est_12m_csh_low_4wks_ago","2","GBR","{""id"":""analyst-analyst-estimates"",""name"":""Analyst Estimates""}","[]","MATRIX","TOP700","0"
"0","{""id"":""analyst"",""name"":""Analyst""}","0.3711","{""id"":""analyst7"",""name"":""Broker Estimates""}","1","2026-07-01","1","Mean analyst estimate of cash earnings per share regarding the next 4 quarters","est_12m_csh_mean","2","GBR","{""id"":""analyst-analyst-estimates"",""name"":""Analyst Estimates""}","[]","MATRIX","TOP700","0"
"0","{""id"":""analyst"",""name"":""Analyst""}","0.338","{""id"":""analyst7"",""name"":""Broker Estimates""}","1","2026-07-01","1","Mean analyst estimate of cash earnings per share regarding the next 4 quarters, made in the last 28 days","est_12m_csh_mean_28d","2","GBR","{""id"":""analyst-analyst-estimates"",""name"":""Analyst Estimates""}","[]","MATRIX","TOP700","0"
"0","{""id"":""analyst"",""name"":""Analyst""}","0.3515","{""id"":""analyst7"",""name"":""Broker Estimates""}","1","2026-07-01","1","Mean analyst estimate of cash earnings per share regarding the next 4 quarters, made in the past 3 months","est_12m_csh_mean_3mth_ago","2","GBR","{""id"":""analyst-analyst-estimates"",""name"":""Analyst Estimates""}","[]","MATRIX","TOP700","0"
"0","{""id"":""analyst"",""name"":""Analyst""}","0.3563","{""id"":""analyst7"",""name"":""Broker Estimates""}","1","2026-07-01","1","Mean analyst estimate of cash earnings per share regarding the next 4 quarters, made in the past 4 weeks","est_12m_csh_mean_4wks_ago","2","GBR","{""id"":""analyst-analyst-estimates"",""name"":""Analyst Estimates""}","[]","MATRIX","TOP700","0"
"0","{""id"":""analyst"",""name"":""Analyst""}","0.3711","{""id"":""analyst7"",""name"":""Broker Estimates""}","1","2026-07-01","1","Median analyst estimate of cash earnings per share regarding the next 4 quarters","est_12m_csh_median","2","GBR","{""id"":""analyst-analyst-estimates"",""name"":""Analyst Estimates""}","[]","MATRIX","TOP700","0"
"0","{""id"":""analyst"",""name"":""Analyst""}","0.3515","{""id"":""analyst7"",""name"":""Broker Estimates""}","1","2026-07-01","1","Median analyst estimate of cash earnings per share regarding the next 4 quarters, made in the past 3 months","est_12m_csh_median_3mth_ago","2","GBR","{""id"":""analyst-analyst-estimates"",""name"":""Analyst Estimates""}","[]","MATRIX","TOP700","0"
"0","{""id"":""analyst"",""name"":""Analyst""}","0.3563","{""id"":""analyst7"",""name"":""Broker Estimates""}","1","2026-07-01","1","Median analyst estimate of cash earnings per share regarding the next 4 quarters, made in past 4 weeks","est_12m_csh_median_4wks_ago","2","GBR","{""id"":""analyst-analyst-estimates"",""name"":""Analyst Estimates""}","[]","MATRIX","TOP700","0"
"0","{""id"":""analyst"",""name"":""Analyst""}","1","{""id"":""analyst7"",""name"":""Broker Estimates""}","1","2026-07-01","1","Number of analyst estimates of cash earnings per share regarding the next 4 quarters","est_12m_csh_num","2","GBR","{""id"":""analyst-analyst-estimates"",""name"":""Analyst Estimates""}","[]","MATRIX","TOP700","0"
"0","{""id"":""analyst"",""name"":""Analyst""}","1","{""id"":""analyst7"",""name"":""Broker Estimates""}","1","2026-07-01","1","Number of analyst estimates of cash earnings per share regarding the next 4 quarters, made in the last 28 days","est_12m_csh_num_28d","2","GBR","{""id"":""analyst-analyst-estimates"",""name"":""Analyst Estimates""}","[]","MATRIX","TOP700","0"
"0","{""id"":""analyst"",""name"":""Analyst""}","1","{""id"":""analyst7"",""name"":""Broker Estimates""}","1","2026-07-01","1","Number of analyst estimates of cash earnings per share regarding the next 4 quarters, made in the past 3 months","est_12m_csh_num_3mth_ago","2","GBR","{""id"":""analyst-analyst-estimates"",""name"":""Analyst Estimates""}","[]","MATRIX","TOP700","0"
"0","{""id"":""analyst"",""name"":""Analyst""}","1","{""id"":""analyst7"",""name"":""Broker Estimates""}","1","2026-07-01","1","Number of analyst estimates of cash earnings per share regarding the next 4 quarters, where old and new estimates were made in past 4 weeks","est_12m_csh_num_4wks_ago","2","GBR","{""id"":""analyst-analyst-estimates"",""name"":""Analyst Estimates""}","[]","MATRIX","TOP700","0"
"0","{""id"":""analyst"",""name"":""Analyst""}","1","{""id"":""analyst7"",""name"":""Broker Estimates""}","1","2026-07-01","1","Number of raised analyst estimates of cash earnings per share regarding the next 4 quarters, compared to the last monthly update","est_12m_csh_raisednum_1mth","2","GBR","{""id"":""analyst-analyst-estimates"",""name"":""Analyst Estimates""}","[]","MATRIX","TOP700","0"
"0","{""id"":""analyst"",""name"":""Analyst""}","1","{""id"":""analyst7"",""name"":""Broker Estimates""}","1","2026-07-01","1","Number of raised analyst estimates of cash earnings per share regarding the next 4 quarters, where old and new estimates were made in the past 4 weeks","est_12m_csh_raisednum_4wks","2","GBR","{""id"":""analyst-analyst-estimates"",""name"":""Analyst Estimates""}","[]","MATRIX","TOP700","0"
"0","{""id"":""analyst"",""name"":""Analyst""}","1","{""id"":""analyst7"",""name"":""Broker Estimates""}","1","2026-07-01","1","Number of raised analyst estimates of cash earnings per share regarding the next 4 quarters, compared to last weekly update","est_12m_csh_raised_1wk","2","GBR","{""id"":""analyst-analyst-estimates"",""name"":""Analyst Estimates""}","[]","MATRIX","TOP700","0"
"0","{""id"":""analyst"",""name"":""Analyst""}","0.6886","{""id"":""analyst7"",""name"":""Broker Estimates""}","1","2026-07-01","1","Highest analyst estimate of dividend per share regarding the next 4 quarters","est_12m_dps_high","2","GBR","{""id"":""analyst-analyst-estimates"",""name"":""Analyst Estimates""}","[]","MATRIX","TOP700","0"
"0","{""id"":""analyst"",""name"":""Analyst""}","0.6633","{""id"":""analyst7"",""name"":""Broker Estimates""}","1","2026-07-01","1","Highest analyst estimate of dividend per share regarding the next 4 quarters, made in past 3 months","est_12m_dps_high_3mth_ago","2","GBR","{""id"":""analyst-analyst-estimates"",""name"":""Analyst Estimates""}","[]","MATRIX","TOP700","0"
"0","{""id"":""analyst"",""name"":""Analyst""}","0.6672","{""id"":""analyst7"",""name"":""Broker Estimates""}","1","2026-07-01","1","Highest analyst estimate of dividend per share regarding the next 4 quarters, made in past 4 weeks","est_12m_dps_high_4wks_ago","2","GBR","{""id"":""analyst-analyst-estimates"",""name"":""Analyst Estimates""}","[]","MATRIX","TOP700","0"
"0","{""id"":""analyst"",""name"":""Analyst""}","0.6886","{""id"":""analyst7"",""name"":""Broker Estimates""}","1","2026-07-01","1","Lowest analyst estimate of dividend per share regarding the next 4 quarters","est_12m_dps_low","2","GBR","{""id"":""analyst-analyst-estimates"",""name"":""Analyst Estimates""}","[]","MATRIX","TOP700","0"
"0","{""id"":""analyst"",""name"":""Analyst""}","1","{""id"":""analyst7"",""name"":""Broker Estimates""}","1","2026-07-01","1","Count of unique IDs of industry participants. Industry stands for an aggregate view of all  equity clearance activity for the date, symbol, and transaction type in question.","est_12m_dps_lowerednum_1mth","2","GBR","{""id"":""analyst-analyst-estimates"",""name"":""Analyst Estimates""}","[]","MATRIX","TOP700","0"
"0","{""id"":""analyst"",""name"":""Analyst""}","1","{""id"":""analyst7"",""name"":""Broker Estimates""}","1","2026-07-01","1","Number of lowered analyst estimates of dividend per share regarding the next 4 quarters, where old and new estimates were made in the past 4 weeks","est_12m_dps_lowerednum_4wks","2","GBR","{""id"":""analyst-analyst-estimates"",""name"":""Analyst Estimates""}","[]","MATRIX","TOP700","0"
"0","{""id"":""analyst"",""name"":""Analyst""}","1","{""id"":""analyst7"",""name"":""Broker Estimates""}","1","2026-07-01","1","Count of unique IDs of industry participants. Industry stands for an aggregate view of all  equity clearance activity for the date, symbol, and transaction type in question.","est_12m_dps_lowered_1wk","2","GBR","{""id"":""analyst-analyst-estimates"",""name"":""Analyst Estimates""}","[]","MATRIX","TOP700","0"
"0","{""id"":""analyst"",""name"":""Analyst""}","0.6633","{""id"":""analyst7"",""name"":""Broker Estimates""}","1","2026-07-01","1","Lowest analyst estimate of dividend per share regarding the next 4 quarters, made in the past 3 months","est_12m_dps_low_3mth_ago","2","GBR","{""id"":""analyst-analyst-estimates"",""name"":""Analyst Estimates""}","[]","MATRIX","TOP700","0"
"0","{""id"":""analyst"",""name"":""Analyst""}","0.6672","{""id"":""analyst7"",""name"":""Broker Estimates""}","1","2026-07-01","1","Lowest analyst estimate of dividend per share regarding the next 4 quarters, made in the past 4 weeks","est_12m_dps_low_4wks_ago","2","GBR","{""id"":""analyst-analyst-estimates"",""name"":""Analyst Estimates""}","[]","MATRIX","TOP700","0"
"0","{""id"":""analyst"",""name"":""Analyst""}","0.6886","{""id"":""analyst7"",""name"":""Broker Estimates""}","1","2026-07-01","1","Mean analyst estimate of dividend per share regarding the next 4 quarters","est_12m_dps_mean","2","GBR","{""id"":""analyst-analyst-estimates"",""name"":""Analyst Estimates""}","[]","MATRIX","TOP700","0"
"0","{""id"":""analyst"",""name"":""Analyst""}","0.6266","{""id"":""analyst7"",""name"":""Broker Estimates""}","1","2026-07-01","1","Mean analyst estimate of dividend per share regarding the next 4 quarters, made in the last 28 days","est_12m_dps_mean_28d","2","GBR","{""id"":""analyst-analyst-estimates"",""name"":""Analyst Estimates""}","[]","MATRIX","TOP700","0"
"0","{""id"":""analyst"",""name"":""Analyst""}","0.6633","{""id"":""analyst7"",""name"":""Broker Estimates""}","1","2026-07-01","1","Mean analyst estimate of dividend per share regarding the next 4 quarters, made in the past 3 months","est_12m_dps_mean_3mth_ago","2","GBR","{""id"":""analyst-analyst-estimates"",""name"":""Analyst Estimates""}","[]","MATRIX","TOP700","0"
"0","{""id"":""analyst"",""name"":""Analyst""}","0.6672","{""id"":""analyst7"",""name"":""Broker Estimates""}","1","2026-07-01","1","Mean analyst estimate of dividend per share regarding the next 4 quarters, made in past 4 weeks","est_12m_dps_mean_4wks_ago","2","GBR","{""id"":""analyst-analyst-estimates"",""name"":""Analyst Estimates""}","[]","MATRIX","TOP700","0"
"0","{""id"":""analyst"",""name"":""Analyst""}","0.6886","{""id"":""analyst7"",""name"":""Broker Estimates""}","1","2026-07-01","1","Median analyst estimate of dividend per share regarding the next 4 quarters","est_12m_dps_median","2","GBR","{""id"":""analyst-analyst-estimates"",""name"":""Analyst Estimates""}","[]","MATRIX","TOP700","0"
"0","{""id"":""analyst"",""name"":""Analyst""}","0.6633","{""id"":""analyst7"",""name"":""Broker Estimates""}","1","2026-07-01","1","Median analyst estimate of dividend per share regarding the next 4 quarters, made in the past 3 months","est_12m_dps_median_3mth_ago","2","GBR","{""id"":""analyst-analyst-estimates"",""name"":""Analyst Estimates""}","[]","MATRIX","TOP700","0"
"0","{""id"":""analyst"",""name"":""Analyst""}","0.6672","{""id"":""analyst7"",""name"":""Broker Estimates""}","1","2026-07-01","1","Median analyst estimate of dividend per share regarding the next 4 quarters, made in the past 4 weeks","est_12m_dps_median_4wks_ago","2","GBR","{""id"":""analyst-analyst-estimates"",""name"":""Analyst Estimates""}","[]","MATRIX","TOP700","0"
"0","{""id"":""analyst"",""name"":""Analyst""}","1","{""id"":""analyst7"",""name"":""Broker Estimates""}","1","2026-07-01","1","Number of analyst estimates of dividend per share regarding the next 4 quarters","est_12m_dps_num","2","GBR","{""id"":""analyst-analyst-estimates"",""name"":""Analyst Estimates""}","[]","MATRIX","TOP700","0"
"0","{""id"":""analyst"",""name"":""Analyst""}","1","{""id"":""analyst7"",""name"":""Broker Estimates""}","1","2026-07-01","1","Number of analyst estimates of dividend per share regarding the next 4 quarters, made in the last 28 days","est_12m_dps_num_28d","2","GBR","{""id"":""analyst-analyst-estimates"",""name"":""Analyst Estimates""}","[]","MATRIX","TOP700","0"
"0","{""id"":""analyst"",""name"":""Analyst""}","1","{""id"":""analyst7"",""name"":""Broker Estimates""}","1","2026-07-01","1","Number of analyst estimates of dividend per share regarding the next 4 quarters, made in past 3 months","est_12m_dps_num_3mth_ago","2","GBR","{""id"":""analyst-analyst-estimates"",""name"":""Analyst Estimates""}","[]","MATRIX","TOP700","0"
"0","{""id"":""analyst"",""name"":""Analyst""}","1","{""id"":""analyst7"",""name"":""Broker Estimates""}","1","2026-07-01","1","Number of analyst estimates of dividend per share regarding the next 4 quarters, where old and new estimates were made in the past 4 weeks","est_12m_dps_num_4wks_ago","2","GBR","{""id"":""analyst-analyst-estimates"",""name"":""Analyst Estimates""}","[]","MATRIX","TOP700","0"
"0","{""id"":""analyst"",""name"":""Analyst""}","1","{""id"":""analyst7"",""name"":""Broker Estimates""}","1","2026-07-01","1","Number of raised analyst estimates of dividend per share regarding the next 4 quarters, compared to the last monthly update","est_12m_dps_raisednum_1mth","2","GBR","{""id"":""analyst-analyst-estimates"",""name"":""Analyst Estimates""}","[]","MATRIX","TOP700","0"
"0","{""id"":""analyst"",""name"":""Analyst""}","1","{""id"":""analyst7"",""name"":""Broker Estimates""}","1","2026-07-01","1","Number of raised analyst estimates of dividend per share regarding the next 4 quarters, where old and new estimates were made in the past 4 weeks","est_12m_dps_raisednum_4wks","2","GBR","{""id"":""analyst-analyst-estimates"",""name"":""Analyst Estimates""}","[]","MATRIX","TOP700","0"
"0","{""id"":""analyst"",""name"":""Analyst""}","1","{""id"":""analyst7"",""name"":""Broker Estimates""}","1","2026-07-01","1","Number of raised analyst estimates of dividend per share regarding the next 4 quarters, compared to the last weekly update","est_12m_dps_raised_1wk","2","GBR","{""id"":""analyst-analyst-estimates"",""name"":""Analyst Estimates""}","[]","MATRIX","TOP700","0"
"0","{""id"":""analyst"",""name"":""Analyst""}","0.651","{""id"":""analyst7"",""name"":""Broker Estimates""}","1","2026-07-01","1","Standard deviation of analyst estimate of dividend per share regarding the next 4 quarters","est_12m_dps_std","2","GBR","{""id"":""analyst-analyst-estimates"",""name"":""Analyst Estimates""}","[]","MATRIX","TOP700","0"
"0","{""id"":""analyst"",""name"":""Analyst""}","0.4755","{""id"":""analyst7"",""name"":""Broker Estimates""}","1","2026-07-01","1","Standard deviation of the analyst estimates of dividend per share regarding the next 4 quarters, made in the last 28 days","est_12m_dps_std_28d","2","GBR","{""id"":""analyst-analyst-estimates"",""name"":""Analyst Estimates""}","[]","MATRIX","TOP700","0"
"0","{""id"":""analyst"",""name"":""Analyst""}","0.6232","{""id"":""analyst7"",""name"":""Broker Estimates""}","1","2026-07-01","1","Standard deviation of the analyst estimates of dividend per share regarding the next 4 quarters, made in the past 3 months","est_12m_dps_std_3mth_ago","2","GBR","{""id"":""analyst-analyst-estimates"",""name"":""Analyst Estimates""}","[]","MATRIX","TOP700","0"
"0","{""id"":""analyst"",""name"":""Analyst""}","0.6254","{""id"":""analyst7"",""name"":""Broker Estimates""}","1","2026-07-01","1","Standard deviation of the analyst estimate of dividend per share regarding the next 4 quarters, made in the past 4 weeks","est_12m_dps_std_4wks_ago","2","GBR","{""id"":""analyst-analyst-estimates"",""name"":""Analyst Estimates""}","[]","MATRIX","TOP700","0"
"0","{""id"":""analyst"",""name"":""Analyst""}","0.6659","{""id"":""analyst7"",""name"":""Broker Estimates""}","1","2026-07-01","1","Highest analyst estimate of EBIT regarding the next 4 quarters","est_12m_ebi_high","2","GBR","{""id"":""analyst-analyst-estimates"",""name"":""Analyst Estimates""}","[]","MATRIX","TOP700","0"
"0","{""id"":""analyst"",""name"":""Analyst""}","0.6502","{""id"":""analyst7"",""name"":""Broker Estimates""}","1","2026-07-01","1","Highest analyst estimate of EBIT regarding the next 4 quarters, made in the past 3 months","est_12m_ebi_high_3mth_ago","2","GBR","{""id"":""analyst-analyst-estimates"",""name"":""Analyst Estimates""}","[]","MATRIX","TOP700","0"
"0","{""id"":""analyst"",""name"":""Analyst""}","0.6546","{""id"":""analyst7"",""name"":""Broker Estimates""}","1","2026-07-01","1","Highest analyst estimate of EBIT regarding the next 4 quarters, made in the past 4 weeks","est_12m_ebi_high_4wks_ago","2","GBR","{""id"":""analyst-analyst-estimates"",""name"":""Analyst Estimates""}","[]","MATRIX","TOP700","0"
"0","{""id"":""analyst"",""name"":""Analyst""}","0.6659","{""id"":""analyst7"",""name"":""Broker Estimates""}","1","2026-07-01","1","Lowest analyst estimate of EBIT regarding the next 4 quarters","est_12m_ebi_low","2","GBR","{""id"":""analyst-analyst-estimates"",""name"":""Analyst Estimates""}","[]","MATRIX","TOP700","0"
"0","{""id"":""analyst"",""name"":""Analyst""}","1","{""id"":""analyst7"",""name"":""Broker Estimates""}","1","2026-07-01","1","Count of unique IDs of industry participants. Industry stands for an aggregate view of all  equity clearance activity for the date, symbol, and transaction type in question.","est_12m_ebi_lowerednum_1mth","2","GBR","{""id"":""analyst-analyst-estimates"",""name"":""Analyst Estimates""}","[]","MATRIX","TOP700","0"
"0","{""id"":""analyst"",""name"":""Analyst""}","1","{""id"":""analyst7"",""name"":""Broker Estimates""}","1","2026-07-01","1","Number of lowered analyst estimates of EBIT regarding the next 4 quarters, where old and new estimates were made in the past 4 weeks","est_12m_ebi_lowerednum_4wks","2","GBR","{""id"":""analyst-analyst-estimates"",""name"":""Analyst Estimates""}","[]","MATRIX","TOP700","0"
"0","{""id"":""analyst"",""name"":""Analyst""}","1","{""id"":""analyst7"",""name"":""Broker Estimates""}","1","2026-07-01","1","Count of unique IDs of industry participants. Industry stands for an aggregate view of all  equity clearance activity for the date, symbol, and transaction type in question.","est_12m_ebi_lowered_1wk","2","GBR","{""id"":""analyst-analyst-estimates"",""name"":""Analyst Estimates""}","[]","MATRIX","TOP700","0"
"0","{""id"":""analyst"",""name"":""Analyst""}","0.6502","{""id"":""analyst7"",""name"":""Broker Estimates""}","1","2026-07-01","1","Lowest analyst estimate of EBIT regarding the next 4 quarters, made in past 3 months","est_12m_ebi_low_3mth_ago","2","GBR","{""id"":""analyst-analyst-estimates"",""name"":""Analyst Estimates""}","[]","MATRIX","TOP700","0"
"0","{""id"":""analyst"",""name"":""Analyst""}","0.6546","{""id"":""analyst7"",""name"":""Broker Estimates""}","1","2026-07-01","1","Lowest analyst estimate of EBIT regarding the next 4 quarters, made in the past 4 weeks","est_12m_ebi_low_4wks_ago","2","GBR","{""id"":""analyst-analyst-estimates"",""name"":""Analyst Estimates""}","[]","MATRIX","TOP700","0"
"0","{""id"":""analyst"",""name"":""Analyst""}","0.6659","{""id"":""analyst7"",""name"":""Broker Estimates""}","1","2026-07-01","1","Mean analyst estimate of EBIT regarding the next 4 quarters","est_12m_ebi_mean","2","GBR","{""id"":""analyst-analyst-estimates"",""name"":""Analyst Estimates""}","[]","MATRIX","TOP700","0"
"0","{""id"":""analyst"",""name"":""Analyst""}","0.6483","{""id"":""analyst7"",""name"":""Broker Estimates""}","1","2026-07-01","1","Mean analyst estimate of EBIT regarding the next 4 quarters, made in the last 28 days","est_12m_ebi_mean_28d","2","GBR","{""id"":""analyst-analyst-estimates"",""name"":""Analyst Estimates""}","[]","MATRIX","TOP700","0"
"0","{""id"":""analyst"",""name"":""Analyst""}","0.6502","{""id"":""analyst7"",""name"":""Broker Estimates""}","1","2026-07-01","1","Mean analyst estimate of EBIT regarding the next 4 quarters, made in the past 3 months","est_12m_ebi_mean_3mth_ago","2","GBR","{""id"":""analyst-analyst-estimates"",""name"":""Analyst Estimates""}","[]","MATRIX","TOP700","0"
"0","{""id"":""analyst"",""name"":""Analyst""}","0.6546","{""id"":""analyst7"",""name"":""Broker Estimates""}","1","2026-07-01","1","Mean analyst estimate of EBIT regarding the next 4 quarters, made in past 4 weeks","est_12m_ebi_mean_4wks_ago","2","GBR","{""id"":""analyst-analyst-estimates"",""name"":""Analyst Estimates""}","[]","MATRIX","TOP700","0"
"0","{""id"":""analyst"",""name"":""Analyst""}","0.6659","{""id"":""analyst7"",""name"":""Broker Estimates""}","1","2026-07-01","1","Median analyst estimate of EBIT regarding the next 4 quarters","est_12m_ebi_median","2","GBR","{""id"":""analyst-analyst-estimates"",""name"":""Analyst Estimates""}","[]","MATRIX","TOP700","0"
"0","{""id"":""analyst"",""name"":""Analyst""}","0.6502","{""id"":""analyst7"",""name"":""Broker Estimates""}","1","2026-07-01","1","Median analyst estimate of EBIT regarding the next 4 quarters, made in the past 3 months","est_12m_ebi_median_3mth_ago","2","GBR","{""id"":""analyst-analyst-estimates"",""name"":""Analyst Estimates""}","[]","MATRIX","TOP700","0"
"0","{""id"":""analyst"",""name"":""Analyst""}","0.6546","{""id"":""analyst7"",""name"":""Broker Estimates""}","1","2026-07-01","1","Median analyst estimate of EBIT regarding the next 4 quarters, made in the past 4 weeks","est_12m_ebi_median_4wks_ago","2","GBR","{""id"":""analyst-analyst-estimates"",""name"":""Analyst Estimates""}","[]","MATRIX","TOP700","0"
"0","{""id"":""analyst"",""name"":""Analyst""}","1","{""id"":""analyst7"",""name"":""Broker Estimates""}","1","2026-07-01","1","Number of analyst estimates of EBIT regarding the next 4 quarters","est_12m_ebi_num","2","GBR","{""id"":""analyst-analyst-estimates"",""name"":""Analyst Estimates""}","[]","MATRIX","TOP700","0"
"0","{""id"":""analyst"",""name"":""Analyst""}","1","{""id"":""analyst7"",""name"":""Broker Estimates""}","1","2026-07-01","1","Number of analyst estimates of EBIT regarding the next 4 quarters, made in the last 28 days","est_12m_ebi_num_28d","2","GBR","{""id"":""analyst-analyst-estimates"",""name"":""Analyst Estimates""}","[]","MATRIX","TOP700","0"
"0","{""id"":""analyst"",""name"":""Analyst""}","1","{""id"":""analyst7"",""name"":""Broker Estimates""}","1","2026-07-01","1","Number of analyst estimates of EBIT regarding the next 4 quarters, made in the past 3 months","est_12m_ebi_num_3mth_ago","2","GBR","{""id"":""analyst-analyst-estimates"",""name"":""Analyst Estimates""}","[]","MATRIX","TOP700","0"
"0","{""id"":""analyst"",""name"":""Analyst""}","1","{""id"":""analyst7"",""name"":""Broker Estimates""}","1","2026-07-01","1","Number of analyst estimates of EBIT regarding the next 4 quarters, where old and new estimates were made in the past 4 weeks","est_12m_ebi_num_4wks_ago","2","GBR","{""id"":""analyst-analyst-estimates"",""name"":""Analyst Estimates""}","[]","MATRIX","TOP700","0"
"0","{""id"":""analyst"",""name"":""Analyst""}","1","{""id"":""analyst7"",""name"":""Broker Estimates""}","1","2026-07-01","1","Number of raised analyst estimates of EBIT regarding the next 4 quarters, compared to last monthly update","est_12m_ebi_raisednum_1mth","2","GBR","{""id"":""analyst-analyst-estimates"",""name"":""Analyst Estimates""}","[]","MATRIX","TOP700","0"
"0","{""id"":""analyst"",""name"":""Analyst""}","1","{""id"":""analyst7"",""name"":""Broker Estimates""}","1","2026-07-01","1","Number of raised analyst estimates of EBIT regarding the next 4 quarters, where old and new estimates were made in past 4 weeks","est_12m_ebi_raisednum_4wks","2","GBR","{""id"":""analyst-analyst-estimates"",""name"":""Analyst Estimates""}","[]","MATRIX","TOP700","0"
"0","{""id"":""analyst"",""name"":""Analyst""}","1","{""id"":""analyst7"",""name"":""Broker Estimates""}","1","2026-07-01","1","Number of raised analyst estimates of EBIT regarding the next 4 quarters, compared to the last weekly update","est_12m_ebi_raised_1wk","2","GBR","{""id"":""analyst-analyst-estimates"",""name"":""Analyst Estimates""}","[]","MATRIX","TOP700","0"
"0","{""id"":""analyst"",""name"":""Analyst""}","0.6067","{""id"":""analyst7"",""name"":""Broker Estimates""}","1","2026-07-01","1","Standard deviation of analyst estimates of EBIT regarding the next 4 quarters","est_12m_ebi_std","2","GBR","{""id"":""analyst-analyst-estimates"",""name"":""Analyst Estimates""}","[]","MATRIX","TOP700","0"
"0","{""id"":""analyst"",""name"":""Analyst""}","0.5296","{""id"":""analyst7"",""name"":""Broker Estimates""}","1","2026-07-01","1","Standard deviation of the analyst estimates of EBIT regarding the next 4 quarters, made in the last 28 days","est_12m_ebi_std_28d","2","GBR","{""id"":""analyst-analyst-estimates"",""name"":""Analyst Estimates""}","[]","MATRIX","TOP700","0"
"0","{""id"":""analyst"",""name"":""Analyst""}","0.5923","{""id"":""analyst7"",""name"":""Broker Estimates""}","1","2026-07-01","1","Standard deviation of the analyst estimate of EBIT regarding the next 4 quarters, made in the past 3 months","est_12m_ebi_std_3mth_ago","2","GBR","{""id"":""analyst-analyst-estimates"",""name"":""Analyst Estimates""}","[]","MATRIX","TOP700","0"
"0","{""id"":""analyst"",""name"":""Analyst""}","0.5925","{""id"":""analyst7"",""name"":""Broker Estimates""}","1","2026-07-01","1","Standard deviation of the analyst estimates of EBIT regarding the next 4 quarters, made in past 4 weeks","est_12m_ebi_std_4wks_ago","2","GBR","{""id"":""analyst-analyst-estimates"",""name"":""Analyst Estimates""}","[]","MATRIX","TOP700","0"
"0","{""id"":""analyst"",""name"":""Analyst""}","0.6762","{""id"":""analyst7"",""name"":""Broker Estimates""}","1","2026-07-01","1","Highest analyst estimate of EBITDA regarding the next 4 quarters","est_12m_ebt_high","2","GBR","{""id"":""analyst-analyst-estimates"",""name"":""Analyst Estimates""}","[]","MATRIX","TOP700","0"
"0","{""id"":""analyst"",""name"":""Analyst""}","0.6503","{""id"":""analyst7"",""name"":""Broker Estimates""}","1","2026-07-01","1","Highest analyst estimate of EBITDA regarding the next 4 quarters, made in the past 3 months","est_12m_ebt_high_3mth_ago","2","GBR","{""id"":""analyst-analyst-estimates"",""name"":""Analyst Estimates""}","[]","MATRIX","TOP700","0"
"0","{""id"":""analyst"",""name"":""Analyst""}","0.6556","{""id"":""analyst7"",""name"":""Broker Estimates""}","1","2026-07-01","1","Highest analyst estimate of EBITDA regarding the next 4 quarters, made in the past 4 weeks","est_12m_ebt_high_4wks_ago","2","GBR","{""id"":""analyst-analyst-estimates"",""name"":""Analyst Estimates""}","[]","MATRIX","TOP700","0"
"0","{""id"":""analyst"",""name"":""Analyst""}","0.6762","{""id"":""analyst7"",""name"":""Broker Estimates""}","1","2026-07-01","1","Lowest analyst estimate of EBITDA regarding the next 4 quarters","est_12m_ebt_low","2","GBR","{""id"":""analyst-analyst-estimates"",""name"":""Analyst Estimates""}","[]","MATRIX","TOP700","0"
"0","{""id"":""analyst"",""name"":""Analyst""}","1","{""id"":""analyst7"",""name"":""Broker Estimates""}","1","2026-07-01","1","Count of unique IDs of industry participants. Industry stands for an aggregate view of all  equity clearance activity for the date, symbol, and transaction type in question.","est_12m_ebt_lowerednum_1mth","2","GBR","{""id"":""analyst-analyst-estimates"",""name"":""Analyst Estimates""}","[]","MATRIX","TOP700","0"
"0","{""id"":""analyst"",""name"":""Analyst""}","1","{""id"":""analyst7"",""name"":""Broker Estimates""}","1","2026-07-01","1","Number of lowered analyst estimate of EBITDA regarding the next 4 quarters, where old and new estimate were made in past 4 weeks","est_12m_ebt_lowerednum_4wks","2","GBR","{""id"":""analyst-analyst-estimates"",""name"":""Analyst Estimates""}","[]","MATRIX","TOP700","0"
"0","{""id"":""analyst"",""name"":""Analyst""}","1","{""id"":""analyst7"",""name"":""Broker Estimates""}","1","2026-07-01","1","Count of unique IDs of industry participants. Industry stands for an aggregate view of all  equity clearance activity for the date, symbol, and transaction type in question.","est_12m_ebt_lowered_1wk","2","GBR","{""id"":""analyst-analyst-estimates"",""name"":""Analyst Estimates""}","[]","MATRIX","TOP700","0"
"0","{""id"":""analyst"",""name"":""Analyst""}","0.6503","{""id"":""analyst7"",""name"":""Broker Estimates""}","1","2026-07-01","1","Lowest analyst estimate of EBITDA regarding the next 4 quarters, made in the past 3 months","est_12m_ebt_low_3mth_ago","2","GBR","{""id"":""analyst-analyst-estimates"",""name"":""Analyst Estimates""}","[]","MATRIX","TOP700","0"
"0","{""id"":""analyst"",""name"":""Analyst""}","0.6556","{""id"":""analyst7"",""name"":""Broker Estimates""}","1","2026-07-01","1","Lowest analyst estimate of EBITDA regarding the next 4 quarters, made in the past 4 weeks","est_12m_ebt_low_4wks_ago","2","GBR","{""id"":""analyst-analyst-estimates"",""name"":""Analyst Estimates""}","[]","MATRIX","TOP700","0"
"0","{""id"":""analyst"",""name"":""Analyst""}","0.6762","{""id"":""analyst7"",""name"":""Broker Estimates""}","1","2026-07-01","1","Mean analyst estimate of EBITDA regarding the next 4 quarters","est_12m_ebt_mean","2","GBR","{""id"":""analyst-analyst-estimates"",""name"":""Analyst Estimates""}","[]","MATRIX","TOP700","0"
"0","{""id"":""analyst"",""name"":""Analyst""}","0.6406","{""id"":""analyst7"",""name"":""Broker Estimates""}","1","2026-07-01","1","Mean analyst estimate of EBITDA regarding the next 4 quarters, made in the last 28 days","est_12m_ebt_mean_28d","2","GBR","{""id"":""analyst-analyst-estimates"",""name"":""Analyst Estimates""}","[]","MATRIX","TOP700","0"
"0","{""id"":""analyst"",""name"":""Analyst""}","0.6503","{""id"":""analyst7"",""name"":""Broker Estimates""}","1","2026-07-01","1","Mean analyst estimate of EBITDA regarding the next 4 quarters, made in the past 3 months","est_12m_ebt_mean_3mth_ago","2","GBR","{""id"":""analyst-analyst-estimates"",""name"":""Analyst Estimates""}","[]","MATRIX","TOP700","0"
"0","{""id"":""analyst"",""name"":""Analyst""}","0.6556","{""id"":""analyst7"",""name"":""Broker Estimates""}","1","2026-07-01","1","Mean analyst estimate of EBITDA regarding the next 4 quarters, made in past 4 weeks","est_12m_ebt_mean_4wks_ago","2","GBR","{""id"":""analyst-analyst-estimates"",""name"":""Analyst Estimates""}","[]","MATRIX","TOP700","0"
"0","{""id"":""analyst"",""name"":""Analyst""}","0.6762","{""id"":""analyst7"",""name"":""Broker Estimates""}","1","2026-07-01","1","Median analyst estimate of EBITDA regarding the next 4 quarters","est_12m_ebt_median","2","GBR","{""id"":""analyst-analyst-estimates"",""name"":""Analyst Estimates""}","[]","MATRIX","TOP700","0"
"0","{""id"":""analyst"",""name"":""Analyst""}","0.6503","{""id"":""analyst7"",""name"":""Broker Estimates""}","1","2026-07-01","1","Median analyst estimate of EBITDA regarding the next 4 quarters, made in the past 3 months","est_12m_ebt_median_3mth_ago","2","GBR","{""id"":""analyst-analyst-estimates"",""name"":""Analyst Estimates""}","[]","MATRIX","TOP700","0"
"0","{""id"":""analyst"",""name"":""Analyst""}","0.6556","{""id"":""analyst7"",""name"":""Broker Estimates""}","1","2026-07-01","1","Median analyst estimate of EBITDA regarding the next 4 quarters, made in past 4 weeks","est_12m_ebt_median_4wks_ago","2","GBR","{""id"":""analyst-analyst-estimates"",""name"":""Analyst Estimates""}","[]","MATRIX","TOP700","0"
"0","{""id"":""analyst"",""name"":""Analyst""}","1","{""id"":""analyst7"",""name"":""Broker Estimates""}","1","2026-07-01","1","Number of analyst estimates of EBITDA regarding the next 4 quarters","est_12m_ebt_num","2","GBR","{""id"":""analyst-analyst-estimates"",""name"":""Analyst Estimates""}","[]","MATRIX","TOP700","0"
"0","{""id"":""analyst"",""name"":""Analyst""}","1","{""id"":""analyst7"",""name"":""Broker Estimates""}","1","2026-07-01","1","Number of analyst estimates of EBITDA regarding the next 4 quarters, made in the last 28 days","est_12m_ebt_num_28d","2","GBR","{""id"":""analyst-analyst-estimates"",""name"":""Analyst Estimates""}","[]","MATRIX","TOP700","0"
"0","{""id"":""analyst"",""name"":""Analyst""}","1","{""id"":""analyst7"",""name"":""Broker Estimates""}","1","2026-07-01","1","Number of analyst estimates of EBITDA regarding the next 4 quarters, made in the past 3 months","est_12m_ebt_num_3mth_ago","2","GBR","{""id"":""analyst-analyst-estimates"",""name"":""Analyst Estimates""}","[]","MATRIX","TOP700","0"
"0","{""id"":""analyst"",""name"":""Analyst""}","1","{""id"":""analyst7"",""name"":""Broker Estimates""}","1","2026-07-01","1","Number of analyst estimates of EBITDA regarding the next 4 quarters, where old and new estimates were made in the past 4 weeks","est_12m_ebt_num_4wks_ago","2","GBR","{""id"":""analyst-analyst-estimates"",""name"":""Analyst Estimates""}","[]","MATRIX","TOP700","0"
"0","{""id"":""analyst"",""name"":""Analyst""}","1","{""id"":""analyst7"",""name"":""Broker Estimates""}","1","2026-07-01","1","Number of raised analyst estimates of EBITDA regarding the next 4 quarters, compared to the last monthly update","est_12m_ebt_raisednum_1mth","2","GBR","{""id"":""analyst-analyst-estimates"",""name"":""Analyst Estimates""}","[]","MATRIX","TOP700","0"
"0","{""id"":""analyst"",""name"":""Analyst""}","1","{""id"":""analyst7"",""name"":""Broker Estimates""}","1","2026-07-01","1","Number of raised analyst estimates of EBITDA regarding the next 4 quarters, where old and new estimates were made in past 4 weeks","est_12m_ebt_raisednum_4wks","2","GBR","{""id"":""analyst-analyst-estimates"",""name"":""Analyst Estimates""}","[]","MATRIX","TOP700","0"
"0","{""id"":""analyst"",""name"":""Analyst""}","1","{""id"":""analyst7"",""name"":""Broker Estimates""}","1","2026-07-01","1","Number of raised analyst estimates of EBITDA regarding the next 4 quarters, compared to the last weekly update","est_12m_ebt_raised_1wk","2","GBR","{""id"":""analyst-analyst-estimates"",""name"":""Analyst Estimates""}","[]","MATRIX","TOP700","0"
"0","{""id"":""analyst"",""name"":""Analyst""}","0.6061","{""id"":""analyst7"",""name"":""Broker Estimates""}","1","2026-07-01","1","Standard deviation of analyst estimates of EBITDA regarding the next 4 quarters","est_12m_ebt_std","2","GBR","{""id"":""analyst-analyst-estimates"",""name"":""Analyst Estimates""}","[]","MATRIX","TOP700","0"
"0","{""id"":""analyst"",""name"":""Analyst""}","0.5218","{""id"":""analyst7"",""name"":""Broker Estimates""}","1","2026-07-01","1","Standard deviation of the analyst estimate of EBITDA regarding the next 4 quarters, made in the last 28 days","est_12m_ebt_std_28d","2","GBR","{""id"":""analyst-analyst-estimates"",""name"":""Analyst Estimates""}","[]","MATRIX","TOP700","0"
"0","{""id"":""analyst"",""name"":""Analyst""}","0.5819","{""id"":""analyst7"",""name"":""Broker Estimates""}","1","2026-07-01","1","Standard deviation of the analyst estimates of EBITDA regarding the next 4 quarters, made in the past 3 months","est_12m_ebt_std_3mth_ago","2","GBR","{""id"":""analyst-analyst-estimates"",""name"":""Analyst Estimates""}","[]","MATRIX","TOP700","0"
"0","{""id"":""analyst"",""name"":""Analyst""}","0.5832","{""id"":""analyst7"",""name"":""Broker Estimates""}","1","2026-07-01","1","Standard deviation of the analyst estimate of EBITDA regarding the next 4 quarters, made in the past 4 weeks","est_12m_ebt_std_4wks_ago","2","GBR","{""id"":""analyst-analyst-estimates"",""name"":""Analyst Estimates""}","[]","MATRIX","TOP700","0"
"0","{""id"":""analyst"",""name"":""Analyst""}","0.6026","{""id"":""analyst7"",""name"":""Broker Estimates""}","1","2026-07-01","1","Highest analyst estimate of enterprise value regarding the next 4 quarters","est_12m_ent_high","2","GBR","{""id"":""analyst-analyst-estimates"",""name"":""Analyst Estimates""}","[]","MATRIX","TOP700","0"
"0","{""id"":""analyst"",""name"":""Analyst""}","0.5585","{""id"":""analyst7"",""name"":""Broker Estimates""}","1","2026-07-01","1","Highest analyst estimate of enterprise value regarding the next 4 quarters, made in the past 3 months","est_12m_ent_high_3mth_ago","2","GBR","{""id"":""analyst-analyst-estimates"",""name"":""Analyst Estimates""}","[]","MATRIX","TOP700","0"
"0","{""id"":""analyst"",""name"":""Analyst""}","0.5691","{""id"":""analyst7"",""name"":""Broker Estimates""}","1","2026-07-01","1","Highest analyst estimate of enterprise value regarding the next 4 quarters, made in the past 4 weeks","est_12m_ent_high_4wks_ago","2","GBR","{""id"":""analyst-analyst-estimates"",""name"":""Analyst Estimates""}","[]","MATRIX","TOP700","0"
"0","{""id"":""analyst"",""name"":""Analyst""}","0.6026","{""id"":""analyst7"",""name"":""Broker Estimates""}","1","2026-07-01","1","Lowest analyst estimate of enterprise value regarding the next 4 quarters","est_12m_ent_low","2","GBR","{""id"":""analyst-analyst-estimates"",""name"":""Analyst Estimates""}","[]","MATRIX","TOP700","0"
"0","{""id"":""analyst"",""name"":""Analyst""}","1","{""id"":""analyst7"",""name"":""Broker Estimates""}","1","2026-07-01","1","Number of lowered analyst estimate of enterprise value regarding the next 4 quarters, since last monthly update","est_12m_ent_lowerednum_1mth","2","GBR","{""id"":""analyst-analyst-estimates"",""name"":""Analyst Estimates""}","[]","MATRIX","TOP700","0"
"0","{""id"":""analyst"",""name"":""Analyst""}","1","{""id"":""analyst7"",""name"":""Broker Estimates""}","1","2026-07-01","1","Number of lowered analyst estimates of enterprise value regarding the next 4 quarters, where old and new estimates were made in past 4 weeks","est_12m_ent_lowerednum_4wks","2","GBR","{""id"":""analyst-analyst-estimates"",""name"":""Analyst Estimates""}","[]","MATRIX","TOP700","0"
"0","{""id"":""analyst"",""name"":""Analyst""}","1","{""id"":""analyst7"",""name"":""Broker Estimates""}","1","2026-07-01","1","Number of lowered analyst estimates of enterprise value regarding the next 4 quarters, since the last weekly update","est_12m_ent_lowered_1wk","2","GBR","{""id"":""analyst-analyst-estimates"",""name"":""Analyst Estimates""}","[]","MATRIX","TOP700","0"
"0","{""id"":""analyst"",""name"":""Analyst""}","0.5585","{""id"":""analyst7"",""name"":""Broker Estimates""}","1","2026-07-01","1","Lowest analyst estimate of enterprise value regarding the next 4 quarters, made in past 3 months","est_12m_ent_low_3mth_ago","2","GBR","{""id"":""analyst-analyst-estimates"",""name"":""Analyst Estimates""}","[]","MATRIX","TOP700","0"
"0","{""id"":""analyst"",""name"":""Analyst""}","0.5691","{""id"":""analyst7"",""name"":""Broker Estimates""}","1","2026-07-01","1","Lowest analyst estimate of enterprise value regarding the next 4 quarters, made in past 4 weeks","est_12m_ent_low_4wks_ago","2","GBR","{""id"":""analyst-analyst-estimates"",""name"":""Analyst Estimates""}","[]","MATRIX","TOP700","0"
"0","{""id"":""analyst"",""name"":""Analyst""}","0.6026","{""id"":""analyst7"",""name"":""Broker Estimates""}","1","2026-07-01","1","Mean analyst estimate of enterprise value regarding the next 4 quarters","est_12m_ent_mean","2","GBR","{""id"":""analyst-analyst-estimates"",""name"":""Analyst Estimates""}","[]","MATRIX","TOP700","0"
"0","{""id"":""analyst"",""name"":""Analyst""}","0.5424","{""id"":""analyst7"",""name"":""Broker Estimates""}","1","2026-07-01","1","Mean analyst estimate of enterprise value regarding the next 4 quarters, made in the last 28 days","est_12m_ent_mean_28d","2","GBR","{""id"":""analyst-analyst-estimates"",""name"":""Analyst Estimates""}","[]","MATRIX","TOP700","0"
"0","{""id"":""analyst"",""name"":""Analyst""}","0.5585","{""id"":""analyst7"",""name"":""Broker Estimates""}","1","2026-07-01","1","Mean analyst estimate of enterprise value regarding the next 4 quarters, made in the past 3 months","est_12m_ent_mean_3mth_ago","2","GBR","{""id"":""analyst-analyst-estimates"",""name"":""Analyst Estimates""}","[]","MATRIX","TOP700","0"
"0","{""id"":""analyst"",""name"":""Analyst""}","0.5691","{""id"":""analyst7"",""name"":""Broker Estimates""}","1","2026-07-01","1","Mean analyst estimate of enterprise value regarding the next 4 quarters, made in the past 4 weeks","est_12m_ent_mean_4wks_ago","2","GBR","{""id"":""analyst-analyst-estimates"",""name"":""Analyst Estimates""}","[]","MATRIX","TOP700","0"
"0","{""id"":""analyst"",""name"":""Analyst""}","0.6026","{""id"":""analyst7"",""name"":""Broker Estimates""}","1","2026-07-01","1","Median analyst estimate of enterprise value regarding the next 4 quarters","est_12m_ent_median","2","GBR","{""id"":""analyst-analyst-estimates"",""name"":""Analyst Estimates""}","[]","MATRIX","TOP700","0"
"0","{""id"":""analyst"",""name"":""Analyst""}","0.5585","{""id"":""analyst7"",""name"":""Broker Estimates""}","1","2026-07-01","1","Median analyst estimate of enterprise value regarding the next 4 quarters, made in the past 3 months","est_12m_ent_median_3mth_ago","2","GBR","{""id"":""analyst-analyst-estimates"",""name"":""Analyst Estimates""}","[]","MATRIX","TOP700","0"
"0","{""id"":""analyst"",""name"":""Analyst""}","0.5691","{""id"":""analyst7"",""name"":""Broker Estimates""}","1","2026-07-01","1","Median analyst estimate of enterprise value regarding the next 4 quarters, made in past 4 weeks","est_12m_ent_median_4wks_ago","2","GBR","{""id"":""analyst-analyst-estimates"",""name"":""Analyst Estimates""}","[]","MATRIX","TOP700","0"
"0","{""id"":""analyst"",""name"":""Analyst""}","1","{""id"":""analyst7"",""name"":""Broker Estimates""}","1","2026-07-01","1","Number of analyst estimates of enterprise value regarding the next 4 quarters","est_12m_ent_num","2","GBR","{""id"":""analyst-analyst-estimates"",""name"":""Analyst Estimates""}","[]","MATRIX","TOP700","0"
"0","{""id"":""analyst"",""name"":""Analyst""}","1","{""id"":""analyst7"",""name"":""Broker Estimates""}","1","2026-07-01","1","Number of analyst estimates of enterprise value regarding the next 4 quarters, made in the last 28 days","est_12m_ent_num_28d","2","GBR","{""id"":""analyst-analyst-estimates"",""name"":""Analyst Estimates""}","[]","MATRIX","TOP700","0"
"0","{""id"":""analyst"",""name"":""Analyst""}","1","{""id"":""analyst7"",""name"":""Broker Estimates""}","1","2026-07-01","1","Number of analyst estimates of enterprise value regarding the next 4 quarters, made in the past 3 months","est_12m_ent_num_3mth_ago","2","GBR","{""id"":""analyst-analyst-estimates"",""name"":""Analyst Estimates""}","[]","MATRIX","TOP700","0"
"0","{""id"":""analyst"",""name"":""Analyst""}","1","{""id"":""analyst7"",""name"":""Broker Estimates""}","1","2026-07-01","1","Number of analyst estimates of enterprise value regarding the next 4 quarters, where old and new estimates were made in the past 4 weeks","est_12m_ent_num_4wks_ago","2","GBR","{""id"":""analyst-analyst-estimates"",""name"":""Analyst Estimates""}","[]","MATRIX","TOP700","0"
"0","{""id"":""analyst"",""name"":""Analyst""}","1","{""id"":""analyst7"",""name"":""Broker Estimates""}","1","2026-07-01","1","Number of raised analyst estimates of enterprise value regarding the next 4 quarters, compared to the last monthly update","est_12m_ent_raisednum_1mth","2","GBR","{""id"":""analyst-analyst-estimates"",""name"":""Analyst Estimates""}","[]","MATRIX","TOP700","0"
"0","{""id"":""analyst"",""name"":""Analyst""}","1","{""id"":""analyst7"",""name"":""Broker Estimates""}","1","2026-07-01","1","Number of raised analyst estimates of enterprise value regarding the next 4 quarters, where old and new estimates were made in the past 4 weeks","est_12m_ent_raisednum_4wks","2","GBR","{""id"":""analyst-analyst-estimates"",""name"":""Analyst Estimates""}","[]","MATRIX","TOP700","0"
"0","{""id"":""analyst"",""name"":""Analyst""}","1","{""id"":""analyst7"",""name"":""Broker Estimates""}","1","2026-07-01","1","Number of raised analyst estimates of enterprise value regarding the next 4 quarters, compared to the last weekly update","est_12m_ent_raised_1wk","2","GBR","{""id"":""analyst-analyst-estimates"",""name"":""Analyst Estimates""}","[]","MATRIX","TOP700","0"
"0","{""id"":""analyst"",""name"":""Analyst""}","0.3855","{""id"":""analyst7"",""name"":""Broker Estimates""}","1","2026-07-01","1","Standard deviation of analyst estimates of enterprise value regarding the next 4 quarters","est_12m_ent_std","2","GBR","{""id"":""analyst-analyst-estimates"",""name"":""Analyst Estimates""}","[]","MATRIX","TOP700","0"
"0","{""id"":""analyst"",""name"":""Analyst""}","0.3502","{""id"":""analyst7"",""name"":""Broker Estimates""}","1","2026-07-01","1","Standard deviation of the analyst estimate of enterprise value regarding the next 4 quarters, made in the last 28 days","est_12m_ent_std_28d","2","GBR","{""id"":""analyst-analyst-estimates"",""name"":""Analyst Estimates""}","[]","MATRIX","TOP700","0"
"0","{""id"":""analyst"",""name"":""Analyst""}","0.3968","{""id"":""analyst7"",""name"":""Broker Estimates""}","1","2026-07-01","1","Standard deviation of the analyst estimate of enterprise value regarding the next 4 quarters, made in the past 3 months","est_12m_ent_std_3mth_ago","2","GBR","{""id"":""analyst-analyst-estimates"",""name"":""Analyst Estimates""}","[]","MATRIX","TOP700","0"
"0","{""id"":""analyst"",""name"":""Analyst""}","0.39","{""id"":""analyst7"",""name"":""Broker Estimates""}","1","2026-07-01","1","Standard deviation of the analyst estimate of enterprise value regarding the next 4 quarters, made in the past 4 weeks","est_12m_ent_std_4wks_ago","2","GBR","{""id"":""analyst-analyst-estimates"",""name"":""Analyst Estimates""}","[]","MATRIX","TOP700","0"
"0","{""id"":""analyst"",""name"":""Analyst""}","0.6271","{""id"":""analyst7"",""name"":""Broker Estimates""}","1","2026-07-01","1","Highest analyst estimate of GAAP earnings per share regarding the next 4 quarters","est_12m_gps_high","2","GBR","{""id"":""analyst-analyst-estimates"",""name"":""Analyst Estimates""}","[]","MATRIX","TOP700","0"
"0","{""id"":""analyst"",""name"":""Analyst""}","0.6138","{""id"":""analyst7"",""name"":""Broker Estimates""}","1","2026-07-01","1","Highest analyst estimate of GAAP earnings per share regarding the next 4 quarters, made in past 3 months","est_12m_gps_high_3mth_ago","2","GBR","{""id"":""analyst-analyst-estimates"",""name"":""Analyst Estimates""}","[]","MATRIX","TOP700","0"
"0","{""id"":""analyst"",""name"":""Analyst""}","0.6184","{""id"":""analyst7"",""name"":""Broker Estimates""}","1","2026-07-01","1","Highest analyst estimate of GAAP earnings per share regarding the next 4 quarters, made in the past 4 weeks","est_12m_gps_high_4wks_ago","2","GBR","{""id"":""analyst-analyst-estimates"",""name"":""Analyst Estimates""}","[]","MATRIX","TOP700","0"
"0","{""id"":""analyst"",""name"":""Analyst""}","0.6271","{""id"":""analyst7"",""name"":""Broker Estimates""}","1","2026-07-01","1","Lowest analyst estimate of GAAP earnings per share regarding the next 4 quarters","est_12m_gps_low","2","GBR","{""id"":""analyst-analyst-estimates"",""name"":""Analyst Estimates""}","[]","MATRIX","TOP700","0"
"0","{""id"":""analyst"",""name"":""Analyst""}","1","{""id"":""analyst7"",""name"":""Broker Estimates""}","1","2026-07-01","1","Count of unique IDs of industry participants. Industry stands for an aggregate view of all  equity clearance activity for the date, symbol, and transaction type in question.","est_12m_gps_lowerednum_1mth","2","GBR","{""id"":""analyst-analyst-estimates"",""name"":""Analyst Estimates""}","[]","MATRIX","TOP700","0"
"0","{""id"":""analyst"",""name"":""Analyst""}","1","{""id"":""analyst7"",""name"":""Broker Estimates""}","1","2026-07-01","1","Number of lowered analyst estimates of GAAP earnings per share regarding the next 4 quarters, where old and new estimates were made in the past 4 weeks","est_12m_gps_lowerednum_4wks","2","GBR","{""id"":""analyst-analyst-estimates"",""name"":""Analyst Estimates""}","[]","MATRIX","TOP700","0"
"0","{""id"":""analyst"",""name"":""Analyst""}","1","{""id"":""analyst7"",""name"":""Broker Estimates""}","1","2026-07-01","1","Count of unique IDs of industry participants. Industry stands for an aggregate view of all  equity clearance activity for the date, symbol, and transaction type in question.","est_12m_gps_lowered_1wk","2","GBR","{""id"":""analyst-analyst-estimates"",""name"":""Analyst Estimates""}","[]","MATRIX","TOP700","0"
"0","{""id"":""analyst"",""name"":""Analyst""}","0.6138","{""id"":""analyst7"",""name"":""Broker Estimates""}","1","2026-07-01","1","Lowest analyst estimate of GAAP earnings per share regarding the next 4 quarters, made in the past 3 months","est_12m_gps_low_3mth_ago","2","GBR","{""id"":""analyst-analyst-estimates"",""name"":""Analyst Estimates""}","[]","MATRIX","TOP700","0"
"0","{""id"":""analyst"",""name"":""Analyst""}","0.6184","{""id"":""analyst7"",""name"":""Broker Estimates""}","1","2026-07-01","1","Lowest analyst estimate of GAAP earnings per share regarding the next 4 quarters, made in the past 4 weeks","est_12m_gps_low_4wks_ago","2","GBR","{""id"":""analyst-analyst-estimates"",""name"":""Analyst Estimates""}","[]","MATRIX","TOP700","0"
"0","{""id"":""analyst"",""name"":""Analyst""}","0.6271","{""id"":""analyst7"",""name"":""Broker Estimates""}","1","2026-07-01","1","Mean analyst estimate of GAAP earnings per share regarding the next 4 quarters","est_12m_gps_mean","2","GBR","{""id"":""analyst-analyst-estimates"",""name"":""Analyst Estimates""}","[]","MATRIX","TOP700","0"
"0","{""id"":""analyst"",""name"":""Analyst""}","0.6121","{""id"":""analyst7"",""name"":""Broker Estimates""}","1","2026-07-01","1","Mean analyst estimate of GAAP earnings per share regarding the next 4 quarters, made in the last 28 days","est_12m_gps_mean_28d","2","GBR","{""id"":""analyst-analyst-estimates"",""name"":""Analyst Estimates""}","[]","MATRIX","TOP700","0"
"0","{""id"":""analyst"",""name"":""Analyst""}","0.6138","{""id"":""analyst7"",""name"":""Broker Estimates""}","1","2026-07-01","1","Mean analyst estimate of GAAP earnings per share regarding the next 4 quarters, made in the past 3 months","est_12m_gps_mean_3mth_ago","2","GBR","{""id"":""analyst-analyst-estimates"",""name"":""Analyst Estimates""}","[]","MATRIX","TOP700","0"
"0","{""id"":""analyst"",""name"":""Analyst""}","0.6184","{""id"":""analyst7"",""name"":""Broker Estimates""}","1","2026-07-01","1","Mean analyst estimate of GAAP earnings per share regarding the next 4 quarters, made in past 4 weeks","est_12m_gps_mean_4wks_ago","2","GBR","{""id"":""analyst-analyst-estimates"",""name"":""Analyst Estimates""}","[]","MATRIX","TOP700","0"
"0","{""id"":""analyst"",""name"":""Analyst""}","0.6271","{""id"":""analyst7"",""name"":""Broker Estimates""}","1","2026-07-01","1","Median analyst estimate of GAAP earnings per share regarding the next 4 quarters","est_12m_gps_median","2","GBR","{""id"":""analyst-analyst-estimates"",""name"":""Analyst Estimates""}","[]","MATRIX","TOP700","0"
"0","{""id"":""analyst"",""name"":""Analyst""}","0.6138","{""id"":""analyst7"",""name"":""Broker Estimates""}","1","2026-07-01","1","Median analyst estimate of GAAP earnings per share regarding the next 4 quarters, made in the past 3 months","est_12m_gps_median_3mth_ago","2","GBR","{""id"":""analyst-analyst-estimates"",""name"":""Analyst Estimates""}","[]","MATRIX","TOP700","0"
"0","{""id"":""analyst"",""name"":""Analyst""}","0.6184","{""id"":""analyst7"",""name"":""Broker Estimates""}","1","2026-07-01","1","Median analyst estimate of GAAP earnings per share regarding the next 4 quarters, made in past 4 weeks","est_12m_gps_median_4wks_ago","2","GBR","{""id"":""analyst-analyst-estimates"",""name"":""Analyst Estimates""}","[]","MATRIX","TOP700","0"
"0","{""id"":""analyst"",""name"":""Analyst""}","1","{""id"":""analyst7"",""name"":""Broker Estimates""}","1","2026-07-01","1","Number of analyst estimates of GAAP earnings per share regarding the next 4 quarters","est_12m_gps_num","2","GBR","{""id"":""analyst-analyst-estimates"",""name"":""Analyst Estimates""}","[]","MATRIX","TOP700","0"
"0","{""id"":""analyst"",""name"":""Analyst""}","1","{""id"":""analyst7"",""name"":""Broker Estimates""}","1","2026-07-01","1","Number of analyst estimates of GAAP earnings per share regarding the next 4 quarters, made in the last 28 days","est_12m_gps_num_28d","2","GBR","{""id"":""analyst-analyst-estimates"",""name"":""Analyst Estimates""}","[]","MATRIX","TOP700","0"
"0","{""id"":""analyst"",""name"":""Analyst""}","1","{""id"":""analyst7"",""name"":""Broker Estimates""}","1","2026-07-01","1","Number of analyst estimates of GAAP earnings per share regarding the next 4 quarters, made in past 3 months","est_12m_gps_num_3mth_ago","2","GBR","{""id"":""analyst-analyst-estimates"",""name"":""Analyst Estimates""}","[]","MATRIX","TOP700","0"
"0","{""id"":""analyst"",""name"":""Analyst""}","1","{""id"":""analyst7"",""name"":""Broker Estimates""}","1","2026-07-01","1","Number of analyst estimates of GAAP earnings per share regarding the next 4 quarters, where old and new estimates were made in the past 4 weeks","est_12m_gps_num_4wks_ago","2","GBR","{""id"":""analyst-analyst-estimates"",""name"":""Analyst Estimates""}","[]","MATRIX","TOP700","0"
"0","{""id"":""analyst"",""name"":""Analyst""}","1","{""id"":""analyst7"",""name"":""Broker Estimates""}","1","2026-07-01","1","Number of raised analyst estimates of GAAP earnings per share regarding the next 4 quarters, compared to the last monthly update","est_12m_gps_raisednum_1mth","2","GBR","{""id"":""analyst-analyst-estimates"",""name"":""Analyst Estimates""}","[]","MATRIX","TOP700","0"
"0","{""id"":""analyst"",""name"":""Analyst""}","1","{""id"":""analyst7"",""name"":""Broker Estimates""}","1","2026-07-01","1","Number of raised analyst estimates of GAAP earnings per share regarding the next 4 quarters, where old and new estimates were made in the past 4 weeks","est_12m_gps_raisednum_4wks","2","GBR","{""id"":""analyst-analyst-estimates"",""name"":""Analyst Estimates""}","[]","MATRIX","TOP700","0"
"0","{""id"":""analyst"",""name"":""Analyst""}","1","{""id"":""analyst7"",""name"":""Broker Estimates""}","1","2026-07-01","1","Number of raised analyst estimates of GAAP earnings per share regarding the next 4 quarters, compared to the last weekly update","est_12m_gps_raised_1wk","2","GBR","{""id"":""analyst-analyst-estimates"",""name"":""Analyst Estimates""}","[]","MATRIX","TOP700","0"
"0","{""id"":""analyst"",""name"":""Analyst""}","0.5461","{""id"":""analyst7"",""name"":""Broker Estimates""}","1","2026-07-01","1","Standard deviation of analyst estimates of GAAP earnings per share regarding the next 4 quarters","est_12m_gps_std","2","GBR","{""id"":""analyst-analyst-estimates"",""name"":""Analyst Estimates""}","[]","MATRIX","TOP700","0"
"0","{""id"":""analyst"",""name"":""Analyst""}","0.4647","{""id"":""analyst7"",""name"":""Broker Estimates""}","1","2026-07-01","1","Standard deviation of the analyst estimate of GAAP earnings per share regarding the next 4 quarters, made in the last 28 days","est_12m_gps_std_28d","2","GBR","{""id"":""analyst-analyst-estimates"",""name"":""Analyst Estimates""}","[]","MATRIX","TOP700","0"
"0","{""id"":""analyst"",""name"":""Analyst""}","0.5374","{""id"":""analyst7"",""name"":""Broker Estimates""}","1","2026-07-01","1","Standard deviation of the analyst estimate of GAAP earnings per share regarding the next 4 quarters, made in the past 3 months","est_12m_gps_std_3mth_ago","2","GBR","{""id"":""analyst-analyst-estimates"",""name"":""Analyst Estimates""}","[]","MATRIX","TOP700","0"
"0","{""id"":""analyst"",""name"":""Analyst""}","0.5308","{""id"":""analyst7"",""name"":""Broker Estimates""}","1","2026-07-01","1","Standard deviation of the analyst estimate of GAAP earnings per share regarding the next 4 quarters, made in the past 4 weeks","est_12m_gps_std_4wks_ago","2","GBR","{""id"":""analyst-analyst-estimates"",""name"":""Analyst Estimates""}","[]","MATRIX","TOP700","0"
"0","{""id"":""analyst"",""name"":""Analyst""}","0.5097","{""id"":""analyst7"",""name"":""Broker Estimates""}","1","2026-07-01","1","Highest analyst estimate of gross margin in percent regarding the next 4 quarters","est_12m_grm_high","2","GBR","{""id"":""analyst-analyst-estimates"",""name"":""Analyst Estimates""}","[]","MATRIX","TOP700","0"
"0","{""id"":""analyst"",""name"":""Analyst""}","0.4349","{""id"":""analyst7"",""name"":""Broker Estimates""}","1","2026-07-01","1","Highest analyst estimate of gross margin in percent regarding the next 4 quarters, made in the past 3 months","est_12m_grm_high_3mth_ago","2","GBR","{""id"":""analyst-analyst-estimates"",""name"":""Analyst Estimates""}","[]","MATRIX","TOP700","0"
"0","{""id"":""analyst"",""name"":""Analyst""}","0.4445","{""id"":""analyst7"",""name"":""Broker Estimates""}","1","2026-07-01","1","Highest analyst estimate of gross margin in percent regarding the next 4 quarters, made in the past 4 weeks","est_12m_grm_high_4wks_ago","2","GBR","{""id"":""analyst-analyst-estimates"",""name"":""Analyst Estimates""}","[]","MATRIX","TOP700","0"
"0","{""id"":""analyst"",""name"":""Analyst""}","0.5097","{""id"":""analyst7"",""name"":""Broker Estimates""}","1","2026-07-01","1","Lowest analyst estimate of gross margin in percent regarding the next 4 quarters","est_12m_grm_low","2","GBR","{""id"":""analyst-analyst-estimates"",""name"":""Analyst Estimates""}","[]","MATRIX","TOP700","0"
"0","{""id"":""analyst"",""name"":""Analyst""}","1","{""id"":""analyst7"",""name"":""Broker Estimates""}","1","2026-07-01","1","Count of unique IDs of industry participants. Industry stands for an aggregate view of all  equity clearance activity for the date, symbol, and transaction type in question.","est_12m_grm_lowerednum_1mth","2","GBR","{""id"":""analyst-analyst-estimates"",""name"":""Analyst Estimates""}","[]","MATRIX","TOP700","0"
"0","{""id"":""analyst"",""name"":""Analyst""}","1","{""id"":""analyst7"",""name"":""Broker Estimates""}","1","2026-07-01","1","Number of lowered analyst estimates of gross margin in percent regarding the next 4 quarters, where old and new estimates were made in the past 4 weeks","est_12m_grm_lowerednum_4wks","2","GBR","{""id"":""analyst-analyst-estimates"",""name"":""Analyst Estimates""}","[]","MATRIX","TOP700","0"
"0","{""id"":""analyst"",""name"":""Analyst""}","1","{""id"":""analyst7"",""name"":""Broker Estimates""}","1","2026-07-01","1","Number of lowered analyst estimate of gross margin in percent regarding the next 4 quarters, since last weekly update","est_12m_grm_lowered_1wk","2","GBR","{""id"":""analyst-analyst-estimates"",""name"":""Analyst Estimates""}","[]","MATRIX","TOP700","0"
"0","{""id"":""analyst"",""name"":""Analyst""}","0.4349","{""id"":""analyst7"",""name"":""Broker Estimates""}","1","2026-07-01","1","Lowest analyst estimate of gross margin in percent regarding the next 4 quarters, made in the past 3 months","est_12m_grm_low_3mth_ago","2","GBR","{""id"":""analyst-analyst-estimates"",""name"":""Analyst Estimates""}","[]","MATRIX","TOP700","0"
"0","{""id"":""analyst"",""name"":""Analyst""}","0.4445","{""id"":""analyst7"",""name"":""Broker Estimates""}","1","2026-07-01","1","Lowest analyst estimate of gross margin in percent regarding the next 4 quarters, made in the past 4 weeks","est_12m_grm_low_4wks_ago","2","GBR","{""id"":""analyst-analyst-estimates"",""name"":""Analyst Estimates""}","[]","MATRIX","TOP700","0"
"0","{""id"":""analyst"",""name"":""Analyst""}","0.5097","{""id"":""analyst7"",""name"":""Broker Estimates""}","1","2026-07-01","1","Mean analyst estimate of gross margin in percent regarding the next 4 quarters","est_12m_grm_mean","2","GBR","{""id"":""analyst-analyst-estimates"",""name"":""Analyst Estimates""}","[]","MATRIX","TOP700","0"
"0","{""id"":""analyst"",""name"":""Analyst""}","0.4262","{""id"":""analyst7"",""name"":""Broker Estimates""}","1","2026-07-01","1","Mean analyst estimate of gross margin in percent regarding the next 4 quarters, made in the last 28 days","est_12m_grm_mean_28d","2","GBR","{""id"":""analyst-analyst-estimates"",""name"":""Analyst Estimates""}","[]","MATRIX","TOP700","0"
"0","{""id"":""analyst"",""name"":""Analyst""}","0.4349","{""id"":""analyst7"",""name"":""Broker Estimates""}","1","2026-07-01","1","Mean analyst estimate of gross margin in percent regarding the next 4 quarters, made in past 3 months","est_12m_grm_mean_3mth_ago","2","GBR","{""id"":""analyst-analyst-estimates"",""name"":""Analyst Estimates""}","[]","MATRIX","TOP700","0"
"0","{""id"":""analyst"",""name"":""Analyst""}","0.4445","{""id"":""analyst7"",""name"":""Broker Estimates""}","1","2026-07-01","1","Mean analyst estimate of gross margin in percent regarding the next 4 quarters, made in the past 4 weeks","est_12m_grm_mean_4wks_ago","2","GBR","{""id"":""analyst-analyst-estimates"",""name"":""Analyst Estimates""}","[]","MATRIX","TOP700","0"
"0","{""id"":""analyst"",""name"":""Analyst""}","0.5097","{""id"":""analyst7"",""name"":""Broker Estimates""}","1","2026-07-01","1","Median analyst estimate of gross margin in percent regarding the next 4 quarters","est_12m_grm_median","2","GBR","{""id"":""analyst-analyst-estimates"",""name"":""Analyst Estimates""}","[]","MATRIX","TOP700","0"
"0","{""id"":""analyst"",""name"":""Analyst""}","0.4349","{""id"":""analyst7"",""name"":""Broker Estimates""}","1","2026-07-01","1","Median analyst estimate of gross margin in percent regarding the next 4 quarters, made in past 3 months","est_12m_grm_median_3mth_ago","2","GBR","{""id"":""analyst-analyst-estimates"",""name"":""Analyst Estimates""}","[]","MATRIX","TOP700","0"
"0","{""id"":""analyst"",""name"":""Analyst""}","0.4445","{""id"":""analyst7"",""name"":""Broker Estimates""}","1","2026-07-01","1","Median analyst estimate of gross margin in percent regarding the next 4 quarters, made in the past 4 weeks","est_12m_grm_median_4wks_ago","2","GBR","{""id"":""analyst-analyst-estimates"",""name"":""Analyst Estimates""}","[]","MATRIX","TOP700","0"
"0","{""id"":""analyst"",""name"":""Analyst""}","1","{""id"":""analyst7"",""name"":""Broker Estimates""}","1","2026-07-01","1","Number of analyst estimates of gross margin in percent regarding the next 4 quarters","est_12m_grm_num","2","GBR","{""id"":""analyst-analyst-estimates"",""name"":""Analyst Estimates""}","[]","MATRIX","TOP700","0"
"0","{""id"":""analyst"",""name"":""Analyst""}","1","{""id"":""analyst7"",""name"":""Broker Estimates""}","1","2026-07-01","1","Number of analyst estimates of gross margin in percent regarding the next 4 quarters, made in the last 28 days","est_12m_grm_num_28d","2","GBR","{""id"":""analyst-analyst-estimates"",""name"":""Analyst Estimates""}","[]","MATRIX","TOP700","0"
"0","{""id"":""analyst"",""name"":""Analyst""}","1","{""id"":""analyst7"",""name"":""Broker Estimates""}","1","2026-07-01","1","Number of analyst estimates of gross margin in percent regarding the next 4 quarters, made in the past 3 months","est_12m_grm_num_3mth_ago","2","GBR","{""id"":""analyst-analyst-estimates"",""name"":""Analyst Estimates""}","[]","MATRIX","TOP700","0"
"0","{""id"":""analyst"",""name"":""Analyst""}","1","{""id"":""analyst7"",""name"":""Broker Estimates""}","1","2026-07-01","1","Number of analyst estimates of gross margin in percent regarding the next 4 quarters, where old and new estimates were made in the past 4 weeks","est_12m_grm_num_4wks_ago","2","GBR","{""id"":""analyst-analyst-estimates"",""name"":""Analyst Estimates""}","[]","MATRIX","TOP700","0"
"0","{""id"":""analyst"",""name"":""Analyst""}","1","{""id"":""analyst7"",""name"":""Broker Estimates""}","1","2026-07-01","1","Number of raised analyst estimates of gross margin in percent regarding the next 4 quarters, compared to the last monthly update","est_12m_grm_raisednum_1mth","2","GBR","{""id"":""analyst-analyst-estimates"",""name"":""Analyst Estimates""}","[]","MATRIX","TOP700","0"
"0","{""id"":""analyst"",""name"":""Analyst""}","1","{""id"":""analyst7"",""name"":""Broker Estimates""}","1","2026-07-01","1","Number of raised analyst estimates of gross margin in percent regarding the next 4 quarters, where old and new estimates were made in the past 4 weeks","est_12m_grm_raisednum_4wks","2","GBR","{""id"":""analyst-analyst-estimates"",""name"":""Analyst Estimates""}","[]","MATRIX","TOP700","0"
"0","{""id"":""analyst"",""name"":""Analyst""}","1","{""id"":""analyst7"",""name"":""Broker Estimates""}","1","2026-07-01","1","Number of raised analyst estimates of gross margin in percent regarding the next 4 quarters, compared to the last weekly update","est_12m_grm_raised_1wk","2","GBR","{""id"":""analyst-analyst-estimates"",""name"":""Analyst Estimates""}","[]","MATRIX","TOP700","0"
"0","{""id"":""analyst"",""name"":""Analyst""}","0.2583","{""id"":""analyst7"",""name"":""Broker Estimates""}","1","2026-07-01","1","Standard deviation of analyst estimates of gross margin in percent regarding the next 4 quarters","est_12m_grm_std","2","GBR","{""id"":""analyst-analyst-estimates"",""name"":""Analyst Estimates""}","[]","MATRIX","TOP700","0"
"0","{""id"":""analyst"",""name"":""Analyst""}","0.1619","{""id"":""analyst7"",""name"":""Broker Estimates""}","1","2026-07-01","1","Standard deviation of the analyst estimates of gross margin in percent regarding the next 4 quarters, made in the last 28 days","est_12m_grm_std_28d","2","GBR","{""id"":""analyst-analyst-estimates"",""name"":""Analyst Estimates""}","[]","MATRIX","TOP700","0"
"0","{""id"":""analyst"",""name"":""Analyst""}","0.26","{""id"":""analyst7"",""name"":""Broker Estimates""}","1","2026-07-01","1","Standard deviation of the analyst estimates of gross margin in percent regarding the next 4 quarters, made in past 3 months","est_12m_grm_std_3mth_ago","2","GBR","{""id"":""analyst-analyst-estimates"",""name"":""Analyst Estimates""}","[]","MATRIX","TOP700","0"
"0","{""id"":""analyst"",""name"":""Analyst""}","0.2502","{""id"":""analyst7"",""name"":""Broker Estimates""}","1","2026-07-01","1","Standard deviation of the analyst estimate of gross margin in percent regarding the next 4 quarters, made in the past 4 weeks","est_12m_grm_std_4wks_ago","2","GBR","{""id"":""analyst-analyst-estimates"",""name"":""Analyst Estimates""}","[]","MATRIX","TOP700","0"
"0","{""id"":""analyst"",""name"":""Analyst""}","0.6324","{""id"":""analyst7"",""name"":""Broker Estimates""}","1","2026-07-01","1","Highest analyst estimate of net asset value regarding the next 4 quarters","est_12m_nav_high","2","GBR","{""id"":""analyst-analyst-estimates"",""name"":""Analyst Estimates""}","[]","MATRIX","TOP700","0"
"0","{""id"":""analyst"",""name"":""Analyst""}","0.6243","{""id"":""analyst7"",""name"":""Broker Estimates""}","1","2026-07-01","1","Highest analyst estimate of net asset value regarding the next 4 quarters, made in past 3 months","est_12m_nav_high_3mth_ago","2","GBR","{""id"":""analyst-analyst-estimates"",""name"":""Analyst Estimates""}","[]","MATRIX","TOP700","0"
"0","{""id"":""analyst"",""name"":""Analyst""}","0.6299","{""id"":""analyst7"",""name"":""Broker Estimates""}","1","2026-07-01","1","Highest analyst estimate of net asset value regarding the next 4 quarters, made in the past 4 weeks","est_12m_nav_high_4wks_ago","2","GBR","{""id"":""analyst-analyst-estimates"",""name"":""Analyst Estimates""}","[]","MATRIX","TOP700","0"
"0","{""id"":""analyst"",""name"":""Analyst""}","0.6324","{""id"":""analyst7"",""name"":""Broker Estimates""}","1","2026-07-01","1","Lowest analyst estimate of net asset value regarding the next 4 quarters","est_12m_nav_low","2","GBR","{""id"":""analyst-analyst-estimates"",""name"":""Analyst Estimates""}","[]","MATRIX","TOP700","0"
"0","{""id"":""analyst"",""name"":""Analyst""}","1","{""id"":""analyst7"",""name"":""Broker Estimates""}","1","2026-07-01","1","Count of unique IDs of industry participants. Industry stands for an aggregate view of all  equity clearance activity for the date, symbol, and transaction type in question.","est_12m_nav_lowerednum_1mth","2","GBR","{""id"":""analyst-analyst-estimates"",""name"":""Analyst Estimates""}","[]","MATRIX","TOP700","0"
"0","{""id"":""analyst"",""name"":""Analyst""}","1","{""id"":""analyst7"",""name"":""Broker Estimates""}","1","2026-07-01","1","Number of lowered analyst estimates of net asset value regarding the next 4 quarters, where old and new estimates were made in past 4 weeks","est_12m_nav_lowerednum_4wks","2","GBR","{""id"":""analyst-analyst-estimates"",""name"":""Analyst Estimates""}","[]","MATRIX","TOP700","0"
"0","{""id"":""analyst"",""name"":""Analyst""}","1","{""id"":""analyst7"",""name"":""Broker Estimates""}","1","2026-07-01","1","Count of unique IDs of industry participants. Industry stands for an aggregate view of all  equity clearance activity for the date, symbol, and transaction type in question.","est_12m_nav_lowered_1wk","2","GBR","{""id"":""analyst-analyst-estimates"",""name"":""Analyst Estimates""}","[]","MATRIX","TOP700","0"
"0","{""id"":""analyst"",""name"":""Analyst""}","0.6243","{""id"":""analyst7"",""name"":""Broker Estimates""}","1","2026-07-01","1","Lowest analyst estimate of net asset value regarding the next 4 quarters, made in the past 3 months","est_12m_nav_low_3mth_ago","2","GBR","{""id"":""analyst-analyst-estimates"",""name"":""Analyst Estimates""}","[]","MATRIX","TOP700","0"
"0","{""id"":""analyst"",""name"":""Analyst""}","0.6299","{""id"":""analyst7"",""name"":""Broker Estimates""}","1","2026-07-01","1","Lowest analyst estimate of net asset value regarding the next 4 quarters, made in the past 4 weeks","est_12m_nav_low_4wks_ago","2","GBR","{""id"":""analyst-analyst-estimates"",""name"":""Analyst Estimates""}","[]","MATRIX","TOP700","0"
"0","{""id"":""analyst"",""name"":""Analyst""}","0.6324","{""id"":""analyst7"",""name"":""Broker Estimates""}","1","2026-07-01","1","Mean analyst estimate of net asset value regarding the next 4 quarters","est_12m_nav_mean","2","GBR","{""id"":""analyst-analyst-estimates"",""name"":""Analyst Estimates""}","[]","MATRIX","TOP700","0"
"0","{""id"":""analyst"",""name"":""Analyst""}","0.6241","{""id"":""analyst7"",""name"":""Broker Estimates""}","1","2026-07-01","1","Mean analyst estimate of net asset value regarding the next 4 quarters, made in the last 28 days","est_12m_nav_mean_28d","2","GBR","{""id"":""analyst-analyst-estimates"",""name"":""Analyst Estimates""}","[]","MATRIX","TOP700","0"
"0","{""id"":""analyst"",""name"":""Analyst""}","0.6243","{""id"":""analyst7"",""name"":""Broker Estimates""}","1","2026-07-01","1","Mean analyst estimate of net asset value regarding the next 4 quarters, made in past 3 months","est_12m_nav_mean_3mth_ago","2","GBR","{""id"":""analyst-analyst-estimates"",""name"":""Analyst Estimates""}","[]","MATRIX","TOP700","0"
"0","{""id"":""analyst"",""name"":""Analyst""}","0.6299","{""id"":""analyst7"",""name"":""Broker Estimates""}","1","2026-07-01","1","Mean analyst estimate of net asset value regarding the next 4 quarters, made in the past 4 weeks","est_12m_nav_mean_4wks_ago","2","GBR","{""id"":""analyst-analyst-estimates"",""name"":""Analyst Estimates""}","[]","MATRIX","TOP700","0"
"0","{""id"":""analyst"",""name"":""Analyst""}","0.6324","{""id"":""analyst7"",""name"":""Broker Estimates""}","1","2026-07-01","1","Median analyst estimate of net asset value regarding the next 4 quarters","est_12m_nav_median","2","GBR","{""id"":""analyst-analyst-estimates"",""name"":""Analyst Estimates""}","[]","MATRIX","TOP700","0"
"0","{""id"":""analyst"",""name"":""Analyst""}","0.6243","{""id"":""analyst7"",""name"":""Broker Estimates""}","1","2026-07-01","1","Median analyst estimate of net asset value regarding the next 4 quarters, made in the past 3 months","est_12m_nav_median_3mth_ago","2","GBR","{""id"":""analyst-analyst-estimates"",""name"":""Analyst Estimates""}","[]","MATRIX","TOP700","0"
"0","{""id"":""analyst"",""name"":""Analyst""}","0.6299","{""id"":""analyst7"",""name"":""Broker Estimates""}","1","2026-07-01","1","Median analyst estimate of net asset value regarding the next 4 quarters, made in the past 4 weeks","est_12m_nav_median_4wks_ago","2","GBR","{""id"":""analyst-analyst-estimates"",""name"":""Analyst Estimates""}","[]","MATRIX","TOP700","0"
"0","{""id"":""analyst"",""name"":""Analyst""}","1","{""id"":""analyst7"",""name"":""Broker Estimates""}","1","2026-07-01","1","Number of analyst estimates of net asset value regarding the next 4 quarters","est_12m_nav_num","2","GBR","{""id"":""analyst-analyst-estimates"",""name"":""Analyst Estimates""}","[]","MATRIX","TOP700","0"
"0","{""id"":""analyst"",""name"":""Analyst""}","1","{""id"":""analyst7"",""name"":""Broker Estimates""}","1","2026-07-01","1","Number of analyst estimates of net asset value regarding the next 4 quarters, made in the last 28 days","est_12m_nav_num_28d","2","GBR","{""id"":""analyst-analyst-estimates"",""name"":""Analyst Estimates""}","[]","MATRIX","TOP700","0"
"0","{""id"":""analyst"",""name"":""Analyst""}","1","{""id"":""analyst7"",""name"":""Broker Estimates""}","1","2026-07-01","1","Number of analyst estimates of net asset value regarding the next 4 quarters, made in the past 3 months","est_12m_nav_num_3mth_ago","2","GBR","{""id"":""analyst-analyst-estimates"",""name"":""Analyst Estimates""}","[]","MATRIX","TOP700","0"
"0","{""id"":""analyst"",""name"":""Analyst""}","1","{""id"":""analyst7"",""name"":""Broker Estimates""}","1","2026-07-01","1","Number of analyst estimates of net asset value regarding the next 4 quarters, where old and new estimates were made in the past 4 weeks","est_12m_nav_num_4wks_ago","2","GBR","{""id"":""analyst-analyst-estimates"",""name"":""Analyst Estimates""}","[]","MATRIX","TOP700","0"
"0","{""id"":""analyst"",""name"":""Analyst""}","1","{""id"":""analyst7"",""name"":""Broker Estimates""}","1","2026-07-01","1","Number of raised analyst estimates of net asset value regarding the next 4 quarters, compared to the last monthly update","est_12m_nav_raisednum_1mth","2","GBR","{""id"":""analyst-analyst-estimates"",""name"":""Analyst Estimates""}","[]","MATRIX","TOP700","0"
"0","{""id"":""analyst"",""name"":""Analyst""}","1","{""id"":""analyst7"",""name"":""Broker Estimates""}","1","2026-07-01","1","Number of raised analyst estimates of net asset value regarding the next 4 quarters, where old and new estimates were made in past 4 weeks","est_12m_nav_raisednum_4wks","2","GBR","{""id"":""analyst-analyst-estimates"",""name"":""Analyst Estimates""}","[]","MATRIX","TOP700","0"
"0","{""id"":""analyst"",""name"":""Analyst""}","1","{""id"":""analyst7"",""name"":""Broker Estimates""}","1","2026-07-01","1","Number of raised analyst estimate of net asset value regarding the next 4 quarters, compared to last weekly update","est_12m_nav_raised_1wk","2","GBR","{""id"":""analyst-analyst-estimates"",""name"":""Analyst Estimates""}","[]","MATRIX","TOP700","0"
"0","{""id"":""analyst"",""name"":""Analyst""}","0.5413","{""id"":""analyst7"",""name"":""Broker Estimates""}","1","2026-07-01","1","Standard deviation of analyst estimates of net asset value regarding the next 4 quarters","est_12m_nav_std","2","GBR","{""id"":""analyst-analyst-estimates"",""name"":""Analyst Estimates""}","[]","MATRIX","TOP700","0"
"0","{""id"":""analyst"",""name"":""Analyst""}","0.4577","{""id"":""analyst7"",""name"":""Broker Estimates""}","1","2026-07-01","1","Standard deviation of the analyst estimate of net asset value regarding the next 4 quarters, made in the last 28 days","est_12m_nav_std_28d","2","GBR","{""id"":""analyst-analyst-estimates"",""name"":""Analyst Estimates""}","[]","MATRIX","TOP700","0"
"0","{""id"":""analyst"",""name"":""Analyst""}","0.5392","{""id"":""analyst7"",""name"":""Broker Estimates""}","1","2026-07-01","1","Standard deviation of the analyst estimates of net asset value regarding the next 4 quarters, made in the past 3 months","est_12m_nav_std_3mth_ago","2","GBR","{""id"":""analyst-analyst-estimates"",""name"":""Analyst Estimates""}","[]","MATRIX","TOP700","0"
"0","{""id"":""analyst"",""name"":""Analyst""}","0.5338","{""id"":""analyst7"",""name"":""Broker Estimates""}","1","2026-07-01","1","Standard deviation of the analyst estimate of net asset value regarding the next 4 quarters, made in the past 4 weeks","est_12m_nav_std_4wks_ago","2","GBR","{""id"":""analyst-analyst-estimates"",""name"":""Analyst Estimates""}","[]","MATRIX","TOP700","0"
"0","{""id"":""analyst"",""name"":""Analyst""}","0.6657","{""id"":""analyst7"",""name"":""Broker Estimates""}","1","2026-07-01","1","Highest analyst estimate of net income regarding the next 4 quarters","est_12m_net_high","2","GBR","{""id"":""analyst-analyst-estimates"",""name"":""Analyst Estimates""}","[]","MATRIX","TOP700","0"
"0","{""id"":""analyst"",""name"":""Analyst""}","0.6451","{""id"":""analyst7"",""name"":""Broker Estimates""}","1","2026-07-01","1","Highest analyst estimate of net income regarding the next 4 quarters, made in past 3 months","est_12m_net_high_3mth_ago","2","GBR","{""id"":""analyst-analyst-estimates"",""name"":""Analyst Estimates""}","[]","MATRIX","TOP700","0"
"0","{""id"":""analyst"",""name"":""Analyst""}","0.6501","{""id"":""analyst7"",""name"":""Broker Estimates""}","1","2026-07-01","1","Highest analyst estimate of net income regarding the next 4 quarters, made in the past 4 weeks","est_12m_net_high_4wks_ago","2","GBR","{""id"":""analyst-analyst-estimates"",""name"":""Analyst Estimates""}","[]","MATRIX","TOP700","0"
"0","{""id"":""analyst"",""name"":""Analyst""}","0.6657","{""id"":""analyst7"",""name"":""Broker Estimates""}","1","2026-07-01","1","Lowest analyst estimate of net income regarding the next 4 quarters","est_12m_net_low","2","GBR","{""id"":""analyst-analyst-estimates"",""name"":""Analyst Estimates""}","[]","MATRIX","TOP700","0"
"0","{""id"":""analyst"",""name"":""Analyst""}","1","{""id"":""analyst7"",""name"":""Broker Estimates""}","1","2026-07-01","1","Count of unique IDs of industry participants. Industry stands for an aggregate view of all  equity clearance activity for the date, symbol, and transaction type in question.","est_12m_net_lowerednum_1mth","2","GBR","{""id"":""analyst-analyst-estimates"",""name"":""Analyst Estimates""}","[]","MATRIX","TOP700","0"
"0","{""id"":""analyst"",""name"":""Analyst""}","1","{""id"":""analyst7"",""name"":""Broker Estimates""}","1","2026-07-01","1","Number of lowered analyst estimates of net income regarding the next 4 quarters, where old and new estimates were made in the past 4 weeks","est_12m_net_lowerednum_4wks","2","GBR","{""id"":""analyst-analyst-estimates"",""name"":""Analyst Estimates""}","[]","MATRIX","TOP700","0"
"0","{""id"":""analyst"",""name"":""Analyst""}","1","{""id"":""analyst7"",""name"":""Broker Estimates""}","1","2026-07-01","1","Count of unique IDs of industry participants. Industry stands for an aggregate view of all  equity clearance activity for the date, symbol, and transaction type in question.","est_12m_net_lowered_1wk","2","GBR","{""id"":""analyst-analyst-estimates"",""name"":""Analyst Estimates""}","[]","MATRIX","TOP700","0"
"0","{""id"":""analyst"",""name"":""Analyst""}","0.6451","{""id"":""analyst7"",""name"":""Broker Estimates""}","1","2026-07-01","1","Lowest analyst estimate of net income regarding the next 4 quarters, made in the past 3 months","est_12m_net_low_3mth_ago","2","GBR","{""id"":""analyst-analyst-estimates"",""name"":""Analyst Estimates""}","[]","MATRIX","TOP700","0"
"0","{""id"":""analyst"",""name"":""Analyst""}","0.6501","{""id"":""analyst7"",""name"":""Broker Estimates""}","1","2026-07-01","1","Lowest analyst estimate of net income regarding the next 4 quarters, made in the past 4 weeks","est_12m_net_low_4wks_ago","2","GBR","{""id"":""analyst-analyst-estimates"",""name"":""Analyst Estimates""}","[]","MATRIX","TOP700","0"
"0","{""id"":""analyst"",""name"":""Analyst""}","0.6657","{""id"":""analyst7"",""name"":""Broker Estimates""}","1","2026-07-01","1","Mean analyst estimate of net income regarding the next 4 quarters","est_12m_net_mean","2","GBR","{""id"":""analyst-analyst-estimates"",""name"":""Analyst Estimates""}","[]","MATRIX","TOP700","0"
"0","{""id"":""analyst"",""name"":""Analyst""}","0.6446","{""id"":""analyst7"",""name"":""Broker Estimates""}","1","2026-07-01","1","Mean analyst estimate of net income regarding the next 4 quarters, made in the last 28 days","est_12m_net_mean_28d","2","GBR","{""id"":""analyst-analyst-estimates"",""name"":""Analyst Estimates""}","[]","MATRIX","TOP700","0"
"0","{""id"":""analyst"",""name"":""Analyst""}","0.6451","{""id"":""analyst7"",""name"":""Broker Estimates""}","1","2026-07-01","1","Mean analyst estimate of net income regarding the next 4 quarters, made in the past 3 months","est_12m_net_mean_3mth_ago","2","GBR","{""id"":""analyst-analyst-estimates"",""name"":""Analyst Estimates""}","[]","MATRIX","TOP700","0"
"0","{""id"":""analyst"",""name"":""Analyst""}","0.6501","{""id"":""analyst7"",""name"":""Broker Estimates""}","1","2026-07-01","1","Mean analyst estimate of net income regarding the next 4 quarters, made in past 4 weeks","est_12m_net_mean_4wks_ago","2","GBR","{""id"":""analyst-analyst-estimates"",""name"":""Analyst Estimates""}","[]","MATRIX","TOP700","0"
"0","{""id"":""analyst"",""name"":""Analyst""}","0.6657","{""id"":""analyst7"",""name"":""Broker Estimates""}","1","2026-07-01","1","Median analyst estimate of net income regarding the next 4 quarters","est_12m_net_median","2","GBR","{""id"":""analyst-analyst-estimates"",""name"":""Analyst Estimates""}","[]","MATRIX","TOP700","0"
"0","{""id"":""analyst"",""name"":""Analyst""}","0.6451","{""id"":""analyst7"",""name"":""Broker Estimates""}","1","2026-07-01","1","Median analyst estimate of net income regarding the next 4 quarters, made in the past 3 months","est_12m_net_median_3mth_ago","2","GBR","{""id"":""analyst-analyst-estimates"",""name"":""Analyst Estimates""}","[]","MATRIX","TOP700","0"
"0","{""id"":""analyst"",""name"":""Analyst""}","0.6501","{""id"":""analyst7"",""name"":""Broker Estimates""}","1","2026-07-01","1","Median analyst estimate of net income regarding the next 4 quarters, made in the past 4 weeks","est_12m_net_median_4wks_ago","2","GBR","{""id"":""analyst-analyst-estimates"",""name"":""Analyst Estimates""}","[]","MATRIX","TOP700","0"
"0","{""id"":""analyst"",""name"":""Analyst""}","1","{""id"":""analyst7"",""name"":""Broker Estimates""}","1","2026-07-01","1","Number of analyst estimates of net income regarding the next 4 quarters","est_12m_net_num","2","GBR","{""id"":""analyst-analyst-estimates"",""name"":""Analyst Estimates""}","[]","MATRIX","TOP700","0"
"0","{""id"":""analyst"",""name"":""Analyst""}","1","{""id"":""analyst7"",""name"":""Broker Estimates""}","1","2026-07-01","1","Number of analyst estimates of net income regarding the next 4 quarters, made in the last 28 days","est_12m_net_num_28d","2","GBR","{""id"":""analyst-analyst-estimates"",""name"":""Analyst Estimates""}","[]","MATRIX","TOP700","0"
"0","{""id"":""analyst"",""name"":""Analyst""}","1","{""id"":""analyst7"",""name"":""Broker Estimates""}","1","2026-07-01","1","Number of analyst estimates of net income regarding the next 4 quarters, made in the past 3 months","est_12m_net_num_3mth_ago","2","GBR","{""id"":""analyst-analyst-estimates"",""name"":""Analyst Estimates""}","[]","MATRIX","TOP700","0"
"0","{""id"":""analyst"",""name"":""Analyst""}","1","{""id"":""analyst7"",""name"":""Broker Estimates""}","1","2026-07-01","1","Number of analyst estimates of net income regarding the next 4 quarters, where old and new estimates were made in the past 4 weeks","est_12m_net_num_4wks_ago","2","GBR","{""id"":""analyst-analyst-estimates"",""name"":""Analyst Estimates""}","[]","MATRIX","TOP700","0"
"0","{""id"":""analyst"",""name"":""Analyst""}","1","{""id"":""analyst7"",""name"":""Broker Estimates""}","1","2026-07-01","1","Number of raised analyst estimates of net income regarding the next 4 quarters, compared to the last monthly update","est_12m_net_raisednum_1mth","2","GBR","{""id"":""analyst-analyst-estimates"",""name"":""Analyst Estimates""}","[]","MATRIX","TOP700","0"
"0","{""id"":""analyst"",""name"":""Analyst""}","1","{""id"":""analyst7"",""name"":""Broker Estimates""}","1","2026-07-01","1","Number of raised analyst estimates of net income regarding the next 4 quarters, where old and new estimates were made in past 4 weeks","est_12m_net_raisednum_4wks","2","GBR","{""id"":""analyst-analyst-estimates"",""name"":""Analyst Estimates""}","[]","MATRIX","TOP700","0"
"0","{""id"":""analyst"",""name"":""Analyst""}","1","{""id"":""analyst7"",""name"":""Broker Estimates""}","1","2026-07-01","1","Number of raised analyst estimates of net income regarding the next 4 quarters, compared to the last weekly update","est_12m_net_raised_1wk","2","GBR","{""id"":""analyst-analyst-estimates"",""name"":""Analyst Estimates""}","[]","MATRIX","TOP700","0"
"0","{""id"":""analyst"",""name"":""Analyst""}","0.5948","{""id"":""analyst7"",""name"":""Broker Estimates""}","1","2026-07-01","1","Standard deviation of analyst estimate of net income regarding the next 4 quarters","est_12m_net_std","2","GBR","{""id"":""analyst-analyst-estimates"",""name"":""Analyst Estimates""}","[]","MATRIX","TOP700","0"
"0","{""id"":""analyst"",""name"":""Analyst""}","0.5144","{""id"":""analyst7"",""name"":""Broker Estimates""}","1","2026-07-01","1","Standard deviation of the analyst estimate of net income regarding the next 4 quarters, made in the last 28 days","est_12m_net_std_28d","2","GBR","{""id"":""analyst-analyst-estimates"",""name"":""Analyst Estimates""}","[]","MATRIX","TOP700","0"
"0","{""id"":""analyst"",""name"":""Analyst""}","0.5802","{""id"":""analyst7"",""name"":""Broker Estimates""}","1","2026-07-01","1","Standard deviation of the analyst estimate of net income regarding the next 4 quarters, made in the past 3 months","est_12m_net_std_3mth_ago","2","GBR","{""id"":""analyst-analyst-estimates"",""name"":""Analyst Estimates""}","[]","MATRIX","TOP700","0"
"0","{""id"":""analyst"",""name"":""Analyst""}","0.5785","{""id"":""analyst7"",""name"":""Broker Estimates""}","1","2026-07-01","1","Standard deviation of the analyst estimate of net income regarding the next 4 quarters, made in the past 4 weeks","est_12m_net_std_4wks_ago","2","GBR","{""id"":""analyst-analyst-estimates"",""name"":""Analyst Estimates""}","[]","MATRIX","TOP700","0"
"0","{""id"":""analyst"",""name"":""Analyst""}","0.5902","{""id"":""analyst7"",""name"":""Broker Estimates""}","1","2026-07-01","1","Highest analyst estimate of operating profit regarding the next 4 quarters","est_12m_opr_high","2","GBR","{""id"":""analyst-analyst-estimates"",""name"":""Analyst Estimates""}","[]","MATRIX","TOP700","0"
"0","{""id"":""analyst"",""name"":""Analyst""}","0.4632","{""id"":""analyst7"",""name"":""Broker Estimates""}","1","2026-07-01","1","Highest analyst estimate of operating profit regarding the next 4 quarters, made in the past 3 months","est_12m_opr_high_3mth_ago","2","GBR","{""id"":""analyst-analyst-estimates"",""name"":""Analyst Estimates""}","[]","MATRIX","TOP700","0"
"0","{""id"":""analyst"",""name"":""Analyst""}","0.4792","{""id"":""analyst7"",""name"":""Broker Estimates""}","1","2026-07-01","1","Highest analyst estimate of operating profit regarding the next 4 quarters, made in the past 4 weeks","est_12m_opr_high_4wks_ago","2","GBR","{""id"":""analyst-analyst-estimates"",""name"":""Analyst Estimates""}","[]","MATRIX","TOP700","0"
"0","{""id"":""analyst"",""name"":""Analyst""}","0.5902","{""id"":""analyst7"",""name"":""Broker Estimates""}","1","2026-07-01","1","Lowest analyst estimate of operating profit regarding the next 4 quarters","est_12m_opr_low","2","GBR","{""id"":""analyst-analyst-estimates"",""name"":""Analyst Estimates""}","[]","MATRIX","TOP700","0"
"0","{""id"":""analyst"",""name"":""Analyst""}","1","{""id"":""analyst7"",""name"":""Broker Estimates""}","1","2026-07-01","1","Count of unique IDs of industry participants. Industry stands for an aggregate view of all  equity clearance activity for the date, symbol, and transaction type in question.","est_12m_opr_lowerednum_1mth","2","GBR","{""id"":""analyst-analyst-estimates"",""name"":""Analyst Estimates""}","[]","MATRIX","TOP700","0"
"0","{""id"":""analyst"",""name"":""Analyst""}","1","{""id"":""analyst7"",""name"":""Broker Estimates""}","1","2026-07-01","1","Number of lowered analyst estimates of operating profit regarding the next 4 quarters, where old and new estimates were made in the past 4 weeks","est_12m_opr_lowerednum_4wks","2","GBR","{""id"":""analyst-analyst-estimates"",""name"":""Analyst Estimates""}","[]","MATRIX","TOP700","0"
"0","{""id"":""analyst"",""name"":""Analyst""}","1","{""id"":""analyst7"",""name"":""Broker Estimates""}","1","2026-07-01","1","Count of unique IDs of industry participants. Industry stands for an aggregate view of all  equity clearance activity for the date, symbol, and transaction type in question.","est_12m_opr_lowered_1wk","2","GBR","{""id"":""analyst-analyst-estimates"",""name"":""Analyst Estimates""}","[]","MATRIX","TOP700","0"
"0","{""id"":""analyst"",""name"":""Analyst""}","0.4632","{""id"":""analyst7"",""name"":""Broker Estimates""}","1","2026-07-01","1","Lowest analyst estimate of operating profit regarding the next 4 quarters, made in past 3 months","est_12m_opr_low_3mth_ago","2","GBR","{""id"":""analyst-analyst-estimates"",""name"":""Analyst Estimates""}","[]","MATRIX","TOP700","0"
"0","{""id"":""analyst"",""name"":""Analyst""}","0.4792","{""id"":""analyst7"",""name"":""Broker Estimates""}","1","2026-07-01","1","Lowest analyst estimate of operating profit regarding the next 4 quarters, made in past 4 weeks","est_12m_opr_low_4wks_ago","2","GBR","{""id"":""analyst-analyst-estimates"",""name"":""Analyst Estimates""}","[]","MATRIX","TOP700","0"
"0","{""id"":""analyst"",""name"":""Analyst""}","0.5902","{""id"":""analyst7"",""name"":""Broker Estimates""}","1","2026-07-01","1","Mean analyst estimate of operating profit regarding the next 4 quarters","est_12m_opr_mean","2","GBR","{""id"":""analyst-analyst-estimates"",""name"":""Analyst Estimates""}","[]","MATRIX","TOP700","0"
"0","{""id"":""analyst"",""name"":""Analyst""}","0.4526","{""id"":""analyst7"",""name"":""Broker Estimates""}","1","2026-07-01","1","Mean analyst estimate of operating profit regarding the next 4 quarters, made in the last 28 days","est_12m_opr_mean_28d","2","GBR","{""id"":""analyst-analyst-estimates"",""name"":""Analyst Estimates""}","[]","MATRIX","TOP700","0"
"0","{""id"":""analyst"",""name"":""Analyst""}","0.4632","{""id"":""analyst7"",""name"":""Broker Estimates""}","1","2026-07-01","1","Mean analyst estimate of operating profit regarding the next 4 quarters, made in past 3 months","est_12m_opr_mean_3mth_ago","2","GBR","{""id"":""analyst-analyst-estimates"",""name"":""Analyst Estimates""}","[]","MATRIX","TOP700","0"
"0","{""id"":""analyst"",""name"":""Analyst""}","0.4792","{""id"":""analyst7"",""name"":""Broker Estimates""}","1","2026-07-01","1","Mean analyst estimate of operating profit regarding the next 4 quarters, made in the past 4 weeks","est_12m_opr_mean_4wks_ago","2","GBR","{""id"":""analyst-analyst-estimates"",""name"":""Analyst Estimates""}","[]","MATRIX","TOP700","0"
"0","{""id"":""analyst"",""name"":""Analyst""}","0.5902","{""id"":""analyst7"",""name"":""Broker Estimates""}","1","2026-07-01","1","Median analyst estimate of operating profit regarding the next 4 quarters","est_12m_opr_median","2","GBR","{""id"":""analyst-analyst-estimates"",""name"":""Analyst Estimates""}","[]","MATRIX","TOP700","0"
"0","{""id"":""analyst"",""name"":""Analyst""}","0.4632","{""id"":""analyst7"",""name"":""Broker Estimates""}","1","2026-07-01","1","Median analyst estimate of operating profit regarding the next 4 quarters, made in the past 3 months","est_12m_opr_median_3mth_ago","2","GBR","{""id"":""analyst-analyst-estimates"",""name"":""Analyst Estimates""}","[]","MATRIX","TOP700","0"
"0","{""id"":""analyst"",""name"":""Analyst""}","0.4792","{""id"":""analyst7"",""name"":""Broker Estimates""}","1","2026-07-01","1","Median analyst estimate of operating profit regarding the next 4 quarters, made in the past 4 weeks","est_12m_opr_median_4wks_ago","2","GBR","{""id"":""analyst-analyst-estimates"",""name"":""Analyst Estimates""}","[]","MATRIX","TOP700","0"
"0","{""id"":""analyst"",""name"":""Analyst""}","1","{""id"":""analyst7"",""name"":""Broker Estimates""}","1","2026-07-01","1","Number of analyst estimates of operating profit regarding the next 4 quarters","est_12m_opr_num","2","GBR","{""id"":""analyst-analyst-estimates"",""name"":""Analyst Estimates""}","[]","MATRIX","TOP700","0"
"0","{""id"":""analyst"",""name"":""Analyst""}","1","{""id"":""analyst7"",""name"":""Broker Estimates""}","1","2026-07-01","1","Number of analyst estimates of operating profit regarding the next 4 quarters, made in the last 28 days","est_12m_opr_num_28d","2","GBR","{""id"":""analyst-analyst-estimates"",""name"":""Analyst Estimates""}","[]","MATRIX","TOP700","0"
"0","{""id"":""analyst"",""name"":""Analyst""}","1","{""id"":""analyst7"",""name"":""Broker Estimates""}","1","2026-07-01","1","Number of analyst estimates of operating profit regarding the next 4 quarters, made in the past 3 months","est_12m_opr_num_3mth_ago","2","GBR","{""id"":""analyst-analyst-estimates"",""name"":""Analyst Estimates""}","[]","MATRIX","TOP700","0"
"0","{""id"":""analyst"",""name"":""Analyst""}","1","{""id"":""analyst7"",""name"":""Broker Estimates""}","1","2026-07-01","1","Number of analyst estimates of operating profit regarding the next 4 quarters, where old and new estimates were made in the past 4 weeks","est_12m_opr_num_4wks_ago","2","GBR","{""id"":""analyst-analyst-estimates"",""name"":""Analyst Estimates""}","[]","MATRIX","TOP700","0"
"0","{""id"":""analyst"",""name"":""Analyst""}","1","{""id"":""analyst7"",""name"":""Broker Estimates""}","1","2026-07-01","1","Number of raised analyst estimates of operating profit regarding the next 4 quarters, compared to the last monthly update","est_12m_opr_raisednum_1mth","2","GBR","{""id"":""analyst-analyst-estimates"",""name"":""Analyst Estimates""}","[]","MATRIX","TOP700","0"
"0","{""id"":""analyst"",""name"":""Analyst""}","1","{""id"":""analyst7"",""name"":""Broker Estimates""}","1","2026-07-01","1","Number of raised analyst estimates of operating profit regarding the next 4 quarters, where old and new estimates were made in the past 4 weeks","est_12m_opr_raisednum_4wks","2","GBR","{""id"":""analyst-analyst-estimates"",""name"":""Analyst Estimates""}","[]","MATRIX","TOP700","0"
"0","{""id"":""analyst"",""name"":""Analyst""}","1","{""id"":""analyst7"",""name"":""Broker Estimates""}","1","2026-07-01","1","Number of raised analyst estimates of operating profit regarding the next 4 quarters, compared to the last weekly update","est_12m_opr_raised_1wk","2","GBR","{""id"":""analyst-analyst-estimates"",""name"":""Analyst Estimates""}","[]","MATRIX","TOP700","0"
"0","{""id"":""analyst"",""name"":""Analyst""}","0.2858","{""id"":""analyst7"",""name"":""Broker Estimates""}","1","2026-07-01","1","Standard deviation of analyst estimates of operating profit regarding the next 4 quarters","est_12m_opr_std","2","GBR","{""id"":""analyst-analyst-estimates"",""name"":""Analyst Estimates""}","[]","MATRIX","TOP700","0"
"0","{""id"":""analyst"",""name"":""Analyst""}","0.1708","{""id"":""analyst7"",""name"":""Broker Estimates""}","1","2026-07-01","1","Standard deviation of the analyst estimate of operating profit regarding the next 4 quarters, made in the last 28 days","est_12m_opr_std_28d","2","GBR","{""id"":""analyst-analyst-estimates"",""name"":""Analyst Estimates""}","[]","MATRIX","TOP700","0"
"0","{""id"":""analyst"",""name"":""Analyst""}","0.2726","{""id"":""analyst7"",""name"":""Broker Estimates""}","1","2026-07-01","1","Standard deviation of the analyst estimates of operating profit regarding the next 4 quarters, made in past 3 months","est_12m_opr_std_3mth_ago","2","GBR","{""id"":""analyst-analyst-estimates"",""name"":""Analyst Estimates""}","[]","MATRIX","TOP700","0"
"0","{""id"":""analyst"",""name"":""Analyst""}","0.2561","{""id"":""analyst7"",""name"":""Broker Estimates""}","1","2026-07-01","1","Standard deviation of the analyst estimate of operating profit regarding the next 4 quarters, made in past 4 weeks","est_12m_opr_std_4wks_ago","2","GBR","{""id"":""analyst-analyst-estimates"",""name"":""Analyst Estimates""}","[]","MATRIX","TOP700","0"
"0","{""id"":""analyst"",""name"":""Analyst""}","0.6875","{""id"":""analyst7"",""name"":""Broker Estimates""}","1","2026-07-01","1","Highest analyst estimate of pre-tax profit regarding the next 4 quarters","est_12m_pre_high","2","GBR","{""id"":""analyst-analyst-estimates"",""name"":""Analyst Estimates""}","[]","MATRIX","TOP700","0"
"0","{""id"":""analyst"",""name"":""Analyst""}","0.6678","{""id"":""analyst7"",""name"":""Broker Estimates""}","1","2026-07-01","1","Highest analyst estimate of pre-tax profit regarding the next 4 quarters, made in the past 3 months","est_12m_pre_high_3mth_ago","2","GBR","{""id"":""analyst-analyst-estimates"",""name"":""Analyst Estimates""}","[]","MATRIX","TOP700","0"
"0","{""id"":""analyst"",""name"":""Analyst""}","0.6708","{""id"":""analyst7"",""name"":""Broker Estimates""}","1","2026-07-01","1","Highest analyst estimate of pre-tax profit regarding the next 4 quarters, made in past 4 weeks","est_12m_pre_high_4wks_ago","2","GBR","{""id"":""analyst-analyst-estimates"",""name"":""Analyst Estimates""}","[]","MATRIX","TOP700","0"
"0","{""id"":""analyst"",""name"":""Analyst""}","0.6875","{""id"":""analyst7"",""name"":""Broker Estimates""}","1","2026-07-01","1","Lowest analyst estimate of pre-tax profit regarding the next 4 quarters","est_12m_pre_low","2","GBR","{""id"":""analyst-analyst-estimates"",""name"":""Analyst Estimates""}","[]","MATRIX","TOP700","0"
"0","{""id"":""analyst"",""name"":""Analyst""}","1","{""id"":""analyst7"",""name"":""Broker Estimates""}","1","2026-07-01","1","Count of unique IDs of industry participants. Industry stands for an aggregate view of all  equity clearance activity for the date, symbol, and transaction type in question.","est_12m_pre_lowerednum_1mth","2","GBR","{""id"":""analyst-analyst-estimates"",""name"":""Analyst Estimates""}","[]","MATRIX","TOP700","0"
"0","{""id"":""analyst"",""name"":""Analyst""}","1","{""id"":""analyst7"",""name"":""Broker Estimates""}","1","2026-07-01","1","Number of lowered analyst estimates of pre-tax profit regarding the next 4 quarters, where old and new estimates were made in the past 4 weeks","est_12m_pre_lowerednum_4wks","2","GBR","{""id"":""analyst-analyst-estimates"",""name"":""Analyst Estimates""}","[]","MATRIX","TOP700","0"
"0","{""id"":""analyst"",""name"":""Analyst""}","1","{""id"":""analyst7"",""name"":""Broker Estimates""}","1","2026-07-01","1","Count of unique IDs of industry participants. Industry stands for an aggregate view of all  equity clearance activity for the date, symbol, and transaction type in question.","est_12m_pre_lowered_1wk","2","GBR","{""id"":""analyst-analyst-estimates"",""name"":""Analyst Estimates""}","[]","MATRIX","TOP700","0"
"0","{""id"":""analyst"",""name"":""Analyst""}","0.6678","{""id"":""analyst7"",""name"":""Broker Estimates""}","1","2026-07-01","1","Lowest analyst estimate of pre-tax profit regarding the next 4 quarters, made in the past 3 months","est_12m_pre_low_3mth_ago","2","GBR","{""id"":""analyst-analyst-estimates"",""name"":""Analyst Estimates""}","[]","MATRIX","TOP700","0"
"0","{""id"":""analyst"",""name"":""Analyst""}","0.6708","{""id"":""analyst7"",""name"":""Broker Estimates""}","1","2026-07-01","1","Lowest analyst estimate of pre-tax profit regarding the next 4 quarters, made in the past 4 weeks","est_12m_pre_low_4wks_ago","2","GBR","{""id"":""analyst-analyst-estimates"",""name"":""Analyst Estimates""}","[]","MATRIX","TOP700","0"
"0","{""id"":""analyst"",""name"":""Analyst""}","0.6875","{""id"":""analyst7"",""name"":""Broker Estimates""}","1","2026-07-01","1","Mean analyst estimate of pre-tax profit regarding the next 4 quarters","est_12m_pre_mean","2","GBR","{""id"":""analyst-analyst-estimates"",""name"":""Analyst Estimates""}","[]","MATRIX","TOP700","0"
"0","{""id"":""analyst"",""name"":""Analyst""}","0.6628","{""id"":""analyst7"",""name"":""Broker Estimates""}","1","2026-07-01","1","Mean analyst estimate of pre-tax profit regarding the next 4 quarters, made in the last 28 days","est_12m_pre_mean_28d","2","GBR","{""id"":""analyst-analyst-estimates"",""name"":""Analyst Estimates""}","[]","MATRIX","TOP700","0"
"0","{""id"":""analyst"",""name"":""Analyst""}","0.6678","{""id"":""analyst7"",""name"":""Broker Estimates""}","1","2026-07-01","1","Mean analyst estimate of pre-tax profit regarding the next 4 quarters, made in the past 3 months","est_12m_pre_mean_3mth_ago","2","GBR","{""id"":""analyst-analyst-estimates"",""name"":""Analyst Estimates""}","[]","MATRIX","TOP700","0"
"0","{""id"":""analyst"",""name"":""Analyst""}","0.6708","{""id"":""analyst7"",""name"":""Broker Estimates""}","1","2026-07-01","1","Mean analyst estimate of pre-tax profit regarding the next 4 quarters, made in the past 4 weeks","est_12m_pre_mean_4wks_ago","2","GBR","{""id"":""analyst-analyst-estimates"",""name"":""Analyst Estimates""}","[]","MATRIX","TOP700","0"
"0","{""id"":""analyst"",""name"":""Analyst""}","0.6875","{""id"":""analyst7"",""name"":""Broker Estimates""}","1","2026-07-01","1","Median analyst estimate of pre-tax profit regarding the next 4 quarters","est_12m_pre_median","2","GBR","{""id"":""analyst-analyst-estimates"",""name"":""Analyst Estimates""}","[]","MATRIX","TOP700","0"
"0","{""id"":""analyst"",""name"":""Analyst""}","0.6678","{""id"":""analyst7"",""name"":""Broker Estimates""}","1","2026-07-01","1","Median analyst estimate of pre-tax profit regarding the next 4 quarters, made in the past 3 months","est_12m_pre_median_3mth_ago","2","GBR","{""id"":""analyst-analyst-estimates"",""name"":""Analyst Estimates""}","[]","MATRIX","TOP700","0"
"0","{""id"":""analyst"",""name"":""Analyst""}","0.6708","{""id"":""analyst7"",""name"":""Broker Estimates""}","1","2026-07-01","1","Median analyst estimate of pre-tax profit regarding the next 4 quarters, made in the past 4 weeks","est_12m_pre_median_4wks_ago","2","GBR","{""id"":""analyst-analyst-estimates"",""name"":""Analyst Estimates""}","[]","MATRIX","TOP700","0"
"0","{""id"":""analyst"",""name"":""Analyst""}","1","{""id"":""analyst7"",""name"":""Broker Estimates""}","1","2026-07-01","1","Number of analyst estimates of pre-tax profit regarding the next 4 quarters","est_12m_pre_num","2","GBR","{""id"":""analyst-analyst-estimates"",""name"":""Analyst Estimates""}","[]","MATRIX","TOP700","0"
"0","{""id"":""analyst"",""name"":""Analyst""}","1","{""id"":""analyst7"",""name"":""Broker Estimates""}","1","2026-07-01","1","Number of analyst estimates of pre-tax profit regarding the next 4 quarters, made in the last 28 days","est_12m_pre_num_28d","2","GBR","{""id"":""analyst-analyst-estimates"",""name"":""Analyst Estimates""}","[]","MATRIX","TOP700","0"
"0","{""id"":""analyst"",""name"":""Analyst""}","1","{""id"":""analyst7"",""name"":""Broker Estimates""}","1","2026-07-01","1","Number of analyst estimates of pre-tax profit regarding the next 4 quarters, made in the past 3 months","est_12m_pre_num_3mth_ago","2","GBR","{""id"":""analyst-analyst-estimates"",""name"":""Analyst Estimates""}","[]","MATRIX","TOP700","0"
"0","{""id"":""analyst"",""name"":""Analyst""}","1","{""id"":""analyst7"",""name"":""Broker Estimates""}","1","2026-07-01","1","Number of analyst estimates of pre-tax profit regarding the next 4 quarters, where old and new estimates were made in the past 4 weeks","est_12m_pre_num_4wks_ago","2","GBR","{""id"":""analyst-analyst-estimates"",""name"":""Analyst Estimates""}","[]","MATRIX","TOP700","0"
"0","{""id"":""analyst"",""name"":""Analyst""}","1","{""id"":""analyst7"",""name"":""Broker Estimates""}","1","2026-07-01","1","Number of raised analyst estimates of pre-tax profit regarding the next 4 quarters, compared to the last monthly update","est_12m_pre_raisednum_1mth","2","GBR","{""id"":""analyst-analyst-estimates"",""name"":""Analyst Estimates""}","[]","MATRIX","TOP700","0"
"0","{""id"":""analyst"",""name"":""Analyst""}","1","{""id"":""analyst7"",""name"":""Broker Estimates""}","1","2026-07-01","1","Number of raised analyst estimates of pre-tax profit regarding the next 4 quarters, where old and new estimates were made in the past 4 weeks","est_12m_pre_raisednum_4wks","2","GBR","{""id"":""analyst-analyst-estimates"",""name"":""Analyst Estimates""}","[]","MATRIX","TOP700","0"
"0","{""id"":""analyst"",""name"":""Analyst""}","1","{""id"":""analyst7"",""name"":""Broker Estimates""}","1","2026-07-01","1","Number of raised analyst estimates of pre-tax profit regarding the next 4 quarters, compared to last weekly update","est_12m_pre_raised_1wk","2","GBR","{""id"":""analyst-analyst-estimates"",""name"":""Analyst Estimates""}","[]","MATRIX","TOP700","0"
"0","{""id"":""analyst"",""name"":""Analyst""}","0.6511","{""id"":""analyst7"",""name"":""Broker Estimates""}","1","2026-07-01","1","Standard deviation of analyst estimates of pre-tax profit regarding the next 4 quarters","est_12m_pre_std","2","GBR","{""id"":""analyst-analyst-estimates"",""name"":""Analyst Estimates""}","[]","MATRIX","TOP700","0"
"0","{""id"":""analyst"",""name"":""Analyst""}","0.573","{""id"":""analyst7"",""name"":""Broker Estimates""}","1","2026-07-01","1","Standard deviation of the analyst estimate of pre-tax profit regarding the next 4 quarters, made in the last 28 days","est_12m_pre_std_28d","2","GBR","{""id"":""analyst-analyst-estimates"",""name"":""Analyst Estimates""}","[]","MATRIX","TOP700","0"
"0","{""id"":""analyst"",""name"":""Analyst""}","0.6286","{""id"":""analyst7"",""name"":""Broker Estimates""}","1","2026-07-01","1","Standard deviation of the analyst estimate of pre-tax profit regarding the next 4 quarters, made in the past 3 months","est_12m_pre_std_3mth_ago","2","GBR","{""id"":""analyst-analyst-estimates"",""name"":""Analyst Estimates""}","[]","MATRIX","TOP700","0"
"0","{""id"":""analyst"",""name"":""Analyst""}","0.6309","{""id"":""analyst7"",""name"":""Broker Estimates""}","1","2026-07-01","1","Standard deviation of the analyst estimate of pre-tax profit regarding the next 4 quarters, made in past 4 weeks","est_12m_pre_std_4wks_ago","2","GBR","{""id"":""analyst-analyst-estimates"",""name"":""Analyst Estimates""}","[]","MATRIX","TOP700","0"
"0","{""id"":""analyst"",""name"":""Analyst""}","0.4064","{""id"":""analyst7"",""name"":""Broker Estimates""}","1","2026-07-01","1","Highest analyst estimate of return on assets in percent regarding the next 4 quarters","est_12m_roa_high","2","GBR","{""id"":""analyst-analyst-estimates"",""name"":""Analyst Estimates""}","[]","MATRIX","TOP700","0"
"0","{""id"":""analyst"",""name"":""Analyst""}","0.4083","{""id"":""analyst7"",""name"":""Broker Estimates""}","1","2026-07-01","1","Highest analyst estimate of return on assets in percent regarding the next 4 quarters, made in the past 3 months","est_12m_roa_high_3mth_ago","2","GBR","{""id"":""analyst-analyst-estimates"",""name"":""Analyst Estimates""}","[]","MATRIX","TOP700","0"
"0","{""id"":""analyst"",""name"":""Analyst""}","0.4131","{""id"":""analyst7"",""name"":""Broker Estimates""}","1","2026-07-01","1","Highest analyst estimate of return on assets in percent regarding the next 4 quarters, made in the past 4 weeks","est_12m_roa_high_4wks_ago","2","GBR","{""id"":""analyst-analyst-estimates"",""name"":""Analyst Estimates""}","[]","MATRIX","TOP700","0"
"0","{""id"":""analyst"",""name"":""Analyst""}","0.4064","{""id"":""analyst7"",""name"":""Broker Estimates""}","1","2026-07-01","1","Lowest analyst estimate of return on assets in percent regarding the next 4 quarters","est_12m_roa_low","2","GBR","{""id"":""analyst-analyst-estimates"",""name"":""Analyst Estimates""}","[]","MATRIX","TOP700","0"
"0","{""id"":""analyst"",""name"":""Analyst""}","1","{""id"":""analyst7"",""name"":""Broker Estimates""}","1","2026-07-01","1","Count of unique IDs of industry participants. Industry stands for an aggregate view of all  equity clearance activity for the date, symbol, and transaction type in question.","est_12m_roa_lowerednum_1mth","2","GBR","{""id"":""analyst-analyst-estimates"",""name"":""Analyst Estimates""}","[]","MATRIX","TOP700","0"
"0","{""id"":""analyst"",""name"":""Analyst""}","1","{""id"":""analyst7"",""name"":""Broker Estimates""}","1","2026-07-01","1","Number of lowered analyst estimates of return on assets in percent regarding the next 4 quarters, where old and new estimates were made in the past 4 weeks","est_12m_roa_lowerednum_4wks","2","GBR","{""id"":""analyst-analyst-estimates"",""name"":""Analyst Estimates""}","[]","MATRIX","TOP700","0"
"0","{""id"":""analyst"",""name"":""Analyst""}","1","{""id"":""analyst7"",""name"":""Broker Estimates""}","1","2026-07-01","1","Count of unique IDs of industry participants. Industry stands for an aggregate view of all  equity clearance activity for the date, symbol, and transaction type in question.","est_12m_roa_lowered_1wk","2","GBR","{""id"":""analyst-analyst-estimates"",""name"":""Analyst Estimates""}","[]","MATRIX","TOP700","0"
"0","{""id"":""analyst"",""name"":""Analyst""}","0.4083","{""id"":""analyst7"",""name"":""Broker Estimates""}","1","2026-07-01","1","Lowest analyst estimate of return on assets in percent regarding the next 4 quarters, made in the past 3 months","est_12m_roa_low_3mth_ago","2","GBR","{""id"":""analyst-analyst-estimates"",""name"":""Analyst Estimates""}","[]","MATRIX","TOP700","0"
"0","{""id"":""analyst"",""name"":""Analyst""}","0.4131","{""id"":""analyst7"",""name"":""Broker Estimates""}","1","2026-07-01","1","Lowest analyst estimate of return on assets in percent regarding the next 4 quarters, made in the past 4 weeks","est_12m_roa_low_4wks_ago","2","GBR","{""id"":""analyst-analyst-estimates"",""name"":""Analyst Estimates""}","[]","MATRIX","TOP700","0"
"0","{""id"":""analyst"",""name"":""Analyst""}","0.4064","{""id"":""analyst7"",""name"":""Broker Estimates""}","1","2026-07-01","1","Mean analyst estimate of return on assets in percent regarding the next 4 quarters","est_12m_roa_mean","2","GBR","{""id"":""analyst-analyst-estimates"",""name"":""Analyst Estimates""}","[]","MATRIX","TOP700","0"
"0","{""id"":""analyst"",""name"":""Analyst""}","0.4085","{""id"":""analyst7"",""name"":""Broker Estimates""}","1","2026-07-01","1","Mean analyst estimate of return on assets in percent regarding the next 4 quarters, made in the last 28 days","est_12m_roa_mean_28d","2","GBR","{""id"":""analyst-analyst-estimates"",""name"":""Analyst Estimates""}","[]","MATRIX","TOP700","0"
"0","{""id"":""analyst"",""name"":""Analyst""}","0.4083","{""id"":""analyst7"",""name"":""Broker Estimates""}","1","2026-07-01","1","Mean analyst estimate of return on assets in percent regarding the next 4 quarters, made in the past 3 months","est_12m_roa_mean_3mth_ago","2","GBR","{""id"":""analyst-analyst-estimates"",""name"":""Analyst Estimates""}","[]","MATRIX","TOP700","0"
"0","{""id"":""analyst"",""name"":""Analyst""}","0.4131","{""id"":""analyst7"",""name"":""Broker Estimates""}","1","2026-07-01","1","Mean analyst estimate of return on assets in percent regarding the next 4 quarters, made in the past 4 weeks","est_12m_roa_mean_4wks_ago","2","GBR","{""id"":""analyst-analyst-estimates"",""name"":""Analyst Estimates""}","[]","MATRIX","TOP700","0"
"0","{""id"":""analyst"",""name"":""Analyst""}","0.4064","{""id"":""analyst7"",""name"":""Broker Estimates""}","1","2026-07-01","1","Median analyst estimate of return on assets in percent regarding the next 4 quarters","est_12m_roa_median","2","GBR","{""id"":""analyst-analyst-estimates"",""name"":""Analyst Estimates""}","[]","MATRIX","TOP700","0"
"0","{""id"":""analyst"",""name"":""Analyst""}","0.4083","{""id"":""analyst7"",""name"":""Broker Estimates""}","1","2026-07-01","1","Median analyst estimate of return on assets in percent regarding the next 4 quarters, made in the past 3 months","est_12m_roa_median_3mth_ago","2","GBR","{""id"":""analyst-analyst-estimates"",""name"":""Analyst Estimates""}","[]","MATRIX","TOP700","0"
"0","{""id"":""analyst"",""name"":""Analyst""}","0.4131","{""id"":""analyst7"",""name"":""Broker Estimates""}","1","2026-07-01","1","Median analyst estimate of return on assets in percent regarding the next 4 quarters, made in past 4 weeks","est_12m_roa_median_4wks_ago","2","GBR","{""id"":""analyst-analyst-estimates"",""name"":""Analyst Estimates""}","[]","MATRIX","TOP700","0"
"0","{""id"":""analyst"",""name"":""Analyst""}","1","{""id"":""analyst7"",""name"":""Broker Estimates""}","1","2026-07-01","1","Number of analyst estimates of return on assets in percent regarding the next 4 quarters","est_12m_roa_num","2","GBR","{""id"":""analyst-analyst-estimates"",""name"":""Analyst Estimates""}","[]","MATRIX","TOP700","0"
"0","{""id"":""analyst"",""name"":""Analyst""}","1","{""id"":""analyst7"",""name"":""Broker Estimates""}","1","2026-07-01","1","Number of analyst estimates of return on assets in percent regarding the next 4 quarters, made in the last 28 days","est_12m_roa_num_28d","2","GBR","{""id"":""analyst-analyst-estimates"",""name"":""Analyst Estimates""}","[]","MATRIX","TOP700","0"
"0","{""id"":""analyst"",""name"":""Analyst""}","1","{""id"":""analyst7"",""name"":""Broker Estimates""}","1","2026-07-01","1","Number of analyst estimates of return on assets in percent regarding the next 4 quarters, made in the past 3 months","est_12m_roa_num_3mth_ago","2","GBR","{""id"":""analyst-analyst-estimates"",""name"":""Analyst Estimates""}","[]","MATRIX","TOP700","0"
"0","{""id"":""analyst"",""name"":""Analyst""}","1","{""id"":""analyst7"",""name"":""Broker Estimates""}","1","2026-07-01","1","Number of analyst estimates of return on assets in percent regarding the next 4 quarters, where old and new estimates were made in the past 4 weeks","est_12m_roa_num_4wks_ago","2","GBR","{""id"":""analyst-analyst-estimates"",""name"":""Analyst Estimates""}","[]","MATRIX","TOP700","0"
"0","{""id"":""analyst"",""name"":""Analyst""}","1","{""id"":""analyst7"",""name"":""Broker Estimates""}","1","2026-07-01","1","Number of raised analyst estimates of return on assets in percent regarding the next 4 quarters, compared to the last monthly update","est_12m_roa_raisednum_1mth","2","GBR","{""id"":""analyst-analyst-estimates"",""name"":""Analyst Estimates""}","[]","MATRIX","TOP700","0"
"0","{""id"":""analyst"",""name"":""Analyst""}","1","{""id"":""analyst7"",""name"":""Broker Estimates""}","1","2026-07-01","1","Number of raised analyst estimates of return on assets in percent regarding the next 4 quarters, where old and new estimates were made in the past 4 weeks","est_12m_roa_raisednum_4wks","2","GBR","{""id"":""analyst-analyst-estimates"",""name"":""Analyst Estimates""}","[]","MATRIX","TOP700","0"
"0","{""id"":""analyst"",""name"":""Analyst""}","1","{""id"":""analyst7"",""name"":""Broker Estimates""}","1","2026-07-01","1","Number of raised analyst estimates of return on assets in percent regarding the next 4 quarters, compared to the last weekly update","est_12m_roa_raised_1wk","2","GBR","{""id"":""analyst-analyst-estimates"",""name"":""Analyst Estimates""}","[]","MATRIX","TOP700","0"
"0","{""id"":""analyst"",""name"":""Analyst""}","0.2169","{""id"":""analyst7"",""name"":""Broker Estimates""}","1","2026-07-01","1","Standard deviation of analyst estimates of return on assets in percent regarding the next 4 quarters","est_12m_roa_std","2","GBR","{""id"":""analyst-analyst-estimates"",""name"":""Analyst Estimates""}","[]","MATRIX","TOP700","0"
"0","{""id"":""analyst"",""name"":""Analyst""}","0.1729","{""id"":""analyst7"",""name"":""Broker Estimates""}","1","2026-07-01","1","Standard deviation of the analyst estimate of return on assets in percent regarding the next 4 quarters, made in the last 28 days","est_12m_roa_std_28d","2","GBR","{""id"":""analyst-analyst-estimates"",""name"":""Analyst Estimates""}","[]","MATRIX","TOP700","0"
"0","{""id"":""analyst"",""name"":""Analyst""}","0.2224","{""id"":""analyst7"",""name"":""Broker Estimates""}","1","2026-07-01","1","Standard deviation of the analyst estimate of return on assets in percent regarding the next 4 quarters, made in past 3 months","est_12m_roa_std_3mth_ago","2","GBR","{""id"":""analyst-analyst-estimates"",""name"":""Analyst Estimates""}","[]","MATRIX","TOP700","0"
"0","{""id"":""analyst"",""name"":""Analyst""}","0.2215","{""id"":""analyst7"",""name"":""Broker Estimates""}","1","2026-07-01","1","Standard deviation of the analyst estimate of return on assets in percent regarding the next 4 quarters, made in the past 4 weeks","est_12m_roa_std_4wks_ago","2","GBR","{""id"":""analyst-analyst-estimates"",""name"":""Analyst Estimates""}","[]","MATRIX","TOP700","0"
"0","{""id"":""analyst"",""name"":""Analyst""}","0.6884","{""id"":""analyst7"",""name"":""Broker Estimates""}","1","2026-07-01","1","Highest analyst estimate of sales/revenue regarding the next 4 quarters","est_12m_sal_high","2","GBR","{""id"":""analyst-analyst-estimates"",""name"":""Analyst Estimates""}","[]","MATRIX","TOP700","0"
"0","{""id"":""analyst"",""name"":""Analyst""}","0.6676","{""id"":""analyst7"",""name"":""Broker Estimates""}","1","2026-07-01","1","Highest analyst estimate of sales/revenue regarding the next 4 quarters, made in the past 3 months","est_12m_sal_high_3mth_ago","2","GBR","{""id"":""analyst-analyst-estimates"",""name"":""Analyst Estimates""}","[]","MATRIX","TOP700","0"
"0","{""id"":""analyst"",""name"":""Analyst""}","0.6701","{""id"":""analyst7"",""name"":""Broker Estimates""}","1","2026-07-01","1","Highest analyst estimate of sales/revenue regarding the next 4 quarters, made in the past 4 weeks","est_12m_sal_high_4wks_ago","2","GBR","{""id"":""analyst-analyst-estimates"",""name"":""Analyst Estimates""}","[]","MATRIX","TOP700","0"
"0","{""id"":""analyst"",""name"":""Analyst""}","0.6884","{""id"":""analyst7"",""name"":""Broker Estimates""}","1","2026-07-01","1","Lowest analyst estimate of sales/revenue regarding the next 4 quarters","est_12m_sal_low","2","GBR","{""id"":""analyst-analyst-estimates"",""name"":""Analyst Estimates""}","[]","MATRIX","TOP700","0"
"0","{""id"":""analyst"",""name"":""Analyst""}","1","{""id"":""analyst7"",""name"":""Broker Estimates""}","1","2026-07-01","1","Count of unique IDs of industry participants. Industry stands for an aggregate view of all  equity clearance activity for the date, symbol, and transaction type in question.","est_12m_sal_lowerednum_1mth","2","GBR","{""id"":""analyst-analyst-estimates"",""name"":""Analyst Estimates""}","[]","MATRIX","TOP700","0"
"0","{""id"":""analyst"",""name"":""Analyst""}","1","{""id"":""analyst7"",""name"":""Broker Estimates""}","1","2026-07-01","1","Number of lowered analyst estimates of sales/revenue regarding the next 4 quarters, where old and new estimates were made in the past 4 weeks","est_12m_sal_lowerednum_4wks","2","GBR","{""id"":""analyst-analyst-estimates"",""name"":""Analyst Estimates""}","[]","MATRIX","TOP700","0"
"0","{""id"":""analyst"",""name"":""Analyst""}","1","{""id"":""analyst7"",""name"":""Broker Estimates""}","1","2026-07-01","1","Count of unique IDs of industry participants. Industry stands for an aggregate view of all  equity clearance activity for the date, symbol, and transaction type in question.","est_12m_sal_lowered_1wk","2","GBR","{""id"":""analyst-analyst-estimates"",""name"":""Analyst Estimates""}","[]","MATRIX","TOP700","0"
"0","{""id"":""analyst"",""name"":""Analyst""}","0.6676","{""id"":""analyst7"",""name"":""Broker Estimates""}","1","2026-07-01","1","Lowest analyst estimate of sales/revenue regarding the next 4 quarters, made in the past 3 months","est_12m_sal_low_3mth_ago","2","GBR","{""id"":""analyst-analyst-estimates"",""name"":""Analyst Estimates""}","[]","MATRIX","TOP700","0"
"0","{""id"":""analyst"",""name"":""Analyst""}","0.6701","{""id"":""analyst7"",""name"":""Broker Estimates""}","1","2026-07-01","1","Lowest analyst estimate of sales/revenue regarding the next 4 quarters, made in the past 4 weeks","est_12m_sal_low_4wks_ago","2","GBR","{""id"":""analyst-analyst-estimates"",""name"":""Analyst Estimates""}","[]","MATRIX","TOP700","0"
"0","{""id"":""analyst"",""name"":""Analyst""}","0.6884","{""id"":""analyst7"",""name"":""Broker Estimates""}","1","2026-07-01","1","Mean analyst estimate of sales/revenue regarding the next 4 quarters","est_12m_sal_mean","2","GBR","{""id"":""analyst-analyst-estimates"",""name"":""Analyst Estimates""}","[]","MATRIX","TOP700","0"
"0","{""id"":""analyst"",""name"":""Analyst""}","0.662","{""id"":""analyst7"",""name"":""Broker Estimates""}","1","2026-07-01","1","Mean analyst estimate of sales/revenue regarding the next 4 quarters, made in the last 28 days","est_12m_sal_mean_28d","2","GBR","{""id"":""analyst-analyst-estimates"",""name"":""Analyst Estimates""}","[]","MATRIX","TOP700","0"
"0","{""id"":""analyst"",""name"":""Analyst""}","0.6676","{""id"":""analyst7"",""name"":""Broker Estimates""}","1","2026-07-01","1","Mean analyst estimate of sales/revenue regarding the next 4 quarters, made in past 3 months","est_12m_sal_mean_3mth_ago","2","GBR","{""id"":""analyst-analyst-estimates"",""name"":""Analyst Estimates""}","[]","MATRIX","TOP700","0"
"0","{""id"":""analyst"",""name"":""Analyst""}","0.6701","{""id"":""analyst7"",""name"":""Broker Estimates""}","1","2026-07-01","1","Mean analyst estimate of sales/revenue regarding the next 4 quarters, made in the past 4 weeks","est_12m_sal_mean_4wks_ago","2","GBR","{""id"":""analyst-analyst-estimates"",""name"":""Analyst Estimates""}","[]","MATRIX","TOP700","0"
"0","{""id"":""analyst"",""name"":""Analyst""}","0.6884","{""id"":""analyst7"",""name"":""Broker Estimates""}","1","2026-07-01","1","Median analyst estimate of sales/revenue regarding the next 4 quarters","est_12m_sal_median","2","GBR","{""id"":""analyst-analyst-estimates"",""name"":""Analyst Estimates""}","[]","MATRIX","TOP700","0"
"0","{""id"":""analyst"",""name"":""Analyst""}","0.6676","{""id"":""analyst7"",""name"":""Broker Estimates""}","1","2026-07-01","1","Median analyst estimate of sales/revenue regarding the next 4 quarters, made in past 3 months","est_12m_sal_median_3mth_ago","2","GBR","{""id"":""analyst-analyst-estimates"",""name"":""Analyst Estimates""}","[]","MATRIX","TOP700","0"
"0","{""id"":""analyst"",""name"":""Analyst""}","0.6701","{""id"":""analyst7"",""name"":""Broker Estimates""}","1","2026-07-01","1","Median analyst estimate of sales/revenue regarding the next 4 quarters, made in the past 4 weeks","est_12m_sal_median_4wks_ago","2","GBR","{""id"":""analyst-analyst-estimates"",""name"":""Analyst Estimates""}","[]","MATRIX","TOP700","0"
"0","{""id"":""analyst"",""name"":""Analyst""}","1","{""id"":""analyst7"",""name"":""Broker Estimates""}","1","2026-07-01","1","Number of analyst estimates of sales/revenue regarding the next 4 quarters","est_12m_sal_num","2","GBR","{""id"":""analyst-analyst-estimates"",""name"":""Analyst Estimates""}","[]","MATRIX","TOP700","0"
"0","{""id"":""analyst"",""name"":""Analyst""}","1","{""id"":""analyst7"",""name"":""Broker Estimates""}","1","2026-07-01","1","Number of analyst estimates of sales/revenue regarding the next 4 quarters, made in the last 28 days","est_12m_sal_num_28d","2","GBR","{""id"":""analyst-analyst-estimates"",""name"":""Analyst Estimates""}","[]","MATRIX","TOP700","0"
"0","{""id"":""analyst"",""name"":""Analyst""}","1","{""id"":""analyst7"",""name"":""Broker Estimates""}","1","2026-07-01","1","Number of analyst estimates of sales/revenue regarding the next 4 quarters, made in the past 3 months","est_12m_sal_num_3mth_ago","2","GBR","{""id"":""analyst-analyst-estimates"",""name"":""Analyst Estimates""}","[]","MATRIX","TOP700","0"
"0","{""id"":""analyst"",""name"":""Analyst""}","1","{""id"":""analyst7"",""name"":""Broker Estimates""}","1","2026-07-01","1","Number of analyst estimates of sales/revenue regarding the next 4 quarters, where old and new estimates were made in the past 4 weeks","est_12m_sal_num_4wks_ago","2","GBR","{""id"":""analyst-analyst-estimates"",""name"":""Analyst Estimates""}","[]","MATRIX","TOP700","0"
"0","{""id"":""analyst"",""name"":""Analyst""}","1","{""id"":""analyst7"",""name"":""Broker Estimates""}","1","2026-07-01","1","Number of raised analyst estimates of sales/revenue regarding the next 4 quarters, compared to the last monthly update","est_12m_sal_raisednum_1mth","2","GBR","{""id"":""analyst-analyst-estimates"",""name"":""Analyst Estimates""}","[]","MATRIX","TOP700","0"
"0","{""id"":""analyst"",""name"":""Analyst""}","1","{""id"":""analyst7"",""name"":""Broker Estimates""}","1","2026-07-01","1","Number of raised analyst estimates of sales/revenue regarding the next 4 quarters, where old and new estimates were made in past 4 weeks","est_12m_sal_raisednum_4wks","2","GBR","{""id"":""analyst-analyst-estimates"",""name"":""Analyst Estimates""}","[]","MATRIX","TOP700","0"
"0","{""id"":""analyst"",""name"":""Analyst""}","1","{""id"":""analyst7"",""name"":""Broker Estimates""}","1","2026-07-01","1","Number of raised analyst estimates of sales/revenue regarding the next 4 quarters, compared to the last weekly update","est_12m_sal_raised_1wk","2","GBR","{""id"":""analyst-analyst-estimates"",""name"":""Analyst Estimates""}","[]","MATRIX","TOP700","0"
"0","{""id"":""analyst"",""name"":""Analyst""}","0.6498","{""id"":""analyst7"",""name"":""Broker Estimates""}","1","2026-07-01","1","Standard deviation of analyst estimates of sales/revenue regarding the next 4 quarters","est_12m_sal_std","2","GBR","{""id"":""analyst-analyst-estimates"",""name"":""Analyst Estimates""}","[]","MATRIX","TOP700","0"
"0","{""id"":""analyst"",""name"":""Analyst""}","0.5728","{""id"":""analyst7"",""name"":""Broker Estimates""}","1","2026-07-01","1","Standard deviation of the analyst estimate of sales/revenue regarding the next 4 quarters, made in the last 28 days","est_12m_sal_std_28d","2","GBR","{""id"":""analyst-analyst-estimates"",""name"":""Analyst Estimates""}","[]","MATRIX","TOP700","0"
"0","{""id"":""analyst"",""name"":""Analyst""}","0.6264","{""id"":""analyst7"",""name"":""Broker Estimates""}","1","2026-07-01","1","Standard deviation of the analyst estimate of sales/revenue regarding the next 4 quarters, made in the past 3 months","est_12m_sal_std_3mth_ago","2","GBR","{""id"":""analyst-analyst-estimates"",""name"":""Analyst Estimates""}","[]","MATRIX","TOP700","0"
"0","{""id"":""analyst"",""name"":""Analyst""}","0.628","{""id"":""analyst7"",""name"":""Broker Estimates""}","1","2026-07-01","1","Standard deviation of the analyst estimate of sales/revenue regarding the next 4 quarters, made in the past 4 weeks","est_12m_sal_std_4wks_ago","2","GBR","{""id"":""analyst-analyst-estimates"",""name"":""Analyst Estimates""}","[]","MATRIX","TOP700","0"
"0","{""id"":""analyst"",""name"":""Analyst""}","0.4201","{""id"":""analyst7"",""name"":""Broker Estimates""}","1","2026-07-01","1","Highest analyst estimate of tangible book value per share regarding the next 4 quarters","est_12m_tbv_high","2","GBR","{""id"":""analyst-analyst-estimates"",""name"":""Analyst Estimates""}","[]","MATRIX","TOP700","0"
"0","{""id"":""analyst"",""name"":""Analyst""}","0.3628","{""id"":""analyst7"",""name"":""Broker Estimates""}","1","2026-07-01","1","Highest analyst estimate of tangible book value per share regarding the next 4 quarters, made in the past 3 months","est_12m_tbv_high_3mth_ago","2","GBR","{""id"":""analyst-analyst-estimates"",""name"":""Analyst Estimates""}","[]","MATRIX","TOP700","0"
"0","{""id"":""analyst"",""name"":""Analyst""}","0.3703","{""id"":""analyst7"",""name"":""Broker Estimates""}","1","2026-07-01","1","Highest analyst estimate of tangible book value per share regarding the next 4 quarters, made in the past 4 weeks","est_12m_tbv_high_4wks_ago","2","GBR","{""id"":""analyst-analyst-estimates"",""name"":""Analyst Estimates""}","[]","MATRIX","TOP700","0"
"0","{""id"":""analyst"",""name"":""Analyst""}","0.4201","{""id"":""analyst7"",""name"":""Broker Estimates""}","1","2026-07-01","1","Lowest analyst estimate of tangible book value per share regarding the next 4 quarters","est_12m_tbv_low","2","GBR","{""id"":""analyst-analyst-estimates"",""name"":""Analyst Estimates""}","[]","MATRIX","TOP700","0"
"0","{""id"":""analyst"",""name"":""Analyst""}","1","{""id"":""analyst7"",""name"":""Broker Estimates""}","1","2026-07-01","1","Count of unique IDs of industry participants. Industry stands for an aggregate view of all  equity clearance activity for the date, symbol, and transaction type in question.","est_12m_tbv_lowerednum_1mth","2","GBR","{""id"":""analyst-analyst-estimates"",""name"":""Analyst Estimates""}","[]","MATRIX","TOP700","0"
"0","{""id"":""analyst"",""name"":""Analyst""}","1","{""id"":""analyst7"",""name"":""Broker Estimates""}","1","2026-07-01","1","Number of lowered analyst estimate of tangible book value per share regarding the next 4 quarters, where old and new estimate were made in past 4 weeks","est_12m_tbv_lowerednum_4wks","2","GBR","{""id"":""analyst-analyst-estimates"",""name"":""Analyst Estimates""}","[]","MATRIX","TOP700","0"
"0","{""id"":""analyst"",""name"":""Analyst""}","1","{""id"":""analyst7"",""name"":""Broker Estimates""}","1","2026-07-01","1","Number of lowered analyst estimate of tangible book value per share regarding the next 4 quarters, since last weekly update","est_12m_tbv_lowered_1wk","2","GBR","{""id"":""analyst-analyst-estimates"",""name"":""Analyst Estimates""}","[]","MATRIX","TOP700","0"
"0","{""id"":""analyst"",""name"":""Analyst""}","0.3628","{""id"":""analyst7"",""name"":""Broker Estimates""}","1","2026-07-01","1","Lowest analyst estimate of tangible book value per share regarding the next 4 quarters, made in the past 3 months","est_12m_tbv_low_3mth_ago","2","GBR","{""id"":""analyst-analyst-estimates"",""name"":""Analyst Estimates""}","[]","MATRIX","TOP700","0"
"0","{""id"":""analyst"",""name"":""Analyst""}","0.3703","{""id"":""analyst7"",""name"":""Broker Estimates""}","1","2026-07-01","1","Lowest analyst estimate of tangible book value per share regarding the next 4 quarters, made in the past 4 weeks","est_12m_tbv_low_4wks_ago","2","GBR","{""id"":""analyst-analyst-estimates"",""name"":""Analyst Estimates""}","[]","MATRIX","TOP700","0"
"0","{""id"":""analyst"",""name"":""Analyst""}","0.4201","{""id"":""analyst7"",""name"":""Broker Estimates""}","1","2026-07-01","1","Mean analyst estimate of tangible book value per share regarding the next 4 quarters","est_12m_tbv_mean","2","GBR","{""id"":""analyst-analyst-estimates"",""name"":""Analyst Estimates""}","[]","MATRIX","TOP700","0"
"0","{""id"":""analyst"",""name"":""Analyst""}","0.3408","{""id"":""analyst7"",""name"":""Broker Estimates""}","1","2026-07-01","1","Mean analyst estimate of tangible book value per share regarding the next 4 quarters, made in the last 28 days","est_12m_tbv_mean_28d","2","GBR","{""id"":""analyst-analyst-estimates"",""name"":""Analyst Estimates""}","[]","MATRIX","TOP700","0"
"0","{""id"":""analyst"",""name"":""Analyst""}","0.3628","{""id"":""analyst7"",""name"":""Broker Estimates""}","1","2026-07-01","1","Mean analyst estimate of tangible book value per share regarding the next 4 quarters, made in past 3 months","est_12m_tbv_mean_3mth_ago","2","GBR","{""id"":""analyst-analyst-estimates"",""name"":""Analyst Estimates""}","[]","MATRIX","TOP700","0"
"0","{""id"":""analyst"",""name"":""Analyst""}","0.3703","{""id"":""analyst7"",""name"":""Broker Estimates""}","1","2026-07-01","1","Mean analyst estimate of tangible book value per share regarding the next 4 quarters, made in the past 4 weeks","est_12m_tbv_mean_4wks_ago","2","GBR","{""id"":""analyst-analyst-estimates"",""name"":""Analyst Estimates""}","[]","MATRIX","TOP700","0"
"0","{""id"":""analyst"",""name"":""Analyst""}","0.4201","{""id"":""analyst7"",""name"":""Broker Estimates""}","1","2026-07-01","1","Median analyst estimate of tangible book value per share regarding the next 4 quarters","est_12m_tbv_median","2","GBR","{""id"":""analyst-analyst-estimates"",""name"":""Analyst Estimates""}","[]","MATRIX","TOP700","0"
"0","{""id"":""analyst"",""name"":""Analyst""}","0.3628","{""id"":""analyst7"",""name"":""Broker Estimates""}","1","2026-07-01","1","Median analyst estimate of tangible book value per share regarding the next 4 quarters, made in past 3 months","est_12m_tbv_median_3mth_ago","2","GBR","{""id"":""analyst-analyst-estimates"",""name"":""Analyst Estimates""}","[]","MATRIX","TOP700","0"
"0","{""id"":""analyst"",""name"":""Analyst""}","0.3703","{""id"":""analyst7"",""name"":""Broker Estimates""}","1","2026-07-01","1","Median analyst estimate of tangible book value per share regarding the next 4 quarters, made in past 4 weeks","est_12m_tbv_median_4wks_ago","2","GBR","{""id"":""analyst-analyst-estimates"",""name"":""Analyst Estimates""}","[]","MATRIX","TOP700","0"
"0","{""id"":""analyst"",""name"":""Analyst""}","1","{""id"":""analyst7"",""name"":""Broker Estimates""}","1","2026-07-01","1","Number of analyst estimates of tangible book value per share regarding the next 4 quarters","est_12m_tbv_num","2","GBR","{""id"":""analyst-analyst-estimates"",""name"":""Analyst Estimates""}","[]","MATRIX","TOP700","0"
"0","{""id"":""analyst"",""name"":""Analyst""}","1","{""id"":""analyst7"",""name"":""Broker Estimates""}","1","2026-07-01","1","Number of analyst estimates of tangible book value per share regarding the next 4 quarters, made in the last 28 days","est_12m_tbv_num_28d","2","GBR","{""id"":""analyst-analyst-estimates"",""name"":""Analyst Estimates""}","[]","MATRIX","TOP700","0"
"0","{""id"":""analyst"",""name"":""Analyst""}","1","{""id"":""analyst7"",""name"":""Broker Estimates""}","1","2026-07-01","1","Number of analyst estimates of tangible book value per share regarding the next 4 quarters, made in the past 3 months","est_12m_tbv_num_3mth_ago","2","GBR","{""id"":""analyst-analyst-estimates"",""name"":""Analyst Estimates""}","[]","MATRIX","TOP700","0"
"0","{""id"":""analyst"",""name"":""Analyst""}","1","{""id"":""analyst7"",""name"":""Broker Estimates""}","1","2026-07-01","1","Number of analyst estimates of tangible book value per share regarding the next 4 quarters, where old and new estimates were made in the past 4 weeks","est_12m_tbv_num_4wks_ago","2","GBR","{""id"":""analyst-analyst-estimates"",""name"":""Analyst Estimates""}","[]","MATRIX","TOP700","0"
"0","{""id"":""analyst"",""name"":""Analyst""}","1","{""id"":""analyst7"",""name"":""Broker Estimates""}","1","2026-07-01","1","Number of raised analyst estimates of tangible book value per share regarding the next 4 quarters, compared to the last monthly update","est_12m_tbv_raisednum_1mth","2","GBR","{""id"":""analyst-analyst-estimates"",""name"":""Analyst Estimates""}","[]","MATRIX","TOP700","0"
"0","{""id"":""analyst"",""name"":""Analyst""}","1","{""id"":""analyst7"",""name"":""Broker Estimates""}","1","2026-07-01","1","Number of raised analyst estimates of tangible book value per share regarding the next 4 quarters, where old and new estimates were made in past 4 weeks","est_12m_tbv_raisednum_4wks","2","GBR","{""id"":""analyst-analyst-estimates"",""name"":""Analyst Estimates""}","[]","MATRIX","TOP700","0"
"0","{""id"":""analyst"",""name"":""Analyst""}","1","{""id"":""analyst7"",""name"":""Broker Estimates""}","1","2026-07-01","1","Number of raised analyst estimates of tangible book value per share regarding the next 4 quarters, compared to the last weekly update","est_12m_tbv_raised_1wk","2","GBR","{""id"":""analyst-analyst-estimates"",""name"":""Analyst Estimates""}","[]","MATRIX","TOP700","0"
"0","{""id"":""analyst"",""name"":""Analyst""}","1","{""id"":""analyst7"",""name"":""Broker Estimates""}","1","2026-07-01","1","Count of unique IDs of industry participants. Industry stands for an aggregate view of all  equity clearance activity for the date, symbol, and transaction type in question.","est_q_dps_lowerednum_1mth","2","GBR","{""id"":""analyst-analyst-estimates"",""name"":""Analyst Estimates""}","[]","MATRIX","TOP700","0"
"0","{""id"":""analyst"",""name"":""Analyst""}","1","{""id"":""analyst7"",""name"":""Broker Estimates""}","1","2026-07-01","1","Number of lowered analyst estimates of dividend per share regarding the next quarter, where old and new estimates were made in past 4 weeks","est_q_dps_lowerednum_4wks","2","GBR","{""id"":""analyst-analyst-estimates"",""name"":""Analyst Estimates""}","[]","MATRIX","TOP700","0"
"0","{""id"":""analyst"",""name"":""Analyst""}","1","{""id"":""analyst7"",""name"":""Broker Estimates""}","1","2026-07-01","1","Count of unique IDs of industry participants. Industry stands for an aggregate view of all  equity clearance activity for the date, symbol, and transaction type in question.","est_q_dps_lowered_1wk","2","GBR","{""id"":""analyst-analyst-estimates"",""name"":""Analyst Estimates""}","[]","MATRIX","TOP700","0"
"0","{""id"":""analyst"",""name"":""Analyst""}","1","{""id"":""analyst7"",""name"":""Broker Estimates""}","1","2026-07-01","1","Number of analyst estimates of dividend per share regarding the next quarter","est_q_dps_num","2","GBR","{""id"":""analyst-analyst-estimates"",""name"":""Analyst Estimates""}","[]","MATRIX","TOP700","0"
"0","{""id"":""analyst"",""name"":""Analyst""}","1","{""id"":""analyst7"",""name"":""Broker Estimates""}","1","2026-07-01","1","Number of analyst estimates of dividend per share regarding the next quarter, made in the last 28 days","est_q_dps_num_28d","2","GBR","{""id"":""analyst-analyst-estimates"",""name"":""Analyst Estimates""}","[]","MATRIX","TOP700","0"
"0","{""id"":""analyst"",""name"":""Analyst""}","1","{""id"":""analyst7"",""name"":""Broker Estimates""}","1","2026-07-01","1","Number of analyst estimates of dividend per share regarding the next quarter, made in past 3 months","est_q_dps_num_3mth_ago","2","GBR","{""id"":""analyst-analyst-estimates"",""name"":""Analyst Estimates""}","[]","MATRIX","TOP700","0"
"0","{""id"":""analyst"",""name"":""Analyst""}","1","{""id"":""analyst7"",""name"":""Broker Estimates""}","1","2026-07-01","1","Number of analyst estimates of dividend per share regarding the next quarter, where old and new estimates were made in the past 4 weeks","est_q_dps_num_4wks_ago","2","GBR","{""id"":""analyst-analyst-estimates"",""name"":""Analyst Estimates""}","[]","MATRIX","TOP700","0"
"0","{""id"":""analyst"",""name"":""Analyst""}","1","{""id"":""analyst7"",""name"":""Broker Estimates""}","1","2026-07-01","1","Number of raised analyst estimates of dividend per share regarding the next quarter, compared to last monthly update","est_q_dps_raisednum_1mth","2","GBR","{""id"":""analyst-analyst-estimates"",""name"":""Analyst Estimates""}","[]","MATRIX","TOP700","0"
"0","{""id"":""analyst"",""name"":""Analyst""}","1","{""id"":""analyst7"",""name"":""Broker Estimates""}","1","2026-07-01","1","Number of raised analyst estimates of dividend per share regarding the next quarter, where old and new estimates were made in past 4 weeks","est_q_dps_raisednum_4wks","2","GBR","{""id"":""analyst-analyst-estimates"",""name"":""Analyst Estimates""}","[]","MATRIX","TOP700","0"
"0","{""id"":""analyst"",""name"":""Analyst""}","1","{""id"":""analyst7"",""name"":""Broker Estimates""}","1","2026-07-01","1","Number of raised analyst estimates of dividend per share regarding the next quarter, compared to the last weekly update","est_q_dps_raised_1wk","2","GBR","{""id"":""analyst-analyst-estimates"",""name"":""Analyst Estimates""}","[]","MATRIX","TOP700","0"
"0","{""id"":""analyst"",""name"":""Analyst""}","1","{""id"":""analyst7"",""name"":""Broker Estimates""}","1","2026-07-01","1","Count of unique IDs of industry participants. Industry stands for an aggregate view of all  equity clearance activity for the date, symbol, and transaction type in question.","est_q_ebt_lowerednum_1mth","2","GBR","{""id"":""analyst-analyst-estimates"",""name"":""Analyst Estimates""}","[]","MATRIX","TOP700","0"
"0","{""id"":""analyst"",""name"":""Analyst""}","1","{""id"":""analyst7"",""name"":""Broker Estimates""}","1","2026-07-01","1","Number of lowered analyst estimates of EBITDA regarding the next quarter, where old and new estimates were made in the past 4 weeks","est_q_ebt_lowerednum_4wks","2","GBR","{""id"":""analyst-analyst-estimates"",""name"":""Analyst Estimates""}","[]","MATRIX","TOP700","0"
"0","{""id"":""analyst"",""name"":""Analyst""}","1","{""id"":""analyst7"",""name"":""Broker Estimates""}","1","2026-07-01","1","Count of unique IDs of industry participants. Industry stands for an aggregate view of all  equity clearance activity for the date, symbol, and transaction type in question.","est_q_ebt_lowered_1wk","2","GBR","{""id"":""analyst-analyst-estimates"",""name"":""Analyst Estimates""}","[]","MATRIX","TOP700","0"
"0","{""id"":""analyst"",""name"":""Analyst""}","1","{""id"":""analyst7"",""name"":""Broker Estimates""}","1","2026-07-01","1","Number of analyst estimates of EBITDA regarding the next quarter","est_q_ebt_num","2","GBR","{""id"":""analyst-analyst-estimates"",""name"":""Analyst Estimates""}","[]","MATRIX","TOP700","0"
"0","{""id"":""analyst"",""name"":""Analyst""}","1","{""id"":""analyst7"",""name"":""Broker Estimates""}","1","2026-07-01","1","Number of analyst estimates of EBITDA regarding the next quarter, made in the last 28 days","est_q_ebt_num_28d","2","GBR","{""id"":""analyst-analyst-estimates"",""name"":""Analyst Estimates""}","[]","MATRIX","TOP700","0"
"0","{""id"":""analyst"",""name"":""Analyst""}","1","{""id"":""analyst7"",""name"":""Broker Estimates""}","1","2026-07-01","1","Number of analyst estimates of EBITDA regarding the next quarter, made in the past 3 months","est_q_ebt_num_3mth_ago","2","GBR","{""id"":""analyst-analyst-estimates"",""name"":""Analyst Estimates""}","[]","MATRIX","TOP700","0"
"0","{""id"":""analyst"",""name"":""Analyst""}","1","{""id"":""analyst7"",""name"":""Broker Estimates""}","1","2026-07-01","1","Number of analyst estimates of EBITDA regarding the next quarter, where old and new estimates were made in the past 4 weeks","est_q_ebt_num_4wks_ago","2","GBR","{""id"":""analyst-analyst-estimates"",""name"":""Analyst Estimates""}","[]","MATRIX","TOP700","0"
"0","{""id"":""analyst"",""name"":""Analyst""}","1","{""id"":""analyst7"",""name"":""Broker Estimates""}","1","2026-07-01","1","Number of raised analyst estimates of EBITDA regarding the next quarter, compared to last monthly update","est_q_ebt_raisednum_1mth","2","GBR","{""id"":""analyst-analyst-estimates"",""name"":""Analyst Estimates""}","[]","MATRIX","TOP700","0"
"0","{""id"":""analyst"",""name"":""Analyst""}","1","{""id"":""analyst7"",""name"":""Broker Estimates""}","1","2026-07-01","1","Number of raised analyst estimates of EBITDA regarding the next quarter, where old and new estimates were made in the past 4 weeks","est_q_ebt_raisednum_4wks","2","GBR","{""id"":""analyst-analyst-estimates"",""name"":""Analyst Estimates""}","[]","MATRIX","TOP700","0"
"0","{""id"":""analyst"",""name"":""Analyst""}","1","{""id"":""analyst7"",""name"":""Broker Estimates""}","1","2026-07-01","1","Number of raised analyst estimates of EBITDA regarding the next quarter, compared to last weekly update","est_q_ebt_raised_1wk","2","GBR","{""id"":""analyst-analyst-estimates"",""name"":""Analyst Estimates""}","[]","MATRIX","TOP700","0"
"0","{""id"":""analyst"",""name"":""Analyst""}","1","{""id"":""analyst7"",""name"":""Broker Estimates""}","1","2026-07-01","1","Count of unique IDs of industry participants. Industry stands for an aggregate view of all  equity clearance activity for the date, symbol, and transaction type in question.","est_q_ndt_lowerednum_1mth","2","GBR","{""id"":""analyst-analyst-estimates"",""name"":""Analyst Estimates""}","[]","MATRIX","TOP700","0"
"0","{""id"":""analyst"",""name"":""Analyst""}","1","{""id"":""analyst7"",""name"":""Broker Estimates""}","1","2026-07-01","1","Number of lowered analyst estimates of net debt regarding the next quarter, where old and new estimates were made in past 4 weeks","est_q_ndt_lowerednum_4wks","2","GBR","{""id"":""analyst-analyst-estimates"",""name"":""Analyst Estimates""}","[]","MATRIX","TOP700","0"
"0","{""id"":""analyst"",""name"":""Analyst""}","1","{""id"":""analyst7"",""name"":""Broker Estimates""}","1","2026-07-01","1","Count of unique IDs of industry participants. Industry stands for an aggregate view of all  equity clearance activity for the date, symbol, and transaction type in question.","est_q_ndt_lowered_1wk","2","GBR","{""id"":""analyst-analyst-estimates"",""name"":""Analyst Estimates""}","[]","MATRIX","TOP700","0"
"0","{""id"":""analyst"",""name"":""Analyst""}","1","{""id"":""analyst7"",""name"":""Broker Estimates""}","1","2026-07-01","1","Number of analyst estimates of net debt regarding the next quarter","est_q_ndt_num","2","GBR","{""id"":""analyst-analyst-estimates"",""name"":""Analyst Estimates""}","[]","MATRIX","TOP700","0"
"0","{""id"":""analyst"",""name"":""Analyst""}","1","{""id"":""analyst7"",""name"":""Broker Estimates""}","1","2026-07-01","1","Number of analyst estimates of net debt regarding the next quarter, made in the last 28 days","est_q_ndt_num_28d","2","GBR","{""id"":""analyst-analyst-estimates"",""name"":""Analyst Estimates""}","[]","MATRIX","TOP700","0"
"0","{""id"":""analyst"",""name"":""Analyst""}","1","{""id"":""analyst7"",""name"":""Broker Estimates""}","1","2026-07-01","1","Number of analyst estimates of net debt regarding the next quarter, made in past 3 months","est_q_ndt_num_3mth_ago","2","GBR","{""id"":""analyst-analyst-estimates"",""name"":""Analyst Estimates""}","[]","MATRIX","TOP700","0"
"0","{""id"":""analyst"",""name"":""Analyst""}","1","{""id"":""analyst7"",""name"":""Broker Estimates""}","1","2026-07-01","1","Number of analyst estimates of net debt regarding the next quarter, where old and new estimates were made in the past 4 weeks","est_q_ndt_num_4wks_ago","2","GBR","{""id"":""analyst-analyst-estimates"",""name"":""Analyst Estimates""}","[]","MATRIX","TOP700","0"
"0","{""id"":""analyst"",""name"":""Analyst""}","1","{""id"":""analyst7"",""name"":""Broker Estimates""}","1","2026-07-01","1","Number of raised analyst estimates of net debt regarding the next quarter, compared to last monthly update","est_q_ndt_raisednum_1mth","2","GBR","{""id"":""analyst-analyst-estimates"",""name"":""Analyst Estimates""}","[]","MATRIX","TOP700","0"
"0","{""id"":""analyst"",""name"":""Analyst""}","1","{""id"":""analyst7"",""name"":""Broker Estimates""}","1","2026-07-01","1","Number of raised analyst estimates of net debt regarding the next quarter, where old and new estimates were made in the past 4 weeks","est_q_ndt_raisednum_4wks","2","GBR","{""id"":""analyst-analyst-estimates"",""name"":""Analyst Estimates""}","[]","MATRIX","TOP700","0"
"0","{""id"":""analyst"",""name"":""Analyst""}","1","{""id"":""analyst7"",""name"":""Broker Estimates""}","1","2026-07-01","1","Number of raised analyst estimates of net debt regarding the next quarter, compared to the last weekly update","est_q_ndt_raised_1wk","2","GBR","{""id"":""analyst-analyst-estimates"",""name"":""Analyst Estimates""}","[]","MATRIX","TOP700","0"
"0","{""id"":""analyst"",""name"":""Analyst""}","1","{""id"":""analyst7"",""name"":""Broker Estimates""}","1","2026-07-01","1","Count of unique IDs of industry participants. Industry stands for an aggregate view of all  equity clearance activity for the date, symbol, and transaction type in question.","est_q_ner_lowerednum_1mth","2","GBR","{""id"":""analyst-analyst-estimates"",""name"":""Analyst Estimates""}","[]","MATRIX","TOP700","0"
"0","{""id"":""analyst"",""name"":""Analyst""}","1","{""id"":""analyst7"",""name"":""Broker Estimates""}","1","2026-07-01","1","Number of lowered analyst estimates of net profit as reported regarding the next quarter, where old and new estimates were made in the past 4 weeks","est_q_ner_lowerednum_4wks","2","GBR","{""id"":""analyst-analyst-estimates"",""name"":""Analyst Estimates""}","[]","MATRIX","TOP700","0"
"0","{""id"":""analyst"",""name"":""Analyst""}","1","{""id"":""analyst7"",""name"":""Broker Estimates""}","1","2026-07-01","1","Count of unique IDs of industry participants. Industry stands for an aggregate view of all  equity clearance activity for the date, symbol, and transaction type in question.","est_q_ner_lowered_1wk","2","GBR","{""id"":""analyst-analyst-estimates"",""name"":""Analyst Estimates""}","[]","MATRIX","TOP700","0"
"0","{""id"":""analyst"",""name"":""Analyst""}","1","{""id"":""analyst7"",""name"":""Broker Estimates""}","1","2026-07-01","1","Number of analyst estimates of net profit as reported regarding the next quarter","est_q_ner_num","2","GBR","{""id"":""analyst-analyst-estimates"",""name"":""Analyst Estimates""}","[]","MATRIX","TOP700","0"
"0","{""id"":""analyst"",""name"":""Analyst""}","1","{""id"":""analyst7"",""name"":""Broker Estimates""}","1","2026-07-01","1","Number of analyst estimates of net profit as reported regarding the next quarter, made in the last 28 days","est_q_ner_num_28d","2","GBR","{""id"":""analyst-analyst-estimates"",""name"":""Analyst Estimates""}","[]","MATRIX","TOP700","0"
"0","{""id"":""analyst"",""name"":""Analyst""}","1","{""id"":""analyst7"",""name"":""Broker Estimates""}","1","2026-07-01","1","Number of analyst estimates of net profit as reported regarding the next quarter, made in the past 3 months","est_q_ner_num_3mth_ago","2","GBR","{""id"":""analyst-analyst-estimates"",""name"":""Analyst Estimates""}","[]","MATRIX","TOP700","0"
"0","{""id"":""analyst"",""name"":""Analyst""}","1","{""id"":""analyst7"",""name"":""Broker Estimates""}","1","2026-07-01","1","Number of analyst estimates of net profit as reported regarding the next quarter, where old and new estimates were made in past 4 weeks","est_q_ner_num_4wks_ago","2","GBR","{""id"":""analyst-analyst-estimates"",""name"":""Analyst Estimates""}","[]","MATRIX","TOP700","0"
"0","{""id"":""analyst"",""name"":""Analyst""}","1","{""id"":""analyst7"",""name"":""Broker Estimates""}","1","2026-07-01","1","Number of raised analyst estimates of net profit as reported regarding the next quarter, compared to last monthly update","est_q_ner_raisednum_1mth","2","GBR","{""id"":""analyst-analyst-estimates"",""name"":""Analyst Estimates""}","[]","MATRIX","TOP700","0"
"0","{""id"":""analyst"",""name"":""Analyst""}","1","{""id"":""analyst7"",""name"":""Broker Estimates""}","1","2026-07-01","1","Number of raised analyst estimates of net profit as reported regarding the next quarter, where old and new estimates were made in past 4 weeks","est_q_ner_raisednum_4wks","2","GBR","{""id"":""analyst-analyst-estimates"",""name"":""Analyst Estimates""}","[]","MATRIX","TOP700","0"
"0","{""id"":""analyst"",""name"":""Analyst""}","1","{""id"":""analyst7"",""name"":""Broker Estimates""}","1","2026-07-01","1","Number of raised analyst estimates of net profit as reported regarding the next quarter, compared to last weekly update","est_q_ner_raised_1wk","2","GBR","{""id"":""analyst-analyst-estimates"",""name"":""Analyst Estimates""}","[]","MATRIX","TOP700","0"
"0","{""id"":""analyst"",""name"":""Analyst""}","1","{""id"":""analyst7"",""name"":""Broker Estimates""}","1","2026-07-01","1","Count of unique IDs of industry participants. Industry stands for an aggregate view of all  equity clearance activity for the date, symbol, and transaction type in question.","est_q_net_lowerednum_1mth","2","GBR","{""id"":""analyst-analyst-estimates"",""name"":""Analyst Estimates""}","[]","MATRIX","TOP700","0"
"0","{""id"":""analyst"",""name"":""Analyst""}","1","{""id"":""analyst7"",""name"":""Broker Estimates""}","1","2026-07-01","1","Number of lowered analyst estimates of net income regarding the next quarter, where old and new estimates were made in the past 4 weeks","est_q_net_lowerednum_4wks","2","GBR","{""id"":""analyst-analyst-estimates"",""name"":""Analyst Estimates""}","[]","MATRIX","TOP700","0"
"0","{""id"":""analyst"",""name"":""Analyst""}","1","{""id"":""analyst7"",""name"":""Broker Estimates""}","1","2026-07-01","1","Count of unique IDs of industry participants. Industry stands for an aggregate view of all  equity clearance activity for the date, symbol, and transaction type in question.","est_q_net_lowered_1wk","2","GBR","{""id"":""analyst-analyst-estimates"",""name"":""Analyst Estimates""}","[]","MATRIX","TOP700","0"
"0","{""id"":""analyst"",""name"":""Analyst""}","1","{""id"":""analyst7"",""name"":""Broker Estimates""}","1","2026-07-01","1","Number of analyst estimates of net income regarding the next quarter","est_q_net_num","2","GBR","{""id"":""analyst-analyst-estimates"",""name"":""Analyst Estimates""}","[]","MATRIX","TOP700","0"
"0","{""id"":""analyst"",""name"":""Analyst""}","1","{""id"":""analyst7"",""name"":""Broker Estimates""}","1","2026-07-01","1","Number of analyst estimates of net income regarding the next quarter, made in the last 28 days","est_q_net_num_28d","2","GBR","{""id"":""analyst-analyst-estimates"",""name"":""Analyst Estimates""}","[]","MATRIX","TOP700","0"
"0","{""id"":""analyst"",""name"":""Analyst""}","1","{""id"":""analyst7"",""name"":""Broker Estimates""}","1","2026-07-01","1","Number of analyst estimates of net income regarding the next quarter, made in past 3 months","est_q_net_num_3mth_ago","2","GBR","{""id"":""analyst-analyst-estimates"",""name"":""Analyst Estimates""}","[]","MATRIX","TOP700","0"
"0","{""id"":""analyst"",""name"":""Analyst""}","1","{""id"":""analyst7"",""name"":""Broker Estimates""}","1","2026-07-01","1","Number of analyst estimates of net income regarding the next quarter, where old and new estimates were made in the past 4 weeks","est_q_net_num_4wks_ago","2","GBR","{""id"":""analyst-analyst-estimates"",""name"":""Analyst Estimates""}","[]","MATRIX","TOP700","0"
"0","{""id"":""analyst"",""name"":""Analyst""}","1","{""id"":""analyst7"",""name"":""Broker Estimates""}","1","2026-07-01","1","Number of raised analyst estimates of net income regarding the next quarter, compared to the last monthly update","est_q_net_raisednum_1mth","2","GBR","{""id"":""analyst-analyst-estimates"",""name"":""Analyst Estimates""}","[]","MATRIX","TOP700","0"
"0","{""id"":""analyst"",""name"":""Analyst""}","1","{""id"":""analyst7"",""name"":""Broker Estimates""}","1","2026-07-01","1","Number of raised analyst estimates of net income regarding the next quarter, where old and new estimates were made in the past 4 weeks","est_q_net_raisednum_4wks","2","GBR","{""id"":""analyst-analyst-estimates"",""name"":""Analyst Estimates""}","[]","MATRIX","TOP700","0"
"0","{""id"":""analyst"",""name"":""Analyst""}","1","{""id"":""analyst7"",""name"":""Broker Estimates""}","1","2026-07-01","1","Number of raised analyst estimates of net income regarding the next quarter, compared to the last weekly update","est_q_net_raised_1wk","2","GBR","{""id"":""analyst-analyst-estimates"",""name"":""Analyst Estimates""}","[]","MATRIX","TOP700","0"
"0","{""id"":""analyst"",""name"":""Analyst""}","1","{""id"":""analyst7"",""name"":""Broker Estimates""}","1","2026-07-01","1","Count of unique IDs of industry participants. Industry stands for an aggregate view of all  equity clearance activity for the date, symbol, and transaction type in question.","est_q_prr_lowerednum_1mth","2","GBR","{""id"":""analyst-analyst-estimates"",""name"":""Analyst Estimates""}","[]","MATRIX","TOP700","0"
"0","{""id"":""analyst"",""name"":""Analyst""}","1","{""id"":""analyst7"",""name"":""Broker Estimates""}","1","2026-07-01","1","Number of lowered analyst estimates of pretax profit as reported regarding the next quarter, where old and new estimates were made in the past 4 weeks","est_q_prr_lowerednum_4wks","2","GBR","{""id"":""analyst-analyst-estimates"",""name"":""Analyst Estimates""}","[]","MATRIX","TOP700","0"
"0","{""id"":""analyst"",""name"":""Analyst""}","1","{""id"":""analyst7"",""name"":""Broker Estimates""}","1","2026-07-01","1","Count of unique IDs of industry participants. Industry stands for an aggregate view of all  equity clearance activity for the date, symbol, and transaction type in question.","est_q_prr_lowered_1wk","2","GBR","{""id"":""analyst-analyst-estimates"",""name"":""Analyst Estimates""}","[]","MATRIX","TOP700","0"
"0","{""id"":""analyst"",""name"":""Analyst""}","1","{""id"":""analyst7"",""name"":""Broker Estimates""}","1","2026-07-01","1","Number of analyst estimates of pretax profit as reported regarding the next quarter","est_q_prr_num","2","GBR","{""id"":""analyst-analyst-estimates"",""name"":""Analyst Estimates""}","[]","MATRIX","TOP700","0"
"0","{""id"":""analyst"",""name"":""Analyst""}","1","{""id"":""analyst7"",""name"":""Broker Estimates""}","1","2026-07-01","1","Number of analyst estimates of pretax profit as reported regarding the next quarter, made in the last 28 days","est_q_prr_num_28d","2","GBR","{""id"":""analyst-analyst-estimates"",""name"":""Analyst Estimates""}","[]","MATRIX","TOP700","0"
"0","{""id"":""analyst"",""name"":""Analyst""}","1","{""id"":""analyst7"",""name"":""Broker Estimates""}","1","2026-07-01","1","Number of analyst estimates of pretax profit as reported regarding the next quarter, made in the past 3 months","est_q_prr_num_3mth_ago","2","GBR","{""id"":""analyst-analyst-estimates"",""name"":""Analyst Estimates""}","[]","MATRIX","TOP700","0"
"0","{""id"":""analyst"",""name"":""Analyst""}","1","{""id"":""analyst7"",""name"":""Broker Estimates""}","1","2026-07-01","1","Number of analyst estimates of pretax profit as reported regarding the next quarter, where old and new estimates were made in the past 4 weeks","est_q_prr_num_4wks_ago","2","GBR","{""id"":""analyst-analyst-estimates"",""name"":""Analyst Estimates""}","[]","MATRIX","TOP700","0"
"0","{""id"":""analyst"",""name"":""Analyst""}","1","{""id"":""analyst7"",""name"":""Broker Estimates""}","1","2026-07-01","1","Number of raised analyst estimates of pre-tax profit as reported regarding the next quarter, compared to the last monthly update","est_q_prr_raisednum_1mth","2","GBR","{""id"":""analyst-analyst-estimates"",""name"":""Analyst Estimates""}","[]","MATRIX","TOP700","0"
"0","{""id"":""analyst"",""name"":""Analyst""}","1","{""id"":""analyst7"",""name"":""Broker Estimates""}","1","2026-07-01","1","Number of raised analyst estimates of pretax profit as reported regarding the next quarter, where old and new estimates were made in the past 4 weeks","est_q_prr_raisednum_4wks","2","GBR","{""id"":""analyst-analyst-estimates"",""name"":""Analyst Estimates""}","[]","MATRIX","TOP700","0"
"0","{""id"":""analyst"",""name"":""Analyst""}","1","{""id"":""analyst7"",""name"":""Broker Estimates""}","1","2026-07-01","1","Number of raised analyst estimate of pretax profit as reported regarding the next quarter, compared to last weekly update","est_q_prr_raised_1wk","2","GBR","{""id"":""analyst-analyst-estimates"",""name"":""Analyst Estimates""}","[]","MATRIX","TOP700","0"
"0","{""id"":""analyst"",""name"":""Analyst""}","1","{""id"":""analyst7"",""name"":""Broker Estimates""}","1","2026-07-01","1","Number of lowered analyst recommendations, where old and new estimates were made in the past 4 weeks","rec_lowerednum_4wks","2","GBR","{""id"":""analyst-analyst-estimates"",""name"":""Analyst Estimates""}","[]","MATRIX","TOP700","0"
"0","{""id"":""analyst"",""name"":""Analyst""}","0.6884","{""id"":""analyst7"",""name"":""Broker Estimates""}","1","2026-07-01","1","Mean estimate of the analyst recommendation","rec_mean","2","GBR","{""id"":""analyst-analyst-estimates"",""name"":""Analyst Estimates""}","[]","MATRIX","TOP700","0"
"0","{""id"":""analyst"",""name"":""Analyst""}","1","{""id"":""analyst7"",""name"":""Broker Estimates""}","1","2026-07-01","1","Number of estimates of the analyst recommendation","rec_num","2","GBR","{""id"":""analyst-analyst-estimates"",""name"":""Analyst Estimates""}","[]","MATRIX","TOP700","0"
"0","{""id"":""analyst"",""name"":""Analyst""}","1","{""id"":""analyst7"",""name"":""Broker Estimates""}","1","2026-07-01","1","Number of raised analyst recommendations, where old and new estimates were made in the past 4 weeks","rec_raisednum_4wks","2","GBR","{""id"":""analyst-analyst-estimates"",""name"":""Analyst Estimates""}","[]","MATRIX","TOP700","0"
