"alphaCount","category","coverage","dataset","dateCoverage","dateCreated","delay","description","id","pyramidMultiplier","region","subcategory","themes","type","universe","userCount"
"0","{""id"":""fundamental"",""name"":""Fundamental""}","0","{""id"":""fundamental72"",""name"":""Comprehensive Fundamental Data""}","1","2026-07-01","1","Amounts owed to the company by customers and others, including notes receivable.","accounts_and_notes_receivable_2","2","GBR","{""id"":""fundamental-fundamental-data"",""name"":""Fundamental Data""}","[]","VECTOR","TOP700","0"
"0","{""id"":""fundamental"",""name"":""Fundamental""}","0","{""id"":""fundamental72"",""name"":""Comprehensive Fundamental Data""}","1","2026-07-01","1","Amount owed to suppliers for goods and services received.","accounts_payable_trade_amt","2","GBR","{""id"":""fundamental-fundamental-data"",""name"":""Fundamental Data""}","[]","VECTOR","TOP700","0"
"0","{""id"":""fundamental"",""name"":""Fundamental""}","0","{""id"":""fundamental72"",""name"":""Comprehensive Fundamental Data""}","1","2026-07-01","1","Value of other accounts receivable.","accounts_receivable_other","2","GBR","{""id"":""fundamental-fundamental-data"",""name"":""Fundamental Data""}","[]","MATRIX","TOP700","0"
"0","{""id"":""fundamental"",""name"":""Fundamental""}","0","{""id"":""fundamental72"",""name"":""Comprehensive Fundamental Data""}","1","2026-07-01","1","Total accrued expenses and other miscellaneous liabilities.","accrued_expenses_and_other_liabilities","2","GBR","{""id"":""fundamental-fundamental-data"",""name"":""Fundamental Data""}","[]","VECTOR","TOP700","0"
"0","{""id"":""fundamental"",""name"":""Fundamental""}","0","{""id"":""fundamental72"",""name"":""Comprehensive Fundamental Data""}","1","2026-07-01","1","Expenses incurred but not yet paid.","accrued_expenses_liabilities","2","GBR","{""id"":""fundamental-fundamental-data"",""name"":""Fundamental Data""}","[]","VECTOR","TOP700","0"
"0","{""id"":""fundamental"",""name"":""Fundamental""}","0","{""id"":""fundamental72"",""name"":""Comprehensive Fundamental Data""}","1","2026-07-01","1","Total depreciation accumulated on assets.","accumulated_depreciation_value","2","GBR","{""id"":""fundamental-fundamental-data"",""name"":""Fundamental Data""}","[]","VECTOR","TOP700","0"
"0","{""id"":""fundamental"",""name"":""Fundamental""}","0","{""id"":""fundamental72"",""name"":""Comprehensive Fundamental Data""}","1","2026-07-01","1","Capital contributed by shareholders in excess of par value.","additional_paid_in_capital_3","2","GBR","{""id"":""fundamental-fundamental-data"",""name"":""Fundamental Data""}","[]","VECTOR","TOP700","0"
"0","{""id"":""fundamental"",""name"":""Fundamental""}","0","{""id"":""fundamental72"",""name"":""Comprehensive Fundamental Data""}","1","2026-07-01","1","Capital contributed by shareholders in excess of par value.","additional_paid_in_capital_amt","2","GBR","{""id"":""fundamental-fundamental-data"",""name"":""Fundamental Data""}","[]","VECTOR","TOP700","0"
"0","{""id"":""fundamental"",""name"":""Fundamental""}","0","{""id"":""fundamental72"",""name"":""Comprehensive Fundamental Data""}","1","2026-07-01","1","Loans issued for agricultural purposes.","agricultural_loans_outstanding","2","GBR","{""id"":""fundamental-fundamental-data"",""name"":""Fundamental Data""}","[]","VECTOR","TOP700","0"
"0","{""id"":""fundamental"",""name"":""Fundamental""}","0","{""id"":""fundamental72"",""name"":""Comprehensive Fundamental Data""}","1","2026-07-01","1","Reserve for estimated uncollectible receivables.","allowance_for_doubtful_accounts_5","2","GBR","{""id"":""fundamental-fundamental-data"",""name"":""Fundamental Data""}","[]","VECTOR","TOP700","0"
"0","{""id"":""fundamental"",""name"":""Fundamental""}","0","{""id"":""fundamental72"",""name"":""Comprehensive Fundamental Data""}","1","2026-07-01","1","Accumulated other comprehensive income (as reported).","ard_accumulated_other_comprehensive_income_2","2","GBR","{""id"":""fundamental-fundamental-data"",""name"":""Fundamental Data""}","[]","VECTOR","TOP700","0"
"0","{""id"":""fundamental"",""name"":""Fundamental""}","0","{""id"":""fundamental72"",""name"":""Comprehensive Fundamental Data""}","1","2026-07-01","1","Book value of buildings owned (as reported).","ard_building_assets_value","2","GBR","{""id"":""fundamental-fundamental-data"",""name"":""Fundamental Data""}","[]","VECTOR","TOP700","0"
"0","{""id"":""fundamental"",""name"":""Fundamental""}","0","{""id"":""fundamental72"",""name"":""Comprehensive Fundamental Data""}","1","2026-07-01","1","Outstanding balance of commercial loans (as reported).","ard_commercial_loans_balance","2","GBR","{""id"":""fundamental-fundamental-data"",""name"":""Fundamental Data""}","[]","VECTOR","TOP700","0"
"0","{""id"":""fundamental"",""name"":""Fundamental""}","0","{""id"":""fundamental72"",""name"":""Comprehensive Fundamental Data""}","1","2026-07-01","1","Deferred income tax liabilities (as reported).","ard_deferred_income_taxes_liability","2","GBR","{""id"":""fundamental-fundamental-data"",""name"":""Fundamental Data""}","[]","VECTOR","TOP700","0"
"0","{""id"":""fundamental"",""name"":""Fundamental""}","0","{""id"":""fundamental72"",""name"":""Comprehensive Fundamental Data""}","1","2026-07-01","1","Deferred income tax liabilities in standardized ARD format (annual).","ard_deferred_income_taxes_liab_annual","2","GBR","{""id"":""fundamental-fundamental-data"",""name"":""Fundamental Data""}","[]","MATRIX","TOP700","0"
"0","{""id"":""fundamental"",""name"":""Fundamental""}","0","{""id"":""fundamental72"",""name"":""Comprehensive Fundamental Data""}","1","2026-07-01","1","Value of investments accounted for using the cost method (as reported).","ard_investment_cost_method_value","2","GBR","{""id"":""fundamental-fundamental-data"",""name"":""Fundamental Data""}","[]","VECTOR","TOP700","0"
"0","{""id"":""fundamental"",""name"":""Fundamental""}","0","{""id"":""fundamental72"",""name"":""Comprehensive Fundamental Data""}","1","2026-07-01","1","Net value of real estate investments (as reported).","ard_net_real_estate_investments","2","GBR","{""id"":""fundamental-fundamental-data"",""name"":""Fundamental Data""}","[]","VECTOR","TOP700","0"
"0","{""id"":""fundamental"",""name"":""Fundamental""}","0","{""id"":""fundamental72"",""name"":""Comprehensive Fundamental Data""}","1","2026-07-01","1","Value of other inventory items (as reported).","ard_other_inventory_value","2","GBR","{""id"":""fundamental-fundamental-data"",""name"":""Fundamental Data""}","[]","VECTOR","TOP700","0"
"0","{""id"":""fundamental"",""name"":""Fundamental""}","0","{""id"":""fundamental72"",""name"":""Comprehensive Fundamental Data""}","1","2026-07-01","1","Obligation for policyholder dividends (as reported).","ard_policyholder_dividend_obligation","2","GBR","{""id"":""fundamental-fundamental-data"",""name"":""Fundamental Data""}","[]","VECTOR","TOP700","0"
"0","{""id"":""fundamental"",""name"":""Fundamental""}","0","{""id"":""fundamental72"",""name"":""Comprehensive Fundamental Data""}","1","2026-07-01","1","Retained earnings or accumulated deficit in standardized ARD format (annual, duplicate field).","ard_retained_earnings_accum_deficit_annual","2","GBR","{""id"":""fundamental-fundamental-data"",""name"":""Fundamental Data""}","[]","MATRIX","TOP700","0"
"0","{""id"":""fundamental"",""name"":""Fundamental""}","0","{""id"":""fundamental72"",""name"":""Comprehensive Fundamental Data""}","1","2026-07-01","1","Gross value of transportation equipment (as reported).","ard_transportation_equipment_gross","2","GBR","{""id"":""fundamental-fundamental-data"",""name"":""Fundamental Data""}","[]","VECTOR","TOP700","0"
"0","{""id"":""fundamental"",""name"":""Fundamental""}","0","{""id"":""fundamental72"",""name"":""Comprehensive Fundamental Data""}","1","2026-07-01","1","Unrealized gain or loss on securities and equity holdings (as reported).","ard_unrealized_gain_loss_securities","2","GBR","{""id"":""fundamental-fundamental-data"",""name"":""Fundamental Data""}","[]","VECTOR","TOP700","0"
"0","{""id"":""fundamental"",""name"":""Fundamental""}","0","{""id"":""fundamental72"",""name"":""Comprehensive Fundamental Data""}","1","2026-07-01","1","Assets associated with discontinued business operations.","assets_discontinued_operations_5","2","GBR","{""id"":""fundamental-fundamental-data"",""name"":""Fundamental Data""}","[]","VECTOR","TOP700","0"
"0","{""id"":""fundamental"",""name"":""Fundamental""}","0","{""id"":""fundamental72"",""name"":""Comprehensive Fundamental Data""}","1","2026-07-01","1","Assets classified as held for sale.","assets_held_for_sale_2","2","GBR","{""id"":""fundamental-fundamental-data"",""name"":""Fundamental Data""}","[]","VECTOR","TOP700","0"
"0","{""id"":""fundamental"",""name"":""Fundamental""}","0","{""id"":""fundamental72"",""name"":""Comprehensive Fundamental Data""}","1","2026-07-01","1","Assets set aside for specific uses and not available for general operations.","assets_restricted_for_specific_purpose","2","GBR","{""id"":""fundamental-fundamental-data"",""name"":""Fundamental Data""}","[]","VECTOR","TOP700","0"
"0","{""id"":""fundamental"",""name"":""Fundamental""}","0","{""id"":""fundamental72"",""name"":""Comprehensive Fundamental Data""}","1","2026-07-01","1","Total value of authorized share capital.","authorized_share_capital_value","2","GBR","{""id"":""fundamental-fundamental-data"",""name"":""Fundamental Data""}","[]","VECTOR","TOP700","0"
"0","{""id"":""fundamental"",""name"":""Fundamental""}","0","{""id"":""fundamental72"",""name"":""Comprehensive Fundamental Data""}","1","2026-07-01","1","Maximum number of shares a company is legally allowed to issue.","authorized_share_count_3","2","GBR","{""id"":""fundamental-fundamental-data"",""name"":""Fundamental Data""}","[]","VECTOR","TOP700","0"
"0","{""id"":""fundamental"",""name"":""Fundamental""}","0","{""id"":""fundamental72"",""name"":""Comprehensive Fundamental Data""}","1","2026-07-01","1","Short-term borrowings from banks.","bank_short_term_borrowings","2","GBR","{""id"":""fundamental-fundamental-data"",""name"":""Fundamental Data""}","[]","VECTOR","TOP700","0"
"0","{""id"":""fundamental"",""name"":""Fundamental""}","0","{""id"":""fundamental72"",""name"":""Comprehensive Fundamental Data""}","1","2026-07-01","1","Capital expenditures including investments in fixed assets.","capital_expenditures_including_fixed_assets","2","GBR","{""id"":""fundamental-fundamental-data"",""name"":""Fundamental Data""}","[]","VECTOR","TOP700","0"
"0","{""id"":""fundamental"",""name"":""Fundamental""}","0","{""id"":""fundamental72"",""name"":""Comprehensive Fundamental Data""}","1","2026-07-01","1","Portion of equity set aside for specific capital purposes.","capital_reserves_equity","2","GBR","{""id"":""fundamental-fundamental-data"",""name"":""Fundamental Data""}","[]","VECTOR","TOP700","0"
"0","{""id"":""fundamental"",""name"":""Fundamental""}","0","{""id"":""fundamental72"",""name"":""Comprehensive Fundamental Data""}","1","2026-07-01","1","Cash on hand and highly liquid short-term investments.","cash_and_cash_equivalents_4","2","GBR","{""id"":""fundamental-fundamental-data"",""name"":""Fundamental Data""}","[]","VECTOR","TOP700","0"
"0","{""id"":""fundamental"",""name"":""Fundamental""}","0","{""id"":""fundamental72"",""name"":""Comprehensive Fundamental Data""}","1","2026-07-01","1","Cash and highly liquid assets held by the company.","cash_and_equivalents_amt","2","GBR","{""id"":""fundamental-fundamental-data"",""name"":""Fundamental Data""}","[]","VECTOR","TOP700","0"
"0","{""id"":""fundamental"",""name"":""Fundamental""}","0","{""id"":""fundamental72"",""name"":""Comprehensive Fundamental Data""}","1","2026-07-01","1","Cash and equivalents as reported in other statement formats.","cash_equivalents_other_amt","2","GBR","{""id"":""fundamental-fundamental-data"",""name"":""Fundamental Data""}","[]","VECTOR","TOP700","0"
"0","{""id"":""fundamental"",""name"":""Fundamental""}","0","{""id"":""fundamental72"",""name"":""Comprehensive Fundamental Data""}","1","2026-07-01","1","Cash received from issuing preferred stock.","cash_from_issuing_preferred_stock","2","GBR","{""id"":""fundamental-fundamental-data"",""name"":""Fundamental Data""}","[]","VECTOR","TOP700","0"
"0","{""id"":""fundamental"",""name"":""Fundamental""}","0","{""id"":""fundamental72"",""name"":""Comprehensive Fundamental Data""}","1","2026-07-01","1","Net cash flow from changes in loan balances.","change_in_loans_cashflow","2","GBR","{""id"":""fundamental-fundamental-data"",""name"":""Fundamental Data""}","[]","VECTOR","TOP700","0"
"0","{""id"":""fundamental"",""name"":""Fundamental""}","0","{""id"":""fundamental72"",""name"":""Comprehensive Fundamental Data""}","1","2026-07-01","1","Change in unrealized gains or losses on real estate investments.","change_unrealized_real_estate_investments","2","GBR","{""id"":""fundamental-fundamental-data"",""name"":""Fundamental Data""}","[]","VECTOR","TOP700","0"
"0","{""id"":""fundamental"",""name"":""Fundamental""}","0","{""id"":""fundamental72"",""name"":""Comprehensive Fundamental Data""}","1","2026-07-01","1","Value of collateral in cash and short-term market investments.","collateral_cash_market_short_term_investments","2","GBR","{""id"":""fundamental-fundamental-data"",""name"":""Fundamental Data""}","[]","VECTOR","TOP700","0"
"0","{""id"":""fundamental"",""name"":""Fundamental""}","0","{""id"":""fundamental72"",""name"":""Comprehensive Fundamental Data""}","1","2026-07-01","1","Total value of commercial loans outstanding.","commercial_loans_balance","2","GBR","{""id"":""fundamental-fundamental-data"",""name"":""Fundamental Data""}","[]","VECTOR","TOP700","0"
"0","{""id"":""fundamental"",""name"":""Fundamental""}","0","{""id"":""fundamental72"",""name"":""Comprehensive Fundamental Data""}","1","2026-07-01","1","Loans issued for commercial real estate purposes.","commercial_real_estate_loans","2","GBR","{""id"":""fundamental-fundamental-data"",""name"":""Fundamental Data""}","[]","VECTOR","TOP700","0"
"0","{""id"":""fundamental"",""name"":""Fundamental""}","0","{""id"":""fundamental72"",""name"":""Comprehensive Fundamental Data""}","1","2026-07-01","1","Value of common stock issued by the company.","common_stock_amt","2","GBR","{""id"":""fundamental-fundamental-data"",""name"":""Fundamental Data""}","[]","VECTOR","TOP700","0"
"0","{""id"":""fundamental"",""name"":""Fundamental""}","0","{""id"":""fundamental72"",""name"":""Comprehensive Fundamental Data""}","1","2026-07-01","1","Value of common stock issued and outstanding, as reported in annual statements.","common_stock_annual","2","GBR","{""id"":""fundamental-fundamental-data"",""name"":""Fundamental Data""}","[]","VECTOR","TOP700","0"
"0","{""id"":""fundamental"",""name"":""Fundamental""}","0","{""id"":""fundamental72"",""name"":""Comprehensive Fundamental Data""}","1","2026-07-01","1","Total value of loans consolidated on the balance sheet.","consolidated_loans_balance","2","GBR","{""id"":""fundamental-fundamental-data"",""name"":""Fundamental Data""}","[]","VECTOR","TOP700","0"
"0","{""id"":""fundamental"",""name"":""Fundamental""}","0","{""id"":""fundamental72"",""name"":""Comprehensive Fundamental Data""}","1","2026-07-01","1","Value of assets under construction not yet completed.","construction_in_progress_value_5","2","GBR","{""id"":""fundamental-fundamental-data"",""name"":""Fundamental Data""}","[]","VECTOR","TOP700","0"
"0","{""id"":""fundamental"",""name"":""Fundamental""}","0","{""id"":""fundamental72"",""name"":""Comprehensive Fundamental Data""}","1","2026-07-01","1","Total value of loans issued for construction projects.","construction_loans_value","2","GBR","{""id"":""fundamental-fundamental-data"",""name"":""Fundamental Data""}","[]","VECTOR","TOP700","0"
"0","{""id"":""fundamental"",""name"":""Fundamental""}","0","{""id"":""fundamental72"",""name"":""Comprehensive Fundamental Data""}","1","2026-07-01","1","Total value of loans issued to consumers.","consumer_loans_value","2","GBR","{""id"":""fundamental-fundamental-data"",""name"":""Fundamental Data""}","[]","VECTOR","TOP700","0"
"0","{""id"":""fundamental"",""name"":""Fundamental""}","0","{""id"":""fundamental72"",""name"":""Comprehensive Fundamental Data""}","1","2026-07-01","1","Core capital calculated according to local regulatory standards.","core_capital_local_standard_value","2","GBR","{""id"":""fundamental-fundamental-data"",""name"":""Fundamental Data""}","[]","VECTOR","TOP700","0"
"0","{""id"":""fundamental"",""name"":""Fundamental""}","0","{""id"":""fundamental72"",""name"":""Comprehensive Fundamental Data""}","1","2026-07-01","1","Ratio of a bank’s core equity capital to its total risk-weighted assets.","core_capital_ratio","2","GBR","{""id"":""fundamental-fundamental-data"",""name"":""Fundamental Data""}","[]","VECTOR","TOP700","0"
"0","{""id"":""fundamental"",""name"":""Fundamental""}","0","{""id"":""fundamental72"",""name"":""Comprehensive Fundamental Data""}","1","2026-07-01","1","Total adjustments from converting foreign subsidiaries’ financials to reporting currency.","cumulative_currency_translation_adjustments","2","GBR","{""id"":""fundamental-fundamental-data"",""name"":""Fundamental Data""}","[]","VECTOR","TOP700","0"
"0","{""id"":""fundamental"",""name"":""Fundamental""}","0","{""id"":""fundamental72"",""name"":""Comprehensive Fundamental Data""}","1","2026-07-01","1","Amount of long-term debt due within one year.","current_portion_long_term_debt_7","2","GBR","{""id"":""fundamental-fundamental-data"",""name"":""Fundamental Data""}","[]","VECTOR","TOP700","0"
"0","{""id"":""fundamental"",""name"":""Fundamental""}","0","{""id"":""fundamental72"",""name"":""Comprehensive Fundamental Data""}","1","2026-07-01","1","Alternative calculation of long-term debt due within one year.","current_portion_long_term_debt_alt","2","GBR","{""id"":""fundamental-fundamental-data"",""name"":""Fundamental Data""}","[]","VECTOR","TOP700","0"
"0","{""id"":""fundamental"",""name"":""Fundamental""}","0","{""id"":""fundamental72"",""name"":""Comprehensive Fundamental Data""}","1","2026-07-01","1","Liabilities related to customer acceptances and custody securities.","customer_acceptance_liabilities_custody_securities","2","GBR","{""id"":""fundamental-fundamental-data"",""name"":""Fundamental Data""}","[]","VECTOR","TOP700","0"
"0","{""id"":""fundamental"",""name"":""Fundamental""}","0","{""id"":""fundamental72"",""name"":""Comprehensive Fundamental Data""}","1","2026-07-01","1","Total value of deposits from customers.","customer_deposits_balance","2","GBR","{""id"":""fundamental-fundamental-data"",""name"":""Fundamental Data""}","[]","VECTOR","TOP700","0"
"0","{""id"":""fundamental"",""name"":""Fundamental""}","0","{""id"":""fundamental72"",""name"":""Comprehensive Fundamental Data""}","1","2026-07-01","1","Face value of amounts owed by debtors as shown on the balance sheet.","debtors_face_value","2","GBR","{""id"":""fundamental-fundamental-data"",""name"":""Fundamental Data""}","[]","VECTOR","TOP700","0"
"0","{""id"":""fundamental"",""name"":""Fundamental""}","0","{""id"":""fundamental72"",""name"":""Comprehensive Fundamental Data""}","1","2026-07-01","1","Outstanding debt obligations denominated in foreign currencies.","debt_denom_foreign_currency","2","GBR","{""id"":""fundamental-fundamental-data"",""name"":""Fundamental Data""}","[]","VECTOR","TOP700","0"
"0","{""id"":""fundamental"",""name"":""Fundamental""}","0","{""id"":""fundamental72"",""name"":""Comprehensive Fundamental Data""}","1","2026-07-01","1","Decrease in interest from real estate investments.","decrease_investment_real_estate_interest","2","GBR","{""id"":""fundamental-fundamental-data"",""name"":""Fundamental Data""}","[]","VECTOR","TOP700","0"
"0","{""id"":""fundamental"",""name"":""Fundamental""}","0","{""id"":""fundamental72"",""name"":""Comprehensive Fundamental Data""}","1","2026-07-01","1","Decrease in capital stock of subsidiaries.","decrease_in_capital_stock_subsidiaries","2","GBR","{""id"":""fundamental-fundamental-data"",""name"":""Fundamental Data""}","[]","VECTOR","TOP700","0"
"0","{""id"":""fundamental"",""name"":""Fundamental""}","0","{""id"":""fundamental72"",""name"":""Comprehensive Fundamental Data""}","1","2026-07-01","1","Decrease in deposits during the reporting period.","decrease_in_deposits","2","GBR","{""id"":""fundamental-fundamental-data"",""name"":""Fundamental Data""}","[]","VECTOR","TOP700","0"
"0","{""id"":""fundamental"",""name"":""Fundamental""}","0","{""id"":""fundamental72"",""name"":""Comprehensive Fundamental Data""}","1","2026-07-01","1","Decrease in fixed assets during the period.","decrease_in_fixed_assets","2","GBR","{""id"":""fundamental-fundamental-data"",""name"":""Fundamental Data""}","[]","VECTOR","TOP700","0"
"0","{""id"":""fundamental"",""name"":""Fundamental""}","0","{""id"":""fundamental72"",""name"":""Comprehensive Fundamental Data""}","1","2026-07-01","1","Decrease in investments in subsidiaries.","decrease_in_investments_subsidiaries","2","GBR","{""id"":""fundamental-fundamental-data"",""name"":""Fundamental Data""}","[]","VECTOR","TOP700","0"
"0","{""id"":""fundamental"",""name"":""Fundamental""}","0","{""id"":""fundamental72"",""name"":""Comprehensive Fundamental Data""}","1","2026-07-01","1","Decrease in loans, secondary classification.","decrease_in_loans_secondary","2","GBR","{""id"":""fundamental-fundamental-data"",""name"":""Fundamental Data""}","[]","VECTOR","TOP700","0"
"0","{""id"":""fundamental"",""name"":""Fundamental""}","0","{""id"":""fundamental72"",""name"":""Comprehensive Fundamental Data""}","1","2026-07-01","1","Reduction in long-term borrowings during the period.","decrease_in_long_term_borrowings","2","GBR","{""id"":""fundamental-fundamental-data"",""name"":""Fundamental Data""}","[]","VECTOR","TOP700","0"
"0","{""id"":""fundamental"",""name"":""Fundamental""}","0","{""id"":""fundamental72"",""name"":""Comprehensive Fundamental Data""}","1","2026-07-01","1","Expenses paid in advance and capitalized to be expensed in future periods.","deferred_costs_assets","2","GBR","{""id"":""fundamental-fundamental-data"",""name"":""Fundamental Data""}","[]","VECTOR","TOP700","0"
"0","{""id"":""fundamental"",""name"":""Fundamental""}","0","{""id"":""fundamental72"",""name"":""Comprehensive Fundamental Data""}","1","2026-07-01","1","Liabilities for deferred income taxes.","deferred_income_taxes_liabilities","2","GBR","{""id"":""fundamental-fundamental-data"",""name"":""Fundamental Data""}","[]","VECTOR","TOP700","0"
"0","{""id"":""fundamental"",""name"":""Fundamental""}","0","{""id"":""fundamental72"",""name"":""Comprehensive Fundamental Data""}","1","2026-07-01","1","An asset on a company's balance sheet representing future deductible amounts that may be used to reduce a company's future income tax liability. This is a monetary value in the reporting currency.","deferred_income_tax_asset_long_term","2","GBR","{""id"":""fundamental-fundamental-data"",""name"":""Fundamental Data""}","[]","MATRIX","TOP700","0"
"0","{""id"":""fundamental"",""name"":""Fundamental""}","0","{""id"":""fundamental72"",""name"":""Comprehensive Fundamental Data""}","1","2026-07-01","1","Liabilities for income taxes deferred to future periods.","deferred_income_tax_liabilities_3","2","GBR","{""id"":""fundamental-fundamental-data"",""name"":""Fundamental Data""}","[]","MATRIX","TOP700","0"
"0","{""id"":""fundamental"",""name"":""Fundamental""}","0","{""id"":""fundamental72"",""name"":""Comprehensive Fundamental Data""}","0.8349","2026-07-01","1","Costs deferred for acquiring insurance policies.","deferred_policy_acquisition_costs","2","GBR","{""id"":""fundamental-fundamental-data"",""name"":""Fundamental Data""}","[]","VECTOR","TOP700","0"
"0","{""id"":""fundamental"",""name"":""Fundamental""}","0","{""id"":""fundamental72"",""name"":""Comprehensive Fundamental Data""}","1","2026-07-01","1","Long-term deferred tax assets reported on the balance sheet.","deferred_tax_assets_long_term_amt","2","GBR","{""id"":""fundamental-fundamental-data"",""name"":""Fundamental Data""}","[]","VECTOR","TOP700","0"
"0","{""id"":""fundamental"",""name"":""Fundamental""}","0","{""id"":""fundamental72"",""name"":""Comprehensive Fundamental Data""}","1","2026-07-01","1","Deferred tax liabilities due beyond one year, as reported in annual statements.","deferred_tax_liabilities_long_term_a","2","GBR","{""id"":""fundamental-fundamental-data"",""name"":""Fundamental Data""}","[]","VECTOR","TOP700","0"
"0","{""id"":""fundamental"",""name"":""Fundamental""}","0","{""id"":""fundamental72"",""name"":""Comprehensive Fundamental Data""}","1","2026-07-01","1","Total value of demand deposits.","demand_deposits_balance","2","GBR","{""id"":""fundamental-fundamental-data"",""name"":""Fundamental Data""}","[]","VECTOR","TOP700","0"
"0","{""id"":""fundamental"",""name"":""Fundamental""}","0","{""id"":""fundamental72"",""name"":""Comprehensive Fundamental Data""}","1","2026-07-01","1","Total value of demand deposits held.","demand_deposits_value_2","2","GBR","{""id"":""fundamental-fundamental-data"",""name"":""Fundamental Data""}","[]","VECTOR","TOP700","0"
"0","{""id"":""fundamental"",""name"":""Fundamental""}","0","{""id"":""fundamental72"",""name"":""Comprehensive Fundamental Data""}","1","2026-07-01","1","Short-term derivative assets reported on the balance sheet.","derivative_assets_short_term_amt","2","GBR","{""id"":""fundamental-fundamental-data"",""name"":""Fundamental Data""}","[]","VECTOR","TOP700","0"
"0","{""id"":""fundamental"",""name"":""Fundamental""}","0","{""id"":""fundamental72"",""name"":""Comprehensive Fundamental Data""}","1","2026-07-01","1","Value of properties under development.","development_properties_value","2","GBR","{""id"":""fundamental-fundamental-data"",""name"":""Fundamental Data""}","[]","VECTOR","TOP700","0"
"0","{""id"":""fundamental"",""name"":""Fundamental""}","0","{""id"":""fundamental72"",""name"":""Comprehensive Fundamental Data""}","1","2026-07-01","1","Total cash dividends paid during the reporting period.","dividends_paid_cashflow_2","2","GBR","{""id"":""fundamental-fundamental-data"",""name"":""Fundamental Data""}","[]","MATRIX","TOP700","0"
"0","{""id"":""fundamental"",""name"":""Fundamental""}","0","{""id"":""fundamental72"",""name"":""Comprehensive Fundamental Data""}","1","2026-07-01","1","Cash outflow for dividends paid to shareholders.","dividends_paid_cash_flow","2","GBR","{""id"":""fundamental-fundamental-data"",""name"":""Fundamental Data""}","[]","VECTOR","TOP700","0"
"0","{""id"":""fundamental"",""name"":""Fundamental""}","0","{""id"":""fundamental72"",""name"":""Comprehensive Fundamental Data""}","1","2026-07-01","1","Dividends paid to subsidiary companies.","dividends_paid_to_subsidiaries","2","GBR","{""id"":""fundamental-fundamental-data"",""name"":""Fundamental Data""}","[]","VECTOR","TOP700","0"
"0","{""id"":""fundamental"",""name"":""Fundamental""}","0","{""id"":""fundamental72"",""name"":""Comprehensive Fundamental Data""}","1","2026-07-01","1","Present value of future profits from insurance contracts plus adjusted net asset value.","embedded_insurance_value","2","GBR","{""id"":""fundamental-fundamental-data"",""name"":""Fundamental Data""}","[]","VECTOR","TOP700","0"
"0","{""id"":""fundamental"",""name"":""Fundamental""}","0","{""id"":""fundamental72"",""name"":""Comprehensive Fundamental Data""}","1","2026-07-01","1","Value of equity investments in associates and affiliates.","equity_investments_associates_affiliates","2","GBR","{""id"":""fundamental-fundamental-data"",""name"":""Fundamental Data""}","[]","VECTOR","TOP700","0"
"0","{""id"":""fundamental"",""name"":""Fundamental""}","0","{""id"":""fundamental72"",""name"":""Comprehensive Fundamental Data""}","1","2026-07-01","1","Investments in equity securities such as stocks.","equity_securities_assets","2","GBR","{""id"":""fundamental-fundamental-data"",""name"":""Fundamental Data""}","[]","VECTOR","TOP700","0"
"0","{""id"":""fundamental"",""name"":""Fundamental""}","0","{""id"":""fundamental72"",""name"":""Comprehensive Fundamental Data""}","1","2026-07-01","1","Value of equity securities classified as available for sale.","equity_securities_available_for_sale_2","2","GBR","{""id"":""fundamental-fundamental-data"",""name"":""Fundamental Data""}","[]","VECTOR","TOP700","0"
"0","{""id"":""fundamental"",""name"":""Fundamental""}","0","{""id"":""fundamental72"",""name"":""Comprehensive Fundamental Data""}","1","2026-07-01","1","Value of equity securities held for trading purposes.","equity_securities_trading_value","2","GBR","{""id"":""fundamental-fundamental-data"",""name"":""Fundamental Data""}","[]","VECTOR","TOP700","0"
"0","{""id"":""fundamental"",""name"":""Fundamental""}","0","{""id"":""fundamental72"",""name"":""Comprehensive Fundamental Data""}","1","2026-07-01","1","Total value of equity securities held.","equity_securities_value","2","GBR","{""id"":""fundamental-fundamental-data"",""name"":""Fundamental Data""}","[]","VECTOR","TOP700","0"
"0","{""id"":""fundamental"",""name"":""Fundamental""}","0","{""id"":""fundamental72"",""name"":""Comprehensive Fundamental Data""}","1","2026-07-01","1","Fair value of assets classified as Level 1 under accounting standards.","fair_value_assets_level_1","2","GBR","{""id"":""fundamental-fundamental-data"",""name"":""Fundamental Data""}","[]","VECTOR","TOP700","0"
"0","{""id"":""fundamental"",""name"":""Fundamental""}","0","{""id"":""fundamental72"",""name"":""Comprehensive Fundamental Data""}","1","2026-07-01","1","Value of finished goods held in inventory.","finished_goods_inventory_value","2","GBR","{""id"":""fundamental-fundamental-data"",""name"":""Fundamental Data""}","[]","VECTOR","TOP700","0"
"0","{""id"":""fundamental"",""name"":""Fundamental""}","0","{""id"":""fundamental72"",""name"":""Comprehensive Fundamental Data""}","1","2026-07-01","1","Value of fixed income securities available for sale.","fixed_income_available_for_sale_value","2","GBR","{""id"":""fundamental-fundamental-data"",""name"":""Fundamental Data""}","[]","VECTOR","TOP700","0"
"0","{""id"":""fundamental"",""name"":""Fundamental""}","0","{""id"":""fundamental72"",""name"":""Comprehensive Fundamental Data""}","1","2026-07-01","1","Value of investments in fixed income securities.","fixed_income_investments_value","2","GBR","{""id"":""fundamental-fundamental-data"",""name"":""Fundamental Data""}","[]","VECTOR","TOP700","0"
"0","{""id"":""fundamental"",""name"":""Fundamental""}","0","{""id"":""fundamental72"",""name"":""Comprehensive Fundamental Data""}","1","2026-07-01","1","Total value of fixed income securities held.","fixed_income_securities_value","2","GBR","{""id"":""fundamental-fundamental-data"",""name"":""Fundamental Data""}","[]","VECTOR","TOP700","0"
"0","{""id"":""fundamental"",""name"":""Fundamental""}","0","{""id"":""fundamental72"",""name"":""Comprehensive Fundamental Data""}","1","2026-07-01","1","Assets held for trading in fixed income securities.","fixed_income_trading_assets_2","2","GBR","{""id"":""fundamental-fundamental-data"",""name"":""Fundamental Data""}","[]","VECTOR","TOP700","0"
"0","{""id"":""fundamental"",""name"":""Fundamental""}","0","{""id"":""fundamental72"",""name"":""Comprehensive Fundamental Data""}","1","2026-07-01","1","Outstanding balance of debt with a fixed interest rate.","fixed_rate_debt_balance","2","GBR","{""id"":""fundamental-fundamental-data"",""name"":""Fundamental Data""}","[]","VECTOR","TOP700","0"
"0","{""id"":""fundamental"",""name"":""Fundamental""}","0","{""id"":""fundamental72"",""name"":""Comprehensive Fundamental Data""}","1","2026-07-01","1","Annual cash proceeds from disposal of fixed assets","fnd72_a_cf_disp_fix_asset","2","GBR","{""id"":""fundamental-fundamental-data"",""name"":""Fundamental Data""}","[]","MATRIX","TOP700","0"
"0","{""id"":""fundamental"",""name"":""Fundamental""}","0","{""id"":""fundamental72"",""name"":""Comprehensive Fundamental Data""}","1","2026-07-01","1","Latest full earnings report date for which complete fundamentals are available","fnd72_pit_or_bs_a_announcement_dt","2","GBR","{""id"":""fundamental-fundamental-data"",""name"":""Fundamental Data""}","[]","VECTOR","TOP700","0"
"0","{""id"":""fundamental"",""name"":""Fundamental""}","0","{""id"":""fundamental72"",""name"":""Comprehensive Fundamental Data""}","1","2026-07-01","1","Other accounts payable and accruals","fnd72_pit_or_bs_a_bs_accrual","2","GBR","{""id"":""fundamental-fundamental-data"",""name"":""Fundamental Data""}","[]","VECTOR","TOP700","0"
"0","{""id"":""fundamental"",""name"":""Fundamental""}","0","{""id"":""fundamental72"",""name"":""Comprehensive Fundamental Data""}","1","2026-07-01","1","Accrued income taxes payable","fnd72_pit_or_bs_a_bs_accrued_income_taxes","2","GBR","{""id"":""fundamental-fundamental-data"",""name"":""Fundamental Data""}","[]","VECTOR","TOP700","0"
"0","{""id"":""fundamental"",""name"":""Fundamental""}","0","{""id"":""fundamental72"",""name"":""Comprehensive Fundamental Data""}","1","2026-07-01","1","Trade accounts receivable excluding notes receivable, net of allowances","fnd72_pit_or_bs_a_bs_accts_rec_excl_notes_rec","2","GBR","{""id"":""fundamental-fundamental-data"",""name"":""Fundamental Data""}","[]","VECTOR","TOP700","0"
"0","{""id"":""fundamental"",""name"":""Fundamental""}","0","{""id"":""fundamental72"",""name"":""Comprehensive Fundamental Data""}","1","2026-07-01","1","Accounts and notes receivable","fnd72_pit_or_bs_a_bs_acct_note_rcv","2","GBR","{""id"":""fundamental-fundamental-data"",""name"":""Fundamental Data""}","[]","VECTOR","TOP700","0"
"0","{""id"":""fundamental"",""name"":""Fundamental""}","0","{""id"":""fundamental72"",""name"":""Comprehensive Fundamental Data""}","1","2026-07-01","1","Accounts payable (trade payables)","fnd72_pit_or_bs_a_bs_acct_payable","2","GBR","{""id"":""fundamental-fundamental-data"",""name"":""Fundamental Data""}","[]","VECTOR","TOP700","0"
"0","{""id"":""fundamental"",""name"":""Fundamental""}","0","{""id"":""fundamental72"",""name"":""Comprehensive Fundamental Data""}","1","2026-07-01","1","Accumulated depreciation on fixed assets","fnd72_pit_or_bs_a_bs_accum_depr","2","GBR","{""id"":""fundamental-fundamental-data"",""name"":""Fundamental Data""}","[]","VECTOR","TOP700","0"
"0","{""id"":""fundamental"",""name"":""Fundamental""}","0","{""id"":""fundamental72"",""name"":""Comprehensive Fundamental Data""}","1","2026-07-01","1","Additional paid-in capital (capital contributed over par value)","fnd72_pit_or_bs_a_bs_add_paid_in_cap","2","GBR","{""id"":""fundamental-fundamental-data"",""name"":""Fundamental Data""}","[]","VECTOR","TOP700","0"
"0","{""id"":""fundamental"",""name"":""Fundamental""}","0","{""id"":""fundamental72"",""name"":""Comprehensive Fundamental Data""}","1","2026-07-01","1","Allowance for doubtful accounts against receivables","fnd72_pit_or_bs_a_bs_allow_doubtful_acc_rec","2","GBR","{""id"":""fundamental-fundamental-data"",""name"":""Fundamental Data""}","[]","VECTOR","TOP700","0"
"0","{""id"":""fundamental"",""name"":""Fundamental""}","0","{""id"":""fundamental72"",""name"":""Comprehensive Fundamental Data""}","1","2026-07-01","1","Carrying amount of treasury stock (repurchased shares)","fnd72_pit_or_bs_a_bs_amt_of_tsy_stock","2","GBR","{""id"":""fundamental-fundamental-data"",""name"":""Fundamental Data""}","[]","VECTOR","TOP700","0"
"0","{""id"":""fundamental"",""name"":""Fundamental""}","0","{""id"":""fundamental72"",""name"":""Comprehensive Fundamental Data""}","1","2026-07-01","1","Authorized share capital","fnd72_pit_or_bs_a_bs_auth_capital","2","GBR","{""id"":""fundamental-fundamental-data"",""name"":""Fundamental Data""}","[]","VECTOR","TOP700","0"
"0","{""id"":""fundamental"",""name"":""Fundamental""}","0","{""id"":""fundamental72"",""name"":""Comprehensive Fundamental Data""}","0.8987","2026-07-01","1","Capital reserve within equity (other equity reserves such as share premium or legal reserves)","fnd72_pit_or_bs_a_bs_capital_reserve","2","GBR","{""id"":""fundamental-fundamental-data"",""name"":""Fundamental Data""}","[]","VECTOR","TOP700","0"
"0","{""id"":""fundamental"",""name"":""Fundamental""}","0","{""id"":""fundamental72"",""name"":""Comprehensive Fundamental Data""}","1","2026-07-01","1","Capital stock (share capital)","fnd72_pit_or_bs_a_bs_capital_stock","2","GBR","{""id"":""fundamental-fundamental-data"",""name"":""Fundamental Data""}","[]","VECTOR","TOP700","0"
"0","{""id"":""fundamental"",""name"":""Fundamental""}","0","{""id"":""fundamental72"",""name"":""Comprehensive Fundamental Data""}","1","2026-07-01","1","Cash and cash equivalents","fnd72_pit_or_bs_a_bs_cash_near_cash_item","2","GBR","{""id"":""fundamental-fundamental-data"",""name"":""Fundamental Data""}","[]","VECTOR","TOP700","0"
"0","{""id"":""fundamental"",""name"":""Fundamental""}","0","{""id"":""fundamental72"",""name"":""Comprehensive Fundamental Data""}","1","2026-07-01","1","Common stock","fnd72_pit_or_bs_a_bs_common_stock","2","GBR","{""id"":""fundamental-fundamental-data"",""name"":""Fundamental Data""}","[]","VECTOR","TOP700","0"
"0","{""id"":""fundamental"",""name"":""Fundamental""}","0","{""id"":""fundamental72"",""name"":""Comprehensive Fundamental Data""}","1","2026-07-01","1","Rental expense for the current reporting period (typically operating lease expense)","fnd72_pit_or_bs_a_bs_curr_rental_expense","2","GBR","{""id"":""fundamental-fundamental-data"",""name"":""Fundamental Data""}","[]","VECTOR","TOP700","0"
"0","{""id"":""fundamental"",""name"":""Fundamental""}","0","{""id"":""fundamental72"",""name"":""Comprehensive Fundamental Data""}","1","2026-07-01","1","Total current assets","fnd72_pit_or_bs_a_bs_cur_asset_report","2","GBR","{""id"":""fundamental-fundamental-data"",""name"":""Fundamental Data""}","[]","VECTOR","TOP700","0"
"0","{""id"":""fundamental"",""name"":""Fundamental""}","0","{""id"":""fundamental72"",""name"":""Comprehensive Fundamental Data""}","1","2026-07-01","1","Total current liabilities at the reporting date","fnd72_pit_or_bs_a_bs_cur_liab","2","GBR","{""id"":""fundamental-fundamental-data"",""name"":""Fundamental Data""}","[]","VECTOR","TOP700","0"
"0","{""id"":""fundamental"",""name"":""Fundamental""}","0","{""id"":""fundamental72"",""name"":""Comprehensive Fundamental Data""}","1","2026-07-01","1","Long-term net deferred tax liabilities","fnd72_pit_or_bs_a_bs_def_tax_liab","2","GBR","{""id"":""fundamental-fundamental-data"",""name"":""Fundamental Data""}","[]","VECTOR","TOP700","0"
"0","{""id"":""fundamental"",""name"":""Fundamental""}","0","{""id"":""fundamental72"",""name"":""Comprehensive Fundamental Data""}","1","2026-07-01","1","Net carrying value of disclosed intangible assets","fnd72_pit_or_bs_a_bs_disclosed_intangibles","2","GBR","{""id"":""fundamental-fundamental-data"",""name"":""Fundamental Data""}","[]","VECTOR","TOP700","0"
"0","{""id"":""fundamental"",""name"":""Fundamental""}","0","{""id"":""fundamental72"",""name"":""Comprehensive Fundamental Data""}","1","2026-07-01","1","Future minimum payments due under operating lease obligations","fnd72_pit_or_bs_a_bs_future_min_oper_lease_oblig","2","GBR","{""id"":""fundamental-fundamental-data"",""name"":""Fundamental Data""}","[]","VECTOR","TOP700","0"
"0","{""id"":""fundamental"",""name"":""Fundamental""}","0","{""id"":""fundamental72"",""name"":""Comprehensive Fundamental Data""}","1","2026-07-01","1","Goodwill intangible asset from acquisitions","fnd72_pit_or_bs_a_bs_goodwill","2","GBR","{""id"":""fundamental-fundamental-data"",""name"":""Fundamental Data""}","[]","VECTOR","TOP700","0"
"0","{""id"":""fundamental"",""name"":""Fundamental""}","0","{""id"":""fundamental72"",""name"":""Comprehensive Fundamental Data""}","1","2026-07-01","1","Gross property, plant, and equipment before accumulated depreciation","fnd72_pit_or_bs_a_bs_gross_fix_asset","2","GBR","{""id"":""fundamental-fundamental-data"",""name"":""Fundamental Data""}","[]","VECTOR","TOP700","0"
"0","{""id"":""fundamental"",""name"":""Fundamental""}","0","{""id"":""fundamental72"",""name"":""Comprehensive Fundamental Data""}","1","2026-07-01","1","Inventory balances held by the company","fnd72_pit_or_bs_a_bs_inventories","2","GBR","{""id"":""fundamental-fundamental-data"",""name"":""Fundamental Data""}","[]","VECTOR","TOP700","0"
"0","{""id"":""fundamental"",""name"":""Fundamental""}","0","{""id"":""fundamental72"",""name"":""Comprehensive Fundamental Data""}","1","2026-07-01","1","Investments in associate or affiliate companies (equity method)","fnd72_pit_or_bs_a_bs_invest_in_assoc_co","2","GBR","{""id"":""fundamental-fundamental-data"",""name"":""Fundamental Data""}","[]","VECTOR","TOP700","0"
"0","{""id"":""fundamental"",""name"":""Fundamental""}","0","{""id"":""fundamental72"",""name"":""Comprehensive Fundamental Data""}","1","2026-07-01","1","LIFO reserve","fnd72_pit_or_bs_a_bs_lifo_reserve","2","GBR","{""id"":""fundamental-fundamental-data"",""name"":""Fundamental Data""}","[]","VECTOR","TOP700","0"
"0","{""id"":""fundamental"",""name"":""Fundamental""}","0","{""id"":""fundamental72"",""name"":""Comprehensive Fundamental Data""}","1","2026-07-01","1","Total long-term debt obligations due beyond one year","fnd72_pit_or_bs_a_bs_lt_borrow","2","GBR","{""id"":""fundamental-fundamental-data"",""name"":""Fundamental Data""}","[]","VECTOR","TOP700","0"
"0","{""id"":""fundamental"",""name"":""Fundamental""}","0","{""id"":""fundamental72"",""name"":""Comprehensive Fundamental Data""}","1","2026-07-01","1","Long-term investments and receivables reported on the balance sheet","fnd72_pit_or_bs_a_bs_lt_invest","2","GBR","{""id"":""fundamental-fundamental-data"",""name"":""Fundamental Data""}","[]","VECTOR","TOP700","0"
"0","{""id"":""fundamental"",""name"":""Fundamental""}","0","{""id"":""fundamental72"",""name"":""Comprehensive Fundamental Data""}","1","2026-07-01","1","Marketable securities and other short-term investments","fnd72_pit_or_bs_a_bs_mkt_sec_other_st_invest","2","GBR","{""id"":""fundamental-fundamental-data"",""name"":""Fundamental Data""}","[]","VECTOR","TOP700","0"
"0","{""id"":""fundamental"",""name"":""Fundamental""}","0","{""id"":""fundamental72"",""name"":""Comprehensive Fundamental Data""}","1","2026-07-01","1","Property, plant and equipment net of accumulated depreciation","fnd72_pit_or_bs_a_bs_net_fix_asset","2","GBR","{""id"":""fundamental-fundamental-data"",""name"":""Fundamental Data""}","[]","VECTOR","TOP700","0"
"0","{""id"":""fundamental"",""name"":""Fundamental""}","0","{""id"":""fundamental72"",""name"":""Comprehensive Fundamental Data""}","1","2026-07-01","1","Non-Depreciable Real Estate","fnd72_pit_or_bs_a_bs_non_depr_decomm_fund","2","GBR","{""id"":""fundamental-fundamental-data"",""name"":""Fundamental Data""}","[]","VECTOR","TOP700","0"
"0","{""id"":""fundamental"",""name"":""Fundamental""}","0","{""id"":""fundamental72"",""name"":""Comprehensive Fundamental Data""}","1","2026-07-01","1","Total number of shareholders","fnd72_pit_or_bs_a_bs_num_of_shareholders","2","GBR","{""id"":""fundamental-fundamental-data"",""name"":""Fundamental Data""}","[]","VECTOR","TOP700","0"
"0","{""id"":""fundamental"",""name"":""Fundamental""}","0","{""id"":""fundamental72"",""name"":""Comprehensive Fundamental Data""}","1","2026-07-01","1","Number of shares held in treasury by the company","fnd72_pit_or_bs_a_bs_num_of_tsy_sh","2","GBR","{""id"":""fundamental-fundamental-data"",""name"":""Fundamental Data""}","[]","VECTOR","TOP700","0"
"0","{""id"":""fundamental"",""name"":""Fundamental""}","0","{""id"":""fundamental72"",""name"":""Comprehensive Fundamental Data""}","1","2026-07-01","1","Number of stock options granted during the period","fnd72_pit_or_bs_a_bs_options_granted","2","GBR","{""id"":""fundamental-fundamental-data"",""name"":""Fundamental Data""}","[]","VECTOR","TOP700","0"
"0","{""id"":""fundamental"",""name"":""Fundamental""}","0","{""id"":""fundamental72"",""name"":""Comprehensive Fundamental Data""}","1","2026-07-01","1","Number of stock options outstanding at period end","fnd72_pit_or_bs_a_bs_options_outstanding","2","GBR","{""id"":""fundamental-fundamental-data"",""name"":""Fundamental Data""}","[]","VECTOR","TOP700","0"
"0","{""id"":""fundamental"",""name"":""Fundamental""}","0","{""id"":""fundamental72"",""name"":""Comprehensive Fundamental Data""}","1","2026-07-01","1","Other long-term assets","fnd72_pit_or_bs_a_bs_other_asset_def_chng_other","2","GBR","{""id"":""fundamental-fundamental-data"",""name"":""Fundamental Data""}","[]","VECTOR","TOP700","0"
"0","{""id"":""fundamental"",""name"":""Fundamental""}","0","{""id"":""fundamental72"",""name"":""Comprehensive Fundamental Data""}","1","2026-07-01","1","Other current assets","fnd72_pit_or_bs_a_bs_other_cur_asset","2","GBR","{""id"":""fundamental-fundamental-data"",""name"":""Fundamental Data""}","[]","VECTOR","TOP700","0"
"0","{""id"":""fundamental"",""name"":""Fundamental""}","0","{""id"":""fundamental72"",""name"":""Comprehensive Fundamental Data""}","0.8987","2026-07-01","1","Other current assets excluding prepaid expenses","fnd72_pit_or_bs_a_bs_other_cur_asset_less_prepay","2","GBR","{""id"":""fundamental-fundamental-data"",""name"":""Fundamental Data""}","[]","VECTOR","TOP700","0"
"0","{""id"":""fundamental"",""name"":""Fundamental""}","0","{""id"":""fundamental72"",""name"":""Comprehensive Fundamental Data""}","1","2026-07-01","1","Other current (short-term) liabilities","fnd72_pit_or_bs_a_bs_other_cur_liab","2","GBR","{""id"":""fundamental-fundamental-data"",""name"":""Fundamental Data""}","[]","VECTOR","TOP700","0"
"0","{""id"":""fundamental"",""name"":""Fundamental""}","0","{""id"":""fundamental72"",""name"":""Comprehensive Fundamental Data""}","1","2026-07-01","1","Other inventories and related allowances","fnd72_pit_or_bs_a_bs_other_inv","2","GBR","{""id"":""fundamental-fundamental-data"",""name"":""Fundamental Data""}","[]","VECTOR","TOP700","0"
"0","{""id"":""fundamental"",""name"":""Fundamental""}","0","{""id"":""fundamental72"",""name"":""Comprehensive Fundamental Data""}","1","2026-07-01","1","Other long-term liabilities","fnd72_pit_or_bs_a_bs_other_lt_liabilities","2","GBR","{""id"":""fundamental-fundamental-data"",""name"":""Fundamental Data""}","[]","VECTOR","TOP700","0"
"0","{""id"":""fundamental"",""name"":""Fundamental""}","0","{""id"":""fundamental72"",""name"":""Comprehensive Fundamental Data""}","1","2026-07-01","1","Other current liabilities not otherwise classified, due within one year","fnd72_pit_or_bs_a_bs_other_st_liab","2","GBR","{""id"":""fundamental-fundamental-data"",""name"":""Fundamental Data""}","[]","VECTOR","TOP700","0"
"0","{""id"":""fundamental"",""name"":""Fundamental""}","0","{""id"":""fundamental72"",""name"":""Comprehensive Fundamental Data""}","1","2026-07-01","1","Par value of issued shares","fnd72_pit_or_bs_a_bs_par_val","2","GBR","{""id"":""fundamental-fundamental-data"",""name"":""Fundamental Data""}","[]","VECTOR","TOP700","0"
"0","{""id"":""fundamental"",""name"":""Fundamental""}","0","{""id"":""fundamental72"",""name"":""Comprehensive Fundamental Data""}","1","2026-07-01","1","Pension and post-retirement benefit obligations (liability)","fnd72_pit_or_bs_a_bs_pension_rsrv","2","GBR","{""id"":""fundamental-fundamental-data"",""name"":""Fundamental Data""}","[]","VECTOR","TOP700","0"
"0","{""id"":""fundamental"",""name"":""Fundamental""}","0","{""id"":""fundamental72"",""name"":""Comprehensive Fundamental Data""}","1","2026-07-01","1","Percentage of foreign ownership in the entity","fnd72_pit_or_bs_a_bs_percent_of_foreign_ownership","2","GBR","{""id"":""fundamental-fundamental-data"",""name"":""Fundamental Data""}","[]","VECTOR","TOP700","0"
"0","{""id"":""fundamental"",""name"":""Fundamental""}","0","{""id"":""fundamental72"",""name"":""Comprehensive Fundamental Data""}","1","2026-07-01","1","Preferred equity (preferred stock) outstanding","fnd72_pit_or_bs_a_bs_pfd_eqy","2","GBR","{""id"":""fundamental-fundamental-data"",""name"":""Fundamental Data""}","[]","VECTOR","TOP700","0"
"0","{""id"":""fundamental"",""name"":""Fundamental""}","0","{""id"":""fundamental72"",""name"":""Comprehensive Fundamental Data""}","1","2026-07-01","1","Construction in progress for plant/assets (capital work not yet placed in service)","fnd72_pit_or_bs_a_bs_plant_const_in_prog","2","GBR","{""id"":""fundamental-fundamental-data"",""name"":""Fundamental Data""}","[]","VECTOR","TOP700","0"
"0","{""id"":""fundamental"",""name"":""Fundamental""}","0","{""id"":""fundamental72"",""name"":""Comprehensive Fundamental Data""}","0.8981","2026-07-01","1","Prepaid expenses","fnd72_pit_or_bs_a_bs_prepay","2","GBR","{""id"":""fundamental-fundamental-data"",""name"":""Fundamental Data""}","[]","VECTOR","TOP700","0"
"0","{""id"":""fundamental"",""name"":""Fundamental""}","0","{""id"":""fundamental72"",""name"":""Comprehensive Fundamental Data""}","1","2026-07-01","1","Retained earnings (accumulated profits/losses)","fnd72_pit_or_bs_a_bs_pure_retained_earnings","2","GBR","{""id"":""fundamental-fundamental-data"",""name"":""Fundamental Data""}","[]","VECTOR","TOP700","0"
"0","{""id"":""fundamental"",""name"":""Fundamental""}","0","{""id"":""fundamental72"",""name"":""Comprehensive Fundamental Data""}","1","2026-07-01","1","Contracted rental payments due beyond Year 5 under operating lease commitments","fnd72_pit_or_bs_a_bs_rental_exp_beyond_year_5","2","GBR","{""id"":""fundamental-fundamental-data"",""name"":""Fundamental Data""}","[]","VECTOR","TOP700","0"
"0","{""id"":""fundamental"",""name"":""Fundamental""}","0","{""id"":""fundamental72"",""name"":""Comprehensive Fundamental Data""}","1","2026-07-01","1","Rental expense for Year 1","fnd72_pit_or_bs_a_bs_rental_exp_year_1","2","GBR","{""id"":""fundamental-fundamental-data"",""name"":""Fundamental Data""}","[]","VECTOR","TOP700","0"
"0","{""id"":""fundamental"",""name"":""Fundamental""}","0","{""id"":""fundamental72"",""name"":""Comprehensive Fundamental Data""}","1","2026-07-01","1","Contracted rental payments due in Year 2 under operating lease commitments","fnd72_pit_or_bs_a_bs_rental_exp_year_2","2","GBR","{""id"":""fundamental-fundamental-data"",""name"":""Fundamental Data""}","[]","VECTOR","TOP700","0"
"0","{""id"":""fundamental"",""name"":""Fundamental""}","0","{""id"":""fundamental72"",""name"":""Comprehensive Fundamental Data""}","1","2026-07-01","1","Rental expense for Year 3","fnd72_pit_or_bs_a_bs_rental_exp_year_3","2","GBR","{""id"":""fundamental-fundamental-data"",""name"":""Fundamental Data""}","[]","VECTOR","TOP700","0"
"0","{""id"":""fundamental"",""name"":""Fundamental""}","0","{""id"":""fundamental72"",""name"":""Comprehensive Fundamental Data""}","1","2026-07-01","1","Contracted rental payments due in Year 4 under operating lease commitments","fnd72_pit_or_bs_a_bs_rental_exp_year_4","2","GBR","{""id"":""fundamental-fundamental-data"",""name"":""Fundamental Data""}","[]","VECTOR","TOP700","0"
"0","{""id"":""fundamental"",""name"":""Fundamental""}","0","{""id"":""fundamental72"",""name"":""Comprehensive Fundamental Data""}","1","2026-07-01","1","Contracted rental payments due in Year 5 under operating lease commitments","fnd72_pit_or_bs_a_bs_rental_exp_year_5","2","GBR","{""id"":""fundamental-fundamental-data"",""name"":""Fundamental Data""}","[]","VECTOR","TOP700","0"
"0","{""id"":""fundamental"",""name"":""Fundamental""}","0","{""id"":""fundamental72"",""name"":""Comprehensive Fundamental Data""}","1","2026-07-01","1","Retained earnings and other equity components","fnd72_pit_or_bs_a_bs_retain_earn","2","GBR","{""id"":""fundamental-fundamental-data"",""name"":""Fundamental Data""}","[]","VECTOR","TOP700","0"
"0","{""id"":""fundamental"",""name"":""Fundamental""}","0","{""id"":""fundamental72"",""name"":""Comprehensive Fundamental Data""}","1","2026-07-01","1","Real estate investments","fnd72_pit_or_bs_a_bs_re_invest","2","GBR","{""id"":""fundamental-fundamental-data"",""name"":""Fundamental Data""}","[]","VECTOR","TOP700","0"
"0","{""id"":""fundamental"",""name"":""Fundamental""}","0","{""id"":""fundamental72"",""name"":""Comprehensive Fundamental Data""}","1","2026-07-01","1","Share capital at par plus additional paid-in capital","fnd72_pit_or_bs_a_bs_sh_cap_and_apic","2","GBR","{""id"":""fundamental-fundamental-data"",""name"":""Fundamental Data""}","[]","VECTOR","TOP700","0"
"0","{""id"":""fundamental"",""name"":""Fundamental""}","0","{""id"":""fundamental72"",""name"":""Comprehensive Fundamental Data""}","1","2026-07-01","1","Shares outstanding at period end","fnd72_pit_or_bs_a_bs_sh_out","2","GBR","{""id"":""fundamental-fundamental-data"",""name"":""Fundamental Data""}","[]","VECTOR","TOP700","0"
"0","{""id"":""fundamental"",""name"":""Fundamental""}","0","{""id"":""fundamental72"",""name"":""Comprehensive Fundamental Data""}","1","2026-07-01","1","Short-term borrowings and debt due within one year","fnd72_pit_or_bs_a_bs_st_borrow","2","GBR","{""id"":""fundamental-fundamental-data"",""name"":""Fundamental Data""}","[]","VECTOR","TOP700","0"
"0","{""id"":""fundamental"",""name"":""Fundamental""}","0","{""id"":""fundamental72"",""name"":""Comprehensive Fundamental Data""}","1","2026-07-01","1","Short-term debt","fnd72_pit_or_bs_a_bs_st_debt","2","GBR","{""id"":""fundamental-fundamental-data"",""name"":""Fundamental Data""}","[]","VECTOR","TOP700","0"
"0","{""id"":""fundamental"",""name"":""Fundamental""}","0","{""id"":""fundamental72"",""name"":""Comprehensive Fundamental Data""}","1","2026-07-01","1","Current maturities of long-term debt due within one year","fnd72_pit_or_bs_a_bs_st_portion_of_lt_debt","2","GBR","{""id"":""fundamental-fundamental-data"",""name"":""Fundamental Data""}","[]","VECTOR","TOP700","0"
"0","{""id"":""fundamental"",""name"":""Fundamental""}","0","{""id"":""fundamental72"",""name"":""Comprehensive Fundamental Data""}","1","2026-07-01","1","Total available lines of credit","fnd72_pit_or_bs_a_bs_total_avail_line_of_credit","2","GBR","{""id"":""fundamental-fundamental-data"",""name"":""Fundamental Data""}","[]","VECTOR","TOP700","0"
"0","{""id"":""fundamental"",""name"":""Fundamental""}","0","{""id"":""fundamental72"",""name"":""Comprehensive Fundamental Data""}","1","2026-07-01","1","Total capital lease obligations","fnd72_pit_or_bs_a_bs_total_capital_leases","2","GBR","{""id"":""fundamental-fundamental-data"",""name"":""Fundamental Data""}","[]","VECTOR","TOP700","0"
"0","{""id"":""fundamental"",""name"":""Fundamental""}","0","{""id"":""fundamental72"",""name"":""Comprehensive Fundamental Data""}","1","2026-07-01","1","Total committed lines of credit facilities","fnd72_pit_or_bs_a_bs_total_line_of_credit","2","GBR","{""id"":""fundamental-fundamental-data"",""name"":""Fundamental Data""}","[]","VECTOR","TOP700","0"
"0","{""id"":""fundamental"",""name"":""Fundamental""}","0","{""id"":""fundamental72"",""name"":""Comprehensive Fundamental Data""}","1","2026-07-01","1","Total assets on the balance sheet","fnd72_pit_or_bs_a_bs_tot_asset","2","GBR","{""id"":""fundamental-fundamental-data"",""name"":""Fundamental Data""}","[]","VECTOR","TOP700","0"
"0","{""id"":""fundamental"",""name"":""Fundamental""}","0","{""id"":""fundamental72"",""name"":""Comprehensive Fundamental Data""}","1","2026-07-01","1","Total shareholders’ equity or partnership capital","fnd72_pit_or_bs_a_bs_tot_eqy","2","GBR","{""id"":""fundamental-fundamental-data"",""name"":""Fundamental Data""}","[]","VECTOR","TOP700","0"
"0","{""id"":""fundamental"",""name"":""Fundamental""}","0","{""id"":""fundamental72"",""name"":""Comprehensive Fundamental Data""}","1","2026-07-01","1","Total liabilities plus equity as presented for REITs, typically equal to total assets","fnd72_pit_or_bs_a_bs_tot_liab_eqy","2","GBR","{""id"":""fundamental-fundamental-data"",""name"":""Fundamental Data""}","[]","VECTOR","TOP700","0"
"0","{""id"":""fundamental"",""name"":""Fundamental""}","0","{""id"":""fundamental72"",""name"":""Comprehensive Fundamental Data""}","1","2026-07-01","1","Total contingent liabilities and commitments dependent on future events","fnd72_pit_or_bs_a_contingent_liabilities","2","GBR","{""id"":""fundamental-fundamental-data"",""name"":""Fundamental Data""}","[]","VECTOR","TOP700","0"
"0","{""id"":""fundamental"",""name"":""Fundamental""}","0","{""id"":""fundamental72"",""name"":""Comprehensive Fundamental Data""}","1","2026-07-01","1","Currency in which the fundamental data is reported (currency override)","fnd72_pit_or_bs_a_eqy_fund_crncy","2","GBR","{""id"":""fundamental-fundamental-data"",""name"":""Fundamental Data""}","[]","VECTOR","TOP700","0"
"0","{""id"":""fundamental"",""name"":""Fundamental""}","0","{""id"":""fundamental72"",""name"":""Comprehensive Fundamental Data""}","1","2026-07-01","1","Fiscal year and period identifier for the reported quarter","fnd72_pit_or_bs_a_fiscal_year_period","2","GBR","{""id"":""fundamental-fundamental-data"",""name"":""Fundamental Data""}","[]","VECTOR","TOP700","0"
"0","{""id"":""fundamental"",""name"":""Fundamental""}","0","{""id"":""fundamental72"",""name"":""Comprehensive Fundamental Data""}","1","2026-07-01","1","Date when the fundamental data point was entered","fnd72_pit_or_bs_a_fundamental_entry_dt","2","GBR","{""id"":""fundamental-fundamental-data"",""name"":""Fundamental Data""}","[]","VECTOR","TOP700","0"
"0","{""id"":""fundamental"",""name"":""Fundamental""}","0","{""id"":""fundamental72"",""name"":""Comprehensive Fundamental Data""}","1","2026-07-01","1","Finished goods component of inventory","fnd72_pit_or_bs_a_invtry_finished_goods","2","GBR","{""id"":""fundamental-fundamental-data"",""name"":""Fundamental Data""}","[]","VECTOR","TOP700","0"
"0","{""id"":""fundamental"",""name"":""Fundamental""}","0","{""id"":""fundamental72"",""name"":""Comprehensive Fundamental Data""}","1","2026-07-01","1","Work-in-progress inventory","fnd72_pit_or_bs_a_invtry_in_progress","2","GBR","{""id"":""fundamental-fundamental-data"",""name"":""Fundamental Data""}","[]","VECTOR","TOP700","0"
"0","{""id"":""fundamental"",""name"":""Fundamental""}","0","{""id"":""fundamental72"",""name"":""Comprehensive Fundamental Data""}","1","2026-07-01","1","Raw materials component of inventory","fnd72_pit_or_bs_a_invtry_raw_materials","2","GBR","{""id"":""fundamental-fundamental-data"",""name"":""Fundamental Data""}","[]","VECTOR","TOP700","0"
"0","{""id"":""fundamental"",""name"":""Fundamental""}","0","{""id"":""fundamental72"",""name"":""Comprehensive Fundamental Data""}","1","2026-07-01","1","Latest available period end date from full financial records","fnd72_pit_or_bs_a_latest_period_end_dt_full_record","2","GBR","{""id"":""fundamental-fundamental-data"",""name"":""Fundamental Data""}","[]","VECTOR","TOP700","0"
"0","{""id"":""fundamental"",""name"":""Fundamental""}","0","{""id"":""fundamental72"",""name"":""Comprehensive Fundamental Data""}","1","2026-07-01","1","Noncurrent portion of obligations under capital/finance leases","fnd72_pit_or_bs_a_lt_capital_lease_obligations","2","GBR","{""id"":""fundamental-fundamental-data"",""name"":""Fundamental Data""}","[]","VECTOR","TOP700","0"
"0","{""id"":""fundamental"",""name"":""Fundamental""}","0","{""id"":""fundamental72"",""name"":""Comprehensive Fundamental Data""}","1","2026-07-01","1","Equity attributable to non-controlling interests in subsidiaries","fnd72_pit_or_bs_a_minority_noncontrolling_interest","2","GBR","{""id"":""fundamental-fundamental-data"",""name"":""Fundamental Data""}","[]","VECTOR","TOP700","0"
"0","{""id"":""fundamental"",""name"":""Fundamental""}","0","{""id"":""fundamental72"",""name"":""Comprehensive Fundamental Data""}","1","2026-07-01","1","Amounts owed to the company via promissory notes (notes receivable)","fnd72_pit_or_bs_a_notes_receivable","2","GBR","{""id"":""fundamental-fundamental-data"",""name"":""Fundamental Data""}","[]","VECTOR","TOP700","0"
"0","{""id"":""fundamental"",""name"":""Fundamental""}","0","{""id"":""fundamental72"",""name"":""Comprehensive Fundamental Data""}","1","2026-07-01","1","Current portion of capital lease liabilities due within one year","fnd72_pit_or_bs_a_st_capital_lease_obligations","2","GBR","{""id"":""fundamental-fundamental-data"",""name"":""Fundamental Data""}","[]","VECTOR","TOP700","0"
"0","{""id"":""fundamental"",""name"":""Fundamental""}","0","{""id"":""fundamental72"",""name"":""Comprehensive Fundamental Data""}","1","2026-07-01","1","Date of the latest earnings announcement for which full fundamental information is available","fnd72_pit_or_cf_a_announcement_dt","2","GBR","{""id"":""fundamental-fundamental-data"",""name"":""Fundamental Data""}","[]","VECTOR","TOP700","0"
"0","{""id"":""fundamental"",""name"":""Fundamental""}","0","{""id"":""fundamental72"",""name"":""Comprehensive Fundamental Data""}","1","2026-07-01","1","Change in accounts receivable, notes receivable, and unbilled revenue used in operating cash flow","fnd72_pit_or_cf_a_cf_acct_rcv_unbilled_rev","2","GBR","{""id"":""fundamental-fundamental-data"",""name"":""Fundamental Data""}","[]","VECTOR","TOP700","0"
"0","{""id"":""fundamental"",""name"":""Fundamental""}","0","{""id"":""fundamental72"",""name"":""Comprehensive Fundamental Data""}","1","2026-07-01","1","Actual cash paid for interest on debt","fnd72_pit_or_cf_a_cf_act_cash_paid_for_int_debt","2","GBR","{""id"":""fundamental-fundamental-data"",""name"":""Fundamental Data""}","[]","VECTOR","TOP700","0"
"0","{""id"":""fundamental"",""name"":""Fundamental""}","0","{""id"":""fundamental72"",""name"":""Comprehensive Fundamental Data""}","1","2026-07-01","1","Capital expenditures or property additions (cash outflows for PP&E)","fnd72_pit_or_cf_a_cf_cap_expend_prpty_add","2","GBR","{""id"":""fundamental-fundamental-data"",""name"":""Fundamental Data""}","[]","VECTOR","TOP700","0"
"0","{""id"":""fundamental"",""name"":""Fundamental""}","0","{""id"":""fundamental72"",""name"":""Comprehensive Fundamental Data""}","1","2026-07-01","1","Quarterly total cash flows from financing activities","fnd72_pit_or_cf_a_cf_cash_from_fnc_act","2","GBR","{""id"":""fundamental-fundamental-data"",""name"":""Fundamental Data""}","[]","VECTOR","TOP700","0"
"0","{""id"":""fundamental"",""name"":""Fundamental""}","0","{""id"":""fundamental72"",""name"":""Comprehensive Fundamental Data""}","1","2026-07-01","1","Net cash provided by (used in) investing activities","fnd72_pit_or_cf_a_cf_cash_from_inv_act","2","GBR","{""id"":""fundamental-fundamental-data"",""name"":""Fundamental Data""}","[]","VECTOR","TOP700","0"
"0","{""id"":""fundamental"",""name"":""Fundamental""}","0","{""id"":""fundamental72"",""name"":""Comprehensive Fundamental Data""}","1","2026-07-01","1","Net cash provided by (used in) operating activities","fnd72_pit_or_cf_a_cf_cash_from_oper","2","GBR","{""id"":""fundamental-fundamental-data"",""name"":""Fundamental Data""}","[]","VECTOR","TOP700","0"
"0","{""id"":""fundamental"",""name"":""Fundamental""}","0","{""id"":""fundamental72"",""name"":""Comprehensive Fundamental Data""}","1","2026-07-01","1","Cash received from sales of goods and provision of services (operating cash inflow)","fnd72_pit_or_cf_a_cf_cash_from_sales_serv","2","GBR","{""id"":""fundamental-fundamental-data"",""name"":""Fundamental Data""}","[]","VECTOR","TOP700","0"
"0","{""id"":""fundamental"",""name"":""Fundamental""}","0","{""id"":""fundamental72"",""name"":""Comprehensive Fundamental Data""}","1","2026-07-01","1","Cash taxes paid during the period","fnd72_pit_or_cf_a_cf_cash_paid_for_tax","2","GBR","{""id"":""fundamental-fundamental-data"",""name"":""Fundamental Data""}","[]","VECTOR","TOP700","0"
"0","{""id"":""fundamental"",""name"":""Fundamental""}","0","{""id"":""fundamental72"",""name"":""Comprehensive Fundamental Data""}","1","2026-07-01","1","Cash paid for operating expenses during the period","fnd72_pit_or_cf_a_cf_cash_pay_for_oper_exp","2","GBR","{""id"":""fundamental-fundamental-data"",""name"":""Fundamental Data""}","[]","VECTOR","TOP700","0"
"0","{""id"":""fundamental"",""name"":""Fundamental""}","0","{""id"":""fundamental72"",""name"":""Comprehensive Fundamental Data""}","1","2026-07-01","1","Cash Purchases","fnd72_pit_or_cf_a_cf_cash_purch","2","GBR","{""id"":""fundamental-fundamental-data"",""name"":""Fundamental Data""}","[]","VECTOR","TOP700","0"
"0","{""id"":""fundamental"",""name"":""Fundamental""}","0","{""id"":""fundamental72"",""name"":""Comprehensive Fundamental Data""}","1","2026-07-01","1","Change in inventories","fnd72_pit_or_cf_a_cf_change_in_inventories","2","GBR","{""id"":""fundamental-fundamental-data"",""name"":""Fundamental Data""}","[]","VECTOR","TOP700","0"
"0","{""id"":""fundamental"",""name"":""Fundamental""}","0","{""id"":""fundamental72"",""name"":""Comprehensive Fundamental Data""}","1","2026-07-01","1","Change in non-cash working capital (e.g., receivables, inventory, payables)","fnd72_pit_or_cf_a_cf_chng_non_cash_work_cap","2","GBR","{""id"":""fundamental-fundamental-data"",""name"":""Fundamental Data""}","[]","VECTOR","TOP700","0"
"0","{""id"":""fundamental"",""name"":""Fundamental""}","0","{""id"":""fundamental72"",""name"":""Comprehensive Fundamental Data""}","1","2026-07-01","1","Cash outflows from reductions in share capital, including share repurchases","fnd72_pit_or_cf_a_cf_decr_cap_stock","2","GBR","{""id"":""fundamental-fundamental-data"",""name"":""Fundamental Data""}","[]","VECTOR","TOP700","0"
"0","{""id"":""fundamental"",""name"":""Fundamental""}","0","{""id"":""fundamental72"",""name"":""Comprehensive Fundamental Data""}","1","2026-07-01","1","Proceeds from sales or maturities of investments (decrease in investment holdings)","fnd72_pit_or_cf_a_cf_decr_invest","2","GBR","{""id"":""fundamental-fundamental-data"",""name"":""Fundamental Data""}","[]","VECTOR","TOP700","0"
"0","{""id"":""fundamental"",""name"":""Fundamental""}","0","{""id"":""fundamental72"",""name"":""Comprehensive Fundamental Data""}","1","2026-07-01","1","Deferred income taxes (cash flow effect)","fnd72_pit_or_cf_a_cf_def_inc_tax","2","GBR","{""id"":""fundamental-fundamental-data"",""name"":""Fundamental Data""}","[]","VECTOR","TOP700","0"
"0","{""id"":""fundamental"",""name"":""Fundamental""}","0","{""id"":""fundamental72"",""name"":""Comprehensive Fundamental Data""}","1","2026-07-01","1","Depreciation and amortization addback on the cash flow statement","fnd72_pit_or_cf_a_cf_depr_amort","2","GBR","{""id"":""fundamental-fundamental-data"",""name"":""Fundamental Data""}","[]","VECTOR","TOP700","0"
"0","{""id"":""fundamental"",""name"":""Fundamental""}","0","{""id"":""fundamental72"",""name"":""Comprehensive Fundamental Data""}","1","2026-07-01","1","Cash proceeds from disposal of fixed assets","fnd72_pit_or_cf_a_cf_disp_fix_asset","2","GBR","{""id"":""fundamental-fundamental-data"",""name"":""Fundamental Data""}","[]","VECTOR","TOP700","0"
"0","{""id"":""fundamental"",""name"":""Fundamental""}","0","{""id"":""fundamental72"",""name"":""Comprehensive Fundamental Data""}","1","2026-07-01","1","Proceeds from issuing share capital","fnd72_pit_or_cf_a_cf_incr_cap_stock","2","GBR","{""id"":""fundamental-fundamental-data"",""name"":""Fundamental Data""}","[]","VECTOR","TOP700","0"
"0","{""id"":""fundamental"",""name"":""Fundamental""}","0","{""id"":""fundamental72"",""name"":""Comprehensive Fundamental Data""}","1","2026-07-01","1","Increase in investments (purchases of investments), cash outflow","fnd72_pit_or_cf_a_cf_incr_invest","2","GBR","{""id"":""fundamental-fundamental-data"",""name"":""Fundamental Data""}","[]","VECTOR","TOP700","0"
"0","{""id"":""fundamental"",""name"":""Fundamental""}","0","{""id"":""fundamental72"",""name"":""Comprehensive Fundamental Data""}","1","2026-07-01","1","Proceeds from issuance of long-term borrowings","fnd72_pit_or_cf_a_cf_incr_lt_borrow","2","GBR","{""id"":""fundamental-fundamental-data"",""name"":""Fundamental Data""}","[]","VECTOR","TOP700","0"
"0","{""id"":""fundamental"",""name"":""Fundamental""}","0","{""id"":""fundamental72"",""name"":""Comprehensive Fundamental Data""}","1","2026-07-01","1","Net increase or decrease in short-term borrowings (financing cash flow)","fnd72_pit_or_cf_a_cf_incr_st_borrow","2","GBR","{""id"":""fundamental-fundamental-data"",""name"":""Fundamental Data""}","[]","VECTOR","TOP700","0"
"0","{""id"":""fundamental"",""name"":""Fundamental""}","0","{""id"":""fundamental72"",""name"":""Comprehensive Fundamental Data""}","1","2026-07-01","1","Interest received","fnd72_pit_or_cf_a_cf_interest_received","2","GBR","{""id"":""fundamental-fundamental-data"",""name"":""Fundamental Data""}","[]","VECTOR","TOP700","0"
"0","{""id"":""fundamental"",""name"":""Fundamental""}","0","{""id"":""fundamental72"",""name"":""Comprehensive Fundamental Data""}","1","2026-07-01","1","Cash inflow from issuance of common stock","fnd72_pit_or_cf_a_cf_issue_com_stock","2","GBR","{""id"":""fundamental-fundamental-data"",""name"":""Fundamental Data""}","[]","VECTOR","TOP700","0"
"0","{""id"":""fundamental"",""name"":""Fundamental""}","0","{""id"":""fundamental72"",""name"":""Comprehensive Fundamental Data""}","1","2026-07-01","1","Net cash paid for acquisitions","fnd72_pit_or_cf_a_cf_net_cash_paid_for_aquis","2","GBR","{""id"":""fundamental-fundamental-data"",""name"":""Fundamental Data""}","[]","VECTOR","TOP700","0"
"0","{""id"":""fundamental"",""name"":""Fundamental""}","0","{""id"":""fundamental72"",""name"":""Comprehensive Fundamental Data""}","1","2026-07-01","1","Net change in short-term investments during the period","fnd72_pit_or_cf_a_cf_net_chg_st_invest","2","GBR","{""id"":""fundamental-fundamental-data"",""name"":""Fundamental Data""}","[]","VECTOR","TOP700","0"
"0","{""id"":""fundamental"",""name"":""Fundamental""}","0","{""id"":""fundamental72"",""name"":""Comprehensive Fundamental Data""}","1","2026-07-01","1","Net change in cash and cash equivalents for the period","fnd72_pit_or_cf_a_cf_net_chng_cash","2","GBR","{""id"":""fundamental-fundamental-data"",""name"":""Fundamental Data""}","[]","VECTOR","TOP700","0"
"0","{""id"":""fundamental"",""name"":""Fundamental""}","0","{""id"":""fundamental72"",""name"":""Comprehensive Fundamental Data""}","1","2026-07-01","1","Net income as presented on the cash flow statement, the starting point for operating cash flows","fnd72_pit_or_cf_a_cf_net_inc","2","GBR","{""id"":""fundamental-fundamental-data"",""name"":""Fundamental Data""}","[]","VECTOR","TOP700","0"
"0","{""id"":""fundamental"",""name"":""Fundamental""}","0","{""id"":""fundamental72"",""name"":""Comprehensive Fundamental Data""}","1","2026-07-01","1","Other cash flows from financing activities not captured in specific financing line items","fnd72_pit_or_cf_a_cf_other_fnc_act","2","GBR","{""id"":""fundamental-fundamental-data"",""name"":""Fundamental Data""}","[]","VECTOR","TOP700","0"
"0","{""id"":""fundamental"",""name"":""Fundamental""}","0","{""id"":""fundamental72"",""name"":""Comprehensive Fundamental Data""}","1","2026-07-01","1","Other investing cash flows not classified elsewhere","fnd72_pit_or_cf_a_cf_other_inv_act","2","GBR","{""id"":""fundamental-fundamental-data"",""name"":""Fundamental Data""}","[]","VECTOR","TOP700","0"
"0","{""id"":""fundamental"",""name"":""Fundamental""}","0","{""id"":""fundamental72"",""name"":""Comprehensive Fundamental Data""}","1","2026-07-01","1","Other non-cash adjustments included in operating cash flow (e.g., gains/losses, deferred taxes)","fnd72_pit_or_cf_a_cf_other_non_cash_adjust","2","GBR","{""id"":""fundamental-fundamental-data"",""name"":""Fundamental Data""}","[]","VECTOR","TOP700","0"
"0","{""id"":""fundamental"",""name"":""Fundamental""}","0","{""id"":""fundamental72"",""name"":""Comprehensive Fundamental Data""}","0.8987","2026-07-01","1","Other non-cash adjustments (reductions) used to reconcile net income to cash from operations, excluding specified items","fnd72_pit_or_cf_a_cf_other_non_cash_adj_less","2","GBR","{""id"":""fundamental-fundamental-data"",""name"":""Fundamental Data""}","[]","VECTOR","TOP700","0"
"0","{""id"":""fundamental"",""name"":""Fundamental""}","0","{""id"":""fundamental72"",""name"":""Comprehensive Fundamental Data""}","1","2026-07-01","1","Repayments of long-term borrowings","fnd72_pit_or_cf_a_cf_reimb_lt_borrow","2","GBR","{""id"":""fundamental-fundamental-data"",""name"":""Fundamental Data""}","[]","VECTOR","TOP700","0"
"0","{""id"":""fundamental"",""name"":""Fundamental""}","0","{""id"":""fundamental72"",""name"":""Comprehensive Fundamental Data""}","1","2026-07-01","1","Tax benefit from stock option exercises","fnd72_pit_or_cf_a_cf_tax_benefit_frm_stock_options","2","GBR","{""id"":""fundamental-fundamental-data"",""name"":""Fundamental Data""}","[]","VECTOR","TOP700","0"
"0","{""id"":""fundamental"",""name"":""Fundamental""}","0","{""id"":""fundamental72"",""name"":""Comprehensive Fundamental Data""}","1","2026-07-01","1","Currency in which the fundamental data is reported (fundamental currency override)","fnd72_pit_or_cf_a_eqy_fund_crncy","2","GBR","{""id"":""fundamental-fundamental-data"",""name"":""Fundamental Data""}","[]","VECTOR","TOP700","0"
"0","{""id"":""fundamental"",""name"":""Fundamental""}","0","{""id"":""fundamental72"",""name"":""Comprehensive Fundamental Data""}","1","2026-07-01","1","Fiscal year and quarter identifier corresponding to the reporting period (e.g., FY2023Q2)","fnd72_pit_or_cf_a_fiscal_year_period","2","GBR","{""id"":""fundamental-fundamental-data"",""name"":""Fundamental Data""}","[]","VECTOR","TOP700","0"
"0","{""id"":""fundamental"",""name"":""Fundamental""}","0","{""id"":""fundamental72"",""name"":""Comprehensive Fundamental Data""}","1","2026-07-01","1","Date the fundamental data was entered into the system","fnd72_pit_or_cf_a_fundamental_entry_dt","2","GBR","{""id"":""fundamental-fundamental-data"",""name"":""Fundamental Data""}","[]","VECTOR","TOP700","0"
"0","{""id"":""fundamental"",""name"":""Fundamental""}","0","{""id"":""fundamental72"",""name"":""Comprehensive Fundamental Data""}","1","2026-07-01","1","Financial Instrument Global Identifier (Bloomberg global ID linking the record across systems)","fnd72_pit_or_cf_a_id_bb_global","2","GBR","{""id"":""fundamental-fundamental-data"",""name"":""Fundamental Data""}","[]","VECTOR","TOP700","0"
"0","{""id"":""fundamental"",""name"":""Fundamental""}","0","{""id"":""fundamental72"",""name"":""Comprehensive Fundamental Data""}","1","2026-07-01","1","Latest available period end date from the full financial records","fnd72_pit_or_cf_a_latest_period_end_dt_full_record","2","GBR","{""id"":""fundamental-fundamental-data"",""name"":""Fundamental Data""}","[]","VECTOR","TOP700","0"
"0","{""id"":""fundamental"",""name"":""Fundamental""}","0","{""id"":""fundamental72"",""name"":""Comprehensive Fundamental Data""}","1","2026-07-01","1","Latest full earnings report or announcement date used for fundamentals (quarterly)","fnd72_s_pit_or_bs_q_1_announcement_dt","2","GBR","{""id"":""fundamental-fundamental-data"",""name"":""Fundamental Data""}","[]","MATRIX","TOP700","0"
"0","{""id"":""fundamental"",""name"":""Fundamental""}","0","{""id"":""fundamental72"",""name"":""Comprehensive Fundamental Data""}","1","2026-07-01","1","Date the fundamental data point was entered into the database","fnd72_s_pit_or_bs_q_1_fundamental_entry_dt","2","GBR","{""id"":""fundamental-fundamental-data"",""name"":""Fundamental Data""}","[]","MATRIX","TOP700","0"
"0","{""id"":""fundamental"",""name"":""Fundamental""}","0","{""id"":""fundamental72"",""name"":""Comprehensive Fundamental Data""}","1","2026-07-01","1","Latest available period-end date from the entity’s full financial records","fnd72_s_pit_or_bs_q_1_latest_period_end_dt_full_record","2","GBR","{""id"":""fundamental-fundamental-data"",""name"":""Fundamental Data""}","[]","MATRIX","TOP700","0"
"0","{""id"":""fundamental"",""name"":""Fundamental""}","0","{""id"":""fundamental72"",""name"":""Comprehensive Fundamental Data""}","1","2026-07-01","1","Latest full earnings report announcement date","fnd72_s_pit_or_bs_q_2_announcement_dt","2","GBR","{""id"":""fundamental-fundamental-data"",""name"":""Fundamental Data""}","[]","MATRIX","TOP700","0"
"0","{""id"":""fundamental"",""name"":""Fundamental""}","0","{""id"":""fundamental72"",""name"":""Comprehensive Fundamental Data""}","1","2026-07-01","1","Date the fundamental data record was entered into the system","fnd72_s_pit_or_bs_q_2_fundamental_entry_dt","2","GBR","{""id"":""fundamental-fundamental-data"",""name"":""Fundamental Data""}","[]","MATRIX","TOP700","0"
"0","{""id"":""fundamental"",""name"":""Fundamental""}","0","{""id"":""fundamental72"",""name"":""Comprehensive Fundamental Data""}","1","2026-07-01","1","Latest available period end date from full financial records","fnd72_s_pit_or_bs_q_2_latest_period_end_dt_full_record","2","GBR","{""id"":""fundamental-fundamental-data"",""name"":""Fundamental Data""}","[]","MATRIX","TOP700","0"
"0","{""id"":""fundamental"",""name"":""Fundamental""}","0","{""id"":""fundamental72"",""name"":""Comprehensive Fundamental Data""}","1","2026-07-01","1","Latest full earnings report date for which complete fundamentals are available (annual)","fnd72_s_pit_or_cf_a_announcement_dt","2","GBR","{""id"":""fundamental-fundamental-data"",""name"":""Fundamental Data""}","[]","MATRIX","TOP700","0"
"0","{""id"":""fundamental"",""name"":""Fundamental""}","0","{""id"":""fundamental72"",""name"":""Comprehensive Fundamental Data""}","1","2026-07-01","1","Change in accounts receivable and unbilled revenue affecting operating cash flow","fnd72_s_pit_or_cf_a_cf_acct_rcv_unbilled_rev","2","GBR","{""id"":""fundamental-fundamental-data"",""name"":""Fundamental Data""}","[]","MATRIX","TOP700","0"
"0","{""id"":""fundamental"",""name"":""Fundamental""}","0","{""id"":""fundamental72"",""name"":""Comprehensive Fundamental Data""}","1","2026-07-01","1","Annual actual cash paid for interest on debt","fnd72_s_pit_or_cf_a_cf_act_cash_paid_for_int_debt","2","GBR","{""id"":""fundamental-fundamental-data"",""name"":""Fundamental Data""}","[]","MATRIX","TOP700","0"
"0","{""id"":""fundamental"",""name"":""Fundamental""}","0","{""id"":""fundamental72"",""name"":""Comprehensive Fundamental Data""}","1","2026-07-01","1","Annual capital expenditures / property additions","fnd72_s_pit_or_cf_a_cf_cap_expend_prpty_add","2","GBR","{""id"":""fundamental-fundamental-data"",""name"":""Fundamental Data""}","[]","MATRIX","TOP700","0"
"0","{""id"":""fundamental"",""name"":""Fundamental""}","0","{""id"":""fundamental72"",""name"":""Comprehensive Fundamental Data""}","1","2026-07-01","1","Annual net cash from financing activities","fnd72_s_pit_or_cf_a_cf_cash_from_fnc_act","2","GBR","{""id"":""fundamental-fundamental-data"",""name"":""Fundamental Data""}","[]","MATRIX","TOP700","0"
"0","{""id"":""fundamental"",""name"":""Fundamental""}","0","{""id"":""fundamental72"",""name"":""Comprehensive Fundamental Data""}","1","2026-07-01","1","Annual net cash from investing activities","fnd72_s_pit_or_cf_a_cf_cash_from_inv_act","2","GBR","{""id"":""fundamental-fundamental-data"",""name"":""Fundamental Data""}","[]","MATRIX","TOP700","0"
"0","{""id"":""fundamental"",""name"":""Fundamental""}","0","{""id"":""fundamental72"",""name"":""Comprehensive Fundamental Data""}","1","2026-07-01","1","Annual net cash provided by operating activities","fnd72_s_pit_or_cf_a_cf_cash_from_oper","2","GBR","{""id"":""fundamental-fundamental-data"",""name"":""Fundamental Data""}","[]","MATRIX","TOP700","0"
"0","{""id"":""fundamental"",""name"":""Fundamental""}","0","{""id"":""fundamental72"",""name"":""Comprehensive Fundamental Data""}","1","2026-07-01","1","Annual actual cash paid for income taxes","fnd72_s_pit_or_cf_a_cf_cash_paid_for_tax","2","GBR","{""id"":""fundamental-fundamental-data"",""name"":""Fundamental Data""}","[]","MATRIX","TOP700","0"
"0","{""id"":""fundamental"",""name"":""Fundamental""}","0","{""id"":""fundamental72"",""name"":""Comprehensive Fundamental Data""}","1","2026-07-01","1","Annual change in inventories (working capital adjustment)","fnd72_s_pit_or_cf_a_cf_change_in_inventories","2","GBR","{""id"":""fundamental-fundamental-data"",""name"":""Fundamental Data""}","[]","MATRIX","TOP700","0"
"0","{""id"":""fundamental"",""name"":""Fundamental""}","0","{""id"":""fundamental72"",""name"":""Comprehensive Fundamental Data""}","1","2026-07-01","1","Change in non-cash working capital (operating cash flow adjustment)","fnd72_s_pit_or_cf_a_cf_chng_non_cash_work_cap","2","GBR","{""id"":""fundamental-fundamental-data"",""name"":""Fundamental Data""}","[]","MATRIX","TOP700","0"
"0","{""id"":""fundamental"",""name"":""Fundamental""}","0","{""id"":""fundamental72"",""name"":""Comprehensive Fundamental Data""}","1","2026-07-01","1","Cash outflow from reduction of capital stock, such as share repurchases or redemptions","fnd72_s_pit_or_cf_a_cf_decr_cap_stock","2","GBR","{""id"":""fundamental-fundamental-data"",""name"":""Fundamental Data""}","[]","MATRIX","TOP700","0"
"0","{""id"":""fundamental"",""name"":""Fundamental""}","0","{""id"":""fundamental72"",""name"":""Comprehensive Fundamental Data""}","1","2026-07-01","1","Annual decrease in investments (proceeds from sales/maturities)","fnd72_s_pit_or_cf_a_cf_decr_invest","2","GBR","{""id"":""fundamental-fundamental-data"",""name"":""Fundamental Data""}","[]","MATRIX","TOP700","0"
"0","{""id"":""fundamental"",""name"":""Fundamental""}","0","{""id"":""fundamental72"",""name"":""Comprehensive Fundamental Data""}","1","2026-07-01","1","Annual depreciation and amortization expense (non-cash add-back)","fnd72_s_pit_or_cf_a_cf_depr_amort","2","GBR","{""id"":""fundamental-fundamental-data"",""name"":""Fundamental Data""}","[]","MATRIX","TOP700","0"
"0","{""id"":""fundamental"",""name"":""Fundamental""}","0","{""id"":""fundamental72"",""name"":""Comprehensive Fundamental Data""}","1","2026-07-01","1","Annual cash inflow from issuance of capital stock","fnd72_s_pit_or_cf_a_cf_incr_cap_stock","2","GBR","{""id"":""fundamental-fundamental-data"",""name"":""Fundamental Data""}","[]","MATRIX","TOP700","0"
"0","{""id"":""fundamental"",""name"":""Fundamental""}","0","{""id"":""fundamental72"",""name"":""Comprehensive Fundamental Data""}","1","2026-07-01","1","Annual increase in investments (cash outflow for purchases)","fnd72_s_pit_or_cf_a_cf_incr_invest","2","GBR","{""id"":""fundamental-fundamental-data"",""name"":""Fundamental Data""}","[]","MATRIX","TOP700","0"
"0","{""id"":""fundamental"",""name"":""Fundamental""}","0","{""id"":""fundamental72"",""name"":""Comprehensive Fundamental Data""}","1","2026-07-01","1","Annual cash proceeds from increases in long-term borrowings","fnd72_s_pit_or_cf_a_cf_incr_lt_borrow","2","GBR","{""id"":""fundamental-fundamental-data"",""name"":""Fundamental Data""}","[]","MATRIX","TOP700","0"
"0","{""id"":""fundamental"",""name"":""Fundamental""}","0","{""id"":""fundamental72"",""name"":""Comprehensive Fundamental Data""}","1","2026-07-01","1","Annual increase/(decrease) in short-term borrowings","fnd72_s_pit_or_cf_a_cf_incr_st_borrow","2","GBR","{""id"":""fundamental-fundamental-data"",""name"":""Fundamental Data""}","[]","MATRIX","TOP700","0"
"0","{""id"":""fundamental"",""name"":""Fundamental""}","0","{""id"":""fundamental72"",""name"":""Comprehensive Fundamental Data""}","1","2026-07-01","1","Cash inflow from interest received","fnd72_s_pit_or_cf_a_cf_interest_received","2","GBR","{""id"":""fundamental-fundamental-data"",""name"":""Fundamental Data""}","[]","MATRIX","TOP700","0"
"0","{""id"":""fundamental"",""name"":""Fundamental""}","0","{""id"":""fundamental72"",""name"":""Comprehensive Fundamental Data""}","1","2026-07-01","1","Cash inflow from issuance of common stock","fnd72_s_pit_or_cf_a_cf_issue_com_stock","2","GBR","{""id"":""fundamental-fundamental-data"",""name"":""Fundamental Data""}","[]","MATRIX","TOP700","0"
"0","{""id"":""fundamental"",""name"":""Fundamental""}","0","{""id"":""fundamental72"",""name"":""Comprehensive Fundamental Data""}","1","2026-07-01","1","Annual net cash paid for acquisitions","fnd72_s_pit_or_cf_a_cf_net_cash_paid_for_aquis","2","GBR","{""id"":""fundamental-fundamental-data"",""name"":""Fundamental Data""}","[]","MATRIX","TOP700","0"
"0","{""id"":""fundamental"",""name"":""Fundamental""}","0","{""id"":""fundamental72"",""name"":""Comprehensive Fundamental Data""}","1","2026-07-01","1","Annual net change in cash and cash equivalents","fnd72_s_pit_or_cf_a_cf_net_chng_cash","2","GBR","{""id"":""fundamental-fundamental-data"",""name"":""Fundamental Data""}","[]","MATRIX","TOP700","0"
"0","{""id"":""fundamental"",""name"":""Fundamental""}","0","{""id"":""fundamental72"",""name"":""Comprehensive Fundamental Data""}","1","2026-07-01","1","Net income as reported in the cash flow statement (starting point for operating cash flow)","fnd72_s_pit_or_cf_a_cf_net_inc","2","GBR","{""id"":""fundamental-fundamental-data"",""name"":""Fundamental Data""}","[]","MATRIX","TOP700","0"
"0","{""id"":""fundamental"",""name"":""Fundamental""}","0","{""id"":""fundamental72"",""name"":""Comprehensive Fundamental Data""}","1","2026-07-01","1","Other financing activities (cash flow)","fnd72_s_pit_or_cf_a_cf_other_fnc_act","2","GBR","{""id"":""fundamental-fundamental-data"",""name"":""Fundamental Data""}","[]","MATRIX","TOP700","0"
"0","{""id"":""fundamental"",""name"":""Fundamental""}","0","{""id"":""fundamental72"",""name"":""Comprehensive Fundamental Data""}","1","2026-07-01","1","Annual other investing activities (cash flow)","fnd72_s_pit_or_cf_a_cf_other_inv_act","2","GBR","{""id"":""fundamental-fundamental-data"",""name"":""Fundamental Data""}","[]","MATRIX","TOP700","0"
"0","{""id"":""fundamental"",""name"":""Fundamental""}","0","{""id"":""fundamental72"",""name"":""Comprehensive Fundamental Data""}","1","2026-07-01","1","Other non-cash adjustments impacting cash flow (sector-specific items such as gains/losses, deferred taxes, etc.) (annual)","fnd72_s_pit_or_cf_a_cf_other_non_cash_adjust","2","GBR","{""id"":""fundamental-fundamental-data"",""name"":""Fundamental Data""}","[]","MATRIX","TOP700","0"
"0","{""id"":""fundamental"",""name"":""Fundamental""}","0","{""id"":""fundamental72"",""name"":""Comprehensive Fundamental Data""}","0.8984","2026-07-01","1","Other non-cash adjustments, excluding specified items (cash flow statement)","fnd72_s_pit_or_cf_a_cf_other_non_cash_adj_less","2","GBR","{""id"":""fundamental-fundamental-data"",""name"":""Fundamental Data""}","[]","MATRIX","TOP700","0"
"0","{""id"":""fundamental"",""name"":""Fundamental""}","0","{""id"":""fundamental72"",""name"":""Comprehensive Fundamental Data""}","1","2026-07-01","1","Annual cash outflow for repayment of long-term borrowings","fnd72_s_pit_or_cf_a_cf_reimb_lt_borrow","2","GBR","{""id"":""fundamental-fundamental-data"",""name"":""Fundamental Data""}","[]","MATRIX","TOP700","0"
"0","{""id"":""fundamental"",""name"":""Fundamental""}","0","{""id"":""fundamental72"",""name"":""Comprehensive Fundamental Data""}","1","2026-07-01","1","Annual fundamental data entry date when the record was entered into the system","fnd72_s_pit_or_cf_a_fundamental_entry_dt","2","GBR","{""id"":""fundamental-fundamental-data"",""name"":""Fundamental Data""}","[]","MATRIX","TOP700","0"
"0","{""id"":""fundamental"",""name"":""Fundamental""}","0","{""id"":""fundamental72"",""name"":""Comprehensive Fundamental Data""}","1","2026-07-01","1","Latest available period end date from full financial records","fnd72_s_pit_or_cf_a_latest_period_end_dt_full_record","2","GBR","{""id"":""fundamental-fundamental-data"",""name"":""Fundamental Data""}","[]","MATRIX","TOP700","0"
"0","{""id"":""fundamental"",""name"":""Fundamental""}","0","{""id"":""fundamental72"",""name"":""Comprehensive Fundamental Data""}","1","2026-07-01","1","Latest full earnings report announcement date associated with the fundamental snapshot","fnd72_s_pit_or_cf_q_announcement_dt","2","GBR","{""id"":""fundamental-fundamental-data"",""name"":""Fundamental Data""}","[]","MATRIX","TOP700","0"
"0","{""id"":""fundamental"",""name"":""Fundamental""}","0","{""id"":""fundamental72"",""name"":""Comprehensive Fundamental Data""}","1","2026-07-01","1","Date the fundamental data was entered into the system","fnd72_s_pit_or_cf_q_fundamental_entry_dt","2","GBR","{""id"":""fundamental-fundamental-data"",""name"":""Fundamental Data""}","[]","MATRIX","TOP700","0"
"0","{""id"":""fundamental"",""name"":""Fundamental""}","0","{""id"":""fundamental72"",""name"":""Comprehensive Fundamental Data""}","1","2026-07-01","1","Latest available period end date from full financial records","fnd72_s_pit_or_cf_q_latest_period_end_dt_full_record","2","GBR","{""id"":""fundamental-fundamental-data"",""name"":""Fundamental Data""}","[]","MATRIX","TOP700","0"
"0","{""id"":""fundamental"",""name"":""Fundamental""}","0","{""id"":""fundamental72"",""name"":""Comprehensive Fundamental Data""}","1","2026-07-01","1","Annual latest full earnings report date","fnd72_s_pit_or_is_a2_announcement_dt","2","GBR","{""id"":""fundamental-fundamental-data"",""name"":""Fundamental Data""}","[]","MATRIX","TOP700","0"
"0","{""id"":""fundamental"",""name"":""Fundamental""}","0","{""id"":""fundamental72"",""name"":""Comprehensive Fundamental Data""}","1","2026-07-01","1","Fundamental data entry date","fnd72_s_pit_or_is_a2_fundamental_entry_dt","2","GBR","{""id"":""fundamental-fundamental-data"",""name"":""Fundamental Data""}","[]","MATRIX","TOP700","0"
"0","{""id"":""fundamental"",""name"":""Fundamental""}","0","{""id"":""fundamental72"",""name"":""Comprehensive Fundamental Data""}","1","2026-07-01","1","Annual income before extraordinary items, less minority interest and preferred dividends","fnd72_s_pit_or_is_a2_inc_bef_xo_less_min_int_pref_dvd","2","GBR","{""id"":""fundamental-fundamental-data"",""name"":""Fundamental Data""}","[]","MATRIX","TOP700","0"
"0","{""id"":""fundamental"",""name"":""Fundamental""}","0","{""id"":""fundamental72"",""name"":""Comprehensive Fundamental Data""}","1","2026-07-01","1","Actual return or loss on pension plan assets","fnd72_s_pit_or_is_a2_is_act_ret_loss_pension_plan_ast","2","GBR","{""id"":""fundamental-fundamental-data"",""name"":""Fundamental Data""}","[]","MATRIX","TOP700","0"
"0","{""id"":""fundamental"",""name"":""Fundamental""}","0","{""id"":""fundamental72"",""name"":""Comprehensive Fundamental Data""}","1","2026-07-01","1","Adjusted net income as reported by the company","fnd72_s_pit_or_is_a2_is_adjusted_net_inc_as_reported","2","GBR","{""id"":""fundamental-fundamental-data"",""name"":""Fundamental Data""}","[]","MATRIX","TOP700","0"
"0","{""id"":""fundamental"",""name"":""Fundamental""}","0","{""id"":""fundamental72"",""name"":""Comprehensive Fundamental Data""}","1","2026-07-01","1","Annual benefits paid from the pension plan","fnd72_s_pit_or_is_a2_is_benefits_paid_pension","2","GBR","{""id"":""fundamental-fundamental-data"",""name"":""Fundamental Data""}","[]","MATRIX","TOP700","0"
"0","{""id"":""fundamental"",""name"":""Fundamental""}","0","{""id"":""fundamental72"",""name"":""Comprehensive Fundamental Data""}","1","2026-07-01","1","Comprehensive income per share","fnd72_s_pit_or_is_a2_is_comprehensive_income_per_shr","2","GBR","{""id"":""fundamental-fundamental-data"",""name"":""Fundamental Data""}","[]","MATRIX","TOP700","0"
"0","{""id"":""fundamental"",""name"":""Fundamental""}","0","{""id"":""fundamental72"",""name"":""Comprehensive Fundamental Data""}","1","2026-07-01","1","Discount rate used to value pension plan liabilities","fnd72_s_pit_or_is_a2_is_disc_rate_pension_plan_liabs","2","GBR","{""id"":""fundamental-fundamental-data"",""name"":""Fundamental Data""}","[]","MATRIX","TOP700","0"
"0","{""id"":""fundamental"",""name"":""Fundamental""}","0","{""id"":""fundamental72"",""name"":""Comprehensive Fundamental Data""}","1","2026-07-01","1","Annual employer contributions to pension plans","fnd72_s_pit_or_is_a2_is_employer_contrib_pension","2","GBR","{""id"":""fundamental-fundamental-data"",""name"":""Fundamental Data""}","[]","MATRIX","TOP700","0"
"0","{""id"":""fundamental"",""name"":""Fundamental""}","0","{""id"":""fundamental72"",""name"":""Comprehensive Fundamental Data""}","1","2026-07-01","1","Annual expected return on pension plan assets","fnd72_s_pit_or_is_a2_is_expected_return_pension","2","GBR","{""id"":""fundamental-fundamental-data"",""name"":""Fundamental Data""}","[]","MATRIX","TOP700","0"
"0","{""id"":""fundamental"",""name"":""Fundamental""}","0","{""id"":""fundamental72"",""name"":""Comprehensive Fundamental Data""}","1","2026-07-01","1","Expense for stock-based compensation","fnd72_s_pit_or_is_a2_is_expense_stock_based_comp","2","GBR","{""id"":""fundamental-fundamental-data"",""name"":""Fundamental Data""}","[]","MATRIX","TOP700","0"
"0","{""id"":""fundamental"",""name"":""Fundamental""}","0","{""id"":""fundamental72"",""name"":""Comprehensive Fundamental Data""}","1","2026-07-01","1","Fair value of pension plan assets","fnd72_s_pit_or_is_a2_is_fair_value_plan_assets","2","GBR","{""id"":""fundamental-fundamental-data"",""name"":""Fundamental Data""}","[]","MATRIX","TOP700","0"
"0","{""id"":""fundamental"",""name"":""Fundamental""}","0","{""id"":""fundamental72"",""name"":""Comprehensive Fundamental Data""}","1","2026-07-01","1","Annual interest cost on pension obligations","fnd72_s_pit_or_is_a2_is_interest_cost_pension","2","GBR","{""id"":""fundamental-fundamental-data"",""name"":""Fundamental Data""}","[]","MATRIX","TOP700","0"
"0","{""id"":""fundamental"",""name"":""Fundamental""}","0","{""id"":""fundamental72"",""name"":""Comprehensive Fundamental Data""}","1","2026-07-01","1","Net interest expense after offsetting interest income","fnd72_s_pit_or_is_a2_is_net_interest_expense","2","GBR","{""id"":""fundamental-fundamental-data"",""name"":""Fundamental Data""}","[]","MATRIX","TOP700","0"
"0","{""id"":""fundamental"",""name"":""Fundamental""}","0","{""id"":""fundamental72"",""name"":""Comprehensive Fundamental Data""}","1","2026-07-01","1","Other post-retirement benefits expense or income","fnd72_s_pit_or_is_a2_is_oprb_expense_income","2","GBR","{""id"":""fundamental-fundamental-data"",""name"":""Fundamental Data""}","[]","MATRIX","TOP700","0"
"0","{""id"":""fundamental"",""name"":""Fundamental""}","0","{""id"":""fundamental72"",""name"":""Comprehensive Fundamental Data""}","1","2026-07-01","1","Annual pension funded status amount (overfunded or underfunded)","fnd72_s_pit_or_is_a2_is_over_underfund_pension_exp","2","GBR","{""id"":""fundamental-fundamental-data"",""name"":""Fundamental Data""}","[]","MATRIX","TOP700","0"
"0","{""id"":""fundamental"",""name"":""Fundamental""}","0","{""id"":""fundamental72"",""name"":""Comprehensive Fundamental Data""}","1","2026-07-01","1","Percentage of pension plan assets invested in debt instruments","fnd72_s_pit_or_is_a2_is_pension_category_debt","2","GBR","{""id"":""fundamental-fundamental-data"",""name"":""Fundamental Data""}","[]","MATRIX","TOP700","0"
"0","{""id"":""fundamental"",""name"":""Fundamental""}","0","{""id"":""fundamental72"",""name"":""Comprehensive Fundamental Data""}","1","2026-07-01","1","Percentage of pension plan assets allocated to equities","fnd72_s_pit_or_is_a2_is_pension_category_equities","2","GBR","{""id"":""fundamental-fundamental-data"",""name"":""Fundamental Data""}","[]","MATRIX","TOP700","0"
"0","{""id"":""fundamental"",""name"":""Fundamental""}","0","{""id"":""fundamental72"",""name"":""Comprehensive Fundamental Data""}","1","2026-07-01","1","Annual pension expense or income","fnd72_s_pit_or_is_a2_is_pension_expense_income","2","GBR","{""id"":""fundamental-fundamental-data"",""name"":""Fundamental Data""}","[]","MATRIX","TOP700","0"
"0","{""id"":""fundamental"",""name"":""Fundamental""}","0","{""id"":""fundamental72"",""name"":""Comprehensive Fundamental Data""}","1","2026-07-01","1","Projected benefit obligation for defined benefit pension plans","fnd72_s_pit_or_is_a2_is_projected_benefit_obligation","2","GBR","{""id"":""fundamental-fundamental-data"",""name"":""Fundamental Data""}","[]","MATRIX","TOP700","0"
"0","{""id"":""fundamental"",""name"":""Fundamental""}","0","{""id"":""fundamental72"",""name"":""Comprehensive Fundamental Data""}","1","2026-07-01","1","Annual assumed rate of employee compensation increase used in pension calculations","fnd72_s_pit_or_is_a2_is_rate_of_comp_increase_pension","2","GBR","{""id"":""fundamental-fundamental-data"",""name"":""Fundamental Data""}","[]","MATRIX","TOP700","0"
"0","{""id"":""fundamental"",""name"":""Fundamental""}","0","{""id"":""fundamental72"",""name"":""Comprehensive Fundamental Data""}","1","2026-07-01","1","Service cost component of pension/postretirement benefit expense","fnd72_s_pit_or_is_a2_is_service_cost","2","GBR","{""id"":""fundamental-fundamental-data"",""name"":""Fundamental Data""}","[]","MATRIX","TOP700","0"
"0","{""id"":""fundamental"",""name"":""Fundamental""}","0","{""id"":""fundamental72"",""name"":""Comprehensive Fundamental Data""}","1","2026-07-01","1","Latest available period end date from the full financial records","fnd72_s_pit_or_is_a2_latest_period_end_dt_full_record","2","GBR","{""id"":""fundamental-fundamental-data"",""name"":""Fundamental Data""}","[]","MATRIX","TOP700","0"
"0","{""id"":""fundamental"",""name"":""Fundamental""}","0","{""id"":""fundamental72"",""name"":""Comprehensive Fundamental Data""}","1","2026-07-01","1","Annual other adjustments reported on the income statement","fnd72_s_pit_or_is_a2_other_adjustments","2","GBR","{""id"":""fundamental-fundamental-data"",""name"":""Fundamental Data""}","[]","MATRIX","TOP700","0"
"0","{""id"":""fundamental"",""name"":""Fundamental""}","0","{""id"":""fundamental72"",""name"":""Comprehensive Fundamental Data""}","1","2026-07-01","1","Annual latest full earnings report date","fnd72_s_pit_or_is_a3_announcement_dt","2","GBR","{""id"":""fundamental-fundamental-data"",""name"":""Fundamental Data""}","[]","MATRIX","TOP700","0"
"0","{""id"":""fundamental"",""name"":""Fundamental""}","0","{""id"":""fundamental72"",""name"":""Comprehensive Fundamental Data""}","1","2026-07-01","1","Date the annual fundamental data record was entered","fnd72_s_pit_or_is_a3_fundamental_entry_dt","2","GBR","{""id"":""fundamental-fundamental-data"",""name"":""Fundamental Data""}","[]","MATRIX","TOP700","0"
"0","{""id"":""fundamental"",""name"":""Fundamental""}","0","{""id"":""fundamental72"",""name"":""Comprehensive Fundamental Data""}","1","2026-07-01","1","Annual interest income","fnd72_s_pit_or_is_a3_is_interest_inc","2","GBR","{""id"":""fundamental-fundamental-data"",""name"":""Fundamental Data""}","[]","MATRIX","TOP700","0"
"0","{""id"":""fundamental"",""name"":""Fundamental""}","0","{""id"":""fundamental72"",""name"":""Comprehensive Fundamental Data""}","1","2026-07-01","1","Latest available period-end date from full financial records","fnd72_s_pit_or_is_a3_latest_period_end_dt_full_record","2","GBR","{""id"":""fundamental-fundamental-data"",""name"":""Fundamental Data""}","[]","MATRIX","TOP700","0"
"0","{""id"":""fundamental"",""name"":""Fundamental""}","0","{""id"":""fundamental72"",""name"":""Comprehensive Fundamental Data""}","1","2026-07-01","1","Annual net income before minority interests","fnd72_s_pit_or_is_a3_net_income_bef_mi","2","GBR","{""id"":""fundamental-fundamental-data"",""name"":""Fundamental Data""}","[]","MATRIX","TOP700","0"
"0","{""id"":""fundamental"",""name"":""Fundamental""}","0","{""id"":""fundamental72"",""name"":""Comprehensive Fundamental Data""}","1","2026-07-01","1","Net non-operating loss or gain","fnd72_s_pit_or_is_a3_net_non_oper_loss","2","GBR","{""id"":""fundamental-fundamental-data"",""name"":""Fundamental Data""}","[]","MATRIX","TOP700","0"
"0","{""id"":""fundamental"",""name"":""Fundamental""}","0","{""id"":""fundamental72"",""name"":""Comprehensive Fundamental Data""}","1","2026-07-01","1","Annual pre-tax income","fnd72_s_pit_or_is_a3_pretax_inc","2","GBR","{""id"":""fundamental-fundamental-data"",""name"":""Fundamental Data""}","[]","MATRIX","TOP700","0"
"0","{""id"":""fundamental"",""name"":""Fundamental""}","0","{""id"":""fundamental72"",""name"":""Comprehensive Fundamental Data""}","1","2026-07-01","1","Annual total interest expense incurred","fnd72_s_pit_or_is_a3_tot_int_exp","2","GBR","{""id"":""fundamental-fundamental-data"",""name"":""Fundamental Data""}","[]","MATRIX","TOP700","0"
"0","{""id"":""fundamental"",""name"":""Fundamental""}","0","{""id"":""fundamental72"",""name"":""Comprehensive Fundamental Data""}","1","2026-07-01","1","Annual extraordinary gains or losses net of tax","fnd72_s_pit_or_is_a3_xo_gl_net_of_tax","2","GBR","{""id"":""fundamental-fundamental-data"",""name"":""Fundamental Data""}","[]","MATRIX","TOP700","0"
"0","{""id"":""fundamental"",""name"":""Fundamental""}","0","{""id"":""fundamental72"",""name"":""Comprehensive Fundamental Data""}","1","2026-07-01","1","Date of the latest full annual earnings report for which complete fundamentals are available","fnd72_s_pit_or_is_a_announcement_dt","2","GBR","{""id"":""fundamental-fundamental-data"",""name"":""Fundamental Data""}","[]","MATRIX","TOP700","0"
"0","{""id"":""fundamental"",""name"":""Fundamental""}","0","{""id"":""fundamental72"",""name"":""Comprehensive Fundamental Data""}","1","2026-07-01","1","Interest income earned during the period (income statement)","fnd72_s_pit_or_is_a_cni_tni_si","2","GBR","{""id"":""fundamental-fundamental-data"",""name"":""Fundamental Data""}","[]","MATRIX","TOP700","0"
"0","{""id"":""fundamental"",""name"":""Fundamental""}","0","{""id"":""fundamental72"",""name"":""Comprehensive Fundamental Data""}","1","2026-07-01","1","Annual net income available to common shareholders (after preferred dividends)","fnd72_s_pit_or_is_a_earn_for_common","2","GBR","{""id"":""fundamental-fundamental-data"",""name"":""Fundamental Data""}","[]","MATRIX","TOP700","0"
"0","{""id"":""fundamental"",""name"":""Fundamental""}","0","{""id"":""fundamental72"",""name"":""Comprehensive Fundamental Data""}","1","2026-07-01","1","Annual earnings before interest and taxes","fnd72_s_pit_or_is_a_ebit","2","GBR","{""id"":""fundamental-fundamental-data"",""name"":""Fundamental Data""}","[]","MATRIX","TOP700","0"
"0","{""id"":""fundamental"",""name"":""Fundamental""}","0","{""id"":""fundamental72"",""name"":""Comprehensive Fundamental Data""}","1","2026-07-01","1","Annual earnings before interest, taxes, depreciation, and amortization","fnd72_s_pit_or_is_a_ebitda","2","GBR","{""id"":""fundamental-fundamental-data"",""name"":""Fundamental Data""}","[]","MATRIX","TOP700","0"
"0","{""id"":""fundamental"",""name"":""Fundamental""}","0","{""id"":""fundamental72"",""name"":""Comprehensive Fundamental Data""}","1","2026-07-01","1","Earnings before interest, taxes, depreciation, amortization, and rent (annual)","fnd72_s_pit_or_is_a_ebitdar","2","GBR","{""id"":""fundamental-fundamental-data"",""name"":""Fundamental Data""}","[]","MATRIX","TOP700","0"
"0","{""id"":""fundamental"",""name"":""Fundamental""}","0","{""id"":""fundamental72"",""name"":""Comprehensive Fundamental Data""}","1","2026-07-01","1","Effective interest rate percentage calculated as total interest incurred divided by average short and long-term debt","fnd72_s_pit_or_is_a_eff_int_rate","2","GBR","{""id"":""fundamental-fundamental-data"",""name"":""Fundamental Data""}","[]","MATRIX","TOP700","0"
"0","{""id"":""fundamental"",""name"":""Fundamental""}","0","{""id"":""fundamental72"",""name"":""Comprehensive Fundamental Data""}","1","2026-07-01","1","Fundamental data entry date","fnd72_s_pit_or_is_a_fundamental_entry_dt","2","GBR","{""id"":""fundamental-fundamental-data"",""name"":""Fundamental Data""}","[]","MATRIX","TOP700","0"
"0","{""id"":""fundamental"",""name"":""Fundamental""}","0","{""id"":""fundamental72"",""name"":""Comprehensive Fundamental Data""}","1","2026-07-01","1","Annual abnormal or exceptional items (gains or losses)","fnd72_s_pit_or_is_a_is_abnormal_item","2","GBR","{""id"":""fundamental-fundamental-data"",""name"":""Fundamental Data""}","[]","MATRIX","TOP700","0"
"0","{""id"":""fundamental"",""name"":""Fundamental""}","0","{""id"":""fundamental72"",""name"":""Comprehensive Fundamental Data""}","1","2026-07-01","1","Annual adjusted earnings per share as reported by the company","fnd72_s_pit_or_is_a_is_adjusted_eps_as_reported","2","GBR","{""id"":""fundamental-fundamental-data"",""name"":""Fundamental Data""}","[]","MATRIX","TOP700","0"
"0","{""id"":""fundamental"",""name"":""Fundamental""}","0","{""id"":""fundamental72"",""name"":""Comprehensive Fundamental Data""}","1","2026-07-01","1","Annual basic weighted average number of shares used for EPS","fnd72_s_pit_or_is_a_is_avg_num_sh_for_eps","2","GBR","{""id"":""fundamental-fundamental-data"",""name"":""Fundamental Data""}","[]","MATRIX","TOP700","0"
"0","{""id"":""fundamental"",""name"":""Fundamental""}","0","{""id"":""fundamental72"",""name"":""Comprehensive Fundamental Data""}","1","2026-07-01","1","Annual basic earnings per share from continuing operations, adjusted","fnd72_s_pit_or_is_a_is_basic_eps_cont_ops","2","GBR","{""id"":""fundamental-fundamental-data"",""name"":""Fundamental Data""}","[]","MATRIX","TOP700","0"
"0","{""id"":""fundamental"",""name"":""Fundamental""}","0","{""id"":""fundamental72"",""name"":""Comprehensive Fundamental Data""}","1","2026-07-01","1","Capitalized interest expense recognized for the period","fnd72_s_pit_or_is_a_is_cap_int_exp","2","GBR","{""id"":""fundamental-fundamental-data"",""name"":""Fundamental Data""}","[]","MATRIX","TOP700","0"
"0","{""id"":""fundamental"",""name"":""Fundamental""}","0","{""id"":""fundamental72"",""name"":""Comprehensive Fundamental Data""}","1","2026-07-01","1","Annual cost of revenue (cost of goods sold)","fnd72_s_pit_or_is_a_is_cogs_to_fe_and_pp_and_g","2","GBR","{""id"":""fundamental-fundamental-data"",""name"":""Fundamental Data""}","[]","MATRIX","TOP700","0"
"0","{""id"":""fundamental"",""name"":""Fundamental""}","0","{""id"":""fundamental72"",""name"":""Comprehensive Fundamental Data""}","1","2026-07-01","1","Annual comprehensive income including other comprehensive income","fnd72_s_pit_or_is_a_is_comprehensive_income","2","GBR","{""id"":""fundamental-fundamental-data"",""name"":""Fundamental Data""}","[]","MATRIX","TOP700","0"
"0","{""id"":""fundamental"",""name"":""Fundamental""}","0","{""id"":""fundamental72"",""name"":""Comprehensive Fundamental Data""}","1","2026-07-01","1","Annual diluted earnings per share","fnd72_s_pit_or_is_a_is_diluted_eps","2","GBR","{""id"":""fundamental-fundamental-data"",""name"":""Fundamental Data""}","[]","MATRIX","TOP700","0"
"0","{""id"":""fundamental"",""name"":""Fundamental""}","0","{""id"":""fundamental72"",""name"":""Comprehensive Fundamental Data""}","1","2026-07-01","1","Annual diluted earnings per share from continuing operations, adjusted","fnd72_s_pit_or_is_a_is_dil_eps_cont_ops","2","GBR","{""id"":""fundamental-fundamental-data"",""name"":""Fundamental Data""}","[]","MATRIX","TOP700","0"
"0","{""id"":""fundamental"",""name"":""Fundamental""}","0","{""id"":""fundamental72"",""name"":""Comprehensive Fundamental Data""}","1","2026-07-01","1","Annual dividend per share","fnd72_s_pit_or_is_a_is_div_per_shr","2","GBR","{""id"":""fundamental-fundamental-data"",""name"":""Fundamental Data""}","[]","MATRIX","TOP700","0"
"0","{""id"":""fundamental"",""name"":""Fundamental""}","0","{""id"":""fundamental72"",""name"":""Comprehensive Fundamental Data""}","1","2026-07-01","1","Basic earnings per share from continuing operations excluding extraordinary items","fnd72_s_pit_or_is_a_is_earn_bef_xo_items_per_sh","2","GBR","{""id"":""fundamental-fundamental-data"",""name"":""Fundamental Data""}","[]","MATRIX","TOP700","0"
"0","{""id"":""fundamental"",""name"":""Fundamental""}","0","{""id"":""fundamental72"",""name"":""Comprehensive Fundamental Data""}","1","2026-07-01","1","Annual share of earnings (losses) from equity-accounted associates/affiliates","fnd72_s_pit_or_is_a_is_eqy_earn_from_invest_assoc","2","GBR","{""id"":""fundamental-fundamental-data"",""name"":""Fundamental Data""}","[]","MATRIX","TOP700","0"
"0","{""id"":""fundamental"",""name"":""Fundamental""}","0","{""id"":""fundamental72"",""name"":""Comprehensive Fundamental Data""}","1","2026-07-01","1","Annual foreign currency translation adjustment recorded in other comprehensive income","fnd72_s_pit_or_is_a_is_foreign_crncy_trans_adj","2","GBR","{""id"":""fundamental-fundamental-data"",""name"":""Fundamental Data""}","[]","MATRIX","TOP700","0"
"0","{""id"":""fundamental"",""name"":""Fundamental""}","0","{""id"":""fundamental72"",""name"":""Comprehensive Fundamental Data""}","1","2026-07-01","1","Annual foreign exchange losses or gains recognized in the income statement","fnd72_s_pit_or_is_a_is_foreign_exch_loss","2","GBR","{""id"":""fundamental-fundamental-data"",""name"":""Fundamental Data""}","[]","MATRIX","TOP700","0"
"0","{""id"":""fundamental"",""name"":""Fundamental""}","0","{""id"":""fundamental72"",""name"":""Comprehensive Fundamental Data""}","1","2026-07-01","1","General and Administrative Expenses (Income Statement)","fnd72_s_pit_or_is_a_is_gnrl_and_admin_exp","2","GBR","{""id"":""fundamental-fundamental-data"",""name"":""Fundamental Data""}","[]","MATRIX","TOP700","0"
"0","{""id"":""fundamental"",""name"":""Fundamental""}","0","{""id"":""fundamental72"",""name"":""Comprehensive Fundamental Data""}","1","2026-07-01","1","Annual income (loss) from continuing operations (before extraordinary items)","fnd72_s_pit_or_is_a_is_inc_bef_xo_item","2","GBR","{""id"":""fundamental-fundamental-data"",""name"":""Fundamental Data""}","[]","MATRIX","TOP700","0"
"0","{""id"":""fundamental"",""name"":""Fundamental""}","0","{""id"":""fundamental72"",""name"":""Comprehensive Fundamental Data""}","1","2026-07-01","1","Annual income tax expense or benefit","fnd72_s_pit_or_is_a_is_inc_tax_exp","2","GBR","{""id"":""fundamental-fundamental-data"",""name"":""Fundamental Data""}","[]","MATRIX","TOP700","0"
"0","{""id"":""fundamental"",""name"":""Fundamental""}","0","{""id"":""fundamental72"",""name"":""Comprehensive Fundamental Data""}","1","2026-07-01","1","Annual income tax expense related to other comprehensive income","fnd72_s_pit_or_is_a_is_inc_tax_exp_other_comp_inc","2","GBR","{""id"":""fundamental-fundamental-data"",""name"":""Fundamental Data""}","[]","MATRIX","TOP700","0"
"0","{""id"":""fundamental"",""name"":""Fundamental""}","0","{""id"":""fundamental72"",""name"":""Comprehensive Fundamental Data""}","1","2026-07-01","1","Annual interest expense","fnd72_s_pit_or_is_a_is_int_expense","2","GBR","{""id"":""fundamental-fundamental-data"",""name"":""Fundamental Data""}","[]","MATRIX","TOP700","0"
"0","{""id"":""fundamental"",""name"":""Fundamental""}","0","{""id"":""fundamental72"",""name"":""Comprehensive Fundamental Data""}","1","2026-07-01","1","Annual net investment income","fnd72_s_pit_or_is_a_is_invest_income","2","GBR","{""id"":""fundamental-fundamental-data"",""name"":""Fundamental Data""}","[]","MATRIX","TOP700","0"
"0","{""id"":""fundamental"",""name"":""Fundamental""}","0","{""id"":""fundamental72"",""name"":""Comprehensive Fundamental Data""}","1","2026-07-01","1","Annual pension-related adjustment to other comprehensive income","fnd72_s_pit_or_is_a_is_min_pension_liab_adj","2","GBR","{""id"":""fundamental-fundamental-data"",""name"":""Fundamental Data""}","[]","MATRIX","TOP700","0"
"0","{""id"":""fundamental"",""name"":""Fundamental""}","0","{""id"":""fundamental72"",""name"":""Comprehensive Fundamental Data""}","1","2026-07-01","1","Annual net income available to common shareholders","fnd72_s_pit_or_is_a_is_net_inc_avail_com_shrhldrs","2","GBR","{""id"":""fundamental-fundamental-data"",""name"":""Fundamental Data""}","[]","MATRIX","TOP700","0"
"0","{""id"":""fundamental"",""name"":""Fundamental""}","0","{""id"":""fundamental72"",""name"":""Comprehensive Fundamental Data""}","1","2026-07-01","1","Annual net non-operating losses or gains","fnd72_s_pit_or_is_a_is_net_non_oper_loss","2","GBR","{""id"":""fundamental-fundamental-data"",""name"":""Fundamental Data""}","[]","MATRIX","TOP700","0"
"0","{""id"":""fundamental"",""name"":""Fundamental""}","0","{""id"":""fundamental72"",""name"":""Comprehensive Fundamental Data""}","1","2026-07-01","1","Operating income or loss from core operations (annual)","fnd72_s_pit_or_is_a_is_oper_inc","2","GBR","{""id"":""fundamental-fundamental-data"",""name"":""Fundamental Data""}","[]","MATRIX","TOP700","0"
"0","{""id"":""fundamental"",""name"":""Fundamental""}","0","{""id"":""fundamental72"",""name"":""Comprehensive Fundamental Data""}","1","2026-07-01","1","Other adjustments to other comprehensive income","fnd72_s_pit_or_is_a_is_other_adj_comp_inc","2","GBR","{""id"":""fundamental-fundamental-data"",""name"":""Fundamental Data""}","[]","MATRIX","TOP700","0"
"0","{""id"":""fundamental"",""name"":""Fundamental""}","0","{""id"":""fundamental72"",""name"":""Comprehensive Fundamental Data""}","1","2026-07-01","1","Annual other operating income","fnd72_s_pit_or_is_a_is_other_oper_inc","2","GBR","{""id"":""fundamental-fundamental-data"",""name"":""Fundamental Data""}","[]","MATRIX","TOP700","0"
"0","{""id"":""fundamental"",""name"":""Fundamental""}","0","{""id"":""fundamental72"",""name"":""Comprehensive Fundamental Data""}","1","2026-07-01","1","Annual personnel expenses (staff costs)","fnd72_s_pit_or_is_a_is_personnel_exp","2","GBR","{""id"":""fundamental-fundamental-data"",""name"":""Fundamental Data""}","[]","MATRIX","TOP700","0"
"0","{""id"":""fundamental"",""name"":""Fundamental""}","0","{""id"":""fundamental72"",""name"":""Comprehensive Fundamental Data""}","1","2026-07-01","1","Annual research and development expense","fnd72_s_pit_or_is_a_is_rd_expend","2","GBR","{""id"":""fundamental-fundamental-data"",""name"":""Fundamental Data""}","[]","MATRIX","TOP700","0"
"0","{""id"":""fundamental"",""name"":""Fundamental""}","0","{""id"":""fundamental72"",""name"":""Comprehensive Fundamental Data""}","1","2026-07-01","1","Operating expenses comprising SG&A and other operating depreciation and maintenance for the year","fnd72_s_pit_or_is_a_is_sga_other_op_depr_op_maint","2","GBR","{""id"":""fundamental-fundamental-data"",""name"":""Fundamental Data""}","[]","MATRIX","TOP700","0"
"0","{""id"":""fundamental"",""name"":""Fundamental""}","0","{""id"":""fundamental72"",""name"":""Comprehensive Fundamental Data""}","1","2026-07-01","1","Diluted weighted average shares used to compute diluted EPS (annual)","fnd72_s_pit_or_is_a_is_sh_for_diluted_eps","2","GBR","{""id"":""fundamental-fundamental-data"",""name"":""Fundamental Data""}","[]","MATRIX","TOP700","0"
"0","{""id"":""fundamental"",""name"":""Fundamental""}","0","{""id"":""fundamental72"",""name"":""Comprehensive Fundamental Data""}","1","2026-07-01","1","Annual special earnings per share","fnd72_s_pit_or_is_a_is_special_eps","2","GBR","{""id"":""fundamental-fundamental-data"",""name"":""Fundamental Data""}","[]","MATRIX","TOP700","0"
"0","{""id"":""fundamental"",""name"":""Fundamental""}","0","{""id"":""fundamental72"",""name"":""Comprehensive Fundamental Data""}","1","2026-07-01","1","Tax effects on abnormal items (annual)","fnd72_s_pit_or_is_a_is_tax_eff_on_abnormal_item","2","GBR","{""id"":""fundamental-fundamental-data"",""name"":""Fundamental Data""}","[]","MATRIX","TOP700","0"
"0","{""id"":""fundamental"",""name"":""Fundamental""}","0","{""id"":""fundamental72"",""name"":""Comprehensive Fundamental Data""}","1","2026-07-01","1","Annual tax effect associated with extraordinary items","fnd72_s_pit_or_is_a_is_tax_eff_on_xo_item","2","GBR","{""id"":""fundamental-fundamental-data"",""name"":""Fundamental Data""}","[]","MATRIX","TOP700","0"
"0","{""id"":""fundamental"",""name"":""Fundamental""}","0","{""id"":""fundamental72"",""name"":""Comprehensive Fundamental Data""}","1","2026-07-01","1","Annual total cash dividends paid to common shareholders","fnd72_s_pit_or_is_a_is_tot_cash_com_dvd","2","GBR","{""id"":""fundamental-fundamental-data"",""name"":""Fundamental Data""}","[]","MATRIX","TOP700","0"
"0","{""id"":""fundamental"",""name"":""Fundamental""}","0","{""id"":""fundamental72"",""name"":""Comprehensive Fundamental Data""}","1","2026-07-01","1","Annual total cash preferred dividends","fnd72_s_pit_or_is_a_is_tot_cash_pfd_dvd","2","GBR","{""id"":""fundamental-fundamental-data"",""name"":""Fundamental Data""}","[]","MATRIX","TOP700","0"
"0","{""id"":""fundamental"",""name"":""Fundamental""}","0","{""id"":""fundamental72"",""name"":""Comprehensive Fundamental Data""}","1","2026-07-01","1","Unrealized gains/losses recorded in other comprehensive income (annual)","fnd72_s_pit_or_is_a_is_unrealized_gain_loss_comp_inc","2","GBR","{""id"":""fundamental-fundamental-data"",""name"":""Fundamental Data""}","[]","MATRIX","TOP700","0"
"0","{""id"":""fundamental"",""name"":""Fundamental""}","0","{""id"":""fundamental72"",""name"":""Comprehensive Fundamental Data""}","1","2026-07-01","1","Extraordinary loss before tax effect","fnd72_s_pit_or_is_a_is_xo_loss_bef_tax_eff","2","GBR","{""id"":""fundamental-fundamental-data"",""name"":""Fundamental Data""}","[]","MATRIX","TOP700","0"
"0","{""id"":""fundamental"",""name"":""Fundamental""}","0","{""id"":""fundamental72"",""name"":""Comprehensive Fundamental Data""}","1","2026-07-01","1","Latest available period-end date from full financial records (annual)","fnd72_s_pit_or_is_a_latest_period_end_dt_full_record","2","GBR","{""id"":""fundamental-fundamental-data"",""name"":""Fundamental Data""}","[]","MATRIX","TOP700","0"
"0","{""id"":""fundamental"",""name"":""Fundamental""}","0","{""id"":""fundamental72"",""name"":""Comprehensive Fundamental Data""}","1","2026-07-01","1","Annual minority/noncontrolling interest credits","fnd72_s_pit_or_is_a_min_noncontrol_interest_credits","2","GBR","{""id"":""fundamental-fundamental-data"",""name"":""Fundamental Data""}","[]","MATRIX","TOP700","0"
"0","{""id"":""fundamental"",""name"":""Fundamental""}","0","{""id"":""fundamental72"",""name"":""Comprehensive Fundamental Data""}","1","2026-07-01","1","Annual net income (net profit or loss)","fnd72_s_pit_or_is_a_net_income","2","GBR","{""id"":""fundamental-fundamental-data"",""name"":""Fundamental Data""}","[]","MATRIX","TOP700","0"
"0","{""id"":""fundamental"",""name"":""Fundamental""}","0","{""id"":""fundamental72"",""name"":""Comprehensive Fundamental Data""}","1","2026-07-01","1","Diluted earnings per share before extraordinary items","fnd72_s_pit_or_is_a_ox_feb_spe_lid_si","2","GBR","{""id"":""fundamental-fundamental-data"",""name"":""Fundamental Data""}","[]","MATRIX","TOP700","0"
"0","{""id"":""fundamental"",""name"":""Fundamental""}","0","{""id"":""fundamental72"",""name"":""Comprehensive Fundamental Data""}","1","2026-07-01","1","Annual depreciation expenses","fnd72_s_pit_or_is_a_pxe_rped_si","2","GBR","{""id"":""fundamental-fundamental-data"",""name"":""Fundamental Data""}","[]","MATRIX","TOP700","0"
"0","{""id"":""fundamental"",""name"":""Fundamental""}","0","{""id"":""fundamental72"",""name"":""Comprehensive Fundamental Data""}","1","2026-07-01","1","Annual revenue (sales/turnover)","fnd72_s_pit_or_is_a_sales_rev_turn","2","GBR","{""id"":""fundamental-fundamental-data"",""name"":""Fundamental Data""}","[]","MATRIX","TOP700","0"
"0","{""id"":""fundamental"",""name"":""Fundamental""}","0","{""id"":""fundamental72"",""name"":""Comprehensive Fundamental Data""}","1","2026-07-01","1","Basic earnings per share (annual)","fnd72_s_pit_or_is_a_spe_si","2","GBR","{""id"":""fundamental-fundamental-data"",""name"":""Fundamental Data""}","[]","MATRIX","TOP700","0"
"0","{""id"":""fundamental"",""name"":""Fundamental""}","0","{""id"":""fundamental72"",""name"":""Comprehensive Fundamental Data""}","1","2026-07-01","1","Latest full earnings report announcement date (quarterly)","fnd72_s_pit_or_is_q_announcement_dt","2","GBR","{""id"":""fundamental-fundamental-data"",""name"":""Fundamental Data""}","[]","MATRIX","TOP700","0"
"0","{""id"":""fundamental"",""name"":""Fundamental""}","0","{""id"":""fundamental72"",""name"":""Comprehensive Fundamental Data""}","1","2026-07-01","1","Fundamental data entry date for the quarter","fnd72_s_pit_or_is_q_fundamental_entry_dt","2","GBR","{""id"":""fundamental-fundamental-data"",""name"":""Fundamental Data""}","[]","MATRIX","TOP700","0"
"0","{""id"":""fundamental"",""name"":""Fundamental""}","0","{""id"":""fundamental72"",""name"":""Comprehensive Fundamental Data""}","1","2026-07-01","1","Latest available period end date from full financial records","fnd72_s_pit_or_is_q_latest_period_end_dt_full_record","2","GBR","{""id"":""fundamental-fundamental-data"",""name"":""Fundamental Data""}","[]","MATRIX","TOP700","0"
"0","{""id"":""fundamental"",""name"":""Fundamental""}","0","{""id"":""fundamental72"",""name"":""Comprehensive Fundamental Data""}","1","2026-07-01","1","Total value of deposits held in foreign locations.","foreign_deposits_balance","2","GBR","{""id"":""fundamental-fundamental-data"",""name"":""Fundamental Data""}","[]","VECTOR","TOP700","0"
"0","{""id"":""fundamental"",""name"":""Fundamental""}","0","{""id"":""fundamental72"",""name"":""Comprehensive Fundamental Data""}","1","2026-07-01","1","Total value of loans issued in foreign markets.","foreign_loans_balance","2","GBR","{""id"":""fundamental-fundamental-data"",""name"":""Fundamental Data""}","[]","VECTOR","TOP700","0"
"0","{""id"":""fundamental"",""name"":""Fundamental""}","0","{""id"":""fundamental72"",""name"":""Comprehensive Fundamental Data""}","1","2026-07-01","1","Loans issued to foreign entities or in foreign currencies.","foreign_loans_outstanding","2","GBR","{""id"":""fundamental-fundamental-data"",""name"":""Fundamental Data""}","[]","VECTOR","TOP700","0"
"0","{""id"":""fundamental"",""name"":""Fundamental""}","0","{""id"":""fundamental72"",""name"":""Comprehensive Fundamental Data""}","1","2026-07-01","1","The maximum amount of share capital that a company is legally permitted to issue, as specified in its corporate charter. This is a monetary value in the reporting currency.","fundamental_authorized_capital","2","GBR","{""id"":""fundamental-fundamental-data"",""name"":""Fundamental Data""}","[]","MATRIX","TOP700","0"
"0","{""id"":""fundamental"",""name"":""Fundamental""}","0","{""id"":""fundamental72"",""name"":""Comprehensive Fundamental Data""}","1","2026-07-01","1","A charge taken to reduce the carrying value of goodwill and other intangible assets when they are deemed to have a lower recoverable value. This is a monetary value in the reporting currency, typically reported on the income statement.","fundamental_impairment_goodwill_and_intangibles","2","GBR","{""id"":""fundamental-fundamental-data"",""name"":""Fundamental Data""}","[]","MATRIX","TOP700","0"
"0","{""id"":""fundamental"",""name"":""Fundamental""}","0","{""id"":""fundamental72"",""name"":""Comprehensive Fundamental Data""}","1","2026-07-01","1","The value of investments, including securities, loans, and receivables, that a company intends to hold for more than one year. This is a monetary value in the reporting currency, representing a point-in-time snapshot.","fundamental_long_term_investments_d0","2","GBR","{""id"":""fundamental-fundamental-data"",""name"":""Fundamental Data""}","[]","MATRIX","TOP700","0"
"0","{""id"":""fundamental"",""name"":""Fundamental""}","0","{""id"":""fundamental72"",""name"":""Comprehensive Fundamental Data""}","1","2026-07-01","1","The total value of a company's assets minus its total liabilities, which is equivalent to total shareholders' equity. This is a monetary value in the reporting currency.","fundamental_net_assets","2","GBR","{""id"":""fundamental-fundamental-data"",""name"":""Fundamental Data""}","[]","MATRIX","TOP700","0"
"0","{""id"":""fundamental"",""name"":""Fundamental""}","0","{""id"":""fundamental72"",""name"":""Comprehensive Fundamental Data""}","1","2026-07-01","1","The value of total current assets minus total current liabilities, also known as working capital. This is a monetary value in the reporting currency.","fundamental_net_current_assets","2","GBR","{""id"":""fundamental-fundamental-data"",""name"":""Fundamental Data""}","[]","MATRIX","TOP700","0"
"0","{""id"":""fundamental"",""name"":""Fundamental""}","0","{""id"":""fundamental72"",""name"":""Comprehensive Fundamental Data""}","1","2026-07-01","1","Funds set aside for future appropriations or allocations.","funds_for_future_appropriations","2","GBR","{""id"":""fundamental-fundamental-data"",""name"":""Fundamental Data""}","[]","VECTOR","TOP700","0"
"0","{""id"":""fundamental"",""name"":""Fundamental""}","0","{""id"":""fundamental72"",""name"":""Comprehensive Fundamental Data""}","1","2026-07-01","1","Funds from operations per diluted share.","funds_from_operations_per_diluted_share_2","2","GBR","{""id"":""fundamental-fundamental-data"",""name"":""Fundamental Data""}","[]","VECTOR","TOP700","0"
"0","{""id"":""fundamental"",""name"":""Fundamental""}","0","{""id"":""fundamental72"",""name"":""Comprehensive Fundamental Data""}","1","2026-07-01","1","Funds from operations per fully diluted share.","funds_from_operations_per_fully_diluted_share","2","GBR","{""id"":""fundamental-fundamental-data"",""name"":""Fundamental Data""}","[]","VECTOR","TOP700","0"
"0","{""id"":""fundamental"",""name"":""Fundamental""}","0","{""id"":""fundamental72"",""name"":""Comprehensive Fundamental Data""}","1","2026-07-01","1","Funds from operations per share.","funds_from_operations_per_share","2","GBR","{""id"":""fundamental-fundamental-data"",""name"":""Fundamental Data""}","[]","VECTOR","TOP700","0"
"0","{""id"":""fundamental"",""name"":""Fundamental""}","0","{""id"":""fundamental72"",""name"":""Comprehensive Fundamental Data""}","1","2026-07-01","1","Total funds from operations for the period.","funds_from_operations_total","2","GBR","{""id"":""fundamental-fundamental-data"",""name"":""Fundamental Data""}","[]","VECTOR","TOP700","0"
"0","{""id"":""fundamental"",""name"":""Fundamental""}","0","{""id"":""fundamental72"",""name"":""Comprehensive Fundamental Data""}","1","2026-07-01","1","Value of furniture, machinery, and equipment owned.","furniture_machinery_equipment_amt","2","GBR","{""id"":""fundamental-fundamental-data"",""name"":""Fundamental Data""}","[]","VECTOR","TOP700","0"
"0","{""id"":""fundamental"",""name"":""Fundamental""}","0","{""id"":""fundamental72"",""name"":""Comprehensive Fundamental Data""}","1","2026-07-01","1","Book value of furniture, machinery, and equipment owned.","furniture_machinery_equipment_value_2","2","GBR","{""id"":""fundamental-fundamental-data"",""name"":""Fundamental Data""}","[]","VECTOR","TOP700","0"
"0","{""id"":""fundamental"",""name"":""Fundamental""}","0","{""id"":""fundamental72"",""name"":""Comprehensive Fundamental Data""}","1","2026-07-01","1","Value of future benefits owed to policyholders.","future_policy_benefits_value","2","GBR","{""id"":""fundamental-fundamental-data"",""name"":""Fundamental Data""}","[]","VECTOR","TOP700","0"
"0","{""id"":""fundamental"",""name"":""Fundamental""}","0","{""id"":""fundamental72"",""name"":""Comprehensive Fundamental Data""}","1","2026-07-01","1","Value of goodwill reported on the balance sheet.","goodwill_amt","2","GBR","{""id"":""fundamental-fundamental-data"",""name"":""Fundamental Data""}","[]","VECTOR","TOP700","0"
"0","{""id"":""fundamental"",""name"":""Fundamental""}","0","{""id"":""fundamental72"",""name"":""Comprehensive Fundamental Data""}","1","2026-07-01","1","Value of goodwill recognized on the balance sheet.","goodwill_balance","2","GBR","{""id"":""fundamental-fundamental-data"",""name"":""Fundamental Data""}","[]","VECTOR","TOP700","0"
"0","{""id"":""fundamental"",""name"":""Fundamental""}","0","{""id"":""fundamental72"",""name"":""Comprehensive Fundamental Data""}","1","2026-07-01","1","Amount of goodwill written off during the reporting period.","goodwill_write_off_amount","2","GBR","{""id"":""fundamental-fundamental-data"",""name"":""Fundamental Data""}","[]","VECTOR","TOP700","0"
"0","{""id"":""fundamental"",""name"":""Fundamental""}","0","{""id"":""fundamental72"",""name"":""Comprehensive Fundamental Data""}","1","2026-07-01","1","Total gross value of property, plant, and equipment before depreciation.","gross_property_plant_equipment_2","2","GBR","{""id"":""fundamental-fundamental-data"",""name"":""Fundamental Data""}","[]","MATRIX","TOP700","0"
"0","{""id"":""fundamental"",""name"":""Fundamental""}","0","{""id"":""fundamental72"",""name"":""Comprehensive Fundamental Data""}","1","2026-07-01","1","Gross value of property, plant, and equipment before depreciation.","gross_property_plant_equipment_5","2","GBR","{""id"":""fundamental-fundamental-data"",""name"":""Fundamental Data""}","[]","VECTOR","TOP700","0"
"0","{""id"":""fundamental"",""name"":""Fundamental""}","0","{""id"":""fundamental72"",""name"":""Comprehensive Fundamental Data""}","1","2026-07-01","1","Total trade receivables before allowances.","gross_trade_receivables_2","2","GBR","{""id"":""fundamental-fundamental-data"",""name"":""Fundamental Data""}","[]","VECTOR","TOP700","0"
"0","{""id"":""fundamental"",""name"":""Fundamental""}","0","{""id"":""fundamental72"",""name"":""Comprehensive Fundamental Data""}","1","2026-07-01","1","Income taxes accrued but not yet paid, as reported in annual statements.","income_tax_accrued_payable_a","2","GBR","{""id"":""fundamental-fundamental-data"",""name"":""Fundamental Data""}","[]","VECTOR","TOP700","0"
"0","{""id"":""fundamental"",""name"":""Fundamental""}","0","{""id"":""fundamental72"",""name"":""Comprehensive Fundamental Data""}","1","2026-07-01","1","Value of income taxes receivable from tax authorities.","income_tax_receivable_value","2","GBR","{""id"":""fundamental-fundamental-data"",""name"":""Fundamental Data""}","[]","VECTOR","TOP700","0"
"0","{""id"":""fundamental"",""name"":""Fundamental""}","0","{""id"":""fundamental72"",""name"":""Comprehensive Fundamental Data""}","1","2026-07-01","1","Increase in capital stock of subsidiaries.","increase_in_capital_stock_subsidiaries","2","GBR","{""id"":""fundamental-fundamental-data"",""name"":""Fundamental Data""}","[]","VECTOR","TOP700","0"
"0","{""id"":""fundamental"",""name"":""Fundamental""}","0","{""id"":""fundamental72"",""name"":""Comprehensive Fundamental Data""}","1","2026-07-01","1","Increase in deposits, secondary classification.","increase_in_deposits_secondary","2","GBR","{""id"":""fundamental-fundamental-data"",""name"":""Fundamental Data""}","[]","VECTOR","TOP700","0"
"0","{""id"":""fundamental"",""name"":""Fundamental""}","0","{""id"":""fundamental72"",""name"":""Comprehensive Fundamental Data""}","1","2026-07-01","1","Increase in available funds during the period.","increase_in_funds_cashflow","2","GBR","{""id"":""fundamental-fundamental-data"",""name"":""Fundamental Data""}","[]","VECTOR","TOP700","0"
"0","{""id"":""fundamental"",""name"":""Fundamental""}","0","{""id"":""fundamental72"",""name"":""Comprehensive Fundamental Data""}","1","2026-07-01","1","Increase in loans during the reporting period.","increase_in_loans_cashflow_3","2","GBR","{""id"":""fundamental-fundamental-data"",""name"":""Fundamental Data""}","[]","VECTOR","TOP700","0"
"0","{""id"":""fundamental"",""name"":""Fundamental""}","0","{""id"":""fundamental72"",""name"":""Comprehensive Fundamental Data""}","1","2026-07-01","1","Increase in long-term borrowings of subsidiaries.","increase_in_long_term_borrowings_subsidiaries","2","GBR","{""id"":""fundamental-fundamental-data"",""name"":""Fundamental Data""}","[]","VECTOR","TOP700","0"
"0","{""id"":""fundamental"",""name"":""Fundamental""}","0","{""id"":""fundamental72"",""name"":""Comprehensive Fundamental Data""}","1","2026-07-01","1","Increase in long-term investments during the period.","increase_in_long_term_investments","2","GBR","{""id"":""fundamental-fundamental-data"",""name"":""Fundamental Data""}","[]","VECTOR","TOP700","0"
"0","{""id"":""fundamental"",""name"":""Fundamental""}","0","{""id"":""fundamental72"",""name"":""Comprehensive Fundamental Data""}","1","2026-07-01","1","Total claims and losses recognized by an insurance company.","insurance_claims_and_losses_2","2","GBR","{""id"":""fundamental-fundamental-data"",""name"":""Fundamental Data""}","[]","VECTOR","TOP700","0"
"0","{""id"":""fundamental"",""name"":""Fundamental""}","0","{""id"":""fundamental72"",""name"":""Comprehensive Fundamental Data""}","1","2026-07-01","1","Reserve set aside for future insurance premium obligations.","insurance_premium_reserve","2","GBR","{""id"":""fundamental-fundamental-data"",""name"":""Fundamental Data""}","[]","VECTOR","TOP700","0"
"0","{""id"":""fundamental"",""name"":""Fundamental""}","0","{""id"":""fundamental72"",""name"":""Comprehensive Fundamental Data""}","1","2026-07-01","1","Total value of assets due from other banks.","interbank_assets_balance","2","GBR","{""id"":""fundamental-fundamental-data"",""name"":""Fundamental Data""}","[]","VECTOR","TOP700","0"
"0","{""id"":""fundamental"",""name"":""Fundamental""}","0","{""id"":""fundamental72"",""name"":""Comprehensive Fundamental Data""}","1","2026-07-01","1","Amounts owed to the company for interest earned but not yet received.","interest_income_due_assets","2","GBR","{""id"":""fundamental-fundamental-data"",""name"":""Fundamental Data""}","[]","VECTOR","TOP700","0"
"0","{""id"":""fundamental"",""name"":""Fundamental""}","0","{""id"":""fundamental72"",""name"":""Comprehensive Fundamental Data""}","1","2026-07-01","1","Value of goods held for sale or production, as reported in annual statements.","inventory_annual_2","2","GBR","{""id"":""fundamental-fundamental-data"",""name"":""Fundamental Data""}","[]","VECTOR","TOP700","0"
"0","{""id"":""fundamental"",""name"":""Fundamental""}","0","{""id"":""fundamental72"",""name"":""Comprehensive Fundamental Data""}","1","2026-07-01","1","Value of finished goods inventory held by the company.","inventory_finished_goods_amt","2","GBR","{""id"":""fundamental-fundamental-data"",""name"":""Fundamental Data""}","[]","VECTOR","TOP700","0"
"0","{""id"":""fundamental"",""name"":""Fundamental""}","0","{""id"":""fundamental72"",""name"":""Comprehensive Fundamental Data""}","1","2026-07-01","1","Total value of inventory for region A2.","inventory_total_a2","2","GBR","{""id"":""fundamental-fundamental-data"",""name"":""Fundamental Data""}","[]","MATRIX","TOP700","0"
"0","{""id"":""fundamental"",""name"":""Fundamental""}","0","{""id"":""fundamental72"",""name"":""Comprehensive Fundamental Data""}","1","2026-07-01","1","Total value of inventory held by the company.","inventory_total_value_4","2","GBR","{""id"":""fundamental-fundamental-data"",""name"":""Fundamental Data""}","[]","VECTOR","TOP700","0"
"0","{""id"":""fundamental"",""name"":""Fundamental""}","0","{""id"":""fundamental72"",""name"":""Comprehensive Fundamental Data""}","1","2026-07-01","1","Total value of inventory reported on the balance sheet.","inventory_value_total_3","2","GBR","{""id"":""fundamental-fundamental-data"",""name"":""Fundamental Data""}","[]","MATRIX","TOP700","0"
"0","{""id"":""fundamental"",""name"":""Fundamental""}","0","{""id"":""fundamental72"",""name"":""Comprehensive Fundamental Data""}","1","2026-07-01","1","Value of investments held in affiliated companies and joint ventures.","investments_in_affiliates_joint_ventures_2","2","GBR","{""id"":""fundamental-fundamental-data"",""name"":""Fundamental Data""}","[]","VECTOR","TOP700","0"
"0","{""id"":""fundamental"",""name"":""Fundamental""}","0","{""id"":""fundamental72"",""name"":""Comprehensive Fundamental Data""}","1","2026-07-01","1","Securities held for sale rather than to maturity.","investment_securities_available_for_sale_3","2","GBR","{""id"":""fundamental-fundamental-data"",""name"":""Fundamental Data""}","[]","VECTOR","TOP700","0"
"0","{""id"":""fundamental"",""name"":""Fundamental""}","0","{""id"":""fundamental72"",""name"":""Comprehensive Fundamental Data""}","1","2026-07-01","1","Debt securities intended to be held until their maturity date.","investment_securities_held_to_maturity_2","2","GBR","{""id"":""fundamental-fundamental-data"",""name"":""Fundamental Data""}","[]","VECTOR","TOP700","0"
"0","{""id"":""fundamental"",""name"":""Fundamental""}","0","{""id"":""fundamental72"",""name"":""Comprehensive Fundamental Data""}","1","2026-07-01","1","Total number of shares issued and outstanding, as reported in annual statements.","issued_shares_annual","2","GBR","{""id"":""fundamental-fundamental-data"",""name"":""Fundamental Data""}","[]","VECTOR","TOP700","0"
"0","{""id"":""fundamental"",""name"":""Fundamental""}","0","{""id"":""fundamental72"",""name"":""Comprehensive Fundamental Data""}","1","2026-07-01","1","Book value of land owned by the company.","land_assets","2","GBR","{""id"":""fundamental-fundamental-data"",""name"":""Fundamental Data""}","[]","VECTOR","TOP700","0"
"0","{""id"":""fundamental"",""name"":""Fundamental""}","0","{""id"":""fundamental72"",""name"":""Comprehensive Fundamental Data""}","0.8124","2026-07-01","1","Value of land held for future development.","land_held_for_development_value","2","GBR","{""id"":""fundamental-fundamental-data"",""name"":""Fundamental Data""}","[]","VECTOR","TOP700","0"
"0","{""id"":""fundamental"",""name"":""Fundamental""}","0","{""id"":""fundamental72"",""name"":""Comprehensive Fundamental Data""}","1","2026-07-01","1","Value of improvements made to leased properties.","leasehold_improvements_value_2","2","GBR","{""id"":""fundamental-fundamental-data"",""name"":""Fundamental Data""}","[]","VECTOR","TOP700","0"
"0","{""id"":""fundamental"",""name"":""Fundamental""}","0","{""id"":""fundamental72"",""name"":""Comprehensive Fundamental Data""}","1","2026-07-01","1","Total value of loans for lease financing.","lease_financing_loans_balance","2","GBR","{""id"":""fundamental-fundamental-data"",""name"":""Fundamental Data""}","[]","VECTOR","TOP700","0"
"0","{""id"":""fundamental"",""name"":""Fundamental""}","0","{""id"":""fundamental72"",""name"":""Comprehensive Fundamental Data""}","1","2026-07-01","1","Total value of loans provided for lease financing.","lease_financing_loans_value","2","GBR","{""id"":""fundamental-fundamental-data"",""name"":""Fundamental Data""}","[]","VECTOR","TOP700","0"
"0","{""id"":""fundamental"",""name"":""Fundamental""}","0","{""id"":""fundamental72"",""name"":""Comprehensive Fundamental Data""}","1","2026-07-01","1","Allowance deducted from asset values, such as for doubtful accounts.","less_allowance_value","2","GBR","{""id"":""fundamental-fundamental-data"",""name"":""Fundamental Data""}","[]","VECTOR","TOP700","0"
"0","{""id"":""fundamental"",""name"":""Fundamental""}","0","{""id"":""fundamental72"",""name"":""Comprehensive Fundamental Data""}","1","2026-07-01","1","Ratio of leverage to tangible capital.","leverage_ratio_to_tangible_capital","2","GBR","{""id"":""fundamental-fundamental-data"",""name"":""Fundamental Data""}","[]","VECTOR","TOP700","0"
"0","{""id"":""fundamental"",""name"":""Fundamental""}","0","{""id"":""fundamental72"",""name"":""Comprehensive Fundamental Data""}","1","2026-07-01","1","Total value of life insurance policy benefit obligations.","life_policy_benefits_balance","2","GBR","{""id"":""fundamental-fundamental-data"",""name"":""Fundamental Data""}","[]","VECTOR","TOP700","0"
"0","{""id"":""fundamental"",""name"":""Fundamental""}","0","{""id"":""fundamental72"",""name"":""Comprehensive Fundamental Data""}","1","2026-07-01","1","Reserve set aside for potential loan losses.","loan_loss_reserve_balance","2","GBR","{""id"":""fundamental-fundamental-data"",""name"":""Fundamental Data""}","[]","VECTOR","TOP700","0"
"0","{""id"":""fundamental"",""name"":""Fundamental""}","0","{""id"":""fundamental72"",""name"":""Comprehensive Fundamental Data""}","1","2026-07-01","1","Outstanding balance of debt obligations due beyond one year, as reported in annual statements.","long_term_debt_annual_2","2","GBR","{""id"":""fundamental-fundamental-data"",""name"":""Fundamental Data""}","[]","VECTOR","TOP700","0"
"0","{""id"":""fundamental"",""name"":""Fundamental""}","0","{""id"":""fundamental72"",""name"":""Comprehensive Fundamental Data""}","1","2026-07-01","1","Deferred tax assets expected to be realized after one year.","long_term_deferred_income_tax_assets","2","GBR","{""id"":""fundamental-fundamental-data"",""name"":""Fundamental Data""}","[]","VECTOR","TOP700","0"
"0","{""id"":""fundamental"",""name"":""Fundamental""}","0","{""id"":""fundamental72"",""name"":""Comprehensive Fundamental Data""}","1","2026-07-01","1","Deferred tax assets expected to be realized after one year.","long_term_deferred_tax_assets_2","2","GBR","{""id"":""fundamental-fundamental-data"",""name"":""Fundamental Data""}","[]","VECTOR","TOP700","0"
"0","{""id"":""fundamental"",""name"":""Fundamental""}","0","{""id"":""fundamental72"",""name"":""Comprehensive Fundamental Data""}","1","2026-07-01","1","Value of derivative assets with maturities over one year.","long_term_derivative_assets_2","2","GBR","{""id"":""fundamental-fundamental-data"",""name"":""Fundamental Data""}","[]","VECTOR","TOP700","0"
"0","{""id"":""fundamental"",""name"":""Fundamental""}","0","{""id"":""fundamental72"",""name"":""Comprehensive Fundamental Data""}","1","2026-07-01","1","Total value of long-term investments held by the company.","long_term_investments_value_5","2","GBR","{""id"":""fundamental-fundamental-data"",""name"":""Fundamental Data""}","[]","VECTOR","TOP700","0"
"0","{""id"":""fundamental"",""name"":""Fundamental""}","0","{""id"":""fundamental72"",""name"":""Comprehensive Fundamental Data""}","1","2026-07-01","1","Total value of liabilities with long-term maturities.","long_term_liabilities_value","2","GBR","{""id"":""fundamental-fundamental-data"",""name"":""Fundamental Data""}","[]","VECTOR","TOP700","0"
"0","{""id"":""fundamental"",""name"":""Fundamental""}","0","{""id"":""fundamental72"",""name"":""Comprehensive Fundamental Data""}","1","2026-07-01","1","Total value of loans with long-term maturities.","long_term_loans_value_2","2","GBR","{""id"":""fundamental-fundamental-data"",""name"":""Fundamental Data""}","[]","VECTOR","TOP700","0"
"0","{""id"":""fundamental"",""name"":""Fundamental""}","0","{""id"":""fundamental72"",""name"":""Comprehensive Fundamental Data""}","1","2026-07-01","1","Value of notes receivable with long-term maturities.","long_term_notes_receivable_value","2","GBR","{""id"":""fundamental-fundamental-data"",""name"":""Fundamental Data""}","[]","VECTOR","TOP700","0"
"0","{""id"":""fundamental"",""name"":""Fundamental""}","0","{""id"":""fundamental72"",""name"":""Comprehensive Fundamental Data""}","1","2026-07-01","1","Value of prepaid expenses with long-term benefit.","long_term_prepaid_expenses_value_2","2","GBR","{""id"":""fundamental-fundamental-data"",""name"":""Fundamental Data""}","[]","VECTOR","TOP700","0"
"0","{""id"":""fundamental"",""name"":""Fundamental""}","0","{""id"":""fundamental72"",""name"":""Comprehensive Fundamental Data""}","1","2026-07-01","1","Securities that can be readily sold in the market.","marketable_securities_assets","2","GBR","{""id"":""fundamental-fundamental-data"",""name"":""Fundamental Data""}","[]","VECTOR","TOP700","0"
"0","{""id"":""fundamental"",""name"":""Fundamental""}","0","{""id"":""fundamental72"",""name"":""Comprehensive Fundamental Data""}","1","2026-07-01","1","Loans not classified under standard categories on the balance sheet.","miscellaneous_loans_balance_sheet","2","GBR","{""id"":""fundamental-fundamental-data"",""name"":""Fundamental Data""}","[]","VECTOR","TOP700","0"
"0","{""id"":""fundamental"",""name"":""Fundamental""}","0","{""id"":""fundamental72"",""name"":""Comprehensive Fundamental Data""}","1","2026-07-01","1","Other assets not classified under standard asset categories.","miscellaneous_other_assets","2","GBR","{""id"":""fundamental-fundamental-data"",""name"":""Fundamental Data""}","[]","VECTOR","TOP700","0"
"0","{""id"":""fundamental"",""name"":""Fundamental""}","0","{""id"":""fundamental72"",""name"":""Comprehensive Fundamental Data""}","1","2026-07-01","1","Total value of mortgage loans outstanding.","mortgage_loans_balance","2","GBR","{""id"":""fundamental-fundamental-data"",""name"":""Fundamental Data""}","[]","VECTOR","TOP700","0"
"0","{""id"":""fundamental"",""name"":""Fundamental""}","0","{""id"":""fundamental72"",""name"":""Comprehensive Fundamental Data""}","1","2026-07-01","1","Outstanding mortgage loans reported on the balance sheet.","mortgage_loans_balance_sheet","2","GBR","{""id"":""fundamental-fundamental-data"",""name"":""Fundamental Data""}","[]","VECTOR","TOP700","0"
"0","{""id"":""fundamental"",""name"":""Fundamental""}","0","{""id"":""fundamental72"",""name"":""Comprehensive Fundamental Data""}","1","2026-07-01","1","Total value of mortgage loans outstanding.","mortgage_loans_value","2","GBR","{""id"":""fundamental-fundamental-data"",""name"":""Fundamental Data""}","[]","VECTOR","TOP700","0"
"0","{""id"":""fundamental"",""name"":""Fundamental""}","0","{""id"":""fundamental72"",""name"":""Comprehensive Fundamental Data""}","1","2026-07-01","1","Total value of net assets owned by the company.","net_assets_value_2","2","GBR","{""id"":""fundamental-fundamental-data"",""name"":""Fundamental Data""}","[]","VECTOR","TOP700","0"
"0","{""id"":""fundamental"",""name"":""Fundamental""}","0","{""id"":""fundamental72"",""name"":""Comprehensive Fundamental Data""}","1","2026-07-01","1","Net asset value divided by the number of shares outstanding.","net_asset_value_per_equity_share","2","GBR","{""id"":""fundamental-fundamental-data"",""name"":""Fundamental Data""}","[]","VECTOR","TOP700","0"
"0","{""id"":""fundamental"",""name"":""Fundamental""}","0","{""id"":""fundamental72"",""name"":""Comprehensive Fundamental Data""}","1","2026-07-01","1","Total value of assets minus total liabilities.","net_asset_value_total","2","GBR","{""id"":""fundamental-fundamental-data"",""name"":""Fundamental Data""}","[]","VECTOR","TOP700","0"
"0","{""id"":""fundamental"",""name"":""Fundamental""}","0","{""id"":""fundamental72"",""name"":""Comprehensive Fundamental Data""}","1","2026-07-01","1","Net value of software capitalized as an asset.","net_capitalized_software_value","2","GBR","{""id"":""fundamental-fundamental-data"",""name"":""Fundamental Data""}","[]","VECTOR","TOP700","0"
"0","{""id"":""fundamental"",""name"":""Fundamental""}","0","{""id"":""fundamental72"",""name"":""Comprehensive Fundamental Data""}","1","2026-07-01","1","Net increase or decrease in deposits during the period.","net_change_in_deposits","2","GBR","{""id"":""fundamental-fundamental-data"",""name"":""Fundamental Data""}","[]","VECTOR","TOP700","0"
"0","{""id"":""fundamental"",""name"":""Fundamental""}","0","{""id"":""fundamental72"",""name"":""Comprehensive Fundamental Data""}","1","2026-07-01","1","Net increase or decrease in insurance reserves.","net_change_in_insurance_reserves","2","GBR","{""id"":""fundamental-fundamental-data"",""name"":""Fundamental Data""}","[]","VECTOR","TOP700","0"
"0","{""id"":""fundamental"",""name"":""Fundamental""}","0","{""id"":""fundamental72"",""name"":""Comprehensive Fundamental Data""}","1","2026-07-01","1","Current assets minus current liabilities.","net_current_assets","2","GBR","{""id"":""fundamental-fundamental-data"",""name"":""Fundamental Data""}","[]","VECTOR","TOP700","0"
"0","{""id"":""fundamental"",""name"":""Fundamental""}","0","{""id"":""fundamental72"",""name"":""Comprehensive Fundamental Data""}","1","2026-07-01","1","Net amount of insurance premiums due to be received.","net_insurance_premiums_receivable","2","GBR","{""id"":""fundamental-fundamental-data"",""name"":""Fundamental Data""}","[]","VECTOR","TOP700","0"
"0","{""id"":""fundamental"",""name"":""Fundamental""}","0","{""id"":""fundamental72"",""name"":""Comprehensive Fundamental Data""}","1","2026-07-01","1","Total loans issued less allowances for losses.","net_loans_outstanding","2","GBR","{""id"":""fundamental-fundamental-data"",""name"":""Fundamental Data""}","[]","VECTOR","TOP700","0"
"0","{""id"":""fundamental"",""name"":""Fundamental""}","0","{""id"":""fundamental72"",""name"":""Comprehensive Fundamental Data""}","1","2026-07-01","1","Net value of mortgages and notes receivable.","net_mortgages_and_notes_value","2","GBR","{""id"":""fundamental-fundamental-data"",""name"":""Fundamental Data""}","[]","VECTOR","TOP700","0"
"0","{""id"":""fundamental"",""name"":""Fundamental""}","0","{""id"":""fundamental72"",""name"":""Comprehensive Fundamental Data""}","1","2026-07-01","1","Net value of other tangible assets owned.","net_other_tangible_assets","2","GBR","{""id"":""fundamental-fundamental-data"",""name"":""Fundamental Data""}","[]","VECTOR","TOP700","0"
"0","{""id"":""fundamental"",""name"":""Fundamental""}","0","{""id"":""fundamental72"",""name"":""Comprehensive Fundamental Data""}","1","2026-07-01","1","Net value of property owned after depreciation.","net_property_value","2","GBR","{""id"":""fundamental-fundamental-data"",""name"":""Fundamental Data""}","[]","VECTOR","TOP700","0"
"0","{""id"":""fundamental"",""name"":""Fundamental""}","0","{""id"":""fundamental72"",""name"":""Comprehensive Fundamental Data""}","1","2026-07-01","1","Total value of assets not generating expected returns.","nonperforming_assets_balance","2","GBR","{""id"":""fundamental-fundamental-data"",""name"":""Fundamental Data""}","[]","VECTOR","TOP700","0"
"0","{""id"":""fundamental"",""name"":""Fundamental""}","0","{""id"":""fundamental72"",""name"":""Comprehensive Fundamental Data""}","1","2026-07-01","1","Total value of loans not generating expected payments.","nonperforming_loans_balance","2","GBR","{""id"":""fundamental-fundamental-data"",""name"":""Fundamental Data""}","[]","VECTOR","TOP700","0"
"0","{""id"":""fundamental"",""name"":""Fundamental""}","0","{""id"":""fundamental72"",""name"":""Comprehensive Fundamental Data""}","1","2026-07-01","1","Reserves not related to equity, such as for liabilities or contingencies.","non_equity_reserves_3","2","GBR","{""id"":""fundamental-fundamental-data"",""name"":""Fundamental Data""}","[]","VECTOR","TOP700","0"
"0","{""id"":""fundamental"",""name"":""Fundamental""}","0","{""id"":""fundamental72"",""name"":""Comprehensive Fundamental Data""}","1","2026-07-01","1","Total number of company-operated outlets or branches.","number_of_outlets_branches","2","GBR","{""id"":""fundamental-fundamental-data"",""name"":""Fundamental Data""}","[]","VECTOR","TOP700","0"
"0","{""id"":""fundamental"",""name"":""Fundamental""}","0","{""id"":""fundamental72"",""name"":""Comprehensive Fundamental Data""}","1","2026-07-01","1","Value of off-balance sheet commitments and contingencies.","off_balance_commitments_and_contingencies","2","GBR","{""id"":""fundamental-fundamental-data"",""name"":""Fundamental Data""}","[]","VECTOR","TOP700","0"
"0","{""id"":""fundamental"",""name"":""Fundamental""}","0","{""id"":""fundamental72"",""name"":""Comprehensive Fundamental Data""}","1","2026-07-01","1","Operating profit derived from discontinued operations.","operating_profit_from_discontinued_ops","2","GBR","{""id"":""fundamental-fundamental-data"",""name"":""Fundamental Data""}","[]","MATRIX","TOP700","0"
"0","{""id"":""fundamental"",""name"":""Fundamental""}","0","{""id"":""fundamental72"",""name"":""Comprehensive Fundamental Data""}","1","2026-07-01","1","Current assets not classified elsewhere.","other_current_assets_12","2","GBR","{""id"":""fundamental-fundamental-data"",""name"":""Fundamental Data""}","[]","VECTOR","TOP700","0"
"0","{""id"":""fundamental"",""name"":""Fundamental""}","0","{""id"":""fundamental72"",""name"":""Comprehensive Fundamental Data""}","1","2026-07-01","1","Current liabilities not classified elsewhere, as reported in annual statements.","other_current_liabilities_annual","2","GBR","{""id"":""fundamental-fundamental-data"",""name"":""Fundamental Data""}","[]","VECTOR","TOP700","0"
"0","{""id"":""fundamental"",""name"":""Fundamental""}","0","{""id"":""fundamental72"",""name"":""Comprehensive Fundamental Data""}","1","2026-07-01","1","Value of other current liabilities not separately disclosed.","other_current_liabilities_value_3","2","GBR","{""id"":""fundamental-fundamental-data"",""name"":""Fundamental Data""}","[]","MATRIX","TOP700","0"
"0","{""id"":""fundamental"",""name"":""Fundamental""}","0","{""id"":""fundamental72"",""name"":""Comprehensive Fundamental Data""}","1","2026-07-01","1","Value of deposits not classified under standard deposit categories.","other_deposits_balance","2","GBR","{""id"":""fundamental-fundamental-data"",""name"":""Fundamental Data""}","[]","VECTOR","TOP700","0"
"0","{""id"":""fundamental"",""name"":""Fundamental""}","0","{""id"":""fundamental72"",""name"":""Comprehensive Fundamental Data""}","1","2026-07-01","1","Value of deposits not classified elsewhere.","other_deposits_value","2","GBR","{""id"":""fundamental-fundamental-data"",""name"":""Fundamental Data""}","[]","VECTOR","TOP700","0"
"0","{""id"":""fundamental"",""name"":""Fundamental""}","0","{""id"":""fundamental72"",""name"":""Comprehensive Fundamental Data""}","1","2026-07-01","1","Other equity components not classified elsewhere.","other_equity_amt","2","GBR","{""id"":""fundamental-fundamental-data"",""name"":""Fundamental Data""}","[]","VECTOR","TOP700","0"
"0","{""id"":""fundamental"",""name"":""Fundamental""}","0","{""id"":""fundamental72"",""name"":""Comprehensive Fundamental Data""}","1","2026-07-01","1","Total cost of fixed assets not classified elsewhere before depreciation.","other_gross_fixed_assets_3","2","GBR","{""id"":""fundamental-fundamental-data"",""name"":""Fundamental Data""}","[]","VECTOR","TOP700","0"
"0","{""id"":""fundamental"",""name"":""Fundamental""}","0","{""id"":""fundamental72"",""name"":""Comprehensive Fundamental Data""}","1","2026-07-01","1","Gross value of fixed assets not classified elsewhere.","other_gross_fixed_assets_amt","2","GBR","{""id"":""fundamental-fundamental-data"",""name"":""Fundamental Data""}","[]","VECTOR","TOP700","0"
"0","{""id"":""fundamental"",""name"":""Fundamental""}","0","{""id"":""fundamental72"",""name"":""Comprehensive Fundamental Data""}","1","2026-07-01","1","Other intangible assets as reported in alternate statement formats.","other_intangibles_other_amt","2","GBR","{""id"":""fundamental-fundamental-data"",""name"":""Fundamental Data""}","[]","VECTOR","TOP700","0"
"0","{""id"":""fundamental"",""name"":""Fundamental""}","0","{""id"":""fundamental72"",""name"":""Comprehensive Fundamental Data""}","1","2026-07-01","1","Value of intangible assets not classified elsewhere.","other_intangible_assets_amt","2","GBR","{""id"":""fundamental-fundamental-data"",""name"":""Fundamental Data""}","[]","VECTOR","TOP700","0"
"0","{""id"":""fundamental"",""name"":""Fundamental""}","0","{""id"":""fundamental72"",""name"":""Comprehensive Fundamental Data""}","1","2026-07-01","1","Value of intangible assets other than goodwill.","other_intangible_assets_value","2","GBR","{""id"":""fundamental-fundamental-data"",""name"":""Fundamental Data""}","[]","MATRIX","TOP700","0"
"0","{""id"":""fundamental"",""name"":""Fundamental""}","0","{""id"":""fundamental72"",""name"":""Comprehensive Fundamental Data""}","1","2026-07-01","1","Investments not classified in other asset categories.","other_investments_assets","2","GBR","{""id"":""fundamental-fundamental-data"",""name"":""Fundamental Data""}","[]","VECTOR","TOP700","0"
"0","{""id"":""fundamental"",""name"":""Fundamental""}","0","{""id"":""fundamental72"",""name"":""Comprehensive Fundamental Data""}","1","2026-07-01","1","Investments classified as held for sale.","other_investments_held_for_sale_2","2","GBR","{""id"":""fundamental-fundamental-data"",""name"":""Fundamental Data""}","[]","VECTOR","TOP700","0"
"0","{""id"":""fundamental"",""name"":""Fundamental""}","0","{""id"":""fundamental72"",""name"":""Comprehensive Fundamental Data""}","0.8677","2026-07-01","1","Value of liabilities not classified under standard categories.","other_liabilities_balance","2","GBR","{""id"":""fundamental-fundamental-data"",""name"":""Fundamental Data""}","[]","VECTOR","TOP700","0"
"0","{""id"":""fundamental"",""name"":""Fundamental""}","0","{""id"":""fundamental72"",""name"":""Comprehensive Fundamental Data""}","1","2026-07-01","1","Value of loans not classified under standard loan categories.","other_loans_balance_2","2","GBR","{""id"":""fundamental-fundamental-data"",""name"":""Fundamental Data""}","[]","VECTOR","TOP700","0"
"0","{""id"":""fundamental"",""name"":""Fundamental""}","0","{""id"":""fundamental72"",""name"":""Comprehensive Fundamental Data""}","1","2026-07-01","1","Other investments classified as long-term assets.","other_long_term_investments_3","2","GBR","{""id"":""fundamental-fundamental-data"",""name"":""Fundamental Data""}","[]","VECTOR","TOP700","0"
"0","{""id"":""fundamental"",""name"":""Fundamental""}","0","{""id"":""fundamental72"",""name"":""Comprehensive Fundamental Data""}","1","2026-07-01","1","Other assets not expected to be converted to cash within a year.","other_noncurrent_assets_amt","2","GBR","{""id"":""fundamental-fundamental-data"",""name"":""Fundamental Data""}","[]","VECTOR","TOP700","0"
"0","{""id"":""fundamental"",""name"":""Fundamental""}","0","{""id"":""fundamental72"",""name"":""Comprehensive Fundamental Data""}","1","2026-07-01","1","Value of other noncurrent assets.","other_noncurrent_assets_value_3","2","GBR","{""id"":""fundamental-fundamental-data"",""name"":""Fundamental Data""}","[]","MATRIX","TOP700","0"
"0","{""id"":""fundamental"",""name"":""Fundamental""}","0","{""id"":""fundamental72"",""name"":""Comprehensive Fundamental Data""}","1","2026-07-01","1","Other liabilities due beyond one year not classified elsewhere.","other_noncurrent_liabilities_amt","2","GBR","{""id"":""fundamental-fundamental-data"",""name"":""Fundamental Data""}","[]","VECTOR","TOP700","0"
"0","{""id"":""fundamental"",""name"":""Fundamental""}","0","{""id"":""fundamental72"",""name"":""Comprehensive Fundamental Data""}","1","2026-07-01","1","Reserves set aside for miscellaneous operating purposes.","other_operating_reserves","2","GBR","{""id"":""fundamental-fundamental-data"",""name"":""Fundamental Data""}","[]","VECTOR","TOP700","0"
"0","{""id"":""fundamental"",""name"":""Fundamental""}","0","{""id"":""fundamental72"",""name"":""Comprehensive Fundamental Data""}","1","2026-07-01","1","Liabilities for payables not classified elsewhere.","other_payables_liabilities","2","GBR","{""id"":""fundamental-fundamental-data"",""name"":""Fundamental Data""}","[]","VECTOR","TOP700","0"
"0","{""id"":""fundamental"",""name"":""Fundamental""}","0","{""id"":""fundamental72"",""name"":""Comprehensive Fundamental Data""}","1","2026-07-01","1","Income or expense from other pension categories.","other_pension_category_income","2","GBR","{""id"":""fundamental-fundamental-data"",""name"":""Fundamental Data""}","[]","MATRIX","TOP700","0"
"0","{""id"":""fundamental"",""name"":""Fundamental""}","0","{""id"":""fundamental72"",""name"":""Comprehensive Fundamental Data""}","1","2026-07-01","1","Amount of receivables not classified as trade accounts.","other_receivables_amt","2","GBR","{""id"":""fundamental-fundamental-data"",""name"":""Fundamental Data""}","[]","VECTOR","TOP700","0"
"0","{""id"":""fundamental"",""name"":""Fundamental""}","0","{""id"":""fundamental72"",""name"":""Comprehensive Fundamental Data""}","1","2026-07-01","1","Other reserves not classified elsewhere on the balance sheet.","other_reserves_amt","2","GBR","{""id"":""fundamental-fundamental-data"",""name"":""Fundamental Data""}","[]","VECTOR","TOP700","0"
"0","{""id"":""fundamental"",""name"":""Fundamental""}","0","{""id"":""fundamental72"",""name"":""Comprehensive Fundamental Data""}","1","2026-07-01","1","Value of reserves not classified elsewhere.","other_reserves_value_2","2","GBR","{""id"":""fundamental-fundamental-data"",""name"":""Fundamental Data""}","[]","VECTOR","TOP700","0"
"0","{""id"":""fundamental"",""name"":""Fundamental""}","0","{""id"":""fundamental72"",""name"":""Comprehensive Fundamental Data""}","1","2026-07-01","1","Value of other reserves reported on the balance sheet.","other_reserve_value","2","GBR","{""id"":""fundamental-fundamental-data"",""name"":""Fundamental Data""}","[]","MATRIX","TOP700","0"
"0","{""id"":""fundamental"",""name"":""Fundamental""}","0","{""id"":""fundamental72"",""name"":""Comprehensive Fundamental Data""}","1","2026-07-01","1","Receivables due within one year not classified elsewhere.","other_short_term_receivables_5","2","GBR","{""id"":""fundamental-fundamental-data"",""name"":""Fundamental Data""}","[]","VECTOR","TOP700","0"
"0","{""id"":""fundamental"",""name"":""Fundamental""}","0","{""id"":""fundamental72"",""name"":""Comprehensive Fundamental Data""}","1","2026-07-01","1","Other sources of cash not classified elsewhere.","other_sources_of_cash","2","GBR","{""id"":""fundamental-fundamental-data"",""name"":""Fundamental Data""}","[]","VECTOR","TOP700","0"
"0","{""id"":""fundamental"",""name"":""Fundamental""}","0","{""id"":""fundamental72"",""name"":""Comprehensive Fundamental Data""}","1","2026-07-01","1","Value of taxes payable not classified elsewhere.","other_taxes_payable_value","2","GBR","{""id"":""fundamental-fundamental-data"",""name"":""Fundamental Data""}","[]","VECTOR","TOP700","0"
"0","{""id"":""fundamental"",""name"":""Fundamental""}","0","{""id"":""fundamental72"",""name"":""Comprehensive Fundamental Data""}","1","2026-07-01","1","Other uses of cash not classified elsewhere.","other_uses_of_cash","2","GBR","{""id"":""fundamental-fundamental-data"",""name"":""Fundamental Data""}","[]","VECTOR","TOP700","0"
"0","{""id"":""fundamental"",""name"":""Fundamental""}","0","{""id"":""fundamental72"",""name"":""Comprehensive Fundamental Data""}","1","2026-07-01","1","Nominal value assigned to each share of stock, as reported in annual statements.","par_value_annual","2","GBR","{""id"":""fundamental-fundamental-data"",""name"":""Fundamental Data""}","[]","VECTOR","TOP700","0"
"0","{""id"":""fundamental"",""name"":""Fundamental""}","0","{""id"":""fundamental72"",""name"":""Comprehensive Fundamental Data""}","1","2026-07-01","1","Book value of patents, trademarks, and copyrights owned.","patents_trademarks_copyrights_assets","2","GBR","{""id"":""fundamental-fundamental-data"",""name"":""Fundamental Data""}","[]","VECTOR","TOP700","0"
"0","{""id"":""fundamental"",""name"":""Fundamental""}","0","{""id"":""fundamental72"",""name"":""Comprehensive Fundamental Data""}","1","2026-07-01","1","Liabilities for pension and post-retirement benefits.","pension_postretirement_liabilities_3","2","GBR","{""id"":""fundamental-fundamental-data"",""name"":""Fundamental Data""}","[]","VECTOR","TOP700","0"
"0","{""id"":""fundamental"",""name"":""Fundamental""}","0","{""id"":""fundamental72"",""name"":""Comprehensive Fundamental Data""}","1","2026-07-01","1","Net value of plant and equipment after depreciation.","plant_and_equipment_net","2","GBR","{""id"":""fundamental-fundamental-data"",""name"":""Fundamental Data""}","[]","VECTOR","TOP700","0"
"0","{""id"":""fundamental"",""name"":""Fundamental""}","0","{""id"":""fundamental72"",""name"":""Comprehensive Fundamental Data""}","1","2026-07-01","1","Equity attributable to policyholders in insurance companies.","policyholder_equity_balance","2","GBR","{""id"":""fundamental-fundamental-data"",""name"":""Fundamental Data""}","[]","VECTOR","TOP700","0"
"0","{""id"":""fundamental"",""name"":""Fundamental""}","0","{""id"":""fundamental72"",""name"":""Comprehensive Fundamental Data""}","1","2026-07-01","1","Dividends paid on preferred shares and other distributions.","preferred_dividends_and_other_distributions","2","GBR","{""id"":""fundamental-fundamental-data"",""name"":""Fundamental Data""}","[]","VECTOR","TOP700","0"
"0","{""id"":""fundamental"",""name"":""Fundamental""}","0","{""id"":""fundamental72"",""name"":""Comprehensive Fundamental Data""}","1","2026-07-01","1","Prepaid expenses and other miscellaneous assets.","prepaid_expenses_and_other_assets_3","2","GBR","{""id"":""fundamental-fundamental-data"",""name"":""Fundamental Data""}","[]","VECTOR","TOP700","0"
"0","{""id"":""fundamental"",""name"":""Fundamental""}","0","{""id"":""fundamental72"",""name"":""Comprehensive Fundamental Data""}","0.2182","2026-07-01","1","Cash flow impact from other prepaid items.","prepaid_other_items_cashflow","2","GBR","{""id"":""fundamental-fundamental-data"",""name"":""Fundamental Data""}","[]","VECTOR","TOP700","0"
"0","{""id"":""fundamental"",""name"":""Fundamental""}","0","{""id"":""fundamental72"",""name"":""Comprehensive Fundamental Data""}","1","2026-07-01","1","Prepaid assets for pension and post-retirement benefits.","prepaid_pension_postretirement_benefits_2","2","GBR","{""id"":""fundamental-fundamental-data"",""name"":""Fundamental Data""}","[]","VECTOR","TOP700","0"
"0","{""id"":""fundamental"",""name"":""Fundamental""}","0","{""id"":""fundamental72"",""name"":""Comprehensive Fundamental Data""}","0.8124","2026-07-01","1","Payments made in advance for goods or services to be received.","prepayments_and_advances","2","GBR","{""id"":""fundamental-fundamental-data"",""name"":""Fundamental Data""}","[]","VECTOR","TOP700","0"
"0","{""id"":""fundamental"",""name"":""Fundamental""}","0","{""id"":""fundamental72"",""name"":""Comprehensive Fundamental Data""}","1","2026-07-01","1","Accumulated profit or loss carried forward to future periods.","profit_loss_carryforward_2","2","GBR","{""id"":""fundamental-fundamental-data"",""name"":""Fundamental Data""}","[]","VECTOR","TOP700","0"
"0","{""id"":""fundamental"",""name"":""Fundamental""}","0","{""id"":""fundamental72"",""name"":""Comprehensive Fundamental Data""}","1","2026-07-01","1","Value of projects currently under development or construction.","projects_under_development_construction","2","GBR","{""id"":""fundamental-fundamental-data"",""name"":""Fundamental Data""}","[]","VECTOR","TOP700","0"
"0","{""id"":""fundamental"",""name"":""Fundamental""}","0","{""id"":""fundamental72"",""name"":""Comprehensive Fundamental Data""}","1","2026-07-01","1","Value of properties classified as held for sale.","properties_held_for_sale_value","2","GBR","{""id"":""fundamental-fundamental-data"",""name"":""Fundamental Data""}","[]","VECTOR","TOP700","0"
"0","{""id"":""fundamental"",""name"":""Fundamental""}","0","{""id"":""fundamental72"",""name"":""Comprehensive Fundamental Data""}","1","2026-07-01","1","Cash outflow for improvements to property.","property_improvements_cashflow","2","GBR","{""id"":""fundamental-fundamental-data"",""name"":""Fundamental Data""}","[]","VECTOR","TOP700","0"
"0","{""id"":""fundamental"",""name"":""Fundamental""}","0","{""id"":""fundamental72"",""name"":""Comprehensive Fundamental Data""}","1","2026-07-01","1","Gross value of property, plant, and equipment before depreciation.","property_plant_equipment_gross_amt","2","GBR","{""id"":""fundamental-fundamental-data"",""name"":""Fundamental Data""}","[]","VECTOR","TOP700","0"
"0","{""id"":""fundamental"",""name"":""Fundamental""}","0","{""id"":""fundamental72"",""name"":""Comprehensive Fundamental Data""}","1","2026-07-01","1","Net value of property, plant, and equipment after depreciation, as reported in annual statements.","property_plant_equipment_net_a","2","GBR","{""id"":""fundamental-fundamental-data"",""name"":""Fundamental Data""}","[]","VECTOR","TOP700","0"
"0","{""id"":""fundamental"",""name"":""Fundamental""}","0","{""id"":""fundamental72"",""name"":""Comprehensive Fundamental Data""}","1","2026-07-01","1","Net value of property, plant, and equipment after depreciation, as reported in annual statements.","property_plant_equipment_net_annual","2","GBR","{""id"":""fundamental-fundamental-data"",""name"":""Fundamental Data""}","[]","VECTOR","TOP700","0"
"0","{""id"":""fundamental"",""name"":""Fundamental""}","0","{""id"":""fundamental72"",""name"":""Comprehensive Fundamental Data""}","1","2026-07-01","1","Provisions for liabilities and other charges.","provisions_liabilities_and_other_charges","2","GBR","{""id"":""fundamental-fundamental-data"",""name"":""Fundamental Data""}","[]","MATRIX","TOP700","0"
"0","{""id"":""fundamental"",""name"":""Fundamental""}","0","{""id"":""fundamental72"",""name"":""Comprehensive Fundamental Data""}","1","2026-07-01","1","Provisions for liabilities, charges, and other obligations.","provisions_liabilities_charges_other_2","2","GBR","{""id"":""fundamental-fundamental-data"",""name"":""Fundamental Data""}","[]","VECTOR","TOP700","0"
"0","{""id"":""fundamental"",""name"":""Fundamental""}","0","{""id"":""fundamental72"",""name"":""Comprehensive Fundamental Data""}","1","2026-07-01","1","Cash flow impact from provision for doubtful accounts.","provision_for_doubtful_accounts_cashflow","2","GBR","{""id"":""fundamental-fundamental-data"",""name"":""Fundamental Data""}","[]","VECTOR","TOP700","0"
"0","{""id"":""fundamental"",""name"":""Fundamental""}","0","{""id"":""fundamental72"",""name"":""Comprehensive Fundamental Data""}","1","2026-07-01","1","Value of raw materials held in inventory.","raw_material_inventory","2","GBR","{""id"":""fundamental-fundamental-data"",""name"":""Fundamental Data""}","[]","VECTOR","TOP700","0"
"0","{""id"":""fundamental"",""name"":""Fundamental""}","0","{""id"":""fundamental72"",""name"":""Comprehensive Fundamental Data""}","1","2026-07-01","1","Value of raw materials held for production.","raw_material_inventory_3","2","GBR","{""id"":""fundamental-fundamental-data"",""name"":""Fundamental Data""}","[]","VECTOR","TOP700","0"
"0","{""id"":""fundamental"",""name"":""Fundamental""}","0","{""id"":""fundamental72"",""name"":""Comprehensive Fundamental Data""}","1","2026-07-01","1","Value of raw materials held in inventory.","raw_material_inventory_value","2","GBR","{""id"":""fundamental-fundamental-data"",""name"":""Fundamental Data""}","[]","MATRIX","TOP700","0"
"0","{""id"":""fundamental"",""name"":""Fundamental""}","0","{""id"":""fundamental72"",""name"":""Comprehensive Fundamental Data""}","1","2026-07-01","1","Investments in real estate properties.","real_estate_investments_2","2","GBR","{""id"":""fundamental-fundamental-data"",""name"":""Fundamental Data""}","[]","VECTOR","TOP700","0"
"0","{""id"":""fundamental"",""name"":""Fundamental""}","0","{""id"":""fundamental72"",""name"":""Comprehensive Fundamental Data""}","1","2026-07-01","1","Investments in real estate joint ventures.","real_estate_joint_venture_investments","2","GBR","{""id"":""fundamental-fundamental-data"",""name"":""Fundamental Data""}","[]","VECTOR","TOP700","0"
"0","{""id"":""fundamental"",""name"":""Fundamental""}","0","{""id"":""fundamental72"",""name"":""Comprehensive Fundamental Data""}","1","2026-07-01","1","Total value of loans secured by real estate.","real_estate_loans_balance","2","GBR","{""id"":""fundamental-fundamental-data"",""name"":""Fundamental Data""}","[]","VECTOR","TOP700","0"
"0","{""id"":""fundamental"",""name"":""Fundamental""}","0","{""id"":""fundamental72"",""name"":""Comprehensive Fundamental Data""}","0.8352","2026-07-01","1","Receivables due from reinsurance contracts.","reinsurance_receivables_amt","2","GBR","{""id"":""fundamental-fundamental-data"",""name"":""Fundamental Data""}","[]","VECTOR","TOP700","0"
"0","{""id"":""fundamental"",""name"":""Fundamental""}","0","{""id"":""fundamental72"",""name"":""Comprehensive Fundamental Data""}","1","2026-07-01","1","The currency in which the financial statement values are reported.","reporting_currency_code_41","2","GBR","{""id"":""fundamental-fundamental-data"",""name"":""Fundamental Data""}","[]","MATRIX","TOP700","0"
"0","{""id"":""fundamental"",""name"":""Fundamental""}","0","{""id"":""fundamental72"",""name"":""Comprehensive Fundamental Data""}","1","2026-07-01","1","Reserve set aside to cover potential loan losses.","reserve_for_loan_losses_value","2","GBR","{""id"":""fundamental-fundamental-data"",""name"":""Fundamental Data""}","[]","VECTOR","TOP700","0"
"0","{""id"":""fundamental"",""name"":""Fundamental""}","0","{""id"":""fundamental72"",""name"":""Comprehensive Fundamental Data""}","1","2026-07-01","1","Reserve set aside for outstanding insurance claim losses.","reserve_for_outstanding_claim_losses","2","GBR","{""id"":""fundamental-fundamental-data"",""name"":""Fundamental Data""}","[]","VECTOR","TOP700","0"
"0","{""id"":""fundamental"",""name"":""Fundamental""}","0","{""id"":""fundamental72"",""name"":""Comprehensive Fundamental Data""}","1","2026-07-01","1","Assets restricted for specific purposes or obligations.","restricted_assets_amt","2","GBR","{""id"":""fundamental-fundamental-data"",""name"":""Fundamental Data""}","[]","VECTOR","TOP700","0"
"0","{""id"":""fundamental"",""name"":""Fundamental""}","0","{""id"":""fundamental72"",""name"":""Comprehensive Fundamental Data""}","1","2026-07-01","1","Retained earnings or accumulated deficit balance.","retained_earnings_accumulated_deficit_4","2","GBR","{""id"":""fundamental-fundamental-data"",""name"":""Fundamental Data""}","[]","VECTOR","TOP700","0"
"0","{""id"":""fundamental"",""name"":""Fundamental""}","0","{""id"":""fundamental72"",""name"":""Comprehensive Fundamental Data""}","1","2026-07-01","1","Cumulative net income retained or deficit accumulated by the company.","retained_earnings_or_accum_deficit","2","GBR","{""id"":""fundamental-fundamental-data"",""name"":""Fundamental Data""}","[]","VECTOR","TOP700","0"
"0","{""id"":""fundamental"",""name"":""Fundamental""}","0","{""id"":""fundamental72"",""name"":""Comprehensive Fundamental Data""}","1","2026-07-01","1","Total assets weighted by risk for regulatory capital purposes.","risk_adjusted_assets","2","GBR","{""id"":""fundamental-fundamental-data"",""name"":""Fundamental Data""}","[]","VECTOR","TOP700","0"
"0","{""id"":""fundamental"",""name"":""Fundamental""}","0","{""id"":""fundamental72"",""name"":""Comprehensive Fundamental Data""}","1","2026-07-01","1","Sales or revenue generated from discontinued operations.","sales_revenue_from_discontinued_ops","2","GBR","{""id"":""fundamental-fundamental-data"",""name"":""Fundamental Data""}","[]","MATRIX","TOP700","0"
"0","{""id"":""fundamental"",""name"":""Fundamental""}","0","{""id"":""fundamental72"",""name"":""Comprehensive Fundamental Data""}","1","2026-07-01","1","Total value of savings deposits.","savings_deposits_balance","2","GBR","{""id"":""fundamental-fundamental-data"",""name"":""Fundamental Data""}","[]","VECTOR","TOP700","0"
"0","{""id"":""fundamental"",""name"":""Fundamental""}","0","{""id"":""fundamental72"",""name"":""Comprehensive Fundamental Data""}","1","2026-07-01","1","Total value of savings deposits held.","savings_deposits_value","2","GBR","{""id"":""fundamental-fundamental-data"",""name"":""Fundamental Data""}","[]","VECTOR","TOP700","0"
"0","{""id"":""fundamental"",""name"":""Fundamental""}","0","{""id"":""fundamental72"",""name"":""Comprehensive Fundamental Data""}","0.9942","2026-07-01","1","Total value of debt secured by collateral.","secured_debt_value","2","GBR","{""id"":""fundamental-fundamental-data"",""name"":""Fundamental Data""}","[]","VECTOR","TOP700","0"
"0","{""id"":""fundamental"",""name"":""Fundamental""}","0","{""id"":""fundamental72"",""name"":""Comprehensive Fundamental Data""}","1","2026-07-01","1","Value of securities purchased under agreements to resell.","securities_purchased_resale_agreements","2","GBR","{""id"":""fundamental-fundamental-data"",""name"":""Fundamental Data""}","[]","VECTOR","TOP700","0"
"0","{""id"":""fundamental"",""name"":""Fundamental""}","0","{""id"":""fundamental72"",""name"":""Comprehensive Fundamental Data""}","1","2026-07-01","1","Value of securities purchased under agreements to resell.","securities_purchased_under_resale_agreements_2","2","GBR","{""id"":""fundamental-fundamental-data"",""name"":""Fundamental Data""}","[]","VECTOR","TOP700","0"
"0","{""id"":""fundamental"",""name"":""Fundamental""}","0","{""id"":""fundamental72"",""name"":""Comprehensive Fundamental Data""}","1","2026-07-01","1","Value of securities sold under repurchase agreements.","securities_sold_under_repurchase_agreements","2","GBR","{""id"":""fundamental-fundamental-data"",""name"":""Fundamental Data""}","[]","VECTOR","TOP700","0"
"0","{""id"":""fundamental"",""name"":""Fundamental""}","0","{""id"":""fundamental72"",""name"":""Comprehensive Fundamental Data""}","1","2026-07-01","1","Value of segregated funds held for policyholders or clients.","segregated_fund_balance","2","GBR","{""id"":""fundamental-fundamental-data"",""name"":""Fundamental Data""}","[]","VECTOR","TOP700","0"
"0","{""id"":""fundamental"",""name"":""Fundamental""}","0","{""id"":""fundamental72"",""name"":""Comprehensive Fundamental Data""}","1","2026-07-01","1","Aggregate value of shareholders' equity.","shareholders_equity_total_amt","2","GBR","{""id"":""fundamental-fundamental-data"",""name"":""Fundamental Data""}","[]","VECTOR","TOP700","0"
"0","{""id"":""fundamental"",""name"":""Fundamental""}","0","{""id"":""fundamental72"",""name"":""Comprehensive Fundamental Data""}","1","2026-07-01","1","Total value of shareholders' equity.","shareholders_equity_total_value","2","GBR","{""id"":""fundamental-fundamental-data"",""name"":""Fundamental Data""}","[]","MATRIX","TOP700","0"
"0","{""id"":""fundamental"",""name"":""Fundamental""}","0","{""id"":""fundamental72"",""name"":""Comprehensive Fundamental Data""}","1","2026-07-01","1","Number of shares currently issued and held by shareholders.","shares_outstanding_count_5","2","GBR","{""id"":""fundamental-fundamental-data"",""name"":""Fundamental Data""}","[]","VECTOR","TOP700","0"
"0","{""id"":""fundamental"",""name"":""Fundamental""}","0","{""id"":""fundamental72"",""name"":""Comprehensive Fundamental Data""}","1","2026-07-01","1","Borrowings due within one year, as reported in annual statements.","short_term_borrowings_a","2","GBR","{""id"":""fundamental-fundamental-data"",""name"":""Fundamental Data""}","[]","VECTOR","TOP700","0"
"0","{""id"":""fundamental"",""name"":""Fundamental""}","0","{""id"":""fundamental72"",""name"":""Comprehensive Fundamental Data""}","1","2026-07-01","1","Total short-term borrowings outstanding.","short_term_borrowings_total_6","2","GBR","{""id"":""fundamental-fundamental-data"",""name"":""Fundamental Data""}","[]","MATRIX","TOP700","0"
"0","{""id"":""fundamental"",""name"":""Fundamental""}","0","{""id"":""fundamental72"",""name"":""Comprehensive Fundamental Data""}","1","2026-07-01","1","Amounts owed to creditors due within one year.","short_term_creditors_liabilities","2","GBR","{""id"":""fundamental-fundamental-data"",""name"":""Fundamental Data""}","[]","VECTOR","TOP700","0"
"0","{""id"":""fundamental"",""name"":""Fundamental""}","0","{""id"":""fundamental72"",""name"":""Comprehensive Fundamental Data""}","1","2026-07-01","1","Deferred tax assets expected to be realized within one year.","short_term_deferred_income_tax_assets","2","GBR","{""id"":""fundamental-fundamental-data"",""name"":""Fundamental Data""}","[]","VECTOR","TOP700","0"
"0","{""id"":""fundamental"",""name"":""Fundamental""}","0","{""id"":""fundamental72"",""name"":""Comprehensive Fundamental Data""}","0.8234","2026-07-01","1","Short-term investments held by real estate investment trusts.","short_term_investments_reits","2","GBR","{""id"":""fundamental-fundamental-data"",""name"":""Fundamental Data""}","[]","VECTOR","TOP700","0"
"0","{""id"":""fundamental"",""name"":""Fundamental""}","0","{""id"":""fundamental72"",""name"":""Comprehensive Fundamental Data""}","1","2026-07-01","1","Value of investments with short-term maturities.","short_term_investments_value","2","GBR","{""id"":""fundamental-fundamental-data"",""name"":""Fundamental Data""}","[]","VECTOR","TOP700","0"
"0","{""id"":""fundamental"",""name"":""Fundamental""}","0","{""id"":""fundamental72"",""name"":""Comprehensive Fundamental Data""}","1","2026-07-01","1","Short-term obligations represented by notes payable.","short_term_notes_payable_6","2","GBR","{""id"":""fundamental-fundamental-data"",""name"":""Fundamental Data""}","[]","VECTOR","TOP700","0"
"0","{""id"":""fundamental"",""name"":""Fundamental""}","0","{""id"":""fundamental72"",""name"":""Comprehensive Fundamental Data""}","1","2026-07-01","1","Prepaid expenses expected to be used within one year.","short_term_prepaid_expenses_2","2","GBR","{""id"":""fundamental-fundamental-data"",""name"":""Fundamental Data""}","[]","VECTOR","TOP700","0"
"0","{""id"":""fundamental"",""name"":""Fundamental""}","0","{""id"":""fundamental72"",""name"":""Comprehensive Fundamental Data""}","1","2026-07-01","1","Provisions due within one year, such as short-term liabilities.","short_term_provisions_amt","2","GBR","{""id"":""fundamental-fundamental-data"",""name"":""Fundamental Data""}","[]","VECTOR","TOP700","0"
"0","{""id"":""fundamental"",""name"":""Fundamental""}","0","{""id"":""fundamental72"",""name"":""Comprehensive Fundamental Data""}","1","2026-07-01","1","Miscellaneous creditors and accrued liabilities.","sundry_creditors_and_accruals_2","2","GBR","{""id"":""fundamental-fundamental-data"",""name"":""Fundamental Data""}","[]","VECTOR","TOP700","0"
"0","{""id"":""fundamental"",""name"":""Fundamental""}","0","{""id"":""fundamental72"",""name"":""Comprehensive Fundamental Data""}","1","2026-07-01","1","Tangible book value per share as reported by the company.","tangible_book_value_per_share_reported","2","GBR","{""id"":""fundamental-fundamental-data"",""name"":""Fundamental Data""}","[]","VECTOR","TOP700","0"
"0","{""id"":""fundamental"",""name"":""Fundamental""}","0","{""id"":""fundamental72"",""name"":""Comprehensive Fundamental Data""}","1","2026-07-01","1","Total amount of taxes paid during the period.","taxes_paid_value","2","GBR","{""id"":""fundamental-fundamental-data"",""name"":""Fundamental Data""}","[]","VECTOR","TOP700","0"
"0","{""id"":""fundamental"",""name"":""Fundamental""}","0","{""id"":""fundamental72"",""name"":""Comprehensive Fundamental Data""}","1","2026-07-01","1","Cash received from tax refunds or credits.","taxes_received_cashflow","2","GBR","{""id"":""fundamental-fundamental-data"",""name"":""Fundamental Data""}","[]","VECTOR","TOP700","0"
"0","{""id"":""fundamental"",""name"":""Fundamental""}","0","{""id"":""fundamental72"",""name"":""Comprehensive Fundamental Data""}","1","2026-07-01","1","Technical provisions for liabilities linked to specific assets or indices.","technical_provisions_linked_liabilities","2","GBR","{""id"":""fundamental-fundamental-data"",""name"":""Fundamental Data""}","[]","VECTOR","TOP700","0"
"0","{""id"":""fundamental"",""name"":""Fundamental""}","0","{""id"":""fundamental72"",""name"":""Comprehensive Fundamental Data""}","1","2026-07-01","1","Core capital held by a financial institution.","tier1_capital_amt_2","2","GBR","{""id"":""fundamental-fundamental-data"",""name"":""Fundamental Data""}","[]","VECTOR","TOP700","0"
"0","{""id"":""fundamental"",""name"":""Fundamental""}","0","{""id"":""fundamental72"",""name"":""Comprehensive Fundamental Data""}","1","2026-07-01","1","Deposits with fixed maturity dates.","time_deposits_amt","2","GBR","{""id"":""fundamental-fundamental-data"",""name"":""Fundamental Data""}","[]","VECTOR","TOP700","0"
"0","{""id"":""fundamental"",""name"":""Fundamental""}","0","{""id"":""fundamental72"",""name"":""Comprehensive Fundamental Data""}","1","2026-07-01","1","Sum of all assets owned by the company.","total_assets_amt","2","GBR","{""id"":""fundamental-fundamental-data"",""name"":""Fundamental Data""}","[]","VECTOR","TOP700","0"
"0","{""id"":""fundamental"",""name"":""Fundamental""}","0","{""id"":""fundamental72"",""name"":""Comprehensive Fundamental Data""}","1","2026-07-01","1","Total assets minus current liabilities.","total_assets_less_current_liabilities","2","GBR","{""id"":""fundamental-fundamental-data"",""name"":""Fundamental Data""}","[]","VECTOR","TOP700","0"
"0","{""id"":""fundamental"",""name"":""Fundamental""}","0","{""id"":""fundamental72"",""name"":""Comprehensive Fundamental Data""}","1","2026-07-01","1","Aggregate value of assets managed by the company on behalf of clients.","total_assets_managed","2","GBR","{""id"":""fundamental-fundamental-data"",""name"":""Fundamental Data""}","[]","VECTOR","TOP700","0"
"0","{""id"":""fundamental"",""name"":""Fundamental""}","0","{""id"":""fundamental72"",""name"":""Comprehensive Fundamental Data""}","1","2026-07-01","1","Total capital funds available to the company.","total_capital_funds_amt","2","GBR","{""id"":""fundamental-fundamental-data"",""name"":""Fundamental Data""}","[]","VECTOR","TOP700","0"
"0","{""id"":""fundamental"",""name"":""Fundamental""}","0","{""id"":""fundamental72"",""name"":""Comprehensive Fundamental Data""}","1","2026-07-01","1","Ratio of total capital to risk-based capital.","total_capital_to_risk_based_capital","2","GBR","{""id"":""fundamental-fundamental-data"",""name"":""Fundamental Data""}","[]","VECTOR","TOP700","0"
"0","{""id"":""fundamental"",""name"":""Fundamental""}","0","{""id"":""fundamental72"",""name"":""Comprehensive Fundamental Data""}","1","2026-07-01","1","Total value of commercial paper issued.","total_commercial_paper_issued","2","GBR","{""id"":""fundamental-fundamental-data"",""name"":""Fundamental Data""}","[]","VECTOR","TOP700","0"
"0","{""id"":""fundamental"",""name"":""Fundamental""}","0","{""id"":""fundamental72"",""name"":""Comprehensive Fundamental Data""}","1","2026-07-01","1","Aggregate value of contingent payables.","total_contingent_payables_value","2","GBR","{""id"":""fundamental-fundamental-data"",""name"":""Fundamental Data""}","[]","VECTOR","TOP700","0"
"0","{""id"":""fundamental"",""name"":""Fundamental""}","0","{""id"":""fundamental72"",""name"":""Comprehensive Fundamental Data""}","1","2026-07-01","1","Total value of assets expected to be converted to cash within a year.","total_current_assets_amt","2","GBR","{""id"":""fundamental-fundamental-data"",""name"":""Fundamental Data""}","[]","VECTOR","TOP700","0"
"0","{""id"":""fundamental"",""name"":""Fundamental""}","0","{""id"":""fundamental72"",""name"":""Comprehensive Fundamental Data""}","1","2026-07-01","1","Total obligations due within one year.","total_current_liabilities_amt","2","GBR","{""id"":""fundamental-fundamental-data"",""name"":""Fundamental Data""}","[]","VECTOR","TOP700","0"
"0","{""id"":""fundamental"",""name"":""Fundamental""}","0","{""id"":""fundamental72"",""name"":""Comprehensive Fundamental Data""}","1","2026-07-01","1","Aggregate value of all deposits held.","total_deposits_value","2","GBR","{""id"":""fundamental-fundamental-data"",""name"":""Fundamental Data""}","[]","VECTOR","TOP700","0"
"0","{""id"":""fundamental"",""name"":""Fundamental""}","0","{""id"":""fundamental72"",""name"":""Comprehensive Fundamental Data""}","1","2026-07-01","1","Total reserves set aside for insurance obligations.","total_insurance_reserves","2","GBR","{""id"":""fundamental-fundamental-data"",""name"":""Fundamental Data""}","[]","VECTOR","TOP700","0"
"0","{""id"":""fundamental"",""name"":""Fundamental""}","0","{""id"":""fundamental72"",""name"":""Comprehensive Fundamental Data""}","1","2026-07-01","1","Net value of all intangible assets owned by the company.","total_intangible_assets_net_amt","2","GBR","{""id"":""fundamental-fundamental-data"",""name"":""Fundamental Data""}","[]","VECTOR","TOP700","0"
"0","{""id"":""fundamental"",""name"":""Fundamental""}","0","{""id"":""fundamental72"",""name"":""Comprehensive Fundamental Data""}","1","2026-07-01","1","Aggregate value of all investments held.","total_investments_value_2","2","GBR","{""id"":""fundamental-fundamental-data"",""name"":""Fundamental Data""}","[]","VECTOR","TOP700","0"
"0","{""id"":""fundamental"",""name"":""Fundamental""}","0","{""id"":""fundamental72"",""name"":""Comprehensive Fundamental Data""}","1","2026-07-01","1","Sum of all liabilities reported on the balance sheet.","total_liabilities_amt","2","GBR","{""id"":""fundamental-fundamental-data"",""name"":""Fundamental Data""}","[]","VECTOR","TOP700","0"
"0","{""id"":""fundamental"",""name"":""Fundamental""}","0","{""id"":""fundamental72"",""name"":""Comprehensive Fundamental Data""}","1","2026-07-01","1","Total of all liabilities and shareholders' equity.","total_liabilities_and_equity_8","2","GBR","{""id"":""fundamental-fundamental-data"",""name"":""Fundamental Data""}","[]","VECTOR","TOP700","0"
"0","{""id"":""fundamental"",""name"":""Fundamental""}","0","{""id"":""fundamental72"",""name"":""Comprehensive Fundamental Data""}","1","2026-07-01","1","Total liabilities reported by real estate investment trusts.","total_liabilities_reits","2","GBR","{""id"":""fundamental-fundamental-data"",""name"":""Fundamental Data""}","[]","VECTOR","TOP700","0"
"0","{""id"":""fundamental"",""name"":""Fundamental""}","0","{""id"":""fundamental72"",""name"":""Comprehensive Fundamental Data""}","1","2026-07-01","1","Total value of all loans outstanding.","total_loans_balance","2","GBR","{""id"":""fundamental-fundamental-data"",""name"":""Fundamental Data""}","[]","VECTOR","TOP700","0"
"0","{""id"":""fundamental"",""name"":""Fundamental""}","0","{""id"":""fundamental72"",""name"":""Comprehensive Fundamental Data""}","1","2026-07-01","1","Sum of all loans issued by the company.","total_loans_issued","2","GBR","{""id"":""fundamental-fundamental-data"",""name"":""Fundamental Data""}","[]","VECTOR","TOP700","0"
"0","{""id"":""fundamental"",""name"":""Fundamental""}","0","{""id"":""fundamental72"",""name"":""Comprehensive Fundamental Data""}","1","2026-07-01","1","Total value of mortgage-backed investments and collateralized mortgage obligations.","total_mortgage_backed_investments_cmo","2","GBR","{""id"":""fundamental-fundamental-data"",""name"":""Fundamental Data""}","[]","VECTOR","TOP700","0"
"0","{""id"":""fundamental"",""name"":""Fundamental""}","0","{""id"":""fundamental72"",""name"":""Comprehensive Fundamental Data""}","1","2026-07-01","1","Sum of all assets expected to provide value beyond one year.","total_noncurrent_assets_2","2","GBR","{""id"":""fundamental-fundamental-data"",""name"":""Fundamental Data""}","[]","VECTOR","TOP700","0"
"0","{""id"":""fundamental"",""name"":""Fundamental""}","0","{""id"":""fundamental72"",""name"":""Comprehensive Fundamental Data""}","1","2026-07-01","1","Total value of noncurrent assets.","total_noncurrent_assets_value_2","2","GBR","{""id"":""fundamental-fundamental-data"",""name"":""Fundamental Data""}","[]","MATRIX","TOP700","0"
"0","{""id"":""fundamental"",""name"":""Fundamental""}","0","{""id"":""fundamental72"",""name"":""Comprehensive Fundamental Data""}","1","2026-07-01","1","Sum of all liabilities due beyond one year.","total_noncurrent_liabilities_amt","2","GBR","{""id"":""fundamental-fundamental-data"",""name"":""Fundamental Data""}","[]","VECTOR","TOP700","0"
"0","{""id"":""fundamental"",""name"":""Fundamental""}","0","{""id"":""fundamental72"",""name"":""Comprehensive Fundamental Data""}","1","2026-07-01","1","Total value of other property and equipment assets.","total_other_property_and_equipment","2","GBR","{""id"":""fundamental-fundamental-data"",""name"":""Fundamental Data""}","[]","VECTOR","TOP700","0"
"0","{""id"":""fundamental"",""name"":""Fundamental""}","0","{""id"":""fundamental72"",""name"":""Comprehensive Fundamental Data""}","1","2026-07-01","1","Aggregate value of all reserves held by the company.","total_reserves_value","2","GBR","{""id"":""fundamental-fundamental-data"",""name"":""Fundamental Data""}","[]","VECTOR","TOP700","0"
"0","{""id"":""fundamental"",""name"":""Fundamental""}","0","{""id"":""fundamental72"",""name"":""Comprehensive Fundamental Data""}","1","2026-07-01","1","Total equity attributable to shareholders.","total_shareholders_equity_amt","2","GBR","{""id"":""fundamental-fundamental-data"",""name"":""Fundamental Data""}","[]","VECTOR","TOP700","0"
"0","{""id"":""fundamental"",""name"":""Fundamental""}","0","{""id"":""fundamental72"",""name"":""Comprehensive Fundamental Data""}","1","2026-07-01","1","Total sources of cash during the period.","total_sources_of_cash","2","GBR","{""id"":""fundamental-fundamental-data"",""name"":""Fundamental Data""}","[]","VECTOR","TOP700","0"
"0","{""id"":""fundamental"",""name"":""Fundamental""}","0","{""id"":""fundamental72"",""name"":""Comprehensive Fundamental Data""}","1","2026-07-01","1","Total uses of cash during the period.","total_uses_of_cash","2","GBR","{""id"":""fundamental-fundamental-data"",""name"":""Fundamental Data""}","[]","VECTOR","TOP700","0"
"0","{""id"":""fundamental"",""name"":""Fundamental""}","0","{""id"":""fundamental72"",""name"":""Comprehensive Fundamental Data""}","1","2026-07-01","1","Amounts owed to suppliers for goods and services received.","trade_accounts_payable_4","2","GBR","{""id"":""fundamental-fundamental-data"",""name"":""Fundamental Data""}","[]","VECTOR","TOP700","0"
"0","{""id"":""fundamental"",""name"":""Fundamental""}","0","{""id"":""fundamental72"",""name"":""Comprehensive Fundamental Data""}","1","2026-07-01","1","Value of trade accounts payable.","trade_accounts_payable_value","2","GBR","{""id"":""fundamental-fundamental-data"",""name"":""Fundamental Data""}","[]","MATRIX","TOP700","0"
"0","{""id"":""fundamental"",""name"":""Fundamental""}","0","{""id"":""fundamental72"",""name"":""Comprehensive Fundamental Data""}","1","2026-07-01","1","Amounts due from customers for goods or services delivered.","trade_accounts_receivable_3","2","GBR","{""id"":""fundamental-fundamental-data"",""name"":""Fundamental Data""}","[]","VECTOR","TOP700","0"
"0","{""id"":""fundamental"",""name"":""Fundamental""}","0","{""id"":""fundamental72"",""name"":""Comprehensive Fundamental Data""}","1","2026-07-01","1","Amounts owed to the company by customers for sales made on credit, as reported in annual statements.","trade_accounts_receivable_annual","2","GBR","{""id"":""fundamental-fundamental-data"",""name"":""Fundamental Data""}","[]","VECTOR","TOP700","0"
"0","{""id"":""fundamental"",""name"":""Fundamental""}","0","{""id"":""fundamental72"",""name"":""Comprehensive Fundamental Data""}","1","2026-07-01","1","Value of trade accounts receivable.","trade_accounts_receivable_value","2","GBR","{""id"":""fundamental-fundamental-data"",""name"":""Fundamental Data""}","[]","MATRIX","TOP700","0"
"0","{""id"":""fundamental"",""name"":""Fundamental""}","0","{""id"":""fundamental72"",""name"":""Comprehensive Fundamental Data""}","1","2026-07-01","1","Assets held for trading purposes.","trading_account_assets","2","GBR","{""id"":""fundamental-fundamental-data"",""name"":""Fundamental Data""}","[]","VECTOR","TOP700","0"
"0","{""id"":""fundamental"",""name"":""Fundamental""}","0","{""id"":""fundamental72"",""name"":""Comprehensive Fundamental Data""}","1","2026-07-01","1","Number of shares held in treasury by the company.","treasury_share_count","2","GBR","{""id"":""fundamental-fundamental-data"",""name"":""Fundamental Data""}","[]","VECTOR","TOP700","0"
"0","{""id"":""fundamental"",""name"":""Fundamental""}","0","{""id"":""fundamental72"",""name"":""Comprehensive Fundamental Data""}","1","2026-07-01","1","Value of shares repurchased and held in treasury.","treasury_stock_value_4","2","GBR","{""id"":""fundamental-fundamental-data"",""name"":""Fundamental Data""}","[]","VECTOR","TOP700","0"
"0","{""id"":""fundamental"",""name"":""Fundamental""}","0","{""id"":""fundamental72"",""name"":""Comprehensive Fundamental Data""}","1","2026-07-01","1","Premiums received for insurance coverage not yet provided.","unearned_insurance_premiums_5","2","GBR","{""id"":""fundamental-fundamental-data"",""name"":""Fundamental Data""}","[]","VECTOR","TOP700","0"
"0","{""id"":""fundamental"",""name"":""Fundamental""}","0","{""id"":""fundamental72"",""name"":""Comprehensive Fundamental Data""}","1","2026-07-01","1","Net value of unrealized gains and losses on investments.","unrealized_gains_and_losses_value","2","GBR","{""id"":""fundamental-fundamental-data"",""name"":""Fundamental Data""}","[]","VECTOR","TOP700","0"
"0","{""id"":""fundamental"",""name"":""Fundamental""}","0","{""id"":""fundamental72"",""name"":""Comprehensive Fundamental Data""}","1","2026-07-01","1","Outstanding balance of debt with a variable interest rate.","variable_rate_debt_balance","2","GBR","{""id"":""fundamental-fundamental-data"",""name"":""Fundamental Data""}","[]","VECTOR","TOP700","0"
"0","{""id"":""fundamental"",""name"":""Fundamental""}","0","{""id"":""fundamental72"",""name"":""Comprehensive Fundamental Data""}","1","2026-07-01","1","Weighted average interest rate for long-term debt obligations.","weighted_avg_interest_rate_long_term_debt","2","GBR","{""id"":""fundamental-fundamental-data"",""name"":""Fundamental Data""}","[]","VECTOR","TOP700","0"
"0","{""id"":""fundamental"",""name"":""Fundamental""}","0","{""id"":""fundamental72"",""name"":""Comprehensive Fundamental Data""}","1","2026-07-01","1","Weighted average interest rate for short-term debt obligations.","weighted_avg_interest_rate_short_term_debt","2","GBR","{""id"":""fundamental-fundamental-data"",""name"":""Fundamental Data""}","[]","VECTOR","TOP700","0"
"0","{""id"":""fundamental"",""name"":""Fundamental""}","0","{""id"":""fundamental72"",""name"":""Comprehensive Fundamental Data""}","1","2026-07-01","1","Weighted average interest rate for all short- and long-term debt.","weighted_avg_interest_rate_total_debt","2","GBR","{""id"":""fundamental-fundamental-data"",""name"":""Fundamental Data""}","[]","VECTOR","TOP700","0"
"0","{""id"":""fundamental"",""name"":""Fundamental""}","0","{""id"":""fundamental72"",""name"":""Comprehensive Fundamental Data""}","1","2026-07-01","1","Inventory value of goods that are in production but not yet completed.","work_in_progress_inventory_3","2","GBR","{""id"":""fundamental-fundamental-data"",""name"":""Fundamental Data""}","[]","VECTOR","TOP700","0"
