"alphaCount","category","coverage","dataset","dateCoverage","dateCreated","delay","description","id","pyramidMultiplier","region","subcategory","themes","type","universe","userCount"
"0","{""id"":""model"",""name"":""Model""}","0","{""id"":""global_seasonal_model"",""name"":""Global Seasonal Regime Return Signals""}","1","2026-07-01","1","First summary feature derived from analyst consensus or guidance metadata.","analyst_metadata_feature1","2","GBR","{""id"":""model-estimates-models"",""name"":""Estimates Models""}","[]","MATRIX","TOP700","0"
"0","{""id"":""model"",""name"":""Model""}","0","{""id"":""global_seasonal_model"",""name"":""Global Seasonal Regime Return Signals""}","1","2026-07-01","1","Second summary feature derived from analyst consensus or guidance metadata.","analyst_metadata_feature2","2","GBR","{""id"":""model-estimates-models"",""name"":""Estimates Models""}","[]","MATRIX","TOP700","0"
"0","{""id"":""model"",""name"":""Model""}","0","{""id"":""global_seasonal_model"",""name"":""Global Seasonal Regime Return Signals""}","0.6008","2026-07-01","1","Model confidence score for the 0th quantile bucket in 20-day return prediction using price-volume features.","confidence_bucket0_pricevol_20d","2","GBR","{""id"":""model-estimates-models"",""name"":""Estimates Models""}","[]","MATRIX","TOP700","0"
"0","{""id"":""model"",""name"":""Model""}","0","{""id"":""global_seasonal_model"",""name"":""Global Seasonal Regime Return Signals""}","0.6008","2026-07-01","1","Model confidence score for the 0th quantile bucket in 5-day return prediction using price-volume features.","confidence_bucket0_pricevol_5d","2","GBR","{""id"":""model-estimates-models"",""name"":""Estimates Models""}","[]","MATRIX","TOP700","0"
"0","{""id"":""model"",""name"":""Model""}","0","{""id"":""global_seasonal_model"",""name"":""Global Seasonal Regime Return Signals""}","0.6008","2026-07-01","1","Model confidence score for the 0th quantile bucket in 20-day return prediction using price-volume and calendar features.","confidence_bucket0_pricevol_calendar_20d","2","GBR","{""id"":""model-estimates-models"",""name"":""Estimates Models""}","[]","MATRIX","TOP700","0"
"0","{""id"":""model"",""name"":""Model""}","0","{""id"":""global_seasonal_model"",""name"":""Global Seasonal Regime Return Signals""}","0.6008","2026-07-01","1","Model confidence score for the 0th quantile bucket in 5-day return prediction using price-volume and calendar features.","confidence_bucket0_pricevol_calendar_5d","2","GBR","{""id"":""model-estimates-models"",""name"":""Estimates Models""}","[]","MATRIX","TOP700","0"
"0","{""id"":""model"",""name"":""Model""}","0","{""id"":""global_seasonal_model"",""name"":""Global Seasonal Regime Return Signals""}","0.6008","2026-07-01","1","Model confidence score for the 0th quantile bucket in 20-day return prediction using price-volume and month/quarter features.","confidence_bucket0_pricevol_monthquarter_20d","2","GBR","{""id"":""model-estimates-models"",""name"":""Estimates Models""}","[]","MATRIX","TOP700","0"
"0","{""id"":""model"",""name"":""Model""}","0","{""id"":""global_seasonal_model"",""name"":""Global Seasonal Regime Return Signals""}","0.6008","2026-07-01","1","Model confidence score for the 0th quantile bucket in 60-day return prediction using price-volume and month/quarter features.","confidence_bucket0_pricevol_monthquarter_60d","2","GBR","{""id"":""model-estimates-models"",""name"":""Estimates Models""}","[]","MATRIX","TOP700","0"
"0","{""id"":""model"",""name"":""Model""}","0","{""id"":""global_seasonal_model"",""name"":""Global Seasonal Regime Return Signals""}","0.6008","2026-07-01","1","Model confidence score for the 0th quantile bucket in 5-day return prediction using time series and calendar features.","confidence_bucket0_timeseries_calendar_5d","2","GBR","{""id"":""model-estimates-models"",""name"":""Estimates Models""}","[]","MATRIX","TOP700","0"
"0","{""id"":""model"",""name"":""Model""}","0","{""id"":""global_seasonal_model"",""name"":""Global Seasonal Regime Return Signals""}","0.6008","2026-07-01","1","Model confidence score for the 0th quantile bucket in 5-day return prediction using time series and event features.","confidence_bucket0_timeseries_event_5d","2","GBR","{""id"":""model-estimates-models"",""name"":""Estimates Models""}","[]","MATRIX","TOP700","0"
"0","{""id"":""model"",""name"":""Model""}","0","{""id"":""global_seasonal_model"",""name"":""Global Seasonal Regime Return Signals""}","0.6008","2026-07-01","1","Model confidence score for the 0th quantile bucket in 5-day return prediction using time series and month/quarter features.","confidence_bucket0_timeseries_monthquarter_5d","2","GBR","{""id"":""model-estimates-models"",""name"":""Estimates Models""}","[]","MATRIX","TOP700","0"
"0","{""id"":""model"",""name"":""Model""}","0","{""id"":""global_seasonal_model"",""name"":""Global Seasonal Regime Return Signals""}","0.6008","2026-07-01","1","Model confidence score for the 1st quantile bucket in 20-day return prediction using price-volume features.","confidence_bucket1_pricevol_20d","2","GBR","{""id"":""model-estimates-models"",""name"":""Estimates Models""}","[]","MATRIX","TOP700","0"
"0","{""id"":""model"",""name"":""Model""}","0","{""id"":""global_seasonal_model"",""name"":""Global Seasonal Regime Return Signals""}","0.6008","2026-07-01","1","Model confidence score for the 1st quantile bucket in 5-day return prediction using price-volume features.","confidence_bucket1_pricevol_5d","2","GBR","{""id"":""model-estimates-models"",""name"":""Estimates Models""}","[]","MATRIX","TOP700","0"
"0","{""id"":""model"",""name"":""Model""}","0","{""id"":""global_seasonal_model"",""name"":""Global Seasonal Regime Return Signals""}","0.6008","2026-07-01","1","Model confidence score for the 1st quantile bucket in 20-day return prediction using price-volume and calendar features.","confidence_bucket1_pricevol_calendar_20d","2","GBR","{""id"":""model-estimates-models"",""name"":""Estimates Models""}","[]","MATRIX","TOP700","0"
"0","{""id"":""model"",""name"":""Model""}","0","{""id"":""global_seasonal_model"",""name"":""Global Seasonal Regime Return Signals""}","0.6008","2026-07-01","1","Model confidence score for the 1st quantile bucket in 5-day return prediction using price-volume and calendar features.","confidence_bucket1_pricevol_calendar_5d","2","GBR","{""id"":""model-estimates-models"",""name"":""Estimates Models""}","[]","MATRIX","TOP700","0"
"0","{""id"":""model"",""name"":""Model""}","0","{""id"":""global_seasonal_model"",""name"":""Global Seasonal Regime Return Signals""}","0.6008","2026-07-01","1","Model confidence score for the 1st quantile bucket in 20-day return prediction using price-volume and month/quarter features.","confidence_bucket1_pricevol_monthquarter_20d","2","GBR","{""id"":""model-estimates-models"",""name"":""Estimates Models""}","[]","MATRIX","TOP700","0"
"0","{""id"":""model"",""name"":""Model""}","0","{""id"":""global_seasonal_model"",""name"":""Global Seasonal Regime Return Signals""}","0.6008","2026-07-01","1","Model confidence score for the 1st quantile bucket in 5-day return prediction using price-volume and month/quarter features.","confidence_bucket1_pricevol_monthquarter_5d","2","GBR","{""id"":""model-estimates-models"",""name"":""Estimates Models""}","[]","MATRIX","TOP700","0"
"0","{""id"":""model"",""name"":""Model""}","0","{""id"":""global_seasonal_model"",""name"":""Global Seasonal Regime Return Signals""}","0.6008","2026-07-01","1","Model confidence score for the 1st quantile bucket in 60-day return prediction using price-volume and month/quarter features.","confidence_bucket1_pricevol_monthquarter_60d","2","GBR","{""id"":""model-estimates-models"",""name"":""Estimates Models""}","[]","MATRIX","TOP700","0"
"0","{""id"":""model"",""name"":""Model""}","0","{""id"":""global_seasonal_model"",""name"":""Global Seasonal Regime Return Signals""}","0.6008","2026-07-01","1","Model confidence score for the 2nd quantile bucket in 20-day return prediction using price-volume features.","confidence_bucket2_pricevol_20d","2","GBR","{""id"":""model-estimates-models"",""name"":""Estimates Models""}","[]","MATRIX","TOP700","0"
"0","{""id"":""model"",""name"":""Model""}","0","{""id"":""global_seasonal_model"",""name"":""Global Seasonal Regime Return Signals""}","0.6008","2026-07-01","1","Model confidence score for the 2nd quantile bucket in 5-day return prediction using price-volume features.","confidence_bucket2_pricevol_5d","2","GBR","{""id"":""model-estimates-models"",""name"":""Estimates Models""}","[]","MATRIX","TOP700","0"
"0","{""id"":""model"",""name"":""Model""}","0","{""id"":""global_seasonal_model"",""name"":""Global Seasonal Regime Return Signals""}","0.6008","2026-07-01","1","Model confidence score for the 2nd quantile bucket in 20-day return prediction using price-volume and calendar features.","confidence_bucket2_pricevol_calendar_20d","2","GBR","{""id"":""model-estimates-models"",""name"":""Estimates Models""}","[]","MATRIX","TOP700","0"
"0","{""id"":""model"",""name"":""Model""}","0","{""id"":""global_seasonal_model"",""name"":""Global Seasonal Regime Return Signals""}","0.6008","2026-07-01","1","Model confidence score for the 2nd quantile bucket in 5-day return prediction using price-volume and calendar features.","confidence_bucket2_pricevol_calendar_5d","2","GBR","{""id"":""model-estimates-models"",""name"":""Estimates Models""}","[]","MATRIX","TOP700","0"
"0","{""id"":""model"",""name"":""Model""}","0","{""id"":""global_seasonal_model"",""name"":""Global Seasonal Regime Return Signals""}","0.6008","2026-07-01","1","Model confidence score for the 2nd quantile bucket in 20-day return prediction using price-volume and month/quarter features.","confidence_bucket2_pricevol_monthquarter_20d","2","GBR","{""id"":""model-estimates-models"",""name"":""Estimates Models""}","[]","MATRIX","TOP700","0"
"0","{""id"":""model"",""name"":""Model""}","0","{""id"":""global_seasonal_model"",""name"":""Global Seasonal Regime Return Signals""}","0.6008","2026-07-01","1","Model confidence score for the 2nd quantile bucket in 5-day return prediction using price-volume and month/quarter features.","confidence_bucket2_pricevol_monthquarter_5d","2","GBR","{""id"":""model-estimates-models"",""name"":""Estimates Models""}","[]","MATRIX","TOP700","0"
"0","{""id"":""model"",""name"":""Model""}","0","{""id"":""global_seasonal_model"",""name"":""Global Seasonal Regime Return Signals""}","0.6008","2026-07-01","1","Model confidence score for the 2nd quantile bucket in 60-day return prediction using price-volume and month/quarter features.","confidence_bucket2_pricevol_monthquarter_60d","2","GBR","{""id"":""model-estimates-models"",""name"":""Estimates Models""}","[]","MATRIX","TOP700","0"
"0","{""id"":""model"",""name"":""Model""}","0","{""id"":""global_seasonal_model"",""name"":""Global Seasonal Regime Return Signals""}","0.6008","2026-07-01","1","Model confidence score for the 2nd quantile bucket in 5-day return prediction using time series and calendar features.","confidence_bucket2_timeseries_calendar_5d","2","GBR","{""id"":""model-estimates-models"",""name"":""Estimates Models""}","[]","MATRIX","TOP700","0"
"0","{""id"":""model"",""name"":""Model""}","0","{""id"":""global_seasonal_model"",""name"":""Global Seasonal Regime Return Signals""}","0.6008","2026-07-01","1","Model confidence score for the 2nd quantile bucket in 5-day return prediction using time series and regime features.","confidence_bucket2_timeseries_regime_5d","2","GBR","{""id"":""model-estimates-models"",""name"":""Estimates Models""}","[]","MATRIX","TOP700","0"
"0","{""id"":""model"",""name"":""Model""}","0","{""id"":""global_seasonal_model"",""name"":""Global Seasonal Regime Return Signals""}","0.6008","2026-07-01","1","Model confidence score for the 3rd quantile bucket in 20-day return prediction using price-volume features.","confidence_bucket3_pricevol_20d","2","GBR","{""id"":""model-estimates-models"",""name"":""Estimates Models""}","[]","MATRIX","TOP700","0"
"0","{""id"":""model"",""name"":""Model""}","0","{""id"":""global_seasonal_model"",""name"":""Global Seasonal Regime Return Signals""}","0.6008","2026-07-01","1","Model confidence score for the 3rd quantile bucket in 5-day return prediction using price-volume features.","confidence_bucket3_pricevol_5d","2","GBR","{""id"":""model-estimates-models"",""name"":""Estimates Models""}","[]","MATRIX","TOP700","0"
"0","{""id"":""model"",""name"":""Model""}","0","{""id"":""global_seasonal_model"",""name"":""Global Seasonal Regime Return Signals""}","0.6008","2026-07-01","1","Model confidence score for the 3rd quantile bucket in 20-day return prediction using price-volume and calendar features.","confidence_bucket3_pricevol_calendar_20d","2","GBR","{""id"":""model-estimates-models"",""name"":""Estimates Models""}","[]","MATRIX","TOP700","0"
"0","{""id"":""model"",""name"":""Model""}","0","{""id"":""global_seasonal_model"",""name"":""Global Seasonal Regime Return Signals""}","0.6008","2026-07-01","1","Model confidence score for the 3rd quantile bucket in 5-day return prediction using price-volume and calendar features.","confidence_bucket3_pricevol_calendar_5d","2","GBR","{""id"":""model-estimates-models"",""name"":""Estimates Models""}","[]","MATRIX","TOP700","0"
"0","{""id"":""model"",""name"":""Model""}","0","{""id"":""global_seasonal_model"",""name"":""Global Seasonal Regime Return Signals""}","0.6008","2026-07-01","1","Model confidence score for the 3rd quantile bucket in 20-day return prediction using price-volume and month/quarter features.","confidence_bucket3_pricevol_monthquarter_20d","2","GBR","{""id"":""model-estimates-models"",""name"":""Estimates Models""}","[]","MATRIX","TOP700","0"
"0","{""id"":""model"",""name"":""Model""}","0","{""id"":""global_seasonal_model"",""name"":""Global Seasonal Regime Return Signals""}","0.6008","2026-07-01","1","Model confidence score for the 3rd quantile bucket in 60-day return prediction using price-volume and month/quarter features.","confidence_bucket3_pricevol_monthquarter_60d","2","GBR","{""id"":""model-estimates-models"",""name"":""Estimates Models""}","[]","MATRIX","TOP700","0"
"0","{""id"":""model"",""name"":""Model""}","0","{""id"":""global_seasonal_model"",""name"":""Global Seasonal Regime Return Signals""}","0.6008","2026-07-01","1","Model confidence score for the 3rd quantile bucket in 5-day return prediction using time series and event features.","confidence_bucket3_timeseries_event_5d","2","GBR","{""id"":""model-estimates-models"",""name"":""Estimates Models""}","[]","MATRIX","TOP700","0"
"0","{""id"":""model"",""name"":""Model""}","0","{""id"":""global_seasonal_model"",""name"":""Global Seasonal Regime Return Signals""}","0.6008","2026-07-01","1","Model confidence score for the 4th quantile bucket in 20-day return prediction using price-volume features.","confidence_bucket4_pricevol_20d","2","GBR","{""id"":""model-estimates-models"",""name"":""Estimates Models""}","[]","MATRIX","TOP700","0"
"0","{""id"":""model"",""name"":""Model""}","0","{""id"":""global_seasonal_model"",""name"":""Global Seasonal Regime Return Signals""}","0.6008","2026-07-01","1","Model confidence score for the 4th quantile bucket in 5-day return prediction using price-volume features.","confidence_bucket4_pricevol_5d","2","GBR","{""id"":""model-estimates-models"",""name"":""Estimates Models""}","[]","MATRIX","TOP700","0"
"0","{""id"":""model"",""name"":""Model""}","0","{""id"":""global_seasonal_model"",""name"":""Global Seasonal Regime Return Signals""}","0.6008","2026-07-01","1","Model confidence score for the 4th quantile bucket in 20-day return prediction using price-volume and calendar features.","confidence_bucket4_pricevol_calendar_20d","2","GBR","{""id"":""model-estimates-models"",""name"":""Estimates Models""}","[]","MATRIX","TOP700","0"
"0","{""id"":""model"",""name"":""Model""}","0","{""id"":""global_seasonal_model"",""name"":""Global Seasonal Regime Return Signals""}","0.6008","2026-07-01","1","Model confidence score for the 4th quantile bucket in 5-day return prediction using price-volume and calendar features.","confidence_bucket4_pricevol_calendar_5d","2","GBR","{""id"":""model-estimates-models"",""name"":""Estimates Models""}","[]","MATRIX","TOP700","0"
"0","{""id"":""model"",""name"":""Model""}","0","{""id"":""global_seasonal_model"",""name"":""Global Seasonal Regime Return Signals""}","0.6008","2026-07-01","1","Model confidence score for the 4th quantile bucket in 20-day return prediction using price-volume and month/quarter features.","confidence_bucket4_pricevol_monthquarter_20d","2","GBR","{""id"":""model-estimates-models"",""name"":""Estimates Models""}","[]","MATRIX","TOP700","0"
"0","{""id"":""model"",""name"":""Model""}","0","{""id"":""global_seasonal_model"",""name"":""Global Seasonal Regime Return Signals""}","0.6008","2026-07-01","1","Model confidence score for the 4th quantile bucket in 60-day return prediction using price-volume and month/quarter features.","confidence_bucket4_pricevol_monthquarter_60d","2","GBR","{""id"":""model-estimates-models"",""name"":""Estimates Models""}","[]","MATRIX","TOP700","0"
"0","{""id"":""model"",""name"":""Model""}","0","{""id"":""global_seasonal_model"",""name"":""Global Seasonal Regime Return Signals""}","0.6008","2026-07-01","1","Model confidence score for the 4th quantile bucket in 5-day return prediction using time series features.","confidence_bucket4_timeseries_5d","2","GBR","{""id"":""model-estimates-models"",""name"":""Estimates Models""}","[]","MATRIX","TOP700","0"
"0","{""id"":""model"",""name"":""Model""}","0","{""id"":""global_seasonal_model"",""name"":""Global Seasonal Regime Return Signals""}","0.6008","2026-07-01","1","Model confidence score for the first quantile label in 20-day return prediction using daily price-volume data with 12-month embedding.","daily_pricevol_12m_r20_quantile0_confscore","2","GBR","{""id"":""model-estimates-models"",""name"":""Estimates Models""}","[]","MATRIX","TOP700","0"
"0","{""id"":""model"",""name"":""Model""}","0","{""id"":""global_seasonal_model"",""name"":""Global Seasonal Regime Return Signals""}","0.6008","2026-07-01","1","Model confidence score for the second quantile label in 20-day return prediction using daily price-volume data with 12-month embedding.","daily_pricevol_12m_r20_quantile1_confscore","2","GBR","{""id"":""model-estimates-models"",""name"":""Estimates Models""}","[]","MATRIX","TOP700","0"
"0","{""id"":""model"",""name"":""Model""}","0","{""id"":""global_seasonal_model"",""name"":""Global Seasonal Regime Return Signals""}","0.6008","2026-07-01","1","Probability assigned to the second quantile for 20-day return prediction using daily price-volume data with 12-month embedding.","daily_pricevol_12m_r20_quantile1_prob","2","GBR","{""id"":""model-estimates-models"",""name"":""Estimates Models""}","[]","MATRIX","TOP700","0"
"0","{""id"":""model"",""name"":""Model""}","0","{""id"":""global_seasonal_model"",""name"":""Global Seasonal Regime Return Signals""}","0.6008","2026-07-01","1","Model confidence score for the third quantile label in 20-day return prediction using daily price-volume data with 12-month embedding.","daily_pricevol_12m_r20_quantile3_confscore","2","GBR","{""id"":""model-estimates-models"",""name"":""Estimates Models""}","[]","MATRIX","TOP700","0"
"0","{""id"":""model"",""name"":""Model""}","0","{""id"":""global_seasonal_model"",""name"":""Global Seasonal Regime Return Signals""}","0.6008","2026-07-01","1","Probability assigned to the third quantile for 20-day return prediction using daily price-volume data with 12-month embedding.","daily_pricevol_12m_r20_quantile3_prob","2","GBR","{""id"":""model-estimates-models"",""name"":""Estimates Models""}","[]","MATRIX","TOP700","0"
"0","{""id"":""model"",""name"":""Model""}","0","{""id"":""global_seasonal_model"",""name"":""Global Seasonal Regime Return Signals""}","0.6008","2026-07-01","1","Model confidence score for the second quantile label in 5-day return prediction using daily price-volume data with 12-month embedding.","daily_pricevol_12m_r5_quantile2_confscore","2","GBR","{""id"":""model-estimates-models"",""name"":""Estimates Models""}","[]","MATRIX","TOP700","0"
"0","{""id"":""model"",""name"":""Model""}","0","{""id"":""global_seasonal_model"",""name"":""Global Seasonal Regime Return Signals""}","0.6008","2026-07-01","1","Probability assigned to the second quantile for 5-day return prediction using daily price-volume data with 12-month embedding.","daily_pricevol_12m_r5_quantile2_prob","2","GBR","{""id"":""model-estimates-models"",""name"":""Estimates Models""}","[]","MATRIX","TOP700","0"
"0","{""id"":""model"",""name"":""Model""}","0","{""id"":""global_seasonal_model"",""name"":""Global Seasonal Regime Return Signals""}","0.6008","2026-07-01","1","Probability assigned to the third quantile for 5-day return prediction using daily price-volume data with 12-month embedding.","daily_pricevol_12m_r5_quantile3_prob","2","GBR","{""id"":""model-estimates-models"",""name"":""Estimates Models""}","[]","MATRIX","TOP700","0"
"0","{""id"":""model"",""name"":""Model""}","0","{""id"":""global_seasonal_model"",""name"":""Global Seasonal Regime Return Signals""}","0.6008","2026-07-01","1","Model confidence score for the fourth quantile label in 5-day return prediction using daily price-volume data with 12-month embedding.","daily_pricevol_12m_r5_quantile4_confscore","2","GBR","{""id"":""model-estimates-models"",""name"":""Estimates Models""}","[]","MATRIX","TOP700","0"
"0","{""id"":""model"",""name"":""Model""}","0","{""id"":""global_seasonal_model"",""name"":""Global Seasonal Regime Return Signals""}","0.6008","2026-07-01","1","Probability assigned to the second quantile for 20-day return prediction using daily price-volume data.","daily_pricevol_r20_quantile1_prob","2","GBR","{""id"":""model-estimates-models"",""name"":""Estimates Models""}","[]","MATRIX","TOP700","0"
"0","{""id"":""model"",""name"":""Model""}","0","{""id"":""global_seasonal_model"",""name"":""Global Seasonal Regime Return Signals""}","0.6008","2026-07-01","1","Probability assigned to the second quantile for 20-day return prediction using daily price-volume data.","daily_pricevol_r20_quantile2_prob","2","GBR","{""id"":""model-estimates-models"",""name"":""Estimates Models""}","[]","MATRIX","TOP700","0"
"0","{""id"":""model"",""name"":""Model""}","0","{""id"":""global_seasonal_model"",""name"":""Global Seasonal Regime Return Signals""}","0.6008","2026-07-01","1","Model confidence score for the third quantile label in 20-day return prediction using daily price-volume data.","daily_pricevol_r20_quantile3_confscore","2","GBR","{""id"":""model-estimates-models"",""name"":""Estimates Models""}","[]","MATRIX","TOP700","0"
"0","{""id"":""model"",""name"":""Model""}","0","{""id"":""global_seasonal_model"",""name"":""Global Seasonal Regime Return Signals""}","0.6008","2026-07-01","1","Probability assigned to the fourth quantile for 20-day return prediction using daily price-volume data.","daily_pricevol_r20_quantile4_prob","2","GBR","{""id"":""model-estimates-models"",""name"":""Estimates Models""}","[]","MATRIX","TOP700","0"
"0","{""id"":""model"",""name"":""Model""}","0","{""id"":""global_seasonal_model"",""name"":""Global Seasonal Regime Return Signals""}","0.6008","2026-07-01","1","Predicted quantile label for 20-day return using daily price-volume data.","daily_pricevol_r20_quantile_pred","2","GBR","{""id"":""model-estimates-models"",""name"":""Estimates Models""}","[]","MATRIX","TOP700","0"
"0","{""id"":""model"",""name"":""Model""}","0","{""id"":""global_seasonal_model"",""name"":""Global Seasonal Regime Return Signals""}","0.6008","2026-07-01","1","Model confidence score for the third quantile label in 5-day return prediction using daily price-volume data.","daily_pricevol_r5_quantile3_confscore","2","GBR","{""id"":""model-estimates-models"",""name"":""Estimates Models""}","[]","MATRIX","TOP700","0"
"0","{""id"":""model"",""name"":""Model""}","0","{""id"":""global_seasonal_model"",""name"":""Global Seasonal Regime Return Signals""}","0.6008","2026-07-01","1","Probability assigned to the fourth quantile for 5-day return prediction using daily price-volume data.","daily_pricevol_r5_quantile4_prob","2","GBR","{""id"":""model-estimates-models"",""name"":""Estimates Models""}","[]","MATRIX","TOP700","0"
"0","{""id"":""model"",""name"":""Model""}","0","{""id"":""global_seasonal_model"",""name"":""Global Seasonal Regime Return Signals""}","0.6008","2026-07-01","1","Predicted quantile label for 5-day return using daily price-volume data.","daily_pricevol_r5_quantile_pred","2","GBR","{""id"":""model-estimates-models"",""name"":""Estimates Models""}","[]","MATRIX","TOP700","0"
"0","{""id"":""model"",""name"":""Model""}","0","{""id"":""global_seasonal_model"",""name"":""Global Seasonal Regime Return Signals""}","0.6008","2026-07-01","1","Predicted 5-day forward return (regression output) using event-only features.","event_5d_return_regression_2","2","GBR","{""id"":""model-estimates-models"",""name"":""Estimates Models""}","[]","MATRIX","TOP700","0"
"0","{""id"":""model"",""name"":""Model""}","0","{""id"":""global_seasonal_model"",""name"":""Global Seasonal Regime Return Signals""}","0.6008","2026-07-01","1","Model confidence score for label 0 in 5-bucket quantile classification of 120-day return using fundamental data.","funda_120d_5bucket_confidence_0","2","GBR","{""id"":""model-estimates-models"",""name"":""Estimates Models""}","[]","MATRIX","TOP700","0"
"0","{""id"":""model"",""name"":""Model""}","0","{""id"":""global_seasonal_model"",""name"":""Global Seasonal Regime Return Signals""}","0.6008","2026-07-01","1","Model confidence score for label 1 in 5-bucket quantile classification of 120-day return using fundamental data.","funda_120d_5bucket_confidence_1","2","GBR","{""id"":""model-estimates-models"",""name"":""Estimates Models""}","[]","MATRIX","TOP700","0"
"0","{""id"":""model"",""name"":""Model""}","0","{""id"":""global_seasonal_model"",""name"":""Global Seasonal Regime Return Signals""}","0.6008","2026-07-01","1","Predicted quantile bucket (out of 5) for 120-day forward return using fundamental data.","funda_120d_return_quantile5","2","GBR","{""id"":""model-estimates-models"",""name"":""Estimates Models""}","[]","MATRIX","TOP700","0"
"0","{""id"":""model"",""name"":""Model""}","0","{""id"":""global_seasonal_model"",""name"":""Global Seasonal Regime Return Signals""}","0.6008","2026-07-01","1","Probability assigned to label 0 for 120-day forward return quantile (out of 5) using fundamental data.","funda_120d_return_quantile5_prob0","2","GBR","{""id"":""model-estimates-models"",""name"":""Estimates Models""}","[]","MATRIX","TOP700","0"
"0","{""id"":""model"",""name"":""Model""}","0","{""id"":""global_seasonal_model"",""name"":""Global Seasonal Regime Return Signals""}","0.6008","2026-07-01","1","Probability assigned to label 1 for 120-day forward return quantile (out of 5) using fundamental data.","funda_120d_return_quantile5_prob1","2","GBR","{""id"":""model-estimates-models"",""name"":""Estimates Models""}","[]","MATRIX","TOP700","0"
"0","{""id"":""model"",""name"":""Model""}","0","{""id"":""global_seasonal_model"",""name"":""Global Seasonal Regime Return Signals""}","0.6008","2026-07-01","1","Probability assigned to label 2 for 120-day forward return quantile (out of 5) using fundamental data.","funda_120d_return_quantile5_prob2","2","GBR","{""id"":""model-estimates-models"",""name"":""Estimates Models""}","[]","MATRIX","TOP700","0"
"0","{""id"":""model"",""name"":""Model""}","0","{""id"":""global_seasonal_model"",""name"":""Global Seasonal Regime Return Signals""}","0.6008","2026-07-01","1","Probability assigned to label 3 for 120-day forward return quantile (out of 5) using fundamental data.","funda_120d_return_quantile5_prob3","2","GBR","{""id"":""model-estimates-models"",""name"":""Estimates Models""}","[]","MATRIX","TOP700","0"
"0","{""id"":""model"",""name"":""Model""}","0","{""id"":""global_seasonal_model"",""name"":""Global Seasonal Regime Return Signals""}","0.6008","2026-07-01","1","Probability assigned to label 4 for 120-day forward return quantile (out of 5) using fundamental data.","funda_120d_return_quantile5_prob4","2","GBR","{""id"":""model-estimates-models"",""name"":""Estimates Models""}","[]","MATRIX","TOP700","0"
"0","{""id"":""model"",""name"":""Model""}","0","{""id"":""global_seasonal_model"",""name"":""Global Seasonal Regime Return Signals""}","0.6008","2026-07-01","1","Model confidence score for label 2 in 120-day forward return quantile (out of 5) using fundamental data.","funda_120d_return_quantile5_score2","2","GBR","{""id"":""model-estimates-models"",""name"":""Estimates Models""}","[]","MATRIX","TOP700","0"
"0","{""id"":""model"",""name"":""Model""}","0","{""id"":""global_seasonal_model"",""name"":""Global Seasonal Regime Return Signals""}","0.6008","2026-07-01","1","Model confidence score for label 3 in 120-day forward return quantile (out of 5) using fundamental data.","funda_120d_return_quantile5_score3","2","GBR","{""id"":""model-estimates-models"",""name"":""Estimates Models""}","[]","MATRIX","TOP700","0"
"0","{""id"":""model"",""name"":""Model""}","0","{""id"":""global_seasonal_model"",""name"":""Global Seasonal Regime Return Signals""}","0.6008","2026-07-01","1","Model confidence score for label 4 in 120-day forward return quantile (out of 5) using fundamental data.","funda_120d_return_quantile5_score4","2","GBR","{""id"":""model-estimates-models"",""name"":""Estimates Models""}","[]","MATRIX","TOP700","0"
"0","{""id"":""model"",""name"":""Model""}","0","{""id"":""global_seasonal_model"",""name"":""Global Seasonal Regime Return Signals""}","0.6008","2026-07-01","1","Predicted 120-day forward return (regression output) using fundamental data.","funda_120d_return_regression","2","GBR","{""id"":""model-estimates-models"",""name"":""Estimates Models""}","[]","MATRIX","TOP700","0"
"0","{""id"":""model"",""name"":""Model""}","0","{""id"":""global_seasonal_model"",""name"":""Global Seasonal Regime Return Signals""}","0.6008","2026-07-01","1","Predicted 60-day forward return (regression output) using fundamental data.","funda_60d_return_regression","2","GBR","{""id"":""model-estimates-models"",""name"":""Estimates Models""}","[]","MATRIX","TOP700","0"
"0","{""id"":""model"",""name"":""Model""}","0","{""id"":""global_seasonal_model"",""name"":""Global Seasonal Regime Return Signals""}","0.6008","2026-07-01","1","Predicted 120-day forward return (regression output) using fundamental and event features.","funda_event_120d_return_regression","2","GBR","{""id"":""model-estimates-models"",""name"":""Estimates Models""}","[]","MATRIX","TOP700","0"
"0","{""id"":""model"",""name"":""Model""}","0","{""id"":""global_seasonal_model"",""name"":""Global Seasonal Regime Return Signals""}","0.6008","2026-07-01","1","Predicted 60-day forward return (regression output) using fundamental and event features.","funda_event_60d_return_regression","2","GBR","{""id"":""model-estimates-models"",""name"":""Estimates Models""}","[]","MATRIX","TOP700","0"
"0","{""id"":""model"",""name"":""Model""}","0","{""id"":""global_seasonal_model"",""name"":""Global Seasonal Regime Return Signals""}","0.6008","2026-07-01","1","Predicted 120-day forward return (regression output) using fundamental and regime features.","funda_regime_120d_return_regression","2","GBR","{""id"":""model-estimates-models"",""name"":""Estimates Models""}","[]","MATRIX","TOP700","0"
"0","{""id"":""model"",""name"":""Model""}","0","{""id"":""global_seasonal_model"",""name"":""Global Seasonal Regime Return Signals""}","0.6008","2026-07-01","1","Predicted 20-day return (regression output) using fundamental data with regime context.","funda_regime_20d_1bucket_pred","2","GBR","{""id"":""model-estimates-models"",""name"":""Estimates Models""}","[]","MATRIX","TOP700","0"
"0","{""id"":""model"",""name"":""Model""}","0","{""id"":""global_seasonal_model"",""name"":""Global Seasonal Regime Return Signals""}","0.6008","2026-07-01","1","Model confidence score for label 1 in 5-bucket quantile classification of 5-day return using fundamental data with regime context.","funda_regime_5d_5bucket_confidence_1","2","GBR","{""id"":""model-estimates-models"",""name"":""Estimates Models""}","[]","MATRIX","TOP700","0"
"0","{""id"":""model"",""name"":""Model""}","0","{""id"":""global_seasonal_model"",""name"":""Global Seasonal Regime Return Signals""}","0.6008","2026-07-01","1","Model confidence score for label 2 in 5-bucket quantile classification of 5-day return using fundamental data with regime context.","funda_regime_5d_5bucket_confidence_2","2","GBR","{""id"":""model-estimates-models"",""name"":""Estimates Models""}","[]","MATRIX","TOP700","0"
"0","{""id"":""model"",""name"":""Model""}","0","{""id"":""global_seasonal_model"",""name"":""Global Seasonal Regime Return Signals""}","0.6008","2026-07-01","1","Model confidence score for label 3 in 5-bucket quantile classification of 5-day return using fundamental data with regime context.","funda_regime_5d_5bucket_confidence_3","2","GBR","{""id"":""model-estimates-models"",""name"":""Estimates Models""}","[]","MATRIX","TOP700","0"
"0","{""id"":""model"",""name"":""Model""}","0","{""id"":""global_seasonal_model"",""name"":""Global Seasonal Regime Return Signals""}","0.6008","2026-07-01","1","Predicted label (0–4) for 5-day return quantile using fundamental data with regime context.","funda_regime_5d_5bucket_pred","2","GBR","{""id"":""model-estimates-models"",""name"":""Estimates Models""}","[]","MATRIX","TOP700","0"
"0","{""id"":""model"",""name"":""Model""}","0","{""id"":""global_seasonal_model"",""name"":""Global Seasonal Regime Return Signals""}","0.6008","2026-07-01","1","Predicted probability for label 0 in 5-bucket quantile classification of 5-day return using fundamental data with regime context.","funda_regime_5d_5bucket_prob_0","2","GBR","{""id"":""model-estimates-models"",""name"":""Estimates Models""}","[]","MATRIX","TOP700","0"
"0","{""id"":""model"",""name"":""Model""}","0","{""id"":""global_seasonal_model"",""name"":""Global Seasonal Regime Return Signals""}","0.6008","2026-07-01","1","Predicted probability for label 2 in 5-bucket quantile classification of 5-day return using fundamental data with regime context.","funda_regime_5d_5bucket_prob_2","2","GBR","{""id"":""model-estimates-models"",""name"":""Estimates Models""}","[]","MATRIX","TOP700","0"
"0","{""id"":""model"",""name"":""Model""}","0","{""id"":""global_seasonal_model"",""name"":""Global Seasonal Regime Return Signals""}","0.6008","2026-07-01","1","Predicted probability for label 3 in 5-bucket quantile classification of 5-day return using fundamental data with regime context.","funda_regime_5d_5bucket_prob_3","2","GBR","{""id"":""model-estimates-models"",""name"":""Estimates Models""}","[]","MATRIX","TOP700","0"
"0","{""id"":""model"",""name"":""Model""}","0","{""id"":""global_seasonal_model"",""name"":""Global Seasonal Regime Return Signals""}","0.6008","2026-07-01","1","Predicted 60-day forward return (regression output) using fundamental and regime features.","funda_regime_60d_return_regression","2","GBR","{""id"":""model-estimates-models"",""name"":""Estimates Models""}","[]","MATRIX","TOP700","0"
"0","{""id"":""model"",""name"":""Model""}","0","{""id"":""global_seasonal_model"",""name"":""Global Seasonal Regime Return Signals""}","1","2026-07-01","1","Indicator for whether the next scheduled corporate event has been updated, rescheduled, or cancelled.","future_event_update_flag","2","GBR","{""id"":""model-estimates-models"",""name"":""Estimates Models""}","[]","MATRIX","TOP700","0"
"0","{""id"":""model"",""name"":""Model""}","0","{""id"":""global_seasonal_model"",""name"":""Global Seasonal Regime Return Signals""}","1","2026-07-01","1","ISO-style week number within the year for the current trading day.","iso_week_number","2","GBR","{""id"":""model-estimates-models"",""name"":""Estimates Models""}","[]","MATRIX","TOP700","0"
"0","{""id"":""model"",""name"":""Model""}","0","{""id"":""global_seasonal_model"",""name"":""Global Seasonal Regime Return Signals""}","1","2026-07-01","1","Confirmation or tentative status for the most recent past corporate event.","last_event_confirmation_level","2","GBR","{""id"":""model-estimates-models"",""name"":""Estimates Models""}","[]","MATRIX","TOP700","0"
"0","{""id"":""model"",""name"":""Model""}","0","{""id"":""global_seasonal_model"",""name"":""Global Seasonal Regime Return Signals""}","1","2026-07-01","1","Indicator for whether a transcript is available for the most recent past corporate event.","last_event_transcript_flag","2","GBR","{""id"":""model-estimates-models"",""name"":""Estimates Models""}","[]","MATRIX","TOP700","0"
"0","{""id"":""model"",""name"":""Model""}","0","{""id"":""global_seasonal_model"",""name"":""Global Seasonal Regime Return Signals""}","1","2026-07-01","1","Categorical code for the type of the most recent past corporate event.","last_event_type_code","2","GBR","{""id"":""model-estimates-models"",""name"":""Estimates Models""}","[]","MATRIX","TOP700","0"
"0","{""id"":""model"",""name"":""Model""}","0","{""id"":""global_seasonal_model"",""name"":""Global Seasonal Regime Return Signals""}","1","2026-07-01","1","Indicator for whether the most recent past corporate event was updated, rescheduled, or cancelled.","last_event_update_flag","2","GBR","{""id"":""model-estimates-models"",""name"":""Estimates Models""}","[]","MATRIX","TOP700","0"
"0","{""id"":""model"",""name"":""Model""}","0","{""id"":""global_seasonal_model"",""name"":""Global Seasonal Regime Return Signals""}","1","2026-07-01","1","Binary market regime label (e.g., risk-on/risk-off) for current macro context.","market_regime_2phase","2","GBR","{""id"":""model-estimates-models"",""name"":""Estimates Models""}","[]","MATRIX","TOP700","0"
"0","{""id"":""model"",""name"":""Model""}","0","{""id"":""global_seasonal_model"",""name"":""Global Seasonal Regime Return Signals""}","1","2026-07-01","1","Long-horizon market regime label (0–3) indicating macroeconomic or market state.","market_regime_4phase_long","2","GBR","{""id"":""model-estimates-models"",""name"":""Estimates Models""}","[]","MATRIX","TOP700","0"
"0","{""id"":""model"",""name"":""Model""}","0","{""id"":""global_seasonal_model"",""name"":""Global Seasonal Regime Return Signals""}","1","2026-07-01","1","Medium-horizon 4-phase market regime label (0–3) for macroeconomic context.","market_regime_4phase_medium","2","GBR","{""id"":""model-estimates-models"",""name"":""Estimates Models""}","[]","MATRIX","TOP700","0"
"0","{""id"":""model"",""name"":""Model""}","0","{""id"":""global_seasonal_model"",""name"":""Global Seasonal Regime Return Signals""}","1","2026-07-01","1","Short-horizon 4-phase market regime label (0–3) for current market state.","market_regime_4phase_short","2","GBR","{""id"":""model-estimates-models"",""name"":""Estimates Models""}","[]","MATRIX","TOP700","0"
"0","{""id"":""model"",""name"":""Model""}","0","{""id"":""global_seasonal_model"",""name"":""Global Seasonal Regime Return Signals""}","1","2026-07-01","1","Month code (1–12) as an indicator variable for the current month.","month_indicator_code","2","GBR","{""id"":""model-estimates-models"",""name"":""Estimates Models""}","[]","MATRIX","TOP700","0"
"0","{""id"":""model"",""name"":""Model""}","0","{""id"":""global_seasonal_model"",""name"":""Global Seasonal Regime Return Signals""}","1","2026-07-01","1","Confirmation or tentative status for the next scheduled corporate event.","next_event_confirmation_level","2","GBR","{""id"":""model-estimates-models"",""name"":""Estimates Models""}","[]","MATRIX","TOP700","0"
"0","{""id"":""model"",""name"":""Model""}","0","{""id"":""global_seasonal_model"",""name"":""Global Seasonal Regime Return Signals""}","1","2026-07-01","1","Indicator for whether a transcript is expected or available for the next scheduled corporate event.","next_event_transcript_flag","2","GBR","{""id"":""model-estimates-models"",""name"":""Estimates Models""}","[]","MATRIX","TOP700","0"
"0","{""id"":""model"",""name"":""Model""}","0","{""id"":""global_seasonal_model"",""name"":""Global Seasonal Regime Return Signals""}","1","2026-07-01","1","Categorical code for the type of the next scheduled corporate event.","next_event_type_code","2","GBR","{""id"":""model-estimates-models"",""name"":""Estimates Models""}","[]","MATRIX","TOP700","0"
"0","{""id"":""model"",""name"":""Model""}","0","{""id"":""global_seasonal_model"",""name"":""Global Seasonal Regime Return Signals""}","0.6008","2026-07-01","1","Predicted quantile bucket label for 20-day forward return using price-volume features.","predicted_bucket_pricevol_20d","2","GBR","{""id"":""model-estimates-models"",""name"":""Estimates Models""}","[]","MATRIX","TOP700","0"
"0","{""id"":""model"",""name"":""Model""}","0","{""id"":""global_seasonal_model"",""name"":""Global Seasonal Regime Return Signals""}","0.6008","2026-07-01","1","Predicted quantile bucket label for 5-day forward return using price-volume features.","predicted_bucket_pricevol_5d","2","GBR","{""id"":""model-estimates-models"",""name"":""Estimates Models""}","[]","MATRIX","TOP700","0"
"0","{""id"":""model"",""name"":""Model""}","0","{""id"":""global_seasonal_model"",""name"":""Global Seasonal Regime Return Signals""}","0.6008","2026-07-01","1","Predicted quantile bucket label for 20-day forward return using price-volume and calendar features.","predicted_bucket_pricevol_calendar_20d","2","GBR","{""id"":""model-estimates-models"",""name"":""Estimates Models""}","[]","MATRIX","TOP700","0"
"0","{""id"":""model"",""name"":""Model""}","0","{""id"":""global_seasonal_model"",""name"":""Global Seasonal Regime Return Signals""}","0.6008","2026-07-01","1","Predicted quantile bucket label for 5-day forward return using price-volume and calendar features.","predicted_bucket_pricevol_calendar_5d","2","GBR","{""id"":""model-estimates-models"",""name"":""Estimates Models""}","[]","MATRIX","TOP700","0"
"0","{""id"":""model"",""name"":""Model""}","0","{""id"":""global_seasonal_model"",""name"":""Global Seasonal Regime Return Signals""}","0.6008","2026-07-01","1","Predicted quantile bucket label for 20-day forward return using price-volume and month/quarter features.","predicted_bucket_pricevol_monthquarter_20d","2","GBR","{""id"":""model-estimates-models"",""name"":""Estimates Models""}","[]","MATRIX","TOP700","0"
"0","{""id"":""model"",""name"":""Model""}","0","{""id"":""global_seasonal_model"",""name"":""Global Seasonal Regime Return Signals""}","0.6008","2026-07-01","1","Predicted quantile bucket label for 5-day forward return using price-volume and month/quarter features.","predicted_bucket_pricevol_monthquarter_5d","2","GBR","{""id"":""model-estimates-models"",""name"":""Estimates Models""}","[]","MATRIX","TOP700","0"
"0","{""id"":""model"",""name"":""Model""}","0","{""id"":""global_seasonal_model"",""name"":""Global Seasonal Regime Return Signals""}","0.6008","2026-07-01","1","Predicted quantile bucket label for 60-day forward return using price-volume and month/quarter features.","predicted_bucket_pricevol_monthquarter_60d","2","GBR","{""id"":""model-estimates-models"",""name"":""Estimates Models""}","[]","MATRIX","TOP700","0"
"0","{""id"":""model"",""name"":""Model""}","0","{""id"":""global_seasonal_model"",""name"":""Global Seasonal Regime Return Signals""}","0.6008","2026-07-01","1","Predicted quantile bucket label for 5-day forward return using time series features.","predicted_bucket_timeseries_5d","2","GBR","{""id"":""model-estimates-models"",""name"":""Estimates Models""}","[]","MATRIX","TOP700","0"
"0","{""id"":""model"",""name"":""Model""}","0","{""id"":""global_seasonal_model"",""name"":""Global Seasonal Regime Return Signals""}","0.6008","2026-07-01","1","Predicted quantile bucket label for 5-day forward return using time series and calendar features.","predicted_bucket_timeseries_calendar_5d","2","GBR","{""id"":""model-estimates-models"",""name"":""Estimates Models""}","[]","MATRIX","TOP700","0"
"0","{""id"":""model"",""name"":""Model""}","0","{""id"":""global_seasonal_model"",""name"":""Global Seasonal Regime Return Signals""}","0.6008","2026-07-01","1","Predicted 5-day forward return as a continuous value using price-volume features.","predicted_return_pricevol_5d","2","GBR","{""id"":""model-estimates-models"",""name"":""Estimates Models""}","[]","MATRIX","TOP700","0"
"0","{""id"":""model"",""name"":""Model""}","0","{""id"":""global_seasonal_model"",""name"":""Global Seasonal Regime Return Signals""}","0.6008","2026-07-01","1","Predicted 20-day forward return as a continuous value using price-volume and calendar features.","predicted_return_pricevol_calendar_20d","2","GBR","{""id"":""model-estimates-models"",""name"":""Estimates Models""}","[]","MATRIX","TOP700","0"
"0","{""id"":""model"",""name"":""Model""}","0","{""id"":""global_seasonal_model"",""name"":""Global Seasonal Regime Return Signals""}","0.6008","2026-07-01","1","Predicted 5-day forward return as a continuous value using price-volume and calendar features.","predicted_return_pricevol_calendar_5d","2","GBR","{""id"":""model-estimates-models"",""name"":""Estimates Models""}","[]","MATRIX","TOP700","0"
"0","{""id"":""model"",""name"":""Model""}","0","{""id"":""global_seasonal_model"",""name"":""Global Seasonal Regime Return Signals""}","0.6008","2026-07-01","1","Predicted 20-day forward return as a continuous value using price-volume and month/quarter features.","predicted_return_pricevol_monthquarter_20d","2","GBR","{""id"":""model-estimates-models"",""name"":""Estimates Models""}","[]","MATRIX","TOP700","0"
"0","{""id"":""model"",""name"":""Model""}","0","{""id"":""global_seasonal_model"",""name"":""Global Seasonal Regime Return Signals""}","0.6008","2026-07-01","1","Predicted 5-day forward return as a continuous value using price-volume and month/quarter features.","predicted_return_pricevol_monthquarter_5d","2","GBR","{""id"":""model-estimates-models"",""name"":""Estimates Models""}","[]","MATRIX","TOP700","0"
"0","{""id"":""model"",""name"":""Model""}","0","{""id"":""global_seasonal_model"",""name"":""Global Seasonal Regime Return Signals""}","0.6008","2026-07-01","1","Predicted 5-day forward return as a continuous value using time series features.","predicted_return_timeseries_5d","2","GBR","{""id"":""model-estimates-models"",""name"":""Estimates Models""}","[]","MATRIX","TOP700","0"
"0","{""id"":""model"",""name"":""Model""}","0","{""id"":""global_seasonal_model"",""name"":""Global Seasonal Regime Return Signals""}","0.6008","2026-07-01","1","Predicted 5-day forward return as a continuous value using time series and event features.","predicted_return_timeseries_event_5d","2","GBR","{""id"":""model-estimates-models"",""name"":""Estimates Models""}","[]","MATRIX","TOP700","0"
"0","{""id"":""model"",""name"":""Model""}","0","{""id"":""global_seasonal_model"",""name"":""Global Seasonal Regime Return Signals""}","0.6008","2026-07-01","1","Probability assigned to the 0th quantile bucket for 20-day return prediction using price-volume features.","prob_bucket0_pricevol_20d","2","GBR","{""id"":""model-estimates-models"",""name"":""Estimates Models""}","[]","MATRIX","TOP700","0"
"0","{""id"":""model"",""name"":""Model""}","0","{""id"":""global_seasonal_model"",""name"":""Global Seasonal Regime Return Signals""}","0.6008","2026-07-01","1","Probability assigned to the 0th quantile bucket for 5-day return prediction using price-volume features.","prob_bucket0_pricevol_5d","2","GBR","{""id"":""model-estimates-models"",""name"":""Estimates Models""}","[]","MATRIX","TOP700","0"
"0","{""id"":""model"",""name"":""Model""}","0","{""id"":""global_seasonal_model"",""name"":""Global Seasonal Regime Return Signals""}","0.6008","2026-07-01","1","Probability assigned to the 0th quantile bucket for 20-day return prediction using price-volume and calendar features.","prob_bucket0_pricevol_calendar_20d","2","GBR","{""id"":""model-estimates-models"",""name"":""Estimates Models""}","[]","MATRIX","TOP700","0"
"0","{""id"":""model"",""name"":""Model""}","0","{""id"":""global_seasonal_model"",""name"":""Global Seasonal Regime Return Signals""}","0.6008","2026-07-01","1","Probability assigned to the 0th quantile bucket for 5-day return prediction using price-volume and calendar features.","prob_bucket0_pricevol_calendar_5d","2","GBR","{""id"":""model-estimates-models"",""name"":""Estimates Models""}","[]","MATRIX","TOP700","0"
"0","{""id"":""model"",""name"":""Model""}","0","{""id"":""global_seasonal_model"",""name"":""Global Seasonal Regime Return Signals""}","0.6008","2026-07-01","1","Probability assigned to the 0th quantile bucket for 20-day return prediction using price-volume and month/quarter features.","prob_bucket0_pricevol_monthquarter_20d","2","GBR","{""id"":""model-estimates-models"",""name"":""Estimates Models""}","[]","MATRIX","TOP700","0"
"0","{""id"":""model"",""name"":""Model""}","0","{""id"":""global_seasonal_model"",""name"":""Global Seasonal Regime Return Signals""}","0.6008","2026-07-01","1","Probability assigned to the 0th quantile bucket for 5-day return prediction using price-volume and month/quarter features.","prob_bucket0_pricevol_monthquarter_5d","2","GBR","{""id"":""model-estimates-models"",""name"":""Estimates Models""}","[]","MATRIX","TOP700","0"
"0","{""id"":""model"",""name"":""Model""}","0","{""id"":""global_seasonal_model"",""name"":""Global Seasonal Regime Return Signals""}","0.6008","2026-07-01","1","Probability assigned to the 0th quantile bucket for 60-day return prediction using price-volume and month/quarter features.","prob_bucket0_pricevol_monthquarter_60d","2","GBR","{""id"":""model-estimates-models"",""name"":""Estimates Models""}","[]","MATRIX","TOP700","0"
"0","{""id"":""model"",""name"":""Model""}","0","{""id"":""global_seasonal_model"",""name"":""Global Seasonal Regime Return Signals""}","0.6008","2026-07-01","1","Probability assigned to the 1st quantile bucket for 5-day return prediction using price-volume features.","prob_bucket1_pricevol_5d","2","GBR","{""id"":""model-estimates-models"",""name"":""Estimates Models""}","[]","MATRIX","TOP700","0"
"0","{""id"":""model"",""name"":""Model""}","0","{""id"":""global_seasonal_model"",""name"":""Global Seasonal Regime Return Signals""}","0.6008","2026-07-01","1","Probability assigned to the 1st quantile bucket for 20-day return prediction using price-volume and calendar features.","prob_bucket1_pricevol_calendar_20d","2","GBR","{""id"":""model-estimates-models"",""name"":""Estimates Models""}","[]","MATRIX","TOP700","0"
"0","{""id"":""model"",""name"":""Model""}","0","{""id"":""global_seasonal_model"",""name"":""Global Seasonal Regime Return Signals""}","0.6008","2026-07-01","1","Probability assigned to the 1st quantile bucket for 5-day return prediction using price-volume and calendar features.","prob_bucket1_pricevol_calendar_5d","2","GBR","{""id"":""model-estimates-models"",""name"":""Estimates Models""}","[]","MATRIX","TOP700","0"
"0","{""id"":""model"",""name"":""Model""}","0","{""id"":""global_seasonal_model"",""name"":""Global Seasonal Regime Return Signals""}","0.6008","2026-07-01","1","Probability assigned to the 1st quantile bucket for 20-day return prediction using price-volume and month/quarter features.","prob_bucket1_pricevol_monthquarter_20d","2","GBR","{""id"":""model-estimates-models"",""name"":""Estimates Models""}","[]","MATRIX","TOP700","0"
"0","{""id"":""model"",""name"":""Model""}","0","{""id"":""global_seasonal_model"",""name"":""Global Seasonal Regime Return Signals""}","0.6008","2026-07-01","1","Probability assigned to the 1st quantile bucket for 5-day return prediction using price-volume and month/quarter features.","prob_bucket1_pricevol_monthquarter_5d","2","GBR","{""id"":""model-estimates-models"",""name"":""Estimates Models""}","[]","MATRIX","TOP700","0"
"0","{""id"":""model"",""name"":""Model""}","0","{""id"":""global_seasonal_model"",""name"":""Global Seasonal Regime Return Signals""}","0.6008","2026-07-01","1","Probability assigned to the 1st quantile bucket for 60-day return prediction using price-volume and month/quarter features.","prob_bucket1_pricevol_monthquarter_60d","2","GBR","{""id"":""model-estimates-models"",""name"":""Estimates Models""}","[]","MATRIX","TOP700","0"
"0","{""id"":""model"",""name"":""Model""}","0","{""id"":""global_seasonal_model"",""name"":""Global Seasonal Regime Return Signals""}","0.6008","2026-07-01","1","Probability assigned to the 1st quantile bucket for 5-day return prediction using time series and regime features.","prob_bucket1_regime_timeseries_5d","2","GBR","{""id"":""model-estimates-models"",""name"":""Estimates Models""}","[]","MATRIX","TOP700","0"
"0","{""id"":""model"",""name"":""Model""}","0","{""id"":""global_seasonal_model"",""name"":""Global Seasonal Regime Return Signals""}","0.6008","2026-07-01","1","Probability assigned to the 2nd quantile bucket for 20-day return prediction using price-volume features.","prob_bucket2_pricevol_20d","2","GBR","{""id"":""model-estimates-models"",""name"":""Estimates Models""}","[]","MATRIX","TOP700","0"
"0","{""id"":""model"",""name"":""Model""}","0","{""id"":""global_seasonal_model"",""name"":""Global Seasonal Regime Return Signals""}","0.6008","2026-07-01","1","Probability assigned to the 2nd quantile bucket for 5-day return prediction using price-volume features.","prob_bucket2_pricevol_5d","2","GBR","{""id"":""model-estimates-models"",""name"":""Estimates Models""}","[]","MATRIX","TOP700","0"
"0","{""id"":""model"",""name"":""Model""}","0","{""id"":""global_seasonal_model"",""name"":""Global Seasonal Regime Return Signals""}","0.6008","2026-07-01","1","Probability assigned to the 2nd quantile bucket for 20-day return prediction using price-volume and calendar features.","prob_bucket2_pricevol_calendar_20d","2","GBR","{""id"":""model-estimates-models"",""name"":""Estimates Models""}","[]","MATRIX","TOP700","0"
"0","{""id"":""model"",""name"":""Model""}","0","{""id"":""global_seasonal_model"",""name"":""Global Seasonal Regime Return Signals""}","0.6008","2026-07-01","1","Probability assigned to the 2nd quantile bucket for 5-day return prediction using price-volume and calendar features.","prob_bucket2_pricevol_calendar_5d","2","GBR","{""id"":""model-estimates-models"",""name"":""Estimates Models""}","[]","MATRIX","TOP700","0"
"0","{""id"":""model"",""name"":""Model""}","0","{""id"":""global_seasonal_model"",""name"":""Global Seasonal Regime Return Signals""}","0.6008","2026-07-01","1","Probability assigned to the 2nd quantile bucket for 20-day return prediction using price-volume and month/quarter features.","prob_bucket2_pricevol_monthquarter_20d","2","GBR","{""id"":""model-estimates-models"",""name"":""Estimates Models""}","[]","MATRIX","TOP700","0"
"0","{""id"":""model"",""name"":""Model""}","0","{""id"":""global_seasonal_model"",""name"":""Global Seasonal Regime Return Signals""}","0.6008","2026-07-01","1","Probability assigned to the 2nd quantile bucket for 5-day return prediction using price-volume and month/quarter features.","prob_bucket2_pricevol_monthquarter_5d","2","GBR","{""id"":""model-estimates-models"",""name"":""Estimates Models""}","[]","MATRIX","TOP700","0"
"0","{""id"":""model"",""name"":""Model""}","0","{""id"":""global_seasonal_model"",""name"":""Global Seasonal Regime Return Signals""}","0.6008","2026-07-01","1","Probability assigned to the 2nd quantile bucket for 60-day return prediction using price-volume and month/quarter features.","prob_bucket2_pricevol_monthquarter_60d","2","GBR","{""id"":""model-estimates-models"",""name"":""Estimates Models""}","[]","MATRIX","TOP700","0"
"0","{""id"":""model"",""name"":""Model""}","0","{""id"":""global_seasonal_model"",""name"":""Global Seasonal Regime Return Signals""}","0.6008","2026-07-01","1","Probability assigned to the 2nd quantile bucket for 5-day return prediction using time series and regime features.","prob_bucket2_regime_timeseries_5d","2","GBR","{""id"":""model-estimates-models"",""name"":""Estimates Models""}","[]","MATRIX","TOP700","0"
"0","{""id"":""model"",""name"":""Model""}","0","{""id"":""global_seasonal_model"",""name"":""Global Seasonal Regime Return Signals""}","0.6008","2026-07-01","1","Probability assigned to the 3rd quantile bucket for 5-day return prediction using price-volume features.","prob_bucket3_pricevol_5d","2","GBR","{""id"":""model-estimates-models"",""name"":""Estimates Models""}","[]","MATRIX","TOP700","0"
"0","{""id"":""model"",""name"":""Model""}","0","{""id"":""global_seasonal_model"",""name"":""Global Seasonal Regime Return Signals""}","0.6008","2026-07-01","1","Probability assigned to the 3rd quantile bucket for 20-day return prediction using price-volume and calendar features.","prob_bucket3_pricevol_calendar_20d","2","GBR","{""id"":""model-estimates-models"",""name"":""Estimates Models""}","[]","MATRIX","TOP700","0"
"0","{""id"":""model"",""name"":""Model""}","0","{""id"":""global_seasonal_model"",""name"":""Global Seasonal Regime Return Signals""}","0.6008","2026-07-01","1","Probability assigned to the 3rd quantile bucket for 20-day return prediction using price-volume and month/quarter features.","prob_bucket3_pricevol_monthquarter_20d","2","GBR","{""id"":""model-estimates-models"",""name"":""Estimates Models""}","[]","MATRIX","TOP700","0"
"0","{""id"":""model"",""name"":""Model""}","0","{""id"":""global_seasonal_model"",""name"":""Global Seasonal Regime Return Signals""}","0.6008","2026-07-01","1","Probability assigned to the 3rd quantile bucket for 5-day return prediction using price-volume and month/quarter features.","prob_bucket3_pricevol_monthquarter_5d","2","GBR","{""id"":""model-estimates-models"",""name"":""Estimates Models""}","[]","MATRIX","TOP700","0"
"0","{""id"":""model"",""name"":""Model""}","0","{""id"":""global_seasonal_model"",""name"":""Global Seasonal Regime Return Signals""}","0.6008","2026-07-01","1","Probability assigned to the 3rd quantile bucket for 60-day return prediction using price-volume and month/quarter features.","prob_bucket3_pricevol_monthquarter_60d","2","GBR","{""id"":""model-estimates-models"",""name"":""Estimates Models""}","[]","MATRIX","TOP700","0"
"0","{""id"":""model"",""name"":""Model""}","0","{""id"":""global_seasonal_model"",""name"":""Global Seasonal Regime Return Signals""}","0.6008","2026-07-01","1","Probability assigned to the 4th quantile bucket for 20-day return prediction using price-volume features.","prob_bucket4_pricevol_20d","2","GBR","{""id"":""model-estimates-models"",""name"":""Estimates Models""}","[]","MATRIX","TOP700","0"
"0","{""id"":""model"",""name"":""Model""}","0","{""id"":""global_seasonal_model"",""name"":""Global Seasonal Regime Return Signals""}","0.6008","2026-07-01","1","Probability assigned to the 4th quantile bucket for 5-day return prediction using price-volume features.","prob_bucket4_pricevol_5d","2","GBR","{""id"":""model-estimates-models"",""name"":""Estimates Models""}","[]","MATRIX","TOP700","0"
"0","{""id"":""model"",""name"":""Model""}","0","{""id"":""global_seasonal_model"",""name"":""Global Seasonal Regime Return Signals""}","0.6008","2026-07-01","1","Probability assigned to the 4th quantile bucket for 20-day return prediction using price-volume and calendar features.","prob_bucket4_pricevol_calendar_20d","2","GBR","{""id"":""model-estimates-models"",""name"":""Estimates Models""}","[]","MATRIX","TOP700","0"
"0","{""id"":""model"",""name"":""Model""}","0","{""id"":""global_seasonal_model"",""name"":""Global Seasonal Regime Return Signals""}","0.6008","2026-07-01","1","Probability assigned to the 4th quantile bucket for 5-day return prediction using price-volume and calendar features.","prob_bucket4_pricevol_calendar_5d","2","GBR","{""id"":""model-estimates-models"",""name"":""Estimates Models""}","[]","MATRIX","TOP700","0"
"0","{""id"":""model"",""name"":""Model""}","0","{""id"":""global_seasonal_model"",""name"":""Global Seasonal Regime Return Signals""}","0.6008","2026-07-01","1","Probability assigned to the 4th quantile bucket for 20-day return prediction using price-volume and month/quarter features.","prob_bucket4_pricevol_monthquarter_20d","2","GBR","{""id"":""model-estimates-models"",""name"":""Estimates Models""}","[]","MATRIX","TOP700","0"
"0","{""id"":""model"",""name"":""Model""}","0","{""id"":""global_seasonal_model"",""name"":""Global Seasonal Regime Return Signals""}","0.6008","2026-07-01","1","Probability assigned to the 4th quantile bucket for 5-day return prediction using price-volume and month/quarter features.","prob_bucket4_pricevol_monthquarter_5d","2","GBR","{""id"":""model-estimates-models"",""name"":""Estimates Models""}","[]","MATRIX","TOP700","0"
"0","{""id"":""model"",""name"":""Model""}","0","{""id"":""global_seasonal_model"",""name"":""Global Seasonal Regime Return Signals""}","0.6008","2026-07-01","1","Probability assigned to the 4th quantile bucket for 60-day return prediction using price-volume and month/quarter features.","prob_bucket4_pricevol_monthquarter_60d","2","GBR","{""id"":""model-estimates-models"",""name"":""Estimates Models""}","[]","MATRIX","TOP700","0"
"0","{""id"":""model"",""name"":""Model""}","0","{""id"":""global_seasonal_model"",""name"":""Global Seasonal Regime Return Signals""}","0.6008","2026-07-01","1","Model confidence score for label 0 in 5-bucket quantile classification of 60-day return using price-volume daily data with 12-month embedding.","pvdaily12m_60d_5bucket_confidence_0","2","GBR","{""id"":""model-estimates-models"",""name"":""Estimates Models""}","[]","MATRIX","TOP700","0"
"0","{""id"":""model"",""name"":""Model""}","0","{""id"":""global_seasonal_model"",""name"":""Global Seasonal Regime Return Signals""}","0.6008","2026-07-01","1","Model confidence score for label 1 in 5-bucket quantile classification of 60-day return using price-volume daily data with 12-month embedding.","pvdaily12m_60d_5bucket_confidence_1","2","GBR","{""id"":""model-estimates-models"",""name"":""Estimates Models""}","[]","MATRIX","TOP700","0"
"0","{""id"":""model"",""name"":""Model""}","0","{""id"":""global_seasonal_model"",""name"":""Global Seasonal Regime Return Signals""}","0.6008","2026-07-01","1","Model confidence score for label 2 in 5-bucket quantile classification of 60-day return using price-volume daily data with 12-month embedding.","pvdaily12m_60d_5bucket_confidence_2","2","GBR","{""id"":""model-estimates-models"",""name"":""Estimates Models""}","[]","MATRIX","TOP700","0"
"0","{""id"":""model"",""name"":""Model""}","0","{""id"":""global_seasonal_model"",""name"":""Global Seasonal Regime Return Signals""}","0.6008","2026-07-01","1","Model confidence score for label 3 in 5-bucket quantile classification of 60-day return using price-volume daily data with 12-month embedding.","pvdaily12m_60d_5bucket_confidence_3","2","GBR","{""id"":""model-estimates-models"",""name"":""Estimates Models""}","[]","MATRIX","TOP700","0"
"0","{""id"":""model"",""name"":""Model""}","0","{""id"":""global_seasonal_model"",""name"":""Global Seasonal Regime Return Signals""}","0.6008","2026-07-01","1","Model confidence score for label 4 in 5-bucket quantile classification of 60-day return using price-volume daily data with 12-month embedding.","pvdaily12m_60d_5bucket_confidence_4","2","GBR","{""id"":""model-estimates-models"",""name"":""Estimates Models""}","[]","MATRIX","TOP700","0"
"0","{""id"":""model"",""name"":""Model""}","0","{""id"":""global_seasonal_model"",""name"":""Global Seasonal Regime Return Signals""}","0.6008","2026-07-01","1","Predicted label (0–4) for 60-day return quantile using price-volume daily data with 12-month embedding.","pvdaily12m_60d_5bucket_pred","2","GBR","{""id"":""model-estimates-models"",""name"":""Estimates Models""}","[]","MATRIX","TOP700","0"
"0","{""id"":""model"",""name"":""Model""}","0","{""id"":""global_seasonal_model"",""name"":""Global Seasonal Regime Return Signals""}","0.6008","2026-07-01","1","Predicted probability for label 0 in 5-bucket quantile classification of 60-day return using price-volume daily data with 12-month embedding.","pvdaily12m_60d_5bucket_prob_0","2","GBR","{""id"":""model-estimates-models"",""name"":""Estimates Models""}","[]","MATRIX","TOP700","0"
"0","{""id"":""model"",""name"":""Model""}","0","{""id"":""global_seasonal_model"",""name"":""Global Seasonal Regime Return Signals""}","0.6008","2026-07-01","1","Predicted probability for label 1 in 5-bucket quantile classification of 60-day return using price-volume daily data with 12-month embedding.","pvdaily12m_60d_5bucket_prob_1","2","GBR","{""id"":""model-estimates-models"",""name"":""Estimates Models""}","[]","MATRIX","TOP700","0"
"0","{""id"":""model"",""name"":""Model""}","0","{""id"":""global_seasonal_model"",""name"":""Global Seasonal Regime Return Signals""}","0.6008","2026-07-01","1","Predicted probability for label 2 in 5-bucket quantile classification of 60-day return using price-volume daily data with 12-month embedding.","pvdaily12m_60d_5bucket_prob_2","2","GBR","{""id"":""model-estimates-models"",""name"":""Estimates Models""}","[]","MATRIX","TOP700","0"
"0","{""id"":""model"",""name"":""Model""}","0","{""id"":""global_seasonal_model"",""name"":""Global Seasonal Regime Return Signals""}","0.6008","2026-07-01","1","Predicted probability for label 3 in 5-bucket quantile classification of 60-day return using price-volume daily data with 12-month embedding.","pvdaily12m_60d_5bucket_prob_3","2","GBR","{""id"":""model-estimates-models"",""name"":""Estimates Models""}","[]","MATRIX","TOP700","0"
"0","{""id"":""model"",""name"":""Model""}","0","{""id"":""global_seasonal_model"",""name"":""Global Seasonal Regime Return Signals""}","0.6008","2026-07-01","1","Predicted probability for label 4 in 5-bucket quantile classification of 60-day return using price-volume daily data with 12-month embedding.","pvdaily12m_60d_5bucket_prob_4","2","GBR","{""id"":""model-estimates-models"",""name"":""Estimates Models""}","[]","MATRIX","TOP700","0"
"0","{""id"":""model"",""name"":""Model""}","0","{""id"":""global_seasonal_model"",""name"":""Global Seasonal Regime Return Signals""}","0.6008","2026-07-01","1","Predicted 20-day return (regression output) using price-volume weekly data.","pvweekly_20d_1bucket_pred","2","GBR","{""id"":""model-estimates-models"",""name"":""Estimates Models""}","[]","MATRIX","TOP700","0"
"0","{""id"":""model"",""name"":""Model""}","0","{""id"":""global_seasonal_model"",""name"":""Global Seasonal Regime Return Signals""}","0.6008","2026-07-01","1","Predicted 60-day return (regression output) using price-volume weekly data.","pvweekly_60d_1bucket_pred","2","GBR","{""id"":""model-estimates-models"",""name"":""Estimates Models""}","[]","MATRIX","TOP700","0"
"0","{""id"":""model"",""name"":""Model""}","0","{""id"":""global_seasonal_model"",""name"":""Global Seasonal Regime Return Signals""}","0.6008","2026-07-01","1","Model confidence score for label 0 in 5-bucket quantile classification of 60-day return using price-volume weekly data.","pvweekly_60d_5bucket_confidence_0","2","GBR","{""id"":""model-estimates-models"",""name"":""Estimates Models""}","[]","MATRIX","TOP700","0"
"0","{""id"":""model"",""name"":""Model""}","0","{""id"":""global_seasonal_model"",""name"":""Global Seasonal Regime Return Signals""}","0.6008","2026-07-01","1","Model confidence score for label 1 in 5-bucket quantile classification of 60-day return using price-volume weekly data.","pvweekly_60d_5bucket_confidence_1","2","GBR","{""id"":""model-estimates-models"",""name"":""Estimates Models""}","[]","MATRIX","TOP700","0"
"0","{""id"":""model"",""name"":""Model""}","0","{""id"":""global_seasonal_model"",""name"":""Global Seasonal Regime Return Signals""}","0.6008","2026-07-01","1","Model confidence score for label 3 in 5-bucket quantile classification of 60-day return using price-volume weekly data.","pvweekly_60d_5bucket_confidence_3","2","GBR","{""id"":""model-estimates-models"",""name"":""Estimates Models""}","[]","MATRIX","TOP700","0"
"0","{""id"":""model"",""name"":""Model""}","0","{""id"":""global_seasonal_model"",""name"":""Global Seasonal Regime Return Signals""}","0.6008","2026-07-01","1","Predicted probability for label 1 in 5-bucket quantile classification of 60-day return using price-volume weekly data.","pvweekly_60d_5bucket_prob_1","2","GBR","{""id"":""model-estimates-models"",""name"":""Estimates Models""}","[]","MATRIX","TOP700","0"
"0","{""id"":""model"",""name"":""Model""}","0","{""id"":""global_seasonal_model"",""name"":""Global Seasonal Regime Return Signals""}","0.6008","2026-07-01","1","Predicted probability for label 2 in 5-bucket quantile classification of 60-day return using price-volume weekly data.","pvweekly_60d_5bucket_prob_2","2","GBR","{""id"":""model-estimates-models"",""name"":""Estimates Models""}","[]","MATRIX","TOP700","0"
"0","{""id"":""model"",""name"":""Model""}","0","{""id"":""global_seasonal_model"",""name"":""Global Seasonal Regime Return Signals""}","0.6008","2026-07-01","1","Predicted probability for label 4 in 5-bucket quantile classification of 60-day return using price-volume weekly data.","pvweekly_60d_5bucket_prob_4","2","GBR","{""id"":""model-estimates-models"",""name"":""Estimates Models""}","[]","MATRIX","TOP700","0"
"0","{""id"":""model"",""name"":""Model""}","0","{""id"":""global_seasonal_model"",""name"":""Global Seasonal Regime Return Signals""}","0.6008","2026-07-01","1","Model confidence score for label 0 in 5-bucket quantile classification of 20-day return using price-volume weekly data with calendar context.","pvweekly_calendar_20d_5bucket_confidence_0","2","GBR","{""id"":""model-estimates-models"",""name"":""Estimates Models""}","[]","MATRIX","TOP700","0"
"0","{""id"":""model"",""name"":""Model""}","0","{""id"":""global_seasonal_model"",""name"":""Global Seasonal Regime Return Signals""}","0.6008","2026-07-01","1","Model confidence score for label 1 in 5-bucket quantile classification of 20-day return using price-volume weekly data with calendar context.","pvweekly_calendar_20d_5bucket_confidence_1","2","GBR","{""id"":""model-estimates-models"",""name"":""Estimates Models""}","[]","MATRIX","TOP700","0"
"0","{""id"":""model"",""name"":""Model""}","0","{""id"":""global_seasonal_model"",""name"":""Global Seasonal Regime Return Signals""}","0.6008","2026-07-01","1","Model confidence score for label 2 in 5-bucket quantile classification of 20-day return using price-volume weekly data with calendar context.","pvweekly_calendar_20d_5bucket_confidence_2","2","GBR","{""id"":""model-estimates-models"",""name"":""Estimates Models""}","[]","MATRIX","TOP700","0"
"0","{""id"":""model"",""name"":""Model""}","0","{""id"":""global_seasonal_model"",""name"":""Global Seasonal Regime Return Signals""}","0.6008","2026-07-01","1","Model confidence score for label 3 in 5-bucket quantile classification of 20-day return using price-volume weekly data with calendar context.","pvweekly_calendar_20d_5bucket_confidence_3","2","GBR","{""id"":""model-estimates-models"",""name"":""Estimates Models""}","[]","MATRIX","TOP700","0"
"0","{""id"":""model"",""name"":""Model""}","0","{""id"":""global_seasonal_model"",""name"":""Global Seasonal Regime Return Signals""}","0.6008","2026-07-01","1","Model confidence score for label 4 in 5-bucket quantile classification of 20-day return using price-volume weekly data with calendar context.","pvweekly_calendar_20d_5bucket_confidence_4","2","GBR","{""id"":""model-estimates-models"",""name"":""Estimates Models""}","[]","MATRIX","TOP700","0"
"0","{""id"":""model"",""name"":""Model""}","0","{""id"":""global_seasonal_model"",""name"":""Global Seasonal Regime Return Signals""}","0.6008","2026-07-01","1","Predicted label (0–4) for 20-day return quantile using price-volume weekly data with calendar context.","pvweekly_calendar_20d_5bucket_pred","2","GBR","{""id"":""model-estimates-models"",""name"":""Estimates Models""}","[]","MATRIX","TOP700","0"
"0","{""id"":""model"",""name"":""Model""}","0","{""id"":""global_seasonal_model"",""name"":""Global Seasonal Regime Return Signals""}","0.6008","2026-07-01","1","Predicted probability for label 3 in 5-bucket quantile classification of 20-day return using price-volume weekly data with calendar context.","pvweekly_calendar_20d_5bucket_prob_3","2","GBR","{""id"":""model-estimates-models"",""name"":""Estimates Models""}","[]","MATRIX","TOP700","0"
"0","{""id"":""model"",""name"":""Model""}","0","{""id"":""global_seasonal_model"",""name"":""Global Seasonal Regime Return Signals""}","0.6008","2026-07-01","1","Predicted probability for label 4 in 5-bucket quantile classification of 20-day return using price-volume weekly data with calendar context.","pvweekly_calendar_20d_5bucket_prob_4","2","GBR","{""id"":""model-estimates-models"",""name"":""Estimates Models""}","[]","MATRIX","TOP700","0"
"0","{""id"":""model"",""name"":""Model""}","0","{""id"":""global_seasonal_model"",""name"":""Global Seasonal Regime Return Signals""}","0.6008","2026-07-01","1","Predicted 60-day return (regression output) using price-volume weekly data with calendar context.","pvweekly_calendar_60d_1bucket_pred","2","GBR","{""id"":""model-estimates-models"",""name"":""Estimates Models""}","[]","MATRIX","TOP700","0"
"0","{""id"":""model"",""name"":""Model""}","0","{""id"":""global_seasonal_model"",""name"":""Global Seasonal Regime Return Signals""}","0.6008","2026-07-01","1","Model confidence score for label 1 in 5-bucket quantile classification of 60-day return using price-volume weekly data with calendar context.","pvweekly_calendar_60d_5bucket_confidence_1","2","GBR","{""id"":""model-estimates-models"",""name"":""Estimates Models""}","[]","MATRIX","TOP700","0"
"0","{""id"":""model"",""name"":""Model""}","0","{""id"":""global_seasonal_model"",""name"":""Global Seasonal Regime Return Signals""}","0.6008","2026-07-01","1","Model confidence score for label 2 in 5-bucket quantile classification of 60-day return using price-volume weekly data with calendar context.","pvweekly_calendar_60d_5bucket_confidence_2","2","GBR","{""id"":""model-estimates-models"",""name"":""Estimates Models""}","[]","MATRIX","TOP700","0"
"0","{""id"":""model"",""name"":""Model""}","0","{""id"":""global_seasonal_model"",""name"":""Global Seasonal Regime Return Signals""}","0.6008","2026-07-01","1","Model confidence score for label 3 in 5-bucket quantile classification of 60-day return using price-volume weekly data with calendar context.","pvweekly_calendar_60d_5bucket_confidence_3","2","GBR","{""id"":""model-estimates-models"",""name"":""Estimates Models""}","[]","MATRIX","TOP700","0"
"0","{""id"":""model"",""name"":""Model""}","0","{""id"":""global_seasonal_model"",""name"":""Global Seasonal Regime Return Signals""}","0.6008","2026-07-01","1","Model confidence score for label 4 in 5-bucket quantile classification of 60-day return using price-volume weekly data with calendar context.","pvweekly_calendar_60d_5bucket_confidence_4","2","GBR","{""id"":""model-estimates-models"",""name"":""Estimates Models""}","[]","MATRIX","TOP700","0"
"0","{""id"":""model"",""name"":""Model""}","0","{""id"":""global_seasonal_model"",""name"":""Global Seasonal Regime Return Signals""}","0.6008","2026-07-01","1","Predicted label (0–4) for 60-day return quantile using price-volume weekly data with calendar context.","pvweekly_calendar_60d_5bucket_pred","2","GBR","{""id"":""model-estimates-models"",""name"":""Estimates Models""}","[]","MATRIX","TOP700","0"
"0","{""id"":""model"",""name"":""Model""}","0","{""id"":""global_seasonal_model"",""name"":""Global Seasonal Regime Return Signals""}","0.6008","2026-07-01","1","Predicted probability for label 0 in 5-bucket quantile classification of 60-day return using price-volume weekly data with calendar context.","pvweekly_calendar_60d_5bucket_prob_0","2","GBR","{""id"":""model-estimates-models"",""name"":""Estimates Models""}","[]","MATRIX","TOP700","0"
"0","{""id"":""model"",""name"":""Model""}","0","{""id"":""global_seasonal_model"",""name"":""Global Seasonal Regime Return Signals""}","0.6008","2026-07-01","1","Predicted probability for label 1 in 5-bucket quantile classification of 60-day return using price-volume weekly data with calendar context.","pvweekly_calendar_60d_5bucket_prob_1","2","GBR","{""id"":""model-estimates-models"",""name"":""Estimates Models""}","[]","MATRIX","TOP700","0"
"0","{""id"":""model"",""name"":""Model""}","0","{""id"":""global_seasonal_model"",""name"":""Global Seasonal Regime Return Signals""}","0.6008","2026-07-01","1","Predicted probability for label 2 in 5-bucket quantile classification of 60-day return using price-volume weekly data with calendar context.","pvweekly_calendar_60d_5bucket_prob_2","2","GBR","{""id"":""model-estimates-models"",""name"":""Estimates Models""}","[]","MATRIX","TOP700","0"
"0","{""id"":""model"",""name"":""Model""}","0","{""id"":""global_seasonal_model"",""name"":""Global Seasonal Regime Return Signals""}","0.6008","2026-07-01","1","Predicted probability for label 3 in 5-bucket quantile classification of 60-day return using price-volume weekly data with calendar context.","pvweekly_calendar_60d_5bucket_prob_3","2","GBR","{""id"":""model-estimates-models"",""name"":""Estimates Models""}","[]","MATRIX","TOP700","0"
"0","{""id"":""model"",""name"":""Model""}","0","{""id"":""global_seasonal_model"",""name"":""Global Seasonal Regime Return Signals""}","0.6008","2026-07-01","1","Predicted 20-day return (regression output) using price-volume weekly data with event context.","pvweekly_event_20d_1bucket_pred","2","GBR","{""id"":""model-estimates-models"",""name"":""Estimates Models""}","[]","MATRIX","TOP700","0"
"0","{""id"":""model"",""name"":""Model""}","0","{""id"":""global_seasonal_model"",""name"":""Global Seasonal Regime Return Signals""}","0.6008","2026-07-01","1","Model confidence score for label 0 in 5-bucket quantile classification of 20-day return using price-volume weekly data with event context.","pvweekly_event_20d_5bucket_confidence_0","2","GBR","{""id"":""model-estimates-models"",""name"":""Estimates Models""}","[]","MATRIX","TOP700","0"
"0","{""id"":""model"",""name"":""Model""}","0","{""id"":""global_seasonal_model"",""name"":""Global Seasonal Regime Return Signals""}","0.6008","2026-07-01","1","Model confidence score for label 3 in 5-bucket quantile classification of 20-day return using price-volume weekly data with event context.","pvweekly_event_20d_5bucket_confidence_3","2","GBR","{""id"":""model-estimates-models"",""name"":""Estimates Models""}","[]","MATRIX","TOP700","0"
"0","{""id"":""model"",""name"":""Model""}","0","{""id"":""global_seasonal_model"",""name"":""Global Seasonal Regime Return Signals""}","0.6008","2026-07-01","1","Predicted probability for label 0 in 5-bucket quantile classification of 20-day return using price-volume weekly data with event context.","pvweekly_event_20d_5bucket_prob_0","2","GBR","{""id"":""model-estimates-models"",""name"":""Estimates Models""}","[]","MATRIX","TOP700","0"
"0","{""id"":""model"",""name"":""Model""}","0","{""id"":""global_seasonal_model"",""name"":""Global Seasonal Regime Return Signals""}","0.6008","2026-07-01","1","Predicted probability for label 2 in 5-bucket quantile classification of 20-day return using price-volume weekly data with event context.","pvweekly_event_20d_5bucket_prob_2","2","GBR","{""id"":""model-estimates-models"",""name"":""Estimates Models""}","[]","MATRIX","TOP700","0"
"0","{""id"":""model"",""name"":""Model""}","0","{""id"":""global_seasonal_model"",""name"":""Global Seasonal Regime Return Signals""}","0.6008","2026-07-01","1","Predicted 60-day return (regression output) using price-volume weekly data with event context.","pvweekly_event_60d_1bucket_pred","2","GBR","{""id"":""model-estimates-models"",""name"":""Estimates Models""}","[]","MATRIX","TOP700","0"
"0","{""id"":""model"",""name"":""Model""}","0","{""id"":""global_seasonal_model"",""name"":""Global Seasonal Regime Return Signals""}","0.6008","2026-07-01","1","Model confidence score for label 0 in 5-bucket quantile classification of 60-day return using price-volume weekly data with event context.","pvweekly_event_60d_5bucket_confidence_0","2","GBR","{""id"":""model-estimates-models"",""name"":""Estimates Models""}","[]","MATRIX","TOP700","0"
"0","{""id"":""model"",""name"":""Model""}","0","{""id"":""global_seasonal_model"",""name"":""Global Seasonal Regime Return Signals""}","0.6008","2026-07-01","1","Model confidence score for label 1 in 5-bucket quantile classification of 60-day return using price-volume weekly data with event context.","pvweekly_event_60d_5bucket_confidence_1","2","GBR","{""id"":""model-estimates-models"",""name"":""Estimates Models""}","[]","MATRIX","TOP700","0"
"0","{""id"":""model"",""name"":""Model""}","0","{""id"":""global_seasonal_model"",""name"":""Global Seasonal Regime Return Signals""}","0.6008","2026-07-01","1","Model confidence score for label 2 in 5-bucket quantile classification of 60-day return using price-volume weekly data with event context.","pvweekly_event_60d_5bucket_confidence_2","2","GBR","{""id"":""model-estimates-models"",""name"":""Estimates Models""}","[]","MATRIX","TOP700","0"
"0","{""id"":""model"",""name"":""Model""}","0","{""id"":""global_seasonal_model"",""name"":""Global Seasonal Regime Return Signals""}","0.6008","2026-07-01","1","Model confidence score for label 3 in 5-bucket quantile classification of 60-day return using price-volume weekly data with event context.","pvweekly_event_60d_5bucket_confidence_3","2","GBR","{""id"":""model-estimates-models"",""name"":""Estimates Models""}","[]","MATRIX","TOP700","0"
"0","{""id"":""model"",""name"":""Model""}","0","{""id"":""global_seasonal_model"",""name"":""Global Seasonal Regime Return Signals""}","0.6008","2026-07-01","1","Model confidence score for label 4 in 5-bucket quantile classification of 60-day return using price-volume weekly data with event context.","pvweekly_event_60d_5bucket_confidence_4","2","GBR","{""id"":""model-estimates-models"",""name"":""Estimates Models""}","[]","MATRIX","TOP700","0"
"0","{""id"":""model"",""name"":""Model""}","0","{""id"":""global_seasonal_model"",""name"":""Global Seasonal Regime Return Signals""}","0.6008","2026-07-01","1","Predicted label (0–4) for 60-day return quantile using price-volume weekly data with event context.","pvweekly_event_60d_5bucket_pred","2","GBR","{""id"":""model-estimates-models"",""name"":""Estimates Models""}","[]","MATRIX","TOP700","0"
"0","{""id"":""model"",""name"":""Model""}","0","{""id"":""global_seasonal_model"",""name"":""Global Seasonal Regime Return Signals""}","0.6008","2026-07-01","1","Predicted probability for label 0 in 5-bucket quantile classification of 60-day return using price-volume weekly data with event context.","pvweekly_event_60d_5bucket_prob_0","2","GBR","{""id"":""model-estimates-models"",""name"":""Estimates Models""}","[]","MATRIX","TOP700","0"
"0","{""id"":""model"",""name"":""Model""}","0","{""id"":""global_seasonal_model"",""name"":""Global Seasonal Regime Return Signals""}","0.6008","2026-07-01","1","Predicted probability for label 3 in 5-bucket quantile classification of 60-day return using price-volume weekly data with event context.","pvweekly_event_60d_5bucket_prob_3","2","GBR","{""id"":""model-estimates-models"",""name"":""Estimates Models""}","[]","MATRIX","TOP700","0"
"0","{""id"":""model"",""name"":""Model""}","0","{""id"":""global_seasonal_model"",""name"":""Global Seasonal Regime Return Signals""}","0.6008","2026-07-01","1","Predicted probability for label 4 in 5-bucket quantile classification of 60-day return using price-volume weekly data with event context.","pvweekly_event_60d_5bucket_prob_4","2","GBR","{""id"":""model-estimates-models"",""name"":""Estimates Models""}","[]","MATRIX","TOP700","0"
"0","{""id"":""model"",""name"":""Model""}","0","{""id"":""global_seasonal_model"",""name"":""Global Seasonal Regime Return Signals""}","0.6008","2026-07-01","1","Predicted 20-day return (regression output) using price-volume weekly data with month/quarter context.","pvweekly_monthquarter_20d_1bucket_pred","2","GBR","{""id"":""model-estimates-models"",""name"":""Estimates Models""}","[]","MATRIX","TOP700","0"
"0","{""id"":""model"",""name"":""Model""}","0","{""id"":""global_seasonal_model"",""name"":""Global Seasonal Regime Return Signals""}","0.6008","2026-07-01","1","Model confidence score for label 0 in 5-bucket quantile classification of 20-day return using price-volume weekly data with month/quarter context.","pvweekly_monthquarter_20d_5bucket_confidence_0","2","GBR","{""id"":""model-estimates-models"",""name"":""Estimates Models""}","[]","MATRIX","TOP700","0"
"0","{""id"":""model"",""name"":""Model""}","0","{""id"":""global_seasonal_model"",""name"":""Global Seasonal Regime Return Signals""}","0.6008","2026-07-01","1","Model confidence score for label 2 in 5-bucket quantile classification of 20-day return using price-volume weekly data with month/quarter context.","pvweekly_monthquarter_20d_5bucket_confidence_2","2","GBR","{""id"":""model-estimates-models"",""name"":""Estimates Models""}","[]","MATRIX","TOP700","0"
"0","{""id"":""model"",""name"":""Model""}","0","{""id"":""global_seasonal_model"",""name"":""Global Seasonal Regime Return Signals""}","0.6008","2026-07-01","1","Model confidence score for label 3 in 5-bucket quantile classification of 20-day return using price-volume weekly data with month/quarter context.","pvweekly_monthquarter_20d_5bucket_confidence_3","2","GBR","{""id"":""model-estimates-models"",""name"":""Estimates Models""}","[]","MATRIX","TOP700","0"
"0","{""id"":""model"",""name"":""Model""}","0","{""id"":""global_seasonal_model"",""name"":""Global Seasonal Regime Return Signals""}","0.6008","2026-07-01","1","Model confidence score for label 4 in 5-bucket quantile classification of 20-day return using price-volume weekly data with month/quarter context.","pvweekly_monthquarter_20d_5bucket_confidence_4","2","GBR","{""id"":""model-estimates-models"",""name"":""Estimates Models""}","[]","MATRIX","TOP700","0"
"0","{""id"":""model"",""name"":""Model""}","0","{""id"":""global_seasonal_model"",""name"":""Global Seasonal Regime Return Signals""}","0.6008","2026-07-01","1","Predicted label (0–4) for 20-day return quantile using price-volume weekly data with month/quarter context.","pvweekly_monthquarter_20d_5bucket_pred","2","GBR","{""id"":""model-estimates-models"",""name"":""Estimates Models""}","[]","MATRIX","TOP700","0"
"0","{""id"":""model"",""name"":""Model""}","0","{""id"":""global_seasonal_model"",""name"":""Global Seasonal Regime Return Signals""}","0.6008","2026-07-01","1","Predicted probability for label 1 in 5-bucket quantile classification of 20-day return using price-volume weekly data with month/quarter context.","pvweekly_monthquarter_20d_5bucket_prob_1","2","GBR","{""id"":""model-estimates-models"",""name"":""Estimates Models""}","[]","MATRIX","TOP700","0"
"0","{""id"":""model"",""name"":""Model""}","0","{""id"":""global_seasonal_model"",""name"":""Global Seasonal Regime Return Signals""}","0.6008","2026-07-01","1","Predicted probability for label 2 in 5-bucket quantile classification of 20-day return using price-volume weekly data with month/quarter context.","pvweekly_monthquarter_20d_5bucket_prob_2","2","GBR","{""id"":""model-estimates-models"",""name"":""Estimates Models""}","[]","MATRIX","TOP700","0"
"0","{""id"":""model"",""name"":""Model""}","0","{""id"":""global_seasonal_model"",""name"":""Global Seasonal Regime Return Signals""}","0.6008","2026-07-01","1","Predicted probability for label 3 in 5-bucket quantile classification of 20-day return using price-volume weekly data with month/quarter context.","pvweekly_monthquarter_20d_5bucket_prob_3","2","GBR","{""id"":""model-estimates-models"",""name"":""Estimates Models""}","[]","MATRIX","TOP700","0"
"0","{""id"":""model"",""name"":""Model""}","0","{""id"":""global_seasonal_model"",""name"":""Global Seasonal Regime Return Signals""}","0.6008","2026-07-01","1","Predicted probability for label 4 in 5-bucket quantile classification of 20-day return using price-volume weekly data with month/quarter context.","pvweekly_monthquarter_20d_5bucket_prob_4","2","GBR","{""id"":""model-estimates-models"",""name"":""Estimates Models""}","[]","MATRIX","TOP700","0"
"0","{""id"":""model"",""name"":""Model""}","0","{""id"":""global_seasonal_model"",""name"":""Global Seasonal Regime Return Signals""}","0.6008","2026-07-01","1","Model confidence score for label 0 in 5-bucket quantile classification of 60-day return using price-volume weekly data with month/quarter context.","pvweekly_monthquarter_60d_5bucket_confidence_0","2","GBR","{""id"":""model-estimates-models"",""name"":""Estimates Models""}","[]","MATRIX","TOP700","0"
"0","{""id"":""model"",""name"":""Model""}","0","{""id"":""global_seasonal_model"",""name"":""Global Seasonal Regime Return Signals""}","0.6008","2026-07-01","1","Model confidence score for label 1 in 5-bucket quantile classification of 60-day return using price-volume weekly data with month/quarter context.","pvweekly_monthquarter_60d_5bucket_confidence_1","2","GBR","{""id"":""model-estimates-models"",""name"":""Estimates Models""}","[]","MATRIX","TOP700","0"
"0","{""id"":""model"",""name"":""Model""}","0","{""id"":""global_seasonal_model"",""name"":""Global Seasonal Regime Return Signals""}","0.6008","2026-07-01","1","Model confidence score for label 2 in 5-bucket quantile classification of 60-day return using price-volume weekly data with month/quarter context.","pvweekly_monthquarter_60d_5bucket_confidence_2","2","GBR","{""id"":""model-estimates-models"",""name"":""Estimates Models""}","[]","MATRIX","TOP700","0"
"0","{""id"":""model"",""name"":""Model""}","0","{""id"":""global_seasonal_model"",""name"":""Global Seasonal Regime Return Signals""}","0.6008","2026-07-01","1","Model confidence score for label 3 in 5-bucket quantile classification of 60-day return using price-volume weekly data with month/quarter context.","pvweekly_monthquarter_60d_5bucket_confidence_3","2","GBR","{""id"":""model-estimates-models"",""name"":""Estimates Models""}","[]","MATRIX","TOP700","0"
"0","{""id"":""model"",""name"":""Model""}","0","{""id"":""global_seasonal_model"",""name"":""Global Seasonal Regime Return Signals""}","0.6008","2026-07-01","1","Model confidence score for label 4 in 5-bucket quantile classification of 60-day return using price-volume weekly data with month/quarter context.","pvweekly_monthquarter_60d_5bucket_confidence_4","2","GBR","{""id"":""model-estimates-models"",""name"":""Estimates Models""}","[]","MATRIX","TOP700","0"
"0","{""id"":""model"",""name"":""Model""}","0","{""id"":""global_seasonal_model"",""name"":""Global Seasonal Regime Return Signals""}","0.6008","2026-07-01","1","Predicted label (0–4) for 60-day return quantile using price-volume weekly data with month/quarter context.","pvweekly_monthquarter_60d_5bucket_pred","2","GBR","{""id"":""model-estimates-models"",""name"":""Estimates Models""}","[]","MATRIX","TOP700","0"
"0","{""id"":""model"",""name"":""Model""}","0","{""id"":""global_seasonal_model"",""name"":""Global Seasonal Regime Return Signals""}","0.6008","2026-07-01","1","Predicted probability for label 0 in 5-bucket quantile classification of 60-day return using price-volume weekly data with month/quarter context.","pvweekly_monthquarter_60d_5bucket_prob_0","2","GBR","{""id"":""model-estimates-models"",""name"":""Estimates Models""}","[]","MATRIX","TOP700","0"
"0","{""id"":""model"",""name"":""Model""}","0","{""id"":""global_seasonal_model"",""name"":""Global Seasonal Regime Return Signals""}","0.6008","2026-07-01","1","Predicted probability for label 1 in 5-bucket quantile classification of 60-day return using price-volume weekly data with month/quarter context.","pvweekly_monthquarter_60d_5bucket_prob_1","2","GBR","{""id"":""model-estimates-models"",""name"":""Estimates Models""}","[]","MATRIX","TOP700","0"
"0","{""id"":""model"",""name"":""Model""}","0","{""id"":""global_seasonal_model"",""name"":""Global Seasonal Regime Return Signals""}","0.6008","2026-07-01","1","Predicted probability for label 2 in 5-bucket quantile classification of 60-day return using price-volume weekly data with month/quarter context.","pvweekly_monthquarter_60d_5bucket_prob_2","2","GBR","{""id"":""model-estimates-models"",""name"":""Estimates Models""}","[]","MATRIX","TOP700","0"
"0","{""id"":""model"",""name"":""Model""}","0","{""id"":""global_seasonal_model"",""name"":""Global Seasonal Regime Return Signals""}","0.6008","2026-07-01","1","Predicted probability for label 4 in 5-bucket quantile classification of 60-day return using price-volume weekly data with month/quarter context.","pvweekly_monthquarter_60d_5bucket_prob_4","2","GBR","{""id"":""model-estimates-models"",""name"":""Estimates Models""}","[]","MATRIX","TOP700","0"
"0","{""id"":""model"",""name"":""Model""}","0","{""id"":""global_seasonal_model"",""name"":""Global Seasonal Regime Return Signals""}","0.6008","2026-07-01","1","Predicted 20-day return (regression output) using price-volume weekly data with regime context.","pvweekly_regime_20d_1bucket_pred","2","GBR","{""id"":""model-estimates-models"",""name"":""Estimates Models""}","[]","MATRIX","TOP700","0"
"0","{""id"":""model"",""name"":""Model""}","0","{""id"":""global_seasonal_model"",""name"":""Global Seasonal Regime Return Signals""}","0.6008","2026-07-01","1","Model confidence score for label 0 in 5-bucket quantile classification of 20-day return using price-volume weekly data with regime context.","pvweekly_regime_20d_5bucket_confidence_0","2","GBR","{""id"":""model-estimates-models"",""name"":""Estimates Models""}","[]","MATRIX","TOP700","0"
"0","{""id"":""model"",""name"":""Model""}","0","{""id"":""global_seasonal_model"",""name"":""Global Seasonal Regime Return Signals""}","0.6008","2026-07-01","1","Model confidence score for label 2 in 5-bucket quantile classification of 20-day return using price-volume weekly data with regime context.","pvweekly_regime_20d_5bucket_confidence_2","2","GBR","{""id"":""model-estimates-models"",""name"":""Estimates Models""}","[]","MATRIX","TOP700","0"
"0","{""id"":""model"",""name"":""Model""}","0","{""id"":""global_seasonal_model"",""name"":""Global Seasonal Regime Return Signals""}","0.6008","2026-07-01","1","Model confidence score for label 3 in 5-bucket quantile classification of 20-day return using price-volume weekly data with regime context.","pvweekly_regime_20d_5bucket_confidence_3","2","GBR","{""id"":""model-estimates-models"",""name"":""Estimates Models""}","[]","MATRIX","TOP700","0"
"0","{""id"":""model"",""name"":""Model""}","0","{""id"":""global_seasonal_model"",""name"":""Global Seasonal Regime Return Signals""}","0.6008","2026-07-01","1","Predicted label (0–4) for 20-day return quantile using price-volume weekly data with regime context.","pvweekly_regime_20d_5bucket_pred","2","GBR","{""id"":""model-estimates-models"",""name"":""Estimates Models""}","[]","MATRIX","TOP700","0"
"0","{""id"":""model"",""name"":""Model""}","0","{""id"":""global_seasonal_model"",""name"":""Global Seasonal Regime Return Signals""}","0.6008","2026-07-01","1","Predicted probability for label 0 in 5-bucket quantile classification of 20-day return using price-volume weekly data with regime context.","pvweekly_regime_20d_5bucket_prob_0","2","GBR","{""id"":""model-estimates-models"",""name"":""Estimates Models""}","[]","MATRIX","TOP700","0"
"0","{""id"":""model"",""name"":""Model""}","0","{""id"":""global_seasonal_model"",""name"":""Global Seasonal Regime Return Signals""}","0.6008","2026-07-01","1","Predicted probability for label 1 in 5-bucket quantile classification of 20-day return using price-volume weekly data with regime context.","pvweekly_regime_20d_5bucket_prob_1","2","GBR","{""id"":""model-estimates-models"",""name"":""Estimates Models""}","[]","MATRIX","TOP700","0"
"0","{""id"":""model"",""name"":""Model""}","0","{""id"":""global_seasonal_model"",""name"":""Global Seasonal Regime Return Signals""}","0.6008","2026-07-01","1","Predicted probability for label 2 in 5-bucket quantile classification of 20-day return using price-volume weekly data with regime context.","pvweekly_regime_20d_5bucket_prob_2","2","GBR","{""id"":""model-estimates-models"",""name"":""Estimates Models""}","[]","MATRIX","TOP700","0"
"0","{""id"":""model"",""name"":""Model""}","0","{""id"":""global_seasonal_model"",""name"":""Global Seasonal Regime Return Signals""}","0.6008","2026-07-01","1","Predicted 5-day return (regression output) using price-volume weekly data with regime context.","pvweekly_regime_5d_1bucket_pred","2","GBR","{""id"":""model-estimates-models"",""name"":""Estimates Models""}","[]","MATRIX","TOP700","0"
"0","{""id"":""model"",""name"":""Model""}","0","{""id"":""global_seasonal_model"",""name"":""Global Seasonal Regime Return Signals""}","0.6008","2026-07-01","1","Predicted 60-day return (regression output) using price-volume weekly data with regime context.","pvweekly_regime_60d_1bucket_pred","2","GBR","{""id"":""model-estimates-models"",""name"":""Estimates Models""}","[]","MATRIX","TOP700","0"
"0","{""id"":""model"",""name"":""Model""}","0","{""id"":""global_seasonal_model"",""name"":""Global Seasonal Regime Return Signals""}","0.6008","2026-07-01","1","Model confidence score for label 0 in 5-bucket quantile classification of 60-day return using price-volume weekly data with regime context.","pvweekly_regime_60d_5bucket_confidence_0","2","GBR","{""id"":""model-estimates-models"",""name"":""Estimates Models""}","[]","MATRIX","TOP700","0"
"0","{""id"":""model"",""name"":""Model""}","0","{""id"":""global_seasonal_model"",""name"":""Global Seasonal Regime Return Signals""}","0.6008","2026-07-01","1","Model confidence score for label 1 in 5-bucket quantile classification of 60-day return using price-volume weekly data with regime context.","pvweekly_regime_60d_5bucket_confidence_1","2","GBR","{""id"":""model-estimates-models"",""name"":""Estimates Models""}","[]","MATRIX","TOP700","0"
"0","{""id"":""model"",""name"":""Model""}","0","{""id"":""global_seasonal_model"",""name"":""Global Seasonal Regime Return Signals""}","0.6008","2026-07-01","1","Model confidence score for label 2 in 5-bucket quantile classification of 60-day return using price-volume weekly data with regime context.","pvweekly_regime_60d_5bucket_confidence_2","2","GBR","{""id"":""model-estimates-models"",""name"":""Estimates Models""}","[]","MATRIX","TOP700","0"
"0","{""id"":""model"",""name"":""Model""}","0","{""id"":""global_seasonal_model"",""name"":""Global Seasonal Regime Return Signals""}","0.6008","2026-07-01","1","Model confidence score for label 3 in 5-bucket quantile classification of 60-day return using price-volume weekly data with regime context.","pvweekly_regime_60d_5bucket_confidence_3","2","GBR","{""id"":""model-estimates-models"",""name"":""Estimates Models""}","[]","MATRIX","TOP700","0"
"0","{""id"":""model"",""name"":""Model""}","0","{""id"":""global_seasonal_model"",""name"":""Global Seasonal Regime Return Signals""}","0.6008","2026-07-01","1","Model confidence score for label 4 in 5-bucket quantile classification of 60-day return using price-volume weekly data with regime context.","pvweekly_regime_60d_5bucket_confidence_4","2","GBR","{""id"":""model-estimates-models"",""name"":""Estimates Models""}","[]","MATRIX","TOP700","0"
"0","{""id"":""model"",""name"":""Model""}","0","{""id"":""global_seasonal_model"",""name"":""Global Seasonal Regime Return Signals""}","0.6008","2026-07-01","1","Predicted label (0–4) for 60-day return quantile using price-volume weekly data with regime context.","pvweekly_regime_60d_5bucket_pred","2","GBR","{""id"":""model-estimates-models"",""name"":""Estimates Models""}","[]","MATRIX","TOP700","0"
"0","{""id"":""model"",""name"":""Model""}","0","{""id"":""global_seasonal_model"",""name"":""Global Seasonal Regime Return Signals""}","0.6008","2026-07-01","1","Predicted probability for label 1 in 5-bucket quantile classification of 60-day return using price-volume weekly data with regime context.","pvweekly_regime_60d_5bucket_prob_1","2","GBR","{""id"":""model-estimates-models"",""name"":""Estimates Models""}","[]","MATRIX","TOP700","0"
"0","{""id"":""model"",""name"":""Model""}","0","{""id"":""global_seasonal_model"",""name"":""Global Seasonal Regime Return Signals""}","0.6008","2026-07-01","1","Predicted probability for label 3 in 5-bucket quantile classification of 60-day return using price-volume weekly data with regime context.","pvweekly_regime_60d_5bucket_prob_3","2","GBR","{""id"":""model-estimates-models"",""name"":""Estimates Models""}","[]","MATRIX","TOP700","0"
"0","{""id"":""model"",""name"":""Model""}","0","{""id"":""global_seasonal_model"",""name"":""Global Seasonal Regime Return Signals""}","0.6008","2026-07-01","1","Predicted 20-day forward return for a stock using 12-month price-volume features.","pv_12m_20d_forward_return","2","GBR","{""id"":""model-estimates-models"",""name"":""Estimates Models""}","[]","MATRIX","TOP700","0"
"0","{""id"":""model"",""name"":""Model""}","0","{""id"":""global_seasonal_model"",""name"":""Global Seasonal Regime Return Signals""}","0.6008","2026-07-01","1","Predicted quantile label (0–4) for 20-day return using 12-month price-volume features.","pv_12m_20d_q5_label","2","GBR","{""id"":""model-estimates-models"",""name"":""Estimates Models""}","[]","MATRIX","TOP700","0"
"0","{""id"":""model"",""name"":""Model""}","0","{""id"":""global_seasonal_model"",""name"":""Global Seasonal Regime Return Signals""}","0.6008","2026-07-01","1","Probability assigned to label 0 in 5-quantile classification of 20-day return using 12-month price-volume features.","pv_12m_20d_q5_label0_probability","2","GBR","{""id"":""model-estimates-models"",""name"":""Estimates Models""}","[]","MATRIX","TOP700","0"
"0","{""id"":""model"",""name"":""Model""}","0","{""id"":""global_seasonal_model"",""name"":""Global Seasonal Regime Return Signals""}","0.6008","2026-07-01","1","Model confidence score for label 2 in 5-quantile classification of 20-day return using 12-month price-volume features.","pv_12m_20d_q5_label2_confidence","2","GBR","{""id"":""model-estimates-models"",""name"":""Estimates Models""}","[]","MATRIX","TOP700","0"
"0","{""id"":""model"",""name"":""Model""}","0","{""id"":""global_seasonal_model"",""name"":""Global Seasonal Regime Return Signals""}","0.6008","2026-07-01","1","Probability assigned to label 2 in 5-quantile classification of 20-day return using 12-month price-volume features.","pv_12m_20d_q5_label2_probability","2","GBR","{""id"":""model-estimates-models"",""name"":""Estimates Models""}","[]","MATRIX","TOP700","0"
"0","{""id"":""model"",""name"":""Model""}","0","{""id"":""global_seasonal_model"",""name"":""Global Seasonal Regime Return Signals""}","0.6008","2026-07-01","1","Model confidence score for label 4 in 5-quantile classification of 20-day return using 12-month price-volume features.","pv_12m_20d_q5_label4_confidence","2","GBR","{""id"":""model-estimates-models"",""name"":""Estimates Models""}","[]","MATRIX","TOP700","0"
"0","{""id"":""model"",""name"":""Model""}","0","{""id"":""global_seasonal_model"",""name"":""Global Seasonal Regime Return Signals""}","0.6008","2026-07-01","1","Probability assigned to label 4 in 5-quantile classification of 20-day return using 12-month price-volume features.","pv_12m_20d_q5_label4_probability","2","GBR","{""id"":""model-estimates-models"",""name"":""Estimates Models""}","[]","MATRIX","TOP700","0"
"0","{""id"":""model"",""name"":""Model""}","0","{""id"":""global_seasonal_model"",""name"":""Global Seasonal Regime Return Signals""}","0.6008","2026-07-01","1","Predicted 5-day forward return for a stock using 12-month price-volume features.","pv_12m_5d_forward_return","2","GBR","{""id"":""model-estimates-models"",""name"":""Estimates Models""}","[]","MATRIX","TOP700","0"
"0","{""id"":""model"",""name"":""Model""}","0","{""id"":""global_seasonal_model"",""name"":""Global Seasonal Regime Return Signals""}","0.6008","2026-07-01","1","Predicted quantile label (0–4) for 5-day return using 12-month price-volume features.","pv_12m_5d_q5_label","2","GBR","{""id"":""model-estimates-models"",""name"":""Estimates Models""}","[]","MATRIX","TOP700","0"
"0","{""id"":""model"",""name"":""Model""}","0","{""id"":""global_seasonal_model"",""name"":""Global Seasonal Regime Return Signals""}","0.6008","2026-07-01","1","Model confidence score for label 0 in 5-quantile classification of 5-day return using 12-month price-volume features.","pv_12m_5d_q5_label0_confidence","2","GBR","{""id"":""model-estimates-models"",""name"":""Estimates Models""}","[]","MATRIX","TOP700","0"
"0","{""id"":""model"",""name"":""Model""}","0","{""id"":""global_seasonal_model"",""name"":""Global Seasonal Regime Return Signals""}","0.6008","2026-07-01","1","Probability assigned to label 0 in 5-quantile classification of 5-day return using 12-month price-volume features.","pv_12m_5d_q5_label0_probability","2","GBR","{""id"":""model-estimates-models"",""name"":""Estimates Models""}","[]","MATRIX","TOP700","0"
"0","{""id"":""model"",""name"":""Model""}","0","{""id"":""global_seasonal_model"",""name"":""Global Seasonal Regime Return Signals""}","0.6008","2026-07-01","1","Model confidence score for label 1 in 5-quantile classification of 5-day return using 12-month price-volume features.","pv_12m_5d_q5_label1_confidence","2","GBR","{""id"":""model-estimates-models"",""name"":""Estimates Models""}","[]","MATRIX","TOP700","0"
"0","{""id"":""model"",""name"":""Model""}","0","{""id"":""global_seasonal_model"",""name"":""Global Seasonal Regime Return Signals""}","0.6008","2026-07-01","1","Probability assigned to label 1 in 5-quantile classification of 5-day return using 12-month price-volume features.","pv_12m_5d_q5_label1_probability","2","GBR","{""id"":""model-estimates-models"",""name"":""Estimates Models""}","[]","MATRIX","TOP700","0"
"0","{""id"":""model"",""name"":""Model""}","0","{""id"":""global_seasonal_model"",""name"":""Global Seasonal Regime Return Signals""}","0.6008","2026-07-01","1","Model confidence score for label 3 in 5-quantile classification of 5-day return using 12-month price-volume features.","pv_12m_5d_q5_label3_confidence","2","GBR","{""id"":""model-estimates-models"",""name"":""Estimates Models""}","[]","MATRIX","TOP700","0"
"0","{""id"":""model"",""name"":""Model""}","0","{""id"":""global_seasonal_model"",""name"":""Global Seasonal Regime Return Signals""}","0.6008","2026-07-01","1","Probability assigned to label 4 in 5-quantile classification of 5-day return using 12-month price-volume features.","pv_12m_5d_q5_label4_probability","2","GBR","{""id"":""model-estimates-models"",""name"":""Estimates Models""}","[]","MATRIX","TOP700","0"
"0","{""id"":""model"",""name"":""Model""}","0","{""id"":""global_seasonal_model"",""name"":""Global Seasonal Regime Return Signals""}","0.6008","2026-07-01","1","Predicted 20-day forward return for a stock using daily price-volume features.","pv_20d_forward_return","2","GBR","{""id"":""model-estimates-models"",""name"":""Estimates Models""}","[]","MATRIX","TOP700","0"
"0","{""id"":""model"",""name"":""Model""}","0","{""id"":""global_seasonal_model"",""name"":""Global Seasonal Regime Return Signals""}","0.6008","2026-07-01","1","Model confidence score for label 0 in 5-quantile classification of 20-day return using daily price-volume features.","pv_20d_q5_label0_confidence","2","GBR","{""id"":""model-estimates-models"",""name"":""Estimates Models""}","[]","MATRIX","TOP700","0"
"0","{""id"":""model"",""name"":""Model""}","0","{""id"":""global_seasonal_model"",""name"":""Global Seasonal Regime Return Signals""}","0.6008","2026-07-01","1","Probability assigned to label 0 in 5-quantile classification of 20-day return using daily price-volume features.","pv_20d_q5_label0_probability","2","GBR","{""id"":""model-estimates-models"",""name"":""Estimates Models""}","[]","MATRIX","TOP700","0"
"0","{""id"":""model"",""name"":""Model""}","0","{""id"":""global_seasonal_model"",""name"":""Global Seasonal Regime Return Signals""}","0.6008","2026-07-01","1","Model confidence score for label 1 in 5-quantile classification of 20-day return using daily price-volume features.","pv_20d_q5_label1_confidence","2","GBR","{""id"":""model-estimates-models"",""name"":""Estimates Models""}","[]","MATRIX","TOP700","0"
"0","{""id"":""model"",""name"":""Model""}","0","{""id"":""global_seasonal_model"",""name"":""Global Seasonal Regime Return Signals""}","0.6008","2026-07-01","1","Model confidence score for label 2 in 5-quantile classification of 20-day return using daily price-volume features.","pv_20d_q5_label2_confidence","2","GBR","{""id"":""model-estimates-models"",""name"":""Estimates Models""}","[]","MATRIX","TOP700","0"
"0","{""id"":""model"",""name"":""Model""}","0","{""id"":""global_seasonal_model"",""name"":""Global Seasonal Regime Return Signals""}","0.6008","2026-07-01","1","Probability assigned to label 3 in 5-quantile classification of 20-day return using daily price-volume features.","pv_20d_q5_label3_probability","2","GBR","{""id"":""model-estimates-models"",""name"":""Estimates Models""}","[]","MATRIX","TOP700","0"
"0","{""id"":""model"",""name"":""Model""}","0","{""id"":""global_seasonal_model"",""name"":""Global Seasonal Regime Return Signals""}","0.6008","2026-07-01","1","Model confidence score for label 4 in 5-quantile classification of 20-day return using daily price-volume features.","pv_20d_q5_label4_confidence","2","GBR","{""id"":""model-estimates-models"",""name"":""Estimates Models""}","[]","MATRIX","TOP700","0"
"0","{""id"":""model"",""name"":""Model""}","0","{""id"":""global_seasonal_model"",""name"":""Global Seasonal Regime Return Signals""}","0.6008","2026-07-01","1","Predicted 5-day forward return for a stock using daily price-volume features.","pv_5d_forward_return","2","GBR","{""id"":""model-estimates-models"",""name"":""Estimates Models""}","[]","MATRIX","TOP700","0"
"0","{""id"":""model"",""name"":""Model""}","0","{""id"":""global_seasonal_model"",""name"":""Global Seasonal Regime Return Signals""}","0.6008","2026-07-01","1","Model confidence score for label 0 in 5-quantile classification of 5-day return using daily price-volume features.","pv_5d_q5_label0_confidence","2","GBR","{""id"":""model-estimates-models"",""name"":""Estimates Models""}","[]","MATRIX","TOP700","0"
"0","{""id"":""model"",""name"":""Model""}","0","{""id"":""global_seasonal_model"",""name"":""Global Seasonal Regime Return Signals""}","0.6008","2026-07-01","1","Probability assigned to label 0 in 5-quantile classification of 5-day return using daily price-volume features.","pv_5d_q5_label0_probability","2","GBR","{""id"":""model-estimates-models"",""name"":""Estimates Models""}","[]","MATRIX","TOP700","0"
"0","{""id"":""model"",""name"":""Model""}","0","{""id"":""global_seasonal_model"",""name"":""Global Seasonal Regime Return Signals""}","0.6008","2026-07-01","1","Model confidence score for label 1 in 5-quantile classification of 5-day return using daily price-volume features.","pv_5d_q5_label1_confidence","2","GBR","{""id"":""model-estimates-models"",""name"":""Estimates Models""}","[]","MATRIX","TOP700","0"
"0","{""id"":""model"",""name"":""Model""}","0","{""id"":""global_seasonal_model"",""name"":""Global Seasonal Regime Return Signals""}","0.6008","2026-07-01","1","Probability assigned to label 1 in 5-quantile classification of 5-day return using daily price-volume features.","pv_5d_q5_label1_probability","2","GBR","{""id"":""model-estimates-models"",""name"":""Estimates Models""}","[]","MATRIX","TOP700","0"
"0","{""id"":""model"",""name"":""Model""}","0","{""id"":""global_seasonal_model"",""name"":""Global Seasonal Regime Return Signals""}","0.6008","2026-07-01","1","Model confidence score for label 2 in 5-quantile classification of 5-day return using daily price-volume features.","pv_5d_q5_label2_confidence","2","GBR","{""id"":""model-estimates-models"",""name"":""Estimates Models""}","[]","MATRIX","TOP700","0"
"0","{""id"":""model"",""name"":""Model""}","0","{""id"":""global_seasonal_model"",""name"":""Global Seasonal Regime Return Signals""}","0.6008","2026-07-01","1","Probability assigned to label 2 in 5-quantile classification of 5-day return using daily price-volume features.","pv_5d_q5_label2_probability","2","GBR","{""id"":""model-estimates-models"",""name"":""Estimates Models""}","[]","MATRIX","TOP700","0"
"0","{""id"":""model"",""name"":""Model""}","0","{""id"":""global_seasonal_model"",""name"":""Global Seasonal Regime Return Signals""}","0.6008","2026-07-01","1","Probability assigned to label 3 in 5-quantile classification of 5-day return using daily price-volume features.","pv_5d_q5_label3_probability","2","GBR","{""id"":""model-estimates-models"",""name"":""Estimates Models""}","[]","MATRIX","TOP700","0"
"0","{""id"":""model"",""name"":""Model""}","0","{""id"":""global_seasonal_model"",""name"":""Global Seasonal Regime Return Signals""}","0.6008","2026-07-01","1","Model confidence score for label 4 in 5-quantile classification of 5-day return using daily price-volume features.","pv_5d_q5_label4_confidence","2","GBR","{""id"":""model-estimates-models"",""name"":""Estimates Models""}","[]","MATRIX","TOP700","0"
"0","{""id"":""model"",""name"":""Model""}","0","{""id"":""global_seasonal_model"",""name"":""Global Seasonal Regime Return Signals""}","0.6008","2026-07-01","1","Probability assigned to the third quantile for 5-day forward return prediction using daily price-volume data with calendar features.","pv_dailycal_5d_return_quantile3_prob","2","GBR","{""id"":""model-estimates-models"",""name"":""Estimates Models""}","[]","MATRIX","TOP700","0"
"0","{""id"":""model"",""name"":""Model""}","0","{""id"":""global_seasonal_model"",""name"":""Global Seasonal Regime Return Signals""}","0.6008","2026-07-01","1","Probability assigned to the first quantile for 20-day forward return prediction using daily price-volume data.","pv_daily_20d_return_quantile1_prob","2","GBR","{""id"":""model-estimates-models"",""name"":""Estimates Models""}","[]","MATRIX","TOP700","0"
"0","{""id"":""model"",""name"":""Model""}","0","{""id"":""global_seasonal_model"",""name"":""Global Seasonal Regime Return Signals""}","0.6008","2026-07-01","1","Probability assigned to the third quantile for 20-day forward return prediction using daily price-volume data.","pv_daily_20d_return_quantile3_prob","2","GBR","{""id"":""model-estimates-models"",""name"":""Estimates Models""}","[]","MATRIX","TOP700","0"
"0","{""id"":""model"",""name"":""Model""}","0","{""id"":""global_seasonal_model"",""name"":""Global Seasonal Regime Return Signals""}","0.6008","2026-07-01","1","Regression output predicting 20-day forward return using daily price-volume data.","pv_daily_20d_return_regression","2","GBR","{""id"":""model-estimates-models"",""name"":""Estimates Models""}","[]","MATRIX","TOP700","0"
"0","{""id"":""model"",""name"":""Model""}","0","{""id"":""global_seasonal_model"",""name"":""Global Seasonal Regime Return Signals""}","0.6008","2026-07-01","1","Model confidence score for the zeroth quantile in 5-day forward return prediction using daily price-volume data with month/quarter context.","pv_mq_5d_return_quantile0_confscore","2","GBR","{""id"":""model-estimates-models"",""name"":""Estimates Models""}","[]","MATRIX","TOP700","0"
"0","{""id"":""model"",""name"":""Model""}","0","{""id"":""global_seasonal_model"",""name"":""Global Seasonal Regime Return Signals""}","0.6008","2026-07-01","1","Model confidence score for the third quantile in 5-day forward return prediction using daily price-volume data with month/quarter context.","pv_mq_5d_return_quantile3_confscore","2","GBR","{""id"":""model-estimates-models"",""name"":""Estimates Models""}","[]","MATRIX","TOP700","0"
"0","{""id"":""model"",""name"":""Model""}","0","{""id"":""global_seasonal_model"",""name"":""Global Seasonal Regime Return Signals""}","0.6008","2026-07-01","1","Model confidence score for the fourth quantile in 5-day forward return prediction using daily price-volume data with month/quarter context.","pv_mq_5d_return_quantile4_confscore","2","GBR","{""id"":""model-estimates-models"",""name"":""Estimates Models""}","[]","MATRIX","TOP700","0"
"0","{""id"":""model"",""name"":""Model""}","0","{""id"":""global_seasonal_model"",""name"":""Global Seasonal Regime Return Signals""}","0.6008","2026-07-01","1","Probability assigned to the zeroth quantile for 60-day forward return prediction using weekly price-volume data.","pv_weekly_60d_return_quantile0_prob","2","GBR","{""id"":""model-estimates-models"",""name"":""Estimates Models""}","[]","MATRIX","TOP700","0"
"0","{""id"":""model"",""name"":""Model""}","0","{""id"":""global_seasonal_model"",""name"":""Global Seasonal Regime Return Signals""}","0.6008","2026-07-01","1","Model confidence score for the second quantile in 60-day forward return prediction using weekly price-volume data.","pv_weekly_60d_return_quantile2_confscore","2","GBR","{""id"":""model-estimates-models"",""name"":""Estimates Models""}","[]","MATRIX","TOP700","0"
"0","{""id"":""model"",""name"":""Model""}","0","{""id"":""global_seasonal_model"",""name"":""Global Seasonal Regime Return Signals""}","0.6008","2026-07-01","1","Probability assigned to the third quantile for 60-day forward return prediction using weekly price-volume data.","pv_weekly_60d_return_quantile3_prob","2","GBR","{""id"":""model-estimates-models"",""name"":""Estimates Models""}","[]","MATRIX","TOP700","0"
"0","{""id"":""model"",""name"":""Model""}","0","{""id"":""global_seasonal_model"",""name"":""Global Seasonal Regime Return Signals""}","0.6008","2026-07-01","1","Model confidence score for the fourth quantile in 60-day forward return prediction using weekly price-volume data.","pv_weekly_60d_return_quantile4_confscore","2","GBR","{""id"":""model-estimates-models"",""name"":""Estimates Models""}","[]","MATRIX","TOP700","0"
"0","{""id"":""model"",""name"":""Model""}","0","{""id"":""global_seasonal_model"",""name"":""Global Seasonal Regime Return Signals""}","0.6008","2026-07-01","1","Vector of probabilities for all quantiles in 60-day forward return prediction using weekly price-volume data.","pv_weekly_60d_return_quantile_probs","2","GBR","{""id"":""model-estimates-models"",""name"":""Estimates Models""}","[]","MATRIX","TOP700","0"
"0","{""id"":""model"",""name"":""Model""}","0","{""id"":""global_seasonal_model"",""name"":""Global Seasonal Regime Return Signals""}","0.6008","2026-07-01","1","Probability assigned to the zeroth quantile for 20-day forward return prediction using weekly price-volume data with calendar context.","pv_weekly_cal_20d_return_quantile0_prob","2","GBR","{""id"":""model-estimates-models"",""name"":""Estimates Models""}","[]","MATRIX","TOP700","0"
"0","{""id"":""model"",""name"":""Model""}","0","{""id"":""global_seasonal_model"",""name"":""Global Seasonal Regime Return Signals""}","0.6008","2026-07-01","1","Probability assigned to the first quantile for 20-day forward return prediction using weekly price-volume data with calendar context.","pv_weekly_cal_20d_return_quantile1_prob","2","GBR","{""id"":""model-estimates-models"",""name"":""Estimates Models""}","[]","MATRIX","TOP700","0"
"0","{""id"":""model"",""name"":""Model""}","0","{""id"":""global_seasonal_model"",""name"":""Global Seasonal Regime Return Signals""}","0.6008","2026-07-01","1","Probability assigned to the second quantile for 20-day forward return prediction using weekly price-volume data with calendar context.","pv_weekly_cal_20d_return_quantile2_prob","2","GBR","{""id"":""model-estimates-models"",""name"":""Estimates Models""}","[]","MATRIX","TOP700","0"
"0","{""id"":""model"",""name"":""Model""}","0","{""id"":""global_seasonal_model"",""name"":""Global Seasonal Regime Return Signals""}","0.6008","2026-07-01","1","Regression output predicting 20-day forward return using weekly price-volume data with calendar context.","pv_weekly_cal_20d_return_regression","2","GBR","{""id"":""model-estimates-models"",""name"":""Estimates Models""}","[]","MATRIX","TOP700","0"
"0","{""id"":""model"",""name"":""Model""}","0","{""id"":""global_seasonal_model"",""name"":""Global Seasonal Regime Return Signals""}","0.6008","2026-07-01","1","Model confidence score for the zeroth quantile in 60-day forward return prediction using weekly price-volume data with calendar context.","pv_weekly_cal_60d_return_quantile0_confscore","2","GBR","{""id"":""model-estimates-models"",""name"":""Estimates Models""}","[]","MATRIX","TOP700","0"
"0","{""id"":""model"",""name"":""Model""}","0","{""id"":""global_seasonal_model"",""name"":""Global Seasonal Regime Return Signals""}","0.6008","2026-07-01","1","Probability assigned to the fourth quantile for 60-day forward return prediction using weekly price-volume data with calendar context.","pv_weekly_cal_60d_return_quantile4_prob","2","GBR","{""id"":""model-estimates-models"",""name"":""Estimates Models""}","[]","MATRIX","TOP700","0"
"0","{""id"":""model"",""name"":""Model""}","0","{""id"":""global_seasonal_model"",""name"":""Global Seasonal Regime Return Signals""}","0.6008","2026-07-01","1","Model confidence score for the first quantile in 20-day forward return prediction using weekly price-volume data with event context.","pv_weekly_event_20d_return_quantile1_confscore","2","GBR","{""id"":""model-estimates-models"",""name"":""Estimates Models""}","[]","MATRIX","TOP700","0"
"0","{""id"":""model"",""name"":""Model""}","0","{""id"":""global_seasonal_model"",""name"":""Global Seasonal Regime Return Signals""}","0.6008","2026-07-01","1","Probability assigned to the first quantile for 20-day forward return prediction using weekly price-volume data with event context.","pv_weekly_event_20d_return_quantile1_prob","2","GBR","{""id"":""model-estimates-models"",""name"":""Estimates Models""}","[]","MATRIX","TOP700","0"
"0","{""id"":""model"",""name"":""Model""}","0","{""id"":""global_seasonal_model"",""name"":""Global Seasonal Regime Return Signals""}","0.6008","2026-07-01","1","Model confidence score for the second quantile in 20-day forward return prediction using weekly price-volume data with event context.","pv_weekly_event_20d_return_quantile2_confscore","2","GBR","{""id"":""model-estimates-models"",""name"":""Estimates Models""}","[]","MATRIX","TOP700","0"
"0","{""id"":""model"",""name"":""Model""}","0","{""id"":""global_seasonal_model"",""name"":""Global Seasonal Regime Return Signals""}","0.6008","2026-07-01","1","Probability assigned to the third quantile for 20-day forward return prediction using weekly price-volume data with event context.","pv_weekly_event_20d_return_quantile3_prob","2","GBR","{""id"":""model-estimates-models"",""name"":""Estimates Models""}","[]","MATRIX","TOP700","0"
"0","{""id"":""model"",""name"":""Model""}","0","{""id"":""global_seasonal_model"",""name"":""Global Seasonal Regime Return Signals""}","0.6008","2026-07-01","1","Model confidence score for the fourth quantile in 20-day forward return prediction using weekly price-volume data with event context.","pv_weekly_event_20d_return_quantile4_confscore","2","GBR","{""id"":""model-estimates-models"",""name"":""Estimates Models""}","[]","MATRIX","TOP700","0"
"0","{""id"":""model"",""name"":""Model""}","0","{""id"":""global_seasonal_model"",""name"":""Global Seasonal Regime Return Signals""}","0.6008","2026-07-01","1","Probability assigned to the fourth quantile for 20-day forward return prediction using weekly price-volume data with event context.","pv_weekly_event_20d_return_quantile4_prob","2","GBR","{""id"":""model-estimates-models"",""name"":""Estimates Models""}","[]","MATRIX","TOP700","0"
"0","{""id"":""model"",""name"":""Model""}","0","{""id"":""global_seasonal_model"",""name"":""Global Seasonal Regime Return Signals""}","0.6008","2026-07-01","1","Vector of probabilities for all quantiles in 20-day forward return prediction using weekly price-volume data with event context.","pv_weekly_event_20d_return_quantile_probs","2","GBR","{""id"":""model-estimates-models"",""name"":""Estimates Models""}","[]","MATRIX","TOP700","0"
"0","{""id"":""model"",""name"":""Model""}","0","{""id"":""global_seasonal_model"",""name"":""Global Seasonal Regime Return Signals""}","0.6008","2026-07-01","1","Probability assigned to the first quantile for 60-day forward return prediction using weekly price-volume data with event context.","pv_weekly_event_60d_return_quantile1_prob","2","GBR","{""id"":""model-estimates-models"",""name"":""Estimates Models""}","[]","MATRIX","TOP700","0"
"0","{""id"":""model"",""name"":""Model""}","0","{""id"":""global_seasonal_model"",""name"":""Global Seasonal Regime Return Signals""}","0.6008","2026-07-01","1","Probability assigned to the second quantile for 60-day forward return prediction using weekly price-volume data with event context.","pv_weekly_event_60d_return_quantile2_prob","2","GBR","{""id"":""model-estimates-models"",""name"":""Estimates Models""}","[]","MATRIX","TOP700","0"
"0","{""id"":""model"",""name"":""Model""}","0","{""id"":""global_seasonal_model"",""name"":""Global Seasonal Regime Return Signals""}","0.6008","2026-07-01","1","Probability assigned to the zeroth quantile for 20-day forward return prediction using weekly price-volume data with month/quarter context.","pv_weekly_monthqtr_20d_return_quantile0_prob","2","GBR","{""id"":""model-estimates-models"",""name"":""Estimates Models""}","[]","MATRIX","TOP700","0"
"0","{""id"":""model"",""name"":""Model""}","0","{""id"":""global_seasonal_model"",""name"":""Global Seasonal Regime Return Signals""}","0.6008","2026-07-01","1","Model confidence score for the first quantile in 20-day forward return prediction using weekly price-volume data with month/quarter context.","pv_weekly_monthqtr_20d_return_quantile1_confscore","2","GBR","{""id"":""model-estimates-models"",""name"":""Estimates Models""}","[]","MATRIX","TOP700","0"
"0","{""id"":""model"",""name"":""Model""}","0","{""id"":""global_seasonal_model"",""name"":""Global Seasonal Regime Return Signals""}","0.6008","2026-07-01","1","Probability assigned to the third quantile for 60-day forward return prediction using weekly price-volume data with month/quarter context.","pv_weekly_monthqtr_60d_return_quantile3_prob","2","GBR","{""id"":""model-estimates-models"",""name"":""Estimates Models""}","[]","MATRIX","TOP700","0"
"0","{""id"":""model"",""name"":""Model""}","0","{""id"":""global_seasonal_model"",""name"":""Global Seasonal Regime Return Signals""}","0.6008","2026-07-01","1","Regression output predicting 60-day forward return using weekly price-volume data with month/quarter context.","pv_weekly_monthqtr_60d_return_regression","2","GBR","{""id"":""model-estimates-models"",""name"":""Estimates Models""}","[]","MATRIX","TOP700","0"
"0","{""id"":""model"",""name"":""Model""}","0","{""id"":""global_seasonal_model"",""name"":""Global Seasonal Regime Return Signals""}","0.6008","2026-07-01","1","Model confidence score for the first quantile in 20-day forward return prediction using weekly price-volume data with regime context.","pv_weekly_regime_20d_return_quantile1_confscore","2","GBR","{""id"":""model-estimates-models"",""name"":""Estimates Models""}","[]","MATRIX","TOP700","0"
"0","{""id"":""model"",""name"":""Model""}","0","{""id"":""global_seasonal_model"",""name"":""Global Seasonal Regime Return Signals""}","0.6008","2026-07-01","1","Probability assigned to the third quantile for 20-day forward return prediction using weekly price-volume data with regime context.","pv_weekly_regime_20d_return_quantile3_prob","2","GBR","{""id"":""model-estimates-models"",""name"":""Estimates Models""}","[]","MATRIX","TOP700","0"
"0","{""id"":""model"",""name"":""Model""}","0","{""id"":""global_seasonal_model"",""name"":""Global Seasonal Regime Return Signals""}","0.6008","2026-07-01","1","Model confidence score for the fourth quantile in 20-day forward return prediction using weekly price-volume data with regime context.","pv_weekly_regime_20d_return_quantile4_confscore","2","GBR","{""id"":""model-estimates-models"",""name"":""Estimates Models""}","[]","MATRIX","TOP700","0"
"0","{""id"":""model"",""name"":""Model""}","0","{""id"":""global_seasonal_model"",""name"":""Global Seasonal Regime Return Signals""}","0.6008","2026-07-01","1","Probability assigned to the fourth quantile for 20-day forward return prediction using weekly price-volume data with regime context.","pv_weekly_regime_20d_return_quantile4_prob","2","GBR","{""id"":""model-estimates-models"",""name"":""Estimates Models""}","[]","MATRIX","TOP700","0"
"0","{""id"":""model"",""name"":""Model""}","0","{""id"":""global_seasonal_model"",""name"":""Global Seasonal Regime Return Signals""}","0.6008","2026-07-01","1","Probability assigned to the zeroth quantile for 60-day forward return prediction using weekly price-volume data with regime context.","pv_weekly_regime_60d_return_quantile0_prob","2","GBR","{""id"":""model-estimates-models"",""name"":""Estimates Models""}","[]","MATRIX","TOP700","0"
"0","{""id"":""model"",""name"":""Model""}","0","{""id"":""global_seasonal_model"",""name"":""Global Seasonal Regime Return Signals""}","0.6008","2026-07-01","1","Probability assigned to the second quantile for 60-day forward return prediction using weekly price-volume data with regime context.","pv_weekly_regime_60d_return_quantile2_prob","2","GBR","{""id"":""model-estimates-models"",""name"":""Estimates Models""}","[]","MATRIX","TOP700","0"
"0","{""id"":""model"",""name"":""Model""}","0","{""id"":""global_seasonal_model"",""name"":""Global Seasonal Regime Return Signals""}","0.6008","2026-07-01","1","Probability assigned to the fourth quantile for 60-day forward return prediction using weekly price-volume data with regime context.","pv_weekly_regime_60d_return_quantile4_prob","2","GBR","{""id"":""model-estimates-models"",""name"":""Estimates Models""}","[]","MATRIX","TOP700","0"
"0","{""id"":""model"",""name"":""Model""}","0","{""id"":""global_seasonal_model"",""name"":""Global Seasonal Regime Return Signals""}","1","2026-07-01","1","Flag indicating proximity to quarter-end or quarter-start for the current trading day.","quarter_end_start_flag","2","GBR","{""id"":""model-estimates-models"",""name"":""Estimates Models""}","[]","MATRIX","TOP700","0"
"0","{""id"":""model"",""name"":""Model""}","0","{""id"":""global_seasonal_model"",""name"":""Global Seasonal Regime Return Signals""}","1","2026-07-01","1","Quarter code (1–4) as an indicator variable for the current quarter.","quarter_indicator_code","2","GBR","{""id"":""model-estimates-models"",""name"":""Estimates Models""}","[]","MATRIX","TOP700","0"
"0","{""id"":""model"",""name"":""Model""}","0","{""id"":""global_seasonal_model"",""name"":""Global Seasonal Regime Return Signals""}","0.6008","2026-07-01","1","Regression output predicting 20-day forward return using regime-based time series features.","regime_20d_return_regression","2","GBR","{""id"":""model-estimates-models"",""name"":""Estimates Models""}","[]","MATRIX","TOP700","0"
"0","{""id"":""model"",""name"":""Model""}","0","{""id"":""global_seasonal_model"",""name"":""Global Seasonal Regime Return Signals""}","0.6008","2026-07-01","1","Probability assigned to label 1 for 5-day forward return quantile (out of 5) using regime-only features.","regime_5d_return_quantile5_prob1","2","GBR","{""id"":""model-estimates-models"",""name"":""Estimates Models""}","[]","MATRIX","TOP700","0"
"0","{""id"":""model"",""name"":""Model""}","0","{""id"":""global_seasonal_model"",""name"":""Global Seasonal Regime Return Signals""}","0.6008","2026-07-01","1","Probability assigned to label 4 for 5-day forward return quantile (out of 5) using regime-only features.","regime_5d_return_quantile5_prob4","2","GBR","{""id"":""model-estimates-models"",""name"":""Estimates Models""}","[]","MATRIX","TOP700","0"
"0","{""id"":""model"",""name"":""Model""}","0","{""id"":""global_seasonal_model"",""name"":""Global Seasonal Regime Return Signals""}","0.6008","2026-07-01","1","Model confidence score for label 0 in 5-day forward return quantile (out of 5) using regime-only features.","regime_5d_return_quantile5_score0","2","GBR","{""id"":""model-estimates-models"",""name"":""Estimates Models""}","[]","MATRIX","TOP700","0"
"0","{""id"":""model"",""name"":""Model""}","0","{""id"":""global_seasonal_model"",""name"":""Global Seasonal Regime Return Signals""}","0.6008","2026-07-01","1","Model confidence score for label 4 in 5-day forward return quantile (out of 5) using regime-only features.","regime_5d_return_quantile5_score4","2","GBR","{""id"":""model-estimates-models"",""name"":""Estimates Models""}","[]","MATRIX","TOP700","0"
"0","{""id"":""model"",""name"":""Model""}","0","{""id"":""global_seasonal_model"",""name"":""Global Seasonal Regime Return Signals""}","0.6008","2026-07-01","1","Regression output predicting 5-day forward return using regime-based time series features.","regime_5d_return_regression","2","GBR","{""id"":""model-estimates-models"",""name"":""Estimates Models""}","[]","MATRIX","TOP700","0"
"0","{""id"":""model"",""name"":""Model""}","0","{""id"":""global_seasonal_model"",""name"":""Global Seasonal Regime Return Signals""}","1","2026-07-01","1","Number of trading days since the most recent scheduled corporate event.","trading_days_since_last_event","2","GBR","{""id"":""model-estimates-models"",""name"":""Estimates Models""}","[]","MATRIX","TOP700","0"
"0","{""id"":""model"",""name"":""Model""}","0","{""id"":""global_seasonal_model"",""name"":""Global Seasonal Regime Return Signals""}","1","2026-07-01","1","Number of trading days remaining until the end of the current month.","trading_days_to_month_end","2","GBR","{""id"":""model-estimates-models"",""name"":""Estimates Models""}","[]","MATRIX","TOP700","0"
"0","{""id"":""model"",""name"":""Model""}","0","{""id"":""global_seasonal_model"",""name"":""Global Seasonal Regime Return Signals""}","1","2026-07-01","1","Number of trading days until the next scheduled corporate event.","trading_days_to_next_event","2","GBR","{""id"":""model-estimates-models"",""name"":""Estimates Models""}","[]","MATRIX","TOP700","0"
"0","{""id"":""model"",""name"":""Model""}","0","{""id"":""global_seasonal_model"",""name"":""Global Seasonal Regime Return Signals""}","1","2026-07-01","1","Numeric code representing the trading day of the week (e.g., Monday=0).","trading_weekday_code","2","GBR","{""id"":""model-estimates-models"",""name"":""Estimates Models""}","[]","MATRIX","TOP700","0"
"0","{""id"":""model"",""name"":""Model""}","0","{""id"":""global_seasonal_model"",""name"":""Global Seasonal Regime Return Signals""}","0.6008","2026-07-01","1","Model confidence score for label 0 in 5-quantile classification of 5-day return using time series features.","ts_5d_q5_label0_confidence","2","GBR","{""id"":""model-estimates-models"",""name"":""Estimates Models""}","[]","MATRIX","TOP700","0"
"0","{""id"":""model"",""name"":""Model""}","0","{""id"":""global_seasonal_model"",""name"":""Global Seasonal Regime Return Signals""}","0.6008","2026-07-01","1","Probability assigned to label 0 in 5-quantile classification of 5-day return using time series features.","ts_5d_q5_label0_probability","2","GBR","{""id"":""model-estimates-models"",""name"":""Estimates Models""}","[]","MATRIX","TOP700","0"
"0","{""id"":""model"",""name"":""Model""}","0","{""id"":""global_seasonal_model"",""name"":""Global Seasonal Regime Return Signals""}","0.6008","2026-07-01","1","Model confidence score for label 1 in 5-quantile classification of 5-day return using time series features.","ts_5d_q5_label1_confidence","2","GBR","{""id"":""model-estimates-models"",""name"":""Estimates Models""}","[]","MATRIX","TOP700","0"
"0","{""id"":""model"",""name"":""Model""}","0","{""id"":""global_seasonal_model"",""name"":""Global Seasonal Regime Return Signals""}","0.6008","2026-07-01","1","Probability assigned to label 1 in 5-quantile classification of 5-day return using time series features.","ts_5d_q5_label1_probability","2","GBR","{""id"":""model-estimates-models"",""name"":""Estimates Models""}","[]","MATRIX","TOP700","0"
"0","{""id"":""model"",""name"":""Model""}","0","{""id"":""global_seasonal_model"",""name"":""Global Seasonal Regime Return Signals""}","0.6008","2026-07-01","1","Model confidence score for label 2 in 5-quantile classification of 5-day return using time series features.","ts_5d_q5_label2_confidence","2","GBR","{""id"":""model-estimates-models"",""name"":""Estimates Models""}","[]","MATRIX","TOP700","0"
"0","{""id"":""model"",""name"":""Model""}","0","{""id"":""global_seasonal_model"",""name"":""Global Seasonal Regime Return Signals""}","0.6008","2026-07-01","1","Probability assigned to label 2 in 5-quantile classification of 5-day return using time series features.","ts_5d_q5_label2_probability","2","GBR","{""id"":""model-estimates-models"",""name"":""Estimates Models""}","[]","MATRIX","TOP700","0"
"0","{""id"":""model"",""name"":""Model""}","0","{""id"":""global_seasonal_model"",""name"":""Global Seasonal Regime Return Signals""}","0.6008","2026-07-01","1","Model confidence score for label 3 in 5-quantile classification of 5-day return using time series features.","ts_5d_q5_label3_confidence","2","GBR","{""id"":""model-estimates-models"",""name"":""Estimates Models""}","[]","MATRIX","TOP700","0"
"0","{""id"":""model"",""name"":""Model""}","0","{""id"":""global_seasonal_model"",""name"":""Global Seasonal Regime Return Signals""}","0.6008","2026-07-01","1","Probability assigned to label 3 in 5-quantile classification of 5-day return using time series features.","ts_5d_q5_label3_probability","2","GBR","{""id"":""model-estimates-models"",""name"":""Estimates Models""}","[]","MATRIX","TOP700","0"
"0","{""id"":""model"",""name"":""Model""}","0","{""id"":""global_seasonal_model"",""name"":""Global Seasonal Regime Return Signals""}","0.6008","2026-07-01","1","Probability assigned to label 4 in 5-quantile classification of 5-day return using time series features.","ts_5d_q5_label4_probability","2","GBR","{""id"":""model-estimates-models"",""name"":""Estimates Models""}","[]","MATRIX","TOP700","0"
"0","{""id"":""model"",""name"":""Model""}","0","{""id"":""global_seasonal_model"",""name"":""Global Seasonal Regime Return Signals""}","0.6008","2026-07-01","1","Predicted 5-day forward return for a stock using time series with calendar features.","ts_cal_5d_forward_return","2","GBR","{""id"":""model-estimates-models"",""name"":""Estimates Models""}","[]","MATRIX","TOP700","0"
"0","{""id"":""model"",""name"":""Model""}","0","{""id"":""global_seasonal_model"",""name"":""Global Seasonal Regime Return Signals""}","0.6008","2026-07-01","1","Probability assigned to label 0 in 5-quantile classification of 5-day return using time series with calendar features.","ts_cal_5d_q5_label0_probability","2","GBR","{""id"":""model-estimates-models"",""name"":""Estimates Models""}","[]","MATRIX","TOP700","0"
"0","{""id"":""model"",""name"":""Model""}","0","{""id"":""global_seasonal_model"",""name"":""Global Seasonal Regime Return Signals""}","0.6008","2026-07-01","1","Model confidence score for label 1 in 5-quantile classification of 5-day return using time series with calendar features.","ts_cal_5d_q5_label1_confidence","2","GBR","{""id"":""model-estimates-models"",""name"":""Estimates Models""}","[]","MATRIX","TOP700","0"
"0","{""id"":""model"",""name"":""Model""}","0","{""id"":""global_seasonal_model"",""name"":""Global Seasonal Regime Return Signals""}","0.6008","2026-07-01","1","Probability assigned to label 1 in 5-quantile classification of 5-day return using time series with calendar features.","ts_cal_5d_q5_label1_probability","2","GBR","{""id"":""model-estimates-models"",""name"":""Estimates Models""}","[]","MATRIX","TOP700","0"
"0","{""id"":""model"",""name"":""Model""}","0","{""id"":""global_seasonal_model"",""name"":""Global Seasonal Regime Return Signals""}","0.6008","2026-07-01","1","Probability assigned to label 2 in 5-quantile classification of 5-day return using time series with calendar features.","ts_cal_5d_q5_label2_probability","2","GBR","{""id"":""model-estimates-models"",""name"":""Estimates Models""}","[]","MATRIX","TOP700","0"
"0","{""id"":""model"",""name"":""Model""}","0","{""id"":""global_seasonal_model"",""name"":""Global Seasonal Regime Return Signals""}","0.6008","2026-07-01","1","Model confidence score for label 3 in 5-quantile classification of 5-day return using time series with calendar features.","ts_cal_5d_q5_label3_confidence","2","GBR","{""id"":""model-estimates-models"",""name"":""Estimates Models""}","[]","MATRIX","TOP700","0"
"0","{""id"":""model"",""name"":""Model""}","0","{""id"":""global_seasonal_model"",""name"":""Global Seasonal Regime Return Signals""}","0.6008","2026-07-01","1","Probability assigned to label 3 in 5-quantile classification of 5-day return using time series with calendar features.","ts_cal_5d_q5_label3_probability","2","GBR","{""id"":""model-estimates-models"",""name"":""Estimates Models""}","[]","MATRIX","TOP700","0"
"0","{""id"":""model"",""name"":""Model""}","0","{""id"":""global_seasonal_model"",""name"":""Global Seasonal Regime Return Signals""}","0.6008","2026-07-01","1","Model confidence score for label 4 in 5-quantile classification of 5-day return using time series with calendar features.","ts_cal_5d_q5_label4_confidence","2","GBR","{""id"":""model-estimates-models"",""name"":""Estimates Models""}","[]","MATRIX","TOP700","0"
"0","{""id"":""model"",""name"":""Model""}","0","{""id"":""global_seasonal_model"",""name"":""Global Seasonal Regime Return Signals""}","0.6008","2026-07-01","1","Probability assigned to label 4 in 5-quantile classification of 5-day return using time series with calendar features.","ts_cal_5d_q5_label4_probability","2","GBR","{""id"":""model-estimates-models"",""name"":""Estimates Models""}","[]","MATRIX","TOP700","0"
"0","{""id"":""model"",""name"":""Model""}","0","{""id"":""global_seasonal_model"",""name"":""Global Seasonal Regime Return Signals""}","0.6008","2026-07-01","1","Predicted quantile label (0–4) for 5-day return using time series with event features.","ts_evt_5d_q5_label","2","GBR","{""id"":""model-estimates-models"",""name"":""Estimates Models""}","[]","MATRIX","TOP700","0"
"0","{""id"":""model"",""name"":""Model""}","0","{""id"":""global_seasonal_model"",""name"":""Global Seasonal Regime Return Signals""}","0.6008","2026-07-01","1","Probability assigned to label 0 in 5-quantile classification of 5-day return using time series with event features.","ts_evt_5d_q5_label0_probability","2","GBR","{""id"":""model-estimates-models"",""name"":""Estimates Models""}","[]","MATRIX","TOP700","0"
"0","{""id"":""model"",""name"":""Model""}","0","{""id"":""global_seasonal_model"",""name"":""Global Seasonal Regime Return Signals""}","0.6008","2026-07-01","1","Model confidence score for label 1 in 5-quantile classification of 5-day return using time series with event features.","ts_evt_5d_q5_label1_confidence","2","GBR","{""id"":""model-estimates-models"",""name"":""Estimates Models""}","[]","MATRIX","TOP700","0"
"0","{""id"":""model"",""name"":""Model""}","0","{""id"":""global_seasonal_model"",""name"":""Global Seasonal Regime Return Signals""}","0.6008","2026-07-01","1","Probability assigned to label 1 in 5-quantile classification of 5-day return using time series with event features.","ts_evt_5d_q5_label1_probability","2","GBR","{""id"":""model-estimates-models"",""name"":""Estimates Models""}","[]","MATRIX","TOP700","0"
"0","{""id"":""model"",""name"":""Model""}","0","{""id"":""global_seasonal_model"",""name"":""Global Seasonal Regime Return Signals""}","0.6008","2026-07-01","1","Model confidence score for label 2 in 5-quantile classification of 5-day return using time series with event features.","ts_evt_5d_q5_label2_confidence","2","GBR","{""id"":""model-estimates-models"",""name"":""Estimates Models""}","[]","MATRIX","TOP700","0"
"0","{""id"":""model"",""name"":""Model""}","0","{""id"":""global_seasonal_model"",""name"":""Global Seasonal Regime Return Signals""}","0.6008","2026-07-01","1","Probability assigned to label 2 in 5-quantile classification of 5-day return using time series with event features.","ts_evt_5d_q5_label2_probability","2","GBR","{""id"":""model-estimates-models"",""name"":""Estimates Models""}","[]","MATRIX","TOP700","0"
"0","{""id"":""model"",""name"":""Model""}","0","{""id"":""global_seasonal_model"",""name"":""Global Seasonal Regime Return Signals""}","0.6008","2026-07-01","1","Probability assigned to label 3 in 5-quantile classification of 5-day return using time series with event features.","ts_evt_5d_q5_label3_probability","2","GBR","{""id"":""model-estimates-models"",""name"":""Estimates Models""}","[]","MATRIX","TOP700","0"
"0","{""id"":""model"",""name"":""Model""}","0","{""id"":""global_seasonal_model"",""name"":""Global Seasonal Regime Return Signals""}","0.6008","2026-07-01","1","Model confidence score for label 4 in 5-quantile classification of 5-day return using time series with event features.","ts_evt_5d_q5_label4_confidence","2","GBR","{""id"":""model-estimates-models"",""name"":""Estimates Models""}","[]","MATRIX","TOP700","0"
"0","{""id"":""model"",""name"":""Model""}","0","{""id"":""global_seasonal_model"",""name"":""Global Seasonal Regime Return Signals""}","0.6008","2026-07-01","1","Probability assigned to label 4 in 5-quantile classification of 5-day return using time series with event features.","ts_evt_5d_q5_label4_probability","2","GBR","{""id"":""model-estimates-models"",""name"":""Estimates Models""}","[]","MATRIX","TOP700","0"
"0","{""id"":""model"",""name"":""Model""}","0","{""id"":""global_seasonal_model"",""name"":""Global Seasonal Regime Return Signals""}","0.6008","2026-07-01","1","Predicted 5-day forward return for a stock using time series with month/quarter features.","ts_mq_5d_forward_return","2","GBR","{""id"":""model-estimates-models"",""name"":""Estimates Models""}","[]","MATRIX","TOP700","0"
"0","{""id"":""model"",""name"":""Model""}","0","{""id"":""global_seasonal_model"",""name"":""Global Seasonal Regime Return Signals""}","0.6008","2026-07-01","1","Predicted quantile label (0–4) for 5-day return using time series with month/quarter features.","ts_mq_5d_q5_label","2","GBR","{""id"":""model-estimates-models"",""name"":""Estimates Models""}","[]","MATRIX","TOP700","0"
"0","{""id"":""model"",""name"":""Model""}","0","{""id"":""global_seasonal_model"",""name"":""Global Seasonal Regime Return Signals""}","0.6008","2026-07-01","1","Probability assigned to label 0 in 5-quantile classification of 5-day return using time series with month/quarter features.","ts_mq_5d_q5_label0_probability","2","GBR","{""id"":""model-estimates-models"",""name"":""Estimates Models""}","[]","MATRIX","TOP700","0"
"0","{""id"":""model"",""name"":""Model""}","0","{""id"":""global_seasonal_model"",""name"":""Global Seasonal Regime Return Signals""}","0.6008","2026-07-01","1","Model confidence score for label 1 in 5-quantile classification of 5-day return using time series with month/quarter features.","ts_mq_5d_q5_label1_confidence","2","GBR","{""id"":""model-estimates-models"",""name"":""Estimates Models""}","[]","MATRIX","TOP700","0"
"0","{""id"":""model"",""name"":""Model""}","0","{""id"":""global_seasonal_model"",""name"":""Global Seasonal Regime Return Signals""}","0.6008","2026-07-01","1","Probability assigned to label 1 in 5-quantile classification of 5-day return using time series with month/quarter features.","ts_mq_5d_q5_label1_probability","2","GBR","{""id"":""model-estimates-models"",""name"":""Estimates Models""}","[]","MATRIX","TOP700","0"
"0","{""id"":""model"",""name"":""Model""}","0","{""id"":""global_seasonal_model"",""name"":""Global Seasonal Regime Return Signals""}","0.6008","2026-07-01","1","Model confidence score for label 2 in 5-quantile classification of 5-day return using time series with month/quarter features.","ts_mq_5d_q5_label2_confidence","2","GBR","{""id"":""model-estimates-models"",""name"":""Estimates Models""}","[]","MATRIX","TOP700","0"
"0","{""id"":""model"",""name"":""Model""}","0","{""id"":""global_seasonal_model"",""name"":""Global Seasonal Regime Return Signals""}","0.6008","2026-07-01","1","Probability assigned to label 2 in 5-quantile classification of 5-day return using time series with month/quarter features.","ts_mq_5d_q5_label2_probability","2","GBR","{""id"":""model-estimates-models"",""name"":""Estimates Models""}","[]","MATRIX","TOP700","0"
"0","{""id"":""model"",""name"":""Model""}","0","{""id"":""global_seasonal_model"",""name"":""Global Seasonal Regime Return Signals""}","0.6008","2026-07-01","1","Model confidence score for label 3 in 5-quantile classification of 5-day return using time series with month/quarter features.","ts_mq_5d_q5_label3_confidence","2","GBR","{""id"":""model-estimates-models"",""name"":""Estimates Models""}","[]","MATRIX","TOP700","0"
"0","{""id"":""model"",""name"":""Model""}","0","{""id"":""global_seasonal_model"",""name"":""Global Seasonal Regime Return Signals""}","0.6008","2026-07-01","1","Probability assigned to label 3 in 5-quantile classification of 5-day return using time series with month/quarter features.","ts_mq_5d_q5_label3_probability","2","GBR","{""id"":""model-estimates-models"",""name"":""Estimates Models""}","[]","MATRIX","TOP700","0"
"0","{""id"":""model"",""name"":""Model""}","0","{""id"":""global_seasonal_model"",""name"":""Global Seasonal Regime Return Signals""}","0.6008","2026-07-01","1","Model confidence score for label 4 in 5-quantile classification of 5-day return using time series with month/quarter features.","ts_mq_5d_q5_label4_confidence","2","GBR","{""id"":""model-estimates-models"",""name"":""Estimates Models""}","[]","MATRIX","TOP700","0"
"0","{""id"":""model"",""name"":""Model""}","0","{""id"":""global_seasonal_model"",""name"":""Global Seasonal Regime Return Signals""}","0.6008","2026-07-01","1","Probability assigned to label 4 in 5-quantile classification of 5-day return using time series with month/quarter features.","ts_mq_5d_q5_label4_probability","2","GBR","{""id"":""model-estimates-models"",""name"":""Estimates Models""}","[]","MATRIX","TOP700","0"
"0","{""id"":""model"",""name"":""Model""}","0","{""id"":""global_seasonal_model"",""name"":""Global Seasonal Regime Return Signals""}","0.6008","2026-07-01","1","Predicted 5-day forward return for a stock using time series with regime features.","ts_reg_5d_forward_return","2","GBR","{""id"":""model-estimates-models"",""name"":""Estimates Models""}","[]","MATRIX","TOP700","0"
"0","{""id"":""model"",""name"":""Model""}","0","{""id"":""global_seasonal_model"",""name"":""Global Seasonal Regime Return Signals""}","0.6008","2026-07-01","1","Predicted quantile label (0–4) for 5-day return using time series with regime features.","ts_reg_5d_q5_label","2","GBR","{""id"":""model-estimates-models"",""name"":""Estimates Models""}","[]","MATRIX","TOP700","0"
"0","{""id"":""model"",""name"":""Model""}","0","{""id"":""global_seasonal_model"",""name"":""Global Seasonal Regime Return Signals""}","0.6008","2026-07-01","1","Model confidence score for label 0 in 5-quantile classification of 5-day return using time series with regime features.","ts_reg_5d_q5_label0_confidence","2","GBR","{""id"":""model-estimates-models"",""name"":""Estimates Models""}","[]","MATRIX","TOP700","0"
"0","{""id"":""model"",""name"":""Model""}","0","{""id"":""global_seasonal_model"",""name"":""Global Seasonal Regime Return Signals""}","0.6008","2026-07-01","1","Probability assigned to label 0 in 5-quantile classification of 5-day return using time series with regime features.","ts_reg_5d_q5_label0_probability","2","GBR","{""id"":""model-estimates-models"",""name"":""Estimates Models""}","[]","MATRIX","TOP700","0"
"0","{""id"":""model"",""name"":""Model""}","0","{""id"":""global_seasonal_model"",""name"":""Global Seasonal Regime Return Signals""}","0.6008","2026-07-01","1","Model confidence score for label 1 in 5-quantile classification of 5-day return using time series with regime features.","ts_reg_5d_q5_label1_confidence","2","GBR","{""id"":""model-estimates-models"",""name"":""Estimates Models""}","[]","MATRIX","TOP700","0"
"0","{""id"":""model"",""name"":""Model""}","0","{""id"":""global_seasonal_model"",""name"":""Global Seasonal Regime Return Signals""}","0.6008","2026-07-01","1","Model confidence score for label 3 in 5-quantile classification of 5-day return using time series with regime features.","ts_reg_5d_q5_label3_confidence","2","GBR","{""id"":""model-estimates-models"",""name"":""Estimates Models""}","[]","MATRIX","TOP700","0"
"0","{""id"":""model"",""name"":""Model""}","0","{""id"":""global_seasonal_model"",""name"":""Global Seasonal Regime Return Signals""}","0.6008","2026-07-01","1","Probability assigned to label 3 in 5-quantile classification of 5-day return using time series with regime features.","ts_reg_5d_q5_label3_probability","2","GBR","{""id"":""model-estimates-models"",""name"":""Estimates Models""}","[]","MATRIX","TOP700","0"
"0","{""id"":""model"",""name"":""Model""}","0","{""id"":""global_seasonal_model"",""name"":""Global Seasonal Regime Return Signals""}","0.6008","2026-07-01","1","Model confidence score for label 4 in 5-quantile classification of 5-day return using time series with regime features.","ts_reg_5d_q5_label4_confidence","2","GBR","{""id"":""model-estimates-models"",""name"":""Estimates Models""}","[]","MATRIX","TOP700","0"
"0","{""id"":""model"",""name"":""Model""}","0","{""id"":""global_seasonal_model"",""name"":""Global Seasonal Regime Return Signals""}","0.6008","2026-07-01","1","Probability assigned to label 4 in 5-quantile classification of 5-day return using time series with regime features.","ts_reg_5d_q5_label4_probability","2","GBR","{""id"":""model-estimates-models"",""name"":""Estimates Models""}","[]","MATRIX","TOP700","0"
"0","{""id"":""model"",""name"":""Model""}","0","{""id"":""global_seasonal_model"",""name"":""Global Seasonal Regime Return Signals""}","0.6008","2026-07-01","1","Predicted continuous 5-day return using only event features in the weekly model (regression output).","weekly_eventonly_r5_regression_pred","2","GBR","{""id"":""model-estimates-models"",""name"":""Estimates Models""}","[]","MATRIX","TOP700","0"
"0","{""id"":""model"",""name"":""Model""}","0","{""id"":""global_seasonal_model"",""name"":""Global Seasonal Regime Return Signals""}","0.6008","2026-07-01","1","Model confidence score for the first quantile label in 5-day return prediction using weekly price-volume data with calendar context.","weekly_pricevol_calendar_r5_quantile0_confscore","2","GBR","{""id"":""model-estimates-models"",""name"":""Estimates Models""}","[]","MATRIX","TOP700","0"
"0","{""id"":""model"",""name"":""Model""}","0","{""id"":""global_seasonal_model"",""name"":""Global Seasonal Regime Return Signals""}","0.6008","2026-07-01","1","Probability assigned to the first quantile for 5-day return prediction using weekly price-volume data with calendar context.","weekly_pricevol_calendar_r5_quantile0_prob","2","GBR","{""id"":""model-estimates-models"",""name"":""Estimates Models""}","[]","MATRIX","TOP700","0"
"0","{""id"":""model"",""name"":""Model""}","0","{""id"":""global_seasonal_model"",""name"":""Global Seasonal Regime Return Signals""}","0.6008","2026-07-01","1","Model confidence score for the first quantile label in 5-day return prediction using weekly price-volume data with calendar context.","weekly_pricevol_calendar_r5_quantile1_confscore","2","GBR","{""id"":""model-estimates-models"",""name"":""Estimates Models""}","[]","MATRIX","TOP700","0"
"0","{""id"":""model"",""name"":""Model""}","0","{""id"":""global_seasonal_model"",""name"":""Global Seasonal Regime Return Signals""}","0.6008","2026-07-01","1","Probability assigned to the second quantile for 5-day return prediction using weekly price-volume data with calendar context.","weekly_pricevol_calendar_r5_quantile1_prob","2","GBR","{""id"":""model-estimates-models"",""name"":""Estimates Models""}","[]","MATRIX","TOP700","0"
"0","{""id"":""model"",""name"":""Model""}","0","{""id"":""global_seasonal_model"",""name"":""Global Seasonal Regime Return Signals""}","0.6008","2026-07-01","1","Model confidence score for the second quantile label in 5-day return prediction using weekly price-volume data with calendar context.","weekly_pricevol_calendar_r5_quantile2_confscore","2","GBR","{""id"":""model-estimates-models"",""name"":""Estimates Models""}","[]","MATRIX","TOP700","0"
"0","{""id"":""model"",""name"":""Model""}","0","{""id"":""global_seasonal_model"",""name"":""Global Seasonal Regime Return Signals""}","0.6008","2026-07-01","1","Probability assigned to the second quantile for 5-day return prediction using weekly price-volume data with calendar context.","weekly_pricevol_calendar_r5_quantile2_prob","2","GBR","{""id"":""model-estimates-models"",""name"":""Estimates Models""}","[]","MATRIX","TOP700","0"
"0","{""id"":""model"",""name"":""Model""}","0","{""id"":""global_seasonal_model"",""name"":""Global Seasonal Regime Return Signals""}","0.6008","2026-07-01","1","Model confidence score for the third quantile label in 5-day return prediction using weekly price-volume data with calendar context.","weekly_pricevol_calendar_r5_quantile3_confscore","2","GBR","{""id"":""model-estimates-models"",""name"":""Estimates Models""}","[]","MATRIX","TOP700","0"
"0","{""id"":""model"",""name"":""Model""}","0","{""id"":""global_seasonal_model"",""name"":""Global Seasonal Regime Return Signals""}","0.6008","2026-07-01","1","Probability assigned to the third quantile for 5-day return prediction using weekly price-volume data with calendar context.","weekly_pricevol_calendar_r5_quantile3_prob","2","GBR","{""id"":""model-estimates-models"",""name"":""Estimates Models""}","[]","MATRIX","TOP700","0"
"0","{""id"":""model"",""name"":""Model""}","0","{""id"":""global_seasonal_model"",""name"":""Global Seasonal Regime Return Signals""}","0.6008","2026-07-01","1","Model confidence score for the fourth quantile label in 5-day return prediction using weekly price-volume data with calendar context.","weekly_pricevol_calendar_r5_quantile4_confscore","2","GBR","{""id"":""model-estimates-models"",""name"":""Estimates Models""}","[]","MATRIX","TOP700","0"
"0","{""id"":""model"",""name"":""Model""}","0","{""id"":""global_seasonal_model"",""name"":""Global Seasonal Regime Return Signals""}","0.6008","2026-07-01","1","Probability assigned to the fourth quantile for 5-day return prediction using weekly price-volume data with calendar context.","weekly_pricevol_calendar_r5_quantile4_prob","2","GBR","{""id"":""model-estimates-models"",""name"":""Estimates Models""}","[]","MATRIX","TOP700","0"
"0","{""id"":""model"",""name"":""Model""}","0","{""id"":""global_seasonal_model"",""name"":""Global Seasonal Regime Return Signals""}","0.6008","2026-07-01","1","Predicted quantile label for 5-day return using weekly price-volume data with calendar features.","weekly_pricevol_calendar_r5_quantile_pred","2","GBR","{""id"":""model-estimates-models"",""name"":""Estimates Models""}","[]","MATRIX","TOP700","0"
"0","{""id"":""model"",""name"":""Model""}","0","{""id"":""global_seasonal_model"",""name"":""Global Seasonal Regime Return Signals""}","0.6008","2026-07-01","1","Predicted continuous 5-day return using weekly price-volume data with calendar context (regression output).","weekly_pricevol_calendar_r5_regression_pred","2","GBR","{""id"":""model-estimates-models"",""name"":""Estimates Models""}","[]","MATRIX","TOP700","0"
"0","{""id"":""model"",""name"":""Model""}","0","{""id"":""global_seasonal_model"",""name"":""Global Seasonal Regime Return Signals""}","0.6008","2026-07-01","1","Model confidence score for the first quantile label in 5-day return prediction using weekly price-volume data with event context.","weekly_pricevol_event_r5_quantile0_confscore","2","GBR","{""id"":""model-estimates-models"",""name"":""Estimates Models""}","[]","MATRIX","TOP700","0"
"0","{""id"":""model"",""name"":""Model""}","0","{""id"":""global_seasonal_model"",""name"":""Global Seasonal Regime Return Signals""}","0.6008","2026-07-01","1","Probability assigned to the first quantile for 5-day return prediction using weekly price-volume data with event context.","weekly_pricevol_event_r5_quantile0_prob","2","GBR","{""id"":""model-estimates-models"",""name"":""Estimates Models""}","[]","MATRIX","TOP700","0"
"0","{""id"":""model"",""name"":""Model""}","0","{""id"":""global_seasonal_model"",""name"":""Global Seasonal Regime Return Signals""}","0.6008","2026-07-01","1","Model confidence score for the first quantile label in 5-day return prediction using weekly price-volume data with event context.","weekly_pricevol_event_r5_quantile1_confscore","2","GBR","{""id"":""model-estimates-models"",""name"":""Estimates Models""}","[]","MATRIX","TOP700","0"
"0","{""id"":""model"",""name"":""Model""}","0","{""id"":""global_seasonal_model"",""name"":""Global Seasonal Regime Return Signals""}","0.6008","2026-07-01","1","Probability assigned to the first quantile for 5-day return prediction using weekly price-volume data with event context.","weekly_pricevol_event_r5_quantile1_prob","2","GBR","{""id"":""model-estimates-models"",""name"":""Estimates Models""}","[]","MATRIX","TOP700","0"
"0","{""id"":""model"",""name"":""Model""}","0","{""id"":""global_seasonal_model"",""name"":""Global Seasonal Regime Return Signals""}","0.6008","2026-07-01","1","Model confidence score for the second quantile label in 5-day return prediction using weekly price-volume data with event context.","weekly_pricevol_event_r5_quantile2_confscore","2","GBR","{""id"":""model-estimates-models"",""name"":""Estimates Models""}","[]","MATRIX","TOP700","0"
"0","{""id"":""model"",""name"":""Model""}","0","{""id"":""global_seasonal_model"",""name"":""Global Seasonal Regime Return Signals""}","0.6008","2026-07-01","1","Probability assigned to the second quantile for 5-day return prediction using weekly price-volume data with event context.","weekly_pricevol_event_r5_quantile2_prob","2","GBR","{""id"":""model-estimates-models"",""name"":""Estimates Models""}","[]","MATRIX","TOP700","0"
"0","{""id"":""model"",""name"":""Model""}","0","{""id"":""global_seasonal_model"",""name"":""Global Seasonal Regime Return Signals""}","0.6008","2026-07-01","1","Model confidence score for the third quantile label in 5-day return prediction using weekly price-volume data with event context.","weekly_pricevol_event_r5_quantile3_confscore","2","GBR","{""id"":""model-estimates-models"",""name"":""Estimates Models""}","[]","MATRIX","TOP700","0"
"0","{""id"":""model"",""name"":""Model""}","0","{""id"":""global_seasonal_model"",""name"":""Global Seasonal Regime Return Signals""}","0.6008","2026-07-01","1","Probability assigned to the third quantile for 5-day return prediction using weekly price-volume data with event context.","weekly_pricevol_event_r5_quantile3_prob","2","GBR","{""id"":""model-estimates-models"",""name"":""Estimates Models""}","[]","MATRIX","TOP700","0"
"0","{""id"":""model"",""name"":""Model""}","0","{""id"":""global_seasonal_model"",""name"":""Global Seasonal Regime Return Signals""}","0.6008","2026-07-01","1","Model confidence score for the fourth quantile label in 5-day return prediction using weekly price-volume data with event context.","weekly_pricevol_event_r5_quantile4_confscore","2","GBR","{""id"":""model-estimates-models"",""name"":""Estimates Models""}","[]","MATRIX","TOP700","0"
"0","{""id"":""model"",""name"":""Model""}","0","{""id"":""global_seasonal_model"",""name"":""Global Seasonal Regime Return Signals""}","0.6008","2026-07-01","1","Probability assigned to the fourth quantile for 5-day return prediction using weekly price-volume data with event context.","weekly_pricevol_event_r5_quantile4_prob","2","GBR","{""id"":""model-estimates-models"",""name"":""Estimates Models""}","[]","MATRIX","TOP700","0"
"0","{""id"":""model"",""name"":""Model""}","0","{""id"":""global_seasonal_model"",""name"":""Global Seasonal Regime Return Signals""}","0.6008","2026-07-01","1","Predicted quantile label for 5-day return using weekly price-volume data with event context.","weekly_pricevol_event_r5_quantile_pred","2","GBR","{""id"":""model-estimates-models"",""name"":""Estimates Models""}","[]","MATRIX","TOP700","0"
"0","{""id"":""model"",""name"":""Model""}","0","{""id"":""global_seasonal_model"",""name"":""Global Seasonal Regime Return Signals""}","0.6008","2026-07-01","1","Predicted continuous 5-day return using weekly price-volume data with event context (regression output).","weekly_pricevol_event_r5_regression_pred","2","GBR","{""id"":""model-estimates-models"",""name"":""Estimates Models""}","[]","MATRIX","TOP700","0"
"0","{""id"":""model"",""name"":""Model""}","0","{""id"":""global_seasonal_model"",""name"":""Global Seasonal Regime Return Signals""}","0.6008","2026-07-01","1","Model confidence score for the first quantile label in 5-day return prediction using weekly price-volume data with month/quarter context.","weekly_pricevol_monthqtr_r5_quantile0_confscore","2","GBR","{""id"":""model-estimates-models"",""name"":""Estimates Models""}","[]","MATRIX","TOP700","0"
"0","{""id"":""model"",""name"":""Model""}","0","{""id"":""global_seasonal_model"",""name"":""Global Seasonal Regime Return Signals""}","0.6008","2026-07-01","1","Probability assigned to the first quantile for 5-day return prediction using weekly price-volume data with month/quarter context.","weekly_pricevol_monthqtr_r5_quantile0_prob","2","GBR","{""id"":""model-estimates-models"",""name"":""Estimates Models""}","[]","MATRIX","TOP700","0"
"0","{""id"":""model"",""name"":""Model""}","0","{""id"":""global_seasonal_model"",""name"":""Global Seasonal Regime Return Signals""}","0.6008","2026-07-01","1","Model confidence score for the first quantile label in 5-day return prediction using weekly price-volume data with month/quarter context.","weekly_pricevol_monthqtr_r5_quantile1_confscore","2","GBR","{""id"":""model-estimates-models"",""name"":""Estimates Models""}","[]","MATRIX","TOP700","0"
"0","{""id"":""model"",""name"":""Model""}","0","{""id"":""global_seasonal_model"",""name"":""Global Seasonal Regime Return Signals""}","0.6008","2026-07-01","1","Probability assigned to the first quantile for 5-day return prediction using weekly price-volume data with month/quarter context.","weekly_pricevol_monthqtr_r5_quantile1_prob","2","GBR","{""id"":""model-estimates-models"",""name"":""Estimates Models""}","[]","MATRIX","TOP700","0"
"0","{""id"":""model"",""name"":""Model""}","0","{""id"":""global_seasonal_model"",""name"":""Global Seasonal Regime Return Signals""}","0.6008","2026-07-01","1","Model confidence score for the second quantile label in 5-day return prediction using weekly price-volume data with month/quarter context.","weekly_pricevol_monthqtr_r5_quantile2_confscore","2","GBR","{""id"":""model-estimates-models"",""name"":""Estimates Models""}","[]","MATRIX","TOP700","0"
"0","{""id"":""model"",""name"":""Model""}","0","{""id"":""global_seasonal_model"",""name"":""Global Seasonal Regime Return Signals""}","0.6008","2026-07-01","1","Probability assigned to the second quantile for 5-day return prediction using weekly price-volume data with month/quarter context.","weekly_pricevol_monthqtr_r5_quantile2_prob","2","GBR","{""id"":""model-estimates-models"",""name"":""Estimates Models""}","[]","MATRIX","TOP700","0"
"0","{""id"":""model"",""name"":""Model""}","0","{""id"":""global_seasonal_model"",""name"":""Global Seasonal Regime Return Signals""}","0.6008","2026-07-01","1","Model confidence score for the third quantile label in 5-day return prediction using weekly price-volume data with month/quarter context.","weekly_pricevol_monthqtr_r5_quantile3_confscore","2","GBR","{""id"":""model-estimates-models"",""name"":""Estimates Models""}","[]","MATRIX","TOP700","0"
"0","{""id"":""model"",""name"":""Model""}","0","{""id"":""global_seasonal_model"",""name"":""Global Seasonal Regime Return Signals""}","0.6008","2026-07-01","1","Probability assigned to the third quantile for 5-day return prediction using weekly price-volume data with month/quarter context.","weekly_pricevol_monthqtr_r5_quantile3_prob","2","GBR","{""id"":""model-estimates-models"",""name"":""Estimates Models""}","[]","MATRIX","TOP700","0"
"0","{""id"":""model"",""name"":""Model""}","0","{""id"":""global_seasonal_model"",""name"":""Global Seasonal Regime Return Signals""}","0.6008","2026-07-01","1","Model confidence score for the fourth quantile label in 5-day return prediction using weekly price-volume data with month/quarter context.","weekly_pricevol_monthqtr_r5_quantile4_confscore","2","GBR","{""id"":""model-estimates-models"",""name"":""Estimates Models""}","[]","MATRIX","TOP700","0"
"0","{""id"":""model"",""name"":""Model""}","0","{""id"":""global_seasonal_model"",""name"":""Global Seasonal Regime Return Signals""}","0.6008","2026-07-01","1","Probability assigned to the fourth quantile for 5-day return prediction using weekly price-volume data with month/quarter context.","weekly_pricevol_monthqtr_r5_quantile4_prob","2","GBR","{""id"":""model-estimates-models"",""name"":""Estimates Models""}","[]","MATRIX","TOP700","0"
"0","{""id"":""model"",""name"":""Model""}","0","{""id"":""global_seasonal_model"",""name"":""Global Seasonal Regime Return Signals""}","0.6008","2026-07-01","1","Predicted quantile label for 5-day return using weekly price-volume data with month/quarter features.","weekly_pricevol_monthqtr_r5_quantile_pred","2","GBR","{""id"":""model-estimates-models"",""name"":""Estimates Models""}","[]","MATRIX","TOP700","0"
"0","{""id"":""model"",""name"":""Model""}","0","{""id"":""global_seasonal_model"",""name"":""Global Seasonal Regime Return Signals""}","0.6008","2026-07-01","1","Predicted continuous 5-day return using weekly price-volume data with month/quarter context (regression output).","weekly_pricevol_monthqtr_r5_regression_pred","2","GBR","{""id"":""model-estimates-models"",""name"":""Estimates Models""}","[]","MATRIX","TOP700","0"
"0","{""id"":""model"",""name"":""Model""}","0","{""id"":""global_seasonal_model"",""name"":""Global Seasonal Regime Return Signals""}","0.6008","2026-07-01","1","Model confidence score for the first quantile label in 20-day return prediction using weekly price-volume data.","weekly_pricevol_r20_quantile0_confscore","2","GBR","{""id"":""model-estimates-models"",""name"":""Estimates Models""}","[]","MATRIX","TOP700","0"
"0","{""id"":""model"",""name"":""Model""}","0","{""id"":""global_seasonal_model"",""name"":""Global Seasonal Regime Return Signals""}","0.6008","2026-07-01","1","Probability assigned to the first quantile for 20-day return prediction using weekly price-volume data.","weekly_pricevol_r20_quantile0_prob","2","GBR","{""id"":""model-estimates-models"",""name"":""Estimates Models""}","[]","MATRIX","TOP700","0"
"0","{""id"":""model"",""name"":""Model""}","0","{""id"":""global_seasonal_model"",""name"":""Global Seasonal Regime Return Signals""}","0.6008","2026-07-01","1","Model confidence score for the first quantile label in 20-day return prediction using weekly price-volume data.","weekly_pricevol_r20_quantile1_confscore","2","GBR","{""id"":""model-estimates-models"",""name"":""Estimates Models""}","[]","MATRIX","TOP700","0"
"0","{""id"":""model"",""name"":""Model""}","0","{""id"":""global_seasonal_model"",""name"":""Global Seasonal Regime Return Signals""}","0.6008","2026-07-01","1","Probability assigned to the first quantile for 20-day return prediction using weekly price-volume data.","weekly_pricevol_r20_quantile1_prob","2","GBR","{""id"":""model-estimates-models"",""name"":""Estimates Models""}","[]","MATRIX","TOP700","0"
"0","{""id"":""model"",""name"":""Model""}","0","{""id"":""global_seasonal_model"",""name"":""Global Seasonal Regime Return Signals""}","0.6008","2026-07-01","1","Model confidence score for the second quantile label in 20-day return prediction using weekly price-volume data.","weekly_pricevol_r20_quantile2_confscore","2","GBR","{""id"":""model-estimates-models"",""name"":""Estimates Models""}","[]","MATRIX","TOP700","0"
"0","{""id"":""model"",""name"":""Model""}","0","{""id"":""global_seasonal_model"",""name"":""Global Seasonal Regime Return Signals""}","0.6008","2026-07-01","1","Probability assigned to the second quantile for 20-day return prediction using weekly price-volume data.","weekly_pricevol_r20_quantile2_prob","2","GBR","{""id"":""model-estimates-models"",""name"":""Estimates Models""}","[]","MATRIX","TOP700","0"
"0","{""id"":""model"",""name"":""Model""}","0","{""id"":""global_seasonal_model"",""name"":""Global Seasonal Regime Return Signals""}","0.6008","2026-07-01","1","Model confidence score for the third quantile label in 20-day return prediction using weekly price-volume data.","weekly_pricevol_r20_quantile3_confscore","2","GBR","{""id"":""model-estimates-models"",""name"":""Estimates Models""}","[]","MATRIX","TOP700","0"
"0","{""id"":""model"",""name"":""Model""}","0","{""id"":""global_seasonal_model"",""name"":""Global Seasonal Regime Return Signals""}","0.6008","2026-07-01","1","Probability assigned to the third quantile for 20-day return prediction using weekly price-volume data.","weekly_pricevol_r20_quantile3_prob","2","GBR","{""id"":""model-estimates-models"",""name"":""Estimates Models""}","[]","MATRIX","TOP700","0"
"0","{""id"":""model"",""name"":""Model""}","0","{""id"":""global_seasonal_model"",""name"":""Global Seasonal Regime Return Signals""}","0.6008","2026-07-01","1","Model confidence score for the fourth quantile label in 20-day return prediction using weekly price-volume data.","weekly_pricevol_r20_quantile4_confscore","2","GBR","{""id"":""model-estimates-models"",""name"":""Estimates Models""}","[]","MATRIX","TOP700","0"
"0","{""id"":""model"",""name"":""Model""}","0","{""id"":""global_seasonal_model"",""name"":""Global Seasonal Regime Return Signals""}","0.6008","2026-07-01","1","Probability assigned to the fourth quantile for 20-day return prediction using weekly price-volume data.","weekly_pricevol_r20_quantile4_prob","2","GBR","{""id"":""model-estimates-models"",""name"":""Estimates Models""}","[]","MATRIX","TOP700","0"
"0","{""id"":""model"",""name"":""Model""}","0","{""id"":""global_seasonal_model"",""name"":""Global Seasonal Regime Return Signals""}","0.6008","2026-07-01","1","Predicted quantile label for 20-day return using weekly price-volume data.","weekly_pricevol_r20_quantile_pred","2","GBR","{""id"":""model-estimates-models"",""name"":""Estimates Models""}","[]","MATRIX","TOP700","0"
"0","{""id"":""model"",""name"":""Model""}","0","{""id"":""global_seasonal_model"",""name"":""Global Seasonal Regime Return Signals""}","0.6008","2026-07-01","1","Model confidence score for the first quantile label in 5-day return prediction using weekly price-volume data.","weekly_pricevol_r5_quantile0_confscore","2","GBR","{""id"":""model-estimates-models"",""name"":""Estimates Models""}","[]","MATRIX","TOP700","0"
"0","{""id"":""model"",""name"":""Model""}","0","{""id"":""global_seasonal_model"",""name"":""Global Seasonal Regime Return Signals""}","0.6008","2026-07-01","1","Probability assigned to the first quantile for 5-day return prediction using weekly price-volume data.","weekly_pricevol_r5_quantile0_prob","2","GBR","{""id"":""model-estimates-models"",""name"":""Estimates Models""}","[]","MATRIX","TOP700","0"
"0","{""id"":""model"",""name"":""Model""}","0","{""id"":""global_seasonal_model"",""name"":""Global Seasonal Regime Return Signals""}","0.6008","2026-07-01","1","Model confidence score for the second quantile label in 5-day return prediction using weekly price-volume data.","weekly_pricevol_r5_quantile1_confscore","2","GBR","{""id"":""model-estimates-models"",""name"":""Estimates Models""}","[]","MATRIX","TOP700","0"
"0","{""id"":""model"",""name"":""Model""}","0","{""id"":""global_seasonal_model"",""name"":""Global Seasonal Regime Return Signals""}","0.6008","2026-07-01","1","Probability assigned to the second quantile for 5-day return prediction using weekly price-volume data.","weekly_pricevol_r5_quantile1_prob","2","GBR","{""id"":""model-estimates-models"",""name"":""Estimates Models""}","[]","MATRIX","TOP700","0"
"0","{""id"":""model"",""name"":""Model""}","0","{""id"":""global_seasonal_model"",""name"":""Global Seasonal Regime Return Signals""}","0.6008","2026-07-01","1","Model confidence score for the second quantile label in 5-day return prediction using weekly price-volume data.","weekly_pricevol_r5_quantile2_confscore","2","GBR","{""id"":""model-estimates-models"",""name"":""Estimates Models""}","[]","MATRIX","TOP700","0"
"0","{""id"":""model"",""name"":""Model""}","0","{""id"":""global_seasonal_model"",""name"":""Global Seasonal Regime Return Signals""}","0.6008","2026-07-01","1","Probability assigned to the second quantile for 5-day return prediction using weekly price-volume data.","weekly_pricevol_r5_quantile2_prob","2","GBR","{""id"":""model-estimates-models"",""name"":""Estimates Models""}","[]","MATRIX","TOP700","0"
"0","{""id"":""model"",""name"":""Model""}","0","{""id"":""global_seasonal_model"",""name"":""Global Seasonal Regime Return Signals""}","0.6008","2026-07-01","1","Model confidence score for the third quantile label in 5-day return prediction using weekly price-volume data.","weekly_pricevol_r5_quantile3_confscore","2","GBR","{""id"":""model-estimates-models"",""name"":""Estimates Models""}","[]","MATRIX","TOP700","0"
"0","{""id"":""model"",""name"":""Model""}","0","{""id"":""global_seasonal_model"",""name"":""Global Seasonal Regime Return Signals""}","0.6008","2026-07-01","1","Probability assigned to the third quantile for 5-day return prediction using weekly price-volume data.","weekly_pricevol_r5_quantile3_prob","2","GBR","{""id"":""model-estimates-models"",""name"":""Estimates Models""}","[]","MATRIX","TOP700","0"
"0","{""id"":""model"",""name"":""Model""}","0","{""id"":""global_seasonal_model"",""name"":""Global Seasonal Regime Return Signals""}","0.6008","2026-07-01","1","Model confidence score for the fourth quantile label in 5-day return prediction using weekly price-volume data.","weekly_pricevol_r5_quantile4_confscore","2","GBR","{""id"":""model-estimates-models"",""name"":""Estimates Models""}","[]","MATRIX","TOP700","0"
"0","{""id"":""model"",""name"":""Model""}","0","{""id"":""global_seasonal_model"",""name"":""Global Seasonal Regime Return Signals""}","0.6008","2026-07-01","1","Probability assigned to the fourth quantile for 5-day return prediction using weekly price-volume data.","weekly_pricevol_r5_quantile4_prob","2","GBR","{""id"":""model-estimates-models"",""name"":""Estimates Models""}","[]","MATRIX","TOP700","0"
"0","{""id"":""model"",""name"":""Model""}","0","{""id"":""global_seasonal_model"",""name"":""Global Seasonal Regime Return Signals""}","0.6008","2026-07-01","1","Predicted quantile label for 5-day return using weekly price-volume data.","weekly_pricevol_r5_quantile_pred","2","GBR","{""id"":""model-estimates-models"",""name"":""Estimates Models""}","[]","MATRIX","TOP700","0"
"0","{""id"":""model"",""name"":""Model""}","0","{""id"":""global_seasonal_model"",""name"":""Global Seasonal Regime Return Signals""}","0.6008","2026-07-01","1","Predicted continuous 5-day return using weekly price-volume data (regression output).","weekly_pricevol_r5_regression_pred","2","GBR","{""id"":""model-estimates-models"",""name"":""Estimates Models""}","[]","MATRIX","TOP700","0"
"0","{""id"":""model"",""name"":""Model""}","0","{""id"":""global_seasonal_model"",""name"":""Global Seasonal Regime Return Signals""}","0.6008","2026-07-01","1","Model confidence score for the first quantile label in 5-day return prediction using weekly price-volume data with regime context.","weekly_pricevol_regime_r5_quantile0_confscore","2","GBR","{""id"":""model-estimates-models"",""name"":""Estimates Models""}","[]","MATRIX","TOP700","0"
"0","{""id"":""model"",""name"":""Model""}","0","{""id"":""global_seasonal_model"",""name"":""Global Seasonal Regime Return Signals""}","0.6008","2026-07-01","1","Probability assigned to the first quantile for 5-day return prediction using weekly price-volume data with regime context.","weekly_pricevol_regime_r5_quantile0_prob","2","GBR","{""id"":""model-estimates-models"",""name"":""Estimates Models""}","[]","MATRIX","TOP700","0"
"0","{""id"":""model"",""name"":""Model""}","0","{""id"":""global_seasonal_model"",""name"":""Global Seasonal Regime Return Signals""}","0.6008","2026-07-01","1","Model confidence score for the second quantile label in 5-day return prediction using weekly price-volume data with regime context.","weekly_pricevol_regime_r5_quantile1_confscore","2","GBR","{""id"":""model-estimates-models"",""name"":""Estimates Models""}","[]","MATRIX","TOP700","0"
"0","{""id"":""model"",""name"":""Model""}","0","{""id"":""global_seasonal_model"",""name"":""Global Seasonal Regime Return Signals""}","0.6008","2026-07-01","1","Probability assigned to the second quantile for 5-day return prediction using weekly price-volume data with regime context.","weekly_pricevol_regime_r5_quantile1_prob","2","GBR","{""id"":""model-estimates-models"",""name"":""Estimates Models""}","[]","MATRIX","TOP700","0"
"0","{""id"":""model"",""name"":""Model""}","0","{""id"":""global_seasonal_model"",""name"":""Global Seasonal Regime Return Signals""}","0.6008","2026-07-01","1","Model confidence score for the second quantile label in 5-day return prediction using weekly price-volume data with regime context.","weekly_pricevol_regime_r5_quantile2_confscore","2","GBR","{""id"":""model-estimates-models"",""name"":""Estimates Models""}","[]","MATRIX","TOP700","0"
"0","{""id"":""model"",""name"":""Model""}","0","{""id"":""global_seasonal_model"",""name"":""Global Seasonal Regime Return Signals""}","0.6008","2026-07-01","1","Probability assigned to the second quantile for 5-day return prediction using weekly price-volume data with regime context.","weekly_pricevol_regime_r5_quantile2_prob","2","GBR","{""id"":""model-estimates-models"",""name"":""Estimates Models""}","[]","MATRIX","TOP700","0"
"0","{""id"":""model"",""name"":""Model""}","0","{""id"":""global_seasonal_model"",""name"":""Global Seasonal Regime Return Signals""}","0.6008","2026-07-01","1","Model confidence score for the third quantile label in 5-day return prediction using weekly price-volume data with regime context.","weekly_pricevol_regime_r5_quantile3_confscore","2","GBR","{""id"":""model-estimates-models"",""name"":""Estimates Models""}","[]","MATRIX","TOP700","0"
"0","{""id"":""model"",""name"":""Model""}","0","{""id"":""global_seasonal_model"",""name"":""Global Seasonal Regime Return Signals""}","0.6008","2026-07-01","1","Probability assigned to the third quantile for 5-day return prediction using weekly price-volume data with regime context.","weekly_pricevol_regime_r5_quantile3_prob","2","GBR","{""id"":""model-estimates-models"",""name"":""Estimates Models""}","[]","MATRIX","TOP700","0"
"0","{""id"":""model"",""name"":""Model""}","0","{""id"":""global_seasonal_model"",""name"":""Global Seasonal Regime Return Signals""}","0.6008","2026-07-01","1","Model confidence score for the fourth quantile label in 5-day return prediction using weekly price-volume data with regime context.","weekly_pricevol_regime_r5_quantile4_confscore","2","GBR","{""id"":""model-estimates-models"",""name"":""Estimates Models""}","[]","MATRIX","TOP700","0"
"0","{""id"":""model"",""name"":""Model""}","0","{""id"":""global_seasonal_model"",""name"":""Global Seasonal Regime Return Signals""}","0.6008","2026-07-01","1","Probability assigned to the fifth quantile for 5-day return prediction using weekly price-volume data with regime context.","weekly_pricevol_regime_r5_quantile4_prob","2","GBR","{""id"":""model-estimates-models"",""name"":""Estimates Models""}","[]","MATRIX","TOP700","0"
"0","{""id"":""model"",""name"":""Model""}","0","{""id"":""global_seasonal_model"",""name"":""Global Seasonal Regime Return Signals""}","0.6008","2026-07-01","1","Predicted quantile label for 5-day return using weekly price-volume data with regime context.","weekly_pricevol_regime_r5_quantile_pred","2","GBR","{""id"":""model-estimates-models"",""name"":""Estimates Models""}","[]","MATRIX","TOP700","0"
"0","{""id"":""model"",""name"":""Model""}","0","{""id"":""global_seasonal_model"",""name"":""Global Seasonal Regime Return Signals""}","0.6008","2026-07-01","1","Predicted continuous 5-day return using weekly price-volume data with regime context (regression output).","weekly_pricevol_regime_r5_regression_pred","2","GBR","{""id"":""model-estimates-models"",""name"":""Estimates Models""}","[]","MATRIX","TOP700","0"
"0","{""id"":""model"",""name"":""Model""}","0","{""id"":""global_seasonal_model"",""name"":""Global Seasonal Regime Return Signals""}","0.6008","2026-07-01","1","Model confidence score for the first quantile label in 5-day return prediction using only regime features in the weekly model.","weekly_regimeonly_r5_quantile0_confscore","2","GBR","{""id"":""model-estimates-models"",""name"":""Estimates Models""}","[]","MATRIX","TOP700","0"
"0","{""id"":""model"",""name"":""Model""}","0","{""id"":""global_seasonal_model"",""name"":""Global Seasonal Regime Return Signals""}","0.6008","2026-07-01","1","Probability assigned to the first quantile for 5-day return prediction using only regime features in the weekly model.","weekly_regimeonly_r5_quantile0_prob","2","GBR","{""id"":""model-estimates-models"",""name"":""Estimates Models""}","[]","MATRIX","TOP700","0"
"0","{""id"":""model"",""name"":""Model""}","0","{""id"":""global_seasonal_model"",""name"":""Global Seasonal Regime Return Signals""}","0.6008","2026-07-01","1","Model confidence score for the second quantile label in 5-day return prediction using only regime features in the weekly model.","weekly_regimeonly_r5_quantile1_confscore","2","GBR","{""id"":""model-estimates-models"",""name"":""Estimates Models""}","[]","MATRIX","TOP700","0"
"0","{""id"":""model"",""name"":""Model""}","0","{""id"":""global_seasonal_model"",""name"":""Global Seasonal Regime Return Signals""}","0.6008","2026-07-01","1","Probability assigned to the second quantile for 5-day return prediction using only regime features in the weekly model.","weekly_regimeonly_r5_quantile1_prob","2","GBR","{""id"":""model-estimates-models"",""name"":""Estimates Models""}","[]","MATRIX","TOP700","0"
"0","{""id"":""model"",""name"":""Model""}","0","{""id"":""global_seasonal_model"",""name"":""Global Seasonal Regime Return Signals""}","0.6008","2026-07-01","1","Model confidence score for the third quantile label in 5-day return prediction using only regime features in the weekly model.","weekly_regimeonly_r5_quantile2_confscore","2","GBR","{""id"":""model-estimates-models"",""name"":""Estimates Models""}","[]","MATRIX","TOP700","0"
"0","{""id"":""model"",""name"":""Model""}","0","{""id"":""global_seasonal_model"",""name"":""Global Seasonal Regime Return Signals""}","0.6008","2026-07-01","1","Probability assigned to the third quantile for 5-day return prediction using only regime features in the weekly model.","weekly_regimeonly_r5_quantile2_prob","2","GBR","{""id"":""model-estimates-models"",""name"":""Estimates Models""}","[]","MATRIX","TOP700","0"
"0","{""id"":""model"",""name"":""Model""}","0","{""id"":""global_seasonal_model"",""name"":""Global Seasonal Regime Return Signals""}","0.6008","2026-07-01","1","Model confidence score for the fourth quantile label in 5-day return prediction using only regime features in the weekly model.","weekly_regimeonly_r5_quantile3_confscore","2","GBR","{""id"":""model-estimates-models"",""name"":""Estimates Models""}","[]","MATRIX","TOP700","0"
"0","{""id"":""model"",""name"":""Model""}","0","{""id"":""global_seasonal_model"",""name"":""Global Seasonal Regime Return Signals""}","0.6008","2026-07-01","1","Probability assigned to the fourth quantile for 5-day return prediction using only regime features in the weekly model.","weekly_regimeonly_r5_quantile3_prob","2","GBR","{""id"":""model-estimates-models"",""name"":""Estimates Models""}","[]","MATRIX","TOP700","0"
"0","{""id"":""model"",""name"":""Model""}","0","{""id"":""global_seasonal_model"",""name"":""Global Seasonal Regime Return Signals""}","0.6008","2026-07-01","1","Model confidence score for the fifth quantile label in 5-day return prediction using only regime features in the weekly model.","weekly_regimeonly_r5_quantile4_confscore","2","GBR","{""id"":""model-estimates-models"",""name"":""Estimates Models""}","[]","MATRIX","TOP700","0"
"0","{""id"":""model"",""name"":""Model""}","0","{""id"":""global_seasonal_model"",""name"":""Global Seasonal Regime Return Signals""}","0.6008","2026-07-01","1","Probability assigned to the fifth quantile for 5-day return prediction using only regime features in the weekly model.","weekly_regimeonly_r5_quantile4_prob","2","GBR","{""id"":""model-estimates-models"",""name"":""Estimates Models""}","[]","MATRIX","TOP700","0"
"0","{""id"":""model"",""name"":""Model""}","0","{""id"":""global_seasonal_model"",""name"":""Global Seasonal Regime Return Signals""}","0.6008","2026-07-01","1","Predicted quantile label for 5-day return using only market regime features in the weekly model.","weekly_regimeonly_r5_quantile_pred","2","GBR","{""id"":""model-estimates-models"",""name"":""Estimates Models""}","[]","MATRIX","TOP700","0"
