"alphaCount","category","coverage","dataset","dateCoverage","dateCreated","delay","description","id","pyramidMultiplier","region","subcategory","themes","type","universe","userCount"
"0","{""id"":""pv"",""name"":""Price Volume""}","0","{""id"":""intraday_pv_feats"",""name"":""Daily Intraday Price Volume Features""}","1","2026-07-01","1","Ask price recorded 30 minutes after market open.","ask_price_30m_post_open","2","GBR","{""id"":""pv-price-volume"",""name"":""Price Volume""}","[]","MATRIX","TOP700","0"
"0","{""id"":""pv"",""name"":""Price Volume""}","0","{""id"":""intraday_pv_feats"",""name"":""Daily Intraday Price Volume Features""}","1","2026-07-01","1","Ask price at the 30-minute mark before market close.","ask_price_30m_pre_close_2","2","GBR","{""id"":""pv-price-volume"",""name"":""Price Volume""}","[]","MATRIX","TOP700","0"
"0","{""id"":""pv"",""name"":""Price Volume""}","0","{""id"":""intraday_pv_feats"",""name"":""Daily Intraday Price Volume Features""}","1","2026-07-01","1","Ask price recorded 60 minutes after market open.","ask_price_60m_post_open","2","GBR","{""id"":""pv-price-volume"",""name"":""Price Volume""}","[]","MATRIX","TOP700","0"
"0","{""id"":""pv"",""name"":""Price Volume""}","0","{""id"":""intraday_pv_feats"",""name"":""Daily Intraday Price Volume Features""}","1","2026-07-01","1","Ask price at the 60-minute mark before market close.","ask_price_60m_pre_close_2","2","GBR","{""id"":""pv-price-volume"",""name"":""Price Volume""}","[]","MATRIX","TOP700","0"
"0","{""id"":""pv"",""name"":""Price Volume""}","0","{""id"":""intraday_pv_feats"",""name"":""Daily Intraday Price Volume Features""}","1","2026-07-01","1","First intraday value of the ask quote after market open","ask_price_first_interval","2","GBR","{""id"":""pv-price-volume"",""name"":""Price Volume""}","[]","MATRIX","TOP700","0"
"0","{""id"":""pv"",""name"":""Price Volume""}","0","{""id"":""intraday_pv_feats"",""name"":""Daily Intraday Price Volume Features""}","1","2026-07-01","1","Ask price during the first 25% of cumulative daily volume.","ask_price_first_quarter_volume","2","GBR","{""id"":""pv-price-volume"",""name"":""Price Volume""}","[]","MATRIX","TOP700","0"
"0","{""id"":""pv"",""name"":""Price Volume""}","0","{""id"":""intraday_pv_feats"",""name"":""Daily Intraday Price Volume Features""}","1","2026-07-01","1","Ask price in the last 50% of the session.","ask_price_last_half","2","GBR","{""id"":""pv-price-volume"",""name"":""Price Volume""}","[]","MATRIX","TOP700","0"
"0","{""id"":""pv"",""name"":""Price Volume""}","0","{""id"":""intraday_pv_feats"",""name"":""Daily Intraday Price Volume Features""}","1","2026-07-01","1","Last intraday observation of the ask price at the end of the trading session","ask_price_last_interval","2","GBR","{""id"":""pv-price-volume"",""name"":""Price Volume""}","[]","MATRIX","TOP700","0"
"0","{""id"":""pv"",""name"":""Price Volume""}","0","{""id"":""intraday_pv_feats"",""name"":""Daily Intraday Price Volume Features""}","1","2026-07-01","1","Ask price in the last 25% of the session.","ask_price_last_quarter","2","GBR","{""id"":""pv-price-volume"",""name"":""Price Volume""}","[]","MATRIX","TOP700","0"
"0","{""id"":""pv"",""name"":""Price Volume""}","0","{""id"":""intraday_pv_feats"",""name"":""Daily Intraday Price Volume Features""}","1","2026-07-01","1","Average ask price during the first half of volume clock.","avg_ask_price_first_half_volume","2","GBR","{""id"":""pv-price-volume"",""name"":""Price Volume""}","[]","MATRIX","TOP700","0"
"0","{""id"":""pv"",""name"":""Price Volume""}","0","{""id"":""intraday_pv_feats"",""name"":""Daily Intraday Price Volume Features""}","1","2026-07-01","1","Mean ask price across intraday intervals within the last 50% of the day's cumulative traded volume","avg_ask_price_last_half","2","GBR","{""id"":""pv-price-volume"",""name"":""Price Volume""}","[]","MATRIX","TOP700","0"
"0","{""id"":""pv"",""name"":""Price Volume""}","0","{""id"":""intraday_pv_feats"",""name"":""Daily Intraday Price Volume Features""}","1","2026-07-01","1","Average ask price within the last 25% of intraday volume","avg_ask_price_last_quarter","2","GBR","{""id"":""pv-price-volume"",""name"":""Price Volume""}","[]","MATRIX","TOP700","0"
"0","{""id"":""pv"",""name"":""Price Volume""}","0","{""id"":""intraday_pv_feats"",""name"":""Daily Intraday Price Volume Features""}","1","2026-07-01","1","Average ratio of ask price to VWAP in the first half of volume clock.","avg_ask_price_to_vwap_ratio_first_half","2","GBR","{""id"":""pv-price-volume"",""name"":""Price Volume""}","[]","MATRIX","TOP700","0"
"0","{""id"":""pv"",""name"":""Price Volume""}","0","{""id"":""intraday_pv_feats"",""name"":""Daily Intraday Price Volume Features""}","1","2026-07-01","1","Average ratio of ask size to traded volume in the first half of volume clock.","avg_ask_size_to_volume_ratio_first_half","2","GBR","{""id"":""pv-price-volume"",""name"":""Price Volume""}","[]","MATRIX","TOP700","0"
"0","{""id"":""pv"",""name"":""Price Volume""}","0","{""id"":""intraday_pv_feats"",""name"":""Daily Intraday Price Volume Features""}","1","2026-07-01","1","Average ratio of ask size to traded volume in the last 50% of the session.","avg_ask_size_to_volume_ratio_last_half","2","GBR","{""id"":""pv-price-volume"",""name"":""Price Volume""}","[]","MATRIX","TOP700","0"
"0","{""id"":""pv"",""name"":""Price Volume""}","0","{""id"":""intraday_pv_feats"",""name"":""Daily Intraday Price Volume Features""}","1","2026-07-01","1","Average ratio of ask size to traded volume in the last 25% of the session.","avg_ask_size_to_volume_ratio_last_quarter","2","GBR","{""id"":""pv-price-volume"",""name"":""Price Volume""}","[]","MATRIX","TOP700","0"
"0","{""id"":""pv"",""name"":""Price Volume""}","0","{""id"":""intraday_pv_feats"",""name"":""Daily Intraday Price Volume Features""}","1","2026-07-01","1","Mean ratio of ask price to VWAP across intraday intervals within the last 50% of the day's cumulative traded volume","avg_ask_to_vwap_ratio_last_half","2","GBR","{""id"":""pv-price-volume"",""name"":""Price Volume""}","[]","MATRIX","TOP700","0"
"0","{""id"":""pv"",""name"":""Price Volume""}","0","{""id"":""intraday_pv_feats"",""name"":""Daily Intraday Price Volume Features""}","1","2026-07-01","1","Average ratio of combined bid and ask sizes to traded volume over intervals.","avg_bid_ask_size_to_volume_ratio","2","GBR","{""id"":""pv-price-volume"",""name"":""Price Volume""}","[]","MATRIX","TOP700","0"
"0","{""id"":""pv"",""name"":""Price Volume""}","0","{""id"":""intraday_pv_feats"",""name"":""Daily Intraday Price Volume Features""}","1","2026-07-01","1","Average bid price during the first half of volume clock.","avg_bid_price_first_half_volume","2","GBR","{""id"":""pv-price-volume"",""name"":""Price Volume""}","[]","MATRIX","TOP700","0"
"0","{""id"":""pv"",""name"":""Price Volume""}","0","{""id"":""intraday_pv_feats"",""name"":""Daily Intraday Price Volume Features""}","1","2026-07-01","1","Mean bid price computed over the last 50% of the day's cumulative volume","avg_bid_price_last_half","2","GBR","{""id"":""pv-price-volume"",""name"":""Price Volume""}","[]","MATRIX","TOP700","0"
"0","{""id"":""pv"",""name"":""Price Volume""}","0","{""id"":""intraday_pv_feats"",""name"":""Daily Intraday Price Volume Features""}","1","2026-07-01","1","Average ratio of bid price to VWAP in the first half of volume clock.","avg_bid_price_to_vwap_ratio_first_half","2","GBR","{""id"":""pv-price-volume"",""name"":""Price Volume""}","[]","MATRIX","TOP700","0"
"0","{""id"":""pv"",""name"":""Price Volume""}","0","{""id"":""intraday_pv_feats"",""name"":""Daily Intraday Price Volume Features""}","1","2026-07-01","1","Average ratio of bid size to traded volume in the first half of volume clock.","avg_bid_size_to_volume_ratio_first_half","2","GBR","{""id"":""pv-price-volume"",""name"":""Price Volume""}","[]","MATRIX","TOP700","0"
"0","{""id"":""pv"",""name"":""Price Volume""}","0","{""id"":""intraday_pv_feats"",""name"":""Daily Intraday Price Volume Features""}","1","2026-07-01","1","Average ratio of bid size to traded volume in the last 50% of the session.","avg_bid_size_to_volume_ratio_last_half","2","GBR","{""id"":""pv-price-volume"",""name"":""Price Volume""}","[]","MATRIX","TOP700","0"
"0","{""id"":""pv"",""name"":""Price Volume""}","0","{""id"":""intraday_pv_feats"",""name"":""Daily Intraday Price Volume Features""}","1","2026-07-01","1","Average ratio of bid size to traded volume in the last 25% of the session.","avg_bid_size_to_volume_ratio_last_quarter","2","GBR","{""id"":""pv-price-volume"",""name"":""Price Volume""}","[]","MATRIX","TOP700","0"
"0","{""id"":""pv"",""name"":""Price Volume""}","0","{""id"":""intraday_pv_feats"",""name"":""Daily Intraday Price Volume Features""}","1","2026-07-01","1","Average ratio of bid price to ask price across intervals.","avg_bid_to_ask_price_ratio","2","GBR","{""id"":""pv-price-volume"",""name"":""Price Volume""}","[]","MATRIX","TOP700","0"
"0","{""id"":""pv"",""name"":""Price Volume""}","0","{""id"":""intraday_pv_feats"",""name"":""Daily Intraday Price Volume Features""}","1","2026-07-01","1","Average ratio of bid price to ask price in the first half of volume clock.","avg_bid_to_ask_price_ratio_first_half","2","GBR","{""id"":""pv-price-volume"",""name"":""Price Volume""}","[]","MATRIX","TOP700","0"
"0","{""id"":""pv"",""name"":""Price Volume""}","0","{""id"":""intraday_pv_feats"",""name"":""Daily Intraday Price Volume Features""}","1","2026-07-01","1","Average ratio of bid price to ask price in the last 50% of the session.","avg_bid_to_ask_price_ratio_last_half","2","GBR","{""id"":""pv-price-volume"",""name"":""Price Volume""}","[]","MATRIX","TOP700","0"
"0","{""id"":""pv"",""name"":""Price Volume""}","0","{""id"":""intraday_pv_feats"",""name"":""Daily Intraday Price Volume Features""}","1","2026-07-01","1","Average ratio of bid price to VWAP in the last 50% of the session.","avg_bid_to_vwap_ratio_last_half","2","GBR","{""id"":""pv-price-volume"",""name"":""Price Volume""}","[]","MATRIX","TOP700","0"
"0","{""id"":""pv"",""name"":""Price Volume""}","0","{""id"":""intraday_pv_feats"",""name"":""Daily Intraday Price Volume Features""}","1","2026-07-01","1","Average ratio of bid price to VWAP in the last 25% of the session.","avg_bid_to_vwap_ratio_last_quarter","2","GBR","{""id"":""pv-price-volume"",""name"":""Price Volume""}","[]","MATRIX","TOP700","0"
"0","{""id"":""pv"",""name"":""Price Volume""}","0","{""id"":""intraday_pv_feats"",""name"":""Daily Intraday Price Volume Features""}","1","2026-07-01","1","Mean of high prices in the last 50% of the trading period.","avg_high_price_last_half","2","GBR","{""id"":""pv-price-volume"",""name"":""Price Volume""}","[]","MATRIX","TOP700","0"
"0","{""id"":""pv"",""name"":""Price Volume""}","0","{""id"":""intraday_pv_feats"",""name"":""Daily Intraday Price Volume Features""}","1","2026-07-01","1","Average high price within the last 25% of intraday volume","avg_high_price_last_quarter","2","GBR","{""id"":""pv-price-volume"",""name"":""Price Volume""}","[]","MATRIX","TOP700","0"
"0","{""id"":""pv"",""name"":""Price Volume""}","0","{""id"":""intraday_pv_feats"",""name"":""Daily Intraday Price Volume Features""}","1","2026-07-01","1","Mean last trade price computed over the last 50% of the day's cumulative volume","avg_last_trade_price_last_half","2","GBR","{""id"":""pv-price-volume"",""name"":""Price Volume""}","[]","MATRIX","TOP700","0"
"0","{""id"":""pv"",""name"":""Price Volume""}","0","{""id"":""intraday_pv_feats"",""name"":""Daily Intraday Price Volume Features""}","1","2026-07-01","1","Mean of the low price across intraday intervals within the last 50% of the day's cumulative traded volume","avg_low_price_last_half","2","GBR","{""id"":""pv-price-volume"",""name"":""Price Volume""}","[]","MATRIX","TOP700","0"
"0","{""id"":""pv"",""name"":""Price Volume""}","0","{""id"":""intraday_pv_feats"",""name"":""Daily Intraday Price Volume Features""}","1","2026-07-01","1","Average ratio of price modulo 10 during the first half of volume clock.","avg_price_modulo_10_ratio_first_half","2","GBR","{""id"":""pv-price-volume"",""name"":""Price Volume""}","[]","MATRIX","TOP700","0"
"0","{""id"":""pv"",""name"":""Price Volume""}","0","{""id"":""intraday_pv_feats"",""name"":""Daily Intraday Price Volume Features""}","1","2026-07-01","1","Mean ratio of price modulo 10 in the last 50% of the session.","avg_price_modulo_10_ratio_last_half","2","GBR","{""id"":""pv-price-volume"",""name"":""Price Volume""}","[]","MATRIX","TOP700","0"
"0","{""id"":""pv"",""name"":""Price Volume""}","0","{""id"":""intraday_pv_feats"",""name"":""Daily Intraday Price Volume Features""}","1","2026-07-01","1","Mean traded volume in the last 50% of the session.","avg_trade_volume_last_half","2","GBR","{""id"":""pv-price-volume"",""name"":""Price Volume""}","[]","MATRIX","TOP700","0"
"0","{""id"":""pv"",""name"":""Price Volume""}","0","{""id"":""intraday_pv_feats"",""name"":""Daily Intraday Price Volume Features""}","1","2026-07-01","1","Average intraday volume across intervals within the last 25% of cumulative volume of the prior trading day","avg_trade_volume_last_quarter","2","GBR","{""id"":""pv-price-volume"",""name"":""Price Volume""}","[]","MATRIX","TOP700","0"
"0","{""id"":""pv"",""name"":""Price Volume""}","0","{""id"":""intraday_pv_feats"",""name"":""Daily Intraday Price Volume Features""}","1","2026-07-01","1","Average ratio of traded volume to last trade size over intervals.","avg_volume_to_last_trade_ratio","2","GBR","{""id"":""pv-price-volume"",""name"":""Price Volume""}","[]","MATRIX","TOP700","0"
"0","{""id"":""pv"",""name"":""Price Volume""}","0","{""id"":""intraday_pv_feats"",""name"":""Daily Intraday Price Volume Features""}","1","2026-07-01","1","Mean volume-weighted average price (VWAP) across intraday intervals within the last 50% of the day's cumulative traded volume","avg_vwap_last_half","2","GBR","{""id"":""pv-price-volume"",""name"":""Price Volume""}","[]","MATRIX","TOP700","0"
"0","{""id"":""pv"",""name"":""Price Volume""}","0","{""id"":""intraday_pv_feats"",""name"":""Daily Intraday Price Volume Features""}","1","2026-07-01","1","Average VWAP across intraday intervals within the last 25% volume slice","avg_vwap_last_quarter","2","GBR","{""id"":""pv-price-volume"",""name"":""Price Volume""}","[]","MATRIX","TOP700","0"
"0","{""id"":""pv"",""name"":""Price Volume""}","0","{""id"":""intraday_pv_feats"",""name"":""Daily Intraday Price Volume Features""}","1","2026-07-01","1","Average ratio of volume-weighted average price to last trade price over intervals.","avg_vwap_to_last_price_ratio","2","GBR","{""id"":""pv-price-volume"",""name"":""Price Volume""}","[]","MATRIX","TOP700","0"
"0","{""id"":""pv"",""name"":""Price Volume""}","0","{""id"":""intraday_pv_feats"",""name"":""Daily Intraday Price Volume Features""}","1","2026-07-01","1","Bid price recorded 30 minutes after market open.","bid_price_30m_post_open","2","GBR","{""id"":""pv-price-volume"",""name"":""Price Volume""}","[]","MATRIX","TOP700","0"
"0","{""id"":""pv"",""name"":""Price Volume""}","0","{""id"":""intraday_pv_feats"",""name"":""Daily Intraday Price Volume Features""}","1","2026-07-01","1","Bid price at the 30-minute mark before market close.","bid_price_30m_pre_close_2","2","GBR","{""id"":""pv-price-volume"",""name"":""Price Volume""}","[]","MATRIX","TOP700","0"
"0","{""id"":""pv"",""name"":""Price Volume""}","0","{""id"":""intraday_pv_feats"",""name"":""Daily Intraday Price Volume Features""}","1","2026-07-01","1","Bid price recorded 60 minutes after market open.","bid_price_60m_post_open","2","GBR","{""id"":""pv-price-volume"",""name"":""Price Volume""}","[]","MATRIX","TOP700","0"
"0","{""id"":""pv"",""name"":""Price Volume""}","0","{""id"":""intraday_pv_feats"",""name"":""Daily Intraday Price Volume Features""}","1","2026-07-01","1","Bid price at the 60-minute mark before market close.","bid_price_60m_pre_close_2","2","GBR","{""id"":""pv-price-volume"",""name"":""Price Volume""}","[]","MATRIX","TOP700","0"
"0","{""id"":""pv"",""name"":""Price Volume""}","0","{""id"":""intraday_pv_feats"",""name"":""Daily Intraday Price Volume Features""}","1","2026-07-01","1","First intraday value of the bid quote after market open","bid_price_first_interval","2","GBR","{""id"":""pv-price-volume"",""name"":""Price Volume""}","[]","MATRIX","TOP700","0"
"0","{""id"":""pv"",""name"":""Price Volume""}","0","{""id"":""intraday_pv_feats"",""name"":""Daily Intraday Price Volume Features""}","1","2026-07-01","1","Bid price during the first 25% of cumulative daily volume.","bid_price_first_quarter_volume","2","GBR","{""id"":""pv-price-volume"",""name"":""Price Volume""}","[]","MATRIX","TOP700","0"
"0","{""id"":""pv"",""name"":""Price Volume""}","0","{""id"":""intraday_pv_feats"",""name"":""Daily Intraday Price Volume Features""}","1","2026-07-01","1","Bid price in the last 50% of the session.","bid_price_last_half","2","GBR","{""id"":""pv-price-volume"",""name"":""Price Volume""}","[]","MATRIX","TOP700","0"
"0","{""id"":""pv"",""name"":""Price Volume""}","0","{""id"":""intraday_pv_feats"",""name"":""Daily Intraday Price Volume Features""}","1","2026-07-01","1","Last intraday value of the bid quote during the trading session","bid_price_last_interval","2","GBR","{""id"":""pv-price-volume"",""name"":""Price Volume""}","[]","MATRIX","TOP700","0"
"0","{""id"":""pv"",""name"":""Price Volume""}","0","{""id"":""intraday_pv_feats"",""name"":""Daily Intraday Price Volume Features""}","1","2026-07-01","1","Bid price in the last 25% of the session.","bid_price_last_quarter","2","GBR","{""id"":""pv-price-volume"",""name"":""Price Volume""}","[]","MATRIX","TOP700","0"
"0","{""id"":""pv"",""name"":""Price Volume""}","0","{""id"":""intraday_pv_feats"",""name"":""Daily Intraday Price Volume Features""}","1","2026-07-01","1","Pearson correlation across intraday intervals during the trading day between interval best ask price and interval ask size (best ask depth), aggregated as a daily feature (D1)","corr_ask_price_with_ask_size","2","GBR","{""id"":""pv-price-volume"",""name"":""Price Volume""}","[]","MATRIX","TOP700","0"
"0","{""id"":""pv"",""name"":""Price Volume""}","0","{""id"":""intraday_pv_feats"",""name"":""Daily Intraday Price Volume Features""}","1","2026-07-01","1","Pearson correlation across intraday intervals during the trading day between interval best ask price and interval bid size (best bid depth), aggregated as a daily feature (D1)","corr_ask_price_with_bid_size","2","GBR","{""id"":""pv-price-volume"",""name"":""Price Volume""}","[]","MATRIX","TOP700","0"
"0","{""id"":""pv"",""name"":""Price Volume""}","0","{""id"":""intraday_pv_feats"",""name"":""Daily Intraday Price Volume Features""}","1","2026-07-01","1","Pearson-type correlation computed over intraday intervals during the trading session between interval ask price and interval slippage for the stock-day (daily scalar, D1)","corr_ask_price_with_slippage","2","GBR","{""id"":""pv-price-volume"",""name"":""Price Volume""}","[]","MATRIX","TOP700","0"
"0","{""id"":""pv"",""name"":""Price Volume""}","0","{""id"":""intraday_pv_feats"",""name"":""Daily Intraday Price Volume Features""}","1","2026-07-01","1","Pearson correlation across intraday intervals during the trading day between interval best ask price and interval traded volume, aggregated as a daily feature (D1)","corr_ask_price_with_volume","2","GBR","{""id"":""pv-price-volume"",""name"":""Price Volume""}","[]","MATRIX","TOP700","0"
"0","{""id"":""pv"",""name"":""Price Volume""}","0","{""id"":""intraday_pv_feats"",""name"":""Daily Intraday Price Volume Features""}","1","2026-07-01","1","Pearson correlation across intraday intervals during the trading day between interval best bid price and interval ask size (best ask depth), aggregated as a daily feature (D1)","corr_bid_price_with_ask_size","2","GBR","{""id"":""pv-price-volume"",""name"":""Price Volume""}","[]","MATRIX","TOP700","0"
"0","{""id"":""pv"",""name"":""Price Volume""}","0","{""id"":""intraday_pv_feats"",""name"":""Daily Intraday Price Volume Features""}","1","2026-07-01","1","Pearson correlation across intraday intervals during the trading day between interval best bid price and interval bid size (best bid depth), aggregated as a daily feature (D1)","corr_bid_price_with_bid_size","2","GBR","{""id"":""pv-price-volume"",""name"":""Price Volume""}","[]","MATRIX","TOP700","0"
"0","{""id"":""pv"",""name"":""Price Volume""}","0","{""id"":""intraday_pv_feats"",""name"":""Daily Intraday Price Volume Features""}","1","2026-07-01","1","Pearson-type correlation computed over intraday intervals during the trading session between interval bid price and interval slippage for the stock-day (daily scalar, D1)","corr_bid_price_with_slippage","2","GBR","{""id"":""pv-price-volume"",""name"":""Price Volume""}","[]","MATRIX","TOP700","0"
"0","{""id"":""pv"",""name"":""Price Volume""}","0","{""id"":""intraday_pv_feats"",""name"":""Daily Intraday Price Volume Features""}","1","2026-07-01","1","Pearson correlation across intraday intervals during the trading day between interval best bid price and interval traded volume, aggregated as a daily feature (D1)","corr_bid_price_with_volume","2","GBR","{""id"":""pv-price-volume"",""name"":""Price Volume""}","[]","MATRIX","TOP700","0"
"0","{""id"":""pv"",""name"":""Price Volume""}","0","{""id"":""intraday_pv_feats"",""name"":""Daily Intraday Price Volume Features""}","1","2026-07-01","1","Pearson correlation between bid price and ask price within the first 50% cumulative-volume slice","corr_bid_with_ask_price_first_half","2","GBR","{""id"":""pv-price-volume"",""name"":""Price Volume""}","[]","MATRIX","TOP700","0"
"0","{""id"":""pv"",""name"":""Price Volume""}","0","{""id"":""intraday_pv_feats"",""name"":""Daily Intraday Price Volume Features""}","1","2026-07-01","1","Correlation between bid price and ask price in the first quarter of volume clock.","corr_bid_with_ask_price_first_quarter_volumeclock","2","GBR","{""id"":""pv-price-volume"",""name"":""Price Volume""}","[]","MATRIX","TOP700","0"
"0","{""id"":""pv"",""name"":""Price Volume""}","0","{""id"":""intraday_pv_feats"",""name"":""Daily Intraday Price Volume Features""}","1","2026-07-01","1","Correlation between bid price and ask price in the last 50% of the session.","corr_bid_with_ask_price_last_half","2","GBR","{""id"":""pv-price-volume"",""name"":""Price Volume""}","[]","MATRIX","TOP700","0"
"0","{""id"":""pv"",""name"":""Price Volume""}","0","{""id"":""intraday_pv_feats"",""name"":""Daily Intraday Price Volume Features""}","1","2026-07-01","1","Pearson-type correlation between bid price and ask price within the last 25% cumulative volume slice of the prior trading day","corr_bid_with_ask_price_last_quarter_volumeclock","2","GBR","{""id"":""pv-price-volume"",""name"":""Price Volume""}","[]","MATRIX","TOP700","0"
"0","{""id"":""pv"",""name"":""Price Volume""}","0","{""id"":""intraday_pv_feats"",""name"":""Daily Intraday Price Volume Features""}","1","2026-07-01","1","Pearson correlation across intraday intervals during the trading day between interval high price and interval ask size (best ask depth), aggregated as a daily feature (D1)","corr_high_price_with_ask_size","2","GBR","{""id"":""pv-price-volume"",""name"":""Price Volume""}","[]","MATRIX","TOP700","0"
"0","{""id"":""pv"",""name"":""Price Volume""}","0","{""id"":""intraday_pv_feats"",""name"":""Daily Intraday Price Volume Features""}","1","2026-07-01","1","Pearson correlation across intraday intervals during the trading day between interval high price and interval bid size (best bid depth), aggregated as a daily feature (D1)","corr_high_price_with_bid_size","2","GBR","{""id"":""pv-price-volume"",""name"":""Price Volume""}","[]","MATRIX","TOP700","0"
"0","{""id"":""pv"",""name"":""Price Volume""}","0","{""id"":""intraday_pv_feats"",""name"":""Daily Intraday Price Volume Features""}","1","2026-07-01","1","Pearson correlation across intraday intervals during the trading day between interval high price and interval slippage, aggregated as a daily feature (D1)","corr_high_price_with_slippage","2","GBR","{""id"":""pv-price-volume"",""name"":""Price Volume""}","[]","MATRIX","TOP700","0"
"0","{""id"":""pv"",""name"":""Price Volume""}","0","{""id"":""intraday_pv_feats"",""name"":""Daily Intraday Price Volume Features""}","1","2026-07-01","1","Pearson correlation across intraday intervals during the trading day between interval high price and interval traded volume, aggregated as a daily feature (D1)","corr_high_price_with_volume","2","GBR","{""id"":""pv-price-volume"",""name"":""Price Volume""}","[]","MATRIX","TOP700","0"
"0","{""id"":""pv"",""name"":""Price Volume""}","0","{""id"":""intraday_pv_feats"",""name"":""Daily Intraday Price Volume Features""}","1","2026-07-01","1","Correlation between high and low prices during the last 25% of cumulative daily volume.","corr_high_with_low_last_quarter_volume","2","GBR","{""id"":""pv-price-volume"",""name"":""Price Volume""}","[]","MATRIX","TOP700","0"
"0","{""id"":""pv"",""name"":""Price Volume""}","0","{""id"":""intraday_pv_feats"",""name"":""Daily Intraday Price Volume Features""}","1","2026-07-01","1","Correlation between high and low prices in the first half of volume clock.","corr_high_with_low_price_first_half","2","GBR","{""id"":""pv-price-volume"",""name"":""Price Volume""}","[]","MATRIX","TOP700","0"
"0","{""id"":""pv"",""name"":""Price Volume""}","0","{""id"":""intraday_pv_feats"",""name"":""Daily Intraday Price Volume Features""}","1","2026-07-01","1","Correlation between high and low prices across intervals within the first 25% of the day's cumulative traded volume","corr_high_with_low_price_first_quarter_volumeclock","2","GBR","{""id"":""pv-price-volume"",""name"":""Price Volume""}","[]","MATRIX","TOP700","0"
"0","{""id"":""pv"",""name"":""Price Volume""}","0","{""id"":""intraday_pv_feats"",""name"":""Daily Intraday Price Volume Features""}","1","2026-07-01","1","Correlation between high price and low price in the last 50% of the session.","corr_high_with_low_price_last_half","2","GBR","{""id"":""pv-price-volume"",""name"":""Price Volume""}","[]","MATRIX","TOP700","0"
"0","{""id"":""pv"",""name"":""Price Volume""}","0","{""id"":""intraday_pv_feats"",""name"":""Daily Intraday Price Volume Features""}","1","2026-07-01","1","Pearson correlation coefficient across intraday intervals between the interval ask size and the interval bid size for the trading day (reported at D1)","corr_interval_asksize_with_interval_bidsize","2","GBR","{""id"":""pv-price-volume"",""name"":""Price Volume""}","[]","MATRIX","TOP700","0"
"0","{""id"":""pv"",""name"":""Price Volume""}","0","{""id"":""intraday_pv_feats"",""name"":""Daily Intraday Price Volume Features""}","1","2026-07-01","1","Daily Pearson correlation across intraday intervals between the interval bid quote and the interval ask quote for the stock (D1-delayed)","corr_interval_bid_with_interval_ask","2","GBR","{""id"":""pv-price-volume"",""name"":""Price Volume""}","[]","MATRIX","TOP700","0"
"0","{""id"":""pv"",""name"":""Price Volume""}","0","{""id"":""intraday_pv_feats"",""name"":""Daily Intraday Price Volume Features""}","1","2026-07-01","1","Correlation between interval high price and interval ask price.","corr_interval_high_with_interval_ask","2","GBR","{""id"":""pv-price-volume"",""name"":""Price Volume""}","[]","MATRIX","TOP700","0"
"0","{""id"":""pv"",""name"":""Price Volume""}","0","{""id"":""intraday_pv_feats"",""name"":""Daily Intraday Price Volume Features""}","1","2026-07-01","1","Correlation between interval high price and interval bid price.","corr_interval_high_with_interval_bid","2","GBR","{""id"":""pv-price-volume"",""name"":""Price Volume""}","[]","MATRIX","TOP700","0"
"0","{""id"":""pv"",""name"":""Price Volume""}","0","{""id"":""intraday_pv_feats"",""name"":""Daily Intraday Price Volume Features""}","1","2026-07-01","1","Correlation between interval low price and interval ask price.","corr_interval_low_with_interval_ask","2","GBR","{""id"":""pv-price-volume"",""name"":""Price Volume""}","[]","MATRIX","TOP700","0"
"0","{""id"":""pv"",""name"":""Price Volume""}","0","{""id"":""intraday_pv_feats"",""name"":""Daily Intraday Price Volume Features""}","1","2026-07-01","1","Correlation between interval low price and interval bid price.","corr_interval_low_with_interval_bid","2","GBR","{""id"":""pv-price-volume"",""name"":""Price Volume""}","[]","MATRIX","TOP700","0"
"0","{""id"":""pv"",""name"":""Price Volume""}","0","{""id"":""intraday_pv_feats"",""name"":""Daily Intraday Price Volume Features""}","1","2026-07-01","1","Pearson correlation across intraday intervals between each interval’s low and high prices for the trading day (D1)","corr_interval_low_with_interval_high","2","GBR","{""id"":""pv-price-volume"",""name"":""Price Volume""}","[]","MATRIX","TOP700","0"
"0","{""id"":""pv"",""name"":""Price Volume""}","0","{""id"":""intraday_pv_feats"",""name"":""Daily Intraday Price Volume Features""}","1","2026-07-01","1","Correlation between interval time-weighted average price and interval ask price.","corr_interval_twap_with_interval_ask","2","GBR","{""id"":""pv-price-volume"",""name"":""Price Volume""}","[]","MATRIX","TOP700","0"
"0","{""id"":""pv"",""name"":""Price Volume""}","0","{""id"":""intraday_pv_feats"",""name"":""Daily Intraday Price Volume Features""}","1","2026-07-01","1","Correlation between interval time-weighted average price and interval bid price.","corr_interval_twap_with_interval_bid_2","2","GBR","{""id"":""pv-price-volume"",""name"":""Price Volume""}","[]","MATRIX","TOP700","0"
"0","{""id"":""pv"",""name"":""Price Volume""}","0","{""id"":""intraday_pv_feats"",""name"":""Daily Intraday Price Volume Features""}","1","2026-07-01","1","Pearson correlation coefficient across intraday intervals between the interval TWAP and the interval high price for the trading day (reported at D1)","corr_interval_twap_with_interval_high","2","GBR","{""id"":""pv-price-volume"",""name"":""Price Volume""}","[]","MATRIX","TOP700","0"
"0","{""id"":""pv"",""name"":""Price Volume""}","0","{""id"":""intraday_pv_feats"",""name"":""Daily Intraday Price Volume Features""}","1","2026-07-01","1","Correlation between interval time-weighted average price and interval low price.","corr_interval_twap_with_interval_low","2","GBR","{""id"":""pv-price-volume"",""name"":""Price Volume""}","[]","MATRIX","TOP700","0"
"0","{""id"":""pv"",""name"":""Price Volume""}","0","{""id"":""intraday_pv_feats"",""name"":""Daily Intraday Price Volume Features""}","1","2026-07-01","1","Correlation between interval trade volume and interval ask size.","corr_interval_volume_with_interval_asksize","2","GBR","{""id"":""pv-price-volume"",""name"":""Price Volume""}","[]","MATRIX","TOP700","0"
"0","{""id"":""pv"",""name"":""Price Volume""}","0","{""id"":""intraday_pv_feats"",""name"":""Daily Intraday Price Volume Features""}","1","2026-07-01","1","Pearson correlation coefficient across intraday intervals between the interval traded volume and the interval bid size for the trading day (reported at D1)","corr_interval_volume_with_interval_bid_size","2","GBR","{""id"":""pv-price-volume"",""name"":""Price Volume""}","[]","MATRIX","TOP700","0"
"0","{""id"":""pv"",""name"":""Price Volume""}","0","{""id"":""intraday_pv_feats"",""name"":""Daily Intraday Price Volume Features""}","1","2026-07-01","1","Correlation between interval VWAP and interval ask price.","corr_interval_vwap_with_interval_ask","2","GBR","{""id"":""pv-price-volume"",""name"":""Price Volume""}","[]","MATRIX","TOP700","0"
"0","{""id"":""pv"",""name"":""Price Volume""}","0","{""id"":""intraday_pv_feats"",""name"":""Daily Intraday Price Volume Features""}","1","2026-07-01","1","Pearson correlation across intraday intervals between interval VWAP and interval bid quote price for the day (D1)","corr_interval_vwap_with_interval_bid_2","2","GBR","{""id"":""pv-price-volume"",""name"":""Price Volume""}","[]","MATRIX","TOP700","0"
"0","{""id"":""pv"",""name"":""Price Volume""}","0","{""id"":""intraday_pv_feats"",""name"":""Daily Intraday Price Volume Features""}","1","2026-07-01","1","Correlation between interval VWAP and interval high price.","corr_interval_vwap_with_interval_high","2","GBR","{""id"":""pv-price-volume"",""name"":""Price Volume""}","[]","MATRIX","TOP700","0"
"0","{""id"":""pv"",""name"":""Price Volume""}","0","{""id"":""intraday_pv_feats"",""name"":""Daily Intraday Price Volume Features""}","1","2026-07-01","1","Pearson correlation across intraday intervals between interval VWAP and interval low price for the day (D1)","corr_interval_vwap_with_interval_low_2","2","GBR","{""id"":""pv-price-volume"",""name"":""Price Volume""}","[]","MATRIX","TOP700","0"
"0","{""id"":""pv"",""name"":""Price Volume""}","0","{""id"":""intraday_pv_feats"",""name"":""Daily Intraday Price Volume Features""}","1","2026-07-01","1","Pearson correlation across intraday intervals between interval VWAP and interval TWAP for the day (D1)","corr_interval_vwap_with_interval_twap_2","2","GBR","{""id"":""pv-price-volume"",""name"":""Price Volume""}","[]","MATRIX","TOP700","0"
"0","{""id"":""pv"",""name"":""Price Volume""}","0","{""id"":""intraday_pv_feats"",""name"":""Daily Intraday Price Volume Features""}","1","2026-07-01","1","Correlation between the last high price and the interval ask price.","corr_last_high_with_interval_ask_2","2","GBR","{""id"":""pv-price-volume"",""name"":""Price Volume""}","[]","MATRIX","TOP700","0"
"0","{""id"":""pv"",""name"":""Price Volume""}","0","{""id"":""intraday_pv_feats"",""name"":""Daily Intraday Price Volume Features""}","1","2026-07-01","1","Correlation between last high price and interval bid price.","corr_last_high_with_interval_bid","2","GBR","{""id"":""pv-price-volume"",""name"":""Price Volume""}","[]","MATRIX","TOP700","0"
"0","{""id"":""pv"",""name"":""Price Volume""}","0","{""id"":""intraday_pv_feats"",""name"":""Daily Intraday Price Volume Features""}","1","2026-07-01","1","Correlation between the last high price and the interval high price.","corr_last_high_with_interval_high_2","2","GBR","{""id"":""pv-price-volume"",""name"":""Price Volume""}","[]","MATRIX","TOP700","0"
"0","{""id"":""pv"",""name"":""Price Volume""}","0","{""id"":""intraday_pv_feats"",""name"":""Daily Intraday Price Volume Features""}","1","2026-07-01","1","Correlation between last high price and interval low price.","corr_last_high_with_interval_low","2","GBR","{""id"":""pv-price-volume"",""name"":""Price Volume""}","[]","MATRIX","TOP700","0"
"0","{""id"":""pv"",""name"":""Price Volume""}","0","{""id"":""intraday_pv_feats"",""name"":""Daily Intraday Price Volume Features""}","1","2026-07-01","1","Correlation between last high price and interval time-weighted average price.","corr_last_high_with_interval_twap","2","GBR","{""id"":""pv-price-volume"",""name"":""Price Volume""}","[]","MATRIX","TOP700","0"
"0","{""id"":""pv"",""name"":""Price Volume""}","0","{""id"":""intraday_pv_feats"",""name"":""Daily Intraday Price Volume Features""}","1","2026-07-01","1","Correlation between last high price and interval VWAP.","corr_last_high_with_interval_vwap","2","GBR","{""id"":""pv-price-volume"",""name"":""Price Volume""}","[]","MATRIX","TOP700","0"
"0","{""id"":""pv"",""name"":""Price Volume""}","0","{""id"":""intraday_pv_feats"",""name"":""Daily Intraday Price Volume Features""}","1","2026-07-01","1","Correlation between last low price and interval ask price.","corr_last_low_with_interval_ask","2","GBR","{""id"":""pv-price-volume"",""name"":""Price Volume""}","[]","MATRIX","TOP700","0"
"0","{""id"":""pv"",""name"":""Price Volume""}","0","{""id"":""intraday_pv_feats"",""name"":""Daily Intraday Price Volume Features""}","1","2026-07-01","1","Correlation between last low price and interval bid price.","corr_last_low_with_interval_bid","2","GBR","{""id"":""pv-price-volume"",""name"":""Price Volume""}","[]","MATRIX","TOP700","0"
"0","{""id"":""pv"",""name"":""Price Volume""}","0","{""id"":""intraday_pv_feats"",""name"":""Daily Intraday Price Volume Features""}","1","2026-07-01","1","Correlation between last low price and interval high price.","corr_last_low_with_interval_high","2","GBR","{""id"":""pv-price-volume"",""name"":""Price Volume""}","[]","MATRIX","TOP700","0"
"0","{""id"":""pv"",""name"":""Price Volume""}","0","{""id"":""intraday_pv_feats"",""name"":""Daily Intraday Price Volume Features""}","1","2026-07-01","1","Correlation between last low price and interval low price.","corr_last_low_with_interval_low","2","GBR","{""id"":""pv-price-volume"",""name"":""Price Volume""}","[]","MATRIX","TOP700","0"
"0","{""id"":""pv"",""name"":""Price Volume""}","0","{""id"":""intraday_pv_feats"",""name"":""Daily Intraday Price Volume Features""}","1","2026-07-01","1","Correlation between the last low price and the interval time-weighted average price.","corr_last_low_with_interval_twap_2","2","GBR","{""id"":""pv-price-volume"",""name"":""Price Volume""}","[]","MATRIX","TOP700","0"
"0","{""id"":""pv"",""name"":""Price Volume""}","0","{""id"":""intraday_pv_feats"",""name"":""Daily Intraday Price Volume Features""}","1","2026-07-01","1","Correlation between the last low price and the interval volume-weighted average price.","corr_last_low_with_interval_vwap_2","2","GBR","{""id"":""pv-price-volume"",""name"":""Price Volume""}","[]","MATRIX","TOP700","0"
"0","{""id"":""pv"",""name"":""Price Volume""}","0","{""id"":""intraday_pv_feats"",""name"":""Daily Intraday Price Volume Features""}","1","2026-07-01","1","Correlation between last low price and last high price.","corr_last_low_with_last_high","2","GBR","{""id"":""pv-price-volume"",""name"":""Price Volume""}","[]","MATRIX","TOP700","0"
"0","{""id"":""pv"",""name"":""Price Volume""}","0","{""id"":""intraday_pv_feats"",""name"":""Daily Intraday Price Volume Features""}","1","2026-07-01","1","Correlation between the last trade price and the interval high price.","corr_last_price_with_interval_high","2","GBR","{""id"":""pv-price-volume"",""name"":""Price Volume""}","[]","MATRIX","TOP700","0"
"0","{""id"":""pv"",""name"":""Price Volume""}","0","{""id"":""intraday_pv_feats"",""name"":""Daily Intraday Price Volume Features""}","1","2026-07-01","1","Pearson correlation across intraday intervals during the trading day between last trade price per interval and interval ask size (best ask depth), aggregated as a daily feature (D1)","corr_last_trade_price_with_ask_size","2","GBR","{""id"":""pv-price-volume"",""name"":""Price Volume""}","[]","MATRIX","TOP700","0"
"0","{""id"":""pv"",""name"":""Price Volume""}","0","{""id"":""intraday_pv_feats"",""name"":""Daily Intraday Price Volume Features""}","1","2026-07-01","1","Pearson correlation across intraday intervals during the trading day between last trade price per interval and interval bid size (best bid depth), aggregated as a daily feature (D1)","corr_last_trade_price_with_bid_size","2","GBR","{""id"":""pv-price-volume"",""name"":""Price Volume""}","[]","MATRIX","TOP700","0"
"0","{""id"":""pv"",""name"":""Price Volume""}","0","{""id"":""intraday_pv_feats"",""name"":""Daily Intraday Price Volume Features""}","1","2026-07-01","1","Correlation between last trade price and interval ask price.","corr_last_trade_price_with_interval_ask","2","GBR","{""id"":""pv-price-volume"",""name"":""Price Volume""}","[]","MATRIX","TOP700","0"
"0","{""id"":""pv"",""name"":""Price Volume""}","0","{""id"":""intraday_pv_feats"",""name"":""Daily Intraday Price Volume Features""}","1","2026-07-01","1","Correlation between last trade price and interval bid price.","corr_last_trade_price_with_interval_bid","2","GBR","{""id"":""pv-price-volume"",""name"":""Price Volume""}","[]","MATRIX","TOP700","0"
"0","{""id"":""pv"",""name"":""Price Volume""}","0","{""id"":""intraday_pv_feats"",""name"":""Daily Intraday Price Volume Features""}","1","2026-07-01","1","Correlation between last trade price and interval low price.","corr_last_trade_price_with_interval_low","2","GBR","{""id"":""pv-price-volume"",""name"":""Price Volume""}","[]","MATRIX","TOP700","0"
"0","{""id"":""pv"",""name"":""Price Volume""}","0","{""id"":""intraday_pv_feats"",""name"":""Daily Intraday Price Volume Features""}","1","2026-07-01","1","Correlation between last trade price and interval time-weighted average price.","corr_last_trade_price_with_interval_twap","2","GBR","{""id"":""pv-price-volume"",""name"":""Price Volume""}","[]","MATRIX","TOP700","0"
"0","{""id"":""pv"",""name"":""Price Volume""}","0","{""id"":""intraday_pv_feats"",""name"":""Daily Intraday Price Volume Features""}","1","2026-07-01","1","Pearson correlation coefficient across intraday intervals between the last trade price and the interval VWAP for the trading day (reported at D1)","corr_last_trade_price_with_interval_vwap","2","GBR","{""id"":""pv-price-volume"",""name"":""Price Volume""}","[]","MATRIX","TOP700","0"
"0","{""id"":""pv"",""name"":""Price Volume""}","0","{""id"":""intraday_pv_feats"",""name"":""Daily Intraday Price Volume Features""}","1","2026-07-01","1","Correlation between last trade price and last high price.","corr_last_trade_price_with_last_high","2","GBR","{""id"":""pv-price-volume"",""name"":""Price Volume""}","[]","MATRIX","TOP700","0"
"0","{""id"":""pv"",""name"":""Price Volume""}","0","{""id"":""intraday_pv_feats"",""name"":""Daily Intraday Price Volume Features""}","1","2026-07-01","1","Correlation between last trade price and last low price.","corr_last_trade_price_with_last_low","2","GBR","{""id"":""pv-price-volume"",""name"":""Price Volume""}","[]","MATRIX","TOP700","0"
"0","{""id"":""pv"",""name"":""Price Volume""}","0","{""id"":""intraday_pv_feats"",""name"":""Daily Intraday Price Volume Features""}","1","2026-07-01","1","Pearson correlation across intraday intervals during the trading day between last trade price per interval and interval slippage, aggregated as a daily feature (D1)","corr_last_trade_price_with_slippage","2","GBR","{""id"":""pv-price-volume"",""name"":""Price Volume""}","[]","MATRIX","TOP700","0"
"0","{""id"":""pv"",""name"":""Price Volume""}","0","{""id"":""intraday_pv_feats"",""name"":""Daily Intraday Price Volume Features""}","1","2026-07-01","1","Pearson correlation across intraday intervals during the trading day between last trade price per interval and interval traded volume, aggregated as a daily feature (D1)","corr_last_trade_price_with_volume","2","GBR","{""id"":""pv-price-volume"",""name"":""Price Volume""}","[]","MATRIX","TOP700","0"
"0","{""id"":""pv"",""name"":""Price Volume""}","0","{""id"":""intraday_pv_feats"",""name"":""Daily Intraday Price Volume Features""}","1","2026-07-01","1","Pearson-type correlation computed over intraday intervals during the trading session between end-of-interval VWAP and interval ask size for the stock-day (daily scalar, D1)","corr_last_vwap_with_ask_size","2","GBR","{""id"":""pv-price-volume"",""name"":""Price Volume""}","[]","MATRIX","TOP700","0"
"0","{""id"":""pv"",""name"":""Price Volume""}","0","{""id"":""intraday_pv_feats"",""name"":""Daily Intraday Price Volume Features""}","1","2026-07-01","1","Pearson-type correlation computed over intraday intervals during the trading session between end-of-interval VWAP and interval bid size for the stock-day (daily scalar, D1)","corr_last_vwap_with_bid_size","2","GBR","{""id"":""pv-price-volume"",""name"":""Price Volume""}","[]","MATRIX","TOP700","0"
"0","{""id"":""pv"",""name"":""Price Volume""}","0","{""id"":""intraday_pv_feats"",""name"":""Daily Intraday Price Volume Features""}","1","2026-07-01","1","Correlation between last VWAP and interval ask price.","corr_last_vwap_with_interval_ask","2","GBR","{""id"":""pv-price-volume"",""name"":""Price Volume""}","[]","MATRIX","TOP700","0"
"0","{""id"":""pv"",""name"":""Price Volume""}","0","{""id"":""intraday_pv_feats"",""name"":""Daily Intraday Price Volume Features""}","1","2026-07-01","1","Correlation between last VWAP and interval bid price.","corr_last_vwap_with_interval_bid","2","GBR","{""id"":""pv-price-volume"",""name"":""Price Volume""}","[]","MATRIX","TOP700","0"
"0","{""id"":""pv"",""name"":""Price Volume""}","0","{""id"":""intraday_pv_feats"",""name"":""Daily Intraday Price Volume Features""}","1","2026-07-01","1","Correlation between the last volume-weighted average price and the interval high price.","corr_last_vwap_with_interval_high_2","2","GBR","{""id"":""pv-price-volume"",""name"":""Price Volume""}","[]","MATRIX","TOP700","0"
"0","{""id"":""pv"",""name"":""Price Volume""}","0","{""id"":""intraday_pv_feats"",""name"":""Daily Intraday Price Volume Features""}","1","2026-07-01","1","Correlation between last VWAP and interval low price.","corr_last_vwap_with_interval_low","2","GBR","{""id"":""pv-price-volume"",""name"":""Price Volume""}","[]","MATRIX","TOP700","0"
"0","{""id"":""pv"",""name"":""Price Volume""}","0","{""id"":""intraday_pv_feats"",""name"":""Daily Intraday Price Volume Features""}","1","2026-07-01","1","Correlation between the last volume-weighted average price and the interval time-weighted average price.","corr_last_vwap_with_interval_twap_2","2","GBR","{""id"":""pv-price-volume"",""name"":""Price Volume""}","[]","MATRIX","TOP700","0"
"0","{""id"":""pv"",""name"":""Price Volume""}","0","{""id"":""intraday_pv_feats"",""name"":""Daily Intraday Price Volume Features""}","1","2026-07-01","1","Pearson correlation coefficient across intraday intervals between the last-sampled VWAP (last_vwap) and the interval VWAP for the trading day (reported at D1)","corr_last_vwap_with_interval_vwap","2","GBR","{""id"":""pv-price-volume"",""name"":""Price Volume""}","[]","MATRIX","TOP700","0"
"0","{""id"":""pv"",""name"":""Price Volume""}","0","{""id"":""intraday_pv_feats"",""name"":""Daily Intraday Price Volume Features""}","1","2026-07-01","1","Correlation between the last volume-weighted average price and the last high price.","corr_last_vwap_with_last_high_2","2","GBR","{""id"":""pv-price-volume"",""name"":""Price Volume""}","[]","MATRIX","TOP700","0"
"0","{""id"":""pv"",""name"":""Price Volume""}","0","{""id"":""intraday_pv_feats"",""name"":""Daily Intraday Price Volume Features""}","1","2026-07-01","1","Correlation between the last volume-weighted average price and the last low price.","corr_last_vwap_with_last_low_2","2","GBR","{""id"":""pv-price-volume"",""name"":""Price Volume""}","[]","MATRIX","TOP700","0"
"0","{""id"":""pv"",""name"":""Price Volume""}","0","{""id"":""intraday_pv_feats"",""name"":""Daily Intraday Price Volume Features""}","1","2026-07-01","1","Correlation between the last volume-weighted average price and the last trade price.","corr_last_vwap_with_last_price_2","2","GBR","{""id"":""pv-price-volume"",""name"":""Price Volume""}","[]","MATRIX","TOP700","0"
"0","{""id"":""pv"",""name"":""Price Volume""}","0","{""id"":""intraday_pv_feats"",""name"":""Daily Intraday Price Volume Features""}","1","2026-07-01","1","Pearson-type correlation computed over intraday intervals during the trading session between end-of-interval VWAP and interval slippage for the stock-day (daily scalar, D1)","corr_last_vwap_with_slippage","2","GBR","{""id"":""pv-price-volume"",""name"":""Price Volume""}","[]","MATRIX","TOP700","0"
"0","{""id"":""pv"",""name"":""Price Volume""}","0","{""id"":""intraday_pv_feats"",""name"":""Daily Intraday Price Volume Features""}","1","2026-07-01","1","Pearson-type correlation computed over intraday intervals during the trading session between end-of-interval VWAP and interval traded volume for the stock-day (daily scalar, D1)","corr_last_vwap_with_volume","2","GBR","{""id"":""pv-price-volume"",""name"":""Price Volume""}","[]","MATRIX","TOP700","0"
"0","{""id"":""pv"",""name"":""Price Volume""}","0","{""id"":""intraday_pv_feats"",""name"":""Daily Intraday Price Volume Features""}","1","2026-07-01","1","Pearson correlation across intraday intervals during the trading day between interval low price and interval ask size (best ask depth), aggregated as a daily feature (D1)","corr_low_price_with_ask_size","2","GBR","{""id"":""pv-price-volume"",""name"":""Price Volume""}","[]","MATRIX","TOP700","0"
"0","{""id"":""pv"",""name"":""Price Volume""}","0","{""id"":""intraday_pv_feats"",""name"":""Daily Intraday Price Volume Features""}","1","2026-07-01","1","Pearson correlation across intraday intervals during the trading day between interval low price and interval bid size (best bid depth), aggregated as a daily feature (D1)","corr_low_price_with_bid_size","2","GBR","{""id"":""pv-price-volume"",""name"":""Price Volume""}","[]","MATRIX","TOP700","0"
"0","{""id"":""pv"",""name"":""Price Volume""}","0","{""id"":""intraday_pv_feats"",""name"":""Daily Intraday Price Volume Features""}","1","2026-07-01","1","Pearson-type correlation computed over intraday intervals during the trading session between interval low price and interval slippage for the stock-day (daily scalar, D1)","corr_low_price_with_slippage","2","GBR","{""id"":""pv-price-volume"",""name"":""Price Volume""}","[]","MATRIX","TOP700","0"
"0","{""id"":""pv"",""name"":""Price Volume""}","0","{""id"":""intraday_pv_feats"",""name"":""Daily Intraday Price Volume Features""}","1","2026-07-01","1","Pearson correlation across intraday intervals during the trading day between interval low price and interval traded volume, aggregated as a daily feature (D1)","corr_low_price_with_volume","2","GBR","{""id"":""pv-price-volume"",""name"":""Price Volume""}","[]","MATRIX","TOP700","0"
"0","{""id"":""pv"",""name"":""Price Volume""}","0","{""id"":""intraday_pv_feats"",""name"":""Daily Intraday Price Volume Features""}","1","2026-07-01","1","Pearson correlation across intraday intervals during the trading day between interval TWAP and interval ask size (best ask depth), aggregated as a daily feature (D1)","corr_twap_with_ask_size","2","GBR","{""id"":""pv-price-volume"",""name"":""Price Volume""}","[]","MATRIX","TOP700","0"
"0","{""id"":""pv"",""name"":""Price Volume""}","0","{""id"":""intraday_pv_feats"",""name"":""Daily Intraday Price Volume Features""}","1","2026-07-01","1","Pearson correlation across intraday intervals during the trading day between interval TWAP and interval bid size (best bid depth), aggregated as a daily feature (D1)","corr_twap_with_bid_size","2","GBR","{""id"":""pv-price-volume"",""name"":""Price Volume""}","[]","MATRIX","TOP700","0"
"0","{""id"":""pv"",""name"":""Price Volume""}","0","{""id"":""intraday_pv_feats"",""name"":""Daily Intraday Price Volume Features""}","1","2026-07-01","1","Pearson correlation across intraday intervals during the trading day between interval TWAP and interval slippage, aggregated as a daily feature (D1)","corr_twap_with_slippage","2","GBR","{""id"":""pv-price-volume"",""name"":""Price Volume""}","[]","MATRIX","TOP700","0"
"0","{""id"":""pv"",""name"":""Price Volume""}","0","{""id"":""intraday_pv_feats"",""name"":""Daily Intraday Price Volume Features""}","1","2026-07-01","1","Pearson correlation across intraday intervals during the trading day between interval TWAP and interval traded volume, aggregated as a daily feature (D1)","corr_twap_with_volume","2","GBR","{""id"":""pv-price-volume"",""name"":""Price Volume""}","[]","MATRIX","TOP700","0"
"0","{""id"":""pv"",""name"":""Price Volume""}","0","{""id"":""intraday_pv_feats"",""name"":""Daily Intraday Price Volume Features""}","1","2026-07-01","1","Correlation between traded volume and ask price in the first half of volume clock.","corr_volume_with_ask_price_first_half","2","GBR","{""id"":""pv-price-volume"",""name"":""Price Volume""}","[]","MATRIX","TOP700","0"
"0","{""id"":""pv"",""name"":""Price Volume""}","0","{""id"":""intraday_pv_feats"",""name"":""Daily Intraday Price Volume Features""}","1","2026-07-01","1","Correlation between volume and ask price in the first quarter of volume clock.","corr_volume_with_ask_price_first_quarter_volumeclock","2","GBR","{""id"":""pv-price-volume"",""name"":""Price Volume""}","[]","MATRIX","TOP700","0"
"0","{""id"":""pv"",""name"":""Price Volume""}","0","{""id"":""intraday_pv_feats"",""name"":""Daily Intraday Price Volume Features""}","1","2026-07-01","1","Correlation between traded volume and ask price in the last 50% of the session.","corr_volume_with_ask_price_last_half","2","GBR","{""id"":""pv-price-volume"",""name"":""Price Volume""}","[]","MATRIX","TOP700","0"
"0","{""id"":""pv"",""name"":""Price Volume""}","0","{""id"":""intraday_pv_feats"",""name"":""Daily Intraday Price Volume Features""}","1","2026-07-01","1","Pearson-type correlation between intraday volume and ask price within the last 25% cumulative volume slice of the prior trading day","corr_volume_with_ask_price_last_quarter_volumeclock","2","GBR","{""id"":""pv-price-volume"",""name"":""Price Volume""}","[]","MATRIX","TOP700","0"
"0","{""id"":""pv"",""name"":""Price Volume""}","0","{""id"":""intraday_pv_feats"",""name"":""Daily Intraday Price Volume Features""}","1","2026-07-01","1","Correlation between traded volume and bid price in the first half of volume clock.","corr_volume_with_bid_price_first_half","2","GBR","{""id"":""pv-price-volume"",""name"":""Price Volume""}","[]","MATRIX","TOP700","0"
"0","{""id"":""pv"",""name"":""Price Volume""}","0","{""id"":""intraday_pv_feats"",""name"":""Daily Intraday Price Volume Features""}","1","2026-07-01","1","Correlation between volume and bid price in the first quarter of volume clock.","corr_volume_with_bid_price_first_quarter_volumeclock","2","GBR","{""id"":""pv-price-volume"",""name"":""Price Volume""}","[]","MATRIX","TOP700","0"
"0","{""id"":""pv"",""name"":""Price Volume""}","0","{""id"":""intraday_pv_feats"",""name"":""Daily Intraday Price Volume Features""}","1","2026-07-01","1","Correlation between traded volume and bid price in the last 50% of the session.","corr_volume_with_bid_price_last_half","2","GBR","{""id"":""pv-price-volume"",""name"":""Price Volume""}","[]","MATRIX","TOP700","0"
"0","{""id"":""pv"",""name"":""Price Volume""}","0","{""id"":""intraday_pv_feats"",""name"":""Daily Intraday Price Volume Features""}","1","2026-07-01","1","Pearson-type correlation between intraday volume and bid price within the last 25% cumulative volume slice of the prior trading day","corr_volume_with_bid_price_last_quarter_volumeclock","2","GBR","{""id"":""pv-price-volume"",""name"":""Price Volume""}","[]","MATRIX","TOP700","0"
"0","{""id"":""pv"",""name"":""Price Volume""}","0","{""id"":""intraday_pv_feats"",""name"":""Daily Intraday Price Volume Features""}","1","2026-07-01","1","Correlation between traded volume and high price in the first half of volume clock.","corr_volume_with_high_price_first_half","2","GBR","{""id"":""pv-price-volume"",""name"":""Price Volume""}","[]","MATRIX","TOP700","0"
"0","{""id"":""pv"",""name"":""Price Volume""}","0","{""id"":""intraday_pv_feats"",""name"":""Daily Intraday Price Volume Features""}","1","2026-07-01","1","Correlation between volume and high price in the first quarter of volume clock.","corr_volume_with_high_price_first_quarter_volumeclock","2","GBR","{""id"":""pv-price-volume"",""name"":""Price Volume""}","[]","MATRIX","TOP700","0"
"0","{""id"":""pv"",""name"":""Price Volume""}","0","{""id"":""intraday_pv_feats"",""name"":""Daily Intraday Price Volume Features""}","1","2026-07-01","1","Correlation between traded volume and high price in the last 50% of the session.","corr_volume_with_high_price_last_half","2","GBR","{""id"":""pv-price-volume"",""name"":""Price Volume""}","[]","MATRIX","TOP700","0"
"0","{""id"":""pv"",""name"":""Price Volume""}","0","{""id"":""intraday_pv_feats"",""name"":""Daily Intraday Price Volume Features""}","1","2026-07-01","1","Correlation between volume and high price in the last quarter of volume clock.","corr_volume_with_high_price_last_quarter_volumeclock","2","GBR","{""id"":""pv-price-volume"",""name"":""Price Volume""}","[]","MATRIX","TOP700","0"
"0","{""id"":""pv"",""name"":""Price Volume""}","0","{""id"":""intraday_pv_feats"",""name"":""Daily Intraday Price Volume Features""}","1","2026-07-01","1","Pearson correlation between intraday interval volume and the last traded price computed over the last 50% of the day's cumulative traded volume","corr_volume_with_last_price_last_half","2","GBR","{""id"":""pv-price-volume"",""name"":""Price Volume""}","[]","MATRIX","TOP700","0"
"0","{""id"":""pv"",""name"":""Price Volume""}","0","{""id"":""intraday_pv_feats"",""name"":""Daily Intraday Price Volume Features""}","1","2026-07-01","1","Pearson-type correlation between intraday volume and last-traded price within the last 25% cumulative volume slice of the prior trading day","corr_volume_with_last_price_last_quarter","2","GBR","{""id"":""pv-price-volume"",""name"":""Price Volume""}","[]","MATRIX","TOP700","0"
"0","{""id"":""pv"",""name"":""Price Volume""}","0","{""id"":""intraday_pv_feats"",""name"":""Daily Intraday Price Volume Features""}","1","2026-07-01","1","Pearson correlation between intraday volume and last trade price within the first 50% cumulative-volume slice","corr_volume_with_last_trade_price_first_half","2","GBR","{""id"":""pv-price-volume"",""name"":""Price Volume""}","[]","MATRIX","TOP700","0"
"0","{""id"":""pv"",""name"":""Price Volume""}","0","{""id"":""intraday_pv_feats"",""name"":""Daily Intraday Price Volume Features""}","1","2026-07-01","1","Correlation between volume and last trade price in the first quarter of volume clock.","corr_volume_with_last_trade_price_first_quarter_volumeclock","2","GBR","{""id"":""pv-price-volume"",""name"":""Price Volume""}","[]","MATRIX","TOP700","0"
"0","{""id"":""pv"",""name"":""Price Volume""}","0","{""id"":""intraday_pv_feats"",""name"":""Daily Intraday Price Volume Features""}","1","2026-07-01","1","Correlation between traded volume and low price in the first half of volume clock.","corr_volume_with_low_price_first_half","2","GBR","{""id"":""pv-price-volume"",""name"":""Price Volume""}","[]","MATRIX","TOP700","0"
"0","{""id"":""pv"",""name"":""Price Volume""}","0","{""id"":""intraday_pv_feats"",""name"":""Daily Intraday Price Volume Features""}","1","2026-07-01","1","Correlation between volume and low price in the first quarter of volume clock.","corr_volume_with_low_price_first_quarter_volumeclock","2","GBR","{""id"":""pv-price-volume"",""name"":""Price Volume""}","[]","MATRIX","TOP700","0"
"0","{""id"":""pv"",""name"":""Price Volume""}","0","{""id"":""intraday_pv_feats"",""name"":""Daily Intraday Price Volume Features""}","1","2026-07-01","1","Correlation between traded volume and low price in the last 50% of the session.","corr_volume_with_low_price_last_half","2","GBR","{""id"":""pv-price-volume"",""name"":""Price Volume""}","[]","MATRIX","TOP700","0"
"0","{""id"":""pv"",""name"":""Price Volume""}","0","{""id"":""intraday_pv_feats"",""name"":""Daily Intraday Price Volume Features""}","1","2026-07-01","1","Correlation between volume and low price in the last quarter of volume clock.","corr_volume_with_low_price_last_quarter_volumeclock","2","GBR","{""id"":""pv-price-volume"",""name"":""Price Volume""}","[]","MATRIX","TOP700","0"
"0","{""id"":""pv"",""name"":""Price Volume""}","0","{""id"":""intraday_pv_feats"",""name"":""Daily Intraday Price Volume Features""}","1","2026-07-01","1","Pearson correlation across intraday intervals during the trading day between interval VWAP and interval ask size (best ask depth), aggregated as a daily feature (D1)","corr_vwap_with_ask_size","2","GBR","{""id"":""pv-price-volume"",""name"":""Price Volume""}","[]","MATRIX","TOP700","0"
"0","{""id"":""pv"",""name"":""Price Volume""}","0","{""id"":""intraday_pv_feats"",""name"":""Daily Intraday Price Volume Features""}","1","2026-07-01","1","Pearson correlation across intraday intervals during the trading day between interval VWAP and interval bid size (best bid depth), aggregated as a daily feature (D1)","corr_vwap_with_bid_size","2","GBR","{""id"":""pv-price-volume"",""name"":""Price Volume""}","[]","MATRIX","TOP700","0"
"0","{""id"":""pv"",""name"":""Price Volume""}","0","{""id"":""intraday_pv_feats"",""name"":""Daily Intraday Price Volume Features""}","1","2026-07-01","1","Pearson correlation across intraday intervals during the trading day between interval VWAP and interval slippage, aggregated as a daily feature (D1)","corr_vwap_with_slippage","2","GBR","{""id"":""pv-price-volume"",""name"":""Price Volume""}","[]","MATRIX","TOP700","0"
"0","{""id"":""pv"",""name"":""Price Volume""}","0","{""id"":""intraday_pv_feats"",""name"":""Daily Intraday Price Volume Features""}","1","2026-07-01","1","Pearson correlation across intraday intervals during the trading day between interval VWAP and interval traded volume, aggregated as a daily feature (D1)","corr_vwap_with_volume","2","GBR","{""id"":""pv-price-volume"",""name"":""Price Volume""}","[]","MATRIX","TOP700","0"
"0","{""id"":""pv"",""name"":""Price Volume""}","0","{""id"":""intraday_pv_feats"",""name"":""Daily Intraday Price Volume Features""}","1","2026-07-01","1","High price recorded 30 minutes after market open.","high_price_30m_post_open","2","GBR","{""id"":""pv-price-volume"",""name"":""Price Volume""}","[]","MATRIX","TOP700","0"
"0","{""id"":""pv"",""name"":""Price Volume""}","0","{""id"":""intraday_pv_feats"",""name"":""Daily Intraday Price Volume Features""}","1","2026-07-01","1","High price at the 30-minute mark before market close.","high_price_30m_pre_close_2","2","GBR","{""id"":""pv-price-volume"",""name"":""Price Volume""}","[]","MATRIX","TOP700","0"
"0","{""id"":""pv"",""name"":""Price Volume""}","0","{""id"":""intraday_pv_feats"",""name"":""Daily Intraday Price Volume Features""}","1","2026-07-01","1","High price recorded 60 minutes after market open.","high_price_60m_post_open","2","GBR","{""id"":""pv-price-volume"",""name"":""Price Volume""}","[]","MATRIX","TOP700","0"
"0","{""id"":""pv"",""name"":""Price Volume""}","0","{""id"":""intraday_pv_feats"",""name"":""Daily Intraday Price Volume Features""}","1","2026-07-01","1","High price at the 60-minute mark before market close.","high_price_60m_pre_close_2","2","GBR","{""id"":""pv-price-volume"",""name"":""Price Volume""}","[]","MATRIX","TOP700","0"
"0","{""id"":""pv"",""name"":""Price Volume""}","0","{""id"":""intraday_pv_feats"",""name"":""Daily Intraday Price Volume Features""}","1","2026-07-01","1","First intraday interval high observed at session start","high_price_first_interval","2","GBR","{""id"":""pv-price-volume"",""name"":""Price Volume""}","[]","MATRIX","TOP700","0"
"0","{""id"":""pv"",""name"":""Price Volume""}","0","{""id"":""intraday_pv_feats"",""name"":""Daily Intraday Price Volume Features""}","1","2026-07-01","1","Last observed intraday high (final interval's high) of the session","high_price_last_interval","2","GBR","{""id"":""pv-price-volume"",""name"":""Price Volume""}","[]","MATRIX","TOP700","0"
"0","{""id"":""pv"",""name"":""Price Volume""}","0","{""id"":""intraday_pv_feats"",""name"":""Daily Intraday Price Volume Features""}","1","2026-07-01","1","Kurtosis of the best ask price series across intraday intervals during the session","kurtosis_ask_price_interval","2","GBR","{""id"":""pv-price-volume"",""name"":""Price Volume""}","[]","MATRIX","TOP700","0"
"0","{""id"":""pv"",""name"":""Price Volume""}","0","{""id"":""intraday_pv_feats"",""name"":""Daily Intraday Price Volume Features""}","1","2026-07-01","1","Kurtosis of the intraday bid price series across the session","kurtosis_bid_price_interval","2","GBR","{""id"":""pv-price-volume"",""name"":""Price Volume""}","[]","MATRIX","TOP700","0"
"0","{""id"":""pv"",""name"":""Price Volume""}","0","{""id"":""intraday_pv_feats"",""name"":""Daily Intraday Price Volume Features""}","1","2026-07-01","1","Kurtosis of the intraday high price series over the session","kurtosis_high_price_interval","2","GBR","{""id"":""pv-price-volume"",""name"":""Price Volume""}","[]","MATRIX","TOP700","0"
"0","{""id"":""pv"",""name"":""Price Volume""}","0","{""id"":""intraday_pv_feats"",""name"":""Daily Intraday Price Volume Features""}","1","2026-07-01","1","Kurtosis of the intraday last-traded price series over the session","kurtosis_last_trade_price_interval","2","GBR","{""id"":""pv-price-volume"",""name"":""Price Volume""}","[]","MATRIX","TOP700","0"
"0","{""id"":""pv"",""name"":""Price Volume""}","0","{""id"":""intraday_pv_feats"",""name"":""Daily Intraday Price Volume Features""}","1","2026-07-01","1","Kurtosis of the intraday low price series across the session","kurtosis_low_price_interval","2","GBR","{""id"":""pv-price-volume"",""name"":""Price Volume""}","[]","MATRIX","TOP700","0"
"0","{""id"":""pv"",""name"":""Price Volume""}","0","{""id"":""intraday_pv_feats"",""name"":""Daily Intraday Price Volume Features""}","1","2026-07-01","1","Kurtosis of slippage values across intervals.","kurtosis_slippage_interval","2","GBR","{""id"":""pv-price-volume"",""name"":""Price Volume""}","[]","MATRIX","TOP700","0"
"0","{""id"":""pv"",""name"":""Price Volume""}","0","{""id"":""intraday_pv_feats"",""name"":""Daily Intraday Price Volume Features""}","1","2026-07-01","1","Kurtosis of the intraday volume series across intervals over the prior trading day’s session","kurtosis_trade_volume_interval","2","GBR","{""id"":""pv-price-volume"",""name"":""Price Volume""}","[]","MATRIX","TOP700","0"
"0","{""id"":""pv"",""name"":""Price Volume""}","0","{""id"":""intraday_pv_feats"",""name"":""Daily Intraday Price Volume Features""}","1","2026-07-01","1","Kurtosis of the intraday VWAP series across the trading session","kurtosis_vwap_interval","2","GBR","{""id"":""pv-price-volume"",""name"":""Price Volume""}","[]","MATRIX","TOP700","0"
"0","{""id"":""pv"",""name"":""Price Volume""}","0","{""id"":""intraday_pv_feats"",""name"":""Daily Intraday Price Volume Features""}","1","2026-07-01","1","Last trade price recorded 30 minutes after market open.","last_trade_price_30m_post_open","2","GBR","{""id"":""pv-price-volume"",""name"":""Price Volume""}","[]","MATRIX","TOP700","0"
"0","{""id"":""pv"",""name"":""Price Volume""}","0","{""id"":""intraday_pv_feats"",""name"":""Daily Intraday Price Volume Features""}","1","2026-07-01","1","Last trade price at the 30-minute mark before market close.","last_trade_price_30m_pre_close_2","2","GBR","{""id"":""pv-price-volume"",""name"":""Price Volume""}","[]","MATRIX","TOP700","0"
"0","{""id"":""pv"",""name"":""Price Volume""}","0","{""id"":""intraday_pv_feats"",""name"":""Daily Intraday Price Volume Features""}","1","2026-07-01","1","Last trade price recorded 60 minutes after market open.","last_trade_price_60m_post_open","2","GBR","{""id"":""pv-price-volume"",""name"":""Price Volume""}","[]","MATRIX","TOP700","0"
"0","{""id"":""pv"",""name"":""Price Volume""}","0","{""id"":""intraday_pv_feats"",""name"":""Daily Intraday Price Volume Features""}","1","2026-07-01","1","Last trade price at the 60-minute mark before market close.","last_trade_price_60m_pre_close_2","2","GBR","{""id"":""pv-price-volume"",""name"":""Price Volume""}","[]","MATRIX","TOP700","0"
"0","{""id"":""pv"",""name"":""Price Volume""}","0","{""id"":""intraday_pv_feats"",""name"":""Daily Intraday Price Volume Features""}","1","2026-07-01","1","First intraday observation of the last trade price at the start of the trading session","last_trade_price_first_interval","2","GBR","{""id"":""pv-price-volume"",""name"":""Price Volume""}","[]","MATRIX","TOP700","0"
"0","{""id"":""pv"",""name"":""Price Volume""}","0","{""id"":""intraday_pv_feats"",""name"":""Daily Intraday Price Volume Features""}","1","2026-07-01","1","Last intraday observation of the last trade price at the end of the trading session","last_trade_price_last_interval","2","GBR","{""id"":""pv-price-volume"",""name"":""Price Volume""}","[]","MATRIX","TOP700","0"
"0","{""id"":""pv"",""name"":""Price Volume""}","0","{""id"":""intraday_pv_feats"",""name"":""Daily Intraday Price Volume Features""}","1","2026-07-01","1","Low price recorded 30 minutes after market open.","low_price_30m_post_open","2","GBR","{""id"":""pv-price-volume"",""name"":""Price Volume""}","[]","MATRIX","TOP700","0"
"0","{""id"":""pv"",""name"":""Price Volume""}","0","{""id"":""intraday_pv_feats"",""name"":""Daily Intraday Price Volume Features""}","1","2026-07-01","1","Low price at the 30-minute mark before market close.","low_price_30m_pre_close_2","2","GBR","{""id"":""pv-price-volume"",""name"":""Price Volume""}","[]","MATRIX","TOP700","0"
"0","{""id"":""pv"",""name"":""Price Volume""}","0","{""id"":""intraday_pv_feats"",""name"":""Daily Intraday Price Volume Features""}","1","2026-07-01","1","Low price recorded 60 minutes after market open.","low_price_60m_post_open","2","GBR","{""id"":""pv-price-volume"",""name"":""Price Volume""}","[]","MATRIX","TOP700","0"
"0","{""id"":""pv"",""name"":""Price Volume""}","0","{""id"":""intraday_pv_feats"",""name"":""Daily Intraday Price Volume Features""}","1","2026-07-01","1","Low price at the 60-minute mark before market close.","low_price_60m_pre_close_2","2","GBR","{""id"":""pv-price-volume"",""name"":""Price Volume""}","[]","MATRIX","TOP700","0"
"0","{""id"":""pv"",""name"":""Price Volume""}","0","{""id"":""intraday_pv_feats"",""name"":""Daily Intraday Price Volume Features""}","1","2026-07-01","1","Low price in the first interval of the day.","low_price_first_interval","2","GBR","{""id"":""pv-price-volume"",""name"":""Price Volume""}","[]","MATRIX","TOP700","0"
"0","{""id"":""pv"",""name"":""Price Volume""}","0","{""id"":""intraday_pv_feats"",""name"":""Daily Intraday Price Volume Features""}","1","2026-07-01","1","Low price in the last interval of the day.","low_price_last_interval","2","GBR","{""id"":""pv-price-volume"",""name"":""Price Volume""}","[]","MATRIX","TOP700","0"
"0","{""id"":""pv"",""name"":""Price Volume""}","0","{""id"":""intraday_pv_feats"",""name"":""Daily Intraday Price Volume Features""}","1","2026-07-01","1","max best ask price observed within the first 30 minutes since market open","max_ask_price_30m_post_open","2","GBR","{""id"":""pv-price-volume"",""name"":""Price Volume""}","[]","MATRIX","TOP700","0"
"0","{""id"":""pv"",""name"":""Price Volume""}","0","{""id"":""intraday_pv_feats"",""name"":""Daily Intraday Price Volume Features""}","1","2026-07-01","1","Maximum ask price within the last 30 minutes before the exchange close","max_ask_price_30m_pre_close","2","GBR","{""id"":""pv-price-volume"",""name"":""Price Volume""}","[]","MATRIX","TOP700","0"
"0","{""id"":""pv"",""name"":""Price Volume""}","0","{""id"":""intraday_pv_feats"",""name"":""Daily Intraday Price Volume Features""}","1","2026-07-01","1","Maximum ask price observed during the first 60 minutes after the market open","max_ask_price_60m_post_open","2","GBR","{""id"":""pv-price-volume"",""name"":""Price Volume""}","[]","MATRIX","TOP700","0"
"0","{""id"":""pv"",""name"":""Price Volume""}","0","{""id"":""intraday_pv_feats"",""name"":""Daily Intraday Price Volume Features""}","1","2026-07-01","1","Maximum ask price observed during the last 60 minutes before the exchange close","max_ask_price_60m_pre_close","2","GBR","{""id"":""pv-price-volume"",""name"":""Price Volume""}","[]","MATRIX","TOP700","0"
"0","{""id"":""pv"",""name"":""Price Volume""}","0","{""id"":""intraday_pv_feats"",""name"":""Daily Intraday Price Volume Features""}","1","2026-07-01","1","Maximum of the intraday ask price across all intervals during the trading session, computed from the prior day’s intraday data (D1)","max_ask_price_interval","2","GBR","{""id"":""pv-price-volume"",""name"":""Price Volume""}","[]","MATRIX","TOP700","0"
"0","{""id"":""pv"",""name"":""Price Volume""}","0","{""id"":""intraday_pv_feats"",""name"":""Daily Intraday Price Volume Features""}","1","2026-07-01","1","Maximum ratio of ask price to volume-weighted average price in intervals.","max_ask_price_to_vwap_ratio","2","GBR","{""id"":""pv-price-volume"",""name"":""Price Volume""}","[]","MATRIX","TOP700","0"
"0","{""id"":""pv"",""name"":""Price Volume""}","0","{""id"":""intraday_pv_feats"",""name"":""Daily Intraday Price Volume Features""}","1","2026-07-01","1","Maximum ratio of ask size to traded volume observed in intervals.","max_ask_size_to_volume_ratio","2","GBR","{""id"":""pv-price-volume"",""name"":""Price Volume""}","[]","MATRIX","TOP700","0"
"0","{""id"":""pv"",""name"":""Price Volume""}","0","{""id"":""intraday_pv_feats"",""name"":""Daily Intraday Price Volume Features""}","1","2026-07-01","1","Intraday maximum across intervals of the ratio of bid to ask price","max_bid_ask_price_ratio_daily","2","GBR","{""id"":""pv-price-volume"",""name"":""Price Volume""}","[]","MATRIX","TOP700","0"
"0","{""id"":""pv"",""name"":""Price Volume""}","0","{""id"":""intraday_pv_feats"",""name"":""Daily Intraday Price Volume Features""}","1","2026-07-01","1","Maximum ratio of bid size to ask size for the day.","max_bid_ask_size_ratio_daily","2","GBR","{""id"":""pv-price-volume"",""name"":""Price Volume""}","[]","MATRIX","TOP700","0"
"0","{""id"":""pv"",""name"":""Price Volume""}","0","{""id"":""intraday_pv_feats"",""name"":""Daily Intraday Price Volume Features""}","1","2026-07-01","1","Maximum ratio of combined bid and ask size to trading volume for the day.","max_bid_ask_size_volume_ratio_daily","2","GBR","{""id"":""pv-price-volume"",""name"":""Price Volume""}","[]","MATRIX","TOP700","0"
"0","{""id"":""pv"",""name"":""Price Volume""}","0","{""id"":""intraday_pv_feats"",""name"":""Daily Intraday Price Volume Features""}","1","2026-07-01","1","Maximum bid price during the first 30 minutes after the exchange open","max_bid_price_30m_post_open","2","GBR","{""id"":""pv-price-volume"",""name"":""Price Volume""}","[]","MATRIX","TOP700","0"
"0","{""id"":""pv"",""name"":""Price Volume""}","0","{""id"":""intraday_pv_feats"",""name"":""Daily Intraday Price Volume Features""}","1","2026-07-01","1","Maximum bid price in the last 30 minutes before market close.","max_bid_price_30m_pre_close_2","2","GBR","{""id"":""pv-price-volume"",""name"":""Price Volume""}","[]","MATRIX","TOP700","0"
"0","{""id"":""pv"",""name"":""Price Volume""}","0","{""id"":""intraday_pv_feats"",""name"":""Daily Intraday Price Volume Features""}","1","2026-07-01","1","Maximum bid price observed during the first 60 minutes after market open","max_bid_price_60m_post_open","2","GBR","{""id"":""pv-price-volume"",""name"":""Price Volume""}","[]","MATRIX","TOP700","0"
"0","{""id"":""pv"",""name"":""Price Volume""}","0","{""id"":""intraday_pv_feats"",""name"":""Daily Intraday Price Volume Features""}","1","2026-07-01","1","Maximum bid price within the last 60 minutes before the exchange close","max_bid_price_60m_pre_close","2","GBR","{""id"":""pv-price-volume"",""name"":""Price Volume""}","[]","MATRIX","TOP700","0"
"0","{""id"":""pv"",""name"":""Price Volume""}","0","{""id"":""intraday_pv_feats"",""name"":""Daily Intraday Price Volume Features""}","1","2026-07-01","1","Maximum intraday bid quote during the trading session","max_bid_price_interval_2","2","GBR","{""id"":""pv-price-volume"",""name"":""Price Volume""}","[]","MATRIX","TOP700","0"
"0","{""id"":""pv"",""name"":""Price Volume""}","0","{""id"":""intraday_pv_feats"",""name"":""Daily Intraday Price Volume Features""}","1","2026-07-01","1","Maximum ratio of bid size to traded volume observed in intervals.","max_bid_size_to_volume_ratio","2","GBR","{""id"":""pv-price-volume"",""name"":""Price Volume""}","[]","MATRIX","TOP700","0"
"0","{""id"":""pv"",""name"":""Price Volume""}","0","{""id"":""intraday_pv_feats"",""name"":""Daily Intraday Price Volume Features""}","1","2026-07-01","1","Intraday maximum across intervals of the ratio of bid price to VWAP","max_bid_vwap_ratio_daily","2","GBR","{""id"":""pv-price-volume"",""name"":""Price Volume""}","[]","MATRIX","TOP700","0"
"0","{""id"":""pv"",""name"":""Price Volume""}","0","{""id"":""intraday_pv_feats"",""name"":""Daily Intraday Price Volume Features""}","1","2026-07-01","1","Maximum ratio of high price to last price across intervals for the day.","max_high_interval_last_ratio_daily","2","GBR","{""id"":""pv-price-volume"",""name"":""Price Volume""}","[]","MATRIX","TOP700","0"
"0","{""id"":""pv"",""name"":""Price Volume""}","0","{""id"":""intraday_pv_feats"",""name"":""Daily Intraday Price Volume Features""}","1","2026-07-01","1","Maximum of the high price series (highest high) in the first 30 minutes after the exchange opens","max_high_price_30m_post_open","2","GBR","{""id"":""pv-price-volume"",""name"":""Price Volume""}","[]","MATRIX","TOP700","0"
"0","{""id"":""pv"",""name"":""Price Volume""}","0","{""id"":""intraday_pv_feats"",""name"":""Daily Intraday Price Volume Features""}","1","2026-07-01","1","Highest high price reached during the last 30 minutes before the close","max_high_price_30m_pre_close_2","2","GBR","{""id"":""pv-price-volume"",""name"":""Price Volume""}","[]","MATRIX","TOP700","0"
"0","{""id"":""pv"",""name"":""Price Volume""}","0","{""id"":""intraday_pv_feats"",""name"":""Daily Intraday Price Volume Features""}","1","2026-07-01","1","max of the per-interval high prices within the first 60 minutes since open (highest high)","max_high_price_60m_post_open","2","GBR","{""id"":""pv-price-volume"",""name"":""Price Volume""}","[]","MATRIX","TOP700","0"
"0","{""id"":""pv"",""name"":""Price Volume""}","0","{""id"":""intraday_pv_feats"",""name"":""Daily Intraday Price Volume Features""}","1","2026-07-01","1","Maximum of the high price series within the last 60 minutes before the exchange close","max_high_price_60m_pre_close_2","2","GBR","{""id"":""pv-price-volume"",""name"":""Price Volume""}","[]","MATRIX","TOP700","0"
"0","{""id"":""pv"",""name"":""Price Volume""}","0","{""id"":""intraday_pv_feats"",""name"":""Daily Intraday Price Volume Features""}","1","2026-07-01","1","Maximum of the intraday high series across the session, the session’s highest high","max_high_price_interval","2","GBR","{""id"":""pv-price-volume"",""name"":""Price Volume""}","[]","MATRIX","TOP700","0"
"0","{""id"":""pv"",""name"":""Price Volume""}","0","{""id"":""intraday_pv_feats"",""name"":""Daily Intraday Price Volume Features""}","1","2026-07-01","1","Maximum last traded price during the first 30 minutes after the exchange open","max_last_trade_price_30m_post_open","2","GBR","{""id"":""pv-price-volume"",""name"":""Price Volume""}","[]","MATRIX","TOP700","0"
"0","{""id"":""pv"",""name"":""Price Volume""}","0","{""id"":""intraday_pv_feats"",""name"":""Daily Intraday Price Volume Features""}","1","2026-07-01","1","Maximum last traded price observed within the last 30 minutes before the exchange close","max_last_trade_price_30m_pre_close_2","2","GBR","{""id"":""pv-price-volume"",""name"":""Price Volume""}","[]","MATRIX","TOP700","0"
"0","{""id"":""pv"",""name"":""Price Volume""}","0","{""id"":""intraday_pv_feats"",""name"":""Daily Intraday Price Volume Features""}","1","2026-07-01","1","Maximum last-traded price observed during the first 60 minutes after the exchange opens","max_last_trade_price_60m_post_open","2","GBR","{""id"":""pv-price-volume"",""name"":""Price Volume""}","[]","MATRIX","TOP700","0"
"0","{""id"":""pv"",""name"":""Price Volume""}","0","{""id"":""intraday_pv_feats"",""name"":""Daily Intraday Price Volume Features""}","1","2026-07-01","1","Maximum last-traded price during the 60 minutes before close","max_last_trade_price_60m_pre_close_2","2","GBR","{""id"":""pv-price-volume"",""name"":""Price Volume""}","[]","MATRIX","TOP700","0"
"0","{""id"":""pv"",""name"":""Price Volume""}","0","{""id"":""intraday_pv_feats"",""name"":""Daily Intraday Price Volume Features""}","1","2026-07-01","1","Maximum of the intraday last-traded price during the session","max_last_trade_price_interval","2","GBR","{""id"":""pv-price-volume"",""name"":""Price Volume""}","[]","MATRIX","TOP700","0"
"0","{""id"":""pv"",""name"":""Price Volume""}","0","{""id"":""intraday_pv_feats"",""name"":""Daily Intraday Price Volume Features""}","1","2026-07-01","1","Maximum ratio of low price to last price across intervals for the day.","max_low_interval_last_ratio_daily","2","GBR","{""id"":""pv-price-volume"",""name"":""Price Volume""}","[]","MATRIX","TOP700","0"
"0","{""id"":""pv"",""name"":""Price Volume""}","0","{""id"":""intraday_pv_feats"",""name"":""Daily Intraday Price Volume Features""}","1","2026-07-01","1","Maximum of the low price series during the first 30 minutes after the exchange open","max_low_price_30m_post_open","2","GBR","{""id"":""pv-price-volume"",""name"":""Price Volume""}","[]","MATRIX","TOP700","0"
"0","{""id"":""pv"",""name"":""Price Volume""}","0","{""id"":""intraday_pv_feats"",""name"":""Daily Intraday Price Volume Features""}","1","2026-07-01","1","Maximum low price in the last 30 minutes before market close.","max_low_price_30m_pre_close_2","2","GBR","{""id"":""pv-price-volume"",""name"":""Price Volume""}","[]","MATRIX","TOP700","0"
"0","{""id"":""pv"",""name"":""Price Volume""}","0","{""id"":""intraday_pv_feats"",""name"":""Daily Intraday Price Volume Features""}","1","2026-07-01","1","Maximum low price observed in the first 60 minutes after market open.","max_low_price_60m_post_open","2","GBR","{""id"":""pv-price-volume"",""name"":""Price Volume""}","[]","MATRIX","TOP700","0"
"0","{""id"":""pv"",""name"":""Price Volume""}","0","{""id"":""intraday_pv_feats"",""name"":""Daily Intraday Price Volume Features""}","1","2026-07-01","1","Maximum low price in the last 60 minutes before market close.","max_low_price_60m_pre_close_2","2","GBR","{""id"":""pv-price-volume"",""name"":""Price Volume""}","[]","MATRIX","TOP700","0"
"0","{""id"":""pv"",""name"":""Price Volume""}","0","{""id"":""intraday_pv_feats"",""name"":""Daily Intraday Price Volume Features""}","1","2026-07-01","1","Maximum of the intraday low price across all intervals during the trading session (the highest interval low), computed from the prior day’s intraday data (D1)","max_low_price_interval","2","GBR","{""id"":""pv-price-volume"",""name"":""Price Volume""}","[]","MATRIX","TOP700","0"
"0","{""id"":""pv"",""name"":""Price Volume""}","0","{""id"":""intraday_pv_feats"",""name"":""Daily Intraday Price Volume Features""}","1","2026-07-01","1","Maximum slippage observed in the first 30 minutes after market open.","max_slippage_30m_post_open","2","GBR","{""id"":""pv-price-volume"",""name"":""Price Volume""}","[]","MATRIX","TOP700","0"
"0","{""id"":""pv"",""name"":""Price Volume""}","0","{""id"":""intraday_pv_feats"",""name"":""Daily Intraday Price Volume Features""}","1","2026-07-01","1","Maximum observed slippage in the last 30 minutes before market close.","max_slippage_30m_pre_close_2","2","GBR","{""id"":""pv-price-volume"",""name"":""Price Volume""}","[]","MATRIX","TOP700","0"
"0","{""id"":""pv"",""name"":""Price Volume""}","0","{""id"":""intraday_pv_feats"",""name"":""Daily Intraday Price Volume Features""}","1","2026-07-01","1","Maximum slippage observed in the first 60 minutes after market open.","max_slippage_60m_post_open","2","GBR","{""id"":""pv-price-volume"",""name"":""Price Volume""}","[]","MATRIX","TOP700","0"
"0","{""id"":""pv"",""name"":""Price Volume""}","0","{""id"":""intraday_pv_feats"",""name"":""Daily Intraday Price Volume Features""}","1","2026-07-01","1","Maximum observed slippage in the last 60 minutes before market close.","max_slippage_60m_pre_close_2","2","GBR","{""id"":""pv-price-volume"",""name"":""Price Volume""}","[]","MATRIX","TOP700","0"
"0","{""id"":""pv"",""name"":""Price Volume""}","0","{""id"":""intraday_pv_feats"",""name"":""Daily Intraday Price Volume Features""}","1","2026-07-01","1","Maximum slippage value observed across intervals.","max_slippage_interval_2","2","GBR","{""id"":""pv-price-volume"",""name"":""Price Volume""}","[]","MATRIX","TOP700","0"
"0","{""id"":""pv"",""name"":""Price Volume""}","0","{""id"":""intraday_pv_feats"",""name"":""Daily Intraday Price Volume Features""}","1","2026-07-01","1","Maximum trade volume observed in the first 30 minutes after market open.","max_trade_volume_30m_post_open","2","GBR","{""id"":""pv-price-volume"",""name"":""Price Volume""}","[]","MATRIX","TOP700","0"
"0","{""id"":""pv"",""name"":""Price Volume""}","0","{""id"":""intraday_pv_feats"",""name"":""Daily Intraday Price Volume Features""}","1","2026-07-01","1","Maximum trading volume in the last 30 minutes before market close.","max_trade_volume_30m_pre_close_2","2","GBR","{""id"":""pv-price-volume"",""name"":""Price Volume""}","[]","MATRIX","TOP700","0"
"0","{""id"":""pv"",""name"":""Price Volume""}","0","{""id"":""intraday_pv_feats"",""name"":""Daily Intraday Price Volume Features""}","1","2026-07-01","1","Maximum interval trading volume observed in the first 60 minutes after market open","max_trade_volume_60m_post_open","2","GBR","{""id"":""pv-price-volume"",""name"":""Price Volume""}","[]","MATRIX","TOP700","0"
"0","{""id"":""pv"",""name"":""Price Volume""}","0","{""id"":""intraday_pv_feats"",""name"":""Daily Intraday Price Volume Features""}","1","2026-07-01","1","Maximum interval trading volume observed in the 60 minutes before the close","max_trade_volume_60m_pre_close_2","2","GBR","{""id"":""pv-price-volume"",""name"":""Price Volume""}","[]","MATRIX","TOP700","0"
"0","{""id"":""pv"",""name"":""Price Volume""}","0","{""id"":""intraday_pv_feats"",""name"":""Daily Intraday Price Volume Features""}","1","2026-07-01","1","Maximum intraday interval volume observed during the trading session","max_trade_volume_interval","2","GBR","{""id"":""pv-price-volume"",""name"":""Price Volume""}","[]","MATRIX","TOP700","0"
"0","{""id"":""pv"",""name"":""Price Volume""}","0","{""id"":""intraday_pv_feats"",""name"":""Daily Intraday Price Volume Features""}","1","2026-07-01","1","Maximum ratio of time-weighted average price to VWAP for the day.","max_twap_vwap_ratio_daily","2","GBR","{""id"":""pv-price-volume"",""name"":""Price Volume""}","[]","MATRIX","TOP700","0"
"0","{""id"":""pv"",""name"":""Price Volume""}","0","{""id"":""intraday_pv_feats"",""name"":""Daily Intraday Price Volume Features""}","1","2026-07-01","1","Maximum ratio of trading volume to last price across intervals for the day.","max_volume_interval_last_ratio_daily","2","GBR","{""id"":""pv-price-volume"",""name"":""Price Volume""}","[]","MATRIX","TOP700","0"
"0","{""id"":""pv"",""name"":""Price Volume""}","0","{""id"":""intraday_pv_feats"",""name"":""Daily Intraday Price Volume Features""}","1","2026-07-01","1","Maximum volume-weighted average price in the first 30 minutes after market open.","max_vwap_30m_post_open","2","GBR","{""id"":""pv-price-volume"",""name"":""Price Volume""}","[]","MATRIX","TOP700","0"
"0","{""id"":""pv"",""name"":""Price Volume""}","0","{""id"":""intraday_pv_feats"",""name"":""Daily Intraday Price Volume Features""}","1","2026-07-01","1","Maximum volume-weighted average price in the last 30 minutes before market close.","max_vwap_30m_pre_close","2","GBR","{""id"":""pv-price-volume"",""name"":""Price Volume""}","[]","MATRIX","TOP700","0"
"0","{""id"":""pv"",""name"":""Price Volume""}","0","{""id"":""intraday_pv_feats"",""name"":""Daily Intraday Price Volume Features""}","1","2026-07-01","1","Maximum volume-weighted average price in the first 60 minutes after market open.","max_vwap_60m_post_open","2","GBR","{""id"":""pv-price-volume"",""name"":""Price Volume""}","[]","MATRIX","TOP700","0"
"0","{""id"":""pv"",""name"":""Price Volume""}","0","{""id"":""intraday_pv_feats"",""name"":""Daily Intraday Price Volume Features""}","1","2026-07-01","1","Maximum volume-weighted average price in the last 60 minutes before market close.","max_vwap_60m_pre_close_2","2","GBR","{""id"":""pv-price-volume"",""name"":""Price Volume""}","[]","MATRIX","TOP700","0"
"0","{""id"":""pv"",""name"":""Price Volume""}","0","{""id"":""intraday_pv_feats"",""name"":""Daily Intraday Price Volume Features""}","1","2026-07-01","1","Maximum value of intraday VWAP across intervals during the session","max_vwap_interval_2","2","GBR","{""id"":""pv-price-volume"",""name"":""Price Volume""}","[]","MATRIX","TOP700","0"
"0","{""id"":""pv"",""name"":""Price Volume""}","0","{""id"":""intraday_pv_feats"",""name"":""Daily Intraday Price Volume Features""}","1","2026-07-01","1","Maximum ratio of VWAP to last price across intervals for the day.","max_vwap_interval_last_ratio_daily","2","GBR","{""id"":""pv-price-volume"",""name"":""Price Volume""}","[]","MATRIX","TOP700","0"
"0","{""id"":""pv"",""name"":""Price Volume""}","0","{""id"":""intraday_pv_feats"",""name"":""Daily Intraday Price Volume Features""}","1","2026-07-01","1","arithmetic mean of the best ask price over the first 30 minutes since market open","mean_ask_price_30m_post_open","2","GBR","{""id"":""pv-price-volume"",""name"":""Price Volume""}","[]","MATRIX","TOP700","0"
"0","{""id"":""pv"",""name"":""Price Volume""}","0","{""id"":""intraday_pv_feats"",""name"":""Daily Intraday Price Volume Features""}","1","2026-07-01","1","Mean ask price over the last 30 minutes before the exchange close","mean_ask_price_30m_pre_close","2","GBR","{""id"":""pv-price-volume"",""name"":""Price Volume""}","[]","MATRIX","TOP700","0"
"0","{""id"":""pv"",""name"":""Price Volume""}","0","{""id"":""intraday_pv_feats"",""name"":""Daily Intraday Price Volume Features""}","1","2026-07-01","1","arithmetic mean of the best ask price over the first 60 minutes since market open","mean_ask_price_60m_post_open","2","GBR","{""id"":""pv-price-volume"",""name"":""Price Volume""}","[]","MATRIX","TOP700","0"
"0","{""id"":""pv"",""name"":""Price Volume""}","0","{""id"":""intraday_pv_feats"",""name"":""Daily Intraday Price Volume Features""}","1","2026-07-01","1","Average ask price over the 60 minutes before close","mean_ask_price_60m_pre_close_2","2","GBR","{""id"":""pv-price-volume"",""name"":""Price Volume""}","[]","MATRIX","TOP700","0"
"0","{""id"":""pv"",""name"":""Price Volume""}","0","{""id"":""intraday_pv_feats"",""name"":""Daily Intraday Price Volume Features""}","1","2026-07-01","1","Mean ask price across intervals within the first 50% of cumulative intraday volume (prior day)","mean_ask_price_first_half_volume","2","GBR","{""id"":""pv-price-volume"",""name"":""Price Volume""}","[]","MATRIX","TOP700","0"
"0","{""id"":""pv"",""name"":""Price Volume""}","0","{""id"":""intraday_pv_feats"",""name"":""Daily Intraday Price Volume Features""}","1","2026-07-01","1","Mean ask price across intervals within the first 25% of the day's cumulative traded volume","mean_ask_price_first_quarter_volumeclock","2","GBR","{""id"":""pv-price-volume"",""name"":""Price Volume""}","[]","MATRIX","TOP700","0"
"0","{""id"":""pv"",""name"":""Price Volume""}","0","{""id"":""intraday_pv_feats"",""name"":""Daily Intraday Price Volume Features""}","1","2026-07-01","1","Mean of the intraday ask quote across the trading session","mean_ask_price_interval","2","GBR","{""id"":""pv-price-volume"",""name"":""Price Volume""}","[]","MATRIX","TOP700","0"
"0","{""id"":""pv"",""name"":""Price Volume""}","0","{""id"":""intraday_pv_feats"",""name"":""Daily Intraday Price Volume Features""}","1","2026-07-01","1","Average return of ask price in the first 30 minutes after market open.","mean_ask_price_return_30m_post_open","2","GBR","{""id"":""pv-price-volume"",""name"":""Price Volume""}","[]","MATRIX","TOP700","0"
"0","{""id"":""pv"",""name"":""Price Volume""}","0","{""id"":""intraday_pv_feats"",""name"":""Daily Intraday Price Volume Features""}","1","2026-07-01","1","Average return of the ask price in the last 30 minutes before market close.","mean_ask_price_return_30m_pre_close_2","2","GBR","{""id"":""pv-price-volume"",""name"":""Price Volume""}","[]","MATRIX","TOP700","0"
"0","{""id"":""pv"",""name"":""Price Volume""}","0","{""id"":""intraday_pv_feats"",""name"":""Daily Intraday Price Volume Features""}","1","2026-07-01","1","Average return of ask price over the first 60 minutes after market open.","mean_ask_price_return_60m_post_open","2","GBR","{""id"":""pv-price-volume"",""name"":""Price Volume""}","[]","MATRIX","TOP700","0"
"0","{""id"":""pv"",""name"":""Price Volume""}","0","{""id"":""intraday_pv_feats"",""name"":""Daily Intraday Price Volume Features""}","1","2026-07-01","1","Average return of the ask price in the last 60 minutes before market close.","mean_ask_price_return_60m_pre_close_2","2","GBR","{""id"":""pv-price-volume"",""name"":""Price Volume""}","[]","MATRIX","TOP700","0"
"0","{""id"":""pv"",""name"":""Price Volume""}","0","{""id"":""intraday_pv_feats"",""name"":""Daily Intraday Price Volume Features""}","1","2026-07-01","1","Mean ratio of ask size to volume in the first quarter of volume clock.","mean_ask_size_to_volume_ratio_first_quarter_volumeclock","2","GBR","{""id"":""pv-price-volume"",""name"":""Price Volume""}","[]","MATRIX","TOP700","0"
"0","{""id"":""pv"",""name"":""Price Volume""}","0","{""id"":""intraday_pv_feats"",""name"":""Daily Intraday Price Volume Features""}","1","2026-07-01","1","Average ratio of ask size to trading volume for the day.","mean_ask_size_volume_ratio_daily","2","GBR","{""id"":""pv-price-volume"",""name"":""Price Volume""}","[]","MATRIX","TOP700","0"
"0","{""id"":""pv"",""name"":""Price Volume""}","0","{""id"":""intraday_pv_feats"",""name"":""Daily Intraday Price Volume Features""}","1","2026-07-01","1","Mean ratio of ask price to VWAP in the first quarter of volume clock.","mean_ask_to_vwap_ratio_first_quarter_volumeclock","2","GBR","{""id"":""pv-price-volume"",""name"":""Price Volume""}","[]","MATRIX","TOP700","0"
"0","{""id"":""pv"",""name"":""Price Volume""}","0","{""id"":""intraday_pv_feats"",""name"":""Daily Intraday Price Volume Features""}","1","2026-07-01","1","Mean ratio of ask price to VWAP in the last quarter of volume clock.","mean_ask_to_vwap_ratio_last_quarter_volumeclock","2","GBR","{""id"":""pv-price-volume"",""name"":""Price Volume""}","[]","MATRIX","TOP700","0"
"0","{""id"":""pv"",""name"":""Price Volume""}","0","{""id"":""intraday_pv_feats"",""name"":""Daily Intraday Price Volume Features""}","1","2026-07-01","1","Mean of the ask-to-VWAP ratio over the first 30 minutes after the market open","mean_ask_vwap_ratio_30m_post_open","2","GBR","{""id"":""pv-price-volume"",""name"":""Price Volume""}","[]","MATRIX","TOP700","0"
"0","{""id"":""pv"",""name"":""Price Volume""}","0","{""id"":""intraday_pv_feats"",""name"":""Daily Intraday Price Volume Features""}","1","2026-07-01","1","Average ratio of ask price to VWAP in the last 30 minutes before market close.","mean_ask_vwap_ratio_30m_pre_close_2","2","GBR","{""id"":""pv-price-volume"",""name"":""Price Volume""}","[]","MATRIX","TOP700","0"
"0","{""id"":""pv"",""name"":""Price Volume""}","0","{""id"":""intraday_pv_feats"",""name"":""Daily Intraday Price Volume Features""}","1","2026-07-01","1","Average ratio of ask price to VWAP in the first 60 minutes after market open.","mean_ask_vwap_ratio_60m_post_open","2","GBR","{""id"":""pv-price-volume"",""name"":""Price Volume""}","[]","MATRIX","TOP700","0"
"0","{""id"":""pv"",""name"":""Price Volume""}","0","{""id"":""intraday_pv_feats"",""name"":""Daily Intraday Price Volume Features""}","1","2026-07-01","1","Mean ratio of ask price to VWAP over the last 60 minutes before the exchange close","mean_ask_vwap_ratio_60m_pre_close_2","2","GBR","{""id"":""pv-price-volume"",""name"":""Price Volume""}","[]","MATRIX","TOP700","0"
"0","{""id"":""pv"",""name"":""Price Volume""}","0","{""id"":""intraday_pv_feats"",""name"":""Daily Intraday Price Volume Features""}","1","2026-07-01","1","Average ratio of ask price to VWAP for the day.","mean_ask_vwap_ratio_daily","2","GBR","{""id"":""pv-price-volume"",""name"":""Price Volume""}","[]","MATRIX","TOP700","0"
"0","{""id"":""pv"",""name"":""Price Volume""}","0","{""id"":""intraday_pv_feats"",""name"":""Daily Intraday Price Volume Features""}","1","2026-07-01","1","Average ratio of bid size to ask size in the first 30 minutes after market open.","mean_bid_ask_size_ratio_30m_post_open","2","GBR","{""id"":""pv-price-volume"",""name"":""Price Volume""}","[]","MATRIX","TOP700","0"
"0","{""id"":""pv"",""name"":""Price Volume""}","0","{""id"":""intraday_pv_feats"",""name"":""Daily Intraday Price Volume Features""}","1","2026-07-01","1","Average ratio of bid size to ask size in the last 30 minutes before market close.","mean_bid_ask_size_ratio_30m_pre_close_2","2","GBR","{""id"":""pv-price-volume"",""name"":""Price Volume""}","[]","MATRIX","TOP700","0"
"0","{""id"":""pv"",""name"":""Price Volume""}","0","{""id"":""intraday_pv_feats"",""name"":""Daily Intraday Price Volume Features""}","1","2026-07-01","1","Average ratio of bid size to ask size in the first 60 minutes after market open.","mean_bid_ask_size_ratio_60m_post_open","2","GBR","{""id"":""pv-price-volume"",""name"":""Price Volume""}","[]","MATRIX","TOP700","0"
"0","{""id"":""pv"",""name"":""Price Volume""}","0","{""id"":""intraday_pv_feats"",""name"":""Daily Intraday Price Volume Features""}","1","2026-07-01","1","Average ratio of bid size to ask size in the last 60 minutes before market close.","mean_bid_ask_size_ratio_60m_pre_close_2","2","GBR","{""id"":""pv-price-volume"",""name"":""Price Volume""}","[]","MATRIX","TOP700","0"
"0","{""id"":""pv"",""name"":""Price Volume""}","0","{""id"":""intraday_pv_feats"",""name"":""Daily Intraday Price Volume Features""}","1","2026-07-01","1","Average ratio of bid size to ask size for the day.","mean_bid_ask_size_ratio_daily","2","GBR","{""id"":""pv-price-volume"",""name"":""Price Volume""}","[]","MATRIX","TOP700","0"
"0","{""id"":""pv"",""name"":""Price Volume""}","0","{""id"":""intraday_pv_feats"",""name"":""Daily Intraday Price Volume Features""}","1","2026-07-01","1","arithmetic mean of the best bid price over the first 30 minutes since market open","mean_bid_price_30m_post_open","2","GBR","{""id"":""pv-price-volume"",""name"":""Price Volume""}","[]","MATRIX","TOP700","0"
"0","{""id"":""pv"",""name"":""Price Volume""}","0","{""id"":""intraday_pv_feats"",""name"":""Daily Intraday Price Volume Features""}","1","2026-07-01","1","Average bid price in the last 30 minutes before market close.","mean_bid_price_30m_pre_close_2","2","GBR","{""id"":""pv-price-volume"",""name"":""Price Volume""}","[]","MATRIX","TOP700","0"
"0","{""id"":""pv"",""name"":""Price Volume""}","0","{""id"":""intraday_pv_feats"",""name"":""Daily Intraday Price Volume Features""}","1","2026-07-01","1","arithmetic mean of the best bid price over the first 60 minutes since market open","mean_bid_price_60m_post_open","2","GBR","{""id"":""pv-price-volume"",""name"":""Price Volume""}","[]","MATRIX","TOP700","0"
"0","{""id"":""pv"",""name"":""Price Volume""}","0","{""id"":""intraday_pv_feats"",""name"":""Daily Intraday Price Volume Features""}","1","2026-07-01","1","Mean bid price over the last 60 minutes before the exchange close","mean_bid_price_60m_pre_close","2","GBR","{""id"":""pv-price-volume"",""name"":""Price Volume""}","[]","MATRIX","TOP700","0"
"0","{""id"":""pv"",""name"":""Price Volume""}","0","{""id"":""intraday_pv_feats"",""name"":""Daily Intraday Price Volume Features""}","1","2026-07-01","1","Average bid price over the first 50% of cumulative intraday volume (D1 lag)","mean_bid_price_first_half_volume","2","GBR","{""id"":""pv-price-volume"",""name"":""Price Volume""}","[]","MATRIX","TOP700","0"
"0","{""id"":""pv"",""name"":""Price Volume""}","0","{""id"":""intraday_pv_feats"",""name"":""Daily Intraday Price Volume Features""}","1","2026-07-01","1","Average of the bid price across intervals within the first 25% cumulative volume slice","mean_bid_price_first_quarter_volumeclock","2","GBR","{""id"":""pv-price-volume"",""name"":""Price Volume""}","[]","MATRIX","TOP700","0"
"0","{""id"":""pv"",""name"":""Price Volume""}","0","{""id"":""intraday_pv_feats"",""name"":""Daily Intraday Price Volume Features""}","1","2026-07-01","1","Mean of the intraday bid price across intervals during the prior trading day (D1)","mean_bid_price_interval","2","GBR","{""id"":""pv-price-volume"",""name"":""Price Volume""}","[]","MATRIX","TOP700","0"
"0","{""id"":""pv"",""name"":""Price Volume""}","0","{""id"":""intraday_pv_feats"",""name"":""Daily Intraday Price Volume Features""}","1","2026-07-01","1","Average bid price across intervals within the last 25% volume slice","mean_bid_price_last_quarter_volumeclock","2","GBR","{""id"":""pv-price-volume"",""name"":""Price Volume""}","[]","MATRIX","TOP700","0"
"0","{""id"":""pv"",""name"":""Price Volume""}","0","{""id"":""intraday_pv_feats"",""name"":""Daily Intraday Price Volume Features""}","1","2026-07-01","1","Average return of bid price in the first 30 minutes after market open.","mean_bid_price_return_30m_post_open","2","GBR","{""id"":""pv-price-volume"",""name"":""Price Volume""}","[]","MATRIX","TOP700","0"
"0","{""id"":""pv"",""name"":""Price Volume""}","0","{""id"":""intraday_pv_feats"",""name"":""Daily Intraday Price Volume Features""}","1","2026-07-01","1","Average return of the bid price in the last 30 minutes before market close.","mean_bid_price_return_30m_pre_close_2","2","GBR","{""id"":""pv-price-volume"",""name"":""Price Volume""}","[]","MATRIX","TOP700","0"
"0","{""id"":""pv"",""name"":""Price Volume""}","0","{""id"":""intraday_pv_feats"",""name"":""Daily Intraday Price Volume Features""}","1","2026-07-01","1","Average return of bid price over the first 60 minutes after market open.","mean_bid_price_return_60m_post_open","2","GBR","{""id"":""pv-price-volume"",""name"":""Price Volume""}","[]","MATRIX","TOP700","0"
"0","{""id"":""pv"",""name"":""Price Volume""}","0","{""id"":""intraday_pv_feats"",""name"":""Daily Intraday Price Volume Features""}","1","2026-07-01","1","Average return of the bid price in the last 60 minutes before market close.","mean_bid_price_return_60m_pre_close_2","2","GBR","{""id"":""pv-price-volume"",""name"":""Price Volume""}","[]","MATRIX","TOP700","0"
"0","{""id"":""pv"",""name"":""Price Volume""}","0","{""id"":""intraday_pv_feats"",""name"":""Daily Intraday Price Volume Features""}","1","2026-07-01","1","Mean ratio of bid size to volume in the first quarter of volume clock.","mean_bid_size_to_volume_ratio_first_quarter_volumeclock","2","GBR","{""id"":""pv-price-volume"",""name"":""Price Volume""}","[]","MATRIX","TOP700","0"
"0","{""id"":""pv"",""name"":""Price Volume""}","0","{""id"":""intraday_pv_feats"",""name"":""Daily Intraday Price Volume Features""}","1","2026-07-01","1","Average ratio of bid size to trading volume for the day.","mean_bid_size_volume_ratio_daily","2","GBR","{""id"":""pv-price-volume"",""name"":""Price Volume""}","[]","MATRIX","TOP700","0"
"0","{""id"":""pv"",""name"":""Price Volume""}","0","{""id"":""intraday_pv_feats"",""name"":""Daily Intraday Price Volume Features""}","1","2026-07-01","1","Mean ratio of bid price to ask price in the first quarter of volume clock.","mean_bid_to_ask_price_ratio_first_quarter_volumeclock","2","GBR","{""id"":""pv-price-volume"",""name"":""Price Volume""}","[]","MATRIX","TOP700","0"
"0","{""id"":""pv"",""name"":""Price Volume""}","0","{""id"":""intraday_pv_feats"",""name"":""Daily Intraday Price Volume Features""}","1","2026-07-01","1","Mean ratio of bid price to ask price in the last quarter of volume clock.","mean_bid_to_ask_price_ratio_last_quarter_volumeclock","2","GBR","{""id"":""pv-price-volume"",""name"":""Price Volume""}","[]","MATRIX","TOP700","0"
"0","{""id"":""pv"",""name"":""Price Volume""}","0","{""id"":""intraday_pv_feats"",""name"":""Daily Intraday Price Volume Features""}","1","2026-07-01","1","Average ratio of bid price to VWAP across intervals within the first 25% cumulative volume slice","mean_bid_to_vwap_ratio_first_quarter_volumeclock","2","GBR","{""id"":""pv-price-volume"",""name"":""Price Volume""}","[]","MATRIX","TOP700","0"
"0","{""id"":""pv"",""name"":""Price Volume""}","0","{""id"":""intraday_pv_feats"",""name"":""Daily Intraday Price Volume Features""}","1","2026-07-01","1","Average ratio of bid price to VWAP in the first 30 minutes after market open.","mean_bid_vwap_ratio_30m_post_open","2","GBR","{""id"":""pv-price-volume"",""name"":""Price Volume""}","[]","MATRIX","TOP700","0"
"0","{""id"":""pv"",""name"":""Price Volume""}","0","{""id"":""intraday_pv_feats"",""name"":""Daily Intraday Price Volume Features""}","1","2026-07-01","1","Mean ratio of bid price to VWAP over the last 30 minutes before the exchange close","mean_bid_vwap_ratio_30m_pre_close_2","2","GBR","{""id"":""pv-price-volume"",""name"":""Price Volume""}","[]","MATRIX","TOP700","0"
"0","{""id"":""pv"",""name"":""Price Volume""}","0","{""id"":""intraday_pv_feats"",""name"":""Daily Intraday Price Volume Features""}","1","2026-07-01","1","Average ratio of bid price to VWAP in the first 60 minutes after market open.","mean_bid_vwap_ratio_60m_post_open","2","GBR","{""id"":""pv-price-volume"",""name"":""Price Volume""}","[]","MATRIX","TOP700","0"
"0","{""id"":""pv"",""name"":""Price Volume""}","0","{""id"":""intraday_pv_feats"",""name"":""Daily Intraday Price Volume Features""}","1","2026-07-01","1","Average ratio of bid price to VWAP in the last 60 minutes before market close.","mean_bid_vwap_ratio_60m_pre_close_2","2","GBR","{""id"":""pv-price-volume"",""name"":""Price Volume""}","[]","MATRIX","TOP700","0"
"0","{""id"":""pv"",""name"":""Price Volume""}","0","{""id"":""intraday_pv_feats"",""name"":""Daily Intraday Price Volume Features""}","1","2026-07-01","1","Intraday mean across intervals of the ratio of bid price to VWAP","mean_bid_vwap_ratio_daily","2","GBR","{""id"":""pv-price-volume"",""name"":""Price Volume""}","[]","MATRIX","TOP700","0"
"0","{""id"":""pv"",""name"":""Price Volume""}","0","{""id"":""intraday_pv_feats"",""name"":""Daily Intraday Price Volume Features""}","1","2026-07-01","1","Average ratio of high price to last price across intervals for the day.","mean_high_interval_last_ratio_daily","2","GBR","{""id"":""pv-price-volume"",""name"":""Price Volume""}","[]","MATRIX","TOP700","0"
"0","{""id"":""pv"",""name"":""Price Volume""}","0","{""id"":""intraday_pv_feats"",""name"":""Daily Intraday Price Volume Features""}","1","2026-07-01","1","Average high price over the first 30 minutes after market open.","mean_high_price_30m_post_open","2","GBR","{""id"":""pv-price-volume"",""name"":""Price Volume""}","[]","MATRIX","TOP700","0"
"0","{""id"":""pv"",""name"":""Price Volume""}","0","{""id"":""intraday_pv_feats"",""name"":""Daily Intraday Price Volume Features""}","1","2026-07-01","1","Average high price in the last 30 minutes before market close.","mean_high_price_30m_pre_close_2","2","GBR","{""id"":""pv-price-volume"",""name"":""Price Volume""}","[]","MATRIX","TOP700","0"
"0","{""id"":""pv"",""name"":""Price Volume""}","0","{""id"":""intraday_pv_feats"",""name"":""Daily Intraday Price Volume Features""}","1","2026-07-01","1","Average high price over the first 60 minutes after market open.","mean_high_price_60m_post_open","2","GBR","{""id"":""pv-price-volume"",""name"":""Price Volume""}","[]","MATRIX","TOP700","0"
"0","{""id"":""pv"",""name"":""Price Volume""}","0","{""id"":""intraday_pv_feats"",""name"":""Daily Intraday Price Volume Features""}","1","2026-07-01","1","Average high price in the last 60 minutes before market close.","mean_high_price_60m_pre_close_2","2","GBR","{""id"":""pv-price-volume"",""name"":""Price Volume""}","[]","MATRIX","TOP700","0"
"0","{""id"":""pv"",""name"":""Price Volume""}","0","{""id"":""intraday_pv_feats"",""name"":""Daily Intraday Price Volume Features""}","1","2026-07-01","1","Average high price during the first half of volume clock.","mean_high_price_first_half_volume","2","GBR","{""id"":""pv-price-volume"",""name"":""Price Volume""}","[]","MATRIX","TOP700","0"
"0","{""id"":""pv"",""name"":""Price Volume""}","0","{""id"":""intraday_pv_feats"",""name"":""Daily Intraday Price Volume Features""}","1","2026-07-01","1","Mean high price in the first quarter of volume clock.","mean_high_price_first_quarter_volumeclock","2","GBR","{""id"":""pv-price-volume"",""name"":""Price Volume""}","[]","MATRIX","TOP700","0"
"0","{""id"":""pv"",""name"":""Price Volume""}","0","{""id"":""intraday_pv_feats"",""name"":""Daily Intraday Price Volume Features""}","1","2026-07-01","1","Mean of the intraday high series across intervals during the session","mean_high_price_interval","2","GBR","{""id"":""pv-price-volume"",""name"":""Price Volume""}","[]","MATRIX","TOP700","0"
"0","{""id"":""pv"",""name"":""Price Volume""}","0","{""id"":""intraday_pv_feats"",""name"":""Daily Intraday Price Volume Features""}","1","2026-07-01","1","Average return of high price in the first 30 minutes after market open.","mean_high_price_return_30m_post_open","2","GBR","{""id"":""pv-price-volume"",""name"":""Price Volume""}","[]","MATRIX","TOP700","0"
"0","{""id"":""pv"",""name"":""Price Volume""}","0","{""id"":""intraday_pv_feats"",""name"":""Daily Intraday Price Volume Features""}","1","2026-07-01","1","Average return of the high price in the last 30 minutes before market close.","mean_high_price_return_30m_pre_close_2","2","GBR","{""id"":""pv-price-volume"",""name"":""Price Volume""}","[]","MATRIX","TOP700","0"
"0","{""id"":""pv"",""name"":""Price Volume""}","0","{""id"":""intraday_pv_feats"",""name"":""Daily Intraday Price Volume Features""}","1","2026-07-01","1","Average return of high price in the first 60 minutes after market open.","mean_high_price_return_60m_post_open","2","GBR","{""id"":""pv-price-volume"",""name"":""Price Volume""}","[]","MATRIX","TOP700","0"
"0","{""id"":""pv"",""name"":""Price Volume""}","0","{""id"":""intraday_pv_feats"",""name"":""Daily Intraday Price Volume Features""}","1","2026-07-01","1","Average return of high price in the last 60 minutes before market close.","mean_high_price_return_60m_pre_close","2","GBR","{""id"":""pv-price-volume"",""name"":""Price Volume""}","[]","MATRIX","TOP700","0"
"0","{""id"":""pv"",""name"":""Price Volume""}","0","{""id"":""intraday_pv_feats"",""name"":""Daily Intraday Price Volume Features""}","1","2026-07-01","1","arithmetic mean of the last traded price over the first 30 minutes since market open","mean_last_trade_price_30m_post_open","2","GBR","{""id"":""pv-price-volume"",""name"":""Price Volume""}","[]","MATRIX","TOP700","0"
"0","{""id"":""pv"",""name"":""Price Volume""}","0","{""id"":""intraday_pv_feats"",""name"":""Daily Intraday Price Volume Features""}","1","2026-07-01","1","Average last-traded price over the 30 minutes before close","mean_last_trade_price_30m_pre_close_2","2","GBR","{""id"":""pv-price-volume"",""name"":""Price Volume""}","[]","MATRIX","TOP700","0"
"0","{""id"":""pv"",""name"":""Price Volume""}","0","{""id"":""intraday_pv_feats"",""name"":""Daily Intraday Price Volume Features""}","1","2026-07-01","1","arithmetic mean of the last traded price over the first 60 minutes since market open","mean_last_trade_price_60m_post_open","2","GBR","{""id"":""pv-price-volume"",""name"":""Price Volume""}","[]","MATRIX","TOP700","0"
"0","{""id"":""pv"",""name"":""Price Volume""}","0","{""id"":""intraday_pv_feats"",""name"":""Daily Intraday Price Volume Features""}","1","2026-07-01","1","Average last-traded price over the 60 minutes before close","mean_last_trade_price_60m_pre_close_2","2","GBR","{""id"":""pv-price-volume"",""name"":""Price Volume""}","[]","MATRIX","TOP700","0"
"0","{""id"":""pv"",""name"":""Price Volume""}","0","{""id"":""intraday_pv_feats"",""name"":""Daily Intraday Price Volume Features""}","1","2026-07-01","1","Average last-trade price over the first 50% of cumulative intraday volume (D1 lag)","mean_last_trade_price_first_half","2","GBR","{""id"":""pv-price-volume"",""name"":""Price Volume""}","[]","MATRIX","TOP700","0"
"0","{""id"":""pv"",""name"":""Price Volume""}","0","{""id"":""intraday_pv_feats"",""name"":""Daily Intraday Price Volume Features""}","1","2026-07-01","1","Mean last trade price in the first quarter of volume clock.","mean_last_trade_price_first_quarter_volumeclock","2","GBR","{""id"":""pv-price-volume"",""name"":""Price Volume""}","[]","MATRIX","TOP700","0"
"0","{""id"":""pv"",""name"":""Price Volume""}","0","{""id"":""intraday_pv_feats"",""name"":""Daily Intraday Price Volume Features""}","1","2026-07-01","1","Mean of the intraday last trade price across all intervals during the trading session, computed from the prior day’s intraday data (D1)","mean_last_trade_price_interval","2","GBR","{""id"":""pv-price-volume"",""name"":""Price Volume""}","[]","MATRIX","TOP700","0"
"0","{""id"":""pv"",""name"":""Price Volume""}","0","{""id"":""intraday_pv_feats"",""name"":""Daily Intraday Price Volume Features""}","1","2026-07-01","1","Average last trade price across intervals within the last 25% volume slice","mean_last_trade_price_last_quarter_volumeclock","2","GBR","{""id"":""pv-price-volume"",""name"":""Price Volume""}","[]","MATRIX","TOP700","0"
"0","{""id"":""pv"",""name"":""Price Volume""}","0","{""id"":""intraday_pv_feats"",""name"":""Daily Intraday Price Volume Features""}","1","2026-07-01","1","Mean intraday return of the last-trade price computed over intervals within the first 30 minutes after market open","mean_last_trade_price_return_30m_post_open","2","GBR","{""id"":""pv-price-volume"",""name"":""Price Volume""}","[]","MATRIX","TOP700","0"
"0","{""id"":""pv"",""name"":""Price Volume""}","0","{""id"":""intraday_pv_feats"",""name"":""Daily Intraday Price Volume Features""}","1","2026-07-01","1","Average return of the last trade price in the last 30 minutes before market close.","mean_last_trade_price_return_30m_pre_close_2","2","GBR","{""id"":""pv-price-volume"",""name"":""Price Volume""}","[]","MATRIX","TOP700","0"
"0","{""id"":""pv"",""name"":""Price Volume""}","0","{""id"":""intraday_pv_feats"",""name"":""Daily Intraday Price Volume Features""}","1","2026-07-01","1","Mean intraday return of the last-trade price computed over intervals within the first 60 minutes after market open","mean_last_trade_price_return_60m_post_open","2","GBR","{""id"":""pv-price-volume"",""name"":""Price Volume""}","[]","MATRIX","TOP700","0"
"0","{""id"":""pv"",""name"":""Price Volume""}","0","{""id"":""intraday_pv_feats"",""name"":""Daily Intraday Price Volume Features""}","1","2026-07-01","1","Average return of the last trade price in the last 60 minutes before market close.","mean_last_trade_price_return_60m_pre_close_2","2","GBR","{""id"":""pv-price-volume"",""name"":""Price Volume""}","[]","MATRIX","TOP700","0"
"0","{""id"":""pv"",""name"":""Price Volume""}","0","{""id"":""intraday_pv_feats"",""name"":""Daily Intraday Price Volume Features""}","1","2026-07-01","1","Average ratio of low price to last price across intervals for the day.","mean_low_interval_last_ratio_daily","2","GBR","{""id"":""pv-price-volume"",""name"":""Price Volume""}","[]","MATRIX","TOP700","0"
"0","{""id"":""pv"",""name"":""Price Volume""}","0","{""id"":""intraday_pv_feats"",""name"":""Daily Intraday Price Volume Features""}","1","2026-07-01","1","Average low price over the first 30 minutes after market open.","mean_low_price_30m_post_open","2","GBR","{""id"":""pv-price-volume"",""name"":""Price Volume""}","[]","MATRIX","TOP700","0"
"0","{""id"":""pv"",""name"":""Price Volume""}","0","{""id"":""intraday_pv_feats"",""name"":""Daily Intraday Price Volume Features""}","1","2026-07-01","1","Average low price in the last 30 minutes before market close.","mean_low_price_30m_pre_close_2","2","GBR","{""id"":""pv-price-volume"",""name"":""Price Volume""}","[]","MATRIX","TOP700","0"
"0","{""id"":""pv"",""name"":""Price Volume""}","0","{""id"":""intraday_pv_feats"",""name"":""Daily Intraday Price Volume Features""}","1","2026-07-01","1","Average low price over the first 60 minutes after market open.","mean_low_price_60m_post_open","2","GBR","{""id"":""pv-price-volume"",""name"":""Price Volume""}","[]","MATRIX","TOP700","0"
"0","{""id"":""pv"",""name"":""Price Volume""}","0","{""id"":""intraday_pv_feats"",""name"":""Daily Intraday Price Volume Features""}","1","2026-07-01","1","Average low price over the last 60 minutes before market close.","mean_low_price_60m_pre_close","2","GBR","{""id"":""pv-price-volume"",""name"":""Price Volume""}","[]","MATRIX","TOP700","0"
"0","{""id"":""pv"",""name"":""Price Volume""}","0","{""id"":""intraday_pv_feats"",""name"":""Daily Intraday Price Volume Features""}","1","2026-07-01","1","Average low price during the first half of volume clock.","mean_low_price_first_half_volume","2","GBR","{""id"":""pv-price-volume"",""name"":""Price Volume""}","[]","MATRIX","TOP700","0"
"0","{""id"":""pv"",""name"":""Price Volume""}","0","{""id"":""intraday_pv_feats"",""name"":""Daily Intraday Price Volume Features""}","1","2026-07-01","1","Mean low price in the first quarter of volume clock.","mean_low_price_first_quarter_volumeclock","2","GBR","{""id"":""pv-price-volume"",""name"":""Price Volume""}","[]","MATRIX","TOP700","0"
"0","{""id"":""pv"",""name"":""Price Volume""}","0","{""id"":""intraday_pv_feats"",""name"":""Daily Intraday Price Volume Features""}","1","2026-07-01","1","Time-averaged intraday low price over the session","mean_low_price_interval","2","GBR","{""id"":""pv-price-volume"",""name"":""Price Volume""}","[]","MATRIX","TOP700","0"
"0","{""id"":""pv"",""name"":""Price Volume""}","0","{""id"":""intraday_pv_feats"",""name"":""Daily Intraday Price Volume Features""}","1","2026-07-01","1","Average low price within the last 25% of intraday volume","mean_low_price_last_quarter_volumeclock","2","GBR","{""id"":""pv-price-volume"",""name"":""Price Volume""}","[]","MATRIX","TOP700","0"
"0","{""id"":""pv"",""name"":""Price Volume""}","0","{""id"":""intraday_pv_feats"",""name"":""Daily Intraday Price Volume Features""}","1","2026-07-01","1","Average return of low price in the first 30 minutes after market open.","mean_low_price_return_30m_post_open","2","GBR","{""id"":""pv-price-volume"",""name"":""Price Volume""}","[]","MATRIX","TOP700","0"
"0","{""id"":""pv"",""name"":""Price Volume""}","0","{""id"":""intraday_pv_feats"",""name"":""Daily Intraday Price Volume Features""}","1","2026-07-01","1","Average return of the low price in the last 30 minutes before market close.","mean_low_price_return_30m_pre_close_2","2","GBR","{""id"":""pv-price-volume"",""name"":""Price Volume""}","[]","MATRIX","TOP700","0"
"0","{""id"":""pv"",""name"":""Price Volume""}","0","{""id"":""intraday_pv_feats"",""name"":""Daily Intraday Price Volume Features""}","1","2026-07-01","1","Average return of low price in the first 60 minutes after market open.","mean_low_price_return_60m_post_open","2","GBR","{""id"":""pv-price-volume"",""name"":""Price Volume""}","[]","MATRIX","TOP700","0"
"0","{""id"":""pv"",""name"":""Price Volume""}","0","{""id"":""intraday_pv_feats"",""name"":""Daily Intraday Price Volume Features""}","1","2026-07-01","1","Average return of the low price in the last 60 minutes before market close.","mean_low_price_return_60m_pre_close_2","2","GBR","{""id"":""pv-price-volume"",""name"":""Price Volume""}","[]","MATRIX","TOP700","0"
"0","{""id"":""pv"",""name"":""Price Volume""}","0","{""id"":""intraday_pv_feats"",""name"":""Daily Intraday Price Volume Features""}","1","2026-07-01","1","Average ratio of price modulo 100 over the first 30 minutes after market open.","mean_price_modulo_100_ratio_30m_post_open","2","GBR","{""id"":""pv-price-volume"",""name"":""Price Volume""}","[]","MATRIX","TOP700","0"
"0","{""id"":""pv"",""name"":""Price Volume""}","0","{""id"":""intraday_pv_feats"",""name"":""Daily Intraday Price Volume Features""}","1","2026-07-01","1","Average ratio of price modulo 100 in the last 30 minutes before market close.","mean_price_modulo_100_ratio_30m_pre_close_2","2","GBR","{""id"":""pv-price-volume"",""name"":""Price Volume""}","[]","MATRIX","TOP700","0"
"0","{""id"":""pv"",""name"":""Price Volume""}","0","{""id"":""intraday_pv_feats"",""name"":""Daily Intraday Price Volume Features""}","1","2026-07-01","1","Average ratio of price modulo 100 over the first 60 minutes after market open.","mean_price_modulo_100_ratio_60m_post_open","2","GBR","{""id"":""pv-price-volume"",""name"":""Price Volume""}","[]","MATRIX","TOP700","0"
"0","{""id"":""pv"",""name"":""Price Volume""}","0","{""id"":""intraday_pv_feats"",""name"":""Daily Intraday Price Volume Features""}","1","2026-07-01","1","Average ratio of price modulo 100 in the last 60 minutes before market close.","mean_price_modulo_100_ratio_60m_pre_close_2","2","GBR","{""id"":""pv-price-volume"",""name"":""Price Volume""}","[]","MATRIX","TOP700","0"
"0","{""id"":""pv"",""name"":""Price Volume""}","0","{""id"":""intraday_pv_feats"",""name"":""Daily Intraday Price Volume Features""}","1","2026-07-01","1","Average ratio of price modulo 100 for the day.","mean_price_modulo_100_ratio_daily","2","GBR","{""id"":""pv-price-volume"",""name"":""Price Volume""}","[]","MATRIX","TOP700","0"
"0","{""id"":""pv"",""name"":""Price Volume""}","0","{""id"":""intraday_pv_feats"",""name"":""Daily Intraday Price Volume Features""}","1","2026-07-01","1","Average ratio of price modulo 10 over the first 30 minutes after market open.","mean_price_modulo_10_ratio_30m_post_open","2","GBR","{""id"":""pv-price-volume"",""name"":""Price Volume""}","[]","MATRIX","TOP700","0"
"0","{""id"":""pv"",""name"":""Price Volume""}","0","{""id"":""intraday_pv_feats"",""name"":""Daily Intraday Price Volume Features""}","1","2026-07-01","1","Average ratio of price modulo 10 in the last 30 minutes before market close.","mean_price_modulo_10_ratio_30m_pre_close_2","2","GBR","{""id"":""pv-price-volume"",""name"":""Price Volume""}","[]","MATRIX","TOP700","0"
"0","{""id"":""pv"",""name"":""Price Volume""}","0","{""id"":""intraday_pv_feats"",""name"":""Daily Intraday Price Volume Features""}","1","2026-07-01","1","Average ratio of price modulo 10 over the first 60 minutes after market open.","mean_price_modulo_10_ratio_60m_post_open","2","GBR","{""id"":""pv-price-volume"",""name"":""Price Volume""}","[]","MATRIX","TOP700","0"
"0","{""id"":""pv"",""name"":""Price Volume""}","0","{""id"":""intraday_pv_feats"",""name"":""Daily Intraday Price Volume Features""}","1","2026-07-01","1","Average ratio of price modulo 10 in the last 60 minutes before market close.","mean_price_modulo_10_ratio_60m_pre_close_2","2","GBR","{""id"":""pv-price-volume"",""name"":""Price Volume""}","[]","MATRIX","TOP700","0"
"0","{""id"":""pv"",""name"":""Price Volume""}","0","{""id"":""intraday_pv_feats"",""name"":""Daily Intraday Price Volume Features""}","1","2026-07-01","1","Average ratio of price modulo 10 for the day.","mean_price_modulo_10_ratio_daily","2","GBR","{""id"":""pv-price-volume"",""name"":""Price Volume""}","[]","MATRIX","TOP700","0"
"0","{""id"":""pv"",""name"":""Price Volume""}","0","{""id"":""intraday_pv_feats"",""name"":""Daily Intraday Price Volume Features""}","1","2026-07-01","1","Mean ratio of price modulo 10 in the first quarter of volume clock.","mean_price_modulo_10_ratio_first_quarter_volumeclock","2","GBR","{""id"":""pv-price-volume"",""name"":""Price Volume""}","[]","MATRIX","TOP700","0"
"0","{""id"":""pv"",""name"":""Price Volume""}","0","{""id"":""intraday_pv_feats"",""name"":""Daily Intraday Price Volume Features""}","1","2026-07-01","1","Mean ratio of price modulo 10 in the last quarter of volume clock.","mean_price_modulo_10_ratio_last_quarter_volumeclock","2","GBR","{""id"":""pv-price-volume"",""name"":""Price Volume""}","[]","MATRIX","TOP700","0"
"0","{""id"":""pv"",""name"":""Price Volume""}","0","{""id"":""intraday_pv_feats"",""name"":""Daily Intraday Price Volume Features""}","1","2026-07-01","1","Average ratio of price modulo 1 over the first 30 minutes after market open.","mean_price_modulo_1_ratio_30m_post_open","2","GBR","{""id"":""pv-price-volume"",""name"":""Price Volume""}","[]","MATRIX","TOP700","0"
"0","{""id"":""pv"",""name"":""Price Volume""}","0","{""id"":""intraday_pv_feats"",""name"":""Daily Intraday Price Volume Features""}","1","2026-07-01","1","Average ratio of price modulo 1 over the last 30 minutes before market close.","mean_price_modulo_1_ratio_30m_pre_close","2","GBR","{""id"":""pv-price-volume"",""name"":""Price Volume""}","[]","MATRIX","TOP700","0"
"0","{""id"":""pv"",""name"":""Price Volume""}","0","{""id"":""intraday_pv_feats"",""name"":""Daily Intraday Price Volume Features""}","1","2026-07-01","1","Average ratio of price modulo 1 over the first 60 minutes after market open.","mean_price_modulo_1_ratio_60m_post_open","2","GBR","{""id"":""pv-price-volume"",""name"":""Price Volume""}","[]","MATRIX","TOP700","0"
"0","{""id"":""pv"",""name"":""Price Volume""}","0","{""id"":""intraday_pv_feats"",""name"":""Daily Intraday Price Volume Features""}","1","2026-07-01","1","Average ratio of price modulo 1 in the last 60 minutes before market close.","mean_price_modulo_1_ratio_60m_pre_close_2","2","GBR","{""id"":""pv-price-volume"",""name"":""Price Volume""}","[]","MATRIX","TOP700","0"
"0","{""id"":""pv"",""name"":""Price Volume""}","0","{""id"":""intraday_pv_feats"",""name"":""Daily Intraday Price Volume Features""}","1","2026-07-01","1","Average ratio of price modulo 1 for the day.","mean_price_modulo_1_ratio_daily","2","GBR","{""id"":""pv-price-volume"",""name"":""Price Volume""}","[]","MATRIX","TOP700","0"
"0","{""id"":""pv"",""name"":""Price Volume""}","0","{""id"":""intraday_pv_feats"",""name"":""Daily Intraday Price Volume Features""}","1","2026-07-01","1","Mean intraday return of the ask price series computed across intervals during the session","mean_return_ask_price_interval","2","GBR","{""id"":""pv-price-volume"",""name"":""Price Volume""}","[]","MATRIX","TOP700","0"
"0","{""id"":""pv"",""name"":""Price Volume""}","0","{""id"":""intraday_pv_feats"",""name"":""Daily Intraday Price Volume Features""}","1","2026-07-01","1","Mean return based on bid prices across intervals.","mean_return_bid_price_interval","2","GBR","{""id"":""pv-price-volume"",""name"":""Price Volume""}","[]","MATRIX","TOP700","0"
"0","{""id"":""pv"",""name"":""Price Volume""}","0","{""id"":""intraday_pv_feats"",""name"":""Daily Intraday Price Volume Features""}","1","2026-07-01","1","Mean return based on high prices across intervals.","mean_return_high_price","2","GBR","{""id"":""pv-price-volume"",""name"":""Price Volume""}","[]","MATRIX","TOP700","0"
"0","{""id"":""pv"",""name"":""Price Volume""}","0","{""id"":""intraday_pv_feats"",""name"":""Daily Intraday Price Volume Features""}","1","2026-07-01","1","Mean intraday return of the last trade price series computed across intervals during the session","mean_return_last_trade_price_interval","2","GBR","{""id"":""pv-price-volume"",""name"":""Price Volume""}","[]","MATRIX","TOP700","0"
"0","{""id"":""pv"",""name"":""Price Volume""}","0","{""id"":""intraday_pv_feats"",""name"":""Daily Intraday Price Volume Features""}","1","2026-07-01","1","Mean return based on low prices across intervals.","mean_return_low_price_interval","2","GBR","{""id"":""pv-price-volume"",""name"":""Price Volume""}","[]","MATRIX","TOP700","0"
"0","{""id"":""pv"",""name"":""Price Volume""}","0","{""id"":""intraday_pv_feats"",""name"":""Daily Intraday Price Volume Features""}","1","2026-07-01","1","Mean return based on volume-weighted average prices across intervals.","mean_return_vwap_interval","2","GBR","{""id"":""pv-price-volume"",""name"":""Price Volume""}","[]","MATRIX","TOP700","0"
"0","{""id"":""pv"",""name"":""Price Volume""}","0","{""id"":""intraday_pv_feats"",""name"":""Daily Intraday Price Volume Features""}","1","2026-07-01","1","Average slippage over the first 30 minutes after market open.","mean_slippage_30m_post_open","2","GBR","{""id"":""pv-price-volume"",""name"":""Price Volume""}","[]","MATRIX","TOP700","0"
"0","{""id"":""pv"",""name"":""Price Volume""}","0","{""id"":""intraday_pv_feats"",""name"":""Daily Intraday Price Volume Features""}","1","2026-07-01","1","Average slippage over the last 30 minutes before market close.","mean_slippage_30m_pre_close","2","GBR","{""id"":""pv-price-volume"",""name"":""Price Volume""}","[]","MATRIX","TOP700","0"
"0","{""id"":""pv"",""name"":""Price Volume""}","0","{""id"":""intraday_pv_feats"",""name"":""Daily Intraday Price Volume Features""}","1","2026-07-01","1","Average slippage over the first 60 minutes after market open.","mean_slippage_60m_post_open","2","GBR","{""id"":""pv-price-volume"",""name"":""Price Volume""}","[]","MATRIX","TOP700","0"
"0","{""id"":""pv"",""name"":""Price Volume""}","0","{""id"":""intraday_pv_feats"",""name"":""Daily Intraday Price Volume Features""}","1","2026-07-01","1","Average observed slippage in the last 60 minutes before market close.","mean_slippage_60m_pre_close_2","2","GBR","{""id"":""pv-price-volume"",""name"":""Price Volume""}","[]","MATRIX","TOP700","0"
"0","{""id"":""pv"",""name"":""Price Volume""}","0","{""id"":""intraday_pv_feats"",""name"":""Daily Intraday Price Volume Features""}","1","2026-07-01","1","Average trade volume over the first 30 minutes after market open.","mean_trade_volume_30m_post_open","2","GBR","{""id"":""pv-price-volume"",""name"":""Price Volume""}","[]","MATRIX","TOP700","0"
"0","{""id"":""pv"",""name"":""Price Volume""}","0","{""id"":""intraday_pv_feats"",""name"":""Daily Intraday Price Volume Features""}","1","2026-07-01","1","Average trading volume in the last 30 minutes before market close.","mean_trade_volume_30m_pre_close_2","2","GBR","{""id"":""pv-price-volume"",""name"":""Price Volume""}","[]","MATRIX","TOP700","0"
"0","{""id"":""pv"",""name"":""Price Volume""}","0","{""id"":""intraday_pv_feats"",""name"":""Daily Intraday Price Volume Features""}","1","2026-07-01","1","Average trade volume over the first 60 minutes after market open.","mean_trade_volume_60m_post_open","2","GBR","{""id"":""pv-price-volume"",""name"":""Price Volume""}","[]","MATRIX","TOP700","0"
"0","{""id"":""pv"",""name"":""Price Volume""}","0","{""id"":""intraday_pv_feats"",""name"":""Daily Intraday Price Volume Features""}","1","2026-07-01","1","Average trade volume over the last 60 minutes before market close.","mean_trade_volume_60m_pre_close","2","GBR","{""id"":""pv-price-volume"",""name"":""Price Volume""}","[]","MATRIX","TOP700","0"
"0","{""id"":""pv"",""name"":""Price Volume""}","0","{""id"":""intraday_pv_feats"",""name"":""Daily Intraday Price Volume Features""}","1","2026-07-01","1","Mean traded volume per interval within the first 25% volume slice","mean_trade_volume_first_quarter_volumeclock","2","GBR","{""id"":""pv-price-volume"",""name"":""Price Volume""}","[]","MATRIX","TOP700","0"
"0","{""id"":""pv"",""name"":""Price Volume""}","0","{""id"":""intraday_pv_feats"",""name"":""Daily Intraday Price Volume Features""}","1","2026-07-01","1","Average ratio of time-weighted average price to VWAP for the day.","mean_twap_vwap_ratio_daily","2","GBR","{""id"":""pv-price-volume"",""name"":""Price Volume""}","[]","MATRIX","TOP700","0"
"0","{""id"":""pv"",""name"":""Price Volume""}","0","{""id"":""intraday_pv_feats"",""name"":""Daily Intraday Price Volume Features""}","1","2026-07-01","1","Average interval volume within the first 50% of cumulative intraday volume (D1 lag)","mean_volume_first_half","2","GBR","{""id"":""pv-price-volume"",""name"":""Price Volume""}","[]","MATRIX","TOP700","0"
"0","{""id"":""pv"",""name"":""Price Volume""}","0","{""id"":""intraday_pv_feats"",""name"":""Daily Intraday Price Volume Features""}","1","2026-07-01","1","Mean VWAP over the first 30 minutes after the exchange open","mean_vwap_30m_post_open","2","GBR","{""id"":""pv-price-volume"",""name"":""Price Volume""}","[]","MATRIX","TOP700","0"
"0","{""id"":""pv"",""name"":""Price Volume""}","0","{""id"":""intraday_pv_feats"",""name"":""Daily Intraday Price Volume Features""}","1","2026-07-01","1","Mean of intraday VWAP values over the last 30 minutes before the exchange close","mean_vwap_30m_pre_close_2","2","GBR","{""id"":""pv-price-volume"",""name"":""Price Volume""}","[]","MATRIX","TOP700","0"
"0","{""id"":""pv"",""name"":""Price Volume""}","0","{""id"":""intraday_pv_feats"",""name"":""Daily Intraday Price Volume Features""}","1","2026-07-01","1","Average VWAP over the first 60 minutes after the exchange opens, computed from intraday intervals","mean_vwap_60m_post_open","2","GBR","{""id"":""pv-price-volume"",""name"":""Price Volume""}","[]","MATRIX","TOP700","0"
"0","{""id"":""pv"",""name"":""Price Volume""}","0","{""id"":""intraday_pv_feats"",""name"":""Daily Intraday Price Volume Features""}","1","2026-07-01","1","Average VWAP over the last 60 minutes before the market close","mean_vwap_60m_pre_close_2","2","GBR","{""id"":""pv-price-volume"",""name"":""Price Volume""}","[]","MATRIX","TOP700","0"
"0","{""id"":""pv"",""name"":""Price Volume""}","0","{""id"":""intraday_pv_feats"",""name"":""Daily Intraday Price Volume Features""}","1","2026-07-01","1","Average VWAP within the first 50% of cumulative intraday volume","mean_vwap_first_half_volume","2","GBR","{""id"":""pv-price-volume"",""name"":""Price Volume""}","[]","MATRIX","TOP700","0"
"0","{""id"":""pv"",""name"":""Price Volume""}","0","{""id"":""intraday_pv_feats"",""name"":""Daily Intraday Price Volume Features""}","1","2026-07-01","1","Mean of interval VWAP values across the first 25% cumulative volume slice","mean_vwap_first_quarter_volumeclock","2","GBR","{""id"":""pv-price-volume"",""name"":""Price Volume""}","[]","MATRIX","TOP700","0"
"0","{""id"":""pv"",""name"":""Price Volume""}","0","{""id"":""intraday_pv_feats"",""name"":""Daily Intraday Price Volume Features""}","1","2026-07-01","1","Mean of intraday VWAP values across intervals during the session","mean_vwap_interval_2","2","GBR","{""id"":""pv-price-volume"",""name"":""Price Volume""}","[]","MATRIX","TOP700","0"
"0","{""id"":""pv"",""name"":""Price Volume""}","0","{""id"":""intraday_pv_feats"",""name"":""Daily Intraday Price Volume Features""}","1","2026-07-01","1","Average return of volume-weighted average price in the first 30 minutes after market open.","mean_vwap_return_30m_post_open","2","GBR","{""id"":""pv-price-volume"",""name"":""Price Volume""}","[]","MATRIX","TOP700","0"
"0","{""id"":""pv"",""name"":""Price Volume""}","0","{""id"":""intraday_pv_feats"",""name"":""Daily Intraday Price Volume Features""}","1","2026-07-01","1","Average return of the volume-weighted average price in the last 30 minutes before market close.","mean_vwap_return_30m_pre_close_2","2","GBR","{""id"":""pv-price-volume"",""name"":""Price Volume""}","[]","MATRIX","TOP700","0"
"0","{""id"":""pv"",""name"":""Price Volume""}","0","{""id"":""intraday_pv_feats"",""name"":""Daily Intraday Price Volume Features""}","1","2026-07-01","1","Average return of volume-weighted average price in the first 60 minutes after market open.","mean_vwap_return_60m_post_open","2","GBR","{""id"":""pv-price-volume"",""name"":""Price Volume""}","[]","MATRIX","TOP700","0"
"0","{""id"":""pv"",""name"":""Price Volume""}","0","{""id"":""intraday_pv_feats"",""name"":""Daily Intraday Price Volume Features""}","1","2026-07-01","1","Average return of the volume-weighted average price in the last 60 minutes before market close.","mean_vwap_return_60m_pre_close_2","2","GBR","{""id"":""pv-price-volume"",""name"":""Price Volume""}","[]","MATRIX","TOP700","0"
"0","{""id"":""pv"",""name"":""Price Volume""}","0","{""id"":""intraday_pv_feats"",""name"":""Daily Intraday Price Volume Features""}","1","2026-07-01","1","Minimum ask price during the first 30 minutes after the market open","min_ask_price_30m_post_open","2","GBR","{""id"":""pv-price-volume"",""name"":""Price Volume""}","[]","MATRIX","TOP700","0"
"0","{""id"":""pv"",""name"":""Price Volume""}","0","{""id"":""intraday_pv_feats"",""name"":""Daily Intraday Price Volume Features""}","1","2026-07-01","1","Minimum ask price within the last 30 minutes before the exchange close","min_ask_price_30m_pre_close_2","2","GBR","{""id"":""pv-price-volume"",""name"":""Price Volume""}","[]","MATRIX","TOP700","0"
"0","{""id"":""pv"",""name"":""Price Volume""}","0","{""id"":""intraday_pv_feats"",""name"":""Daily Intraday Price Volume Features""}","1","2026-07-01","1","Minimum ask price during the first 60 minutes after the market open","min_ask_price_60m_post_open","2","GBR","{""id"":""pv-price-volume"",""name"":""Price Volume""}","[]","MATRIX","TOP700","0"
"0","{""id"":""pv"",""name"":""Price Volume""}","0","{""id"":""intraday_pv_feats"",""name"":""Daily Intraday Price Volume Features""}","1","2026-07-01","1","Minimum ask price within the last 60 minutes before the exchange close","min_ask_price_60m_pre_close_2","2","GBR","{""id"":""pv-price-volume"",""name"":""Price Volume""}","[]","MATRIX","TOP700","0"
"0","{""id"":""pv"",""name"":""Price Volume""}","0","{""id"":""intraday_pv_feats"",""name"":""Daily Intraday Price Volume Features""}","1","2026-07-01","1","Minimum ask price observed across intraday intervals during the trading session","min_ask_price_interval","2","GBR","{""id"":""pv-price-volume"",""name"":""Price Volume""}","[]","MATRIX","TOP700","0"
"0","{""id"":""pv"",""name"":""Price Volume""}","0","{""id"":""intraday_pv_feats"",""name"":""Daily Intraday Price Volume Features""}","1","2026-07-01","1","Minimum ratio of ask price to volume-weighted average price in intervals.","min_ask_price_to_vwap_ratio","2","GBR","{""id"":""pv-price-volume"",""name"":""Price Volume""}","[]","MATRIX","TOP700","0"
"0","{""id"":""pv"",""name"":""Price Volume""}","0","{""id"":""intraday_pv_feats"",""name"":""Daily Intraday Price Volume Features""}","1","2026-07-01","1","Minimum ratio of ask size to trading volume for the day.","min_ask_size_volume_ratio_daily","2","GBR","{""id"":""pv-price-volume"",""name"":""Price Volume""}","[]","MATRIX","TOP700","0"
"0","{""id"":""pv"",""name"":""Price Volume""}","0","{""id"":""intraday_pv_feats"",""name"":""Daily Intraday Price Volume Features""}","1","2026-07-01","1","Intraday minimum across intervals of the ratio of bid to ask price","min_bid_ask_price_ratio_daily","2","GBR","{""id"":""pv-price-volume"",""name"":""Price Volume""}","[]","MATRIX","TOP700","0"
"0","{""id"":""pv"",""name"":""Price Volume""}","0","{""id"":""intraday_pv_feats"",""name"":""Daily Intraday Price Volume Features""}","1","2026-07-01","1","Minimum ratio of combined bid and ask sizes to traded volume.","min_bid_ask_size_to_volume_ratio","2","GBR","{""id"":""pv-price-volume"",""name"":""Price Volume""}","[]","MATRIX","TOP700","0"
"0","{""id"":""pv"",""name"":""Price Volume""}","0","{""id"":""intraday_pv_feats"",""name"":""Daily Intraday Price Volume Features""}","1","2026-07-01","1","minimum best bid price observed in the first 30 minutes since market open","min_bid_price_30m_post_open","2","GBR","{""id"":""pv-price-volume"",""name"":""Price Volume""}","[]","MATRIX","TOP700","0"
"0","{""id"":""pv"",""name"":""Price Volume""}","0","{""id"":""intraday_pv_feats"",""name"":""Daily Intraday Price Volume Features""}","1","2026-07-01","1","Minimum bid price during the 30 minutes before close","min_bid_price_30m_pre_close_2","2","GBR","{""id"":""pv-price-volume"",""name"":""Price Volume""}","[]","MATRIX","TOP700","0"
"0","{""id"":""pv"",""name"":""Price Volume""}","0","{""id"":""intraday_pv_feats"",""name"":""Daily Intraday Price Volume Features""}","1","2026-07-01","1","Minimum bid price observed during the first 60 minutes after the exchange open","min_bid_price_60m_post_open","2","GBR","{""id"":""pv-price-volume"",""name"":""Price Volume""}","[]","MATRIX","TOP700","0"
"0","{""id"":""pv"",""name"":""Price Volume""}","0","{""id"":""intraday_pv_feats"",""name"":""Daily Intraday Price Volume Features""}","1","2026-07-01","1","Minimum bid price within the last 60 minutes before the exchange close","min_bid_price_60m_pre_close","2","GBR","{""id"":""pv-price-volume"",""name"":""Price Volume""}","[]","MATRIX","TOP700","0"
"0","{""id"":""pv"",""name"":""Price Volume""}","0","{""id"":""intraday_pv_feats"",""name"":""Daily Intraday Price Volume Features""}","1","2026-07-01","1","Minimum of the best bid price across intraday intervals during the session","min_bid_price_interval_2","2","GBR","{""id"":""pv-price-volume"",""name"":""Price Volume""}","[]","MATRIX","TOP700","0"
"0","{""id"":""pv"",""name"":""Price Volume""}","0","{""id"":""intraday_pv_feats"",""name"":""Daily Intraday Price Volume Features""}","1","2026-07-01","1","Minimum across intraday intervals of top-of-book bid size divided by top-of-book ask size","min_bid_size_to_ask_size_ratio","2","GBR","{""id"":""pv-price-volume"",""name"":""Price Volume""}","[]","MATRIX","TOP700","0"
"0","{""id"":""pv"",""name"":""Price Volume""}","0","{""id"":""intraday_pv_feats"",""name"":""Daily Intraday Price Volume Features""}","1","2026-07-01","1","Minimum ratio of bid size to traded volume in intervals.","min_bid_size_to_volume_ratio","2","GBR","{""id"":""pv-price-volume"",""name"":""Price Volume""}","[]","MATRIX","TOP700","0"
"0","{""id"":""pv"",""name"":""Price Volume""}","0","{""id"":""intraday_pv_feats"",""name"":""Daily Intraday Price Volume Features""}","1","2026-07-01","1","Intraday minimum across intervals of the ratio of bid price to VWAP","min_bid_vwap_ratio_daily","2","GBR","{""id"":""pv-price-volume"",""name"":""Price Volume""}","[]","MATRIX","TOP700","0"
"0","{""id"":""pv"",""name"":""Price Volume""}","0","{""id"":""intraday_pv_feats"",""name"":""Daily Intraday Price Volume Features""}","1","2026-07-01","1","Minimum of the high price series during the first 30 minutes after the exchange open","min_high_price_30m_post_open","2","GBR","{""id"":""pv-price-volume"",""name"":""Price Volume""}","[]","MATRIX","TOP700","0"
"0","{""id"":""pv"",""name"":""Price Volume""}","0","{""id"":""intraday_pv_feats"",""name"":""Daily Intraday Price Volume Features""}","1","2026-07-01","1","Minimum high price observed in the last 30 minutes before market close.","min_high_price_30m_pre_close","2","GBR","{""id"":""pv-price-volume"",""name"":""Price Volume""}","[]","MATRIX","TOP700","0"
"0","{""id"":""pv"",""name"":""Price Volume""}","0","{""id"":""intraday_pv_feats"",""name"":""Daily Intraday Price Volume Features""}","1","2026-07-01","1","Minimum of the high price series during the first 60 minutes after the exchange open","min_high_price_60m_post_open","2","GBR","{""id"":""pv-price-volume"",""name"":""Price Volume""}","[]","MATRIX","TOP700","0"
"0","{""id"":""pv"",""name"":""Price Volume""}","0","{""id"":""intraday_pv_feats"",""name"":""Daily Intraday Price Volume Features""}","1","2026-07-01","1","Minimum high price observed in the last 60 minutes before market close.","min_high_price_60m_pre_close","2","GBR","{""id"":""pv-price-volume"",""name"":""Price Volume""}","[]","MATRIX","TOP700","0"
"0","{""id"":""pv"",""name"":""Price Volume""}","0","{""id"":""intraday_pv_feats"",""name"":""Daily Intraday Price Volume Features""}","1","2026-07-01","1","Minimum of the intraday high series across the session (lowest of highs)","min_high_price_interval","2","GBR","{""id"":""pv-price-volume"",""name"":""Price Volume""}","[]","MATRIX","TOP700","0"
"0","{""id"":""pv"",""name"":""Price Volume""}","0","{""id"":""intraday_pv_feats"",""name"":""Daily Intraday Price Volume Features""}","1","2026-07-01","1","Minimum ratio of interval high price to last trade price.","min_high_to_last_price_ratio","2","GBR","{""id"":""pv-price-volume"",""name"":""Price Volume""}","[]","MATRIX","TOP700","0"
"0","{""id"":""pv"",""name"":""Price Volume""}","0","{""id"":""intraday_pv_feats"",""name"":""Daily Intraday Price Volume Features""}","1","2026-07-01","1","Minimum last-trade price observed during the first 30 minutes after market open","min_last_trade_price_30m_post_open","2","GBR","{""id"":""pv-price-volume"",""name"":""Price Volume""}","[]","MATRIX","TOP700","0"
"0","{""id"":""pv"",""name"":""Price Volume""}","0","{""id"":""intraday_pv_feats"",""name"":""Daily Intraday Price Volume Features""}","1","2026-07-01","1","Minimum last-traded price during the last 30 minutes before the close","min_last_trade_price_30m_pre_close_2","2","GBR","{""id"":""pv-price-volume"",""name"":""Price Volume""}","[]","MATRIX","TOP700","0"
"0","{""id"":""pv"",""name"":""Price Volume""}","0","{""id"":""intraday_pv_feats"",""name"":""Daily Intraday Price Volume Features""}","1","2026-07-01","1","Minimum last-traded price observed during the first 60 minutes after the exchange opens","min_last_trade_price_60m_post_open","2","GBR","{""id"":""pv-price-volume"",""name"":""Price Volume""}","[]","MATRIX","TOP700","0"
"0","{""id"":""pv"",""name"":""Price Volume""}","0","{""id"":""intraday_pv_feats"",""name"":""Daily Intraday Price Volume Features""}","1","2026-07-01","1","Minimum last trade price during the last 60 minutes before the market close","min_last_trade_price_60m_pre_close_2","2","GBR","{""id"":""pv-price-volume"",""name"":""Price Volume""}","[]","MATRIX","TOP700","0"
"0","{""id"":""pv"",""name"":""Price Volume""}","0","{""id"":""intraday_pv_feats"",""name"":""Daily Intraday Price Volume Features""}","1","2026-07-01","1","Minimum of the intraday last-traded price across the session","min_last_trade_price_interval","2","GBR","{""id"":""pv-price-volume"",""name"":""Price Volume""}","[]","MATRIX","TOP700","0"
"0","{""id"":""pv"",""name"":""Price Volume""}","0","{""id"":""intraday_pv_feats"",""name"":""Daily Intraday Price Volume Features""}","1","2026-07-01","1","Minimum ratio of low price to last price across intervals for the day.","min_low_interval_last_ratio_daily","2","GBR","{""id"":""pv-price-volume"",""name"":""Price Volume""}","[]","MATRIX","TOP700","0"
"0","{""id"":""pv"",""name"":""Price Volume""}","0","{""id"":""intraday_pv_feats"",""name"":""Daily Intraday Price Volume Features""}","1","2026-07-01","1","Minimum of the low price series (lowest low) in the first 30 minutes after the exchange opens","min_low_price_30m_post_open","2","GBR","{""id"":""pv-price-volume"",""name"":""Price Volume""}","[]","MATRIX","TOP700","0"
"0","{""id"":""pv"",""name"":""Price Volume""}","0","{""id"":""intraday_pv_feats"",""name"":""Daily Intraday Price Volume Features""}","1","2026-07-01","1","Minimum of the low price series within the last 30 minutes before the exchange close","min_low_price_30m_pre_close_2","2","GBR","{""id"":""pv-price-volume"",""name"":""Price Volume""}","[]","MATRIX","TOP700","0"
"0","{""id"":""pv"",""name"":""Price Volume""}","0","{""id"":""intraday_pv_feats"",""name"":""Daily Intraday Price Volume Features""}","1","2026-07-01","1","Minimum of the low price series (i.e., the lowest low) during the first 60 minutes after the market open","min_low_price_60m_post_open","2","GBR","{""id"":""pv-price-volume"",""name"":""Price Volume""}","[]","MATRIX","TOP700","0"
"0","{""id"":""pv"",""name"":""Price Volume""}","0","{""id"":""intraday_pv_feats"",""name"":""Daily Intraday Price Volume Features""}","1","2026-07-01","1","Minimum intraday low price observed during the last 60 minutes before the local market close","min_low_price_60m_pre_close_2","2","GBR","{""id"":""pv-price-volume"",""name"":""Price Volume""}","[]","MATRIX","TOP700","0"
"0","{""id"":""pv"",""name"":""Price Volume""}","0","{""id"":""intraday_pv_feats"",""name"":""Daily Intraday Price Volume Features""}","1","2026-07-01","1","Minimum of the intraday low series across the session (session low)","min_low_price_interval","2","GBR","{""id"":""pv-price-volume"",""name"":""Price Volume""}","[]","MATRIX","TOP700","0"
"0","{""id"":""pv"",""name"":""Price Volume""}","0","{""id"":""intraday_pv_feats"",""name"":""Daily Intraday Price Volume Features""}","1","2026-07-01","1","Minimum slippage observed in the first 30 minutes after market open.","min_slippage_30m_post_open","2","GBR","{""id"":""pv-price-volume"",""name"":""Price Volume""}","[]","MATRIX","TOP700","0"
"0","{""id"":""pv"",""name"":""Price Volume""}","0","{""id"":""intraday_pv_feats"",""name"":""Daily Intraday Price Volume Features""}","1","2026-07-01","1","Minimum observed slippage in the last 30 minutes before market close.","min_slippage_30m_pre_close_2","2","GBR","{""id"":""pv-price-volume"",""name"":""Price Volume""}","[]","MATRIX","TOP700","0"
"0","{""id"":""pv"",""name"":""Price Volume""}","0","{""id"":""intraday_pv_feats"",""name"":""Daily Intraday Price Volume Features""}","1","2026-07-01","1","Minimum slippage observed in the first 60 minutes after market open.","min_slippage_60m_post_open","2","GBR","{""id"":""pv-price-volume"",""name"":""Price Volume""}","[]","MATRIX","TOP700","0"
"0","{""id"":""pv"",""name"":""Price Volume""}","0","{""id"":""intraday_pv_feats"",""name"":""Daily Intraday Price Volume Features""}","1","2026-07-01","1","Minimum observed slippage in the last 60 minutes before market close.","min_slippage_60m_pre_close_2","2","GBR","{""id"":""pv-price-volume"",""name"":""Price Volume""}","[]","MATRIX","TOP700","0"
"0","{""id"":""pv"",""name"":""Price Volume""}","0","{""id"":""intraday_pv_feats"",""name"":""Daily Intraday Price Volume Features""}","1","2026-07-01","1","Minimum intraday slippage observed during the session","min_slippage_interval_2","2","GBR","{""id"":""pv-price-volume"",""name"":""Price Volume""}","[]","MATRIX","TOP700","0"
"0","{""id"":""pv"",""name"":""Price Volume""}","0","{""id"":""intraday_pv_feats"",""name"":""Daily Intraday Price Volume Features""}","1","2026-07-01","1","Minimum trade volume observed in the first 30 minutes after market open.","min_trade_volume_30m_post_open","2","GBR","{""id"":""pv-price-volume"",""name"":""Price Volume""}","[]","MATRIX","TOP700","0"
"0","{""id"":""pv"",""name"":""Price Volume""}","0","{""id"":""intraday_pv_feats"",""name"":""Daily Intraday Price Volume Features""}","1","2026-07-01","1","Minimum trading volume in the last 30 minutes before market close.","min_trade_volume_30m_pre_close_2","2","GBR","{""id"":""pv-price-volume"",""name"":""Price Volume""}","[]","MATRIX","TOP700","0"
"0","{""id"":""pv"",""name"":""Price Volume""}","0","{""id"":""intraday_pv_feats"",""name"":""Daily Intraday Price Volume Features""}","1","2026-07-01","1","Minimum trade volume observed in the first 60 minutes after market open.","min_trade_volume_60m_post_open","2","GBR","{""id"":""pv-price-volume"",""name"":""Price Volume""}","[]","MATRIX","TOP700","0"
"0","{""id"":""pv"",""name"":""Price Volume""}","0","{""id"":""intraday_pv_feats"",""name"":""Daily Intraday Price Volume Features""}","1","2026-07-01","1","Minimum interval trading volume within the 60 minutes before the close","min_trade_volume_60m_pre_close_2","2","GBR","{""id"":""pv-price-volume"",""name"":""Price Volume""}","[]","MATRIX","TOP700","0"
"0","{""id"":""pv"",""name"":""Price Volume""}","0","{""id"":""intraday_pv_feats"",""name"":""Daily Intraday Price Volume Features""}","1","2026-07-01","1","Minimum intraday interval volume observed during the trading session","min_trade_volume_interval","2","GBR","{""id"":""pv-price-volume"",""name"":""Price Volume""}","[]","MATRIX","TOP700","0"
"0","{""id"":""pv"",""name"":""Price Volume""}","0","{""id"":""intraday_pv_feats"",""name"":""Daily Intraday Price Volume Features""}","1","2026-07-01","1","Minimum ratio of time-weighted average price to VWAP for the day.","min_twap_vwap_ratio_daily","2","GBR","{""id"":""pv-price-volume"",""name"":""Price Volume""}","[]","MATRIX","TOP700","0"
"0","{""id"":""pv"",""name"":""Price Volume""}","0","{""id"":""intraday_pv_feats"",""name"":""Daily Intraday Price Volume Features""}","1","2026-07-01","1","Minimum ratio of traded volume to last trade size in intervals.","min_volume_to_last_trade_ratio","2","GBR","{""id"":""pv-price-volume"",""name"":""Price Volume""}","[]","MATRIX","TOP700","0"
"0","{""id"":""pv"",""name"":""Price Volume""}","0","{""id"":""intraday_pv_feats"",""name"":""Daily Intraday Price Volume Features""}","1","2026-07-01","1","Minimum VWAP observed during the first 30 minutes after the exchange open","min_vwap_30m_post_open","2","GBR","{""id"":""pv-price-volume"",""name"":""Price Volume""}","[]","MATRIX","TOP700","0"
"0","{""id"":""pv"",""name"":""Price Volume""}","0","{""id"":""intraday_pv_feats"",""name"":""Daily Intraday Price Volume Features""}","1","2026-07-01","1","Minimum volume-weighted average price in the last 30 minutes before market close.","min_vwap_30m_pre_close_2","2","GBR","{""id"":""pv-price-volume"",""name"":""Price Volume""}","[]","MATRIX","TOP700","0"
"0","{""id"":""pv"",""name"":""Price Volume""}","0","{""id"":""intraday_pv_feats"",""name"":""Daily Intraday Price Volume Features""}","1","2026-07-01","1","Minimum volume-weighted average price in the first 60 minutes after market open.","min_vwap_60m_post_open","2","GBR","{""id"":""pv-price-volume"",""name"":""Price Volume""}","[]","MATRIX","TOP700","0"
"0","{""id"":""pv"",""name"":""Price Volume""}","0","{""id"":""intraday_pv_feats"",""name"":""Daily Intraday Price Volume Features""}","1","2026-07-01","1","Minimum volume-weighted average price in the last 60 minutes before market close.","min_vwap_60m_pre_close_2","2","GBR","{""id"":""pv-price-volume"",""name"":""Price Volume""}","[]","MATRIX","TOP700","0"
"0","{""id"":""pv"",""name"":""Price Volume""}","0","{""id"":""intraday_pv_feats"",""name"":""Daily Intraday Price Volume Features""}","1","2026-07-01","1","Minimum value of intraday VWAP across the session","min_vwap_interval_2","2","GBR","{""id"":""pv-price-volume"",""name"":""Price Volume""}","[]","MATRIX","TOP700","0"
"0","{""id"":""pv"",""name"":""Price Volume""}","0","{""id"":""intraday_pv_feats"",""name"":""Daily Intraday Price Volume Features""}","1","2026-07-01","1","Minimum ratio of volume-weighted average price to last trade price in intervals.","min_vwap_to_last_price_ratio","2","GBR","{""id"":""pv-price-volume"",""name"":""Price Volume""}","[]","MATRIX","TOP700","0"
"0","{""id"":""pv"",""name"":""Price Volume""}","0","{""id"":""intraday_pv_feats"",""name"":""Daily Intraday Price Volume Features""}","1","2026-07-01","1","First order momentum of ask price in the first half of volume clock.","momentum1_ask_price_first_half_volume","2","GBR","{""id"":""pv-price-volume"",""name"":""Price Volume""}","[]","MATRIX","TOP700","0"
"0","{""id"":""pv"",""name"":""Price Volume""}","0","{""id"":""intraday_pv_feats"",""name"":""Daily Intraday Price Volume Features""}","1","2026-07-01","1","First order momentum of bid price in the first half of volume clock.","momentum1_bid_price_first_half_volume","2","GBR","{""id"":""pv-price-volume"",""name"":""Price Volume""}","[]","MATRIX","TOP700","0"
"0","{""id"":""pv"",""name"":""Price Volume""}","0","{""id"":""intraday_pv_feats"",""name"":""Daily Intraday Price Volume Features""}","1","2026-07-01","1","First order momentum of last trade price in the first half of volume clock.","momentum1_last_trade_price_first_half","2","GBR","{""id"":""pv-price-volume"",""name"":""Price Volume""}","[]","MATRIX","TOP700","0"
"0","{""id"":""pv"",""name"":""Price Volume""}","0","{""id"":""intraday_pv_feats"",""name"":""Daily Intraday Price Volume Features""}","1","2026-07-01","1","First order momentum of traded volume in the first half of volume clock.","momentum1_volume_first_half","2","GBR","{""id"":""pv-price-volume"",""name"":""Price Volume""}","[]","MATRIX","TOP700","0"
"0","{""id"":""pv"",""name"":""Price Volume""}","0","{""id"":""intraday_pv_feats"",""name"":""Daily Intraday Price Volume Features""}","1","2026-07-01","1","First order momentum of VWAP in the first half of volume clock.","momentum1_vwap_first_half_volume","2","GBR","{""id"":""pv-price-volume"",""name"":""Price Volume""}","[]","MATRIX","TOP700","0"
"0","{""id"":""pv"",""name"":""Price Volume""}","0","{""id"":""intraday_pv_feats"",""name"":""Daily Intraday Price Volume Features""}","1","2026-07-01","1","Second-order momentum of ask price for the day.","momentum2_ask_price_daily","2","GBR","{""id"":""pv-price-volume"",""name"":""Price Volume""}","[]","MATRIX","TOP700","0"
"0","{""id"":""pv"",""name"":""Price Volume""}","0","{""id"":""intraday_pv_feats"",""name"":""Daily Intraday Price Volume Features""}","1","2026-07-01","1","Second order momentum of ask price in the first half of volume clock.","momentum2_ask_price_first_half_volume","2","GBR","{""id"":""pv-price-volume"",""name"":""Price Volume""}","[]","MATRIX","TOP700","0"
"0","{""id"":""pv"",""name"":""Price Volume""}","0","{""id"":""intraday_pv_feats"",""name"":""Daily Intraday Price Volume Features""}","1","2026-07-01","1","Second-order momentum of ask price in the first quarter of volume clock.","momentum2_ask_price_first_quarter_volumeclock","2","GBR","{""id"":""pv-price-volume"",""name"":""Price Volume""}","[]","MATRIX","TOP700","0"
"0","{""id"":""pv"",""name"":""Price Volume""}","0","{""id"":""intraday_pv_feats"",""name"":""Daily Intraday Price Volume Features""}","1","2026-07-01","1","Second-order momentum of ask price in the last 50% of the session.","momentum2_ask_price_last_half","2","GBR","{""id"":""pv-price-volume"",""name"":""Price Volume""}","[]","MATRIX","TOP700","0"
"0","{""id"":""pv"",""name"":""Price Volume""}","0","{""id"":""intraday_pv_feats"",""name"":""Daily Intraday Price Volume Features""}","1","2026-07-01","1","Second-order momentum of ask price in the last 25% of the session.","momentum2_ask_price_last_quarter","2","GBR","{""id"":""pv-price-volume"",""name"":""Price Volume""}","[]","MATRIX","TOP700","0"
"0","{""id"":""pv"",""name"":""Price Volume""}","0","{""id"":""intraday_pv_feats"",""name"":""Daily Intraday Price Volume Features""}","1","2026-07-01","1","Second-order momentum of bid price for the day.","momentum2_bid_price_daily","2","GBR","{""id"":""pv-price-volume"",""name"":""Price Volume""}","[]","MATRIX","TOP700","0"
"0","{""id"":""pv"",""name"":""Price Volume""}","0","{""id"":""intraday_pv_feats"",""name"":""Daily Intraday Price Volume Features""}","1","2026-07-01","1","Second-order momentum of bid price during the first half of volume clock.","momentum2_bid_price_first_half_volumeclock","2","GBR","{""id"":""pv-price-volume"",""name"":""Price Volume""}","[]","MATRIX","TOP700","0"
"0","{""id"":""pv"",""name"":""Price Volume""}","0","{""id"":""intraday_pv_feats"",""name"":""Daily Intraday Price Volume Features""}","1","2026-07-01","1","Second-order momentum of bid price in the first quarter of volume clock.","momentum2_bid_price_first_quarter_volumeclock","2","GBR","{""id"":""pv-price-volume"",""name"":""Price Volume""}","[]","MATRIX","TOP700","0"
"0","{""id"":""pv"",""name"":""Price Volume""}","0","{""id"":""intraday_pv_feats"",""name"":""Daily Intraday Price Volume Features""}","1","2026-07-01","1","Second-order momentum of bid price in the last 50% of the session.","momentum2_bid_price_last_half","2","GBR","{""id"":""pv-price-volume"",""name"":""Price Volume""}","[]","MATRIX","TOP700","0"
"0","{""id"":""pv"",""name"":""Price Volume""}","0","{""id"":""intraday_pv_feats"",""name"":""Daily Intraday Price Volume Features""}","1","2026-07-01","1","Second-order momentum of bid price in the last 25% of the session.","momentum2_bid_price_last_quarter","2","GBR","{""id"":""pv-price-volume"",""name"":""Price Volume""}","[]","MATRIX","TOP700","0"
"0","{""id"":""pv"",""name"":""Price Volume""}","0","{""id"":""intraday_pv_feats"",""name"":""Daily Intraday Price Volume Features""}","1","2026-07-01","1","Second-order momentum of high price for the day.","momentum2_high_price_daily","2","GBR","{""id"":""pv-price-volume"",""name"":""Price Volume""}","[]","MATRIX","TOP700","0"
"0","{""id"":""pv"",""name"":""Price Volume""}","0","{""id"":""intraday_pv_feats"",""name"":""Daily Intraday Price Volume Features""}","1","2026-07-01","1","Second order momentum of high price in the first half of volume clock.","momentum2_high_price_first_half_volume","2","GBR","{""id"":""pv-price-volume"",""name"":""Price Volume""}","[]","MATRIX","TOP700","0"
"0","{""id"":""pv"",""name"":""Price Volume""}","0","{""id"":""intraday_pv_feats"",""name"":""Daily Intraday Price Volume Features""}","1","2026-07-01","1","Second-order momentum of high price in the first quarter of volume clock.","momentum2_high_price_first_quarter_volumeclock","2","GBR","{""id"":""pv-price-volume"",""name"":""Price Volume""}","[]","MATRIX","TOP700","0"
"0","{""id"":""pv"",""name"":""Price Volume""}","0","{""id"":""intraday_pv_feats"",""name"":""Daily Intraday Price Volume Features""}","1","2026-07-01","1","Second-order momentum of high price in the last 50% of the session.","momentum2_high_price_last_half","2","GBR","{""id"":""pv-price-volume"",""name"":""Price Volume""}","[]","MATRIX","TOP700","0"
"0","{""id"":""pv"",""name"":""Price Volume""}","0","{""id"":""intraday_pv_feats"",""name"":""Daily Intraday Price Volume Features""}","1","2026-07-01","1","Second-order momentum of high price in the last quarter of volume clock.","momentum2_high_price_last_quarter_volumeclock","2","GBR","{""id"":""pv-price-volume"",""name"":""Price Volume""}","[]","MATRIX","TOP700","0"
"0","{""id"":""pv"",""name"":""Price Volume""}","0","{""id"":""intraday_pv_feats"",""name"":""Daily Intraday Price Volume Features""}","1","2026-07-01","1","Second-order momentum of last trade price for the day.","momentum2_last_trade_price_daily","2","GBR","{""id"":""pv-price-volume"",""name"":""Price Volume""}","[]","MATRIX","TOP700","0"
"0","{""id"":""pv"",""name"":""Price Volume""}","0","{""id"":""intraday_pv_feats"",""name"":""Daily Intraday Price Volume Features""}","1","2026-07-01","1","Second order momentum of last trade price in the first half of volume clock.","momentum2_last_trade_price_first_half","2","GBR","{""id"":""pv-price-volume"",""name"":""Price Volume""}","[]","MATRIX","TOP700","0"
"0","{""id"":""pv"",""name"":""Price Volume""}","0","{""id"":""intraday_pv_feats"",""name"":""Daily Intraday Price Volume Features""}","1","2026-07-01","1","Second-order momentum of last trade price in the first quarter of volume clock.","momentum2_last_trade_price_first_quarter_volumeclock","2","GBR","{""id"":""pv-price-volume"",""name"":""Price Volume""}","[]","MATRIX","TOP700","0"
"0","{""id"":""pv"",""name"":""Price Volume""}","0","{""id"":""intraday_pv_feats"",""name"":""Daily Intraday Price Volume Features""}","1","2026-07-01","1","Second-order momentum of last trade price in the last 50% of the session.","momentum2_last_trade_price_last_half","2","GBR","{""id"":""pv-price-volume"",""name"":""Price Volume""}","[]","MATRIX","TOP700","0"
"0","{""id"":""pv"",""name"":""Price Volume""}","0","{""id"":""intraday_pv_feats"",""name"":""Daily Intraday Price Volume Features""}","1","2026-07-01","1","Second-order momentum of last trade price in the last quarter of volume clock.","momentum2_last_trade_price_last_quarter_volumeclock","2","GBR","{""id"":""pv-price-volume"",""name"":""Price Volume""}","[]","MATRIX","TOP700","0"
"0","{""id"":""pv"",""name"":""Price Volume""}","0","{""id"":""intraday_pv_feats"",""name"":""Daily Intraday Price Volume Features""}","1","2026-07-01","1","Second-order momentum of low price for the day.","momentum2_low_price_daily","2","GBR","{""id"":""pv-price-volume"",""name"":""Price Volume""}","[]","MATRIX","TOP700","0"
"0","{""id"":""pv"",""name"":""Price Volume""}","0","{""id"":""intraday_pv_feats"",""name"":""Daily Intraday Price Volume Features""}","1","2026-07-01","1","Second order momentum of low price in the first half of volume clock.","momentum2_low_price_first_half_volume","2","GBR","{""id"":""pv-price-volume"",""name"":""Price Volume""}","[]","MATRIX","TOP700","0"
"0","{""id"":""pv"",""name"":""Price Volume""}","0","{""id"":""intraday_pv_feats"",""name"":""Daily Intraday Price Volume Features""}","1","2026-07-01","1","Second-order momentum of low price in the first quarter of volume clock.","momentum2_low_price_first_quarter_volumeclock","2","GBR","{""id"":""pv-price-volume"",""name"":""Price Volume""}","[]","MATRIX","TOP700","0"
"0","{""id"":""pv"",""name"":""Price Volume""}","0","{""id"":""intraday_pv_feats"",""name"":""Daily Intraday Price Volume Features""}","1","2026-07-01","1","Second-order momentum of low price in the last 50% of the session.","momentum2_low_price_last_half","2","GBR","{""id"":""pv-price-volume"",""name"":""Price Volume""}","[]","MATRIX","TOP700","0"
"0","{""id"":""pv"",""name"":""Price Volume""}","0","{""id"":""intraday_pv_feats"",""name"":""Daily Intraday Price Volume Features""}","1","2026-07-01","1","Second-order momentum of low price in the last quarter of volume clock.","momentum2_low_price_last_quarter_volumeclock","2","GBR","{""id"":""pv-price-volume"",""name"":""Price Volume""}","[]","MATRIX","TOP700","0"
"0","{""id"":""pv"",""name"":""Price Volume""}","0","{""id"":""intraday_pv_feats"",""name"":""Daily Intraday Price Volume Features""}","1","2026-07-01","1","Second-order momentum of slippage for the day.","momentum2_slippage_daily","2","GBR","{""id"":""pv-price-volume"",""name"":""Price Volume""}","[]","MATRIX","TOP700","0"
"0","{""id"":""pv"",""name"":""Price Volume""}","0","{""id"":""intraday_pv_feats"",""name"":""Daily Intraday Price Volume Features""}","1","2026-07-01","1","Second-order momentum of trade volume for the day.","momentum2_trade_volume_daily","2","GBR","{""id"":""pv-price-volume"",""name"":""Price Volume""}","[]","MATRIX","TOP700","0"
"0","{""id"":""pv"",""name"":""Price Volume""}","0","{""id"":""intraday_pv_feats"",""name"":""Daily Intraday Price Volume Features""}","1","2026-07-01","1","Second-order momentum of trade volume in the first quarter of volume clock.","momentum2_trade_volume_first_quarter_volumeclock","2","GBR","{""id"":""pv-price-volume"",""name"":""Price Volume""}","[]","MATRIX","TOP700","0"
"0","{""id"":""pv"",""name"":""Price Volume""}","0","{""id"":""intraday_pv_feats"",""name"":""Daily Intraday Price Volume Features""}","1","2026-07-01","1","Second-order momentum of traded volume in the last 50% of the session.","momentum2_trade_volume_last_half","2","GBR","{""id"":""pv-price-volume"",""name"":""Price Volume""}","[]","MATRIX","TOP700","0"
"0","{""id"":""pv"",""name"":""Price Volume""}","0","{""id"":""intraday_pv_feats"",""name"":""Daily Intraday Price Volume Features""}","1","2026-07-01","1","Second-order momentum of trade volume in the last quarter of volume clock.","momentum2_trade_volume_last_quarter_volumeclock","2","GBR","{""id"":""pv-price-volume"",""name"":""Price Volume""}","[]","MATRIX","TOP700","0"
"0","{""id"":""pv"",""name"":""Price Volume""}","0","{""id"":""intraday_pv_feats"",""name"":""Daily Intraday Price Volume Features""}","1","2026-07-01","1","Second order momentum of traded volume in the first half of volume clock.","momentum2_volume_first_half","2","GBR","{""id"":""pv-price-volume"",""name"":""Price Volume""}","[]","MATRIX","TOP700","0"
"0","{""id"":""pv"",""name"":""Price Volume""}","0","{""id"":""intraday_pv_feats"",""name"":""Daily Intraday Price Volume Features""}","1","2026-07-01","1","Second-order momentum of VWAP for the day.","momentum2_vwap_daily","2","GBR","{""id"":""pv-price-volume"",""name"":""Price Volume""}","[]","MATRIX","TOP700","0"
"0","{""id"":""pv"",""name"":""Price Volume""}","0","{""id"":""intraday_pv_feats"",""name"":""Daily Intraday Price Volume Features""}","1","2026-07-01","1","Second order momentum of VWAP in the first half of volume clock.","momentum2_vwap_first_half_volume","2","GBR","{""id"":""pv-price-volume"",""name"":""Price Volume""}","[]","MATRIX","TOP700","0"
"0","{""id"":""pv"",""name"":""Price Volume""}","0","{""id"":""intraday_pv_feats"",""name"":""Daily Intraday Price Volume Features""}","1","2026-07-01","1","Second-order momentum of VWAP in the first quarter of volume clock.","momentum2_vwap_first_quarter_volumeclock","2","GBR","{""id"":""pv-price-volume"",""name"":""Price Volume""}","[]","MATRIX","TOP700","0"
"0","{""id"":""pv"",""name"":""Price Volume""}","0","{""id"":""intraday_pv_feats"",""name"":""Daily Intraday Price Volume Features""}","1","2026-07-01","1","Second-order momentum of volume-weighted average price in the last 50% of the session.","momentum2_vwap_last_half","2","GBR","{""id"":""pv-price-volume"",""name"":""Price Volume""}","[]","MATRIX","TOP700","0"
"0","{""id"":""pv"",""name"":""Price Volume""}","0","{""id"":""intraday_pv_feats"",""name"":""Daily Intraday Price Volume Features""}","1","2026-07-01","1","Second-order momentum of VWAP in the last quarter of volume clock.","momentum2_vwap_last_quarter_volumeclock","2","GBR","{""id"":""pv-price-volume"",""name"":""Price Volume""}","[]","MATRIX","TOP700","0"
"0","{""id"":""pv"",""name"":""Price Volume""}","0","{""id"":""intraday_pv_feats"",""name"":""Daily Intraday Price Volume Features""}","1","2026-07-01","1","Third-order momentum of ask price for the day.","momentum3_ask_price_daily","2","GBR","{""id"":""pv-price-volume"",""name"":""Price Volume""}","[]","MATRIX","TOP700","0"
"0","{""id"":""pv"",""name"":""Price Volume""}","0","{""id"":""intraday_pv_feats"",""name"":""Daily Intraday Price Volume Features""}","1","2026-07-01","1","Third-order momentum of bid price for the day.","momentum3_bid_price_daily","2","GBR","{""id"":""pv-price-volume"",""name"":""Price Volume""}","[]","MATRIX","TOP700","0"
"0","{""id"":""pv"",""name"":""Price Volume""}","0","{""id"":""intraday_pv_feats"",""name"":""Daily Intraday Price Volume Features""}","1","2026-07-01","1","Third-order momentum of high price for the day.","momentum3_high_price_daily","2","GBR","{""id"":""pv-price-volume"",""name"":""Price Volume""}","[]","MATRIX","TOP700","0"
"0","{""id"":""pv"",""name"":""Price Volume""}","0","{""id"":""intraday_pv_feats"",""name"":""Daily Intraday Price Volume Features""}","1","2026-07-01","1","Third-order momentum of last trade price for the day.","momentum3_last_trade_price_daily","2","GBR","{""id"":""pv-price-volume"",""name"":""Price Volume""}","[]","MATRIX","TOP700","0"
"0","{""id"":""pv"",""name"":""Price Volume""}","0","{""id"":""intraday_pv_feats"",""name"":""Daily Intraday Price Volume Features""}","1","2026-07-01","1","Third-order momentum of low price for the day.","momentum3_low_price_daily","2","GBR","{""id"":""pv-price-volume"",""name"":""Price Volume""}","[]","MATRIX","TOP700","0"
"0","{""id"":""pv"",""name"":""Price Volume""}","0","{""id"":""intraday_pv_feats"",""name"":""Daily Intraday Price Volume Features""}","1","2026-07-01","1","Third-order momentum of slippage for the day.","momentum3_slippage_daily","2","GBR","{""id"":""pv-price-volume"",""name"":""Price Volume""}","[]","MATRIX","TOP700","0"
"0","{""id"":""pv"",""name"":""Price Volume""}","0","{""id"":""intraday_pv_feats"",""name"":""Daily Intraday Price Volume Features""}","1","2026-07-01","1","Third-order momentum of trade volume for the day.","momentum3_trade_volume_daily","2","GBR","{""id"":""pv-price-volume"",""name"":""Price Volume""}","[]","MATRIX","TOP700","0"
"0","{""id"":""pv"",""name"":""Price Volume""}","0","{""id"":""intraday_pv_feats"",""name"":""Daily Intraday Price Volume Features""}","1","2026-07-01","1","Third-order momentum of VWAP for the day.","momentum3_vwap_daily","2","GBR","{""id"":""pv-price-volume"",""name"":""Price Volume""}","[]","MATRIX","TOP700","0"
"0","{""id"":""pv"",""name"":""Price Volume""}","0","{""id"":""intraday_pv_feats"",""name"":""Daily Intraday Price Volume Features""}","1","2026-07-01","1","First-order momentum of ask price for the day.","momentum_ask_price_daily","2","GBR","{""id"":""pv-price-volume"",""name"":""Price Volume""}","[]","MATRIX","TOP700","0"
"0","{""id"":""pv"",""name"":""Price Volume""}","0","{""id"":""intraday_pv_feats"",""name"":""Daily Intraday Price Volume Features""}","1","2026-07-01","1","First-order momentum of ask price in the first quarter of volume clock.","momentum_ask_price_first_quarter_volumeclock","2","GBR","{""id"":""pv-price-volume"",""name"":""Price Volume""}","[]","MATRIX","TOP700","0"
"0","{""id"":""pv"",""name"":""Price Volume""}","0","{""id"":""intraday_pv_feats"",""name"":""Daily Intraday Price Volume Features""}","1","2026-07-01","1","First-order momentum of ask price in the last 50% of the session.","momentum_ask_price_last_half","2","GBR","{""id"":""pv-price-volume"",""name"":""Price Volume""}","[]","MATRIX","TOP700","0"
"0","{""id"":""pv"",""name"":""Price Volume""}","0","{""id"":""intraday_pv_feats"",""name"":""Daily Intraday Price Volume Features""}","1","2026-07-01","1","First-order momentum of ask price in the last quarter of volume clock.","momentum_ask_price_last_quarter_volumeclock","2","GBR","{""id"":""pv-price-volume"",""name"":""Price Volume""}","[]","MATRIX","TOP700","0"
"0","{""id"":""pv"",""name"":""Price Volume""}","0","{""id"":""intraday_pv_feats"",""name"":""Daily Intraday Price Volume Features""}","1","2026-07-01","1","Momentum of ask price to VWAP ratio in the first half of volume clock.","momentum_ask_price_to_vwap_ratio_first_half","2","GBR","{""id"":""pv-price-volume"",""name"":""Price Volume""}","[]","MATRIX","TOP700","0"
"0","{""id"":""pv"",""name"":""Price Volume""}","0","{""id"":""intraday_pv_feats"",""name"":""Daily Intraday Price Volume Features""}","1","2026-07-01","1","Momentum of ask size to traded volume ratio in the first half of volume clock.","momentum_ask_size_to_volume_ratio_first_half","2","GBR","{""id"":""pv-price-volume"",""name"":""Price Volume""}","[]","MATRIX","TOP700","0"
"0","{""id"":""pv"",""name"":""Price Volume""}","0","{""id"":""intraday_pv_feats"",""name"":""Daily Intraday Price Volume Features""}","1","2026-07-01","1","Change in the ratio of ask size to volume during the last 50% of the session.","momentum_ask_size_to_volume_ratio_last_half","2","GBR","{""id"":""pv-price-volume"",""name"":""Price Volume""}","[]","MATRIX","TOP700","0"
"0","{""id"":""pv"",""name"":""Price Volume""}","0","{""id"":""intraday_pv_feats"",""name"":""Daily Intraday Price Volume Features""}","1","2026-07-01","1","Change in the ratio of ask size to volume during the last 25% of the session.","momentum_ask_size_to_volume_ratio_last_quarter","2","GBR","{""id"":""pv-price-volume"",""name"":""Price Volume""}","[]","MATRIX","TOP700","0"
"0","{""id"":""pv"",""name"":""Price Volume""}","0","{""id"":""intraday_pv_feats"",""name"":""Daily Intraday Price Volume Features""}","1","2026-07-01","1","Momentum of the ratio between ask price and VWAP in the first quarter of volume clock.","momentum_ask_to_vwap_ratio_first_quarter_volumeclock","2","GBR","{""id"":""pv-price-volume"",""name"":""Price Volume""}","[]","MATRIX","TOP700","0"
"0","{""id"":""pv"",""name"":""Price Volume""}","0","{""id"":""intraday_pv_feats"",""name"":""Daily Intraday Price Volume Features""}","1","2026-07-01","1","Change in the ratio of ask price to VWAP during the last 50% of the session.","momentum_ask_to_vwap_ratio_last_half","2","GBR","{""id"":""pv-price-volume"",""name"":""Price Volume""}","[]","MATRIX","TOP700","0"
"0","{""id"":""pv"",""name"":""Price Volume""}","0","{""id"":""intraday_pv_feats"",""name"":""Daily Intraday Price Volume Features""}","1","2026-07-01","1","Change in the ratio of ask price to VWAP during the last 25% of the session.","momentum_ask_to_vwap_ratio_last_quarter","2","GBR","{""id"":""pv-price-volume"",""name"":""Price Volume""}","[]","MATRIX","TOP700","0"
"0","{""id"":""pv"",""name"":""Price Volume""}","0","{""id"":""intraday_pv_feats"",""name"":""Daily Intraday Price Volume Features""}","1","2026-07-01","1","First-order momentum of bid price for the day.","momentum_bid_price_daily","2","GBR","{""id"":""pv-price-volume"",""name"":""Price Volume""}","[]","MATRIX","TOP700","0"
"0","{""id"":""pv"",""name"":""Price Volume""}","0","{""id"":""intraday_pv_feats"",""name"":""Daily Intraday Price Volume Features""}","1","2026-07-01","1","First-order momentum of bid price in the first quarter of volume clock.","momentum_bid_price_first_quarter_volumeclock","2","GBR","{""id"":""pv-price-volume"",""name"":""Price Volume""}","[]","MATRIX","TOP700","0"
"0","{""id"":""pv"",""name"":""Price Volume""}","0","{""id"":""intraday_pv_feats"",""name"":""Daily Intraday Price Volume Features""}","1","2026-07-01","1","First-order momentum of bid price in the last 50% of the session.","momentum_bid_price_last_half","2","GBR","{""id"":""pv-price-volume"",""name"":""Price Volume""}","[]","MATRIX","TOP700","0"
"0","{""id"":""pv"",""name"":""Price Volume""}","0","{""id"":""intraday_pv_feats"",""name"":""Daily Intraday Price Volume Features""}","1","2026-07-01","1","First-order momentum of bid price in the last quarter of volume clock.","momentum_bid_price_last_quarter_volumeclock","2","GBR","{""id"":""pv-price-volume"",""name"":""Price Volume""}","[]","MATRIX","TOP700","0"
"0","{""id"":""pv"",""name"":""Price Volume""}","0","{""id"":""intraday_pv_feats"",""name"":""Daily Intraday Price Volume Features""}","1","2026-07-01","1","Momentum of bid size to volume ratio in the first half of volume clock.","momentum_bid_size_to_volume_ratio_first_half","2","GBR","{""id"":""pv-price-volume"",""name"":""Price Volume""}","[]","MATRIX","TOP700","0"
"0","{""id"":""pv"",""name"":""Price Volume""}","0","{""id"":""intraday_pv_feats"",""name"":""Daily Intraday Price Volume Features""}","1","2026-07-01","1","Momentum of the ratio between bid size and volume in the first quarter of volume clock.","momentum_bid_size_to_volume_ratio_first_quarter_volumeclock","2","GBR","{""id"":""pv-price-volume"",""name"":""Price Volume""}","[]","MATRIX","TOP700","0"
"0","{""id"":""pv"",""name"":""Price Volume""}","0","{""id"":""intraday_pv_feats"",""name"":""Daily Intraday Price Volume Features""}","1","2026-07-01","1","Change in the ratio of bid size to volume during the last 50% of the session.","momentum_bid_size_to_volume_ratio_last_half","2","GBR","{""id"":""pv-price-volume"",""name"":""Price Volume""}","[]","MATRIX","TOP700","0"
"0","{""id"":""pv"",""name"":""Price Volume""}","0","{""id"":""intraday_pv_feats"",""name"":""Daily Intraday Price Volume Features""}","1","2026-07-01","1","Momentum of the ratio between bid size and volume in the last quarter of volume clock.","momentum_bid_size_to_volume_ratio_last_quarter_volumeclock","2","GBR","{""id"":""pv-price-volume"",""name"":""Price Volume""}","[]","MATRIX","TOP700","0"
"0","{""id"":""pv"",""name"":""Price Volume""}","0","{""id"":""intraday_pv_feats"",""name"":""Daily Intraday Price Volume Features""}","1","2026-07-01","1","Momentum of bid price to ask price ratio in the first half of volume clock.","momentum_bid_to_ask_price_ratio_first_half","2","GBR","{""id"":""pv-price-volume"",""name"":""Price Volume""}","[]","MATRIX","TOP700","0"
"0","{""id"":""pv"",""name"":""Price Volume""}","0","{""id"":""intraday_pv_feats"",""name"":""Daily Intraday Price Volume Features""}","1","2026-07-01","1","Momentum of the ratio between bid and ask price in the first quarter of volume clock.","momentum_bid_to_ask_price_ratio_first_quarter_volumeclock","2","GBR","{""id"":""pv-price-volume"",""name"":""Price Volume""}","[]","MATRIX","TOP700","0"
"0","{""id"":""pv"",""name"":""Price Volume""}","0","{""id"":""intraday_pv_feats"",""name"":""Daily Intraday Price Volume Features""}","1","2026-07-01","1","Change in the ratio of bid price to ask price during the last 50% of the session.","momentum_bid_to_ask_price_ratio_last_half","2","GBR","{""id"":""pv-price-volume"",""name"":""Price Volume""}","[]","MATRIX","TOP700","0"
"0","{""id"":""pv"",""name"":""Price Volume""}","0","{""id"":""intraday_pv_feats"",""name"":""Daily Intraday Price Volume Features""}","1","2026-07-01","1","Momentum of the ratio between bid and ask price in the last quarter of volume clock.","momentum_bid_to_ask_price_ratio_last_quarter_volumeclock","2","GBR","{""id"":""pv-price-volume"",""name"":""Price Volume""}","[]","MATRIX","TOP700","0"
"0","{""id"":""pv"",""name"":""Price Volume""}","0","{""id"":""intraday_pv_feats"",""name"":""Daily Intraday Price Volume Features""}","1","2026-07-01","1","Momentum of the ratio between bid price and VWAP in the first half of volume clock.","momentum_bid_to_vwap_ratio_first_half_volumeclock","2","GBR","{""id"":""pv-price-volume"",""name"":""Price Volume""}","[]","MATRIX","TOP700","0"
"0","{""id"":""pv"",""name"":""Price Volume""}","0","{""id"":""intraday_pv_feats"",""name"":""Daily Intraday Price Volume Features""}","1","2026-07-01","1","Momentum of the ratio between bid price and VWAP in the first quarter of volume clock (alternate).","momentum_bid_to_vwap_ratio_first_quarter_volumeclock_2","2","GBR","{""id"":""pv-price-volume"",""name"":""Price Volume""}","[]","MATRIX","TOP700","0"
"0","{""id"":""pv"",""name"":""Price Volume""}","0","{""id"":""intraday_pv_feats"",""name"":""Daily Intraday Price Volume Features""}","1","2026-07-01","1","Change in the ratio of bid price to VWAP during the last 50% of the session.","momentum_bid_to_vwap_ratio_last_half","2","GBR","{""id"":""pv-price-volume"",""name"":""Price Volume""}","[]","MATRIX","TOP700","0"
"0","{""id"":""pv"",""name"":""Price Volume""}","0","{""id"":""intraday_pv_feats"",""name"":""Daily Intraday Price Volume Features""}","1","2026-07-01","1","Change in the ratio of bid price to VWAP during the last 25% of the session.","momentum_bid_to_vwap_ratio_last_quarter","2","GBR","{""id"":""pv-price-volume"",""name"":""Price Volume""}","[]","MATRIX","TOP700","0"
"0","{""id"":""pv"",""name"":""Price Volume""}","0","{""id"":""intraday_pv_feats"",""name"":""Daily Intraday Price Volume Features""}","1","2026-07-01","1","First-order momentum of high price for the day.","momentum_high_price_daily","2","GBR","{""id"":""pv-price-volume"",""name"":""Price Volume""}","[]","MATRIX","TOP700","0"
"0","{""id"":""pv"",""name"":""Price Volume""}","0","{""id"":""intraday_pv_feats"",""name"":""Daily Intraday Price Volume Features""}","1","2026-07-01","1","First-order momentum of last trade price for the day.","momentum_last_trade_price_daily","2","GBR","{""id"":""pv-price-volume"",""name"":""Price Volume""}","[]","MATRIX","TOP700","0"
"0","{""id"":""pv"",""name"":""Price Volume""}","0","{""id"":""intraday_pv_feats"",""name"":""Daily Intraday Price Volume Features""}","1","2026-07-01","1","First-order momentum of last trade price in the first quarter of volume clock.","momentum_last_trade_price_first_quarter_volumeclock","2","GBR","{""id"":""pv-price-volume"",""name"":""Price Volume""}","[]","MATRIX","TOP700","0"
"0","{""id"":""pv"",""name"":""Price Volume""}","0","{""id"":""intraday_pv_feats"",""name"":""Daily Intraday Price Volume Features""}","1","2026-07-01","1","First-order momentum of last trade price in the last 50% of the session.","momentum_last_trade_price_last_half","2","GBR","{""id"":""pv-price-volume"",""name"":""Price Volume""}","[]","MATRIX","TOP700","0"
"0","{""id"":""pv"",""name"":""Price Volume""}","0","{""id"":""intraday_pv_feats"",""name"":""Daily Intraday Price Volume Features""}","1","2026-07-01","1","First-order momentum of last trade price in the last 25% of the session.","momentum_last_trade_price_last_quarter","2","GBR","{""id"":""pv-price-volume"",""name"":""Price Volume""}","[]","MATRIX","TOP700","0"
"0","{""id"":""pv"",""name"":""Price Volume""}","0","{""id"":""intraday_pv_feats"",""name"":""Daily Intraday Price Volume Features""}","1","2026-07-01","1","Momentum of price modulo 10 ratio in the first half of volume clock.","momentum_price_modulo_10_ratio_first_half","2","GBR","{""id"":""pv-price-volume"",""name"":""Price Volume""}","[]","MATRIX","TOP700","0"
"0","{""id"":""pv"",""name"":""Price Volume""}","0","{""id"":""intraday_pv_feats"",""name"":""Daily Intraday Price Volume Features""}","1","2026-07-01","1","Momentum of price modulo 10 ratio in the first quarter of volume clock.","momentum_price_modulo_10_ratio_first_quarter_volumeclock","2","GBR","{""id"":""pv-price-volume"",""name"":""Price Volume""}","[]","MATRIX","TOP700","0"
"0","{""id"":""pv"",""name"":""Price Volume""}","0","{""id"":""intraday_pv_feats"",""name"":""Daily Intraday Price Volume Features""}","1","2026-07-01","1","Change in the ratio of price modulo 10 during the last 50% of the session.","momentum_price_modulo_10_ratio_last_half","2","GBR","{""id"":""pv-price-volume"",""name"":""Price Volume""}","[]","MATRIX","TOP700","0"
"0","{""id"":""pv"",""name"":""Price Volume""}","0","{""id"":""intraday_pv_feats"",""name"":""Daily Intraday Price Volume Features""}","1","2026-07-01","1","Momentum of price modulo 10 ratio in the last quarter of volume clock.","momentum_price_modulo_10_ratio_last_quarter_volumeclock","2","GBR","{""id"":""pv-price-volume"",""name"":""Price Volume""}","[]","MATRIX","TOP700","0"
"0","{""id"":""pv"",""name"":""Price Volume""}","0","{""id"":""intraday_pv_feats"",""name"":""Daily Intraday Price Volume Features""}","1","2026-07-01","1","First-order momentum of slippage for the day.","momentum_slippage_daily","2","GBR","{""id"":""pv-price-volume"",""name"":""Price Volume""}","[]","MATRIX","TOP700","0"
"0","{""id"":""pv"",""name"":""Price Volume""}","0","{""id"":""intraday_pv_feats"",""name"":""Daily Intraday Price Volume Features""}","1","2026-07-01","1","First-order momentum of trade volume for the day.","momentum_trade_volume_daily","2","GBR","{""id"":""pv-price-volume"",""name"":""Price Volume""}","[]","MATRIX","TOP700","0"
"0","{""id"":""pv"",""name"":""Price Volume""}","0","{""id"":""intraday_pv_feats"",""name"":""Daily Intraday Price Volume Features""}","1","2026-07-01","1","First-order momentum of trade volume in the first quarter of volume clock.","momentum_trade_volume_first_quarter_volumeclock","2","GBR","{""id"":""pv-price-volume"",""name"":""Price Volume""}","[]","MATRIX","TOP700","0"
"0","{""id"":""pv"",""name"":""Price Volume""}","0","{""id"":""intraday_pv_feats"",""name"":""Daily Intraday Price Volume Features""}","1","2026-07-01","1","First-order momentum of traded volume in the last 50% of the session.","momentum_trade_volume_last_half","2","GBR","{""id"":""pv-price-volume"",""name"":""Price Volume""}","[]","MATRIX","TOP700","0"
"0","{""id"":""pv"",""name"":""Price Volume""}","0","{""id"":""intraday_pv_feats"",""name"":""Daily Intraday Price Volume Features""}","1","2026-07-01","1","First-order momentum of trade volume in the last quarter of volume clock.","momentum_trade_volume_last_quarter_volumeclock","2","GBR","{""id"":""pv-price-volume"",""name"":""Price Volume""}","[]","MATRIX","TOP700","0"
"0","{""id"":""pv"",""name"":""Price Volume""}","0","{""id"":""intraday_pv_feats"",""name"":""Daily Intraday Price Volume Features""}","1","2026-07-01","1","First-order momentum of VWAP for the day.","momentum_vwap_daily","2","GBR","{""id"":""pv-price-volume"",""name"":""Price Volume""}","[]","MATRIX","TOP700","0"
"0","{""id"":""pv"",""name"":""Price Volume""}","0","{""id"":""intraday_pv_feats"",""name"":""Daily Intraday Price Volume Features""}","1","2026-07-01","1","First-order momentum of VWAP in the first quarter of volume clock.","momentum_vwap_first_quarter_volumeclock","2","GBR","{""id"":""pv-price-volume"",""name"":""Price Volume""}","[]","MATRIX","TOP700","0"
"0","{""id"":""pv"",""name"":""Price Volume""}","0","{""id"":""intraday_pv_feats"",""name"":""Daily Intraday Price Volume Features""}","1","2026-07-01","1","First-order momentum of volume-weighted average price in the last 50% of the session.","momentum_vwap_last_half","2","GBR","{""id"":""pv-price-volume"",""name"":""Price Volume""}","[]","MATRIX","TOP700","0"
"0","{""id"":""pv"",""name"":""Price Volume""}","0","{""id"":""intraday_pv_feats"",""name"":""Daily Intraday Price Volume Features""}","1","2026-07-01","1","First-order momentum of VWAP in the last quarter of volume clock.","momentum_vwap_last_quarter_volumeclock","2","GBR","{""id"":""pv-price-volume"",""name"":""Price Volume""}","[]","MATRIX","TOP700","0"
"0","{""id"":""pv"",""name"":""Price Volume""}","0","{""id"":""intraday_pv_feats"",""name"":""Daily Intraday Price Volume Features""}","1","2026-07-01","1","Number of intraday intervals included in the first 50% cumulative volume slice","num_intervals_first_half_volume","2","GBR","{""id"":""pv-price-volume"",""name"":""Price Volume""}","[]","MATRIX","TOP700","0"
"0","{""id"":""pv"",""name"":""Price Volume""}","0","{""id"":""intraday_pv_feats"",""name"":""Daily Intraday Price Volume Features""}","1","2026-07-01","1","Number of time intervals contained in the first 25% volume slice","num_intervals_first_quarter_volumeclock","2","GBR","{""id"":""pv-price-volume"",""name"":""Price Volume""}","[]","MATRIX","TOP700","0"
"0","{""id"":""pv"",""name"":""Price Volume""}","0","{""id"":""intraday_pv_feats"",""name"":""Daily Intraday Price Volume Features""}","1","2026-07-01","1","Number of intraday intervals included in the last 50% cumulative volume slice, D1","num_intervals_last_half","2","GBR","{""id"":""pv-price-volume"",""name"":""Price Volume""}","[]","MATRIX","TOP700","0"
"0","{""id"":""pv"",""name"":""Price Volume""}","0","{""id"":""intraday_pv_feats"",""name"":""Daily Intraday Price Volume Features""}","1","2026-07-01","1","Number of intraday intervals included in the last 25% of intraday volume","num_intervals_last_quarter_volumeclock","2","GBR","{""id"":""pv-price-volume"",""name"":""Price Volume""}","[]","MATRIX","TOP700","0"
"0","{""id"":""pv"",""name"":""Price Volume""}","0","{""id"":""intraday_pv_feats"",""name"":""Daily Intraday Price Volume Features""}","1","2026-07-01","1","Skewness of the intraday ask price series across intervals during the session","skew_ask_price_interval","2","GBR","{""id"":""pv-price-volume"",""name"":""Price Volume""}","[]","MATRIX","TOP700","0"
"0","{""id"":""pv"",""name"":""Price Volume""}","0","{""id"":""intraday_pv_feats"",""name"":""Daily Intraday Price Volume Features""}","1","2026-07-01","1","Skewness of the ratio of ask size to trading volume for the day.","skew_ask_size_volume_ratio_daily","2","GBR","{""id"":""pv-price-volume"",""name"":""Price Volume""}","[]","MATRIX","TOP700","0"
"0","{""id"":""pv"",""name"":""Price Volume""}","0","{""id"":""intraday_pv_feats"",""name"":""Daily Intraday Price Volume Features""}","1","2026-07-01","1","Skewness of the ratio of ask price to VWAP for the day.","skew_ask_vwap_ratio_daily","2","GBR","{""id"":""pv-price-volume"",""name"":""Price Volume""}","[]","MATRIX","TOP700","0"
"0","{""id"":""pv"",""name"":""Price Volume""}","0","{""id"":""intraday_pv_feats"",""name"":""Daily Intraday Price Volume Features""}","1","2026-07-01","1","Skewness of the ratio of combined bid and ask sizes to traded volume.","skew_bid_ask_size_to_volume_ratio","2","GBR","{""id"":""pv-price-volume"",""name"":""Price Volume""}","[]","MATRIX","TOP700","0"
"0","{""id"":""pv"",""name"":""Price Volume""}","0","{""id"":""intraday_pv_feats"",""name"":""Daily Intraday Price Volume Features""}","1","2026-07-01","1","Skewness of the intraday bid price series across the session","skew_bid_price_interval","2","GBR","{""id"":""pv-price-volume"",""name"":""Price Volume""}","[]","MATRIX","TOP700","0"
"0","{""id"":""pv"",""name"":""Price Volume""}","0","{""id"":""intraday_pv_feats"",""name"":""Daily Intraday Price Volume Features""}","1","2026-07-01","1","Skewness of the ratio between bid size and ask size across intervals.","skew_bid_size_to_ask_size_ratio","2","GBR","{""id"":""pv-price-volume"",""name"":""Price Volume""}","[]","MATRIX","TOP700","0"
"0","{""id"":""pv"",""name"":""Price Volume""}","0","{""id"":""intraday_pv_feats"",""name"":""Daily Intraday Price Volume Features""}","1","2026-07-01","1","Skewness of the ratio of bid size to trading volume for the day.","skew_bid_size_volume_ratio_daily","2","GBR","{""id"":""pv-price-volume"",""name"":""Price Volume""}","[]","MATRIX","TOP700","0"
"0","{""id"":""pv"",""name"":""Price Volume""}","0","{""id"":""intraday_pv_feats"",""name"":""Daily Intraday Price Volume Features""}","1","2026-07-01","1","Skewness of the ratio between bid and ask prices across intervals.","skew_bid_to_ask_price_ratio","2","GBR","{""id"":""pv-price-volume"",""name"":""Price Volume""}","[]","MATRIX","TOP700","0"
"0","{""id"":""pv"",""name"":""Price Volume""}","0","{""id"":""intraday_pv_feats"",""name"":""Daily Intraday Price Volume Features""}","1","2026-07-01","1","Skewness of the ratio of bid price to VWAP for the day.","skew_bid_vwap_ratio_daily","2","GBR","{""id"":""pv-price-volume"",""name"":""Price Volume""}","[]","MATRIX","TOP700","0"
"0","{""id"":""pv"",""name"":""Price Volume""}","0","{""id"":""intraday_pv_feats"",""name"":""Daily Intraday Price Volume Features""}","1","2026-07-01","1","Skewness of the intraday interval high series over the session","skew_high_price_interval","2","GBR","{""id"":""pv-price-volume"",""name"":""Price Volume""}","[]","MATRIX","TOP700","0"
"0","{""id"":""pv"",""name"":""Price Volume""}","0","{""id"":""intraday_pv_feats"",""name"":""Daily Intraday Price Volume Features""}","1","2026-07-01","1","Skewness of the ratio between interval high price and last trade price.","skew_high_to_last_price_ratio","2","GBR","{""id"":""pv-price-volume"",""name"":""Price Volume""}","[]","MATRIX","TOP700","0"
"0","{""id"":""pv"",""name"":""Price Volume""}","0","{""id"":""intraday_pv_feats"",""name"":""Daily Intraday Price Volume Features""}","1","2026-07-01","1","Skewness of the intraday last-traded price series over the session","skew_last_trade_price_interval","2","GBR","{""id"":""pv-price-volume"",""name"":""Price Volume""}","[]","MATRIX","TOP700","0"
"0","{""id"":""pv"",""name"":""Price Volume""}","0","{""id"":""intraday_pv_feats"",""name"":""Daily Intraday Price Volume Features""}","1","2026-07-01","1","Skewness of the intraday low price series across the trading session","skew_low_price_interval","2","GBR","{""id"":""pv-price-volume"",""name"":""Price Volume""}","[]","MATRIX","TOP700","0"
"0","{""id"":""pv"",""name"":""Price Volume""}","0","{""id"":""intraday_pv_feats"",""name"":""Daily Intraday Price Volume Features""}","1","2026-07-01","1","Skewness of the ratio between interval low price and last trade price.","skew_low_to_last_price_ratio","2","GBR","{""id"":""pv-price-volume"",""name"":""Price Volume""}","[]","MATRIX","TOP700","0"
"0","{""id"":""pv"",""name"":""Price Volume""}","0","{""id"":""intraday_pv_feats"",""name"":""Daily Intraday Price Volume Features""}","1","2026-07-01","1","Skewness of slippage values across intervals.","skew_slippage_interval","2","GBR","{""id"":""pv-price-volume"",""name"":""Price Volume""}","[]","MATRIX","TOP700","0"
"0","{""id"":""pv"",""name"":""Price Volume""}","0","{""id"":""intraday_pv_feats"",""name"":""Daily Intraday Price Volume Features""}","1","2026-07-01","1","Skewness of intraday traded volume across intervals during the session","skew_trade_volume_interval","2","GBR","{""id"":""pv-price-volume"",""name"":""Price Volume""}","[]","MATRIX","TOP700","0"
"0","{""id"":""pv"",""name"":""Price Volume""}","0","{""id"":""intraday_pv_feats"",""name"":""Daily Intraday Price Volume Features""}","1","2026-07-01","1","Skewness of the ratio between time-weighted and volume-weighted average prices.","skew_twap_to_vwap_ratio","2","GBR","{""id"":""pv-price-volume"",""name"":""Price Volume""}","[]","MATRIX","TOP700","0"
"0","{""id"":""pv"",""name"":""Price Volume""}","0","{""id"":""intraday_pv_feats"",""name"":""Daily Intraday Price Volume Features""}","1","2026-07-01","1","Skewness of the ratio of trading volume to last price across intervals for the day.","skew_volume_interval_last_ratio_daily","2","GBR","{""id"":""pv-price-volume"",""name"":""Price Volume""}","[]","MATRIX","TOP700","0"
"0","{""id"":""pv"",""name"":""Price Volume""}","0","{""id"":""intraday_pv_feats"",""name"":""Daily Intraday Price Volume Features""}","1","2026-07-01","1","Skewness of the intraday VWAP series over the session","skew_vwap_interval","2","GBR","{""id"":""pv-price-volume"",""name"":""Price Volume""}","[]","MATRIX","TOP700","0"
"0","{""id"":""pv"",""name"":""Price Volume""}","0","{""id"":""intraday_pv_feats"",""name"":""Daily Intraday Price Volume Features""}","1","2026-07-01","1","Skewness of the ratio between volume-weighted average price and last trade price.","skew_vwap_to_last_price_ratio","2","GBR","{""id"":""pv-price-volume"",""name"":""Price Volume""}","[]","MATRIX","TOP700","0"
"0","{""id"":""pv"",""name"":""Price Volume""}","0","{""id"":""intraday_pv_feats"",""name"":""Daily Intraday Price Volume Features""}","1","2026-07-01","1","First intraday slippage value observed at session start","slippage_first_interval","2","GBR","{""id"":""pv-price-volume"",""name"":""Price Volume""}","[]","MATRIX","TOP700","0"
"0","{""id"":""pv"",""name"":""Price Volume""}","0","{""id"":""intraday_pv_feats"",""name"":""Daily Intraday Price Volume Features""}","1","2026-07-01","1","Slippage value in the last interval of the day.","slippage_last_interval","2","GBR","{""id"":""pv-price-volume"",""name"":""Price Volume""}","[]","MATRIX","TOP700","0"
"0","{""id"":""pv"",""name"":""Price Volume""}","0","{""id"":""intraday_pv_feats"",""name"":""Daily Intraday Price Volume Features""}","1","2026-07-01","1","Standard deviation of ask price during the first half of volume clock.","std_ask_price_first_half_volume","2","GBR","{""id"":""pv-price-volume"",""name"":""Price Volume""}","[]","MATRIX","TOP700","0"
"0","{""id"":""pv"",""name"":""Price Volume""}","0","{""id"":""intraday_pv_feats"",""name"":""Daily Intraday Price Volume Features""}","1","2026-07-01","1","Standard deviation of the ask price across intervals within the first 25% cumulative volume slice","std_ask_price_first_quarter_volumeclock","2","GBR","{""id"":""pv-price-volume"",""name"":""Price Volume""}","[]","MATRIX","TOP700","0"
"0","{""id"":""pv"",""name"":""Price Volume""}","0","{""id"":""intraday_pv_feats"",""name"":""Daily Intraday Price Volume Features""}","1","2026-07-01","1","Standard deviation of the ask price across intraday intervals during the trading session","std_ask_price_interval","2","GBR","{""id"":""pv-price-volume"",""name"":""Price Volume""}","[]","MATRIX","TOP700","0"
"0","{""id"":""pv"",""name"":""Price Volume""}","0","{""id"":""intraday_pv_feats"",""name"":""Daily Intraday Price Volume Features""}","1","2026-07-01","1","Standard deviation of the ask price across intraday intervals within the last 50% of the day's cumulative traded volume","std_ask_price_last_half","2","GBR","{""id"":""pv-price-volume"",""name"":""Price Volume""}","[]","MATRIX","TOP700","0"
"0","{""id"":""pv"",""name"":""Price Volume""}","0","{""id"":""intraday_pv_feats"",""name"":""Daily Intraday Price Volume Features""}","1","2026-07-01","1","Standard deviation of ask prices in the last 25% of the trading period.","std_ask_price_last_quarter","2","GBR","{""id"":""pv-price-volume"",""name"":""Price Volume""}","[]","MATRIX","TOP700","0"
"0","{""id"":""pv"",""name"":""Price Volume""}","0","{""id"":""intraday_pv_feats"",""name"":""Daily Intraday Price Volume Features""}","1","2026-07-01","1","Standard deviation of bid price during the first half of volume clock.","std_bid_price_first_half_volume","2","GBR","{""id"":""pv-price-volume"",""name"":""Price Volume""}","[]","MATRIX","TOP700","0"
"0","{""id"":""pv"",""name"":""Price Volume""}","0","{""id"":""intraday_pv_feats"",""name"":""Daily Intraday Price Volume Features""}","1","2026-07-01","1","Standard deviation of bid price in the first quarter of volume clock.","std_bid_price_first_quarter_volumeclock","2","GBR","{""id"":""pv-price-volume"",""name"":""Price Volume""}","[]","MATRIX","TOP700","0"
"0","{""id"":""pv"",""name"":""Price Volume""}","0","{""id"":""intraday_pv_feats"",""name"":""Daily Intraday Price Volume Features""}","1","2026-07-01","1","Standard deviation of the intraday bid price series","std_bid_price_interval","2","GBR","{""id"":""pv-price-volume"",""name"":""Price Volume""}","[]","MATRIX","TOP700","0"
"0","{""id"":""pv"",""name"":""Price Volume""}","0","{""id"":""intraday_pv_feats"",""name"":""Daily Intraday Price Volume Features""}","1","2026-07-01","1","Standard deviation of the bid price across intraday intervals within the last 50% of the day's cumulative traded volume","std_bid_price_last_half","2","GBR","{""id"":""pv-price-volume"",""name"":""Price Volume""}","[]","MATRIX","TOP700","0"
"0","{""id"":""pv"",""name"":""Price Volume""}","0","{""id"":""intraday_pv_feats"",""name"":""Daily Intraday Price Volume Features""}","1","2026-07-01","1","Standard deviation of bid price in the last quarter of volume clock.","std_bid_price_last_quarter_volumeclock","2","GBR","{""id"":""pv-price-volume"",""name"":""Price Volume""}","[]","MATRIX","TOP700","0"
"0","{""id"":""pv"",""name"":""Price Volume""}","0","{""id"":""intraday_pv_feats"",""name"":""Daily Intraday Price Volume Features""}","1","2026-07-01","1","Standard deviation of the intraday high price across intervals within the first 50% volume slice (prior day)","std_high_price_first_half_volume","2","GBR","{""id"":""pv-price-volume"",""name"":""Price Volume""}","[]","MATRIX","TOP700","0"
"0","{""id"":""pv"",""name"":""Price Volume""}","0","{""id"":""intraday_pv_feats"",""name"":""Daily Intraday Price Volume Features""}","1","2026-07-01","1","Standard deviation of high price in the first quarter of volume clock.","std_high_price_first_quarter_volumeclock","2","GBR","{""id"":""pv-price-volume"",""name"":""Price Volume""}","[]","MATRIX","TOP700","0"
"0","{""id"":""pv"",""name"":""Price Volume""}","0","{""id"":""intraday_pv_feats"",""name"":""Daily Intraday Price Volume Features""}","1","2026-07-01","1","Standard deviation of the intraday high price across intervals during the session (daily aggregated, D1)","std_high_price_interval","2","GBR","{""id"":""pv-price-volume"",""name"":""Price Volume""}","[]","MATRIX","TOP700","0"
"0","{""id"":""pv"",""name"":""Price Volume""}","0","{""id"":""intraday_pv_feats"",""name"":""Daily Intraday Price Volume Features""}","1","2026-07-01","1","Standard deviation of high prices in the last 50% of the trading period.","std_high_price_last_half","2","GBR","{""id"":""pv-price-volume"",""name"":""Price Volume""}","[]","MATRIX","TOP700","0"
"0","{""id"":""pv"",""name"":""Price Volume""}","0","{""id"":""intraday_pv_feats"",""name"":""Daily Intraday Price Volume Features""}","1","2026-07-01","1","Standard deviation of high price in the last quarter of volume clock.","std_high_price_last_quarter_volumeclock","2","GBR","{""id"":""pv-price-volume"",""name"":""Price Volume""}","[]","MATRIX","TOP700","0"
"0","{""id"":""pv"",""name"":""Price Volume""}","0","{""id"":""intraday_pv_feats"",""name"":""Daily Intraday Price Volume Features""}","1","2026-07-01","1","Standard deviation of the last trade price across intervals within the first 50% of cumulative intraday volume (prior day)","std_last_trade_price_first_half","2","GBR","{""id"":""pv-price-volume"",""name"":""Price Volume""}","[]","MATRIX","TOP700","0"
"0","{""id"":""pv"",""name"":""Price Volume""}","0","{""id"":""intraday_pv_feats"",""name"":""Daily Intraday Price Volume Features""}","1","2026-07-01","1","Standard deviation of the last trade price across intervals within the first 25% of the day's cumulative traded volume","std_last_trade_price_first_quarter_volumeclock","2","GBR","{""id"":""pv-price-volume"",""name"":""Price Volume""}","[]","MATRIX","TOP700","0"
"0","{""id"":""pv"",""name"":""Price Volume""}","0","{""id"":""intraday_pv_feats"",""name"":""Daily Intraday Price Volume Features""}","1","2026-07-01","1","Standard deviation of the intraday last trade price across intervals during the session","std_last_trade_price_interval","2","GBR","{""id"":""pv-price-volume"",""name"":""Price Volume""}","[]","MATRIX","TOP700","0"
"0","{""id"":""pv"",""name"":""Price Volume""}","0","{""id"":""intraday_pv_feats"",""name"":""Daily Intraday Price Volume Features""}","1","2026-07-01","1","Standard deviation of the last traded price across intraday intervals within the last 50% of the day's cumulative traded volume","std_last_trade_price_last_half","2","GBR","{""id"":""pv-price-volume"",""name"":""Price Volume""}","[]","MATRIX","TOP700","0"
"0","{""id"":""pv"",""name"":""Price Volume""}","0","{""id"":""intraday_pv_feats"",""name"":""Daily Intraday Price Volume Features""}","1","2026-07-01","1","Standard deviation of last trade price within the last 25% of cumulative intraday volume","std_last_trade_price_last_quarter_volumeclock","2","GBR","{""id"":""pv-price-volume"",""name"":""Price Volume""}","[]","MATRIX","TOP700","0"
"0","{""id"":""pv"",""name"":""Price Volume""}","0","{""id"":""intraday_pv_feats"",""name"":""Daily Intraday Price Volume Features""}","1","2026-07-01","1","Standard deviation of the intraday low price across intervals within the first 50% volume slice (prior day)","std_low_price_first_half_volume","2","GBR","{""id"":""pv-price-volume"",""name"":""Price Volume""}","[]","MATRIX","TOP700","0"
"0","{""id"":""pv"",""name"":""Price Volume""}","0","{""id"":""intraday_pv_feats"",""name"":""Daily Intraday Price Volume Features""}","1","2026-07-01","1","Standard deviation of the low price across intervals within the first 25% cumulative volume slice","std_low_price_first_quarter_volumeclock","2","GBR","{""id"":""pv-price-volume"",""name"":""Price Volume""}","[]","MATRIX","TOP700","0"
"0","{""id"":""pv"",""name"":""Price Volume""}","0","{""id"":""intraday_pv_feats"",""name"":""Daily Intraday Price Volume Features""}","1","2026-07-01","1","Standard deviation of the intraday low series over the session","std_low_price_interval","2","GBR","{""id"":""pv-price-volume"",""name"":""Price Volume""}","[]","MATRIX","TOP700","0"
"0","{""id"":""pv"",""name"":""Price Volume""}","0","{""id"":""intraday_pv_feats"",""name"":""Daily Intraday Price Volume Features""}","1","2026-07-01","1","Standard deviation of low prices in the last 50% of the trading period.","std_low_price_last_half","2","GBR","{""id"":""pv-price-volume"",""name"":""Price Volume""}","[]","MATRIX","TOP700","0"
"0","{""id"":""pv"",""name"":""Price Volume""}","0","{""id"":""intraday_pv_feats"",""name"":""Daily Intraday Price Volume Features""}","1","2026-07-01","1","Standard deviation of low prices in the last 25% of the trading period.","std_low_price_last_quarter","2","GBR","{""id"":""pv-price-volume"",""name"":""Price Volume""}","[]","MATRIX","TOP700","0"
"0","{""id"":""pv"",""name"":""Price Volume""}","0","{""id"":""intraday_pv_feats"",""name"":""Daily Intraday Price Volume Features""}","1","2026-07-01","1","Standard deviation of the intraday slippage series over the trading session (from interval data)","std_slippage_interval","2","GBR","{""id"":""pv-price-volume"",""name"":""Price Volume""}","[]","MATRIX","TOP700","0"
"0","{""id"":""pv"",""name"":""Price Volume""}","0","{""id"":""intraday_pv_feats"",""name"":""Daily Intraday Price Volume Features""}","1","2026-07-01","1","Standard deviation of traded volume per interval within the first 25% volume slice","std_trade_volume_first_quarter_volumeclock","2","GBR","{""id"":""pv-price-volume"",""name"":""Price Volume""}","[]","MATRIX","TOP700","0"
"0","{""id"":""pv"",""name"":""Price Volume""}","0","{""id"":""intraday_pv_feats"",""name"":""Daily Intraday Price Volume Features""}","1","2026-07-01","1","Standard deviation of intraday volume across intervals during the session","std_trade_volume_interval","2","GBR","{""id"":""pv-price-volume"",""name"":""Price Volume""}","[]","MATRIX","TOP700","0"
"0","{""id"":""pv"",""name"":""Price Volume""}","0","{""id"":""intraday_pv_feats"",""name"":""Daily Intraday Price Volume Features""}","1","2026-07-01","1","Standard deviation of traded volume in the last 50% of the session.","std_trade_volume_last_half","2","GBR","{""id"":""pv-price-volume"",""name"":""Price Volume""}","[]","MATRIX","TOP700","0"
"0","{""id"":""pv"",""name"":""Price Volume""}","0","{""id"":""intraday_pv_feats"",""name"":""Daily Intraday Price Volume Features""}","1","2026-07-01","1","Standard deviation of traded volume within the last 25% of cumulative intraday volume","std_trade_volume_last_quarter_volumeclock","2","GBR","{""id"":""pv-price-volume"",""name"":""Price Volume""}","[]","MATRIX","TOP700","0"
"0","{""id"":""pv"",""name"":""Price Volume""}","0","{""id"":""intraday_pv_feats"",""name"":""Daily Intraday Price Volume Features""}","1","2026-07-01","1","Standard deviation of traded volume in the first half of volume clock.","std_volume_first_half","2","GBR","{""id"":""pv-price-volume"",""name"":""Price Volume""}","[]","MATRIX","TOP700","0"
"0","{""id"":""pv"",""name"":""Price Volume""}","0","{""id"":""intraday_pv_feats"",""name"":""Daily Intraday Price Volume Features""}","1","2026-07-01","1","Standard deviation of VWAP during the first half of volume clock.","std_vwap_first_half_volume","2","GBR","{""id"":""pv-price-volume"",""name"":""Price Volume""}","[]","MATRIX","TOP700","0"
"0","{""id"":""pv"",""name"":""Price Volume""}","0","{""id"":""intraday_pv_feats"",""name"":""Daily Intraday Price Volume Features""}","1","2026-07-01","1","Standard deviation of interval VWAP values across the first 25% cumulative volume slice","std_vwap_first_quarter_volumeclock","2","GBR","{""id"":""pv-price-volume"",""name"":""Price Volume""}","[]","MATRIX","TOP700","0"
"0","{""id"":""pv"",""name"":""Price Volume""}","0","{""id"":""intraday_pv_feats"",""name"":""Daily Intraday Price Volume Features""}","1","2026-07-01","1","Standard deviation of the intraday VWAP series across all intervals during the trading session, computed from the prior day’s intraday data (D1)","std_vwap_interval_2","2","GBR","{""id"":""pv-price-volume"",""name"":""Price Volume""}","[]","MATRIX","TOP700","0"
"0","{""id"":""pv"",""name"":""Price Volume""}","0","{""id"":""intraday_pv_feats"",""name"":""Daily Intraday Price Volume Features""}","1","2026-07-01","1","Standard deviation of volume-weighted average price in the last 50% of the session.","std_vwap_last_half","2","GBR","{""id"":""pv-price-volume"",""name"":""Price Volume""}","[]","MATRIX","TOP700","0"
"0","{""id"":""pv"",""name"":""Price Volume""}","0","{""id"":""intraday_pv_feats"",""name"":""Daily Intraday Price Volume Features""}","1","2026-07-01","1","Standard deviation of volume-weighted average price in the last 25% of the session.","std_vwap_last_quarter","2","GBR","{""id"":""pv-price-volume"",""name"":""Price Volume""}","[]","MATRIX","TOP700","0"
"0","{""id"":""pv"",""name"":""Price Volume""}","0","{""id"":""intraday_pv_feats"",""name"":""Daily Intraday Price Volume Features""}","1","2026-07-01","1","Traded volume in the first intraday interval after market open","trade_volume_first_interval","2","GBR","{""id"":""pv-price-volume"",""name"":""Price Volume""}","[]","MATRIX","TOP700","0"
"0","{""id"":""pv"",""name"":""Price Volume""}","0","{""id"":""intraday_pv_feats"",""name"":""Daily Intraday Price Volume Features""}","1","2026-07-01","1","Trade volume in the last interval of the day.","trade_volume_last_interval","2","GBR","{""id"":""pv-price-volume"",""name"":""Price Volume""}","[]","MATRIX","TOP700","0"
"0","{""id"":""pv"",""name"":""Price Volume""}","0","{""id"":""intraday_pv_feats"",""name"":""Daily Intraday Price Volume Features""}","1","2026-07-01","1","Volume-weighted average price recorded 30 minutes after market open.","vwap_30m_post_open","2","GBR","{""id"":""pv-price-volume"",""name"":""Price Volume""}","[]","MATRIX","TOP700","0"
"0","{""id"":""pv"",""name"":""Price Volume""}","0","{""id"":""intraday_pv_feats"",""name"":""Daily Intraday Price Volume Features""}","1","2026-07-01","1","Volume-weighted average price in the last 30 minutes before market close.","vwap_30m_pre_close_2","2","GBR","{""id"":""pv-price-volume"",""name"":""Price Volume""}","[]","MATRIX","TOP700","0"
"0","{""id"":""pv"",""name"":""Price Volume""}","0","{""id"":""intraday_pv_feats"",""name"":""Daily Intraday Price Volume Features""}","1","2026-07-01","1","Volume-weighted average price recorded 60 minutes after market open.","vwap_60m_post_open","2","GBR","{""id"":""pv-price-volume"",""name"":""Price Volume""}","[]","MATRIX","TOP700","0"
"0","{""id"":""pv"",""name"":""Price Volume""}","0","{""id"":""intraday_pv_feats"",""name"":""Daily Intraday Price Volume Features""}","1","2026-07-01","1","Volume-weighted average price in the last 60 minutes before market close.","vwap_60m_pre_close_2","2","GBR","{""id"":""pv-price-volume"",""name"":""Price Volume""}","[]","MATRIX","TOP700","0"
"0","{""id"":""pv"",""name"":""Price Volume""}","0","{""id"":""intraday_pv_feats"",""name"":""Daily Intraday Price Volume Features""}","1","2026-07-01","1","Volume-weighted average price in the first half of volume clock.","vwap_first_half_volume","2","GBR","{""id"":""pv-price-volume"",""name"":""Price Volume""}","[]","MATRIX","TOP700","0"
"0","{""id"":""pv"",""name"":""Price Volume""}","0","{""id"":""intraday_pv_feats"",""name"":""Daily Intraday Price Volume Features""}","1","2026-07-01","1","First intraday VWAP observed at session start","vwap_first_interval","2","GBR","{""id"":""pv-price-volume"",""name"":""Price Volume""}","[]","MATRIX","TOP700","0"
"0","{""id"":""pv"",""name"":""Price Volume""}","0","{""id"":""intraday_pv_feats"",""name"":""Daily Intraday Price Volume Features""}","1","2026-07-01","1","Volume-weighted average price during the first 25% of cumulative daily volume.","vwap_first_quarter_volume","2","GBR","{""id"":""pv-price-volume"",""name"":""Price Volume""}","[]","MATRIX","TOP700","0"
"0","{""id"":""pv"",""name"":""Price Volume""}","0","{""id"":""intraday_pv_feats"",""name"":""Daily Intraday Price Volume Features""}","1","2026-07-01","1","Volume-weighted average price in the last 50% of the session.","vwap_last_half","2","GBR","{""id"":""pv-price-volume"",""name"":""Price Volume""}","[]","MATRIX","TOP700","0"
"0","{""id"":""pv"",""name"":""Price Volume""}","0","{""id"":""intraday_pv_feats"",""name"":""Daily Intraday Price Volume Features""}","1","2026-07-01","1","Last value of the intraday VWAP series (final interval) on the prior trading day","vwap_last_interval","2","GBR","{""id"":""pv-price-volume"",""name"":""Price Volume""}","[]","MATRIX","TOP700","0"
"0","{""id"":""pv"",""name"":""Price Volume""}","0","{""id"":""intraday_pv_feats"",""name"":""Daily Intraday Price Volume Features""}","1","2026-07-01","1","Volume-weighted average price in the last 25% of the session.","vwap_last_quarter","2","GBR","{""id"":""pv-price-volume"",""name"":""Price Volume""}","[]","MATRIX","TOP700","0"
