"alphaCount","category","coverage","dataset","dateCoverage","dateCreated","delay","description","id","pyramidMultiplier","region","subcategory","themes","type","universe","userCount"
"0","{""id"":""other"",""name"":""Other""}","0","{""id"":""ml_factor_proj"",""name"":""Machine Learning Factor Projections""}","1","2026-07-01","1","Change in 12-month alpha, measuring the difference in excess return over a benchmark between two periods.","change_12m_alpha","2","GBR","{""id"":""other-aiml-data"",""name"":""AI/ML Data""}","[]","MATRIX","TOP700","0"
"0","{""id"":""other"",""name"":""Other""}","0","{""id"":""ml_factor_proj"",""name"":""Machine Learning Factor Projections""}","1","2026-07-01","1","Change in one-month active return, reflecting the difference in price performance over one month.","change_1m_active_return","2","GBR","{""id"":""other-aiml-data"",""name"":""AI/ML Data""}","[]","MATRIX","TOP700","0"
"0","{""id"":""other"",""name"":""Other""}","0","{""id"":""ml_factor_proj"",""name"":""Machine Learning Factor Projections""}","1","2026-07-01","1","Change in accounts receivable as a percentage of sales compared to four quarters ago.","change_1y_accounts_receivable_to_sales","2","GBR","{""id"":""other-aiml-data"",""name"":""AI/ML Data""}","[]","MATRIX","TOP700","0"
"0","{""id"":""other"",""name"":""Other""}","0","{""id"":""ml_factor_proj"",""name"":""Machine Learning Factor Projections""}","1","2026-07-01","1","Change in one-year growth of cash flow per share relative to price.","change_1y_cashflow_to_price","2","GBR","{""id"":""other-aiml-data"",""name"":""AI/ML Data""}","[]","MATRIX","TOP700","0"
"0","{""id"":""other"",""name"":""Other""}","0","{""id"":""ml_factor_proj"",""name"":""Machine Learning Factor Projections""}","1","2026-07-01","1","Change in one-year growth rate of trailing twelve-month earnings per share.","change_1y_eps_growth","2","GBR","{""id"":""other-aiml-data"",""name"":""AI/ML Data""}","[]","MATRIX","TOP700","0"
"0","{""id"":""other"",""name"":""Other""}","0","{""id"":""ml_factor_proj"",""name"":""Machine Learning Factor Projections""}","1","2026-07-01","1","Change in one-year growth of earnings per share relative to price.","change_1y_eps_to_price","2","GBR","{""id"":""other-aiml-data"",""name"":""AI/ML Data""}","[]","MATRIX","TOP700","0"
"0","{""id"":""other"",""name"":""Other""}","0","{""id"":""ml_factor_proj"",""name"":""Machine Learning Factor Projections""}","1","2026-07-01","1","Change in inventory as a percentage of sales compared to four quarters ago.","change_1y_inventory_to_sales","2","GBR","{""id"":""other-aiml-data"",""name"":""AI/ML Data""}","[]","MATRIX","TOP700","0"
"0","{""id"":""other"",""name"":""Other""}","0","{""id"":""ml_factor_proj"",""name"":""Machine Learning Factor Projections""}","1","2026-07-01","1","Change in one-year growth of operating cash flow per share relative to price.","change_1y_operating_cashflow_to_price","2","GBR","{""id"":""other-aiml-data"",""name"":""AI/ML Data""}","[]","MATRIX","TOP700","0"
"0","{""id"":""other"",""name"":""Other""}","0","{""id"":""ml_factor_proj"",""name"":""Machine Learning Factor Projections""}","1","2026-07-01","1","Change in the most recent quarterly total assets per share compared to four quarters ago.","change_1y_quarterly_assets","2","GBR","{""id"":""other-aiml-data"",""name"":""AI/ML Data""}","[]","MATRIX","TOP700","0"
"0","{""id"":""other"",""name"":""Other""}","0","{""id"":""ml_factor_proj"",""name"":""Machine Learning Factor Projections""}","1","2026-07-01","1","Change in the coefficient of variation of last 20 days closing prices divided by coefficient of variation of trading volume.","change_20d_volume_to_price_volatility","2","GBR","{""id"":""other-aiml-data"",""name"":""AI/ML Data""}","[]","MATRIX","TOP700","0"
"0","{""id"":""other"",""name"":""Other""}","0","{""id"":""ml_factor_proj"",""name"":""Machine Learning Factor Projections""}","1","2026-07-01","1","Change in 24-month active return, measuring the difference in price performance over two years.","change_24m_active_return","2","GBR","{""id"":""other-aiml-data"",""name"":""AI/ML Data""}","[]","MATRIX","TOP700","0"
"0","{""id"":""other"",""name"":""Other""}","0","{""id"":""ml_factor_proj"",""name"":""Machine Learning Factor Projections""}","1","2026-07-01","1","Change in 24-month value at risk, measuring shifts in the minimum monthly price return over a 20-month period.","change_24m_value_at_risk","2","GBR","{""id"":""other-aiml-data"",""name"":""AI/ML Data""}","[]","MATRIX","TOP700","0"
"0","{""id"":""other"",""name"":""Other""}","0","{""id"":""ml_factor_proj"",""name"":""Machine Learning Factor Projections""}","1","2026-07-01","1","Change in the percent change in stock price from month t-2 to t, relative to a benchmark.","change_2m_active_return","2","GBR","{""id"":""other-aiml-data"",""name"":""AI/ML Data""}","[]","MATRIX","TOP700","0"
"0","{""id"":""other"",""name"":""Other""}","0","{""id"":""ml_factor_proj"",""name"":""Machine Learning Factor Projections""}","1","2026-07-01","1","Change in the ratio of 30-week to 75-week moving average prices, indicating long-term price momentum shifts.","change_30_75w_price_ratio","2","GBR","{""id"":""other-aiml-data"",""name"":""AI/ML Data""}","[]","MATRIX","TOP700","0"
"0","{""id"":""other"",""name"":""Other""}","0","{""id"":""ml_factor_proj"",""name"":""Machine Learning Factor Projections""}","1","2026-07-01","1","Change in the 36-month active return, measuring long-term performance relative to a benchmark.","change_36m_active_return","2","GBR","{""id"":""other-aiml-data"",""name"":""AI/ML Data""}","[]","MATRIX","TOP700","0"
"0","{""id"":""other"",""name"":""Other""}","0","{""id"":""ml_factor_proj"",""name"":""Machine Learning Factor Projections""}","1","2026-07-01","1","Change in the 3-month active return, measuring recent performance relative to a benchmark.","change_3m_active_return","2","GBR","{""id"":""other-aiml-data"",""name"":""AI/ML Data""}","[]","MATRIX","TOP700","0"
"0","{""id"":""other"",""name"":""Other""}","0","{""id"":""ml_factor_proj"",""name"":""Machine Learning Factor Projections""}","1","2026-07-01","1","Change in current FY2 mean earnings estimate less three months ago, deflated by month-end price.","change_3m_revision_fy2_eps","2","GBR","{""id"":""other-aiml-data"",""name"":""AI/ML Data""}","[]","MATRIX","TOP700","0"
"0","{""id"":""other"",""name"":""Other""}","0","{""id"":""ml_factor_proj"",""name"":""Machine Learning Factor Projections""}","1","2026-07-01","1","Change in the difference between trailing twelve-month cash flow per share and 12-quarters ago, divided by month-end trading price.","change_3y_cashflow_to_price","2","GBR","{""id"":""other-aiml-data"",""name"":""AI/ML Data""}","[]","MATRIX","TOP700","0"
"0","{""id"":""other"",""name"":""Other""}","0","{""id"":""ml_factor_proj"",""name"":""Machine Learning Factor Projections""}","1","2026-07-01","1","Change in the geometric growth rate of trailing twelve-month sales per share over last 12 quarters.","change_3y_compound_sales_growth","2","GBR","{""id"":""other-aiml-data"",""name"":""AI/ML Data""}","[]","MATRIX","TOP700","0"
"0","{""id"":""other"",""name"":""Other""}","0","{""id"":""ml_factor_proj"",""name"":""Machine Learning Factor Projections""}","1","2026-07-01","1","Change in three-year growth rate of trailing twelve-month earnings per share.","change_3y_eps_growth","2","GBR","{""id"":""other-aiml-data"",""name"":""AI/ML Data""}","[]","MATRIX","TOP700","0"
"0","{""id"":""other"",""name"":""Other""}","0","{""id"":""ml_factor_proj"",""name"":""Machine Learning Factor Projections""}","1","2026-07-01","1","Change in trailing twelve-month EPS before extra items minus EPS 12-quarters ago, deflated by average total assets per share.","change_3y_eps_to_assets","2","GBR","{""id"":""other-aiml-data"",""name"":""AI/ML Data""}","[]","MATRIX","TOP700","0"
"0","{""id"":""other"",""name"":""Other""}","0","{""id"":""ml_factor_proj"",""name"":""Machine Learning Factor Projections""}","1","2026-07-01","1","Change in three-year growth of earnings per share relative to price.","change_3y_eps_to_price","2","GBR","{""id"":""other-aiml-data"",""name"":""AI/ML Data""}","[]","MATRIX","TOP700","0"
"0","{""id"":""other"",""name"":""Other""}","0","{""id"":""ml_factor_proj"",""name"":""Machine Learning Factor Projections""}","1","2026-07-01","1","Percent change in trailing twelve-month free cash flow per share compared to twelve quarters ago.","change_3y_fcf_growth","2","GBR","{""id"":""other-aiml-data"",""name"":""AI/ML Data""}","[]","MATRIX","TOP700","0"
"0","{""id"":""other"",""name"":""Other""}","0","{""id"":""ml_factor_proj"",""name"":""Machine Learning Factor Projections""}","1","2026-07-01","1","Change in trailing twelve-month free cash flow minus 12-quarters ago, divided by average total assets.","change_3y_fcf_to_assets","2","GBR","{""id"":""other-aiml-data"",""name"":""AI/ML Data""}","[]","MATRIX","TOP700","0"
"0","{""id"":""other"",""name"":""Other""}","0","{""id"":""ml_factor_proj"",""name"":""Machine Learning Factor Projections""}","1","2026-07-01","1","Percent change in trailing twelve-month operating cash flow per share compared to twelve quarters ago.","change_3y_operating_cashflow_growth","2","GBR","{""id"":""other-aiml-data"",""name"":""AI/ML Data""}","[]","MATRIX","TOP700","0"
"0","{""id"":""other"",""name"":""Other""}","0","{""id"":""ml_factor_proj"",""name"":""Machine Learning Factor Projections""}","1","2026-07-01","1","Change in the trailing twelve-month operating cash flow minus OCF 12-quarters ago, deflated by average total assets.","change_3y_operating_cashflow_to_assets","2","GBR","{""id"":""other-aiml-data"",""name"":""AI/ML Data""}","[]","MATRIX","TOP700","0"
"0","{""id"":""other"",""name"":""Other""}","0","{""id"":""ml_factor_proj"",""name"":""Machine Learning Factor Projections""}","1","2026-07-01","1","Change in the three-year growth of operating cash flow per share relative to price.","change_3y_operating_cashflow_to_price","2","GBR","{""id"":""other-aiml-data"",""name"":""AI/ML Data""}","[]","MATRIX","TOP700","0"
"0","{""id"":""other"",""name"":""Other""}","0","{""id"":""ml_factor_proj"",""name"":""Machine Learning Factor Projections""}","1","2026-07-01","1","Change in the 3-year growth of free cash flow per share adjusted for price, indicating long-term cash flow trends.","change_3y_price_adj_fcf_growth","2","GBR","{""id"":""other-aiml-data"",""name"":""AI/ML Data""}","[]","MATRIX","TOP700","0"
"0","{""id"":""other"",""name"":""Other""}","0","{""id"":""ml_factor_proj"",""name"":""Machine Learning Factor Projections""}","1","2026-07-01","1","Change in the average trading volume over a four-year period, reflecting shifts in liquidity.","change_4y_avg_trading_volume","2","GBR","{""id"":""other-aiml-data"",""name"":""AI/ML Data""}","[]","MATRIX","TOP700","0"
"0","{""id"":""other"",""name"":""Other""}","0","{""id"":""ml_factor_proj"",""name"":""Machine Learning Factor Projections""}","1","2026-07-01","1","Change in the moving average of last 50 days prices divided by moving average of last 200 days prices.","change_50_200d_price_ratio","2","GBR","{""id"":""other-aiml-data"",""name"":""AI/ML Data""}","[]","MATRIX","TOP700","0"
"0","{""id"":""other"",""name"":""Other""}","0","{""id"":""ml_factor_proj"",""name"":""Machine Learning Factor Projections""}","1","2026-07-01","1","Change in the ratio of current price to the highest price over the past 52 weeks.","change_52w_high_price_ratio","2","GBR","{""id"":""other-aiml-data"",""name"":""AI/ML Data""}","[]","MATRIX","TOP700","0"
"0","{""id"":""other"",""name"":""Other""}","0","{""id"":""ml_factor_proj"",""name"":""Machine Learning Factor Projections""}","1","2026-07-01","1","Change in five-year dividend growth rate, indicating shifts in dividend policy over time.","change_5y_dividend_growth_rate","2","GBR","{""id"":""other-aiml-data"",""name"":""AI/ML Data""}","[]","MATRIX","TOP700","0"
"0","{""id"":""other"",""name"":""Other""}","0","{""id"":""ml_factor_proj"",""name"":""Machine Learning Factor Projections""}","1","2026-07-01","1","Change in the 5-year relative book-to-market ratio, indicating shifts in long-term valuation relative to peers.","change_5y_relative_book_to_market","2","GBR","{""id"":""other-aiml-data"",""name"":""AI/ML Data""}","[]","MATRIX","TOP700","0"
"0","{""id"":""other"",""name"":""Other""}","0","{""id"":""ml_factor_proj"",""name"":""Machine Learning Factor Projections""}","1","2026-07-01","1","Change in the current cash flow-to-price ratio minus 5-year average, scaled by standard deviation.","change_5y_relative_cashflow_to_price","2","GBR","{""id"":""other-aiml-data"",""name"":""AI/ML Data""}","[]","MATRIX","TOP700","0"
"0","{""id"":""other"",""name"":""Other""}","0","{""id"":""ml_factor_proj"",""name"":""Machine Learning Factor Projections""}","1","2026-07-01","1","Change in five-year relative earnings-to-price ratio, comparing current to historical values.","change_5y_relative_earnings_to_price","2","GBR","{""id"":""other-aiml-data"",""name"":""AI/ML Data""}","[]","MATRIX","TOP700","0"
"0","{""id"":""other"",""name"":""Other""}","0","{""id"":""ml_factor_proj"",""name"":""Machine Learning Factor Projections""}","1","2026-07-01","1","Change in five-year relative free cash flow-to-price ratio, comparing current to historical values.","change_5y_relative_fcf_to_price","2","GBR","{""id"":""other-aiml-data"",""name"":""AI/ML Data""}","[]","MATRIX","TOP700","0"
"0","{""id"":""other"",""name"":""Other""}","0","{""id"":""ml_factor_proj"",""name"":""Machine Learning Factor Projections""}","1","2026-07-01","1","Change in five-year relative forward earnings yield, comparing current to historical values.","change_5y_relative_forward_earnings_yield","2","GBR","{""id"":""other-aiml-data"",""name"":""AI/ML Data""}","[]","MATRIX","TOP700","0"
"0","{""id"":""other"",""name"":""Other""}","0","{""id"":""ml_factor_proj"",""name"":""Machine Learning Factor Projections""}","1","2026-07-01","1","Change in the five-year relative operating cash flow-to-price ratio, comparing current to historical values.","change_5y_relative_operating_cashflow_to_price","2","GBR","{""id"":""other-aiml-data"",""name"":""AI/ML Data""}","[]","MATRIX","TOP700","0"
"0","{""id"":""other"",""name"":""Other""}","0","{""id"":""ml_factor_proj"",""name"":""Machine Learning Factor Projections""}","1","2026-07-01","1","Change in the five-year relative sales-to-price ratio, comparing current value to historical average.","change_5y_relative_sales_to_price","2","GBR","{""id"":""other-aiml-data"",""name"":""AI/ML Data""}","[]","MATRIX","TOP700","0"
"0","{""id"":""other"",""name"":""Other""}","0","{""id"":""ml_factor_proj"",""name"":""Machine Learning Factor Projections""}","1","2026-07-01","1","Change in the percent change in stock price from month t-61 to t-1, relative to a benchmark.","change_60m_active_return","2","GBR","{""id"":""other-aiml-data"",""name"":""AI/ML Data""}","[]","MATRIX","TOP700","0"
"0","{""id"":""other"",""name"":""Other""}","0","{""id"":""ml_factor_proj"",""name"":""Machine Learning Factor Projections""}","1","2026-07-01","1","Change in 60-month alpha, measuring the difference in excess return over a benchmark over five years.","change_60m_alpha","2","GBR","{""id"":""other-aiml-data"",""name"":""AI/ML Data""}","[]","MATRIX","TOP700","0"
"0","{""id"":""other"",""name"":""Other""}","0","{""id"":""ml_factor_proj"",""name"":""Machine Learning Factor Projections""}","1","2026-07-01","1","Change in the standard error of the slope of the 60-month CAPM regression.","change_60m_regression_error","2","GBR","{""id"":""other-aiml-data"",""name"":""AI/ML Data""}","[]","MATRIX","TOP700","0"
"0","{""id"":""other"",""name"":""Other""}","0","{""id"":""ml_factor_proj"",""name"":""Machine Learning Factor Projections""}","1","2026-07-01","1","Change in the percent change in stock price from month t-7 to t-1, relative to a benchmark.","change_6m_active_return","2","GBR","{""id"":""other-aiml-data"",""name"":""AI/ML Data""}","[]","MATRIX","TOP700","0"
"0","{""id"":""other"",""name"":""Other""}","0","{""id"":""ml_factor_proj"",""name"":""Machine Learning Factor Projections""}","1","2026-07-01","1","Change in a stock's 18-month alpha from regression of monthly returns against a benchmark over the last 6 months.","change_6m_alpha_18m","2","GBR","{""id"":""other-aiml-data"",""name"":""AI/ML Data""}","[]","MATRIX","TOP700","0"
"0","{""id"":""other"",""name"":""Other""}","0","{""id"":""ml_factor_proj"",""name"":""Machine Learning Factor Projections""}","1","2026-07-01","1","Change in six-month average of analyst rating revisions, indicating shifts in consensus sentiment.","change_6m_rating_revision","2","GBR","{""id"":""other-aiml-data"",""name"":""AI/ML Data""}","[]","MATRIX","TOP700","0"
"0","{""id"":""other"",""name"":""Other""}","0","{""id"":""ml_factor_proj"",""name"":""Machine Learning Factor Projections""}","1","2026-07-01","1","Change in 9-month active return, reflecting the difference in price performance over nine months.","change_9m_active_return","2","GBR","{""id"":""other-aiml-data"",""name"":""AI/ML Data""}","[]","MATRIX","TOP700","0"
"0","{""id"":""other"",""name"":""Other""}","0","{""id"":""ml_factor_proj"",""name"":""Machine Learning Factor Projections""}","1","2026-07-01","1","Change in abnormal capital investment, measuring the difference in recent capital investment intensity compared to historical average.","change_abnormal_capital_investment_2","2","GBR","{""id"":""other-aiml-data"",""name"":""AI/ML Data""}","[]","MATRIX","TOP700","0"
"0","{""id"":""other"",""name"":""Other""}","0","{""id"":""ml_factor_proj"",""name"":""Machine Learning Factor Projections""}","1","2026-07-01","1","Change in the ratio of invested capital to trailing twelve-month EBITDA, reflecting acquisition valuation shifts.","change_acquisition_valuation_multiple","2","GBR","{""id"":""other-aiml-data"",""name"":""AI/ML Data""}","[]","MATRIX","TOP700","0"
"0","{""id"":""other"",""name"":""Other""}","0","{""id"":""ml_factor_proj"",""name"":""Machine Learning Factor Projections""}","1","2026-07-01","1","Change in the average analyst recommendation tracked by standardized rating systems.","change_analyst_consensus_rating","2","GBR","{""id"":""other-aiml-data"",""name"":""AI/ML Data""}","[]","MATRIX","TOP700","0"
"0","{""id"":""other"",""name"":""Other""}","0","{""id"":""ml_factor_proj"",""name"":""Machine Learning Factor Projections""}","1","2026-07-01","1","Change in the number of analysts providing earnings estimates for the current fiscal year.","change_analyst_coverage_count","2","GBR","{""id"":""other-aiml-data"",""name"":""AI/ML Data""}","[]","MATRIX","TOP700","0"
"0","{""id"":""other"",""name"":""Other""}","0","{""id"":""ml_factor_proj"",""name"":""Machine Learning Factor Projections""}","1","2026-07-01","1","Change in the ratio of total current assets to total assets, indicating shifts in asset structure.","change_asset_composition_ratio_2","2","GBR","{""id"":""other-aiml-data"",""name"":""AI/ML Data""}","[]","MATRIX","TOP700","0"
"0","{""id"":""other"",""name"":""Other""}","0","{""id"":""ml_factor_proj"",""name"":""Machine Learning Factor Projections""}","1","2026-07-01","1","Change in the asset quality index, measuring year-over-year change in the ratio of current assets plus PP&E to total assets.","change_asset_quality_index","2","GBR","{""id"":""other-aiml-data"",""name"":""AI/ML Data""}","[]","MATRIX","TOP700","0"
"0","{""id"":""other"",""name"":""Other""}","0","{""id"":""ml_factor_proj"",""name"":""Machine Learning Factor Projections""}","1","2026-07-01","1","Change in the percent growth of the asset turnover ratio compared to the previous year.","change_asset_turnover_growth","2","GBR","{""id"":""other-aiml-data"",""name"":""AI/ML Data""}","[]","MATRIX","TOP700","0"
"0","{""id"":""other"",""name"":""Other""}","0","{""id"":""ml_factor_proj"",""name"":""Machine Learning Factor Projections""}","1","2026-07-01","1","Event-aligned change in asset turnover","change_asset_turnover_ratio_3","2","GBR","{""id"":""other-aiml-data"",""name"":""AI/ML Data""}","[]","MATRIX","TOP700","0"
"0","{""id"":""other"",""name"":""Other""}","0","{""id"":""ml_factor_proj"",""name"":""Machine Learning Factor Projections""}","1","2026-07-01","1","Change in the ratio of quarterly operating assets minus operating liabilities, deflated by lagged total assets.","change_attention_span_ratio_3","2","GBR","{""id"":""other-aiml-data"",""name"":""AI/ML Data""}","[]","MATRIX","TOP700","0"
"0","{""id"":""other"",""name"":""Other""}","0","{""id"":""ml_factor_proj"",""name"":""Machine Learning Factor Projections""}","1","2026-07-01","1","Change in the average number of days it takes a company to collect payments from customers, reflecting trends in receivables management.","change_average_collection_period_2","2","GBR","{""id"":""other-aiml-data"",""name"":""AI/ML Data""}","[]","MATRIX","TOP700","0"
"0","{""id"":""other"",""name"":""Other""}","0","{""id"":""ml_factor_proj"",""name"":""Machine Learning Factor Projections""}","1","2026-07-01","1","Change in the average payable period, indicating shifts in the time taken to pay suppliers.","change_avg_payable_period","2","GBR","{""id"":""other-aiml-data"",""name"":""AI/ML Data""}","[]","MATRIX","TOP700","0"
"0","{""id"":""other"",""name"":""Other""}","0","{""id"":""ml_factor_proj"",""name"":""Machine Learning Factor Projections""}","1","2026-07-01","1","Change in basic defensive interval, indicating shifts in the number of days a company can cover expenses with cash and receivables.","change_basic_defensive_interval","2","GBR","{""id"":""other-aiml-data"",""name"":""AI/ML Data""}","[]","MATRIX","TOP700","0"
"0","{""id"":""other"",""name"":""Other""}","0","{""id"":""ml_factor_proj"",""name"":""Machine Learning Factor Projections""}","1","2026-07-01","1","Change in the product of adjusted 60-month Beta and 60-month Sigma (standard deviation of monthly returns).","change_beta_times_sigma","2","GBR","{""id"":""other-aiml-data"",""name"":""AI/ML Data""}","[]","MATRIX","TOP700","0"
"0","{""id"":""other"",""name"":""Other""}","0","{""id"":""ml_factor_proj"",""name"":""Machine Learning Factor Projections""}","1","2026-07-01","1","Change in the ratio of total assets to book equity, indicating shifts in financial leverage.","change_book_leverage_ratio","2","GBR","{""id"":""other-aiml-data"",""name"":""AI/ML Data""}","[]","MATRIX","TOP700","0"
"0","{""id"":""other"",""name"":""Other""}","0","{""id"":""ml_factor_proj"",""name"":""Machine Learning Factor Projections""}","1","2026-07-01","1","Change in the ratio of book value per share divided by month-end trading price.","change_book_to_market_ratio_2","2","GBR","{""id"":""other-aiml-data"",""name"":""AI/ML Data""}","[]","MATRIX","TOP700","0"
"0","{""id"":""other"",""name"":""Other""}","0","{""id"":""ml_factor_proj"",""name"":""Machine Learning Factor Projections""}","1","2026-07-01","1","Change in the ratio of capital expenditures to total assets, indicating shifts in investment intensity.","change_capex_to_assets","2","GBR","{""id"":""other-aiml-data"",""name"":""AI/ML Data""}","[]","MATRIX","TOP700","0"
"0","{""id"":""other"",""name"":""Other""}","0","{""id"":""ml_factor_proj"",""name"":""Machine Learning Factor Projections""}","1","2026-07-01","1","Change in the ratio of trailing twelve-month capital expenditures per share to price.","change_capex_to_price_ratio","2","GBR","{""id"":""other-aiml-data"",""name"":""AI/ML Data""}","[]","MATRIX","TOP700","0"
"0","{""id"":""other"",""name"":""Other""}","0","{""id"":""ml_factor_proj"",""name"":""Machine Learning Factor Projections""}","1","2026-07-01","1","Change in the ratio of capital expenditures to sales, indicating shifts in investment intensity relative to revenue.","change_capex_to_sales_ratio","2","GBR","{""id"":""other-aiml-data"",""name"":""AI/ML Data""}","[]","MATRIX","TOP700","0"
"0","{""id"":""other"",""name"":""Other""}","0","{""id"":""ml_factor_proj"",""name"":""Machine Learning Factor Projections""}","1","2026-07-01","1","Change in the capital acquisition ratio, measuring the ability to finance capital spending without new debt or equity.","change_capital_acquisition_ratio","2","GBR","{""id"":""other-aiml-data"",""name"":""AI/ML Data""}","[]","MATRIX","TOP700","0"
"0","{""id"":""other"",""name"":""Other""}","0","{""id"":""ml_factor_proj"",""name"":""Machine Learning Factor Projections""}","1","2026-07-01","1","Change in the ratio of long-term debt divided by total assets minus current liability.","change_capital_gearing_ratio","2","GBR","{""id"":""other-aiml-data"",""name"":""AI/ML Data""}","[]","MATRIX","TOP700","0"
"0","{""id"":""other"",""name"":""Other""}","0","{""id"":""ml_factor_proj"",""name"":""Machine Learning Factor Projections""}","1","2026-07-01","1","Percent change in trailing twelve-month cash flow per share compared to four quarters ago.","change_cashflow_growth_rate","2","GBR","{""id"":""other-aiml-data"",""name"":""AI/ML Data""}","[]","MATRIX","TOP700","0"
"0","{""id"":""other"",""name"":""Other""}","0","{""id"":""ml_factor_proj"",""name"":""Machine Learning Factor Projections""}","1","2026-07-01","1","Change in the ratio of cash flow from investment to total assets, indicating shifts in investment activity.","change_cashflow_investment_to_assets_2","2","GBR","{""id"":""other-aiml-data"",""name"":""AI/ML Data""}","[]","MATRIX","TOP700","0"
"0","{""id"":""other"",""name"":""Other""}","0","{""id"":""ml_factor_proj"",""name"":""Machine Learning Factor Projections""}","1","2026-07-01","1","Change in cash flow leverage, calculated as total liabilities divided by trailing twelve-month operating cash flow.","change_cashflow_leverage","2","GBR","{""id"":""other-aiml-data"",""name"":""AI/ML Data""}","[]","MATRIX","TOP700","0"
"0","{""id"":""other"",""name"":""Other""}","0","{""id"":""ml_factor_proj"",""name"":""Machine Learning Factor Projections""}","1","2026-07-01","1","Change in cash flow return on invested capital, measuring shifts in profitability from capital employed.","change_cashflow_return_on_invested_capital_2","2","GBR","{""id"":""other-aiml-data"",""name"":""AI/ML Data""}","[]","MATRIX","TOP700","0"
"0","{""id"":""other"",""name"":""Other""}","0","{""id"":""ml_factor_proj"",""name"":""Machine Learning Factor Projections""}","1","2026-07-01","1","Change in the cash conversion cycle, measuring shifts in the time between cash outflows for purchases and inflows from sales.","change_cash_conversion_cycle_2","2","GBR","{""id"":""other-aiml-data"",""name"":""AI/ML Data""}","[]","MATRIX","TOP700","0"
"0","{""id"":""other"",""name"":""Other""}","0","{""id"":""ml_factor_proj"",""name"":""Machine Learning Factor Projections""}","1","2026-07-01","1","Change in the ratio of cash flow from operations less dividends to current interest-bearing debt, measuring debt coverage.","change_cash_flow_debt_coverage","2","GBR","{""id"":""other-aiml-data"",""name"":""AI/ML Data""}","[]","MATRIX","TOP700","0"
"0","{""id"":""other"",""name"":""Other""}","0","{""id"":""ml_factor_proj"",""name"":""Machine Learning Factor Projections""}","1","2026-07-01","1","Change in the ratio of cash and equivalents to current liabilities, indicating shifts in liquidity.","change_cash_to_current_liabilities_ratio","2","GBR","{""id"":""other-aiml-data"",""name"":""AI/ML Data""}","[]","MATRIX","TOP700","0"
"0","{""id"":""other"",""name"":""Other""}","0","{""id"":""ml_factor_proj"",""name"":""Machine Learning Factor Projections""}","1","2026-07-01","1","Change in the ratio of total cash and equivalents to market value of equity plus long-term debt.","change_cash_to_enterprise_value_ratio","2","GBR","{""id"":""other-aiml-data"",""name"":""AI/ML Data""}","[]","MATRIX","TOP700","0"
"0","{""id"":""other"",""name"":""Other""}","0","{""id"":""ml_factor_proj"",""name"":""Machine Learning Factor Projections""}","1","2026-07-01","1","change in cash ratio (cash and equivalents/current liabilities)","change_cash_to_liabilities_ratio","2","GBR","{""id"":""other-aiml-data"",""name"":""AI/ML Data""}","[]","MATRIX","TOP700","0"
"0","{""id"":""other"",""name"":""Other""}","0","{""id"":""ml_factor_proj"",""name"":""Machine Learning Factor Projections""}","1","2026-07-01","1","Change in the ratio of most recent cash and equivalents per share divided by month-end trading price.","change_cash_to_price_ratio","2","GBR","{""id"":""other-aiml-data"",""name"":""AI/ML Data""}","[]","MATRIX","TOP700","0"
"0","{""id"":""other"",""name"":""Other""}","0","{""id"":""ml_factor_proj"",""name"":""Machine Learning Factor Projections""}","1","2026-07-01","1","Change in the ratio of average cash and equivalents in trailing twelve months divided by trailing twelve-month sales.","change_cash_to_sales_ratio_2","2","GBR","{""id"":""other-aiml-data"",""name"":""AI/ML Data""}","[]","MATRIX","TOP700","0"
"0","{""id"":""other"",""name"":""Other""}","0","{""id"":""ml_factor_proj"",""name"":""Machine Learning Factor Projections""}","1","2026-07-01","1","Change in the absolute difference between yearly percent change in cost of goods sold and inventory level.","change_cogs_vs_inventory_level_2","2","GBR","{""id"":""other-aiml-data"",""name"":""AI/ML Data""}","[]","MATRIX","TOP700","0"
"0","{""id"":""other"",""name"":""Other""}","0","{""id"":""ml_factor_proj"",""name"":""Machine Learning Factor Projections""}","1","2026-07-01","1","Change in the ratio of current liabilities per share to closing price.","change_current_liabilities_to_price","2","GBR","{""id"":""other-aiml-data"",""name"":""AI/ML Data""}","[]","MATRIX","TOP700","0"
"0","{""id"":""other"",""name"":""Other""}","0","{""id"":""ml_factor_proj"",""name"":""Machine Learning Factor Projections""}","1","2026-07-01","1","Event-aligned change in the current ratio (current assets divided by current liabilities)","change_current_ratio","2","GBR","{""id"":""other-aiml-data"",""name"":""AI/ML Data""}","[]","MATRIX","TOP700","0"
"0","{""id"":""other"",""name"":""Other""}","0","{""id"":""ml_factor_proj"",""name"":""Machine Learning Factor Projections""}","1","2026-07-01","1","Change in the coefficient of variation of prior 90-day closing prices, measuring shifts in price volatility.","change_cv_prior_90_day_prices","2","GBR","{""id"":""other-aiml-data"",""name"":""AI/ML Data""}","[]","MATRIX","TOP700","0"
"0","{""id"":""other"",""name"":""Other""}","0","{""id"":""ml_factor_proj"",""name"":""Machine Learning Factor Projections""}","1","2026-07-01","1","Change in the ratio of long-term debt to cash flow, indicating shifts in debt service ability.","change_debt_to_cashflow_ratio","2","GBR","{""id"":""other-aiml-data"",""name"":""AI/ML Data""}","[]","MATRIX","TOP700","0"
"0","{""id"":""other"",""name"":""Other""}","0","{""id"":""ml_factor_proj"",""name"":""Machine Learning Factor Projections""}","1","2026-07-01","1","Change in the absolute difference between yearly percent change in depreciation and capital expenditure.","change_depreciation_vs_capex_2","2","GBR","{""id"":""other-aiml-data"",""name"":""AI/ML Data""}","[]","MATRIX","TOP700","0"
"0","{""id"":""other"",""name"":""Other""}","0","{""id"":""ml_factor_proj"",""name"":""Machine Learning Factor Projections""}","1","2026-07-01","1","Change in the coefficient of variation of FY2 earnings per share estimates, measuring forecast uncertainty.","change_dispersion_fy2_eps_estimates","2","GBR","{""id"":""other-aiml-data"",""name"":""AI/ML Data""}","[]","MATRIX","TOP700","0"
"0","{""id"":""other"",""name"":""Other""}","0","{""id"":""ml_factor_proj"",""name"":""Machine Learning Factor Projections""}","1","2026-07-01","1","Change in the ratio of dividends paid to cash flow, indicating shifts in payout sustainability.","change_dividends_to_cashflow_ratio","2","GBR","{""id"":""other-aiml-data"",""name"":""AI/ML Data""}","[]","MATRIX","TOP700","0"
"0","{""id"":""other"",""name"":""Other""}","0","{""id"":""ml_factor_proj"",""name"":""Machine Learning Factor Projections""}","1","2026-07-01","1","Change in dividend coverage ratio, indicating shifts in the ability to pay dividends from earnings.","change_dividend_coverage_ratio_2","2","GBR","{""id"":""other-aiml-data"",""name"":""AI/ML Data""}","[]","MATRIX","TOP700","0"
"0","{""id"":""other"",""name"":""Other""}","0","{""id"":""ml_factor_proj"",""name"":""Machine Learning Factor Projections""}","1","2026-07-01","1","Change in trailing twelve-month dividend yield, indicating shifts in income generation.","change_dividend_yield_2","2","GBR","{""id"":""other-aiml-data"",""name"":""AI/ML Data""}","[]","MATRIX","TOP700","0"
"0","{""id"":""other"",""name"":""Other""}","0","{""id"":""ml_factor_proj"",""name"":""Machine Learning Factor Projections""}","1","2026-07-01","1","Event-aligned change in EBITDA to enterprise value ratio","change_ebitda_to_enterprise_value","2","GBR","{""id"":""other-aiml-data"",""name"":""AI/ML Data""}","[]","MATRIX","TOP700","0"
"0","{""id"":""other"",""name"":""Other""}","0","{""id"":""ml_factor_proj"",""name"":""Machine Learning Factor Projections""}","1","2026-07-01","1","Change in the ratio of trailing twelve-month EBITDA to price.","change_ebitda_to_price_ratio","2","GBR","{""id"":""other-aiml-data"",""name"":""AI/ML Data""}","[]","MATRIX","TOP700","0"
"0","{""id"":""other"",""name"":""Other""}","0","{""id"":""ml_factor_proj"",""name"":""Machine Learning Factor Projections""}","1","2026-07-01","1","Change in the Edwards-Bell-Ohlson value-to-price ratio, indicating shifts in intrinsic value relative to price.","change_ebo_value_to_price","2","GBR","{""id"":""other-aiml-data"",""name"":""AI/ML Data""}","[]","MATRIX","TOP700","0"
"0","{""id"":""other"",""name"":""Other""}","0","{""id"":""ml_factor_proj"",""name"":""Machine Learning Factor Projections""}","1","2026-07-01","1","Change in 18-month active return, representing the difference in stock price performance over an 18-month period compared to a benchmark.","change_eighteen_month_active_return","2","GBR","{""id"":""other-aiml-data"",""name"":""AI/ML Data""}","[]","MATRIX","TOP700","0"
"0","{""id"":""other"",""name"":""Other""}","0","{""id"":""ml_factor_proj"",""name"":""Machine Learning Factor Projections""}","1","2026-07-01","1","Change in earnings per share attributed to changes in effective tax rate over four quarters.","change_eps_from_tax_rate","2","GBR","{""id"":""other-aiml-data"",""name"":""AI/ML Data""}","[]","MATRIX","TOP700","0"
"0","{""id"":""other"",""name"":""Other""}","0","{""id"":""ml_factor_proj"",""name"":""Machine Learning Factor Projections""}","1","2026-07-01","1","Percent change in trailing twelve-month earnings per share before extra items compared to four quarters ago.","change_eps_growth_rate","2","GBR","{""id"":""other-aiml-data"",""name"":""AI/ML Data""}","[]","MATRIX","TOP700","0"
"0","{""id"":""other"",""name"":""Other""}","0","{""id"":""ml_factor_proj"",""name"":""Machine Learning Factor Projections""}","1","2026-07-01","1","Change in the absolute difference between yearly percent change in operating cash flow per share and diluted EPS.","change_eps_vs_operating_cashflow","2","GBR","{""id"":""other-aiml-data"",""name"":""AI/ML Data""}","[]","MATRIX","TOP700","0"
"0","{""id"":""other"",""name"":""Other""}","0","{""id"":""ml_factor_proj"",""name"":""Machine Learning Factor Projections""}","1","2026-07-01","1","Change in the ratio of trailing twelve-month sales divided by average trailing twelve-month book equity.","change_equity_turnover_ratio_2","2","GBR","{""id"":""other-aiml-data"",""name"":""AI/ML Data""}","[]","MATRIX","TOP700","0"
"0","{""id"":""other"",""name"":""Other""}","0","{""id"":""ml_factor_proj"",""name"":""Machine Learning Factor Projections""}","1","2026-07-01","1","Change in Fama-French momentum, measuring the difference in price return over a specified period.","change_fama_french_momentum","2","GBR","{""id"":""other-aiml-data"",""name"":""AI/ML Data""}","[]","MATRIX","TOP700","0"
"0","{""id"":""other"",""name"":""Other""}","0","{""id"":""ml_factor_proj"",""name"":""Machine Learning Factor Projections""}","1","2026-07-01","1","Change in the product of trailing free cash flow yield and forward return on equity, reflecting profitability and cash generation.","change_fcf_yield_forward_roe_product","2","GBR","{""id"":""other-aiml-data"",""name"":""AI/ML Data""}","[]","MATRIX","TOP700","0"
"0","{""id"":""other"",""name"":""Other""}","0","{""id"":""ml_factor_proj"",""name"":""Machine Learning Factor Projections""}","1","2026-07-01","1","Change in the ratio of the 15-week to 36-week moving average of stock prices.","change_fifteen_thirtysix_week_price_ratio","2","GBR","{""id"":""other-aiml-data"",""name"":""AI/ML Data""}","[]","MATRIX","TOP700","0"
"0","{""id"":""other"",""name"":""Other""}","0","{""id"":""ml_factor_proj"",""name"":""Machine Learning Factor Projections""}","1","2026-07-01","1","Change in financial leverage, measuring shifts in the ratio of pretax income and interest expense to pretax income.","change_financial_leverage_ratio","2","GBR","{""id"":""other-aiml-data"",""name"":""AI/ML Data""}","[]","MATRIX","TOP700","0"
"0","{""id"":""other"",""name"":""Other""}","0","{""id"":""ml_factor_proj"",""name"":""Machine Learning Factor Projections""}","1","2026-07-01","1","Change in the five-year relative trailing twelve-month dividend yield compared to its historical average.","change_five_year_relative_dividend_yield","2","GBR","{""id"":""other-aiml-data"",""name"":""AI/ML Data""}","[]","MATRIX","TOP700","0"
"0","{""id"":""other"",""name"":""Other""}","0","{""id"":""ml_factor_proj"",""name"":""Machine Learning Factor Projections""}","1","2026-07-01","1","Change in the five-year relative trailing twelve-month EBITDA-to-price ratio compared to its historical average.","change_five_year_relative_ebitda_to_price","2","GBR","{""id"":""other-aiml-data"",""name"":""AI/ML Data""}","[]","MATRIX","TOP700","0"
"0","{""id"":""other"",""name"":""Other""}","0","{""id"":""ml_factor_proj"",""name"":""Machine Learning Factor Projections""}","1","2026-07-01","1","Change in the five-year sales growth rate, measuring the difference in sales per share over five years.","change_five_year_sales_growth","2","GBR","{""id"":""other-aiml-data"",""name"":""AI/ML Data""}","[]","MATRIX","TOP700","0"
"0","{""id"":""other"",""name"":""Other""}","0","{""id"":""ml_factor_proj"",""name"":""Machine Learning Factor Projections""}","1","2026-07-01","1","Change in the ratio of trailing twelve-month sales to average total fixed assets.","change_fixed_assets_turnover","2","GBR","{""id"":""other-aiml-data"",""name"":""AI/ML Data""}","[]","MATRIX","TOP700","0"
"0","{""id"":""other"",""name"":""Other""}","0","{""id"":""ml_factor_proj"",""name"":""Machine Learning Factor Projections""}","1","2026-07-01","1","Change in the flow ratio, calculated as the difference between current assets and cash divided by the difference between current liabilities and short-term debt.","change_flow_ratio","2","GBR","{""id"":""other-aiml-data"",""name"":""AI/ML Data""}","[]","MATRIX","TOP700","0"
"0","{""id"":""other"",""name"":""Other""}","0","{""id"":""ml_factor_proj"",""name"":""Machine Learning Factor Projections""}","1","2026-07-01","1","Change in the most recent FY2 consensus earnings forecast minus FY1 forecast divided by month-end price.","change_forward_2y_eps_growth","2","GBR","{""id"":""other-aiml-data"",""name"":""AI/ML Data""}","[]","MATRIX","TOP700","0"
"0","{""id"":""other"",""name"":""Other""}","0","{""id"":""ml_factor_proj"",""name"":""Machine Learning Factor Projections""}","1","2026-07-01","1","Change in the leading 12-month mean earnings yield, calculated as next four quarters' mean earnings estimates divided by price.","change_forward_earnings_yield","2","GBR","{""id"":""other-aiml-data"",""name"":""AI/ML Data""}","[]","MATRIX","TOP700","0"
"0","{""id"":""other"",""name"":""Other""}","0","{""id"":""ml_factor_proj"",""name"":""Machine Learning Factor Projections""}","1","2026-07-01","1","Change in the ratio of forward 12-month earnings per share to enterprise value, indicating shifts in forward-looking valuation.","change_forward_eps_to_enterprise_value","2","GBR","{""id"":""other-aiml-data"",""name"":""AI/ML Data""}","[]","MATRIX","TOP700","0"
"0","{""id"":""other"",""name"":""Other""}","0","{""id"":""ml_factor_proj"",""name"":""Machine Learning Factor Projections""}","1","2026-07-01","1","Change in the most recent next 4-quarter median earnings estimates divided by month-end price.","change_forward_estimated_earnings_yield","2","GBR","{""id"":""other-aiml-data"",""name"":""AI/ML Data""}","[]","MATRIX","TOP700","0"
"0","{""id"":""other"",""name"":""Other""}","0","{""id"":""ml_factor_proj"",""name"":""Machine Learning Factor Projections""}","1","2026-07-01","1","Change in the ratio of next four-quarter mean earnings estimates plus depreciation minus capex divided by month-end price.","change_forward_fcf_to_price","2","GBR","{""id"":""other-aiml-data"",""name"":""AI/ML Data""}","[]","MATRIX","TOP700","0"
"0","{""id"":""other"",""name"":""Other""}","0","{""id"":""ml_factor_proj"",""name"":""Machine Learning Factor Projections""}","1","2026-07-01","1","Change in the forward-looking return on equity, based on analyst earnings forecasts.","change_forward_return_on_equity_2","2","GBR","{""id"":""other-aiml-data"",""name"":""AI/ML Data""}","[]","MATRIX","TOP700","0"
"0","{""id"":""other"",""name"":""Other""}","0","{""id"":""ml_factor_proj"",""name"":""Machine Learning Factor Projections""}","1","2026-07-01","1","Year-over-year change in free cash flow return on invested capital, measuring trends in capital efficiency.","change_free_cashflow_return_on_invested_capital_2","2","GBR","{""id"":""other-aiml-data"",""name"":""AI/ML Data""}","[]","MATRIX","TOP700","0"
"0","{""id"":""other"",""name"":""Other""}","0","{""id"":""ml_factor_proj"",""name"":""Machine Learning Factor Projections""}","1","2026-07-01","1","Change in the ratio of trailing twelve-month free cash flow to equity.","change_free_cashflow_to_equity","2","GBR","{""id"":""other-aiml-data"",""name"":""AI/ML Data""}","[]","MATRIX","TOP700","0"
"0","{""id"":""other"",""name"":""Other""}","0","{""id"":""ml_factor_proj"",""name"":""Machine Learning Factor Projections""}","1","2026-07-01","1","Change in the ratio of trailing twelve-month free cash flow to sales, indicating shifts in a company's cash generation efficiency relative to revenue.","change_free_cashflow_to_sales_ratio_2","2","GBR","{""id"":""other-aiml-data"",""name"":""AI/ML Data""}","[]","MATRIX","TOP700","0"
"0","{""id"":""other"",""name"":""Other""}","0","{""id"":""ml_factor_proj"",""name"":""Machine Learning Factor Projections""}","1","2026-07-01","1","Change in the standard deviation of FY1 earnings estimates divided by mean, measuring forecast uncertainty.","change_fy1_eps_estimate_dispersion","2","GBR","{""id"":""other-aiml-data"",""name"":""AI/ML Data""}","[]","MATRIX","TOP700","0"
"0","{""id"":""other"",""name"":""Other""}","0","{""id"":""ml_factor_proj"",""name"":""Machine Learning Factor Projections""}","1","2026-07-01","1","Change in industry-adjusted 12-month relative price strength, comparing stock performance to industry peers.","change_industry_adjusted_12m_price_strength","2","GBR","{""id"":""other-aiml-data"",""name"":""AI/ML Data""}","[]","MATRIX","TOP700","0"
"0","{""id"":""other"",""name"":""Other""}","0","{""id"":""ml_factor_proj"",""name"":""Machine Learning Factor Projections""}","1","2026-07-01","1","Change in the industry-adjusted quarterly return on equity, calculated as lagged quarterly ROE minus industry average.","change_industry_adjusted_quarterly_roe","2","GBR","{""id"":""other-aiml-data"",""name"":""AI/ML Data""}","[]","MATRIX","TOP700","0"
"0","{""id"":""other"",""name"":""Other""}","0","{""id"":""ml_factor_proj"",""name"":""Machine Learning Factor Projections""}","1","2026-07-01","1","Change in book-to-market ratio relative to the industry, indicating shifts in valuation compared to peers.","change_industry_relative_book_to_market","2","GBR","{""id"":""other-aiml-data"",""name"":""AI/ML Data""}","[]","MATRIX","TOP700","0"
"0","{""id"":""other"",""name"":""Other""}","0","{""id"":""ml_factor_proj"",""name"":""Machine Learning Factor Projections""}","1","2026-07-01","1","Change in the cash flow-to-price ratio relative to the industry average.","change_industry_relative_cashflow_to_price","2","GBR","{""id"":""other-aiml-data"",""name"":""AI/ML Data""}","[]","MATRIX","TOP700","0"
"0","{""id"":""other"",""name"":""Other""}","0","{""id"":""ml_factor_proj"",""name"":""Machine Learning Factor Projections""}","1","2026-07-01","1","Change in the dividend yield relative to the industry average, adjusted for industry standard deviation.","change_industry_relative_dividend_yield","2","GBR","{""id"":""other-aiml-data"",""name"":""AI/ML Data""}","[]","MATRIX","TOP700","0"
"0","{""id"":""other"",""name"":""Other""}","0","{""id"":""ml_factor_proj"",""name"":""Machine Learning Factor Projections""}","1","2026-07-01","1","Change in industry-adjusted doubtful account receivables, measuring shifts in asset quality relative to peers.","change_industry_relative_doubtful_receivables","2","GBR","{""id"":""other-aiml-data"",""name"":""AI/ML Data""}","[]","MATRIX","TOP700","0"
"0","{""id"":""other"",""name"":""Other""}","0","{""id"":""ml_factor_proj"",""name"":""Machine Learning Factor Projections""}","1","2026-07-01","1","Change in the stock's EBITDA-to-price ratio less industry average, deflated by industry standard deviation.","change_industry_relative_ebitda_to_price","2","GBR","{""id"":""other-aiml-data"",""name"":""AI/ML Data""}","[]","MATRIX","TOP700","0"
"0","{""id"":""other"",""name"":""Other""}","0","{""id"":""ml_factor_proj"",""name"":""Machine Learning Factor Projections""}","1","2026-07-01","1","Change in the stock's EPS-to-price ratio less industry average, deflated by industry standard deviation.","change_industry_relative_eps_to_price","2","GBR","{""id"":""other-aiml-data"",""name"":""AI/ML Data""}","[]","MATRIX","TOP700","0"
"0","{""id"":""other"",""name"":""Other""}","0","{""id"":""ml_factor_proj"",""name"":""Machine Learning Factor Projections""}","1","2026-07-01","1","Change in the stock's free cash flow-to-price ratio less industry average, deflated by industry standard deviation.","change_industry_relative_fcf_to_price","2","GBR","{""id"":""other-aiml-data"",""name"":""AI/ML Data""}","[]","MATRIX","TOP700","0"
"0","{""id"":""other"",""name"":""Other""}","0","{""id"":""ml_factor_proj"",""name"":""Machine Learning Factor Projections""}","1","2026-07-01","1","Change in the five-day return of a stock relative to its industry average.","change_industry_relative_five_day_return","2","GBR","{""id"":""other-aiml-data"",""name"":""AI/ML Data""}","[]","MATRIX","TOP700","0"
"0","{""id"":""other"",""name"":""Other""}","0","{""id"":""ml_factor_proj"",""name"":""Machine Learning Factor Projections""}","1","2026-07-01","1","Change in the stock's next 4-quarter earnings estimates-to-price ratio less industry average, deflated by standard deviation.","change_industry_relative_forward_ep","2","GBR","{""id"":""other-aiml-data"",""name"":""AI/ML Data""}","[]","MATRIX","TOP700","0"
"0","{""id"":""other"",""name"":""Other""}","0","{""id"":""ml_factor_proj"",""name"":""Machine Learning Factor Projections""}","1","2026-07-01","1","Change in the four-week return of a stock relative to its industry average.","change_industry_relative_four_week_return","2","GBR","{""id"":""other-aiml-data"",""name"":""AI/ML Data""}","[]","MATRIX","TOP700","0"
"0","{""id"":""other"",""name"":""Other""}","0","{""id"":""ml_factor_proj"",""name"":""Machine Learning Factor Projections""}","1","2026-07-01","1","Change in operating cash flow to total assets ratio relative to the industry average.","change_industry_relative_oper_cashflow_to_assets","2","GBR","{""id"":""other-aiml-data"",""name"":""AI/ML Data""}","[]","MATRIX","TOP700","0"
"0","{""id"":""other"",""name"":""Other""}","0","{""id"":""ml_factor_proj"",""name"":""Machine Learning Factor Projections""}","1","2026-07-01","1","Change in the operating cash flow-to-price ratio relative to the industry average.","change_industry_relative_oper_cashflow_to_price","2","GBR","{""id"":""other-aiml-data"",""name"":""AI/ML Data""}","[]","MATRIX","TOP700","0"
"0","{""id"":""other"",""name"":""Other""}","0","{""id"":""ml_factor_proj"",""name"":""Machine Learning Factor Projections""}","1","2026-07-01","1","Change in the sales-to-price ratio relative to the industry average.","change_industry_relative_sales_to_price","2","GBR","{""id"":""other-aiml-data"",""name"":""AI/ML Data""}","[]","MATRIX","TOP700","0"
"0","{""id"":""other"",""name"":""Other""}","0","{""id"":""ml_factor_proj"",""name"":""Machine Learning Factor Projections""}","1","2026-07-01","1","Change in interest coverage ratio, indicating the difference in a company's ability to meet interest payments over time.","change_interest_coverage_ratio_2","2","GBR","{""id"":""other-aiml-data"",""name"":""AI/ML Data""}","[]","MATRIX","TOP700","0"
"0","{""id"":""other"",""name"":""Other""}","0","{""id"":""ml_factor_proj"",""name"":""Machine Learning Factor Projections""}","1","2026-07-01","1","Change in the ratio of inventory to total assets, indicating shifts in asset composition.","change_inventory_to_assets_ratio","2","GBR","{""id"":""other-aiml-data"",""name"":""AI/ML Data""}","[]","MATRIX","TOP700","0"
"0","{""id"":""other"",""name"":""Other""}","0","{""id"":""ml_factor_proj"",""name"":""Machine Learning Factor Projections""}","1","2026-07-01","1","Change in the ratio of trailing twelve-month cost of goods sold divided by average inventory.","change_inventory_turnover_ratio_2","2","GBR","{""id"":""other-aiml-data"",""name"":""AI/ML Data""}","[]","MATRIX","TOP700","0"
"0","{""id"":""other"",""name"":""Other""}","0","{""id"":""ml_factor_proj"",""name"":""Machine Learning Factor Projections""}","1","2026-07-01","1","Change in the inverse of the PEG ratio, indicating shifts in valuation relative to growth.","change_inverse_peg_ratio","2","GBR","{""id"":""other-aiml-data"",""name"":""AI/ML Data""}","[]","MATRIX","TOP700","0"
"0","{""id"":""other"",""name"":""Other""}","0","{""id"":""ml_factor_proj"",""name"":""Machine Learning Factor Projections""}","1","2026-07-01","1","Change in the lagged inverse PEG ratio, calculated as trailing twelve-month EPS times change in sales growth rate divided by price.","change_lagged_inverse_peg_ratio","2","GBR","{""id"":""other-aiml-data"",""name"":""AI/ML Data""}","[]","MATRIX","TOP700","0"
"0","{""id"":""other"",""name"":""Other""}","0","{""id"":""ml_factor_proj"",""name"":""Machine Learning Factor Projections""}","1","2026-07-01","1","Change in the liquidity coefficient, measuring the relationship between trading turnover and price returns.","change_liquidity_coefficient","2","GBR","{""id"":""other-aiml-data"",""name"":""AI/ML Data""}","[]","MATRIX","TOP700","0"
"0","{""id"":""other"",""name"":""Other""}","0","{""id"":""ml_factor_proj"",""name"":""Machine Learning Factor Projections""}","1","2026-07-01","1","Change in the natural logarithm of the closing price, indicating shifts in price level on a log scale.","change_log_closing_price","2","GBR","{""id"":""other-aiml-data"",""name"":""AI/ML Data""}","[]","MATRIX","TOP700","0"
"0","{""id"":""other"",""name"":""Other""}","0","{""id"":""ml_factor_proj"",""name"":""Machine Learning Factor Projections""}","1","2026-07-01","1","Change in the natural logarithm of market capitalization, reflecting shifts in company size.","change_log_market_capitalization","2","GBR","{""id"":""other-aiml-data"",""name"":""AI/ML Data""}","[]","MATRIX","TOP700","0"
"0","{""id"":""other"",""name"":""Other""}","0","{""id"":""ml_factor_proj"",""name"":""Machine Learning Factor Projections""}","1","2026-07-01","1","Change in the natural logarithm of trailing twelve-month sales, reflecting shifts in company revenue size.","change_log_sales","2","GBR","{""id"":""other-aiml-data"",""name"":""AI/ML Data""}","[]","MATRIX","TOP700","0"
"0","{""id"":""other"",""name"":""Other""}","0","{""id"":""ml_factor_proj"",""name"":""Machine Learning Factor Projections""}","1","2026-07-01","1","Change in the natural logarithm of most recent quarterly total assets.","change_log_total_assets","2","GBR","{""id"":""other-aiml-data"",""name"":""AI/ML Data""}","[]","MATRIX","TOP700","0"
"0","{""id"":""other"",""name"":""Other""}","0","{""id"":""ml_factor_proj"",""name"":""Machine Learning Factor Projections""}","1","2026-07-01","1","Change in the natural logarithm of average monthly trading volume divided by average monthly market capitalization.","change_log_trading_volume_to_market_cap","2","GBR","{""id"":""other-aiml-data"",""name"":""AI/ML Data""}","[]","MATRIX","TOP700","0"
"0","{""id"":""other"",""name"":""Other""}","0","{""id"":""ml_factor_proj"",""name"":""Machine Learning Factor Projections""}","1","2026-07-01","1","Change in the ratio of long-term debt to equity, indicating shifts in financial leverage.","change_long_term_debt_to_equity_2","2","GBR","{""id"":""other-aiml-data"",""name"":""AI/ML Data""}","[]","MATRIX","TOP700","0"
"0","{""id"":""other"",""name"":""Other""}","0","{""id"":""ml_factor_proj"",""name"":""Machine Learning Factor Projections""}","1","2026-07-01","1","Change in the long-term growth rate estimate, reflecting shifts in analyst expectations.","change_long_term_growth_estimate","2","GBR","{""id"":""other-aiml-data"",""name"":""AI/ML Data""}","[]","MATRIX","TOP700","0"
"0","{""id"":""other"",""name"":""Other""}","0","{""id"":""ml_factor_proj"",""name"":""Machine Learning Factor Projections""}","1","2026-07-01","1","change in market beta","change_market_beta","2","GBR","{""id"":""other-aiml-data"",""name"":""AI/ML Data""}","[]","MATRIX","TOP700","0"
"0","{""id"":""other"",""name"":""Other""}","0","{""id"":""ml_factor_proj"",""name"":""Machine Learning Factor Projections""}","1","2026-07-01","1","Change in market capitalization per analyst, reflecting shifts in analyst coverage relative to company size.","change_market_cap_per_analyst","2","GBR","{""id"":""other-aiml-data"",""name"":""AI/ML Data""}","[]","MATRIX","TOP700","0"
"0","{""id"":""other"",""name"":""Other""}","0","{""id"":""ml_factor_proj"",""name"":""Machine Learning Factor Projections""}","1","2026-07-01","1","Change in the ratio of month-end total market value plus most recent quarterly book debt divided by market value.","change_market_leverage_ratio","2","GBR","{""id"":""other-aiml-data"",""name"":""AI/ML Data""}","[]","MATRIX","TOP700","0"
"0","{""id"":""other"",""name"":""Other""}","0","{""id"":""ml_factor_proj"",""name"":""Machine Learning Factor Projections""}","1","2026-07-01","1","Change in the ratio of net asset value per share to month-end closing price.","change_nav_to_price_ratio","2","GBR","{""id"":""other-aiml-data"",""name"":""AI/ML Data""}","[]","MATRIX","TOP700","0"
"0","{""id"":""other"",""name"":""Other""}","0","{""id"":""ml_factor_proj"",""name"":""Machine Learning Factor Projections""}","1","2026-07-01","1","Change in the ratio of net cash (cash and equivalents less debt) to market value of equity.","change_net_cash_to_equity","2","GBR","{""id"":""other-aiml-data"",""name"":""AI/ML Data""}","[]","MATRIX","TOP700","0"
"0","{""id"":""other"",""name"":""Other""}","0","{""id"":""ml_factor_proj"",""name"":""Machine Learning Factor Projections""}","1","2026-07-01","1","Event-aligned change in net debt","change_net_debt_ratio_2","2","GBR","{""id"":""other-aiml-data"",""name"":""AI/ML Data""}","[]","MATRIX","TOP700","0"
"0","{""id"":""other"",""name"":""Other""}","0","{""id"":""ml_factor_proj"",""name"":""Machine Learning Factor Projections""}","1","2026-07-01","1","Change in the ratio of net fixed assets to total long-term debt.","change_net_fixed_assets_to_longterm_debt","2","GBR","{""id"":""other-aiml-data"",""name"":""AI/ML Data""}","[]","MATRIX","TOP700","0"
"0","{""id"":""other"",""name"":""Other""}","0","{""id"":""ml_factor_proj"",""name"":""Machine Learning Factor Projections""}","1","2026-07-01","1","Year-over-year change in net income per employee, measuring trends in workforce profitability.","change_net_income_per_employee_2","2","GBR","{""id"":""other-aiml-data"",""name"":""AI/ML Data""}","[]","MATRIX","TOP700","0"
"0","{""id"":""other"",""name"":""Other""}","0","{""id"":""ml_factor_proj"",""name"":""Machine Learning Factor Projections""}","1","2026-07-01","1","Change in the ratio of current assets per share minus total liabilities per share divided by month-end price.","change_net_net_assets_to_price","2","GBR","{""id"":""other-aiml-data"",""name"":""AI/ML Data""}","[]","MATRIX","TOP700","0"
"0","{""id"":""other"",""name"":""Other""}","0","{""id"":""ml_factor_proj"",""name"":""Machine Learning Factor Projections""}","1","2026-07-01","1","Change in the net number of analyst forecast revisions for fiscal year 1.","change_net_number_fy1_eps_revisions","2","GBR","{""id"":""other-aiml-data"",""name"":""AI/ML Data""}","[]","MATRIX","TOP700","0"
"0","{""id"":""other"",""name"":""Other""}","0","{""id"":""ml_factor_proj"",""name"":""Machine Learning Factor Projections""}","1","2026-07-01","1","Change in net operating assets, measuring the year-over-year difference as a percentage of total assets.","change_net_operating_assets","2","GBR","{""id"":""other-aiml-data"",""name"":""AI/ML Data""}","[]","MATRIX","TOP700","0"
"0","{""id"":""other"",""name"":""Other""}","0","{""id"":""ml_factor_proj"",""name"":""Machine Learning Factor Projections""}","1","2026-07-01","1","Year-over-year change in net operating asset turnover, indicating changes in efficiency of asset utilization.","change_net_operating_asset_turnover_2","2","GBR","{""id"":""other-aiml-data"",""name"":""AI/ML Data""}","[]","MATRIX","TOP700","0"
"0","{""id"":""other"",""name"":""Other""}","0","{""id"":""ml_factor_proj"",""name"":""Machine Learning Factor Projections""}","1","2026-07-01","1","Change in net profit margin, measuring the difference in profitability as a percentage of sales between two periods.","change_net_profit_margin_ratio","2","GBR","{""id"":""other-aiml-data"",""name"":""AI/ML Data""}","[]","MATRIX","TOP700","0"
"0","{""id"":""other"",""name"":""Other""}","0","{""id"":""ml_factor_proj"",""name"":""Machine Learning Factor Projections""}","1","2026-07-01","1","Change in net operating profit after tax margin over time.","change_nopat_profit_margin","2","GBR","{""id"":""other-aiml-data"",""name"":""AI/ML Data""}","[]","MATRIX","TOP700","0"
"0","{""id"":""other"",""name"":""Other""}","0","{""id"":""ml_factor_proj"",""name"":""Machine Learning Factor Projections""}","1","2026-07-01","1","Change in the percent growth of trailing twelve-month cash flow per share compared to one year ago.","change_one_year_cashflow_growth","2","GBR","{""id"":""other-aiml-data"",""name"":""AI/ML Data""}","[]","MATRIX","TOP700","0"
"0","{""id"":""other"",""name"":""Other""}","0","{""id"":""ml_factor_proj"",""name"":""Machine Learning Factor Projections""}","1","2026-07-01","1","Change in the percent growth of trailing twelve-month free cash flow per share compared to one year ago.","change_one_year_free_cashflow_growth","2","GBR","{""id"":""other-aiml-data"",""name"":""AI/ML Data""}","[]","MATRIX","TOP700","0"
"0","{""id"":""other"",""name"":""Other""}","0","{""id"":""ml_factor_proj"",""name"":""Machine Learning Factor Projections""}","1","2026-07-01","1","Change in the one-year difference in assets-adjusted trailing twelve-month free cash flow.","change_one_year_free_cashflow_to_assets","2","GBR","{""id"":""other-aiml-data"",""name"":""AI/ML Data""}","[]","MATRIX","TOP700","0"
"0","{""id"":""other"",""name"":""Other""}","0","{""id"":""ml_factor_proj"",""name"":""Machine Learning Factor Projections""}","1","2026-07-01","1","Change in the one-year difference in price-adjusted trailing twelve-month free cash flow per share.","change_one_year_free_cashflow_to_price","2","GBR","{""id"":""other-aiml-data"",""name"":""AI/ML Data""}","[]","MATRIX","TOP700","0"
"0","{""id"":""other"",""name"":""Other""}","0","{""id"":""ml_factor_proj"",""name"":""Machine Learning Factor Projections""}","1","2026-07-01","1","Change in the one-year price momentum indicator, based on correlation of price over the last 260 days.","change_one_year_price_momentum_indicator","2","GBR","{""id"":""other-aiml-data"",""name"":""AI/ML Data""}","[]","MATRIX","TOP700","0"
"0","{""id"":""other"",""name"":""Other""}","0","{""id"":""ml_factor_proj"",""name"":""Machine Learning Factor Projections""}","1","2026-07-01","1","Change in assets-adjusted trailing twelve-month operating cash flow compared to the previous year.","change_operating_cashflow_assets_adj","2","GBR","{""id"":""other-aiml-data"",""name"":""AI/ML Data""}","[]","MATRIX","TOP700","0"
"0","{""id"":""other"",""name"":""Other""}","0","{""id"":""ml_factor_proj"",""name"":""Machine Learning Factor Projections""}","1","2026-07-01","1","Percent change in trailing twelve-month operating cash flow per share compared to four quarters ago.","change_operating_cashflow_growth_rate","2","GBR","{""id"":""other-aiml-data"",""name"":""AI/ML Data""}","[]","MATRIX","TOP700","0"
"0","{""id"":""other"",""name"":""Other""}","0","{""id"":""ml_factor_proj"",""name"":""Machine Learning Factor Projections""}","1","2026-07-01","1","Year-over-year change in the operating cash flow margin, measuring shifts in cash profitability relative to sales.","change_operating_cashflow_margin_2","2","GBR","{""id"":""other-aiml-data"",""name"":""AI/ML Data""}","[]","MATRIX","TOP700","0"
"0","{""id"":""other"",""name"":""Other""}","0","{""id"":""ml_factor_proj"",""name"":""Machine Learning Factor Projections""}","1","2026-07-01","1","Change in the ratio of quarterly cash flow from operations to current liabilities.","change_operating_cashflow_ratio_2","2","GBR","{""id"":""other-aiml-data"",""name"":""AI/ML Data""}","[]","MATRIX","TOP700","0"
"0","{""id"":""other"",""name"":""Other""}","0","{""id"":""ml_factor_proj"",""name"":""Machine Learning Factor Projections""}","1","2026-07-01","1","Change in the ratio of trailing twelve-month operating cash flow divided by average invested capital.","change_operating_cashflow_return_on_invested_capital","2","GBR","{""id"":""other-aiml-data"",""name"":""AI/ML Data""}","[]","MATRIX","TOP700","0"
"0","{""id"":""other"",""name"":""Other""}","0","{""id"":""ml_factor_proj"",""name"":""Machine Learning Factor Projections""}","1","2026-07-01","1","Change in the ratio of trailing twelve-month net cash flow from operations divided by average total assets.","change_operating_cashflow_to_assets_2","2","GBR","{""id"":""other-aiml-data"",""name"":""AI/ML Data""}","[]","MATRIX","TOP700","0"
"0","{""id"":""other"",""name"":""Other""}","0","{""id"":""ml_factor_proj"",""name"":""Machine Learning Factor Projections""}","1","2026-07-01","1","Change in the ratio of trailing twelve-month operating cash flow per share to price.","change_operating_cashflow_to_price","2","GBR","{""id"":""other-aiml-data"",""name"":""AI/ML Data""}","[]","MATRIX","TOP700","0"
"0","{""id"":""other"",""name"":""Other""}","0","{""id"":""ml_factor_proj"",""name"":""Machine Learning Factor Projections""}","1","2026-07-01","1","Change in the rate at which a company uses cash from operations and investments relative to cash holdings.","change_operating_cash_burn_rate","2","GBR","{""id"":""other-aiml-data"",""name"":""AI/ML Data""}","[]","MATRIX","TOP700","0"
"0","{""id"":""other"",""name"":""Other""}","0","{""id"":""ml_factor_proj"",""name"":""Machine Learning Factor Projections""}","1","2026-07-01","1","Change in the difference between operating income growth and long-term debt growth, reflecting leverage impact on profitability.","change_operating_income_vs_long_term_debt_2","2","GBR","{""id"":""other-aiml-data"",""name"":""AI/ML Data""}","[]","MATRIX","TOP700","0"
"0","{""id"":""other"",""name"":""Other""}","0","{""id"":""ml_factor_proj"",""name"":""Machine Learning Factor Projections""}","1","2026-07-01","1","Change in operating leverage, calculated as the percent change in operating income divided by percent change in sales from the previous quarter.","change_operating_leverage","2","GBR","{""id"":""other-aiml-data"",""name"":""AI/ML Data""}","[]","MATRIX","TOP700","0"
"0","{""id"":""other"",""name"":""Other""}","0","{""id"":""ml_factor_proj"",""name"":""Machine Learning Factor Projections""}","1","2026-07-01","1","Change in operating liability leverage, measuring shifts in the use of non-debt financing.","change_operating_liability_leverage_2","2","GBR","{""id"":""other-aiml-data"",""name"":""AI/ML Data""}","[]","MATRIX","TOP700","0"
"0","{""id"":""other"",""name"":""Other""}","0","{""id"":""ml_factor_proj"",""name"":""Machine Learning Factor Projections""}","1","2026-07-01","1","Year-over-year change in the ratio of operating liabilities to operating assets, indicating shifts in non-debt financing usage.","change_operating_liability_leverage_ratio_2","2","GBR","{""id"":""other-aiml-data"",""name"":""AI/ML Data""}","[]","MATRIX","TOP700","0"
"0","{""id"":""other"",""name"":""Other""}","0","{""id"":""ml_factor_proj"",""name"":""Machine Learning Factor Projections""}","1","2026-07-01","1","Year-over-year change in operating profit margin, indicating trends in operational efficiency and profitability.","change_operating_profit_margin_2","2","GBR","{""id"":""other-aiml-data"",""name"":""AI/ML Data""}","[]","MATRIX","TOP700","0"
"0","{""id"":""other"",""name"":""Other""}","0","{""id"":""ml_factor_proj"",""name"":""Machine Learning Factor Projections""}","1","2026-07-01","1","Change in operating profit margin, calculated as the difference in quarterly operating income to sales ratio.","change_operating_profit_margin_21","2","GBR","{""id"":""other-aiml-data"",""name"":""AI/ML Data""}","[]","MATRIX","TOP700","0"
"0","{""id"":""other"",""name"":""Other""}","0","{""id"":""ml_factor_proj"",""name"":""Machine Learning Factor Projections""}","1","2026-07-01","1","Change in the percentage of shares outstanding, reflecting share issuance or buybacks.","change_percent_shares_outstanding","2","GBR","{""id"":""other-aiml-data"",""name"":""AI/ML Data""}","[]","MATRIX","TOP700","0"
"0","{""id"":""other"",""name"":""Other""}","0","{""id"":""ml_factor_proj"",""name"":""Machine Learning Factor Projections""}","1","2026-07-01","1","Change in predicted dividend yield, reflecting shifts in expected payout relative to price.","change_predicted_dividend_yield","2","GBR","{""id"":""other-aiml-data"",""name"":""AI/ML Data""}","[]","MATRIX","TOP700","0"
"0","{""id"":""other"",""name"":""Other""}","0","{""id"":""ml_factor_proj"",""name"":""Machine Learning Factor Projections""}","1","2026-07-01","1","Year-over-year change in pretax return on net operating assets, measuring shifts in operational profitability.","change_pretax_return_on_operating_assets","2","GBR","{""id"":""other-aiml-data"",""name"":""AI/ML Data""}","[]","MATRIX","TOP700","0"
"0","{""id"":""other"",""name"":""Other""}","0","{""id"":""ml_factor_proj"",""name"":""Machine Learning Factor Projections""}","1","2026-07-01","1","Change in the ratio of current closing price to the lowest daily low price in the last 260 trading days.","change_price_above_260d_low","2","GBR","{""id"":""other-aiml-data"",""name"":""AI/ML Data""}","[]","MATRIX","TOP700","0"
"0","{""id"":""other"",""name"":""Other""}","0","{""id"":""ml_factor_proj"",""name"":""Machine Learning Factor Projections""}","1","2026-07-01","1","Change in the ratio of trading price to most recent total assets per share.","change_price_to_total_assets","2","GBR","{""id"":""other-aiml-data"",""name"":""AI/ML Data""}","[]","MATRIX","TOP700","0"
"0","{""id"":""other"",""name"":""Other""}","0","{""id"":""ml_factor_proj"",""name"":""Machine Learning Factor Projections""}","1","2026-07-01","1","Change in the growth rate of quarterly sales per share compared to four quarters ago.","change_quarterly_sales_growth","2","GBR","{""id"":""other-aiml-data"",""name"":""AI/ML Data""}","[]","MATRIX","TOP700","0"
"0","{""id"":""other"",""name"":""Other""}","0","{""id"":""ml_factor_proj"",""name"":""Machine Learning Factor Projections""}","1","2026-07-01","1","change in quick ratio","change_quick_ratio","2","GBR","{""id"":""other-aiml-data"",""name"":""AI/ML Data""}","[]","MATRIX","TOP700","0"
"0","{""id"":""other"",""name"":""Other""}","0","{""id"":""ml_factor_proj"",""name"":""Machine Learning Factor Projections""}","1","2026-07-01","1","Change in the market-adjusted excess return using a decay function for weighting historical returns.","change_rational_decay_alpha","2","GBR","{""id"":""other-aiml-data"",""name"":""AI/ML Data""}","[]","MATRIX","TOP700","0"
"0","{""id"":""other"",""name"":""Other""}","0","{""id"":""ml_factor_proj"",""name"":""Machine Learning Factor Projections""}","1","2026-07-01","1","Change in the ratio of average research and development expenses divided by total sales over trailing twelve months.","change_rd_expense_to_sales","2","GBR","{""id"":""other-aiml-data"",""name"":""AI/ML Data""}","[]","MATRIX","TOP700","0"
"0","{""id"":""other"",""name"":""Other""}","0","{""id"":""ml_factor_proj"",""name"":""Machine Learning Factor Projections""}","1","2026-07-01","1","Change in the real earnings surprise, calculated as the difference between actual EPS and consensus forecast scaled by price.","change_real_earnings_surprise","2","GBR","{""id"":""other-aiml-data"",""name"":""AI/ML Data""}","[]","MATRIX","TOP700","0"
"0","{""id"":""other"",""name"":""Other""}","0","{""id"":""ml_factor_proj"",""name"":""Machine Learning Factor Projections""}","1","2026-07-01","1","Change in the reciprocal of the dividend yield-adjusted PEG ratio, indicating shifts in valuation adjusted for growth and yield.","change_reciprocal_dividend_yield_adjusted_peg","2","GBR","{""id"":""other-aiml-data"",""name"":""AI/ML Data""}","[]","MATRIX","TOP700","0"
"0","{""id"":""other"",""name"":""Other""}","0","{""id"":""ml_factor_proj"",""name"":""Machine Learning Factor Projections""}","1","2026-07-01","1","Change in the ratio of EPS before extra items less dividends per share divided by average book equity per share.","change_reinvestment_rate","2","GBR","{""id"":""other-aiml-data"",""name"":""AI/ML Data""}","[]","MATRIX","TOP700","0"
"0","{""id"":""other"",""name"":""Other""}","0","{""id"":""ml_factor_proj"",""name"":""Machine Learning Factor Projections""}","1","2026-07-01","1","Change in the variance of monthly residual returns over the last 24 months.","change_residual_return_variance","2","GBR","{""id"":""other-aiml-data"",""name"":""AI/ML Data""}","[]","MATRIX","TOP700","0"
"0","{""id"":""other"",""name"":""Other""}","0","{""id"":""ml_factor_proj"",""name"":""Machine Learning Factor Projections""}","1","2026-07-01","1","Year-over-year change in the ratio of retained earnings to total assets, reflecting shifts in earnings reinvestment.","change_retained_earnings_to_assets_2","2","GBR","{""id"":""other-aiml-data"",""name"":""AI/ML Data""}","[]","MATRIX","TOP700","0"
"0","{""id"":""other"",""name"":""Other""}","0","{""id"":""ml_factor_proj"",""name"":""Machine Learning Factor Projections""}","1","2026-07-01","1","Change in return on assets, measuring the difference in profitability relative to total assets over time.","change_return_on_assets_2","2","GBR","{""id"":""other-aiml-data"",""name"":""AI/ML Data""}","[]","MATRIX","TOP700","0"
"0","{""id"":""other"",""name"":""Other""}","0","{""id"":""ml_factor_proj"",""name"":""Machine Learning Factor Projections""}","1","2026-07-01","1","Event-aligned change in Return on Equity (ROE)","change_return_on_equity_2","2","GBR","{""id"":""other-aiml-data"",""name"":""AI/ML Data""}","[]","MATRIX","TOP700","0"
"0","{""id"":""other"",""name"":""Other""}","0","{""id"":""ml_factor_proj"",""name"":""Machine Learning Factor Projections""}","1","2026-07-01","1","Change in return on invested capital, measuring the difference in profitability from capital employed over time.","change_return_on_invested_capital_2","2","GBR","{""id"":""other-aiml-data"",""name"":""AI/ML Data""}","[]","MATRIX","TOP700","0"
"0","{""id"":""other"",""name"":""Other""}","0","{""id"":""ml_factor_proj"",""name"":""Machine Learning Factor Projections""}","1","2026-07-01","1","Year-over-year change in revenue generated per employee, reflecting trends in workforce productivity.","change_revenue_per_employee_2","2","GBR","{""id"":""other-aiml-data"",""name"":""AI/ML Data""}","[]","MATRIX","TOP700","0"
"0","{""id"":""other"",""name"":""Other""}","0","{""id"":""ml_factor_proj"",""name"":""Machine Learning Factor Projections""}","1","2026-07-01","1","Change in the risk-adjusted price/earnings-to-growth ratio, indicating shifts in valuation relative to growth and risk.","change_risk_adjusted_peg_ratio","2","GBR","{""id"":""other-aiml-data"",""name"":""AI/ML Data""}","[]","MATRIX","TOP700","0"
"0","{""id"":""other"",""name"":""Other""}","0","{""id"":""ml_factor_proj"",""name"":""Machine Learning Factor Projections""}","1","2026-07-01","1","Absolute difference between the yearly percent change in sales per share and diluted earnings per share.","change_sales_vs_eps_growth","2","GBR","{""id"":""other-aiml-data"",""name"":""AI/ML Data""}","[]","MATRIX","TOP700","0"
"0","{""id"":""other"",""name"":""Other""}","0","{""id"":""ml_factor_proj"",""name"":""Machine Learning Factor Projections""}","1","2026-07-01","1","Change in the difference between sales growth and gross profit margin, reflecting profitability trends.","change_sales_vs_gross_margin_2","2","GBR","{""id"":""other-aiml-data"",""name"":""AI/ML Data""}","[]","MATRIX","TOP700","0"
"0","{""id"":""other"",""name"":""Other""}","0","{""id"":""ml_factor_proj"",""name"":""Machine Learning Factor Projections""}","1","2026-07-01","1","Change in the difference between yearly percent change in sales and accounts receivable, indicating shifts in revenue quality.","change_sales_vs_receivables","2","GBR","{""id"":""other-aiml-data"",""name"":""AI/ML Data""}","[]","MATRIX","TOP700","0"
"0","{""id"":""other"",""name"":""Other""}","0","{""id"":""ml_factor_proj"",""name"":""Machine Learning Factor Projections""}","1","2026-07-01","1","Change in the return from the second preceding six-month period, measuring price performance from 12 to 7 months ago.","change_second_preceding_six_month_return","2","GBR","{""id"":""other-aiml-data"",""name"":""AI/ML Data""}","[]","MATRIX","TOP700","0"
"0","{""id"":""other"",""name"":""Other""}","0","{""id"":""ml_factor_proj"",""name"":""Machine Learning Factor Projections""}","1","2026-07-01","1","Change in the difference between yearly change in quarterly SG&A expenses and yearly change in quarterly sales.","change_sga_expense_vs_sales_2","2","GBR","{""id"":""other-aiml-data"",""name"":""AI/ML Data""}","[]","MATRIX","TOP700","0"
"0","{""id"":""other"",""name"":""Other""}","0","{""id"":""ml_factor_proj"",""name"":""Machine Learning Factor Projections""}","1","2026-07-01","1","Change in the ratio of selling, general, and administrative expenses to sales.","change_sga_to_sales_ratio_2","2","GBR","{""id"":""other-aiml-data"",""name"":""AI/ML Data""}","[]","MATRIX","TOP700","0"
"0","{""id"":""other"",""name"":""Other""}","0","{""id"":""ml_factor_proj"",""name"":""Machine Learning Factor Projections""}","1","2026-07-01","1","Change in the six-month nominal change in 36-month alpha from regression of monthly returns against a benchmark.","change_six_month_alpha_36m","2","GBR","{""id"":""other-aiml-data"",""name"":""AI/ML Data""}","[]","MATRIX","TOP700","0"
"0","{""id"":""other"",""name"":""Other""}","0","{""id"":""ml_factor_proj"",""name"":""Machine Learning Factor Projections""}","1","2026-07-01","1","Change in the six-month moving average of trading volume, indicating shifts in liquidity.","change_six_month_average_trading_volume","2","GBR","{""id"":""other-aiml-data"",""name"":""AI/ML Data""}","[]","MATRIX","TOP700","0"
"0","{""id"":""other"",""name"":""Other""}","0","{""id"":""ml_factor_proj"",""name"":""Machine Learning Factor Projections""}","1","2026-07-01","1","Change in the average of the last six months' EPS revisions for the current fiscal year.","change_six_month_eps_revision","2","GBR","{""id"":""other-aiml-data"",""name"":""AI/ML Data""}","[]","MATRIX","TOP700","0"
"0","{""id"":""other"",""name"":""Other""}","0","{""id"":""ml_factor_proj"",""name"":""Machine Learning Factor Projections""}","1","2026-07-01","1","Change in the long-term growth rate estimate over the past six months.","change_six_month_long_term_growth_estimate","2","GBR","{""id"":""other-aiml-data"",""name"":""AI/ML Data""}","[]","MATRIX","TOP700","0"
"0","{""id"":""other"",""name"":""Other""}","0","{""id"":""ml_factor_proj"",""name"":""Machine Learning Factor Projections""}","1","2026-07-01","1","Change in the skewness of 90-day stock daily excess returns, indicating shifts in the asymmetry of return distribution.","change_skewness_90_day_excess_returns","2","GBR","{""id"":""other-aiml-data"",""name"":""AI/ML Data""}","[]","MATRIX","TOP700","0"
"0","{""id"":""other"",""name"":""Other""}","0","{""id"":""ml_factor_proj"",""name"":""Machine Learning Factor Projections""}","1","2026-07-01","1","Change in the skewness of 90-day stock daily returns, indicating shifts in the asymmetry of return distribution.","change_skewness_90_day_returns","2","GBR","{""id"":""other-aiml-data"",""name"":""AI/ML Data""}","[]","MATRIX","TOP700","0"
"0","{""id"":""other"",""name"":""Other""}","0","{""id"":""ml_factor_proj"",""name"":""Machine Learning Factor Projections""}","1","2026-07-01","1","Change in the slope of the 52-week price trend line, indicating shifts in long-term price momentum.","change_slope_52w_price_trend","2","GBR","{""id"":""other-aiml-data"",""name"":""AI/ML Data""}","[]","MATRIX","TOP700","0"
"0","{""id"":""other"",""name"":""Other""}","0","{""id"":""ml_factor_proj"",""name"":""Machine Learning Factor Projections""}","1","2026-07-01","1","Change in the slope coefficient of the 66-week price trend line, indicating shifts in long-term price momentum.","change_slope_66_week_price_trend","2","GBR","{""id"":""other-aiml-data"",""name"":""AI/ML Data""}","[]","MATRIX","TOP700","0"
"0","{""id"":""other"",""name"":""Other""}","0","{""id"":""ml_factor_proj"",""name"":""Machine Learning Factor Projections""}","1","2026-07-01","1","Change in the standard deviation of FY1 earnings forecasts scaled by month-end price.","change_stddev_fy1_eps_to_price","2","GBR","{""id"":""other-aiml-data"",""name"":""AI/ML Data""}","[]","MATRIX","TOP700","0"
"0","{""id"":""other"",""name"":""Other""}","0","{""id"":""ml_factor_proj"",""name"":""Machine Learning Factor Projections""}","1","2026-07-01","1","Change in the standard deviation of FY2 earnings forecasts scaled by price, indicating shifts in forecast dispersion.","change_stddev_fy2_eps_to_price","2","GBR","{""id"":""other-aiml-data"",""name"":""AI/ML Data""}","[]","MATRIX","TOP700","0"
"0","{""id"":""other"",""name"":""Other""}","0","{""id"":""ml_factor_proj"",""name"":""Machine Learning Factor Projections""}","1","2026-07-01","1","Change in the stock illiquidity measure, reflecting shifts in trading volume relative to price movements.","change_stock_illiquidity","2","GBR","{""id"":""other-aiml-data"",""name"":""AI/ML Data""}","[]","MATRIX","TOP700","0"
"0","{""id"":""other"",""name"":""Other""}","0","{""id"":""ml_factor_proj"",""name"":""Machine Learning Factor Projections""}","1","2026-07-01","1","Change in the standard deviation of monthly returns, indicating shifts in stock return volatility.","change_stock_return_volatility","2","GBR","{""id"":""other-aiml-data"",""name"":""AI/ML Data""}","[]","MATRIX","TOP700","0"
"0","{""id"":""other"",""name"":""Other""}","0","{""id"":""ml_factor_proj"",""name"":""Machine Learning Factor Projections""}","1","2026-07-01","1","Change in street revision confidence, calculated as the sum of 3-month change in highest and lowest earnings forecasts for FY1 divided by price.","change_street_revision_confidence","2","GBR","{""id"":""other-aiml-data"",""name"":""AI/ML Data""}","[]","MATRIX","TOP700","0"
"0","{""id"":""other"",""name"":""Other""}","0","{""id"":""ml_factor_proj"",""name"":""Machine Learning Factor Projections""}","1","2026-07-01","1","Change in the magnitude of analyst earnings forecast revisions over three months.","change_street_revision_magnitude","2","GBR","{""id"":""other-aiml-data"",""name"":""AI/ML Data""}","[]","MATRIX","TOP700","0"
"0","{""id"":""other"",""name"":""Other""}","0","{""id"":""ml_factor_proj"",""name"":""Machine Learning Factor Projections""}","1","2026-07-01","1","Change in the maximum growth rate a firm can sustain without increasing leverage.","change_sustainable_growth_rate","2","GBR","{""id"":""other-aiml-data"",""name"":""AI/ML Data""}","[]","MATRIX","TOP700","0"
"0","{""id"":""other"",""name"":""Other""}","0","{""id"":""ml_factor_proj"",""name"":""Machine Learning Factor Projections""}","1","2026-07-01","1","Change in 39-week return, measuring the difference in stock price over a 39-week period.","change_thirty_nine_week_return","2","GBR","{""id"":""other-aiml-data"",""name"":""AI/ML Data""}","[]","MATRIX","TOP700","0"
"0","{""id"":""other"",""name"":""Other""}","0","{""id"":""ml_factor_proj"",""name"":""Machine Learning Factor Projections""}","1","2026-07-01","1","Change in the three-month revision of current fiscal year earnings per share estimates.","change_three_month_revision_fy1_eps","2","GBR","{""id"":""other-aiml-data"",""name"":""AI/ML Data""}","[]","MATRIX","TOP700","0"
"0","{""id"":""other"",""name"":""Other""}","0","{""id"":""ml_factor_proj"",""name"":""Machine Learning Factor Projections""}","1","2026-07-01","1","Change in the percent growth of trailing twelve-month cash flow per share compared to three years ago.","change_three_year_cashflow_growth","2","GBR","{""id"":""other-aiml-data"",""name"":""AI/ML Data""}","[]","MATRIX","TOP700","0"
"0","{""id"":""other"",""name"":""Other""}","0","{""id"":""ml_factor_proj"",""name"":""Machine Learning Factor Projections""}","1","2026-07-01","1","Change in the three-year difference in assets-adjusted trailing twelve-month cash flow.","change_three_year_cashflow_to_assets","2","GBR","{""id"":""other-aiml-data"",""name"":""AI/ML Data""}","[]","MATRIX","TOP700","0"
"0","{""id"":""other"",""name"":""Other""}","0","{""id"":""ml_factor_proj"",""name"":""Machine Learning Factor Projections""}","1","2026-07-01","1","Change in the time-weighted earnings yield, which combines reported and forecasted earnings relative to price.","change_time_weighted_earnings_yield","2","GBR","{""id"":""other-aiml-data"",""name"":""AI/ML Data""}","[]","MATRIX","TOP700","0"
"0","{""id"":""other"",""name"":""Other""}","0","{""id"":""ml_factor_proj"",""name"":""Machine Learning Factor Projections""}","1","2026-07-01","1","Change in Tobin's Q, measuring the difference in market value to asset replacement cost over time.","change_tobins_q_ratio","2","GBR","{""id"":""other-aiml-data"",""name"":""AI/ML Data""}","[]","MATRIX","TOP700","0"
"0","{""id"":""other"",""name"":""Other""}","0","{""id"":""ml_factor_proj"",""name"":""Machine Learning Factor Projections""}","1","2026-07-01","1","Change in total coverage ratio, measuring shifts in the ability to cover interest and principal payments from cash flow.","change_total_coverage_ratio","2","GBR","{""id"":""other-aiml-data"",""name"":""AI/ML Data""}","[]","MATRIX","TOP700","0"
"0","{""id"":""other"",""name"":""Other""}","0","{""id"":""ml_factor_proj"",""name"":""Machine Learning Factor Projections""}","1","2026-07-01","1","Change in the yearly growth rate of total sales over the trailing twelve months.","change_total_sales_growth_rate","2","GBR","{""id"":""other-aiml-data"",""name"":""AI/ML Data""}","[]","MATRIX","TOP700","0"
"0","{""id"":""other"",""name"":""Other""}","0","{""id"":""ml_factor_proj"",""name"":""Machine Learning Factor Projections""}","1","2026-07-01","1","Change in the trading turnover ratio, calculated as monthly trading volume divided by shares outstanding.","change_trading_turnover_ratio","2","GBR","{""id"":""other-aiml-data"",""name"":""AI/ML Data""}","[]","MATRIX","TOP700","0"
"0","{""id"":""other"",""name"":""Other""}","0","{""id"":""ml_factor_proj"",""name"":""Machine Learning Factor Projections""}","1","2026-07-01","1","Change in the trend of trading volume over a specified period, indicating shifts in market activity.","change_trading_volume_trend","2","GBR","{""id"":""other-aiml-data"",""name"":""AI/ML Data""}","[]","MATRIX","TOP700","0"
"0","{""id"":""other"",""name"":""Other""}","0","{""id"":""ml_factor_proj"",""name"":""Machine Learning Factor Projections""}","1","2026-07-01","1","Year-over-year change in trailing twelve-month free cash flow to price ratio, reflecting shifts in cash flow valuation.","change_trailing_fcf_to_price_ratio","2","GBR","{""id"":""other-aiml-data"",""name"":""AI/ML Data""}","[]","MATRIX","TOP700","0"
"0","{""id"":""other"",""name"":""Other""}","0","{""id"":""ml_factor_proj"",""name"":""Machine Learning Factor Projections""}","1","2026-07-01","1","Change in the difference between trailing twelve-month net income and operating cash flow scaled by beginning total assets.","change_ttm_accounting_accruals","2","GBR","{""id"":""other-aiml-data"",""name"":""AI/ML Data""}","[]","MATRIX","TOP700","0"
"0","{""id"":""other"",""name"":""Other""}","0","{""id"":""ml_factor_proj"",""name"":""Machine Learning Factor Projections""}","1","2026-07-01","1","Change in the ratio of trailing twelve-month cash flows per share divided by month-end trading price.","change_ttm_cashflow_to_price","2","GBR","{""id"":""other-aiml-data"",""name"":""AI/ML Data""}","[]","MATRIX","TOP700","0"
"0","{""id"":""other"",""name"":""Other""}","0","{""id"":""ml_factor_proj"",""name"":""Machine Learning Factor Projections""}","1","2026-07-01","1","Change in trailing twelve-month earnings per share after extraordinary items divided by price.","change_ttm_eps_after_items_to_price","2","GBR","{""id"":""other-aiml-data"",""name"":""AI/ML Data""}","[]","MATRIX","TOP700","0"
"0","{""id"":""other"",""name"":""Other""}","0","{""id"":""ml_factor_proj"",""name"":""Machine Learning Factor Projections""}","1","2026-07-01","1","Change in the ratio of trailing twelve-month EPS before extraordinary items to price.","change_ttm_eps_before_items_to_price","2","GBR","{""id"":""other-aiml-data"",""name"":""AI/ML Data""}","[]","MATRIX","TOP700","0"
"0","{""id"":""other"",""name"":""Other""}","0","{""id"":""ml_factor_proj"",""name"":""Machine Learning Factor Projections""}","1","2026-07-01","1","Change in the ratio of trailing twelve-month free cash flow divided by month-end enterprise value.","change_ttm_fcf_to_enterprise_value","2","GBR","{""id"":""other-aiml-data"",""name"":""AI/ML Data""}","[]","MATRIX","TOP700","0"
"0","{""id"":""other"",""name"":""Other""}","0","{""id"":""ml_factor_proj"",""name"":""Machine Learning Factor Projections""}","1","2026-07-01","1","Change in the sum of trailing twelve-month growth flow value per share divided by month-end trading price.","change_ttm_growth_flow_to_price","2","GBR","{""id"":""other-aiml-data"",""name"":""AI/ML Data""}","[]","MATRIX","TOP700","0"
"0","{""id"":""other"",""name"":""Other""}","0","{""id"":""ml_factor_proj"",""name"":""Machine Learning Factor Projections""}","1","2026-07-01","1","Change in trailing twelve-month pretax income per share divided by price.","change_ttm_pretax_income_to_price","2","GBR","{""id"":""other-aiml-data"",""name"":""AI/ML Data""}","[]","MATRIX","TOP700","0"
"0","{""id"":""other"",""name"":""Other""}","0","{""id"":""ml_factor_proj"",""name"":""Machine Learning Factor Projections""}","1","2026-07-01","1","Change in trailing twelve-month sales divided by enterprise value, indicating shifts in valuation.","change_ttm_sales_to_enterprise_value","2","GBR","{""id"":""other-aiml-data"",""name"":""AI/ML Data""}","[]","MATRIX","TOP700","0"
"0","{""id"":""other"",""name"":""Other""}","0","{""id"":""ml_factor_proj"",""name"":""Machine Learning Factor Projections""}","1","2026-07-01","1","Change in the ratio of trailing twelve-month sales per share to price.","change_ttm_sales_to_price_ratio","2","GBR","{""id"":""other-aiml-data"",""name"":""AI/ML Data""}","[]","MATRIX","TOP700","0"
"0","{""id"":""other"",""name"":""Other""}","0","{""id"":""ml_factor_proj"",""name"":""Machine Learning Factor Projections""}","1","2026-07-01","1","Change in 12-month active return, representing the difference in stock price performance over a 12-month period compared to a benchmark.","change_twelve_month_active_return","2","GBR","{""id"":""other-aiml-data"",""name"":""AI/ML Data""}","[]","MATRIX","TOP700","0"
"0","{""id"":""other"",""name"":""Other""}","0","{""id"":""ml_factor_proj"",""name"":""Machine Learning Factor Projections""}","1","2026-07-01","1","Event-aligned change in the 26-week Relative Strength Index","change_twenty_six_week_relative_strength","2","GBR","{""id"":""other-aiml-data"",""name"":""AI/ML Data""}","[]","MATRIX","TOP700","0"
"0","{""id"":""other"",""name"":""Other""}","0","{""id"":""ml_factor_proj"",""name"":""Machine Learning Factor Projections""}","1","2026-07-01","1","Change in unexpected accounts payable, measuring the difference between actual and expected payables as a percentage of assets.","change_unexpected_accounts_payable","2","GBR","{""id"":""other-aiml-data"",""name"":""AI/ML Data""}","[]","MATRIX","TOP700","0"
"0","{""id"":""other"",""name"":""Other""}","0","{""id"":""ml_factor_proj"",""name"":""Machine Learning Factor Projections""}","1","2026-07-01","1","Change in the difference between current accounts receivable and expected level, scaled by total assets.","change_unexpected_accounts_receivable","2","GBR","{""id"":""other-aiml-data"",""name"":""AI/ML Data""}","[]","MATRIX","TOP700","0"
"0","{""id"":""other"",""name"":""Other""}","0","{""id"":""ml_factor_proj"",""name"":""Machine Learning Factor Projections""}","1","2026-07-01","1","Change in unexpected depreciation, calculated as the difference between actual and expected depreciation scaled by total assets.","change_unexpected_depreciation","2","GBR","{""id"":""other-aiml-data"",""name"":""AI/ML Data""}","[]","MATRIX","TOP700","0"
"0","{""id"":""other"",""name"":""Other""}","0","{""id"":""ml_factor_proj"",""name"":""Machine Learning Factor Projections""}","1","2026-07-01","1","Change in unexpected inventory level, measuring the difference between actual and expected inventory as a percentage of assets.","change_unexpected_inventory_level","2","GBR","{""id"":""other-aiml-data"",""name"":""AI/ML Data""}","[]","MATRIX","TOP700","0"
"0","{""id"":""other"",""name"":""Other""}","0","{""id"":""ml_factor_proj"",""name"":""Machine Learning Factor Projections""}","1","2026-07-01","1","Change in the ratio of recent daily trading volume to average daily volume over the previous 50 days.","change_visibility_ratio","2","GBR","{""id"":""other-aiml-data"",""name"":""AI/ML Data""}","[]","MATRIX","TOP700","0"
"0","{""id"":""other"",""name"":""Other""}","0","{""id"":""ml_factor_proj"",""name"":""Machine Learning Factor Projections""}","1","2026-07-01","1","Change in working capital accruals, measuring shifts in non-cash current asset and liability adjustments.","change_working_capital_accruals_2","2","GBR","{""id"":""other-aiml-data"",""name"":""AI/ML Data""}","[]","MATRIX","TOP700","0"
"0","{""id"":""other"",""name"":""Other""}","0","{""id"":""ml_factor_proj"",""name"":""Machine Learning Factor Projections""}","1","2026-07-01","1","Change in the ratio of working capital to total assets, indicating shifts in liquidity position.","change_working_capital_to_assets_ratio","2","GBR","{""id"":""other-aiml-data"",""name"":""AI/ML Data""}","[]","MATRIX","TOP700","0"
"0","{""id"":""other"",""name"":""Other""}","0","{""id"":""ml_factor_proj"",""name"":""Machine Learning Factor Projections""}","1","2026-07-01","1","Change in the ratio of most recent working capital to inventory.","change_working_capital_to_inventory_ratio","2","GBR","{""id"":""other-aiml-data"",""name"":""AI/ML Data""}","[]","MATRIX","TOP700","0"
"0","{""id"":""other"",""name"":""Other""}","0","{""id"":""ml_factor_proj"",""name"":""Machine Learning Factor Projections""}","1","2026-07-01","1","Change in the ratio of working capital to trailing twelve-month sales.","change_working_capital_to_sales_ratio","2","GBR","{""id"":""other-aiml-data"",""name"":""AI/ML Data""}","[]","MATRIX","TOP700","0"
"0","{""id"":""other"",""name"":""Other""}","0","{""id"":""ml_factor_proj"",""name"":""Machine Learning Factor Projections""}","1","2026-07-01","1","Year-over-year change in the current ratio, reflecting shifts in short-term liquidity.","change_yearly_current_ratio","2","GBR","{""id"":""other-aiml-data"",""name"":""AI/ML Data""}","[]","MATRIX","TOP700","0"
"0","{""id"":""other"",""name"":""Other""}","0","{""id"":""ml_factor_proj"",""name"":""Machine Learning Factor Projections""}","1","2026-07-01","1","Change in the yearly gross profit margin, calculated as the difference between the most recent and prior year's margin.","change_yearly_gross_profit_margin_2","2","GBR","{""id"":""other-aiml-data"",""name"":""AI/ML Data""}","[]","MATRIX","TOP700","0"
"0","{""id"":""other"",""name"":""Other""}","0","{""id"":""ml_factor_proj"",""name"":""Machine Learning Factor Projections""}","1","2026-07-01","1","Year-over-year change in leverage, calculated as the difference in total liabilities as a percentage of assets compared to the previous year.","change_yearly_leverage","2","GBR","{""id"":""other-aiml-data"",""name"":""AI/ML Data""}","[]","MATRIX","TOP700","0"
"0","{""id"":""other"",""name"":""Other""}","0","{""id"":""ml_factor_proj"",""name"":""Machine Learning Factor Projections""}","1","2026-07-01","1","Year-over-year change in net profit margin, indicating shifts in profitability.","change_yearly_net_profit_margin","2","GBR","{""id"":""other-aiml-data"",""name"":""AI/ML Data""}","[]","MATRIX","TOP700","0"
"0","{""id"":""other"",""name"":""Other""}","0","{""id"":""ml_factor_proj"",""name"":""Machine Learning Factor Projections""}","1","2026-07-01","1","Year-over-year change in return on assets, indicating shifts in profitability relative to assets.","change_yearly_return_on_assets_2","2","GBR","{""id"":""other-aiml-data"",""name"":""AI/ML Data""}","[]","MATRIX","TOP700","0"
"0","{""id"":""other"",""name"":""Other""}","0","{""id"":""ml_factor_proj"",""name"":""Machine Learning Factor Projections""}","1","2026-07-01","1","Change in year-over-year accruals to assets, measuring the difference in operating cash flow and income before extra items scaled by average total assets.","change_yoy_accruals_to_assets","2","GBR","{""id"":""other-aiml-data"",""name"":""AI/ML Data""}","[]","MATRIX","TOP700","0"
"0","{""id"":""other"",""name"":""Other""}","0","{""id"":""ml_factor_proj"",""name"":""Machine Learning Factor Projections""}","1","2026-07-01","1","Change in the percent of accounts receivable to current assets ratio from same quarter one year ago.","change_yoy_receivables_to_current_assets","2","GBR","{""id"":""other-aiml-data"",""name"":""AI/ML Data""}","[]","MATRIX","TOP700","0"
"0","{""id"":""other"",""name"":""Other""}","0","{""id"":""ml_factor_proj"",""name"":""Machine Learning Factor Projections""}","1","2026-07-01","1","Logarithm of the variance of the 0th global model feature, typically used to assess feature volatility.","log_variance_global_feature_0","2","GBR","{""id"":""other-aiml-data"",""name"":""AI/ML Data""}","[]","MATRIX","TOP700","0"
"0","{""id"":""other"",""name"":""Other""}","0","{""id"":""ml_factor_proj"",""name"":""Machine Learning Factor Projections""}","1","2026-07-01","1","Logarithm of the variance of the 1st global feature, typically a model-derived or latent variable.","log_variance_global_feature_1","2","GBR","{""id"":""other-aiml-data"",""name"":""AI/ML Data""}","[]","MATRIX","TOP700","0"
"0","{""id"":""other"",""name"":""Other""}","0","{""id"":""ml_factor_proj"",""name"":""Machine Learning Factor Projections""}","1","2026-07-01","1","Logarithm of the variance for the 10th global feature, representing dispersion in the metric.","log_variance_global_feature_10","2","GBR","{""id"":""other-aiml-data"",""name"":""AI/ML Data""}","[]","MATRIX","TOP700","0"
"0","{""id"":""other"",""name"":""Other""}","0","{""id"":""ml_factor_proj"",""name"":""Machine Learning Factor Projections""}","1","2026-07-01","1","Logarithm of the variance of the 11th global feature, typically a model-derived or latent variable.","log_variance_global_feature_11","2","GBR","{""id"":""other-aiml-data"",""name"":""AI/ML Data""}","[]","MATRIX","TOP700","0"
"0","{""id"":""other"",""name"":""Other""}","0","{""id"":""ml_factor_proj"",""name"":""Machine Learning Factor Projections""}","1","2026-07-01","1","Logarithm of the variance of the 12th global feature, typically a model-derived or latent variable.","log_variance_global_feature_12","2","GBR","{""id"":""other-aiml-data"",""name"":""AI/ML Data""}","[]","MATRIX","TOP700","0"
"0","{""id"":""other"",""name"":""Other""}","0","{""id"":""ml_factor_proj"",""name"":""Machine Learning Factor Projections""}","1","2026-07-01","1","Logarithm of the variance of the 13th global model feature, typically used to assess feature volatility.","log_variance_global_feature_13","2","GBR","{""id"":""other-aiml-data"",""name"":""AI/ML Data""}","[]","MATRIX","TOP700","0"
"0","{""id"":""other"",""name"":""Other""}","0","{""id"":""ml_factor_proj"",""name"":""Machine Learning Factor Projections""}","1","2026-07-01","1","Logarithm of the variance of the 14th global model feature, typically used to assess feature volatility.","log_variance_global_feature_14","2","GBR","{""id"":""other-aiml-data"",""name"":""AI/ML Data""}","[]","MATRIX","TOP700","0"
"0","{""id"":""other"",""name"":""Other""}","0","{""id"":""ml_factor_proj"",""name"":""Machine Learning Factor Projections""}","1","2026-07-01","1","Logarithm of the variance of the 15th global model feature, typically used to assess feature volatility.","log_variance_global_feature_15","2","GBR","{""id"":""other-aiml-data"",""name"":""AI/ML Data""}","[]","MATRIX","TOP700","0"
"0","{""id"":""other"",""name"":""Other""}","0","{""id"":""ml_factor_proj"",""name"":""Machine Learning Factor Projections""}","1","2026-07-01","1","Logarithm of the variance of the 16th global model feature, typically used to assess feature volatility.","log_variance_global_feature_16","2","GBR","{""id"":""other-aiml-data"",""name"":""AI/ML Data""}","[]","MATRIX","TOP700","0"
"0","{""id"":""other"",""name"":""Other""}","0","{""id"":""ml_factor_proj"",""name"":""Machine Learning Factor Projections""}","1","2026-07-01","1","Logarithm of the variance of the 17th global model feature, typically used to assess feature volatility.","log_variance_global_feature_17","2","GBR","{""id"":""other-aiml-data"",""name"":""AI/ML Data""}","[]","MATRIX","TOP700","0"
"0","{""id"":""other"",""name"":""Other""}","0","{""id"":""ml_factor_proj"",""name"":""Machine Learning Factor Projections""}","1","2026-07-01","1","Logarithm of the variance for the 18th global feature, representing variability in the metric.","log_variance_global_feature_18","2","GBR","{""id"":""other-aiml-data"",""name"":""AI/ML Data""}","[]","MATRIX","TOP700","0"
"0","{""id"":""other"",""name"":""Other""}","0","{""id"":""ml_factor_proj"",""name"":""Machine Learning Factor Projections""}","1","2026-07-01","1","Logarithm of the variance for the 19th global feature, representing variability in the metric.","log_variance_global_feature_19","2","GBR","{""id"":""other-aiml-data"",""name"":""AI/ML Data""}","[]","MATRIX","TOP700","0"
"0","{""id"":""other"",""name"":""Other""}","0","{""id"":""ml_factor_proj"",""name"":""Machine Learning Factor Projections""}","1","2026-07-01","1","Logarithm of the variance of the 2nd global feature, typically a model-derived or latent variable.","log_variance_global_feature_2","2","GBR","{""id"":""other-aiml-data"",""name"":""AI/ML Data""}","[]","MATRIX","TOP700","0"
"0","{""id"":""other"",""name"":""Other""}","0","{""id"":""ml_factor_proj"",""name"":""Machine Learning Factor Projections""}","1","2026-07-01","1","Logarithm of the variance for the 20th global latent feature, typically from a model's latent space.","log_variance_global_feature_20","2","GBR","{""id"":""other-aiml-data"",""name"":""AI/ML Data""}","[]","MATRIX","TOP700","0"
"0","{""id"":""other"",""name"":""Other""}","0","{""id"":""ml_factor_proj"",""name"":""Machine Learning Factor Projections""}","1","2026-07-01","1","Logarithm of the variance of the 21st global feature, typically a model-derived or latent variable.","log_variance_global_feature_21","2","GBR","{""id"":""other-aiml-data"",""name"":""AI/ML Data""}","[]","MATRIX","TOP700","0"
"0","{""id"":""other"",""name"":""Other""}","0","{""id"":""ml_factor_proj"",""name"":""Machine Learning Factor Projections""}","1","2026-07-01","1","Logarithm of the variance for the 22nd global latent feature, typically from a model's latent space.","log_variance_global_feature_22","2","GBR","{""id"":""other-aiml-data"",""name"":""AI/ML Data""}","[]","MATRIX","TOP700","0"
"0","{""id"":""other"",""name"":""Other""}","0","{""id"":""ml_factor_proj"",""name"":""Machine Learning Factor Projections""}","1","2026-07-01","1","Logarithm of the variance of the 23rd global feature, typically a model-derived or latent variable.","log_variance_global_feature_23","2","GBR","{""id"":""other-aiml-data"",""name"":""AI/ML Data""}","[]","MATRIX","TOP700","0"
"0","{""id"":""other"",""name"":""Other""}","0","{""id"":""ml_factor_proj"",""name"":""Machine Learning Factor Projections""}","1","2026-07-01","1","Logarithm of the variance for the 24th global feature, representing dispersion in the metric.","log_variance_global_feature_24","2","GBR","{""id"":""other-aiml-data"",""name"":""AI/ML Data""}","[]","MATRIX","TOP700","0"
"0","{""id"":""other"",""name"":""Other""}","0","{""id"":""ml_factor_proj"",""name"":""Machine Learning Factor Projections""}","1","2026-07-01","1","Logarithm of the variance of the 25th global feature, typically a model-derived or latent variable.","log_variance_global_feature_25","2","GBR","{""id"":""other-aiml-data"",""name"":""AI/ML Data""}","[]","MATRIX","TOP700","0"
"0","{""id"":""other"",""name"":""Other""}","0","{""id"":""ml_factor_proj"",""name"":""Machine Learning Factor Projections""}","1","2026-07-01","1","Logarithm of the variance of the 26th global feature, typically a model-derived or latent variable.","log_variance_global_feature_26","2","GBR","{""id"":""other-aiml-data"",""name"":""AI/ML Data""}","[]","MATRIX","TOP700","0"
"0","{""id"":""other"",""name"":""Other""}","0","{""id"":""ml_factor_proj"",""name"":""Machine Learning Factor Projections""}","1","2026-07-01","1","Logarithm of the variance of the 27th global feature, typically a model-derived or latent variable.","log_variance_global_feature_27","2","GBR","{""id"":""other-aiml-data"",""name"":""AI/ML Data""}","[]","MATRIX","TOP700","0"
"0","{""id"":""other"",""name"":""Other""}","0","{""id"":""ml_factor_proj"",""name"":""Machine Learning Factor Projections""}","1","2026-07-01","1","Logarithm of the variance for the 28th global feature, representing variability in the metric.","log_variance_global_feature_28","2","GBR","{""id"":""other-aiml-data"",""name"":""AI/ML Data""}","[]","MATRIX","TOP700","0"
"0","{""id"":""other"",""name"":""Other""}","0","{""id"":""ml_factor_proj"",""name"":""Machine Learning Factor Projections""}","1","2026-07-01","1","Logarithm of the variance of the 29th global feature, typically a model-derived or latent variable.","log_variance_global_feature_29","2","GBR","{""id"":""other-aiml-data"",""name"":""AI/ML Data""}","[]","MATRIX","TOP700","0"
"0","{""id"":""other"",""name"":""Other""}","0","{""id"":""ml_factor_proj"",""name"":""Machine Learning Factor Projections""}","1","2026-07-01","1","Logarithm of the variance for the 3rd global feature, representing variability in the metric.","log_variance_global_feature_3","2","GBR","{""id"":""other-aiml-data"",""name"":""AI/ML Data""}","[]","MATRIX","TOP700","0"
"0","{""id"":""other"",""name"":""Other""}","0","{""id"":""ml_factor_proj"",""name"":""Machine Learning Factor Projections""}","1","2026-07-01","1","Logarithm of the variance for the 30th global feature, indicating variability in the metric.","log_variance_global_feature_30","2","GBR","{""id"":""other-aiml-data"",""name"":""AI/ML Data""}","[]","MATRIX","TOP700","0"
"0","{""id"":""other"",""name"":""Other""}","0","{""id"":""ml_factor_proj"",""name"":""Machine Learning Factor Projections""}","1","2026-07-01","1","Logarithm of the variance for the 31st global feature, representing variability in the metric.","log_variance_global_feature_31","2","GBR","{""id"":""other-aiml-data"",""name"":""AI/ML Data""}","[]","MATRIX","TOP700","0"
"0","{""id"":""other"",""name"":""Other""}","0","{""id"":""ml_factor_proj"",""name"":""Machine Learning Factor Projections""}","1","2026-07-01","1","Logarithm of the variance of the 32nd global model feature, typically used to assess feature volatility.","log_variance_global_feature_32","2","GBR","{""id"":""other-aiml-data"",""name"":""AI/ML Data""}","[]","MATRIX","TOP700","0"
"0","{""id"":""other"",""name"":""Other""}","0","{""id"":""ml_factor_proj"",""name"":""Machine Learning Factor Projections""}","1","2026-07-01","1","Logarithm of the variance of the 33rd global feature, typically a model-derived or latent variable.","log_variance_global_feature_33","2","GBR","{""id"":""other-aiml-data"",""name"":""AI/ML Data""}","[]","MATRIX","TOP700","0"
"0","{""id"":""other"",""name"":""Other""}","0","{""id"":""ml_factor_proj"",""name"":""Machine Learning Factor Projections""}","1","2026-07-01","1","Logarithm of the variance of the 34th global model feature, typically used to assess feature volatility.","log_variance_global_feature_34","2","GBR","{""id"":""other-aiml-data"",""name"":""AI/ML Data""}","[]","MATRIX","TOP700","0"
"0","{""id"":""other"",""name"":""Other""}","0","{""id"":""ml_factor_proj"",""name"":""Machine Learning Factor Projections""}","1","2026-07-01","1","Logarithm of the variance of the 35th global feature, typically a model-derived or latent variable.","log_variance_global_feature_35","2","GBR","{""id"":""other-aiml-data"",""name"":""AI/ML Data""}","[]","MATRIX","TOP700","0"
"0","{""id"":""other"",""name"":""Other""}","0","{""id"":""ml_factor_proj"",""name"":""Machine Learning Factor Projections""}","1","2026-07-01","1","Logarithm of the variance for the 36th global feature, measuring its volatility.","log_variance_global_feature_36_2","2","GBR","{""id"":""other-aiml-data"",""name"":""AI/ML Data""}","[]","MATRIX","TOP700","0"
"0","{""id"":""other"",""name"":""Other""}","0","{""id"":""ml_factor_proj"",""name"":""Machine Learning Factor Projections""}","1","2026-07-01","1","Logarithm of the variance of the 37th global feature, typically a model-derived or latent variable.","log_variance_global_feature_37","2","GBR","{""id"":""other-aiml-data"",""name"":""AI/ML Data""}","[]","MATRIX","TOP700","0"
"0","{""id"":""other"",""name"":""Other""}","0","{""id"":""ml_factor_proj"",""name"":""Machine Learning Factor Projections""}","1","2026-07-01","1","Logarithm of the variance for the 38th global latent feature, typically from a model's latent space.","log_variance_global_feature_38","2","GBR","{""id"":""other-aiml-data"",""name"":""AI/ML Data""}","[]","MATRIX","TOP700","0"
"0","{""id"":""other"",""name"":""Other""}","0","{""id"":""ml_factor_proj"",""name"":""Machine Learning Factor Projections""}","1","2026-07-01","1","Logarithm of the variance for the 39th global feature, indicating variability in the metric.","log_variance_global_feature_39","2","GBR","{""id"":""other-aiml-data"",""name"":""AI/ML Data""}","[]","MATRIX","TOP700","0"
"0","{""id"":""other"",""name"":""Other""}","0","{""id"":""ml_factor_proj"",""name"":""Machine Learning Factor Projections""}","1","2026-07-01","1","Logarithm of the variance of the 4th global feature, typically a model-derived or latent variable.","log_variance_global_feature_4","2","GBR","{""id"":""other-aiml-data"",""name"":""AI/ML Data""}","[]","MATRIX","TOP700","0"
"0","{""id"":""other"",""name"":""Other""}","0","{""id"":""ml_factor_proj"",""name"":""Machine Learning Factor Projections""}","1","2026-07-01","1","Logarithm of the variance for the 5th global feature, representing variability in the metric.","log_variance_global_feature_5","2","GBR","{""id"":""other-aiml-data"",""name"":""AI/ML Data""}","[]","MATRIX","TOP700","0"
"0","{""id"":""other"",""name"":""Other""}","0","{""id"":""ml_factor_proj"",""name"":""Machine Learning Factor Projections""}","1","2026-07-01","1","Logarithm of the variance for the 6th global feature, indicating variability in the metric.","log_variance_global_feature_6","2","GBR","{""id"":""other-aiml-data"",""name"":""AI/ML Data""}","[]","MATRIX","TOP700","0"
"0","{""id"":""other"",""name"":""Other""}","0","{""id"":""ml_factor_proj"",""name"":""Machine Learning Factor Projections""}","1","2026-07-01","1","Logarithm of the variance of the 7th global feature, typically a model-derived or latent variable.","log_variance_global_feature_7","2","GBR","{""id"":""other-aiml-data"",""name"":""AI/ML Data""}","[]","MATRIX","TOP700","0"
"0","{""id"":""other"",""name"":""Other""}","0","{""id"":""ml_factor_proj"",""name"":""Machine Learning Factor Projections""}","1","2026-07-01","1","Logarithm of the variance for the 8th global feature, representing dispersion in the metric.","log_variance_global_feature_8","2","GBR","{""id"":""other-aiml-data"",""name"":""AI/ML Data""}","[]","MATRIX","TOP700","0"
"0","{""id"":""other"",""name"":""Other""}","0","{""id"":""ml_factor_proj"",""name"":""Machine Learning Factor Projections""}","1","2026-07-01","1","Logarithm of the variance for the 9th global latent feature, typically from a model's latent space.","log_variance_global_feature_9","2","GBR","{""id"":""other-aiml-data"",""name"":""AI/ML Data""}","[]","MATRIX","TOP700","0"
"0","{""id"":""other"",""name"":""Other""}","0","{""id"":""ml_factor_proj"",""name"":""Machine Learning Factor Projections""}","1","2026-07-01","1","Mean value of the 0th global feature, representing a summary statistic for a specific metric.","mean_global_feature_0","2","GBR","{""id"":""other-aiml-data"",""name"":""AI/ML Data""}","[]","MATRIX","TOP700","0"
"0","{""id"":""other"",""name"":""Other""}","0","{""id"":""ml_factor_proj"",""name"":""Machine Learning Factor Projections""}","1","2026-07-01","1","Mean value of the 1st global feature, typically a model-derived or latent variable.","mean_global_feature_1","2","GBR","{""id"":""other-aiml-data"",""name"":""AI/ML Data""}","[]","MATRIX","TOP700","0"
"0","{""id"":""other"",""name"":""Other""}","0","{""id"":""ml_factor_proj"",""name"":""Machine Learning Factor Projections""}","1","2026-07-01","1","Mean value of the 10th global model feature, typically a latent or model-derived metric.","mean_global_feature_10","2","GBR","{""id"":""other-aiml-data"",""name"":""AI/ML Data""}","[]","MATRIX","TOP700","0"
"0","{""id"":""other"",""name"":""Other""}","0","{""id"":""ml_factor_proj"",""name"":""Machine Learning Factor Projections""}","1","2026-07-01","1","Mean value of the 11th global feature, summarizing a specific metric across the dataset.","mean_global_feature_11","2","GBR","{""id"":""other-aiml-data"",""name"":""AI/ML Data""}","[]","MATRIX","TOP700","0"
"0","{""id"":""other"",""name"":""Other""}","0","{""id"":""ml_factor_proj"",""name"":""Machine Learning Factor Projections""}","1","2026-07-01","1","Mean value of the 12th global feature, typically a model-derived or latent variable.","mean_global_feature_12","2","GBR","{""id"":""other-aiml-data"",""name"":""AI/ML Data""}","[]","MATRIX","TOP700","0"
"0","{""id"":""other"",""name"":""Other""}","0","{""id"":""ml_factor_proj"",""name"":""Machine Learning Factor Projections""}","1","2026-07-01","1","Mean value of the 13th global model feature, typically a latent or model-derived metric.","mean_global_feature_13","2","GBR","{""id"":""other-aiml-data"",""name"":""AI/ML Data""}","[]","MATRIX","TOP700","0"
"0","{""id"":""other"",""name"":""Other""}","0","{""id"":""ml_factor_proj"",""name"":""Machine Learning Factor Projections""}","1","2026-07-01","1","Mean value of the 14th global feature, typically a model-derived or latent variable.","mean_global_feature_14","2","GBR","{""id"":""other-aiml-data"",""name"":""AI/ML Data""}","[]","MATRIX","TOP700","0"
"0","{""id"":""other"",""name"":""Other""}","0","{""id"":""ml_factor_proj"",""name"":""Machine Learning Factor Projections""}","1","2026-07-01","1","Mean value of the 15th global model feature, typically a latent or model-derived metric.","mean_global_feature_15","2","GBR","{""id"":""other-aiml-data"",""name"":""AI/ML Data""}","[]","MATRIX","TOP700","0"
"0","{""id"":""other"",""name"":""Other""}","0","{""id"":""ml_factor_proj"",""name"":""Machine Learning Factor Projections""}","1","2026-07-01","1","Mean value of the 16th global feature, summarizing a specific metric across the dataset.","mean_global_feature_16","2","GBR","{""id"":""other-aiml-data"",""name"":""AI/ML Data""}","[]","MATRIX","TOP700","0"
"0","{""id"":""other"",""name"":""Other""}","0","{""id"":""ml_factor_proj"",""name"":""Machine Learning Factor Projections""}","1","2026-07-01","1","Mean value of the 17th global feature, typically a model-derived or latent variable.","mean_global_feature_17","2","GBR","{""id"":""other-aiml-data"",""name"":""AI/ML Data""}","[]","MATRIX","TOP700","0"
"0","{""id"":""other"",""name"":""Other""}","0","{""id"":""ml_factor_proj"",""name"":""Machine Learning Factor Projections""}","1","2026-07-01","1","Mean value of the 18th global feature, typically a model-derived or latent variable.","mean_global_feature_18","2","GBR","{""id"":""other-aiml-data"",""name"":""AI/ML Data""}","[]","MATRIX","TOP700","0"
"0","{""id"":""other"",""name"":""Other""}","0","{""id"":""ml_factor_proj"",""name"":""Machine Learning Factor Projections""}","1","2026-07-01","1","Mean value of the 19th global feature, representing an aggregated metric across the dataset.","mean_global_feature_19","2","GBR","{""id"":""other-aiml-data"",""name"":""AI/ML Data""}","[]","MATRIX","TOP700","0"
"0","{""id"":""other"",""name"":""Other""}","0","{""id"":""ml_factor_proj"",""name"":""Machine Learning Factor Projections""}","1","2026-07-01","1","Mean value of the 2nd global latent feature, typically from a model's latent space.","mean_global_feature_2","2","GBR","{""id"":""other-aiml-data"",""name"":""AI/ML Data""}","[]","MATRIX","TOP700","0"
"0","{""id"":""other"",""name"":""Other""}","0","{""id"":""ml_factor_proj"",""name"":""Machine Learning Factor Projections""}","1","2026-07-01","1","Mean value of the 20th global feature, summarizing a specific metric across the dataset.","mean_global_feature_20","2","GBR","{""id"":""other-aiml-data"",""name"":""AI/ML Data""}","[]","MATRIX","TOP700","0"
"0","{""id"":""other"",""name"":""Other""}","0","{""id"":""ml_factor_proj"",""name"":""Machine Learning Factor Projections""}","1","2026-07-01","1","Mean value of the 21st global latent feature, typically from a model's latent space.","mean_global_feature_21","2","GBR","{""id"":""other-aiml-data"",""name"":""AI/ML Data""}","[]","MATRIX","TOP700","0"
"0","{""id"":""other"",""name"":""Other""}","0","{""id"":""ml_factor_proj"",""name"":""Machine Learning Factor Projections""}","1","2026-07-01","1","Mean value of the 22nd global feature, typically a model-derived or latent variable.","mean_global_feature_22","2","GBR","{""id"":""other-aiml-data"",""name"":""AI/ML Data""}","[]","MATRIX","TOP700","0"
"0","{""id"":""other"",""name"":""Other""}","0","{""id"":""ml_factor_proj"",""name"":""Machine Learning Factor Projections""}","1","2026-07-01","1","Mean value of the 23rd global feature, summarizing a specific metric across the dataset.","mean_global_feature_23","2","GBR","{""id"":""other-aiml-data"",""name"":""AI/ML Data""}","[]","MATRIX","TOP700","0"
"0","{""id"":""other"",""name"":""Other""}","0","{""id"":""ml_factor_proj"",""name"":""Machine Learning Factor Projections""}","1","2026-07-01","1","Mean value of the 24th global model feature, typically a latent or model-derived metric.","mean_global_feature_24","2","GBR","{""id"":""other-aiml-data"",""name"":""AI/ML Data""}","[]","MATRIX","TOP700","0"
"0","{""id"":""other"",""name"":""Other""}","0","{""id"":""ml_factor_proj"",""name"":""Machine Learning Factor Projections""}","1","2026-07-01","1","Mean value of the 25th global model feature, typically a latent or model-derived metric.","mean_global_feature_25","2","GBR","{""id"":""other-aiml-data"",""name"":""AI/ML Data""}","[]","MATRIX","TOP700","0"
"0","{""id"":""other"",""name"":""Other""}","0","{""id"":""ml_factor_proj"",""name"":""Machine Learning Factor Projections""}","1","2026-07-01","1","Mean value of the 26th global model feature, typically a latent or model-derived metric.","mean_global_feature_26","2","GBR","{""id"":""other-aiml-data"",""name"":""AI/ML Data""}","[]","MATRIX","TOP700","0"
"0","{""id"":""other"",""name"":""Other""}","0","{""id"":""ml_factor_proj"",""name"":""Machine Learning Factor Projections""}","1","2026-07-01","1","Mean value of the 27th global feature, typically a model-derived or latent variable.","mean_global_feature_27","2","GBR","{""id"":""other-aiml-data"",""name"":""AI/ML Data""}","[]","MATRIX","TOP700","0"
"0","{""id"":""other"",""name"":""Other""}","0","{""id"":""ml_factor_proj"",""name"":""Machine Learning Factor Projections""}","1","2026-07-01","1","Mean value of the 28th global model feature, typically a latent or model-derived metric.","mean_global_feature_28","2","GBR","{""id"":""other-aiml-data"",""name"":""AI/ML Data""}","[]","MATRIX","TOP700","0"
"0","{""id"":""other"",""name"":""Other""}","0","{""id"":""ml_factor_proj"",""name"":""Machine Learning Factor Projections""}","1","2026-07-01","1","Mean value of the 29th global feature, typically a model-derived or latent variable.","mean_global_feature_29","2","GBR","{""id"":""other-aiml-data"",""name"":""AI/ML Data""}","[]","MATRIX","TOP700","0"
"0","{""id"":""other"",""name"":""Other""}","0","{""id"":""ml_factor_proj"",""name"":""Machine Learning Factor Projections""}","1","2026-07-01","1","Mean value of the 3rd global model feature, typically a latent or model-derived metric.","mean_global_feature_3","2","GBR","{""id"":""other-aiml-data"",""name"":""AI/ML Data""}","[]","MATRIX","TOP700","0"
"0","{""id"":""other"",""name"":""Other""}","0","{""id"":""ml_factor_proj"",""name"":""Machine Learning Factor Projections""}","1","2026-07-01","1","Mean value of the 30th global feature, typically a model-derived or latent variable.","mean_global_feature_30","2","GBR","{""id"":""other-aiml-data"",""name"":""AI/ML Data""}","[]","MATRIX","TOP700","0"
"0","{""id"":""other"",""name"":""Other""}","0","{""id"":""ml_factor_proj"",""name"":""Machine Learning Factor Projections""}","1","2026-07-01","1","Mean value of the 31st global model feature, typically a latent or model-derived metric.","mean_global_feature_31","2","GBR","{""id"":""other-aiml-data"",""name"":""AI/ML Data""}","[]","MATRIX","TOP700","0"
"0","{""id"":""other"",""name"":""Other""}","0","{""id"":""ml_factor_proj"",""name"":""Machine Learning Factor Projections""}","1","2026-07-01","1","Mean value of the 32nd global feature, typically a model-derived or latent variable.","mean_global_feature_32","2","GBR","{""id"":""other-aiml-data"",""name"":""AI/ML Data""}","[]","MATRIX","TOP700","0"
"0","{""id"":""other"",""name"":""Other""}","0","{""id"":""ml_factor_proj"",""name"":""Machine Learning Factor Projections""}","1","2026-07-01","1","Mean value of the 33rd global model feature, typically a latent or model-derived metric.","mean_global_feature_33","2","GBR","{""id"":""other-aiml-data"",""name"":""AI/ML Data""}","[]","MATRIX","TOP700","0"
"0","{""id"":""other"",""name"":""Other""}","0","{""id"":""ml_factor_proj"",""name"":""Machine Learning Factor Projections""}","1","2026-07-01","1","Mean value of the 34th global model feature, typically a latent or model-derived metric.","mean_global_feature_34","2","GBR","{""id"":""other-aiml-data"",""name"":""AI/ML Data""}","[]","MATRIX","TOP700","0"
"0","{""id"":""other"",""name"":""Other""}","0","{""id"":""ml_factor_proj"",""name"":""Machine Learning Factor Projections""}","1","2026-07-01","1","Mean value of the 35th global feature, typically a model-derived or latent variable.","mean_global_feature_35","2","GBR","{""id"":""other-aiml-data"",""name"":""AI/ML Data""}","[]","MATRIX","TOP700","0"
"0","{""id"":""other"",""name"":""Other""}","0","{""id"":""ml_factor_proj"",""name"":""Machine Learning Factor Projections""}","1","2026-07-01","1","Mean value of the 36th global latent feature, typically from a model's latent space.","mean_global_feature_36","2","GBR","{""id"":""other-aiml-data"",""name"":""AI/ML Data""}","[]","MATRIX","TOP700","0"
"0","{""id"":""other"",""name"":""Other""}","0","{""id"":""ml_factor_proj"",""name"":""Machine Learning Factor Projections""}","1","2026-07-01","1","Mean value of the 37th global model feature, typically a latent or model-derived metric.","mean_global_feature_37","2","GBR","{""id"":""other-aiml-data"",""name"":""AI/ML Data""}","[]","MATRIX","TOP700","0"
"0","{""id"":""other"",""name"":""Other""}","0","{""id"":""ml_factor_proj"",""name"":""Machine Learning Factor Projections""}","1","2026-07-01","1","Mean value of the 38th global feature, typically a model-derived or latent variable.","mean_global_feature_38","2","GBR","{""id"":""other-aiml-data"",""name"":""AI/ML Data""}","[]","MATRIX","TOP700","0"
"0","{""id"":""other"",""name"":""Other""}","0","{""id"":""ml_factor_proj"",""name"":""Machine Learning Factor Projections""}","1","2026-07-01","1","Mean value of the 39th global model feature, typically a latent or model-derived metric.","mean_global_feature_39","2","GBR","{""id"":""other-aiml-data"",""name"":""AI/ML Data""}","[]","MATRIX","TOP700","0"
"0","{""id"":""other"",""name"":""Other""}","0","{""id"":""ml_factor_proj"",""name"":""Machine Learning Factor Projections""}","1","2026-07-01","1","Mean value of the 4th global model feature, typically a latent or model-derived metric.","mean_global_feature_4","2","GBR","{""id"":""other-aiml-data"",""name"":""AI/ML Data""}","[]","MATRIX","TOP700","0"
"0","{""id"":""other"",""name"":""Other""}","0","{""id"":""ml_factor_proj"",""name"":""Machine Learning Factor Projections""}","1","2026-07-01","1","Mean value of the 5th global feature, summarizing a specific metric across the dataset.","mean_global_feature_5","2","GBR","{""id"":""other-aiml-data"",""name"":""AI/ML Data""}","[]","MATRIX","TOP700","0"
"0","{""id"":""other"",""name"":""Other""}","0","{""id"":""ml_factor_proj"",""name"":""Machine Learning Factor Projections""}","1","2026-07-01","1","Mean value of the 6th global feature, summarizing a specific metric across the dataset.","mean_global_feature_6","2","GBR","{""id"":""other-aiml-data"",""name"":""AI/ML Data""}","[]","MATRIX","TOP700","0"
"0","{""id"":""other"",""name"":""Other""}","0","{""id"":""ml_factor_proj"",""name"":""Machine Learning Factor Projections""}","1","2026-07-01","1","Mean value of the 7th global model feature, typically a latent or model-derived metric.","mean_global_feature_7","2","GBR","{""id"":""other-aiml-data"",""name"":""AI/ML Data""}","[]","MATRIX","TOP700","0"
"0","{""id"":""other"",""name"":""Other""}","0","{""id"":""ml_factor_proj"",""name"":""Machine Learning Factor Projections""}","1","2026-07-01","1","Mean value of the 8th global feature, summarizing a specific metric across the dataset.","mean_global_feature_8","2","GBR","{""id"":""other-aiml-data"",""name"":""AI/ML Data""}","[]","MATRIX","TOP700","0"
"0","{""id"":""other"",""name"":""Other""}","0","{""id"":""ml_factor_proj"",""name"":""Machine Learning Factor Projections""}","1","2026-07-01","1","Mean value of the 9th global model feature, typically a latent or model-derived metric.","mean_global_feature_9","2","GBR","{""id"":""other-aiml-data"",""name"":""AI/ML Data""}","[]","MATRIX","TOP700","0"
