"alphaCount","category","coverage","dataset","dateCoverage","dateCreated","delay","description","id","pyramidMultiplier","region","subcategory","themes","type","universe","userCount"
"0","{""id"":""model"",""name"":""Model""}","0","{""id"":""model230"",""name"":""Factor Ratios and its Rank Model""}","1","2026-07-01","1","Date of the data entry for the record.","entry_date_stamp_3","2","GBR","{""id"":""model-estimates-models"",""name"":""Estimates Models""}","[]","SYMBOL","TOP700","0"
"0","{""id"":""model"",""name"":""Model""}","0","{""id"":""model230"",""name"":""Factor Ratios and its Rank Model""}","1","2026-07-01","1","Sales revenue from Latin America region.","la_sales_revenue","2","GBR","{""id"":""model-estimates-models"",""name"":""Estimates Models""}","[]","MATRIX","TOP700","0"
"0","{""id"":""model"",""name"":""Model""}","0","{""id"":""model230"",""name"":""Factor Ratios and its Rank Model""}","1","2026-07-01","1","Highest stock price during the past 52 weeks","mdl230_allcap_sedol_52whigh","2","GBR","{""id"":""model-estimates-models"",""name"":""Estimates Models""}","[]","MATRIX","TOP700","0"
"0","{""id"":""model"",""name"":""Model""}","0","{""id"":""model230"",""name"":""Factor Ratios and its Rank Model""}","1","2026-07-01","1","Standard deviation of monthly price returns (volatility sigma)","mdl230_allcap_sedol_60dsigma","2","GBR","{""id"":""model-estimates-models"",""name"":""Estimates Models""}","[]","MATRIX","TOP700","0"
"0","{""id"":""model"",""name"":""Model""}","0","{""id"":""model230"",""name"":""Factor Ratios and its Rank Model""}","1","2026-07-01","1","Moving average of prices in the last 15 weeks divided by the moving average of prices in the last 36 weeks","mdl230_allcap_sedol_6351_rp","2","GBR","{""id"":""model-estimates-models"",""name"":""Estimates Models""}","[]","MATRIX","TOP700","0"
"0","{""id"":""model"",""name"":""Model""}","0","{""id"":""model230"",""name"":""Factor Ratios and its Rank Model""}","1","2026-07-01","1","Percent change in the stock’s price from month t-13 to month t-1 (twelve-month trailing return excluding the current month)","mdl230_allcap_sedol_actrtn12m","2","GBR","{""id"":""model-estimates-models"",""name"":""Estimates Models""}","[]","MATRIX","TOP700","0"
"0","{""id"":""model"",""name"":""Model""}","0","{""id"":""model230"",""name"":""Factor Ratios and its Rank Model""}","1","2026-07-01","1","Percent change in price from month t-19 to month t-1","mdl230_allcap_sedol_actrtn18m","2","GBR","{""id"":""model-estimates-models"",""name"":""Estimates Models""}","[]","MATRIX","TOP700","0"
"0","{""id"":""model"",""name"":""Model""}","0","{""id"":""model230"",""name"":""Factor Ratios and its Rank Model""}","1","2026-07-01","1","Percent change in price from month t-1 to month t","mdl230_allcap_sedol_actrtn1m","2","GBR","{""id"":""model-estimates-models"",""name"":""Estimates Models""}","[]","MATRIX","TOP700","0"
"0","{""id"":""model"",""name"":""Model""}","0","{""id"":""model230"",""name"":""Factor Ratios and its Rank Model""}","1","2026-07-01","1","Percent change in price from month t-25 to month t-1","mdl230_allcap_sedol_actrtn24m","2","GBR","{""id"":""model-estimates-models"",""name"":""Estimates Models""}","[]","MATRIX","TOP700","0"
"0","{""id"":""model"",""name"":""Model""}","0","{""id"":""model230"",""name"":""Factor Ratios and its Rank Model""}","1","2026-07-01","1","Percent change in price from month t-2 to month t","mdl230_allcap_sedol_actrtn2m","2","GBR","{""id"":""model-estimates-models"",""name"":""Estimates Models""}","[]","MATRIX","TOP700","0"
"0","{""id"":""model"",""name"":""Model""}","0","{""id"":""model230"",""name"":""Factor Ratios and its Rank Model""}","1","2026-07-01","1","Percent change in price from month t−37 to month t−1 (36-month trailing return excluding the current month)","mdl230_allcap_sedol_actrtn36m","2","GBR","{""id"":""model-estimates-models"",""name"":""Estimates Models""}","[]","MATRIX","TOP700","0"
"0","{""id"":""model"",""name"":""Model""}","0","{""id"":""model230"",""name"":""Factor Ratios and its Rank Model""}","1","2026-07-01","1","It is defined as the percent change in price for a stock from month t-3 to month t","mdl230_allcap_sedol_actrtn3m","2","GBR","{""id"":""model-estimates-models"",""name"":""Estimates Models""}","[]","MATRIX","TOP700","0"
"0","{""id"":""model"",""name"":""Model""}","0","{""id"":""model230"",""name"":""Factor Ratios and its Rank Model""}","1","2026-07-01","1","Percent change in price from month t-61 to month t-1","mdl230_allcap_sedol_actrtn60m","2","GBR","{""id"":""model-estimates-models"",""name"":""Estimates Models""}","[]","MATRIX","TOP700","0"
"0","{""id"":""model"",""name"":""Model""}","0","{""id"":""model230"",""name"":""Factor Ratios and its Rank Model""}","1","2026-07-01","1","Percent change in price from month t-72 to month t-12","mdl230_allcap_sedol_actrtn60m12lag","2","GBR","{""id"":""model-estimates-models"",""name"":""Estimates Models""}","[]","MATRIX","TOP700","0"
"0","{""id"":""model"",""name"":""Model""}","0","{""id"":""model230"",""name"":""Factor Ratios and its Rank Model""}","1","2026-07-01","1","Percent change in the stock’s price from month t-7 to month t-1 (six-month trailing return excluding the current month)","mdl230_allcap_sedol_actrtn6m","2","GBR","{""id"":""model-estimates-models"",""name"":""Estimates Models""}","[]","MATRIX","TOP700","0"
"0","{""id"":""model"",""name"":""Model""}","0","{""id"":""model230"",""name"":""Factor Ratios and its Rank Model""}","1","2026-07-01","1","Price percent change from month t-10 to month t-1","mdl230_allcap_sedol_actrtn9m","2","GBR","{""id"":""model-estimates-models"",""name"":""Estimates Models""}","[]","MATRIX","TOP700","0"
"0","{""id"":""model"",""name"":""Model""}","0","{""id"":""model230"",""name"":""Factor Ratios and its Rank Model""}","1","2026-07-01","1","Most recent total debt divided by total assets (debt-to-assets ratio)","mdl230_allcap_sedol_ad","2","GBR","{""id"":""model-estimates-models"",""name"":""Estimates Models""}","[]","MATRIX","TOP700","0"
"0","{""id"":""model"",""name"":""Model""}","0","{""id"":""model230"",""name"":""Factor Ratios and its Rank Model""}","1","2026-07-01","1","Most recent sum of long-term debt, short-term debt, underfunded pension liabilities, operating lease expense, and preferred stock, divided by total assets","mdl230_allcap_sedol_adpmoc","2","GBR","{""id"":""model-estimates-models"",""name"":""Estimates Models""}","[]","MATRIX","TOP700","0"
"0","{""id"":""model"",""name"":""Model""}","0","{""id"":""model230"",""name"":""Factor Ratios and its Rank Model""}","1","2026-07-01","1","TTM selling, general and administrative expenses divided by TTM sales","mdl230_allcap_sedol_ags","2","GBR","{""id"":""model-estimates-models"",""name"":""Estimates Models""}","[]","MATRIX","TOP700","0"
"0","{""id"":""model"",""name"":""Model""}","0","{""id"":""model230"",""name"":""Factor Ratios and its Rank Model""}","1","2026-07-01","1","Intercept from a regression of the stock’s monthly returns on S&P 500 monthly returns over the last 60 months","mdl230_allcap_sedol_alpha60m","2","GBR","{""id"":""model-estimates-models"",""name"":""Estimates Models""}","[]","MATRIX","TOP700","0"
"0","{""id"":""model"",""name"":""Model""}","0","{""id"":""model230"",""name"":""Factor Ratios and its Rank Model""}","1","2026-07-01","1","Altman Z-score, a formula used to measure a company’s bankruptcy risk based on multiple balance sheet metrics","mdl230_allcap_sedol_altmanz","2","GBR","{""id"":""model-estimates-models"",""name"":""Estimates Models""}","[]","MATRIX","TOP700","0"
"0","{""id"":""model"",""name"":""Model""}","0","{""id"":""model230"",""name"":""Factor Ratios and its Rank Model""}","1","2026-07-01","1","Retained earnings to assets, defined as most recent quarter cumulative retained earnings divided by total assets","mdl230_allcap_sedol_aoer","2","GBR","{""id"":""model-estimates-models"",""name"":""Estimates Models""}","[]","MATRIX","TOP700","0"
"0","{""id"":""model"",""name"":""Model""}","0","{""id"":""model230"",""name"":""Factor Ratios and its Rank Model""}","1","2026-07-01","1","Return on Assets, typically net income divided by total assets","mdl230_allcap_sedol_aor","2","GBR","{""id"":""model-estimates-models"",""name"":""Estimates Models""}","[]","MATRIX","TOP700","0"
"0","{""id"":""model"",""name"":""Model""}","0","{""id"":""model230"",""name"":""Factor Ratios and its Rank Model""}","1","2026-07-01","1","Most recently reported TTM EPS after extraordinary items divided by month-end trading price","mdl230_allcap_sedol_apemtt","2","GBR","{""id"":""model-estimates-models"",""name"":""Estimates Models""}","[]","MATRIX","TOP700","0"
"0","{""id"":""model"",""name"":""Model""}","0","{""id"":""model230"",""name"":""Factor Ratios and its Rank Model""}","1","2026-07-01","1","Gross profit to assets ratio, defined as TTM sales minus COGS divided by total assets","mdl230_allcap_sedol_apg","2","GBR","{""id"":""model-estimates-models"",""name"":""Estimates Models""}","[]","MATRIX","TOP700","0"
"0","{""id"":""model"",""name"":""Model""}","0","{""id"":""model230"",""name"":""Factor Ratios and its Rank Model""}","1","2026-07-01","1","Difference between most recent quarterly gross profit to assets and the same quarter one year ago; GPA = TTM (Sales − COGS) / total assets","mdl230_allcap_sedol_apgghcy1_","2","GBR","{""id"":""model-estimates-models"",""name"":""Estimates Models""}","[]","MATRIX","TOP700","0"
"0","{""id"":""model"",""name"":""Model""}","0","{""id"":""model230"",""name"":""Factor Ratios and its Rank Model""}","1","2026-07-01","1","Difference between the most recent quarterly gross profit-to-assets ratio and that of the same quarter three years ago; gross profit-to-assets = TTM (Sales - COGS) / total assets","mdl230_allcap_sedol_apgghcy3_","2","GBR","{""id"":""model-estimates-models"",""name"":""Estimates Models""}","[]","MATRIX","TOP700","0"
"0","{""id"":""model"",""name"":""Model""}","0","{""id"":""model230"",""name"":""Factor Ratios and its Rank Model""}","1","2026-07-01","1","Asia-Pacific sales as a share of total annual sales (company-reported annual APAC sales divided by total annual sales)","mdl230_allcap_sedol_apsales","2","GBR","{""id"":""model-estimates-models"",""name"":""Estimates Models""}","[]","MATRIX","TOP700","0"
"0","{""id"":""model"",""name"":""Model""}","0","{""id"":""model230"",""name"":""Factor Ratios and its Rank Model""}","1","2026-07-01","1","Quarterly operating assets minus operating liabilities, scaled by lagged total assets","mdl230_allcap_sedol_aspanratio","2","GBR","{""id"":""model-estimates-models"",""name"":""Estimates Models""}","[]","MATRIX","TOP700","0"
"0","{""id"":""model"",""name"":""Model""}","0","{""id"":""model230"",""name"":""Factor Ratios and its Rank Model""}","1","2026-07-01","1","Three-year geometric growth rate of the most recently reported TTM EPS after extraordinary items","mdl230_allcap_sedol_aspemtty3gc","2","GBR","{""id"":""model-estimates-models"",""name"":""Estimates Models""}","[]","MATRIX","TOP700","0"
"0","{""id"":""model"",""name"":""Model""}","0","{""id"":""model230"",""name"":""Factor Ratios and its Rank Model""}","1","2026-07-01","1","Total current assets from the most recent quarter divided by total assets from the most recent quarter","mdl230_allcap_sedol_astcomp","2","GBR","{""id"":""model-estimates-models"",""name"":""Estimates Models""}","[]","MATRIX","TOP700","0"
"0","{""id"":""model"",""name"":""Model""}","0","{""id"":""model230"",""name"":""Factor Ratios and its Rank Model""}","1","2026-07-01","1","Asset turnover: TTM sales divided by the most recently reported quarterly total assets","mdl230_allcap_sedol_astto","2","GBR","{""id"":""model-estimates-models"",""name"":""Estimates Models""}","[]","MATRIX","TOP700","0"
"0","{""id"":""model"",""name"":""Model""}","0","{""id"":""model230"",""name"":""Factor Ratios and its Rank Model""}","1","2026-07-01","1","Average earnings over the past 10 years divided by current price","mdl230_allcap_sedol_avg10yep","2","GBR","{""id"":""model-estimates-models"",""name"":""Estimates Models""}","[]","MATRIX","TOP700","0"
"0","{""id"":""model"",""name"":""Model""}","0","{""id"":""model230"",""name"":""Factor Ratios and its Rank Model""}","1","2026-07-01","1","Beta, a standard measure of a stock's systematic risk or sensitivity to market movements","mdl230_allcap_sedol_beta","2","GBR","{""id"":""model-estimates-models"",""name"":""Estimates Models""}","[]","MATRIX","TOP700","0"
"0","{""id"":""model"",""name"":""Model""}","0","{""id"":""model230"",""name"":""Factor Ratios and its Rank Model""}","1","2026-07-01","1","Product of the adjusted 60-month beta and the 60-month sigma (standard deviation of monthly price returns)","mdl230_allcap_sedol_betasigma","2","GBR","{""id"":""model-estimates-models"",""name"":""Estimates Models""}","[]","MATRIX","TOP700","0"
"0","{""id"":""model"",""name"":""Model""}","0","{""id"":""model230"",""name"":""Factor Ratios and its Rank Model""}","1","2026-07-01","1","Most recent quarterly operating income divided by the corresponding quarterly sales (operating margin)","mdl230_allcap_sedol_bmpo","2","GBR","{""id"":""model-estimates-models"",""name"":""Estimates Models""}","[]","MATRIX","TOP700","0"
"0","{""id"":""model"",""name"":""Model""}","0","{""id"":""model230"",""name"":""Factor Ratios and its Rank Model""}","1","2026-07-01","1","Most recent quarterly total assets divided by book equity","mdl230_allcap_sedol_booklev","2","GBR","{""id"":""model-estimates-models"",""name"":""Estimates Models""}","[]","MATRIX","TOP700","0"
"0","{""id"":""model"",""name"":""Model""}","0","{""id"":""model230"",""name"":""Factor Ratios and its Rank Model""}","1","2026-07-01","1","TTM EPS before extraordinary items divided by month-end price (earnings-to-price)","mdl230_allcap_sedol_bpemtt","2","GBR","{""id"":""model-estimates-models"",""name"":""Estimates Models""}","[]","MATRIX","TOP700","0"
"0","{""id"":""model"",""name"":""Model""}","0","{""id"":""model230"",""name"":""Factor Ratios and its Rank Model""}","1","2026-07-01","1","Trailing 12-month operating cash flow minus trailing 12-month cash dividends, divided by total expenditures in the same period","mdl230_allcap_sedol_capacq","2","GBR","{""id"":""model-estimates-models"",""name"":""Estimates Models""}","[]","MATRIX","TOP700","0"
"0","{""id"":""model"",""name"":""Model""}","0","{""id"":""model230"",""name"":""Factor Ratios and its Rank Model""}","1","2026-07-01","1","Trailing 12-month capital expenditures divided by total assets from the most recent quarter","mdl230_allcap_sedol_capexast","2","GBR","{""id"":""model-estimates-models"",""name"":""Estimates Models""}","[]","MATRIX","TOP700","0"
"0","{""id"":""model"",""name"":""Model""}","0","{""id"":""model230"",""name"":""Factor Ratios and its Rank Model""}","1","2026-07-01","1","Absolute value of the difference between ranked (1–1000) quarterly capital expenditures to assets and ranked (1–1000) quarterly depreciation to assets","mdl230_allcap_sedol_capexdeplink","2","GBR","{""id"":""model-estimates-models"",""name"":""Estimates Models""}","[]","MATRIX","TOP700","0"
"0","{""id"":""model"",""name"":""Model""}","0","{""id"":""model230"",""name"":""Factor Ratios and its Rank Model""}","1","2026-07-01","1","TTM capital expenditures divided by TTM sales (CapEx-to-sales)","mdl230_allcap_sedol_capexsale","2","GBR","{""id"":""model-estimates-models"",""name"":""Estimates Models""}","[]","MATRIX","TOP700","0"
"0","{""id"":""model"",""name"":""Model""}","0","{""id"":""model230"",""name"":""Factor Ratios and its Rank Model""}","1","2026-07-01","1","Negative of (Cash From Operations + Cash from Investments) divided by (Cash + Short‑term Investments)","mdl230_allcap_sedol_cashburnrate","2","GBR","{""id"":""model-estimates-models"",""name"":""Estimates Models""}","[]","MATRIX","TOP700","0"
"0","{""id"":""model"",""name"":""Model""}","0","{""id"":""model230"",""name"":""Factor Ratios and its Rank Model""}","1","2026-07-01","1","Cash conversion cycle in days, defined as average inventory days plus average collection days minus average payable days","mdl230_allcap_sedol_cashc","2","GBR","{""id"":""model-estimates-models"",""name"":""Estimates Models""}","[]","MATRIX","TOP700","0"
"0","{""id"":""model"",""name"":""Model""}","0","{""id"":""model230"",""name"":""Factor Ratios and its Rank Model""}","1","2026-07-01","1","Most recently reported cash and equivalents per share divided by the month-end trading price","mdl230_allcap_sedol_cashp","2","GBR","{""id"":""model-estimates-models"",""name"":""Estimates Models""}","[]","MATRIX","TOP700","0"
"0","{""id"":""model"",""name"":""Model""}","0","{""id"":""model230"",""name"":""Factor Ratios and its Rank Model""}","1","2026-07-01","1","Most recent quarterly cash and equivalents divided by current liabilities","mdl230_allcap_sedol_cashratio","2","GBR","{""id"":""model-estimates-models"",""name"":""Estimates Models""}","[]","MATRIX","TOP700","0"
"0","{""id"":""model"",""name"":""Model""}","0","{""id"":""model230"",""name"":""Factor Ratios and its Rank Model""}","1","2026-07-01","1","Average cash and equivalents in the trailing 12 months divided by the trailing 12-month sales","mdl230_allcap_sedol_cashsale","2","GBR","{""id"":""model-estimates-models"",""name"":""Estimates Models""}","[]","MATRIX","TOP700","0"
"0","{""id"":""model"",""name"":""Model""}","0","{""id"":""model230"",""name"":""Factor Ratios and its Rank Model""}","1","2026-07-01","1","Total cash and equivalents divided by (market value of common equity + book value of long-term debt)","mdl230_allcap_sedol_cashsev","2","GBR","{""id"":""model-estimates-models"",""name"":""Estimates Models""}","[]","MATRIX","TOP700","0"
"0","{""id"":""model"",""name"":""Model""}","0","{""id"":""model230"",""name"":""Factor Ratios and its Rank Model""}","1","2026-07-01","1","Working capital accruals equal to increase in accounts receivable plus increase in inventory plus decrease in accounts payable and accrued liabilities plus decrease in accrued income taxes plus net increase in other assets or decrease in other liabilities","mdl230_allcap_sedol_ccacw","2","GBR","{""id"":""model-estimates-models"",""name"":""Estimates Models""}","[]","MATRIX","TOP700","0"
"0","{""id"":""model"",""name"":""Model""}","0","{""id"":""model230"",""name"":""Factor Ratios and its Rank Model""}","1","2026-07-01","1","Trailing 12-month funds from operations divided by the average of current and previous year equity value","mdl230_allcap_sedol_ceroe","2","GBR","{""id"":""model-estimates-models"",""name"":""Estimates Models""}","[]","MATRIX","TOP700","0"
"0","{""id"":""model"",""name"":""Model""}","0","{""id"":""model230"",""name"":""Factor Ratios and its Rank Model""}","1","2026-07-01","1","Trailing 12‑month cash flow from investing activities divided by the average total assets over the last four quarters","mdl230_allcap_sedol_cfita","2","GBR","{""id"":""model-estimates-models"",""name"":""Estimates Models""}","[]","MATRIX","TOP700","0"
"0","{""id"":""model"",""name"":""Model""}","0","{""id"":""model230"",""name"":""Factor Ratios and its Rank Model""}","1","2026-07-01","1","Total liabilities divided by the trailing 12-month operating cash flow","mdl230_allcap_sedol_cfleverage","2","GBR","{""id"":""model-estimates-models"",""name"":""Estimates Models""}","[]","MATRIX","TOP700","0"
"0","{""id"":""model"",""name"":""Model""}","0","{""id"":""model230"",""name"":""Factor Ratios and its Rank Model""}","1","2026-07-01","1","Trailing 12‑month cash flow divided by average invested capital (common equity + long‑term debt + minority interest + preferred stock)","mdl230_allcap_sedol_cfroi","2","GBR","{""id"":""model-estimates-models"",""name"":""Estimates Models""}","[]","MATRIX","TOP700","0"
"0","{""id"":""model"",""name"":""Model""}","0","{""id"":""model230"",""name"":""Factor Ratios and its Rank Model""}","1","2026-07-01","1","3-year geometric growth rate of ROIC, where ROIC = (TTM net income + interest expenses) divided by average invested capital; invested capital = common equity + long-term debt + minority interest + preferred stock","mdl230_allcap_sedol_cg3yroic","2","GBR","{""id"":""model-estimates-models"",""name"":""Estimates Models""}","[]","MATRIX","TOP700","0"
"0","{""id"":""model"",""name"":""Model""}","0","{""id"":""model230"",""name"":""Factor Ratios and its Rank Model""}","1","2026-07-01","1","Compound annual growth rate of sales over the past 3 years","mdl230_allcap_sedol_cg3ysales","2","GBR","{""id"":""model-estimates-models"",""name"":""Estimates Models""}","[]","MATRIX","TOP700","0"
"0","{""id"":""model"",""name"":""Model""}","0","{""id"":""model230"",""name"":""Factor Ratios and its Rank Model""}","1","2026-07-01","1","Twelve-month relative change in total debt, where total debt equals long-term plus short-term debt","mdl230_allcap_sedol_chg12mtotdebt","2","GBR","{""id"":""model-estimates-models"",""name"":""Estimates Models""}","[]","MATRIX","TOP700","0"
"0","{""id"":""model"",""name"":""Model""}","0","{""id"":""model230"",""name"":""Factor Ratios and its Rank Model""}","1","2026-07-01","1","Most recent TTM operating cash flow minus comparable TTM cash flow from 12 quarters ago, scaled by average total assets over the period","mdl230_allcap_sedol_chg3ycfast","2","GBR","{""id"":""model-estimates-models"",""name"":""Estimates Models""}","[]","MATRIX","TOP700","0"
"0","{""id"":""model"",""name"":""Model""}","0","{""id"":""model230"",""name"":""Factor Ratios and its Rank Model""}","1","2026-07-01","1","TTM EPS before extraordinary items minus EPS 12 quarters ago, scaled by average total assets per share","mdl230_allcap_sedol_chg3yepsast","2","GBR","{""id"":""model-estimates-models"",""name"":""Estimates Models""}","[]","MATRIX","TOP700","0"
"0","{""id"":""model"",""name"":""Model""}","0","{""id"":""model230"",""name"":""Factor Ratios and its Rank Model""}","1","2026-07-01","1","Difference between the trailing 12-month earnings per share and that of 12 quarters ago, divided by the month-end trading price","mdl230_allcap_sedol_chg3yepsp","2","GBR","{""id"":""model-estimates-models"",""name"":""Estimates Models""}","[]","MATRIX","TOP700","0"
"0","{""id"":""model"",""name"":""Model""}","0","{""id"":""model230"",""name"":""Factor Ratios and its Rank Model""}","1","2026-07-01","1","(TTM free cash flow − TTM free cash flow 12 quarters ago) divided by average total assets","mdl230_allcap_sedol_chg3yfcfast","2","GBR","{""id"":""model-estimates-models"",""name"":""Estimates Models""}","[]","MATRIX","TOP700","0"
"0","{""id"":""model"",""name"":""Model""}","0","{""id"":""model230"",""name"":""Factor Ratios and its Rank Model""}","1","2026-07-01","1","Most recent TTM operating cash flow minus operating cash flow 12 quarters ago, scaled by average total assets","mdl230_allcap_sedol_chg3yocfast","2","GBR","{""id"":""model-estimates-models"",""name"":""Estimates Models""}","[]","MATRIX","TOP700","0"
"0","{""id"":""model"",""name"":""Model""}","0","{""id"":""model230"",""name"":""Factor Ratios and its Rank Model""}","1","2026-07-01","1","Six‑month change in the 18‑month alpha (intercept from regressing monthly stock returns on S&P 500 monthly returns over the last 18 months)","mdl230_allcap_sedol_chg6malpha18m","2","GBR","{""id"":""model-estimates-models"",""name"":""Estimates Models""}","[]","MATRIX","TOP700","0"
"0","{""id"":""model"",""name"":""Model""}","0","{""id"":""model230"",""name"":""Factor Ratios and its Rank Model""}","1","2026-07-01","1","6-month change in the 12-month alpha (intercept from regression of stock monthly returns on S&P 500 monthly returns over the last 12 months)","mdl230_allcap_sedol_chgalpha12m","2","GBR","{""id"":""model-estimates-models"",""name"":""Estimates Models""}","[]","MATRIX","TOP700","0"
"0","{""id"":""model"",""name"":""Model""}","0","{""id"":""model230"",""name"":""Factor Ratios and its Rank Model""}","1","2026-07-01","1","Six‑month change in the 36‑month alpha (intercept from regressing monthly stock returns on S&P 500 monthly returns over the last 36 months)","mdl230_allcap_sedol_chgalpha36m","2","GBR","{""id"":""model-estimates-models"",""name"":""Estimates Models""}","[]","MATRIX","TOP700","0"
"0","{""id"":""model"",""name"":""Model""}","0","{""id"":""model230"",""name"":""Factor Ratios and its Rank Model""}","1","2026-07-01","1","Change between the latest accounts receivable as a percentage of trailing 12-month sales and the same percentage four quarters earlier","mdl230_allcap_sedol_chgars","2","GBR","{""id"":""model-estimates-models"",""name"":""Estimates Models""}","[]","MATRIX","TOP700","0"
"0","{""id"":""model"",""name"":""Model""}","0","{""id"":""model230"",""name"":""Factor Ratios and its Rank Model""}","1","2026-07-01","1","12-month change in quarterly total inventories scaled by the average of assets at the most recent quarter end and 4 quarters prior","mdl230_allcap_sedol_chginvavgast","2","GBR","{""id"":""model-estimates-models"",""name"":""Estimates Models""}","[]","MATRIX","TOP700","0"
"0","{""id"":""model"",""name"":""Model""}","0","{""id"":""model230"",""name"":""Factor Ratios and its Rank Model""}","1","2026-07-01","1","Year-over-year change of net operating assets to total assets, where net operating assets equal the most recent quarterly short-term debt plus long-term debt plus preferred equity plus common equity minus cash","mdl230_allcap_sedol_chgnoa","2","GBR","{""id"":""model-estimates-models"",""name"":""Estimates Models""}","[]","MATRIX","TOP700","0"
"0","{""id"":""model"",""name"":""Model""}","0","{""id"":""model230"",""name"":""Factor Ratios and its Rank Model""}","1","2026-07-01","1","Change in operating liability leverage from current quarter to 4 quarters ago; OLL = 1 − (ST debt + LT debt + common equity + preferred equity − cash)/(total assets − cash)","mdl230_allcap_sedol_chgollev","2","GBR","{""id"":""model-estimates-models"",""name"":""Estimates Models""}","[]","MATRIX","TOP700","0"
"0","{""id"":""model"",""name"":""Model""}","0","{""id"":""model230"",""name"":""Factor Ratios and its Rank Model""}","1","2026-07-01","1","Change in quarterly earnings surprise (Actual EPS − consensus EPS), scaled by the most recent closing price","mdl230_allcap_sedol_chgqtrepssurp","2","GBR","{""id"":""model-estimates-models"",""name"":""Estimates Models""}","[]","MATRIX","TOP700","0"
"0","{""id"":""model"",""name"":""Model""}","0","{""id"":""model230"",""name"":""Factor Ratios and its Rank Model""}","1","2026-07-01","1","Percent change in the ratio of accounts receivable to current assets versus the same fiscal quarter one year ago","mdl230_allcap_sedol_chgreccast","2","GBR","{""id"":""model-estimates-models"",""name"":""Estimates Models""}","[]","MATRIX","TOP700","0"
"0","{""id"":""model"",""name"":""Model""}","0","{""id"":""model230"",""name"":""Factor Ratios and its Rank Model""}","1","2026-07-01","1","Yearly change in SG&A expenses minus yearly change in sales","mdl230_allcap_sedol_chgsgasale","2","GBR","{""id"":""model-estimates-models"",""name"":""Estimates Models""}","[]","MATRIX","TOP700","0"
"0","{""id"":""model"",""name"":""Model""}","0","{""id"":""model230"",""name"":""Factor Ratios and its Rank Model""}","1","2026-07-01","1","Change in the most recent 6-month moving average of monthly turnover ratio compared to the 12-month moving average of monthly turnover ratio four years ago","mdl230_allcap_sedol_chgvolpre4y","2","GBR","{""id"":""model-estimates-models"",""name"":""Estimates Models""}","[]","MATRIX","TOP700","0"
"0","{""id"":""model"",""name"":""Model""}","0","{""id"":""model230"",""name"":""Factor Ratios and its Rank Model""}","1","2026-07-01","1","Absolute value of the difference between the yearly percent change in trailing 12-month cost of goods sold and the yearly percent change in inventory level","mdl230_allcap_sedol_cogsinvt","2","GBR","{""id"":""model-estimates-models"",""name"":""Estimates Models""}","[]","MATRIX","TOP700","0"
"0","{""id"":""model"",""name"":""Model""}","0","{""id"":""model230"",""name"":""Factor Ratios and its Rank Model""}","1","2026-07-01","1","TTM core earnings per share from operations, excluding accounting changes, discontinued operations, extraordinary and special items, divided by month-end trading price","mdl230_allcap_sedol_coreepsp","2","GBR","{""id"":""model-estimates-models"",""name"":""Estimates Models""}","[]","MATRIX","TOP700","0"
"0","{""id"":""model"",""name"":""Model""}","0","{""id"":""model230"",""name"":""Factor Ratios and its Rank Model""}","1","2026-07-01","1","Slope of the least-squares regression line of the last 60 months of monthly trading volume against time","mdl230_allcap_sedol_covol","2","GBR","{""id"":""model-estimates-models"",""name"":""Estimates Models""}","[]","MATRIX","TOP700","0"
"0","{""id"":""model"",""name"":""Model""}","0","{""id"":""model230"",""name"":""Factor Ratios and its Rank Model""}","1","2026-07-01","1","Consensus FY2 EPS minus consensus FY1 EPS, divided by consensus FY1 EPS (analyst estimated EPS growth from FY1 to FY2)","mdl230_allcap_sedol_cpgspea2y","2","GBR","{""id"":""model-estimates-models"",""name"":""Estimates Models""}","[]","MATRIX","TOP700","0"
"0","{""id"":""model"",""name"":""Model""}","0","{""id"":""model230"",""name"":""Factor Ratios and its Rank Model""}","1","2026-07-01","1","Industry-standardized BP: a stock's current book-to-price ratio minus the industry average, scaled by the cross-sectional standard deviation within the relative universe","mdl230_allcap_sedol_curindbp_","2","GBR","{""id"":""model-estimates-models"",""name"":""Estimates Models""}","[]","MATRIX","TOP700","0"
"0","{""id"":""model"",""name"":""Model""}","0","{""id"":""model230"",""name"":""Factor Ratios and its Rank Model""}","1","2026-07-01","1","Industry-standardized CFP: a stock's TTM cash flow-to-price ratio minus the industry average, scaled by the cross-sectional standard deviation within the relative universe","mdl230_allcap_sedol_curindcfp_","2","GBR","{""id"":""model-estimates-models"",""name"":""Estimates Models""}","[]","MATRIX","TOP700","0"
"0","{""id"":""model"",""name"":""Model""}","0","{""id"":""model230"",""name"":""Factor Ratios and its Rank Model""}","1","2026-07-01","1","Stock’s trailing 12-month dividend yield minus the industry average, divided by the cross-sectional standard deviation within the relative universe","mdl230_allcap_sedol_curinddivp_","2","GBR","{""id"":""model-estimates-models"",""name"":""Estimates Models""}","[]","MATRIX","TOP700","0"
"0","{""id"":""model"",""name"":""Model""}","0","{""id"":""model230"",""name"":""Factor Ratios and its Rank Model""}","1","2026-07-01","1","Current industry-normalized (probably z-scored) ratio of EBITDA to Price, standardizing a stock’s EBITDA/Price relative to its industry","mdl230_allcap_sedol_curindebitdap_","2","GBR","{""id"":""model-estimates-models"",""name"":""Estimates Models""}","[]","MATRIX","TOP700","0"
"0","{""id"":""model"",""name"":""Model""}","0","{""id"":""model230"",""name"":""Factor Ratios and its Rank Model""}","1","2026-07-01","1","Industry-standardized deviation of trailing 12-month earnings per share before extraordinary items to price (E/P) from the industry average, scaled by the industry standard deviation (i.e., an industry z-score of E/P)","mdl230_allcap_sedol_curindep_","2","GBR","{""id"":""model-estimates-models"",""name"":""Estimates Models""}","[]","MATRIX","TOP700","0"
"0","{""id"":""model"",""name"":""Model""}","0","{""id"":""model230"",""name"":""Factor Ratios and its Rank Model""}","1","2026-07-01","1","Stock’s trailing 12-month free cash flow-to-price ratio minus the industry average, divided by the cross-sectional standard deviation within the relative universe","mdl230_allcap_sedol_curindfcfp_","2","GBR","{""id"":""model-estimates-models"",""name"":""Estimates Models""}","[]","MATRIX","TOP700","0"
"0","{""id"":""model"",""name"":""Model""}","0","{""id"":""model230"",""name"":""Factor Ratios and its Rank Model""}","1","2026-07-01","1","Industry-standardized OCFP: a stock's TTM operating cash flow-to-price ratio minus the industry average, scaled by the cross-sectional standard deviation within the relative universe","mdl230_allcap_sedol_curindocfp_","2","GBR","{""id"":""model-estimates-models"",""name"":""Estimates Models""}","[]","MATRIX","TOP700","0"
"0","{""id"":""model"",""name"":""Model""}","0","{""id"":""model230"",""name"":""Factor Ratios and its Rank Model""}","1","2026-07-01","1","Industry-normalized z-score of OCFTA: TTM operating cash flow-to-total assets minus industry average, divided by the industry standard deviation within the relative universe","mdl230_allcap_sedol_curindocfta_","2","GBR","{""id"":""model-estimates-models"",""name"":""Estimates Models""}","[]","MATRIX","TOP700","0"
"0","{""id"":""model"",""name"":""Model""}","0","{""id"":""model230"",""name"":""Factor Ratios and its Rank Model""}","1","2026-07-01","1","It is defined as a stock's trailing 12-month sales-to-price ratio (SP) less the average of the SPs of all stocks in the same industry deflated by the standard deviation of the SPs of all stocks in the same relative universe","mdl230_allcap_sedol_curindsp_","2","GBR","{""id"":""model-estimates-models"",""name"":""Estimates Models""}","[]","MATRIX","TOP700","0"
"0","{""id"":""model"",""name"":""Model""}","0","{""id"":""model230"",""name"":""Factor Ratios and its Rank Model""}","1","2026-07-01","1","Current Ratio (current assets divided by current liabilities), a measure of liquidity","mdl230_allcap_sedol_curratio","2","GBR","{""id"":""model-estimates-models"",""name"":""Estimates Models""}","[]","MATRIX","TOP700","0"
"0","{""id"":""model"",""name"":""Model""}","0","{""id"":""model230"",""name"":""Factor Ratios and its Rank Model""}","1","2026-07-01","1","Ratio of the coefficient of variation of the last 20 days of closing prices to the coefficient of variation of daily trading volume over the same period","mdl230_allcap_sedol_cvvolp20d","2","GBR","{""id"":""model-estimates-models"",""name"":""Estimates Models""}","[]","MATRIX","TOP700","0"
"0","{""id"":""model"",""name"":""Model""}","0","{""id"":""model230"",""name"":""Factor Ratios and its Rank Model""}","1","2026-07-01","1","Average working capital over the trailing 12 months divided by total sales in the same period; working capital = inventory + accounts receivable − accounts payable","mdl230_allcap_sedol_cws","2","GBR","{""id"":""model-estimates-models"",""name"":""Estimates Models""}","[]","MATRIX","TOP700","0"
"0","{""id"":""model"",""name"":""Model""}","0","{""id"":""model230"",""name"":""Factor Ratios and its Rank Model""}","1","2026-07-01","1","Relative Strength Index measuring average up/down price moves over the prior 14 days, used to identify overbought/oversold conditions","mdl230_allcap_sedol_d41isr","2","GBR","{""id"":""model-estimates-models"",""name"":""Estimates Models""}","[]","MATRIX","TOP700","0"
"0","{""id"":""model"",""name"":""Model""}","0","{""id"":""model230"",""name"":""Factor Ratios and its Rank Model""}","1","2026-07-01","1","Most recently reported quarterly cash flow from operations less cash dividends, divided by current interest-bearing debt","mdl230_allcap_sedol_dcc","2","GBR","{""id"":""model-estimates-models"",""name"":""Estimates Models""}","[]","MATRIX","TOP700","0"
"0","{""id"":""model"",""name"":""Model""}","0","{""id"":""model230"",""name"":""Factor Ratios and its Rank Model""}","1","2026-07-01","1","TTM cash flow divided by the sum of most recent long-term debt and short-term interest-bearing debt","mdl230_allcap_sedol_debtcf","2","GBR","{""id"":""model-estimates-models"",""name"":""Estimates Models""}","[]","MATRIX","TOP700","0"
"0","{""id"":""model"",""name"":""Model""}","0","{""id"":""model230"",""name"":""Factor Ratios and its Rank Model""}","1","2026-07-01","1","Long-term debt plus short-term debt divided by market capitalization","mdl230_allcap_sedol_debtmktcap","2","GBR","{""id"":""model-estimates-models"",""name"":""Estimates Models""}","[]","MATRIX","TOP700","0"
"0","{""id"":""model"",""name"":""Model""}","0","{""id"":""model230"",""name"":""Factor Ratios and its Rank Model""}","1","2026-07-01","1","Five-year growth in dividends paid by the company","mdl230_allcap_sedol_div5yg","2","GBR","{""id"":""model-estimates-models"",""name"":""Estimates Models""}","[]","MATRIX","TOP700","0"
"0","{""id"":""model"",""name"":""Model""}","0","{""id"":""model230"",""name"":""Factor Ratios and its Rank Model""}","1","2026-07-01","1","Trailing 12-month cash dividends divided by trailing 12-month cash flow; cash dividends include both common and preferred dividends","mdl230_allcap_sedol_divcf","2","GBR","{""id"":""model-estimates-models"",""name"":""Estimates Models""}","[]","MATRIX","TOP700","0"
"0","{""id"":""model"",""name"":""Model""}","0","{""id"":""model230"",""name"":""Factor Ratios and its Rank Model""}","1","2026-07-01","1","Trailing 12-month earnings from operations divided by indicated annual dividends","mdl230_allcap_sedol_divcov","2","GBR","{""id"":""model-estimates-models"",""name"":""Estimates Models""}","[]","MATRIX","TOP700","0"
"0","{""id"":""model"",""name"":""Model""}","0","{""id"":""model230"",""name"":""Factor Ratios and its Rank Model""}","1","2026-07-01","1","Total dividends paid divided by (revenue − cost of goods sold), i.e., dividends to gross profit","mdl230_allcap_sedol_divgp","2","GBR","{""id"":""model-estimates-models"",""name"":""Estimates Models""}","[]","MATRIX","TOP700","0"
"0","{""id"":""model"",""name"":""Model""}","0","{""id"":""model230"",""name"":""Factor Ratios and its Rank Model""}","1","2026-07-01","1","Trailing 12‑month dividends per share divided by month‑end trading price","mdl230_allcap_sedol_divyield","2","GBR","{""id"":""model-estimates-models"",""name"":""Estimates Models""}","[]","MATRIX","TOP700","0"
"0","{""id"":""model"",""name"":""Model""}","0","{""id"":""model230"",""name"":""Factor Ratios and its Rank Model""}","1","2026-07-01","1","Absolute difference between the yearly percent change in TTM depreciation expense and the yearly percent change in TTM capital expenditures","mdl230_allcap_sedol_dpcapex","2","GBR","{""id"":""model-estimates-models"",""name"":""Estimates Models""}","[]","MATRIX","TOP700","0"
"0","{""id"":""model"",""name"":""Model""}","0","{""id"":""model230"",""name"":""Factor Ratios and its Rank Model""}","1","2026-07-01","1","Beta coefficient to change in US Dollar value, estimated by a 60-month multiple regression of returns on several macroeconomic factors","mdl230_allcap_sedol_dsu","2","GBR","{""id"":""model-estimates-models"",""name"":""Estimates Models""}","[]","MATRIX","TOP700","0"
"0","{""id"":""model"",""name"":""Model""}","0","{""id"":""model230"",""name"":""Factor Ratios and its Rank Model""}","1","2026-07-01","1","Standard deviation of the stock’s daily total return over the trailing one month","mdl230_allcap_sedol_dtsm1_rd","2","GBR","{""id"":""model-estimates-models"",""name"":""Estimates Models""}","[]","MATRIX","TOP700","0"
"0","{""id"":""model"",""name"":""Model""}","0","{""id"":""model230"",""name"":""Factor Ratios and its Rank Model""}","1","2026-07-01","1","(Next 4-quarter EPS estimate plus TTM real earnings surprise) divided by TTM EPS, where TTM earnings surprise is the sum over the last 4 quarters of actual EPS minus estimated EPS","mdl230_allcap_sedol_earningstorpedo","2","GBR","{""id"":""model-estimates-models"",""name"":""Estimates Models""}","[]","MATRIX","TOP700","0"
"0","{""id"":""model"",""name"":""Model""}","0","{""id"":""model230"",""name"":""Factor Ratios and its Rank Model""}","1","2026-07-01","1","Reported accounting earnings minus free cash flow scaled by average assets","mdl230_allcap_sedol_earnshortfall","2","GBR","{""id"":""model-estimates-models"",""name"":""Estimates Models""}","[]","MATRIX","TOP700","0"
"0","{""id"":""model"",""name"":""Model""}","0","{""id"":""model230"",""name"":""Factor Ratios and its Rank Model""}","1","2026-07-01","1","It is defined as trailing-twelve-month earnings before interest, taxes, depreciation and amortization divided by current total debt","mdl230_allcap_sedol_ebitdadebt","2","GBR","{""id"":""model-estimates-models"",""name"":""Estimates Models""}","[]","MATRIX","TOP700","0"
"0","{""id"":""model"",""name"":""Model""}","0","{""id"":""model230"",""name"":""Factor Ratios and its Rank Model""}","1","2026-07-01","1","It is defined as annual change in the ratio of trailing-twelve-month earnings before interest, taxes, depreciation and amortization divided by current total debt","mdl230_allcap_sedol_ebitdadebtchg","2","GBR","{""id"":""model-estimates-models"",""name"":""Estimates Models""}","[]","MATRIX","TOP700","0"
"0","{""id"":""model"",""name"":""Model""}","0","{""id"":""model230"",""name"":""Factor Ratios and its Rank Model""}","1","2026-07-01","1","Trailing 12-month EBITDA divided by enterprise value","mdl230_allcap_sedol_ebitdaev","2","GBR","{""id"":""model-estimates-models"",""name"":""Estimates Models""}","[]","MATRIX","TOP700","0"
"0","{""id"":""model"",""name"":""Model""}","0","{""id"":""model230"",""name"":""Factor Ratios and its Rank Model""}","1","2026-07-01","1","Trailing 12-month EBITDA divided by the month-end trading price","mdl230_allcap_sedol_ebitdap","2","GBR","{""id"":""model-estimates-models"",""name"":""Estimates Models""}","[]","MATRIX","TOP700","0"
"0","{""id"":""model"",""name"":""Model""}","0","{""id"":""model230"",""name"":""Factor Ratios and its Rank Model""}","1","2026-07-01","1","Debt to equity ratio","mdl230_allcap_sedol_ed","2","GBR","{""id"":""model-estimates-models"",""name"":""Estimates Models""}","[]","MATRIX","TOP700","0"
"0","{""id"":""model"",""name"":""Model""}","0","{""id"":""model230"",""name"":""Factor Ratios and its Rank Model""}","1","2026-07-01","1","Earnings to Market Equity Asset Sales composite ratio","mdl230_allcap_sedol_emeasales","2","GBR","{""id"":""model-estimates-models"",""name"":""Estimates Models""}","[]","MATRIX","TOP700","0"
"0","{""id"":""model"",""name"":""Model""}","0","{""id"":""model230"",""name"":""Factor Ratios and its Rank Model""}","1","2026-07-01","1","Trailing 12-month pre-tax income per share multiplied by the change in effective tax rate from four quarters ago to the most recent trailing 12 months; effective tax rate = total tax expense divided by pre-tax income","mdl230_allcap_sedol_epschgetr","2","GBR","{""id"":""model-estimates-models"",""name"":""Estimates Models""}","[]","MATRIX","TOP700","0"
"0","{""id"":""model"",""name"":""Model""}","0","{""id"":""model230"",""name"":""Factor Ratios and its Rank Model""}","1","2026-07-01","1","Trailing 12-month sales divided by the average of trailing 12-month reported book equity","mdl230_allcap_sedol_equityto","2","GBR","{""id"":""model-estimates-models"",""name"":""Estimates Models""}","[]","MATRIX","TOP700","0"
"0","{""id"":""model"",""name"":""Model""}","0","{""id"":""model230"",""name"":""Factor Ratios and its Rank Model""}","1","2026-07-01","1","Trailing 12-month free cash flow divided by the average book equity value over the same period","mdl230_allcap_sedol_fcfequity","2","GBR","{""id"":""model-estimates-models"",""name"":""Estimates Models""}","[]","MATRIX","TOP700","0"
"0","{""id"":""model"",""name"":""Model""}","0","{""id"":""model230"",""name"":""Factor Ratios and its Rank Model""}","1","2026-07-01","1","TTM free cash flow minus TTM free cash flow from 4 quarters ago, divided by average total assets","mdl230_allcap_sedol_fcfghc","2","GBR","{""id"":""model-estimates-models"",""name"":""Estimates Models""}","[]","MATRIX","TOP700","0"
"0","{""id"":""model"",""name"":""Model""}","0","{""id"":""model230"",""name"":""Factor Ratios and its Rank Model""}","1","2026-07-01","1","Trailing 12-month free cash flow divided by the average invested capital over the same period; invested capital equals common equity plus long-term debt plus minority interest plus preferred stock","mdl230_allcap_sedol_fcfroi","2","GBR","{""id"":""model-estimates-models"",""name"":""Estimates Models""}","[]","MATRIX","TOP700","0"
"0","{""id"":""model"",""name"":""Model""}","0","{""id"":""model230"",""name"":""Factor Ratios and its Rank Model""}","1","2026-07-01","1","TTM free cash flow divided by TTM sales (free cash flow margin)","mdl230_allcap_sedol_fcfsale","2","GBR","{""id"":""model-estimates-models"",""name"":""Estimates Models""}","[]","MATRIX","TOP700","0"
"0","{""id"":""model"",""name"":""Model""}","0","{""id"":""model230"",""name"":""Factor Ratios and its Rank Model""}","1","2026-07-01","1","3-year geometric growth rate of free cash flow","mdl230_allcap_sedol_fcfy3gc","2","GBR","{""id"":""model-estimates-models"",""name"":""Estimates Models""}","[]","MATRIX","TOP700","0"
"0","{""id"":""model"",""name"":""Model""}","0","{""id"":""model230"",""name"":""Factor Ratios and its Rank Model""}","1","2026-07-01","1","TTM cash flow minus comparable TTM cash flow from 4 quarters ago, scaled by average total assets","mdl230_allcap_sedol_fcghc","2","GBR","{""id"":""model-estimates-models"",""name"":""Estimates Models""}","[]","MATRIX","TOP700","0"
"0","{""id"":""model"",""name"":""Model""}","0","{""id"":""model230"",""name"":""Factor Ratios and its Rank Model""}","1","2026-07-01","1","Most recent TTM operating cash flow minus TTM OCF from four quarters ago, divided by average total assets","mdl230_allcap_sedol_fcoghc","2","GBR","{""id"":""model-estimates-models"",""name"":""Estimates Models""}","[]","MATRIX","TOP700","0"
"0","{""id"":""model"",""name"":""Model""}","0","{""id"":""model230"",""name"":""Factor Ratios and its Rank Model""}","1","2026-07-01","1","It is defined as a stock's next 4-quarter's analysts consensus earnings estimates-to-price ratio (FwdEP) less the average of the FwdEPs of all stocks in the same industry deflated by the standard deviation of these FwdEPs","mdl230_allcap_sedol_fc_curindfwdep_","2","GBR","{""id"":""model-estimates-models"",""name"":""Estimates Models""}","[]","MATRIX","TOP700","0"
"0","{""id"":""model"",""name"":""Model""}","0","{""id"":""model230"",""name"":""Factor Ratios and its Rank Model""}","1","2026-07-01","1","Reciprocal of a stock's forward 12-month P E ratio divided by the total growth rate; the total growth rate is the sum of the I B E S forecasted long-term growth rate and the indicated dividend yield","mdl230_allcap_sedol_fc_dypeg","2","GBR","{""id"":""model-estimates-models"",""name"":""Estimates Models""}","[]","MATRIX","TOP700","0"
"0","{""id"":""model"",""name"":""Model""}","0","{""id"":""model230"",""name"":""Factor Ratios and its Rank Model""}","1","2026-07-01","1","It is defined as a stock's valuation based on Edwards-Bell-Ohlson (EBO) model deflated by its month-end trading price. EBO is a modified dividend discount model that measures a firm's intrinsic value by comparing generated earnings to the cost of capital","mdl230_allcap_sedol_fc_ebop","2","GBR","{""id"":""model-estimates-models"",""name"":""Estimates Models""}","[]","MATRIX","TOP700","0"
"0","{""id"":""model"",""name"":""Model""}","0","{""id"":""model230"",""name"":""Factor Ratios and its Rank Model""}","1","2026-07-01","1","Most recent First Call next four quarters median earnings estimate divided by month-end trading price","mdl230_allcap_sedol_fc_estep","2","GBR","{""id"":""model-estimates-models"",""name"":""Estimates Models""}","[]","MATRIX","TOP700","0"
"0","{""id"":""model"",""name"":""Model""}","0","{""id"":""model230"",""name"":""Factor Ratios and its Rank Model""}","1","2026-07-01","1","It is defined as the trailing 12-month free cash flow per share for a stock times its First Call consensus next 4-quarter earnings forecasts divided by the most recently reported book value per share scaled by its month-end trading price","mdl230_allcap_sedol_fc_fcfroey1p","2","GBR","{""id"":""model-estimates-models"",""name"":""Estimates Models""}","[]","MATRIX","TOP700","0"
"0","{""id"":""model"",""name"":""Model""}","0","{""id"":""model230"",""name"":""Factor Ratios and its Rank Model""}","1","2026-07-01","1","Most recent quarterly earnings surprise (actual EPS minus First Call consensus) standardized by the SD of analysts’ individual forecasts","mdl230_allcap_sedol_fc_fqsurstd","2","GBR","{""id"":""model-estimates-models"",""name"":""Estimates Models""}","[]","MATRIX","TOP700","0"
"0","{""id"":""model"",""name"":""Model""}","0","{""id"":""model230"",""name"":""Factor Ratios and its Rank Model""}","1","2026-07-01","1","Analysts’ EPS estimate for the next four quarters divided by the most recent common equity per share (forward ROE)","mdl230_allcap_sedol_fc_fwdroe","2","GBR","{""id"":""model-estimates-models"",""name"":""Estimates Models""}","[]","MATRIX","TOP700","0"
"0","{""id"":""model"",""name"":""Model""}","0","{""id"":""model230"",""name"":""Factor Ratios and its Rank Model""}","1","2026-07-01","1","Number of First Call analysts’ earnings estimates for fiscal year 1 for the stock","mdl230_allcap_sedol_fc_numest","2","GBR","{""id"":""model-estimates-models"",""name"":""Estimates Models""}","[]","MATRIX","TOP700","0"
"0","{""id"":""model"",""name"":""Model""}","0","{""id"":""model230"",""name"":""Factor Ratios and its Rank Model""}","1","2026-07-01","1","Number of analyst estimate revisions for forecasted year 1","mdl230_allcap_sedol_fc_numrevy1","2","GBR","{""id"":""model-estimates-models"",""name"":""Estimates Models""}","[]","MATRIX","TOP700","0"
"0","{""id"":""model"",""name"":""Model""}","0","{""id"":""model230"",""name"":""Factor Ratios and its Rank Model""}","1","2026-07-01","1","Z-score of forward earnings-to-price ratio over 5 years defined as current next 4 quarters consensus EPS to price minus the 60-month average, scaled by the 60-month standard deviation","mdl230_allcap_sedol_fc_rel5yfwdep","2","GBR","{""id"":""model-estimates-models"",""name"":""Estimates Models""}","[]","MATRIX","TOP700","0"
"0","{""id"":""model"",""name"":""Model""}","0","{""id"":""model230"",""name"":""Factor Ratios and its Rank Model""}","1","2026-07-01","1","Change in the current analysts mean earnings estimate for fiscal year 1 versus three months ago, scaled by the month-end trading price","mdl230_allcap_sedol_fc_rev3y1","2","GBR","{""id"":""model-estimates-models"",""name"":""Estimates Models""}","[]","MATRIX","TOP700","0"
"0","{""id"":""model"",""name"":""Model""}","0","{""id"":""model230"",""name"":""Factor Ratios and its Rank Model""}","1","2026-07-01","1","It is defined as the change in a stock's current First Call analysts mean earnings estimate for fiscal year 2 less that of three months ago deflated by its month-end trading price","mdl230_allcap_sedol_fc_rev3y2","2","GBR","{""id"":""model-estimates-models"",""name"":""Estimates Models""}","[]","MATRIX","TOP700","0"
"0","{""id"":""model"",""name"":""Model""}","0","{""id"":""model230"",""name"":""Factor Ratios and its Rank Model""}","1","2026-07-01","1","Average of the prior six months’ monthly changes in FY1 consensus earnings forecasts from First Call, scaled by previous month-end price","mdl230_allcap_sedol_fc_rev6","2","GBR","{""id"":""model-estimates-models"",""name"":""Estimates Models""}","[]","MATRIX","TOP700","0"
"0","{""id"":""model"",""name"":""Model""}","0","{""id"":""model230"",""name"":""Factor Ratios and its Rank Model""}","1","2026-07-01","1","Standard deviation of analysts' FY1 EPS forecasts scaled by month-end closing price","mdl230_allcap_sedol_fc_stdevfy1epsp","2","GBR","{""id"":""model-estimates-models"",""name"":""Estimates Models""}","[]","MATRIX","TOP700","0"
"0","{""id"":""model"",""name"":""Model""}","0","{""id"":""model230"",""name"":""Factor Ratios and its Rank Model""}","1","2026-07-01","1","Standard deviation of First Call analysts' individual forecasts for fiscal year 2 earnings, scaled by the month-end closing price","mdl230_allcap_sedol_fc_stdevfy2epsp","2","GBR","{""id"":""model-estimates-models"",""name"":""Estimates Models""}","[]","MATRIX","TOP700","0"
"0","{""id"":""model"",""name"":""Model""}","0","{""id"":""model230"",""name"":""Factor Ratios and its Rank Model""}","1","2026-07-01","1","FY2 consensus EPS forecast minus the most recent reported fiscal-year actual EPS, divided by the stock’s month-end price","mdl230_allcap_sedol_fc_y2repsg","2","GBR","{""id"":""model-estimates-models"",""name"":""Estimates Models""}","[]","MATRIX","TOP700","0"
"0","{""id"":""model"",""name"":""Model""}","0","{""id"":""model230"",""name"":""Factor Ratios and its Rank Model""}","1","2026-07-01","1","Trailing 12-month sales divided by the average total fixed assets over the same period","mdl230_allcap_sedol_fixastto","2","GBR","{""id"":""model-estimates-models"",""name"":""Estimates Models""}","[]","MATRIX","TOP700","0"
"0","{""id"":""model"",""name"":""Model""}","0","{""id"":""model230"",""name"":""Factor Ratios and its Rank Model""}","1","2026-07-01","1","(Current assets − cash and equivalents) divided by (current liabilities − short-term debt), most recent quarter","mdl230_allcap_sedol_flowratio","2","GBR","{""id"":""model-estimates-models"",""name"":""Estimates Models""}","[]","MATRIX","TOP700","0"
"0","{""id"":""model"",""name"":""Model""}","0","{""id"":""model230"",""name"":""Factor Ratios and its Rank Model""}","1","2026-07-01","1","Most recent actual fiscal quarter EPS minus the consensus EPS estimate from 60 days ago, standardized by the standard deviation of analyst forecasts 60 days ago","mdl230_allcap_sedol_fqsurstd60dlag","2","GBR","{""id"":""model-estimates-models"",""name"":""Estimates Models""}","[]","MATRIX","TOP700","0"
"0","{""id"":""model"",""name"":""Model""}","0","{""id"":""model230"",""name"":""Factor Ratios and its Rank Model""}","1","2026-07-01","1","FY1 EBITDA estimate divided by enterprise value (forward EBITDA/EV)","mdl230_allcap_sedol_fwdebitdaev","2","GBR","{""id"":""model-estimates-models"",""name"":""Estimates Models""}","[]","MATRIX","TOP700","0"
"0","{""id"":""model"",""name"":""Model""}","0","{""id"":""model230"",""name"":""Factor Ratios and its Rank Model""}","1","2026-07-01","1","It is defined as the long-term debt divided by the difference between total assets and current liability","mdl230_allcap_sedol_gear","2","GBR","{""id"":""model-estimates-models"",""name"":""Estimates Models""}","[]","MATRIX","TOP700","0"
"0","{""id"":""model"",""name"":""Model""}","0","{""id"":""model230"",""name"":""Factor Ratios and its Rank Model""}","1","2026-07-01","1","Graham Number, a valuation metric representing the fair value per share per Benjamin Graham’s formula (sqrt of 22.5 × EPS × book value per share)","mdl230_allcap_sedol_grahamnum","2","GBR","{""id"":""model-estimates-models"",""name"":""Estimates Models""}","[]","MATRIX","TOP700","0"
"0","{""id"":""model"",""name"":""Model""}","0","{""id"":""model230"",""name"":""Factor Ratios and its Rank Model""}","1","2026-07-01","1","It is defined as a stock's most recent First Call consensus analysts earnings forecast for fiscal year 2 minus the consensus forecast for year 1 and then divided by its month-end trading price","mdl230_allcap_sedol_gspea2y_cf","2","GBR","{""id"":""model-estimates-models"",""name"":""Estimates Models""}","[]","MATRIX","TOP700","0"
"0","{""id"":""model"",""name"":""Model""}","0","{""id"":""model230"",""name"":""Factor Ratios and its Rank Model""}","1","2026-07-01","1","I/B/E/S mean long-term growth forecast, representing expected annual increase in operating earnings over the company’s next full business cycle","mdl230_allcap_sedol_gtl","2","GBR","{""id"":""model-estimates-models"",""name"":""Estimates Models""}","[]","MATRIX","TOP700","0"
"0","{""id"":""model"",""name"":""Model""}","0","{""id"":""model230"",""name"":""Factor Ratios and its Rank Model""}","1","2026-07-01","1","Percent change in the mean long-term growth forecast (I/B/E/S) versus 6 months earlier","mdl230_allcap_sedol_gtlm6ghc","2","GBR","{""id"":""model-estimates-models"",""name"":""Estimates Models""}","[]","MATRIX","TOP700","0"
"0","{""id"":""model"",""name"":""Model""}","0","{""id"":""model230"",""name"":""Factor Ratios and its Rank Model""}","1","2026-07-01","1","Change in the most recent TTM capital investment intensity relative to the average of the prior three years","mdl230_allcap_sedol_ica","2","GBR","{""id"":""model-estimates-models"",""name"":""Estimates Models""}","[]","MATRIX","TOP700","0"
"0","{""id"":""model"",""name"":""Model""}","0","{""id"":""model230"",""name"":""Factor Ratios and its Rank Model""}","1","2026-07-01","1","Baltic Dry Index","mdl230_allcap_sedol_idb","2","GBR","{""id"":""model-estimates-models"",""name"":""Estimates Models""}","[]","MATRIX","TOP700","0"
"0","{""id"":""model"",""name"":""Model""}","0","{""id"":""model230"",""name"":""Factor Ratios and its Rank Model""}","1","2026-07-01","1","A stock’s lagged quarterly ROE minus the industry average ROE, scaled by the cross-sectional standard deviation of ROEs within the industry (industry-relative standardized ROE)","mdl230_allcap_sedol_indrelcroe_","2","GBR","{""id"":""model-estimates-models"",""name"":""Estimates Models""}","[]","MATRIX","TOP700","0"
"0","{""id"":""model"",""name"":""Model""}","0","{""id"":""model230"",""name"":""Factor Ratios and its Rank Model""}","1","2026-07-01","1","Industry-relative standardized doubtful receivables (asset-adjusted): own value minus industry average, divided by industry standard deviation","mdl230_allcap_sedol_indrelrecd_","2","GBR","{""id"":""model-estimates-models"",""name"":""Estimates Models""}","[]","MATRIX","TOP700","0"
"0","{""id"":""model"",""name"":""Model""}","0","{""id"":""model230"",""name"":""Factor Ratios and its Rank Model""}","1","2026-07-01","1","Industry-relative standardized 4-week return: (stock’s 4-week return − industry average) divided by the industry standard deviation","mdl230_allcap_sedol_indrelrtn4w_","2","GBR","{""id"":""model-estimates-models"",""name"":""Estimates Models""}","[]","MATRIX","TOP700","0"
"0","{""id"":""model"",""name"":""Model""}","0","{""id"":""model230"",""name"":""Factor Ratios and its Rank Model""}","1","2026-07-01","1","Industry-relative z‑score of 5‑day return: stock’s 5‑day return minus industry average, divided by the standard deviation of industry returns","mdl230_allcap_sedol_indrelrtn5d_","2","GBR","{""id"":""model-estimates-models"",""name"":""Estimates Models""}","[]","MATRIX","TOP700","0"
"0","{""id"":""model"",""name"":""Model""}","0","{""id"":""model230"",""name"":""Factor Ratios and its Rank Model""}","1","2026-07-01","1","Beta coefficient to changes in Inflation, estimated via a 60‑month multi-factor regression of stock returns on macro factors","mdl230_allcap_sedol_inflation","2","GBR","{""id"":""model-estimates-models"",""name"":""Estimates Models""}","[]","MATRIX","TOP700","0"
"0","{""id"":""model"",""name"":""Model""}","0","{""id"":""model230"",""name"":""Factor Ratios and its Rank Model""}","1","2026-07-01","1","Current inventory divided by total assets from the most recent quarter","mdl230_allcap_sedol_invast","2","GBR","{""id"":""model-estimates-models"",""name"":""Estimates Models""}","[]","MATRIX","TOP700","0"
"0","{""id"":""model"",""name"":""Model""}","0","{""id"":""model230"",""name"":""Factor Ratios and its Rank Model""}","1","2026-07-01","1","Year-over-year change in [1 − (current assets + PP&E) / total assets]","mdl230_allcap_sedol_iqa","2","GBR","{""id"":""model-estimates-models"",""name"":""Estimates Models""}","[]","MATRIX","TOP700","0"
"0","{""id"":""model"",""name"":""Model""}","0","{""id"":""model230"",""name"":""Factor Ratios and its Rank Model""}","1","2026-07-01","1","Industry-relative z-score of TTM Sales/Enterprise Value: own TTM Sales/EV minus industry average, divided by the industry standard deviation within the universe","mdl230_allcap_sedol_irttmsalesev","2","GBR","{""id"":""model-estimates-models"",""name"":""Estimates Models""}","[]","MATRIX","TOP700","0"
"0","{""id"":""model"",""name"":""Model""}","0","{""id"":""model230"",""name"":""Factor Ratios and its Rank Model""}","1","2026-07-01","1","TTM EPS before extraordinary items times the change in yearly TTM sales per share growth rate, divided by month-end price","mdl230_allcap_sedol_lagegp","2","GBR","{""id"":""model-estimates-models"",""name"":""Estimates Models""}","[]","MATRIX","TOP700","0"
"0","{""id"":""model"",""name"":""Model""}","0","{""id"":""model230"",""name"":""Factor Ratios and its Rank Model""}","1","2026-07-01","1","Last year’s sales","mdl230_allcap_sedol_lasales","2","GBR","{""id"":""model-estimates-models"",""name"":""Estimates Models""}","[]","MATRIX","TOP700","0"
"0","{""id"":""model"",""name"":""Model""}","0","{""id"":""model230"",""name"":""Factor Ratios and its Rank Model""}","1","2026-07-01","1","Sum of the trailing 12-month pretax income and trailing 12-month interest expense divided by the trailing 12-month pretax income","mdl230_allcap_sedol_lfd","2","GBR","{""id"":""model-estimates-models"",""name"":""Estimates Models""}","[]","MATRIX","TOP700","0"
"0","{""id"":""model"",""name"":""Model""}","0","{""id"":""model230"",""name"":""Factor Ratios and its Rank Model""}","1","2026-07-01","1","Slope from a regression of monthly turnover ratio on contemporaneous monthly returns liquidity sensitivity","mdl230_allcap_sedol_liqcoeff","2","GBR","{""id"":""model-estimates-models"",""name"":""Estimates Models""}","[]","MATRIX","TOP700","0"
"0","{""id"":""model"",""name"":""Model""}","0","{""id"":""model230"",""name"":""Factor Ratios and its Rank Model""}","1","2026-07-01","1","Most recent quarterly invested capital divided by trailing 12-month EBITDA","mdl230_allcap_sedol_lumqca","2","GBR","{""id"":""model-estimates-models"",""name"":""Estimates Models""}","[]","MATRIX","TOP700","0"
"0","{""id"":""model"",""name"":""Model""}","0","{""id"":""model230"",""name"":""Factor Ratios and its Rank Model""}","1","2026-07-01","1","Variance (statistical measure of variability) of returns or prices over the previous 24 months","mdl230_allcap_sedol_m42rav","2","GBR","{""id"":""model-estimates-models"",""name"":""Estimates Models""}","[]","MATRIX","TOP700","0"
"0","{""id"":""model"",""name"":""Model""}","0","{""id"":""model230"",""name"":""Factor Ratios and its Rank Model""}","1","2026-07-01","1","Price return from month t-12 to month t-7","mdl230_allcap_sedol_m6dn2ntr","2","GBR","{""id"":""model-estimates-models"",""name"":""Estimates Models""}","[]","MATRIX","TOP700","0"
"0","{""id"":""model"",""name"":""Model""}","0","{""id"":""model230"",""name"":""Factor Ratios and its Rank Model""}","1","2026-07-01","1","Financial distress score per the Campbell, Hilscher and Szilagyi model as used by Campbell et al. 2008 and Chen and Zhang 2009","mdl230_allcap_sedol_md","2","GBR","{""id"":""model-estimates-models"",""name"":""Estimates Models""}","[]","MATRIX","TOP700","0"
"0","{""id"":""model"",""name"":""Model""}","0","{""id"":""model230"",""name"":""Factor Ratios and its Rank Model""}","1","2026-07-01","1","Monthly average of the ratio of daily absolute return to daily dollar trading volume (a liquidity/price impact proxy)","mdl230_allcap_sedol_milliq","2","GBR","{""id"":""model-estimates-models"",""name"":""Estimates Models""}","[]","MATRIX","TOP700","0"
"0","{""id"":""model"",""name"":""Model""}","0","{""id"":""model230"",""name"":""Factor Ratios and its Rank Model""}","1","2026-07-01","1","Current month-end market capitalization divided by the number of analysts providing FY1 earnings estimates to I B E S","mdl230_allcap_sedol_mktcappera","2","GBR","{""id"":""model-estimates-models"",""name"":""Estimates Models""}","[]","MATRIX","TOP700","0"
"0","{""id"":""model"",""name"":""Model""}","0","{""id"":""model230"",""name"":""Factor Ratios and its Rank Model""}","1","2026-07-01","1","Market leverage ratio defined as month-end market value plus most recent book debt divided by market value","mdl230_allcap_sedol_mktlev","2","GBR","{""id"":""model-estimates-models"",""name"":""Estimates Models""}","[]","MATRIX","TOP700","0"
"0","{""id"":""model"",""name"":""Model""}","0","{""id"":""model230"",""name"":""Factor Ratios and its Rank Model""}","0.8541","2026-07-01","1","Trailing twelve-month gross profit margin, calculated as (Sales − COGS) / Sales","mdl230_allcap_sedol_mpg","2","GBR","{""id"":""model-estimates-models"",""name"":""Estimates Models""}","[]","MATRIX","TOP700","0"
"0","{""id"":""model"",""name"":""Model""}","0","{""id"":""model230"",""name"":""Factor Ratios and its Rank Model""}","1","2026-07-01","1","Most recent quarterly gross profit margin minus the margin of the same quarter three years ago gross margin defined as TTM Sales minus COGS over Sales","mdl230_allcap_sedol_mpgghcy3_","2","GBR","{""id"":""model-estimates-models"",""name"":""Estimates Models""}","[]","MATRIX","TOP700","0"
"0","{""id"":""model"",""name"":""Model""}","0","{""id"":""model230"",""name"":""Factor Ratios and its Rank Model""}","1","2026-07-01","1","Three-year geometric growth rate of gross margins","mdl230_allcap_sedol_mpgy3gc","2","GBR","{""id"":""model-estimates-models"",""name"":""Estimates Models""}","[]","MATRIX","TOP700","0"
"0","{""id"":""model"",""name"":""Model""}","0","{""id"":""model230"",""name"":""Factor Ratios and its Rank Model""}","1","2026-07-01","1","Most recently reported quarterly net income after tax divided by the corresponding quarterly sales (net profit margin)","mdl230_allcap_sedol_mpn","2","GBR","{""id"":""model-estimates-models"",""name"":""Estimates Models""}","[]","MATRIX","TOP700","0"
"0","{""id"":""model"",""name"":""Model""}","0","{""id"":""model230"",""name"":""Factor Ratios and its Rank Model""}","1","2026-07-01","1","Most recent quarterly net profit margin minus the NPM 4 quarters ago (NPM = net income divided by total sales)","mdl230_allcap_sedol_mpnghc","2","GBR","{""id"":""model-estimates-models"",""name"":""Estimates Models""}","[]","MATRIX","TOP700","0"
"0","{""id"":""model"",""name"":""Model""}","0","{""id"":""model230"",""name"":""Factor Ratios and its Rank Model""}","1","2026-07-01","1","Most recent quarterly operating profit margin minus that from four quarters ago; operating profit margin = income from operations divided by total sales","mdl230_allcap_sedol_mpoghc","2","GBR","{""id"":""model-estimates-models"",""name"":""Estimates Models""}","[]","MATRIX","TOP700","0"
"0","{""id"":""model"",""name"":""Model""}","0","{""id"":""model230"",""name"":""Factor Ratios and its Rank Model""}","1","2026-07-01","1","3-year geometric growth rate of operating profit margin, where margin = most recent quarterly operating income divided by quarterly sales","mdl230_allcap_sedol_mpoy3gc","2","GBR","{""id"":""model-estimates-models"",""name"":""Estimates Models""}","[]","MATRIX","TOP700","0"
"0","{""id"":""model"",""name"":""Model""}","0","{""id"":""model230"",""name"":""Factor Ratios and its Rank Model""}","1","2026-07-01","1","3-month change in First Call median FY1 earnings forecast, scaled by the current mean estimate","mdl230_allcap_sedol_mrspe_cf","2","GBR","{""id"":""model-estimates-models"",""name"":""Estimates Models""}","[]","MATRIX","TOP700","0"
"0","{""id"":""model"",""name"":""Model""}","0","{""id"":""model230"",""name"":""Factor Ratios and its Rank Model""}","1","2026-07-01","1","Annual aggregate sales for North America as reported by the company divided by total annual sales","mdl230_allcap_sedol_nasales","2","GBR","{""id"":""model-estimates-models"",""name"":""Estimates Models""}","[]","MATRIX","TOP700","0"
"0","{""id"":""model"",""name"":""Model""}","0","{""id"":""model230"",""name"":""Factor Ratios and its Rank Model""}","1","2026-07-01","1","Quarterly cash and equivalents minus long-term and current debt divided by month-end market value","mdl230_allcap_sedol_netcashp","2","GBR","{""id"":""model-estimates-models"",""name"":""Estimates Models""}","[]","MATRIX","TOP700","0"
"0","{""id"":""model"",""name"":""Model""}","0","{""id"":""model230"",""name"":""Factor Ratios and its Rank Model""}","1","2026-07-01","1","Net debt share of total capitalization, defined as net debt divided by net debt plus preferred stock plus common stock, using most recent quarter","mdl230_allcap_sedol_netdebt","2","GBR","{""id"":""model-estimates-models"",""name"":""Estimates Models""}","[]","MATRIX","TOP700","0"
"0","{""id"":""model"",""name"":""Model""}","0","{""id"":""model230"",""name"":""Factor Ratios and its Rank Model""}","1","2026-07-01","1","Net debt divided by EBITDA, where net debt = long-term debt + short-term debt - cash and equivalents","mdl230_allcap_sedol_netdebtebitda","2","GBR","{""id"":""model-estimates-models"",""name"":""Estimates Models""}","[]","MATRIX","TOP700","0"
"0","{""id"":""model"",""name"":""Model""}","0","{""id"":""model230"",""name"":""Factor Ratios and its Rank Model""}","1","2026-07-01","1","Most recent quarterly net fixed assets divided by total long-term debt","mdl230_allcap_sedol_nfaldebt","2","GBR","{""id"":""model-estimates-models"",""name"":""Estimates Models""}","[]","MATRIX","TOP700","0"
"0","{""id"":""model"",""name"":""Model""}","0","{""id"":""model230"",""name"":""Factor Ratios and its Rank Model""}","1","2026-07-01","1","Income after taxes for the trailing 12 months divided by the number of employees at the end of the last reported fiscal year","mdl230_allcap_sedol_niper","2","GBR","{""id"":""model-estimates-models"",""name"":""Estimates Models""}","[]","MATRIX","TOP700","0"
"0","{""id"":""model"",""name"":""Model""}","0","{""id"":""model230"",""name"":""Factor Ratios and its Rank Model""}","1","2026-07-01","1","Natural logarithm of the most recent quarterly total assets","mdl230_allcap_sedol_nlassets","2","GBR","{""id"":""model-estimates-models"",""name"":""Estimates Models""}","[]","MATRIX","TOP700","0"
"0","{""id"":""model"",""name"":""Model""}","0","{""id"":""model230"",""name"":""Factor Ratios and its Rank Model""}","1","2026-07-01","1","Natural logarithm of the most recent quarterly total assets, in USD","mdl230_allcap_sedol_nla_u","2","GBR","{""id"":""model-estimates-models"",""name"":""Estimates Models""}","[]","MATRIX","TOP700","0"
"0","{""id"":""model"",""name"":""Model""}","0","{""id"":""model230"",""name"":""Factor Ratios and its Rank Model""}","1","2026-07-01","1","Natural logarithm of the cubic of the stock’s month-end total market value","mdl230_allcap_sedol_nlmc","2","GBR","{""id"":""model-estimates-models"",""name"":""Estimates Models""}","[]","MATRIX","TOP700","0"
"0","{""id"":""model"",""name"":""Model""}","0","{""id"":""model230"",""name"":""Factor Ratios and its Rank Model""}","1","2026-07-01","1","It is defined as the natural logarithm of the cubic of a stock's total market value in USD","mdl230_allcap_sedol_nlmc_u","2","GBR","{""id"":""model-estimates-models"",""name"":""Estimates Models""}","[]","MATRIX","TOP700","0"
"0","{""id"":""model"",""name"":""Model""}","0","{""id"":""model230"",""name"":""Factor Ratios and its Rank Model""}","1","2026-07-01","1","Natural logarithm of the cubic of the stock’s month-end unadjusted closing price","mdl230_allcap_sedol_nlprice","2","GBR","{""id"":""model-estimates-models"",""name"":""Estimates Models""}","[]","MATRIX","TOP700","0"
"0","{""id"":""model"",""name"":""Model""}","0","{""id"":""model230"",""name"":""Factor Ratios and its Rank Model""}","1","2026-07-01","1","It is defined as the natural logarithm of the cubic of a stock's unadjusted closing price in USD","mdl230_allcap_sedol_nlprice_usd","2","GBR","{""id"":""model-estimates-models"",""name"":""Estimates Models""}","[]","MATRIX","TOP700","0"
"0","{""id"":""model"",""name"":""Model""}","0","{""id"":""model230"",""name"":""Factor Ratios and its Rank Model""}","1","2026-07-01","1","Natural logarithm of the cube of the company’s trailing 12-month sales (i.e., ln(sales^3))","mdl230_allcap_sedol_nlsales","2","GBR","{""id"":""model-estimates-models"",""name"":""Estimates Models""}","[]","MATRIX","TOP700","0"
"0","{""id"":""model"",""name"":""Model""}","0","{""id"":""model230"",""name"":""Factor Ratios and its Rank Model""}","1","2026-07-01","1","It is defined as the natural logarithm of the cubic of a company's trailing 12-month sales in USD","mdl230_allcap_sedol_nlsales_usd","2","GBR","{""id"":""model-estimates-models"",""name"":""Estimates Models""}","[]","MATRIX","TOP700","0"
"0","{""id"":""model"",""name"":""Model""}","0","{""id"":""model230"",""name"":""Factor Ratios and its Rank Model""}","1","2026-07-01","1","Natural log of (12-month average monthly trading volume divided by 12-month average monthly market capitalization)","mdl230_allcap_sedol_nlvolcap","2","GBR","{""id"":""model-estimates-models"",""name"":""Estimates Models""}","[]","MATRIX","TOP700","0"
"0","{""id"":""model"",""name"":""Model""}","0","{""id"":""model230"",""name"":""Factor Ratios and its Rank Model""}","1","2026-07-01","1","Net current assets per share (current assets per share minus total liabilities per share) divided by month-end price","mdl230_allcap_sedol_nnastp","2","GBR","{""id"":""model-estimates-models"",""name"":""Estimates Models""}","[]","MATRIX","TOP700","0"
"0","{""id"":""model"",""name"":""Model""}","0","{""id"":""model230"",""name"":""Factor Ratios and its Rank Model""}","1","2026-07-01","1","Trailing 12-month sales divided by the last 4-quarters average net operating assets, where net operating assets equal short-term debt plus long-term debt plus preferred equity plus common equity minus cash","mdl230_allcap_sedol_noato","2","GBR","{""id"":""model-estimates-models"",""name"":""Estimates Models""}","[]","MATRIX","TOP700","0"
"0","{""id"":""model"",""name"":""Model""}","0","{""id"":""model230"",""name"":""Factor Ratios and its Rank Model""}","1","2026-07-01","1","TTM (Net income + Interest expense × (1 − effective tax rate)) divided by net sales; effective tax rate = TTM income taxes / TTM income before taxes","mdl230_allcap_sedol_nopatmargin","2","GBR","{""id"":""model-estimates-models"",""name"":""Estimates Models""}","[]","MATRIX","TOP700","0"
"0","{""id"":""model"",""name"":""Model""}","0","{""id"":""model230"",""name"":""Factor Ratios and its Rank Model""}","1","2026-07-01","1","Percent change in a stock’s price from 12 months ago to 2 months ago","mdl230_allcap_sedol_ntrm01ff","2","GBR","{""id"":""model-estimates-models"",""name"":""Estimates Models""}","[]","MATRIX","TOP700","0"
"0","{""id"":""model"",""name"":""Model""}","0","{""id"":""model230"",""name"":""Factor Ratios and its Rank Model""}","1","2026-07-01","1","Weighted average within a month of the number of FY2 analyst earnings forecasts raised minus the number lowered, divided by the total number of analyst forecasts","mdl230_allcap_sedol_numrevy2","2","GBR","{""id"":""model-estimates-models"",""name"":""Estimates Models""}","[]","MATRIX","TOP700","0"
"0","{""id"":""model"",""name"":""Model""}","0","{""id"":""model230"",""name"":""Factor Ratios and its Rank Model""}","1","2026-07-01","1","Trailing 12-month net cash flow from operations divided by average total assets","mdl230_allcap_sedol_ocfast","2","GBR","{""id"":""model-estimates-models"",""name"":""Estimates Models""}","[]","MATRIX","TOP700","0"
"0","{""id"":""model"",""name"":""Model""}","0","{""id"":""model230"",""name"":""Factor Ratios and its Rank Model""}","1","2026-07-01","1","TTM cash flow from operations divided by TTM sales (operating cash flow margin)","mdl230_allcap_sedol_ocfmargin","2","GBR","{""id"":""model-estimates-models"",""name"":""Estimates Models""}","[]","MATRIX","TOP700","0"
"0","{""id"":""model"",""name"":""Model""}","0","{""id"":""model230"",""name"":""Factor Ratios and its Rank Model""}","1","2026-07-01","1","Most recent quarterly cash flow from operations divided by current liabilities","mdl230_allcap_sedol_ocfratio","2","GBR","{""id"":""model-estimates-models"",""name"":""Estimates Models""}","[]","MATRIX","TOP700","0"
"0","{""id"":""model"",""name"":""Model""}","0","{""id"":""model230"",""name"":""Factor Ratios and its Rank Model""}","1","2026-07-01","1","TTM operating cash flow divided by average invested capital over the same period; invested capital = common equity + long-term debt + minority interest + preferred stock","mdl230_allcap_sedol_ocfroi","2","GBR","{""id"":""model-estimates-models"",""name"":""Estimates Models""}","[]","MATRIX","TOP700","0"
"0","{""id"":""model"",""name"":""Model""}","0","{""id"":""model230"",""name"":""Factor Ratios and its Rank Model""}","1","2026-07-01","1","Ohlson model score assessing a company's probability of bankruptcy based on size, capital structure, financial performance, and liquidity","mdl230_allcap_sedol_ohlsonscore","2","GBR","{""id"":""model-estimates-models"",""name"":""Estimates Models""}","[]","MATRIX","TOP700","0"
"0","{""id"":""model"",""name"":""Model""}","0","{""id"":""model230"",""name"":""Factor Ratios and its Rank Model""}","1","2026-07-01","1","Beta coefficient to change in oil prices, estimated by a 60-month multiple regression of returns on several macroeconomic factors","mdl230_allcap_sedol_oilprice","2","GBR","{""id"":""model-estimates-models"",""name"":""Estimates Models""}","[]","MATRIX","TOP700","0"
"0","{""id"":""model"",""name"":""Model""}","0","{""id"":""model230"",""name"":""Factor Ratios and its Rank Model""}","1","2026-07-01","1","1 minus [(short‑term debt + long‑term debt + common equity + preferred equity − cash) ÷ (total assets − cash)] in the current quarter","mdl230_allcap_sedol_ollev","2","GBR","{""id"":""model-estimates-models"",""name"":""Estimates Models""}","[]","MATRIX","TOP700","0"
"0","{""id"":""model"",""name"":""Model""}","0","{""id"":""model230"",""name"":""Factor Ratios and its Rank Model""}","1","2026-07-01","1","It is defined as the difference between the yearly percent change in operating income and the yearly percent change in long-term debt","mdl230_allcap_sedol_opincltd","2","GBR","{""id"":""model-estimates-models"",""name"":""Estimates Models""}","[]","MATRIX","TOP700","0"
"0","{""id"":""model"",""name"":""Model""}","0","{""id"":""model230"",""name"":""Factor Ratios and its Rank Model""}","1","2026-07-01","1","Percent change in TTM operating income from the prior quarter divided by the percent change in TTM sales from the prior quarter (operating leverage)","mdl230_allcap_sedol_oplev","2","GBR","{""id"":""model-estimates-models"",""name"":""Estimates Models""}","[]","MATRIX","TOP700","0"
"0","{""id"":""model"",""name"":""Model""}","0","{""id"":""model230"",""name"":""Factor Ratios and its Rank Model""}","1","2026-07-01","1","It is defined as the trailing 12-month cost of goods sold divided by the average of inventory in the same period","mdl230_allcap_sedol_otvni","2","GBR","{""id"":""model-estimates-models"",""name"":""Estimates Models""}","[]","MATRIX","TOP700","0"
"0","{""id"":""model"",""name"":""Model""}","0","{""id"":""model230"",""name"":""Factor Ratios and its Rank Model""}","1","2026-07-01","1","50-day moving average price divided by 200-day moving average price","mdl230_allcap_sedol_p50_200ratio","2","GBR","{""id"":""model-estimates-models"",""name"":""Estimates Models""}","[]","MATRIX","TOP700","0"
"0","{""id"":""model"",""name"":""Model""}","0","{""id"":""model230"",""name"":""Factor Ratios and its Rank Model""}","1","2026-07-01","1","Month-end price divided by most recent quarterly total assets per share","mdl230_allcap_sedol_past","2","GBR","{""id"":""model-estimates-models"",""name"":""Estimates Models""}","[]","MATRIX","TOP700","0"
"0","{""id"":""model"",""name"":""Model""}","0","{""id"":""model230"",""name"":""Factor Ratios and its Rank Model""}","1","2026-07-01","1","Unexpected accounts payable: current A/P minus expected A/P (prior-year closing A/P multiplied by TTM COGS growth), scaled by total assets","mdl230_allcap_sedol_pau","2","GBR","{""id"":""model-estimates-models"",""name"":""Estimates Models""}","[]","MATRIX","TOP700","0"
"0","{""id"":""model"",""name"":""Model""}","0","{""id"":""model230"",""name"":""Factor Ratios and its Rank Model""}","1","2026-07-01","1","Most recent book value per share divided by month-end trading price (book-to-price)","mdl230_allcap_sedol_pb","2","GBR","{""id"":""model-estimates-models"",""name"":""Estimates Models""}","[]","MATRIX","TOP700","0"
"0","{""id"":""model"",""name"":""Model""}","0","{""id"":""model230"",""name"":""Factor Ratios and its Rank Model""}","1","2026-07-01","1","Average quarterly forward-looking book value per share divided by close price","mdl230_allcap_sedol_pbdwf","2","GBR","{""id"":""model-estimates-models"",""name"":""Estimates Models""}","[]","MATRIX","TOP700","0"
"0","{""id"":""model"",""name"":""Model""}","0","{""id"":""model230"",""name"":""Factor Ratios and its Rank Model""}","1","2026-07-01","1","Residual from a price-to-book valuation model that incorporates firm growth and ROE (per Wilcox and Philips, 2005), capturing deviation from model-implied P/B","mdl230_allcap_sedol_pbroeresidual","2","GBR","{""id"":""model-estimates-models"",""name"":""Estimates Models""}","[]","MATRIX","TOP700","0"
"0","{""id"":""model"",""name"":""Model""}","0","{""id"":""model230"",""name"":""Factor Ratios and its Rank Model""}","1","2026-07-01","1","Time-weighted average of book value per share estimates for FY1 and FY2 divided by close price","mdl230_allcap_sedol_pbwt","2","GBR","{""id"":""model-estimates-models"",""name"":""Estimates Models""}","[]","MATRIX","TOP700","0"
"0","{""id"":""model"",""name"":""Model""}","0","{""id"":""model230"",""name"":""Factor Ratios and its Rank Model""}","1","2026-07-01","1","Average of the trailing 12-month reported accounts receivable times 365 divided by the trailing 12-month sales","mdl230_allcap_sedol_pca","2","GBR","{""id"":""model-estimates-models"",""name"":""Estimates Models""}","[]","MATRIX","TOP700","0"
"0","{""id"":""model"",""name"":""Model""}","0","{""id"":""model230"",""name"":""Factor Ratios and its Rank Model""}","1","2026-07-01","1","Average quarterly forward-looking cash flows per share divided by close price","mdl230_allcap_sedol_pcdwf","2","GBR","{""id"":""model-estimates-models"",""name"":""Estimates Models""}","[]","MATRIX","TOP700","0"
"0","{""id"":""model"",""name"":""Model""}","0","{""id"":""model230"",""name"":""Factor Ratios and its Rank Model""}","1","2026-07-01","1","Current closing price divided by the lowest daily low over the last 260 trading days","mdl230_allcap_sedol_pctabv260low","2","GBR","{""id"":""model-estimates-models"",""name"":""Estimates Models""}","[]","MATRIX","TOP700","0"
"0","{""id"":""model"",""name"":""Model""}","0","{""id"":""model230"",""name"":""Factor Ratios and its Rank Model""}","1","2026-07-01","1","Percent change in the most recent trailing 12-month cash flow per share compared to its level 12 quarters earlier (three years ago)","mdl230_allcap_sedol_pctchg3ycf","2","GBR","{""id"":""model-estimates-models"",""name"":""Estimates Models""}","[]","MATRIX","TOP700","0"
"0","{""id"":""model"",""name"":""Model""}","0","{""id"":""model230"",""name"":""Factor Ratios and its Rank Model""}","1","2026-07-01","1","Percent change in most recent TTM EPS versus TTM EPS 12 quarters ago","mdl230_allcap_sedol_pctchg3yeps","2","GBR","{""id"":""model-estimates-models"",""name"":""Estimates Models""}","[]","MATRIX","TOP700","0"
"0","{""id"":""model"",""name"":""Model""}","0","{""id"":""model230"",""name"":""Factor Ratios and its Rank Model""}","1","2026-07-01","1","Percent change in trailing 12-month free cash flow per share compared to 12 quarters ago","mdl230_allcap_sedol_pctchg3yfcf","2","GBR","{""id"":""model-estimates-models"",""name"":""Estimates Models""}","[]","MATRIX","TOP700","0"
"0","{""id"":""model"",""name"":""Model""}","0","{""id"":""model230"",""name"":""Factor Ratios and its Rank Model""}","1","2026-07-01","1","Percent change in trailing 12-month operating cash flow per share compared to 12 quarters ago","mdl230_allcap_sedol_pctchg3yocf","2","GBR","{""id"":""model-estimates-models"",""name"":""Estimates Models""}","[]","MATRIX","TOP700","0"
"0","{""id"":""model"",""name"":""Model""}","0","{""id"":""model230"",""name"":""Factor Ratios and its Rank Model""}","1","2026-07-01","1","Percent change in the most recent asset turnover ratio compared to that of 4 quarters ago; asset turnover ratio is trailing 12-month sales divided by average total assets in the same period","mdl230_allcap_sedol_pctchgastto","2","GBR","{""id"":""model-estimates-models"",""name"":""Estimates Models""}","[]","MATRIX","TOP700","0"
"0","{""id"":""model"",""name"":""Model""}","0","{""id"":""model230"",""name"":""Factor Ratios and its Rank Model""}","1","2026-07-01","1","Percent change in TTM cash flow per share versus four quarters ago","mdl230_allcap_sedol_pctchgcf","2","GBR","{""id"":""model-estimates-models"",""name"":""Estimates Models""}","[]","MATRIX","TOP700","0"
"0","{""id"":""model"",""name"":""Model""}","0","{""id"":""model230"",""name"":""Factor Ratios and its Rank Model""}","1","2026-07-01","1","Percent change in the most recent trailing 12-month earnings per share before extra items compared to the EPS 4 quarters ago","mdl230_allcap_sedol_pctchgeps","2","GBR","{""id"":""model-estimates-models"",""name"":""Estimates Models""}","[]","MATRIX","TOP700","0"
"0","{""id"":""model"",""name"":""Model""}","0","{""id"":""model230"",""name"":""Factor Ratios and its Rank Model""}","1","2026-07-01","1","Percent change in the most recent trailing 12-month free cash flow per share compared to the free cash flow per share 4 quarters ago","mdl230_allcap_sedol_pctchgfcf","2","GBR","{""id"":""model-estimates-models"",""name"":""Estimates Models""}","[]","MATRIX","TOP700","0"
"0","{""id"":""model"",""name"":""Model""}","0","{""id"":""model230"",""name"":""Factor Ratios and its Rank Model""}","1","2026-07-01","1","Percent change in TTM operating cash flow per share versus 4 quarters ago","mdl230_allcap_sedol_pctchgocf","2","GBR","{""id"":""model-estimates-models"",""name"":""Estimates Models""}","[]","MATRIX","TOP700","0"
"0","{""id"":""model"",""name"":""Model""}","0","{""id"":""model230"",""name"":""Factor Ratios and its Rank Model""}","1","2026-07-01","1","Growth in the most recently reported quarterly total assets per share compared with four quarters ago (percent change)","mdl230_allcap_sedol_pctchgqtrast","2","GBR","{""id"":""model-estimates-models"",""name"":""Estimates Models""}","[]","MATRIX","TOP700","0"
"0","{""id"":""model"",""name"":""Model""}","0","{""id"":""model230"",""name"":""Factor Ratios and its Rank Model""}","1","2026-07-01","1","It is defined as the growth in most recent reported quarterly sales per share as compared to 4 quarters ago","mdl230_allcap_sedol_pctchgqtrsales","2","GBR","{""id"":""model-estimates-models"",""name"":""Estimates Models""}","[]","MATRIX","TOP700","0"
"0","{""id"":""model"",""name"":""Model""}","0","{""id"":""model230"",""name"":""Factor Ratios and its Rank Model""}","1","2026-07-01","1","Most recently reported quarterly current liabilities per share divided by the month-end closing price","mdl230_allcap_sedol_pcurlia","2","GBR","{""id"":""model-estimates-models"",""name"":""Estimates Models""}","[]","MATRIX","TOP700","0"
"0","{""id"":""model"",""name"":""Model""}","0","{""id"":""model230"",""name"":""Factor Ratios and its Rank Model""}","1","2026-07-01","1","Time-weighted average of cash flows per share estimates for fiscal years 1 and 2 divided by the close price","mdl230_allcap_sedol_pcwt","2","GBR","{""id"":""model-estimates-models"",""name"":""Estimates Models""}","[]","MATRIX","TOP700","0"
"0","{""id"":""model"",""name"":""Model""}","0","{""id"":""model230"",""name"":""Factor Ratios and its Rank Model""}","1","2026-07-01","1","Standard deviation of the last 90 days’ closing prices divided by their mean (coefficient of variation)","mdl230_allcap_sedol_pd09erpvc","2","GBR","{""id"":""model-estimates-models"",""name"":""Estimates Models""}","[]","MATRIX","TOP700","0"
"0","{""id"":""model"",""name"":""Model""}","0","{""id"":""model230"",""name"":""Factor Ratios and its Rank Model""}","1","2026-07-01","1","Difference between the trailing 12-month depreciation expenses and the expected level of depreciation expenses (multiplying the prior year's closing account balance by the growth in total fixed assets) scaled by total assets","mdl230_allcap_sedol_pedu","2","GBR","{""id"":""model-estimates-models"",""name"":""Estimates Models""}","[]","MATRIX","TOP700","0"
"0","{""id"":""model"",""name"":""Model""}","0","{""id"":""model230"",""name"":""Factor Ratios and its Rank Model""}","1","2026-07-01","1","Next four quarters' mean consensus EPS estimate divided by price (forward earnings to price)","mdl230_allcap_sedol_pedwf_cf","2","GBR","{""id"":""model-estimates-models"",""name"":""Estimates Models""}","[]","MATRIX","TOP700","0"
"0","{""id"":""model"",""name"":""Model""}","0","{""id"":""model230"",""name"":""Factor Ratios and its Rank Model""}","1","2026-07-01","1","Sum of the 3-month change in the highest FY1 EPS estimate and the 3-month change in the lowest FY1 EPS estimate, scaled by month-end price","mdl230_allcap_sedol_pelh_cf","2","GBR","{""id"":""model-estimates-models"",""name"":""Estimates Models""}","[]","MATRIX","TOP700","0"
"0","{""id"":""model"",""name"":""Model""}","0","{""id"":""model230"",""name"":""Factor Ratios and its Rank Model""}","1","2026-07-01","1","PEG ratio (price/earnings divided by earnings growth)","mdl230_allcap_sedol_perg","2","GBR","{""id"":""model-estimates-models"",""name"":""Estimates Models""}","[]","MATRIX","TOP700","0"
"0","{""id"":""model"",""name"":""Model""}","0","{""id"":""model230"",""name"":""Factor Ratios and its Rank Model""}","1","2026-07-01","1","Time-weighted forward earnings-to-price ratio using FY1 and FY2 earnings estimates to approximate a twelve-month forward earnings measure relative to price","mdl230_allcap_sedol_pe_wt","2","GBR","{""id"":""model-estimates-models"",""name"":""Estimates Models""}","[]","MATRIX","TOP700","0"
"0","{""id"":""model"",""name"":""Model""}","0","{""id"":""model230"",""name"":""Factor Ratios and its Rank Model""}","1","2026-07-01","1","(TTM free cash flow per share − TTM free cash flow per share 4 quarters ago) divided by month-end trading price","mdl230_allcap_sedol_pfcfghc","2","GBR","{""id"":""model-estimates-models"",""name"":""Estimates Models""}","[]","MATRIX","TOP700","0"
"0","{""id"":""model"",""name"":""Model""}","0","{""id"":""model230"",""name"":""Factor Ratios and its Rank Model""}","1","2026-07-01","1","Trailing 12-month free cash flow per share divided by the month-end trading price; free cash flow equals operating cash flow minus capital expenditures and cash dividends","mdl230_allcap_sedol_pfcfmtt","2","GBR","{""id"":""model-estimates-models"",""name"":""Estimates Models""}","[]","MATRIX","TOP700","0"
"0","{""id"":""model"",""name"":""Model""}","0","{""id"":""model230"",""name"":""Factor Ratios and its Rank Model""}","1","2026-07-01","1","It is defined as the difference between the most recently reported trailing 12-month free cash flow per share and that of 12-quarters ago for a stock divided by its month-end trading price","mdl230_allcap_sedol_pfcfy3ghc","2","GBR","{""id"":""model-estimates-models"",""name"":""Estimates Models""}","[]","MATRIX","TOP700","0"
"0","{""id"":""model"",""name"":""Model""}","0","{""id"":""model230"",""name"":""Factor Ratios and its Rank Model""}","1","2026-07-01","1","Next 4-quarter mean earnings estimates plus trailing 12-month depreciation expense per share minus corresponding capital expenditures, divided by the month-end trading price","mdl230_allcap_sedol_pfcf_cf","2","GBR","{""id"":""model-estimates-models"",""name"":""Estimates Models""}","[]","MATRIX","TOP700","0"
"0","{""id"":""model"",""name"":""Model""}","0","{""id"":""model230"",""name"":""Factor Ratios and its Rank Model""}","1","2026-07-01","1","Difference between TTM cash flow per share and that of 12 quarters ago divided by month-end price","mdl230_allcap_sedol_pfcghc","2","GBR","{""id"":""model-estimates-models"",""name"":""Estimates Models""}","[]","MATRIX","TOP700","0"
"0","{""id"":""model"",""name"":""Model""}","0","{""id"":""model230"",""name"":""Factor Ratios and its Rank Model""}","1","2026-07-01","1","Trailing 12-month cash flow per share scaled by the month-end trading price; cash flow = net income + depreciation","mdl230_allcap_sedol_pfcmtt","2","GBR","{""id"":""model-estimates-models"",""name"":""Estimates Models""}","[]","MATRIX","TOP700","0"
"0","{""id"":""model"",""name"":""Model""}","0","{""id"":""model230"",""name"":""Factor Ratios and its Rank Model""}","1","2026-07-01","1","Difference between the most recent trailing 12-month operating cash flow per share and that of 4 quarters ago, divided by the month-end trading price","mdl230_allcap_sedol_pfcoghc","2","GBR","{""id"":""model-estimates-models"",""name"":""Estimates Models""}","[]","MATRIX","TOP700","0"
"0","{""id"":""model"",""name"":""Model""}","0","{""id"":""model230"",""name"":""Factor Ratios and its Rank Model""}","1","2026-07-01","1","TTM operating cash flow per share divided by month-end trading price (operating cash flow to price)","mdl230_allcap_sedol_pfcomtt","2","GBR","{""id"":""model-estimates-models"",""name"":""Estimates Models""}","[]","MATRIX","TOP700","0"
"0","{""id"":""model"",""name"":""Model""}","0","{""id"":""model230"",""name"":""Factor Ratios and its Rank Model""}","1","2026-07-01","1","Difference between current TTM operating cash flow per share and that from 12 quarters ago, divided by month-end trading price","mdl230_allcap_sedol_pfcoy3ghc","2","GBR","{""id"":""model-estimates-models"",""name"":""Estimates Models""}","[]","MATRIX","TOP700","0"
"0","{""id"":""model"",""name"":""Model""}","0","{""id"":""model230"",""name"":""Factor Ratios and its Rank Model""}","1","2026-07-01","1","Change in trailing 12-month cash flow per share over 3 years divided by month-end price","mdl230_allcap_sedol_pfcy3ghc","2","GBR","{""id"":""model-estimates-models"",""name"":""Estimates Models""}","[]","MATRIX","TOP700","0"
"0","{""id"":""model"",""name"":""Model""}","0","{""id"":""model230"",""name"":""Factor Ratios and its Rank Model""}","1","2026-07-01","1","It is defined as the sum of trailing 12-month growth flow value per share for a stock divided by its month-end trading price. Growth flow is the sum of Research & Development expenses and reported net income","mdl230_allcap_sedol_pfgmtt","2","GBR","{""id"":""model-estimates-models"",""name"":""Estimates Models""}","[]","MATRIX","TOP700","0"
"0","{""id"":""model"",""name"":""Model""}","0","{""id"":""model230"",""name"":""Factor Ratios and its Rank Model""}","1","2026-07-01","1","First Call next four quarters mean earnings estimate times I B E S long-term mean growth forecast, divided by month-end price","mdl230_allcap_sedol_pge_cf","2","GBR","{""id"":""model-estimates-models"",""name"":""Estimates Models""}","[]","MATRIX","TOP700","0"
"0","{""id"":""model"",""name"":""Model""}","0","{""id"":""model230"",""name"":""Factor Ratios and its Rank Model""}","1","2026-07-01","1","Beta coefficient to changes in Industrial Production, estimated via a 60‑month multi-factor regression of stock returns on macro factors","mdl230_allcap_sedol_pi","2","GBR","{""id"":""model-estimates-models"",""name"":""Estimates Models""}","[]","MATRIX","TOP700","0"
"0","{""id"":""model"",""name"":""Model""}","0","{""id"":""model230"",""name"":""Factor Ratios and its Rank Model""}","1","2026-07-01","1","Trailing 12-month operating income after depreciation divided by the average net operating assets","mdl230_allcap_sedol_pinoa","2","GBR","{""id"":""model-estimates-models"",""name"":""Estimates Models""}","[]","MATRIX","TOP700","0"
"0","{""id"":""model"",""name"":""Model""}","0","{""id"":""model230"",""name"":""Factor Ratios and its Rank Model""}","1","2026-07-01","1","Average trailing 12-month accounts payable times 365 divided by TTM cost of goods sold days payable outstanding","mdl230_allcap_sedol_ppa","2","GBR","{""id"":""model-estimates-models"",""name"":""Estimates Models""}","[]","MATRIX","TOP700","0"
"0","{""id"":""model"",""name"":""Model""}","0","{""id"":""model230"",""name"":""Factor Ratios and its Rank Model""}","1","2026-07-01","1","Trailing 12‑month income (operating and non‑operating) before taxes and minority interest per share divided by month‑end price","mdl230_allcap_sedol_pqipmtt","2","GBR","{""id"":""model-estimates-models"",""name"":""Estimates Models""}","[]","MATRIX","TOP700","0"
"0","{""id"":""model"",""name"":""Model""}","0","{""id"":""model230"",""name"":""Factor Ratios and its Rank Model""}","1","2026-07-01","1","Beta coefficient to change in the credit risk premium, estimated by a 60-month multiple regression of returns on several macroeconomic factors","mdl230_allcap_sedol_prc","2","GBR","{""id"":""model-estimates-models"",""name"":""Estimates Models""}","[]","MATRIX","TOP700","0"
"0","{""id"":""model"",""name"":""Model""}","0","{""id"":""model230"",""name"":""Factor Ratios and its Rank Model""}","1","2026-07-01","1","FY1 forecast sales per share divided by current trading price (forward Sales-to-Price)","mdl230_allcap_sedol_psdwf","2","GBR","{""id"":""model-estimates-models"",""name"":""Estimates Models""}","[]","MATRIX","TOP700","0"
"0","{""id"":""model"",""name"":""Model""}","0","{""id"":""model230"",""name"":""Factor Ratios and its Rank Model""}","1","2026-07-01","1","Most recently reported trailing 12-month sales per share divided by month-end trading price","mdl230_allcap_sedol_psmtt","2","GBR","{""id"":""model-estimates-models"",""name"":""Estimates Models""}","[]","MATRIX","TOP700","0"
"0","{""id"":""model"",""name"":""Model""}","0","{""id"":""model230"",""name"":""Factor Ratios and its Rank Model""}","1","2026-07-01","1","Change in TTM EPS versus 4 quarters ago, divided by the stock’s month-end price","mdl230_allcap_sedol_pspeghc","2","GBR","{""id"":""model-estimates-models"",""name"":""Estimates Models""}","[]","MATRIX","TOP700","0"
"0","{""id"":""model"",""name"":""Model""}","0","{""id"":""model230"",""name"":""Factor Ratios and its Rank Model""}","1","2026-07-01","1","Time-weighted sales per share for FY1 and FY2 divided by price","mdl230_allcap_sedol_ps_wt","2","GBR","{""id"":""model-estimates-models"",""name"":""Estimates Models""}","[]","MATRIX","TOP700","0"
"0","{""id"":""model"",""name"":""Model""}","0","{""id"":""model230"",""name"":""Factor Ratios and its Rank Model""}","1","2026-07-01","1","Difference between realized profitability and the expected profitability estimated from a regression model","mdl230_allcap_sedol_pu","2","GBR","{""id"":""model-estimates-models"",""name"":""Estimates Models""}","[]","MATRIX","TOP700","0"
"0","{""id"":""model"",""name"":""Model""}","0","{""id"":""model230"",""name"":""Factor Ratios and its Rank Model""}","1","2026-07-01","1","Net asset value per share","mdl230_allcap_sedol_pvan","2","GBR","{""id"":""model-estimates-models"",""name"":""Estimates Models""}","[]","MATRIX","TOP700","0"
"0","{""id"":""model"",""name"":""Model""}","0","{""id"":""model230"",""name"":""Factor Ratios and its Rank Model""}","1","2026-07-01","1","Market-adjusted excess return measure using a proprietary rational decay model based on the intercept from a 12-month OLS regression","mdl230_allcap_sedol_rationalalpha","2","GBR","{""id"":""model-estimates-models"",""name"":""Estimates Models""}","[]","MATRIX","TOP700","0"
"0","{""id"":""model"",""name"":""Model""}","0","{""id"":""model230"",""name"":""Factor Ratios and its Rank Model""}","1","2026-07-01","1","Six-month average of the change in the average analyst recommendation tracked by I/B/E/S","mdl230_allcap_sedol_ratrev6m","2","GBR","{""id"":""model-estimates-models"",""name"":""Estimates Models""}","[]","MATRIX","TOP700","0"
"0","{""id"":""model"",""name"":""Model""}","0","{""id"":""model230"",""name"":""Factor Ratios and its Rank Model""}","1","2026-07-01","1","Abnormal accounts receivable equal to current A R minus expected A R based on prior year-end A R times TTM sales growth, scaled by total assets","mdl230_allcap_sedol_rau","2","GBR","{""id"":""model-estimates-models"",""name"":""Estimates Models""}","[]","MATRIX","TOP700","0"
"0","{""id"":""model"",""name"":""Model""}","0","{""id"":""model230"",""name"":""Factor Ratios and its Rank Model""}","1","2026-07-01","1","Average TTM research and development expenses divided by TTM total sales","mdl230_allcap_sedol_rdsale","2","GBR","{""id"":""model-estimates-models"",""name"":""Estimates Models""}","[]","MATRIX","TOP700","0"
"0","{""id"":""model"",""name"":""Model""}","0","{""id"":""model230"",""name"":""Factor Ratios and its Rank Model""}","1","2026-07-01","1","Trailing 12-month earnings per share before extra items minus trailing 12-month dividends per share by ex-date, divided by the average book equity per share in the same period","mdl230_allcap_sedol_reinrate","2","GBR","{""id"":""model-estimates-models"",""name"":""Estimates Models""}","[]","MATRIX","TOP700","0"
"0","{""id"":""model"",""name"":""Model""}","0","{""id"":""model230"",""name"":""Factor Ratios and its Rank Model""}","1","2026-07-01","1","Current book-to-price ratio minus the 60-month average BP, scaled by the 60-month standard deviation of BP (5-year relative BP z-score)","mdl230_allcap_sedol_rel5ybp","2","GBR","{""id"":""model-estimates-models"",""name"":""Estimates Models""}","[]","MATRIX","TOP700","0"
"0","{""id"":""model"",""name"":""Model""}","0","{""id"":""model230"",""name"":""Factor Ratios and its Rank Model""}","1","2026-07-01","1","Current TTM cash flow-to-price minus its 60-month average, scaled by the 60-month standard deviation","mdl230_allcap_sedol_rel5ycfp","2","GBR","{""id"":""model-estimates-models"",""name"":""Estimates Models""}","[]","MATRIX","TOP700","0"
"0","{""id"":""model"",""name"":""Model""}","0","{""id"":""model230"",""name"":""Factor Ratios and its Rank Model""}","1","2026-07-01","1","Z-score of current dividend yield relative to its own last 60 months: (current DivYield − 60‑month average DivYield) divided by the 60‑month standard deviation of DivYield","mdl230_allcap_sedol_rel5ydivp","2","GBR","{""id"":""model-estimates-models"",""name"":""Estimates Models""}","[]","MATRIX","TOP700","0"
"0","{""id"":""model"",""name"":""Model""}","0","{""id"":""model230"",""name"":""Factor Ratios and its Rank Model""}","1","2026-07-01","1","Z‑score of current TTM EBITDA per share to price ratio relative to its own last 60 months: (current − 60‑month average) ÷ 60‑month standard deviation","mdl230_allcap_sedol_rel5yebitdap","2","GBR","{""id"":""model-estimates-models"",""name"":""Estimates Models""}","[]","MATRIX","TOP700","0"
"0","{""id"":""model"",""name"":""Model""}","0","{""id"":""model230"",""name"":""Factor Ratios and its Rank Model""}","1","2026-07-01","1","It is defined as a stock's current trailing 12-month earnings per share before extra items-to-price ratio (EP) minus the average of the EPs in the last 60-month scaled by the standard deviation of the EPs over the same period","mdl230_allcap_sedol_rel5yep","2","GBR","{""id"":""model-estimates-models"",""name"":""Estimates Models""}","[]","MATRIX","TOP700","0"
"0","{""id"":""model"",""name"":""Model""}","0","{""id"":""model230"",""name"":""Factor Ratios and its Rank Model""}","1","2026-07-01","1","Current trailing 12-month free cash flow-to-price ratio minus the 60-month average of that ratio, scaled by its standard deviation over the same period","mdl230_allcap_sedol_rel5yfcfp","2","GBR","{""id"":""model-estimates-models"",""name"":""Estimates Models""}","[]","MATRIX","TOP700","0"
"0","{""id"":""model"",""name"":""Model""}","0","{""id"":""model230"",""name"":""Factor Ratios and its Rank Model""}","1","2026-07-01","1","Current TTM operating cash flow-to-price minus its 60-month average, scaled by the 60-month standard deviation","mdl230_allcap_sedol_rel5yocfp","2","GBR","{""id"":""model-estimates-models"",""name"":""Estimates Models""}","[]","MATRIX","TOP700","0"
"0","{""id"":""model"",""name"":""Model""}","0","{""id"":""model230"",""name"":""Factor Ratios and its Rank Model""}","1","2026-07-01","1","Standardized deviation of current TTM sales-to-price from its own 60-month history: (current TTM SP − 60-month average SP) divided by the 60-month SP standard deviation","mdl230_allcap_sedol_rel5ysp","2","GBR","{""id"":""model-estimates-models"",""name"":""Estimates Models""}","[]","MATRIX","TOP700","0"
"0","{""id"":""model"",""name"":""Model""}","0","{""id"":""model230"",""name"":""Factor Ratios and its Rank Model""}","1","2026-07-01","1","Industry-normalized 12-month relative price strength, defined as a stock’s PS minus industry peers’ PS, scaled by the cross-sectional standard deviation","mdl230_allcap_sedol_relpricestrength_","2","GBR","{""id"":""model-estimates-models"",""name"":""Estimates Models""}","[]","MATRIX","TOP700","0"
"0","{""id"":""model"",""name"":""Model""}","0","{""id"":""model230"",""name"":""Factor Ratios and its Rank Model""}","1","2026-07-01","1","Standard error of the slope from a regression of the last 60 months of a stock's monthly returns on S&P 500 Index returns","mdl230_allcap_sedol_rerror60m","2","GBR","{""id"":""model-estimates-models"",""name"":""Estimates Models""}","[]","MATRIX","TOP700","0"
"0","{""id"":""model"",""name"":""Model""}","0","{""id"":""model230"",""name"":""Factor Ratios and its Rank Model""}","1","2026-07-01","1","Change in current mean FY1 EPS estimate versus three months ago, scaled by the standard deviation of analyst forecasts as of three months ago","mdl230_allcap_sedol_rev3my1std","2","GBR","{""id"":""model-estimates-models"",""name"":""Estimates Models""}","[]","MATRIX","TOP700","0"
"0","{""id"":""model"",""name"":""Model""}","0","{""id"":""model230"",""name"":""Factor Ratios and its Rank Model""}","1","2026-07-01","1","Change in the current analysts mean earnings estimate for fiscal year 2 versus three months ago, scaled by the standard deviation of analyst forecasts as of three months ago","mdl230_allcap_sedol_rev3my2std","2","GBR","{""id"":""model-estimates-models"",""name"":""Estimates Models""}","[]","MATRIX","TOP700","0"
"0","{""id"":""model"",""name"":""Model""}","0","{""id"":""model230"",""name"":""Factor Ratios and its Rank Model""}","0.917","2026-07-01","1","Average of the prior six monthly changes in FY2 consensus EPS, scaled by previous month-end price","mdl230_allcap_sedol_rev6fy2","2","GBR","{""id"":""model-estimates-models"",""name"":""Estimates Models""}","[]","MATRIX","TOP700","0"
"0","{""id"":""model"",""name"":""Model""}","0","{""id"":""model230"",""name"":""Factor Ratios and its Rank Model""}","1","2026-07-01","1","Revenue per employee: TTM total sales divided by the number of employees at the end of the last fiscal year","mdl230_allcap_sedol_revper","2","GBR","{""id"":""model-estimates-models"",""name"":""Estimates Models""}","[]","MATRIX","TOP700","0"
"0","{""id"":""model"",""name"":""Model""}","0","{""id"":""model230"",""name"":""Factor Ratios and its Rank Model""}","1","2026-07-01","1","Return on Equity, net income divided by shareholders' equity","mdl230_allcap_sedol_roe","2","GBR","{""id"":""model-estimates-models"",""name"":""Estimates Models""}","[]","MATRIX","TOP700","0"
"0","{""id"":""model"",""name"":""Model""}","0","{""id"":""model230"",""name"":""Factor Ratios and its Rank Model""}","1","2026-07-01","1","Trailing 12-month net income plus interest expenses divided by the average reported invested capital (common equity + long-term debt + minority interest + preferred stock)","mdl230_allcap_sedol_roic","2","GBR","{""id"":""model-estimates-models"",""name"":""Estimates Models""}","[]","MATRIX","TOP700","0"
"0","{""id"":""model"",""name"":""Model""}","0","{""id"":""model230"",""name"":""Factor Ratios and its Rank Model""}","1","2026-07-01","1","It is defined as the latest reported quarterly operating income divided by 12-Month lagged total assets","mdl230_allcap_sedol_rp","2","GBR","{""id"":""model-estimates-models"",""name"":""Estimates Models""}","[]","MATRIX","TOP700","0"
"0","{""id"":""model"",""name"":""Model""}","0","{""id"":""model230"",""name"":""Factor Ratios and its Rank Model""}","1","2026-07-01","1","Quick ratio: current assets less inventories from the most recent quarter divided by total current liabilities from the most recent quarter","mdl230_allcap_sedol_rq","2","GBR","{""id"":""model-estimates-models"",""name"":""Estimates Models""}","[]","MATRIX","TOP700","0"
"0","{""id"":""model"",""name"":""Model""}","0","{""id"":""model230"",""name"":""Factor Ratios and its Rank Model""}","1","2026-07-01","1","Interquartile range of daily total returns over the trailing one month","mdl230_allcap_sedol_rqi_rd","2","GBR","{""id"":""model-estimates-models"",""name"":""Estimates Models""}","[]","MATRIX","TOP700","0"
"0","{""id"":""model"",""name"":""Model""}","0","{""id"":""model230"",""name"":""Factor Ratios and its Rank Model""}","1","2026-07-01","1","It is defined as the absolute value of the difference between the yearly percent change in trailing 12-month sales per share and the yearly percent change in trailing 12-month diluted earnings per share before extraordinary items","mdl230_allcap_sedol_saleeps","2","GBR","{""id"":""model-estimates-models"",""name"":""Estimates Models""}","[]","MATRIX","TOP700","0"
"0","{""id"":""model"",""name"":""Model""}","0","{""id"":""model230"",""name"":""Factor Ratios and its Rank Model""}","1","2026-07-01","1","Difference between the trailing 12-month sales per share (SALE) and the SALE 20 quarters ago, then deflated by the average of the SALEs in the prior 20 quarters","mdl230_allcap_sedol_saleg5y","2","GBR","{""id"":""model-estimates-models"",""name"":""Estimates Models""}","[]","MATRIX","TOP700","0"
"0","{""id"":""model"",""name"":""Model""}","0","{""id"":""model230"",""name"":""Factor Ratios and its Rank Model""}","1","2026-07-01","1","Gross profit margin on sales (gross profit divided by sales)","mdl230_allcap_sedol_salegpm","2","GBR","{""id"":""model-estimates-models"",""name"":""Estimates Models""}","[]","MATRIX","TOP700","0"
"0","{""id"":""model"",""name"":""Model""}","0","{""id"":""model230"",""name"":""Factor Ratios and its Rank Model""}","1","2026-07-01","1","Yearly percent change in TTM sales minus the yearly percent change in accounts receivable","mdl230_allcap_sedol_salerec","2","GBR","{""id"":""model-estimates-models"",""name"":""Estimates Models""}","[]","MATRIX","TOP700","0"
"0","{""id"":""model"",""name"":""Model""}","0","{""id"":""model230"",""name"":""Factor Ratios and its Rank Model""}","1","2026-07-01","1","Beta coefficient to changes in Housing Starts estimated from a 60-month multi-factor regression of returns","mdl230_allcap_sedol_sh","2","GBR","{""id"":""model-estimates-models"",""name"":""Estimates Models""}","[]","MATRIX","TOP700","0"
"0","{""id"":""model"",""name"":""Model""}","0","{""id"":""model230"",""name"":""Factor Ratios and its Rank Model""}","1","2026-07-01","1","Percent change in the current number of shares outstanding compared to one year ago","mdl230_allcap_sedol_sharechg","2","GBR","{""id"":""model-estimates-models"",""name"":""Estimates Models""}","[]","MATRIX","TOP700","0"
"0","{""id"":""model"",""name"":""Model""}","0","{""id"":""model230"",""name"":""Factor Ratios and its Rank Model""}","1","2026-07-01","1","Most recently reported inventory as a percentage of trailing 12-month sales minus the same percentage 4 quarters ago","mdl230_allcap_sedol_sighc","2","GBR","{""id"":""model-estimates-models"",""name"":""Estimates Models""}","[]","MATRIX","TOP700","0"
"0","{""id"":""model"",""name"":""Model""}","0","{""id"":""model230"",""name"":""Factor Ratios and its Rank Model""}","1","2026-07-01","1","Standard deviation of monthly returns over the prior 60 months","mdl230_allcap_sedol_sigma","2","GBR","{""id"":""model-estimates-models"",""name"":""Estimates Models""}","[]","MATRIX","TOP700","0"
"0","{""id"":""model"",""name"":""Model""}","0","{""id"":""model230"",""name"":""Factor Ratios and its Rank Model""}","1","2026-07-01","1","Skewness of the distribution of a stock’s daily excess returns relative to the S&P 500 over the last 90 days","mdl230_allcap_sedol_skew90cortn","2","GBR","{""id"":""model-estimates-models"",""name"":""Estimates Models""}","[]","MATRIX","TOP700","0"
"0","{""id"":""model"",""name"":""Model""}","0","{""id"":""model230"",""name"":""Factor Ratios and its Rank Model""}","1","2026-07-01","1","Skewness of the distribution of a stock’s daily price returns over the last 90 days","mdl230_allcap_sedol_skew90drtn","2","GBR","{""id"":""model-estimates-models"",""name"":""Estimates Models""}","[]","MATRIX","TOP700","0"
"0","{""id"":""model"",""name"":""Model""}","0","{""id"":""model230"",""name"":""Factor Ratios and its Rank Model""}","1","2026-07-01","1","Slope of the time trend in TTM EPS before extraordinary items over the prior 20 quarters (approximately 5 years)","mdl230_allcap_sedol_slope4qeps5y","2","GBR","{""id"":""model-estimates-models"",""name"":""Estimates Models""}","[]","MATRIX","TOP700","0"
"0","{""id"":""model"",""name"":""Model""}","0","{""id"":""model230"",""name"":""Factor Ratios and its Rank Model""}","1","2026-07-01","1","Four-week lagged slope coefficient from a least squares regression of the past 52 weeks’ weekly closing prices against time (weekly dates)","mdl230_allcap_sedol_slope52wp","2","GBR","{""id"":""model-estimates-models"",""name"":""Estimates Models""}","[]","MATRIX","TOP700","0"
"0","{""id"":""model"",""name"":""Model""}","0","{""id"":""model230"",""name"":""Factor Ratios and its Rank Model""}","1","2026-07-01","1","Four-week lagged slope coefficient of the least squares regression line of the last 66 weeks’ weekly closing prices against weekly dates","mdl230_allcap_sedol_slope66wp","2","GBR","{""id"":""model-estimates-models"",""name"":""Estimates Models""}","[]","MATRIX","TOP700","0"
"0","{""id"":""model"",""name"":""Model""}","0","{""id"":""model230"",""name"":""Factor Ratios and its Rank Model""}","1","2026-07-01","1","Coefficient of variation of FY1 EPS estimates: standard deviation of First Call analysts’ FY1 EPS forecasts divided by their mean","mdl230_allcap_sedol_spe1yfvc_cf","2","GBR","{""id"":""model-estimates-models"",""name"":""Estimates Models""}","[]","MATRIX","TOP700","0"
"0","{""id"":""model"",""name"":""Model""}","0","{""id"":""model230"",""name"":""Factor Ratios and its Rank Model""}","1","2026-07-01","1","Coefficient of variation of FY2 EPS estimates, defined as the standard deviation of individual First Call estimates divided by their mean","mdl230_allcap_sedol_spe2yfvc_cf","2","GBR","{""id"":""model-estimates-models"",""name"":""Estimates Models""}","[]","MATRIX","TOP700","0"
"0","{""id"":""model"",""name"":""Model""}","0","{""id"":""model230"",""name"":""Factor Ratios and its Rank Model""}","1","2026-07-01","1","Absolute value of the difference between the yearly percent change in trailing 12-month operating cash flow per share and the yearly percent change in trailing 12-month diluted EPS before extraordinary items","mdl230_allcap_sedol_spefcn","2","GBR","{""id"":""model-estimates-models"",""name"":""Estimates Models""}","[]","MATRIX","TOP700","0"
"0","{""id"":""model"",""name"":""Model""}","0","{""id"":""model230"",""name"":""Factor Ratios and its Rank Model""}","1","2026-07-01","1","TTM EPS before extraordinary items minus EPS from 4 quarters ago, scaled by average total assets per share","mdl230_allcap_sedol_speghc","2","GBR","{""id"":""model-estimates-models"",""name"":""Estimates Models""}","[]","MATRIX","TOP700","0"
"0","{""id"":""model"",""name"":""Model""}","0","{""id"":""model230"",""name"":""Factor Ratios and its Rank Model""}","1","2026-07-01","1","Average analyst recommendation per the I B E S standardized rating system","mdl230_allcap_sedol_stockrating","2","GBR","{""id"":""model-estimates-models"",""name"":""Estimates Models""}","[]","MATRIX","TOP700","0"
"0","{""id"":""model"",""name"":""Model""}","0","{""id"":""model230"",""name"":""Factor Ratios and its Rank Model""}","1","2026-07-01","1","Difference between actual earnings per share and consensus forecasts prior to the announcement date, scaled by the stock's price at the beginning of the quarter","mdl230_allcap_sedol_surp","2","GBR","{""id"":""model-estimates-models"",""name"":""Estimates Models""}","[]","MATRIX","TOP700","0"
"0","{""id"":""model"",""name"":""Model""}","0","{""id"":""model230"",""name"":""Factor Ratios and its Rank Model""}","1","2026-07-01","1","Sustainable growth rate, defined as ROE times one minus the dividend payout ratio using TTM ROE","mdl230_allcap_sedol_susgrowth","2","GBR","{""id"":""model-estimates-models"",""name"":""Estimates Models""}","[]","MATRIX","TOP700","0"
"0","{""id"":""model"",""name"":""Model""}","0","{""id"":""model230"",""name"":""Factor Ratios and its Rank Model""}","1","2026-07-01","1","Market value of equity plus debt divided by assets, with debt measured using book values","mdl230_allcap_sedol_tobinq","2","GBR","{""id"":""model-estimates-models"",""name"":""Estimates Models""}","[]","MATRIX","TOP700","0"
"0","{""id"":""model"",""name"":""Model""}","0","{""id"":""model230"",""name"":""Factor Ratios and its Rank Model""}","1","2026-07-01","1","It equals (Cash Flow from Operations + Interest Paid + Tax Paid) / (Interest + Principal Paid)","mdl230_allcap_sedol_totalcov","2","GBR","{""id"":""model-estimates-models"",""name"":""Estimates Models""}","[]","MATRIX","TOP700","0"
"0","{""id"":""model"",""name"":""Model""}","0","{""id"":""model230"",""name"":""Factor Ratios and its Rank Model""}","1","2026-07-01","1","Year-over-year percent change in TTM total sales","mdl230_allcap_sedol_totalsaleg","2","GBR","{""id"":""model-estimates-models"",""name"":""Estimates Models""}","[]","MATRIX","TOP700","0"
"0","{""id"":""model"",""name"":""Model""}","0","{""id"":""model230"",""name"":""Factor Ratios and its Rank Model""}","1","2026-07-01","1","t‑statistic of the linear time trend in log daily closing price over the past 260 trading days, computed as (CORREL*sqrt(260−2))/sqrt(1−CORREL^2)","mdl230_allcap_sedol_tstalp","2","GBR","{""id"":""model-estimates-models"",""name"":""Estimates Models""}","[]","MATRIX","TOP700","0"
"0","{""id"":""model"",""name"":""Model""}","0","{""id"":""model230"",""name"":""Factor Ratios and its Rank Model""}","1","2026-07-01","1","It is defined as the difference between the trailing 12-month net income and the trailing 12-month operating cash flow scaled by the beginning total assets","mdl230_allcap_sedol_ttmaccu","2","GBR","{""id"":""model-estimates-models"",""name"":""Estimates Models""}","[]","MATRIX","TOP700","0"
"0","{""id"":""model"",""name"":""Model""}","0","{""id"":""model230"",""name"":""Factor Ratios and its Rank Model""}","1","2026-07-01","1","It is defined as the trailing 12-month capital expenditures per share for a stock divided by its trading price","mdl230_allcap_sedol_ttmcapexp","2","GBR","{""id"":""model-estimates-models"",""name"":""Estimates Models""}","[]","MATRIX","TOP700","0"
"0","{""id"":""model"",""name"":""Model""}","0","{""id"":""model230"",""name"":""Factor Ratios and its Rank Model""}","1","2026-07-01","1","Trailing 12-month operating income before depreciation and amortization divided by enterprise value","mdl230_allcap_sedol_ttmopincev","2","GBR","{""id"":""model-estimates-models"",""name"":""Estimates Models""}","[]","MATRIX","TOP700","0"
"0","{""id"":""model"",""name"":""Model""}","0","{""id"":""model230"",""name"":""Factor Ratios and its Rank Model""}","1","2026-07-01","1","Trailing 12-month sales divided by the most recent month-end enterprise value (EV = equity market value + long-term debt + short-term debt + preferred stock + minority interest − cash and cash equivalents)","mdl230_allcap_sedol_ttmsaleev","2","GBR","{""id"":""model-estimates-models"",""name"":""Estimates Models""}","[]","MATRIX","TOP700","0"
"0","{""id"":""model"",""name"":""Model""}","0","{""id"":""model230"",""name"":""Factor Ratios and its Rank Model""}","1","2026-07-01","1","6-month average of the time-weighted sum of FY1 and FY2 earnings estimate revisions","mdl230_allcap_sedol_twepsrev","2","GBR","{""id"":""model-estimates-models"",""name"":""Estimates Models""}","[]","MATRIX","TOP700","0"
"0","{""id"":""model"",""name"":""Model""}","0","{""id"":""model230"",""name"":""Factor Ratios and its Rank Model""}","1","2026-07-01","1","It is defined as the 6-month average of the time weighted sum of the FY1 and FY2 earnings estimate revisions adjusted by the standard deviations of earnings estimates","mdl230_allcap_sedol_twepsstdrev","2","GBR","{""id"":""model-estimates-models"",""name"":""Estimates Models""}","[]","MATRIX","TOP700","0"
"0","{""id"":""model"",""name"":""Model""}","0","{""id"":""model230"",""name"":""Factor Ratios and its Rank Model""}","1","2026-07-01","1","Time-weighted EBITDA to Enterprise Value measure using FY1 and FY2","mdl230_allcap_sedol_tw_ebitdaev","2","GBR","{""id"":""model-estimates-models"",""name"":""Estimates Models""}","[]","MATRIX","TOP700","0"
"0","{""id"":""model"",""name"":""Model""}","0","{""id"":""model230"",""name"":""Factor Ratios and its Rank Model""}","1","2026-07-01","1","Variance of monthly residual returns over the last 24 months, where residual = stock monthly return minus 60-month Beta times S&P 500 monthly return","mdl230_allcap_sedol_varresirtn","2","GBR","{""id"":""model-estimates-models"",""name"":""Estimates Models""}","[]","MATRIX","TOP700","0"
"0","{""id"":""model"",""name"":""Model""}","0","{""id"":""model230"",""name"":""Factor Ratios and its Rank Model""}","1","2026-07-01","1","It is defined as the trailing 12-month free cash flow (FCF) for a stock scaled by its month-end enterprise value (EV). EV = Equity Market Value + Long-term Debt + Short-term Debt + Preferred Stock + Minority Interest - Cash","mdl230_allcap_sedol_vefcfmtt","2","GBR","{""id"":""model-estimates-models"",""name"":""Estimates Models""}","[]","MATRIX","TOP700","0"
"0","{""id"":""model"",""name"":""Model""}","0","{""id"":""model230"",""name"":""Factor Ratios and its Rank Model""}","1","2026-07-01","1","Trailing 12‑month operating cash flow per share divided by enterprise value per share","mdl230_allcap_sedol_vefcomtt","2","GBR","{""id"":""model-estimates-models"",""name"":""Estimates Models""}","[]","MATRIX","TOP700","0"
"0","{""id"":""model"",""name"":""Model""}","0","{""id"":""model230"",""name"":""Factor Ratios and its Rank Model""}","1","2026-07-01","1","Consensus forward 12‑month EPS divided by the sum of market value of common equity per share and book value of long‑term debt per share","mdl230_allcap_sedol_vesspem21f_cf","2","GBR","{""id"":""model-estimates-models"",""name"":""Estimates Models""}","[]","MATRIX","TOP700","0"
"0","{""id"":""model"",""name"":""Model""}","0","{""id"":""model230"",""name"":""Factor Ratios and its Rank Model""}","1","2026-07-01","1","Most recent daily trading volume divided by the average daily trading volume over the previous 50 trading days","mdl230_allcap_sedol_visiratio","2","GBR","{""id"":""model-estimates-models"",""name"":""Estimates Models""}","[]","MATRIX","TOP700","0"
"0","{""id"":""model"",""name"":""Model""}","0","{""id"":""model230"",""name"":""Factor Ratios and its Rank Model""}","1","2026-07-01","1","Most recent quarterly working capital divided by inventory; working capital = current assets − current liabilities","mdl230_allcap_sedol_vnicw","2","GBR","{""id"":""model-estimates-models"",""name"":""Estimates Models""}","[]","MATRIX","TOP700","0"
"0","{""id"":""model"",""name"":""Model""}","0","{""id"":""model230"",""name"":""Factor Ratios and its Rank Model""}","1","2026-07-01","1","Abnormal inventory, defined as current inventory minus expected inventory based on prior year balance grown by TTM COGS growth, scaled by total assets","mdl230_allcap_sedol_vniu","2","GBR","{""id"":""model-estimates-models"",""name"":""Estimates Models""}","[]","MATRIX","TOP700","0"
"0","{""id"":""model"",""name"":""Model""}","0","{""id"":""model230"",""name"":""Factor Ratios and its Rank Model""}","1","2026-07-01","1","Interest coverage ratio; typically EBIT (or similar earnings measure) divided by interest expense","mdl230_allcap_sedol_voctni","2","GBR","{""id"":""model-estimates-models"",""name"":""Estimates Models""}","[]","MATRIX","TOP700","0"
"0","{""id"":""model"",""name"":""Model""}","0","{""id"":""model230"",""name"":""Factor Ratios and its Rank Model""}","1","2026-07-01","1","Six-month moving average of the average monthly turnover ratio, where turnover equals shares traded each day divided by total shares outstanding","mdl230_allcap_sedol_volpre6m","2","GBR","{""id"":""model-estimates-models"",""name"":""Estimates Models""}","[]","MATRIX","TOP700","0"
"0","{""id"":""model"",""name"":""Model""}","0","{""id"":""model230"",""name"":""Factor Ratios and its Rank Model""}","1","2026-07-01","1","Monthly total trading volume divided by most recent total shares outstanding","mdl230_allcap_sedol_volto","2","GBR","{""id"":""model-estimates-models"",""name"":""Estimates Models""}","[]","MATRIX","TOP700","0"
"0","{""id"":""model"",""name"":""Model""}","0","{""id"":""model230"",""name"":""Factor Ratios and its Rank Model""}","1","2026-07-01","1","30-week moving average price divided by 75-week moving average price","mdl230_allcap_sedol_w57w03_rp","2","GBR","{""id"":""model-estimates-models"",""name"":""Estimates Models""}","[]","MATRIX","TOP700","0"
"0","{""id"":""model"",""name"":""Model""}","0","{""id"":""model230"",""name"":""Factor Ratios and its Rank Model""}","1","2026-07-01","1","Most recent weekly closing price divided by the weekly closing price 26 weeks earlier","mdl230_allcap_sedol_w62isr","2","GBR","{""id"":""model-estimates-models"",""name"":""Estimates Models""}","[]","MATRIX","TOP700","0"
"0","{""id"":""model"",""name"":""Model""}","0","{""id"":""model230"",""name"":""Factor Ratios and its Rank Model""}","1","2026-07-01","1","Price change from week t-43 to week t-4","mdl230_allcap_sedol_w93ntr","2","GBR","{""id"":""model-estimates-models"",""name"":""Estimates Models""}","[]","MATRIX","TOP700","0"
"0","{""id"":""model"",""name"":""Model""}","0","{""id"":""model230"",""name"":""Factor Ratios and its Rank Model""}","1","2026-07-01","1","Average working capital in the trailing 12 months divided by the average total assets in the same period","mdl230_allcap_sedol_wcast","2","GBR","{""id"":""model-estimates-models"",""name"":""Estimates Models""}","[]","MATRIX","TOP700","0"
"0","{""id"":""model"",""name"":""Model""}","0","{""id"":""model230"",""name"":""Factor Ratios and its Rank Model""}","1","2026-07-01","1","CBOE Volatility Index","mdl230_allcap_sedol_xiv","2","GBR","{""id"":""model-estimates-models"",""name"":""Estimates Models""}","[]","MATRIX","TOP700","0"
"0","{""id"":""model"",""name"":""Model""}","0","{""id"":""model230"",""name"":""Factor Ratios and its Rank Model""}","1","2026-07-01","1","It is defined as the conditional square of the correlation between monthly dates and the corresponding trailing 12-month earnings per share before extra items in the prior 20 quarters","mdl230_allcap_sedol_y5speq4rqsr","2","GBR","{""id"":""model-estimates-models"",""name"":""Estimates Models""}","[]","MATRIX","TOP700","0"
"0","{""id"":""model"",""name"":""Model""}","0","{""id"":""model230"",""name"":""Factor Ratios and its Rank Model""}","1","2026-07-01","1","Coefficient of variation of TTM EPS over the last 20 months: standard deviation divided by mean","mdl230_allcap_sedol_y5speq4vc","2","GBR","{""id"":""model-estimates-models"",""name"":""Estimates Models""}","[]","MATRIX","TOP700","0"
"0","{""id"":""model"",""name"":""Model""}","0","{""id"":""model230"",""name"":""Factor Ratios and its Rank Model""}","1","2026-07-01","1","Assumed payout ratio multiplied by the next 4-quarter earnings estimates, divided by the month-end trading price; assumed payout = 10% + 84% × last year payout ratio − 38% × long-term earnings growth rate","mdl230_allcap_sedol_ydp_cf","2","GBR","{""id"":""model-estimates-models"",""name"":""Estimates Models""}","[]","MATRIX","TOP700","0"
"0","{""id"":""model"",""name"":""Model""}","0","{""id"":""model230"",""name"":""Factor Ratios and its Rank Model""}","1","2026-07-01","1","Average of three normalized earnings measures based on ROE, NPM, and EPS FY2, scaled by price","mdl230_allcap_sedol_yen","2","GBR","{""id"":""model-estimates-models"",""name"":""Estimates Models""}","[]","MATRIX","TOP700","0"
"0","{""id"":""model"",""name"":""Model""}","0","{""id"":""model230"",""name"":""Factor Ratios and its Rank Model""}","1","2026-07-01","1","Beta to the change in the slope of the yield curve (term structure), estimated from a 60-month multifactor regression of returns","mdl230_allcap_sedol_yieldsprd","2","GBR","{""id"":""model-estimates-models"",""name"":""Estimates Models""}","[]","MATRIX","TOP700","0"
"0","{""id"":""model"",""name"":""Model""}","0","{""id"":""model230"",""name"":""Factor Ratios and its Rank Model""}","1","2026-07-01","1","It is defined as the difference between the trailing 12-month operating cash flow and the trailing 12-month income before extra items scaled by the average total assets then minus the scaled difference for the same quarter one year ago","mdl230_allcap_sedol_yoychgaa","2","GBR","{""id"":""model-estimates-models"",""name"":""Estimates Models""}","[]","MATRIX","TOP700","0"
"0","{""id"":""model"",""name"":""Model""}","0","{""id"":""model230"",""name"":""Factor Ratios and its Rank Model""}","1","2026-07-01","1","Year-over-year change in current ratio (current assets/current liabilities), comparing the most recent quarter to the same quarter one year ago","mdl230_allcap_sedol_yoychgcr","2","GBR","{""id"":""model-estimates-models"",""name"":""Estimates Models""}","[]","MATRIX","TOP700","0"
"0","{""id"":""model"",""name"":""Model""}","0","{""id"":""model230"",""name"":""Factor Ratios and its Rank Model""}","1","2026-07-01","1","Year-over-year change in total liabilities as a percentage of total assets (based on quarterly reports)","mdl230_allcap_sedol_yoychgda","2","GBR","{""id"":""model-estimates-models"",""name"":""Estimates Models""}","[]","MATRIX","TOP700","0"
"0","{""id"":""model"",""name"":""Model""}","0","{""id"":""model230"",""name"":""Factor Ratios and its Rank Model""}","1","2026-07-01","1","Year-over-year change in gross profit margin; GPM = (Sales − COGS)/Sales comparing current quarter to the same quarter one year ago","mdl230_allcap_sedol_yoychggpm","2","GBR","{""id"":""model-estimates-models"",""name"":""Estimates Models""}","[]","MATRIX","TOP700","0"
"0","{""id"":""model"",""name"":""Model""}","0","{""id"":""model230"",""name"":""Factor Ratios and its Rank Model""}","1","2026-07-01","1","It is defined as the most recent trailing 12-month income before extra items as a percentage of total assets minus the percentage for the same quarter one year ago","mdl230_allcap_sedol_yoychgroa","2","GBR","{""id"":""model-estimates-models"",""name"":""Estimates Models""}","[]","MATRIX","TOP700","0"
"0","{""id"":""model"",""name"":""Model""}","0","{""id"":""model230"",""name"":""Factor Ratios and its Rank Model""}","1","2026-07-01","1","Year-over-year arithmetic change in TTM earnings before extraordinary items divided by current total book equity","mdl230_allcap_sedol_yoychgroeart","2","GBR","{""id"":""model-estimates-models"",""name"":""Estimates Models""}","[]","MATRIX","TOP700","0"
"0","{""id"":""model"",""name"":""Model""}","0","{""id"":""model230"",""name"":""Factor Ratios and its Rank Model""}","1","2026-07-01","1","Yearly percentage change in ROE, where ROE is defined as TTM earnings before extraordinary items (from quarterly data) divided by current total book equity","mdl230_allcap_sedol_yoychgroepct","2","GBR","{""id"":""model-estimates-models"",""name"":""Estimates Models""}","[]","MATRIX","TOP700","0"
"0","{""id"":""model"",""name"":""Model""}","0","{""id"":""model230"",""name"":""Factor Ratios and its Rank Model""}","1","2026-07-01","1","Month-end price divided by the highest monthly closing price in the past 12 months","mdl230_dev_sedol_52whigh","2","GBR","{""id"":""model-estimates-models"",""name"":""Estimates Models""}","[]","MATRIX","TOP700","0"
"0","{""id"":""model"",""name"":""Model""}","0","{""id"":""model230"",""name"":""Factor Ratios and its Rank Model""}","1","2026-07-01","1","Standard deviation of monthly price returns measured over a 60-day period","mdl230_dev_sedol_60dsigma","2","GBR","{""id"":""model-estimates-models"",""name"":""Estimates Models""}","[]","MATRIX","TOP700","0"
"0","{""id"":""model"",""name"":""Model""}","0","{""id"":""model230"",""name"":""Factor Ratios and its Rank Model""}","1","2026-07-01","1","Ratio of a stock’s 15-week moving average price to its 36-week moving average price (indicator of recent vs. longer-term price momentum)","mdl230_dev_sedol_6351_rp","2","GBR","{""id"":""model-estimates-models"",""name"":""Estimates Models""}","[]","MATRIX","TOP700","0"
"0","{""id"":""model"",""name"":""Model""}","0","{""id"":""model230"",""name"":""Factor Ratios and its Rank Model""}","1","2026-07-01","1","The percent change in stock price from 13 months ago to 1 month ago (not including the most recent month), representing the realized return over the preceding 12 months","mdl230_dev_sedol_actrtn12m","2","GBR","{""id"":""model-estimates-models"",""name"":""Estimates Models""}","[]","MATRIX","TOP700","0"
"0","{""id"":""model"",""name"":""Model""}","0","{""id"":""model230"",""name"":""Factor Ratios and its Rank Model""}","1","2026-07-01","1","Percent change in price for a stock from 19 months ago to 1 month ago (total return over an 18-month window, ending a month ago)","mdl230_dev_sedol_actrtn18m","2","GBR","{""id"":""model-estimates-models"",""name"":""Estimates Models""}","[]","MATRIX","TOP700","0"
"0","{""id"":""model"",""name"":""Model""}","0","{""id"":""model230"",""name"":""Factor Ratios and its Rank Model""}","1","2026-07-01","1","Percent change in stock price from prior month to current month","mdl230_dev_sedol_actrtn1m","2","GBR","{""id"":""model-estimates-models"",""name"":""Estimates Models""}","[]","MATRIX","TOP700","0"
"0","{""id"":""model"",""name"":""Model""}","0","{""id"":""model230"",""name"":""Factor Ratios and its Rank Model""}","1","2026-07-01","1","Percent change in a stock's price from 25 months ago to 1 month ago","mdl230_dev_sedol_actrtn24m","2","GBR","{""id"":""model-estimates-models"",""name"":""Estimates Models""}","[]","MATRIX","TOP700","0"
"0","{""id"":""model"",""name"":""Model""}","0","{""id"":""model230"",""name"":""Factor Ratios and its Rank Model""}","1","2026-07-01","1","The percent change in stock price from two months ago to the current month","mdl230_dev_sedol_actrtn2m","2","GBR","{""id"":""model-estimates-models"",""name"":""Estimates Models""}","[]","MATRIX","TOP700","0"
"0","{""id"":""model"",""name"":""Model""}","0","{""id"":""model230"",""name"":""Factor Ratios and its Rank Model""}","1","2026-07-01","1","Percent change in stock price from 37 months ago to 1 month ago","mdl230_dev_sedol_actrtn36m","2","GBR","{""id"":""model-estimates-models"",""name"":""Estimates Models""}","[]","MATRIX","TOP700","0"
"0","{""id"":""model"",""name"":""Model""}","0","{""id"":""model230"",""name"":""Factor Ratios and its Rank Model""}","1","2026-07-01","1","Percent change in stock price from 3 months ago to present","mdl230_dev_sedol_actrtn3m","2","GBR","{""id"":""model-estimates-models"",""name"":""Estimates Models""}","[]","MATRIX","TOP700","0"
"0","{""id"":""model"",""name"":""Model""}","0","{""id"":""model230"",""name"":""Factor Ratios and its Rank Model""}","1","2026-07-01","1","Percent change in the stock's price between month t-61 and month t-1","mdl230_dev_sedol_actrtn60m","2","GBR","{""id"":""model-estimates-models"",""name"":""Estimates Models""}","[]","MATRIX","TOP700","0"
"0","{""id"":""model"",""name"":""Model""}","0","{""id"":""model230"",""name"":""Factor Ratios and its Rank Model""}","1","2026-07-01","1","Percent change in price from 72 months ago to 12 months ago (i.e., total return over the 5-year period ending 1 year ago)","mdl230_dev_sedol_actrtn60m12lag","2","GBR","{""id"":""model-estimates-models"",""name"":""Estimates Models""}","[]","MATRIX","TOP700","0"
"0","{""id"":""model"",""name"":""Model""}","0","{""id"":""model230"",""name"":""Factor Ratios and its Rank Model""}","1","2026-07-01","1","Percent price change from 7 months ago to 1 month ago for the stock","mdl230_dev_sedol_actrtn6m","2","GBR","{""id"":""model-estimates-models"",""name"":""Estimates Models""}","[]","MATRIX","TOP700","0"
"0","{""id"":""model"",""name"":""Model""}","0","{""id"":""model230"",""name"":""Factor Ratios and its Rank Model""}","1","2026-07-01","1","Percent price change for the stock from 10 months prior to 1 month prior (actual 9-month return, not including the most recent month)","mdl230_dev_sedol_actrtn9m","2","GBR","{""id"":""model-estimates-models"",""name"":""Estimates Models""}","[]","MATRIX","TOP700","0"
"0","{""id"":""model"",""name"":""Model""}","0","{""id"":""model230"",""name"":""Factor Ratios and its Rank Model""}","1","2026-07-01","1","Most recently reported total debt divided by total assets (debt-to-asset ratio)","mdl230_dev_sedol_ad","2","GBR","{""id"":""model-estimates-models"",""name"":""Estimates Models""}","[]","MATRIX","TOP700","0"
"0","{""id"":""model"",""name"":""Model""}","0","{""id"":""model230"",""name"":""Factor Ratios and its Rank Model""}","1","2026-07-01","1","Sum of long-term debt, short-term debt, underfunded pension liabilities, operating lease expense, and preferred stock divided by total assets (composite measure of debt and related obligations to assets)","mdl230_dev_sedol_adpmoc","2","GBR","{""id"":""model-estimates-models"",""name"":""Estimates Models""}","[]","MATRIX","TOP700","0"
"0","{""id"":""model"",""name"":""Model""}","0","{""id"":""model230"",""name"":""Factor Ratios and its Rank Model""}","1","2026-07-01","1","Trailing 12-month selling, general management, and administrative expenses divided by trailing 12-month sales","mdl230_dev_sedol_ags","2","GBR","{""id"":""model-estimates-models"",""name"":""Estimates Models""}","[]","MATRIX","TOP700","0"
"0","{""id"":""model"",""name"":""Model""}","0","{""id"":""model230"",""name"":""Factor Ratios and its Rank Model""}","1","2026-07-01","1","The intercept (""alpha"") from a regression of a stock's monthly price returns versus the S&P 500 index returns over the past 60 months","mdl230_dev_sedol_alpha60m","2","GBR","{""id"":""model-estimates-models"",""name"":""Estimates Models""}","[]","MATRIX","TOP700","0"
"0","{""id"":""model"",""name"":""Model""}","0","{""id"":""model230"",""name"":""Factor Ratios and its Rank Model""}","1","2026-07-01","1","Altman Z-score: composite bankruptcy risk score using several ratios (see formula in description)","mdl230_dev_sedol_altmanz","2","GBR","{""id"":""model-estimates-models"",""name"":""Estimates Models""}","[]","MATRIX","TOP700","0"
"0","{""id"":""model"",""name"":""Model""}","0","{""id"":""model230"",""name"":""Factor Ratios and its Rank Model""}","1","2026-07-01","1","Cumulative retained earnings from the most recent quarter divided by total assets from the same quarter, measuring earnings retention relative to size","mdl230_dev_sedol_aoer","2","GBR","{""id"":""model-estimates-models"",""name"":""Estimates Models""}","[]","MATRIX","TOP700","0"
"0","{""id"":""model"",""name"":""Model""}","0","{""id"":""model230"",""name"":""Factor Ratios and its Rank Model""}","1","2026-07-01","1","Trailing 12-month income before extraordinary items divided by the average total assets over the same period","mdl230_dev_sedol_aor","2","GBR","{""id"":""model-estimates-models"",""name"":""Estimates Models""}","[]","MATRIX","TOP700","0"
"0","{""id"":""model"",""name"":""Model""}","0","{""id"":""model230"",""name"":""Factor Ratios and its Rank Model""}","1","2026-07-01","1","Trailing 12-month earnings per share after extraordinary items divided by the stock’s month-end trading price","mdl230_dev_sedol_apemtt","2","GBR","{""id"":""model-estimates-models"",""name"":""Estimates Models""}","[]","MATRIX","TOP700","0"
"0","{""id"":""model"",""name"":""Model""}","0","{""id"":""model230"",""name"":""Factor Ratios and its Rank Model""}","1","2026-07-01","1","Trailing twelve-month gross profit (sales minus cost of goods sold) divided by total assets","mdl230_dev_sedol_apg","2","GBR","{""id"":""model-estimates-models"",""name"":""Estimates Models""}","[]","MATRIX","TOP700","0"
"0","{""id"":""model"",""name"":""Model""}","0","{""id"":""model230"",""name"":""Factor Ratios and its Rank Model""}","1","2026-07-01","1","The difference between the most recent quarterly gross profit to assets and that of the same quarter one year ago, where gross profit to assets is defined as trailing twelve months (Sales - COGS) divided by total assets","mdl230_dev_sedol_apgghcy1_","2","GBR","{""id"":""model-estimates-models"",""name"":""Estimates Models""}","[]","MATRIX","TOP700","0"
"0","{""id"":""model"",""name"":""Model""}","0","{""id"":""model230"",""name"":""Factor Ratios and its Rank Model""}","1","2026-07-01","1","The change in gross profit to assets ratio between the most recent quarter and the same quarter three years ago, where gross profit to assets equals trailing 12-month (sales minus cost of goods sold) divided by total assets","mdl230_dev_sedol_apgghcy3_","2","GBR","{""id"":""model-estimates-models"",""name"":""Estimates Models""}","[]","MATRIX","TOP700","0"
"0","{""id"":""model"",""name"":""Model""}","0","{""id"":""model230"",""name"":""Factor Ratios and its Rank Model""}","1","2026-07-01","1","The proportion of a company's total annual sales derived from the Asia-Pacific region","mdl230_dev_sedol_apsales","2","GBR","{""id"":""model-estimates-models"",""name"":""Estimates Models""}","[]","MATRIX","TOP700","0"
"0","{""id"":""model"",""name"":""Model""}","0","{""id"":""model230"",""name"":""Factor Ratios and its Rank Model""}","1","2026-07-01","1","Stock's quarterly operating assets minus operating liabilities, scaled by lagged total assets","mdl230_dev_sedol_aspanratio","2","GBR","{""id"":""model-estimates-models"",""name"":""Estimates Models""}","[]","MATRIX","TOP700","0"
"0","{""id"":""model"",""name"":""Model""}","0","{""id"":""model230"",""name"":""Factor Ratios and its Rank Model""}","1","2026-07-01","1","The 3-year geometric growth rate of trailing twelve months earnings per share after extraordinary items for a stock, using the most recent data","mdl230_dev_sedol_aspemtty3gc","2","GBR","{""id"":""model-estimates-models"",""name"":""Estimates Models""}","[]","MATRIX","TOP700","0"
"0","{""id"":""model"",""name"":""Model""}","0","{""id"":""model230"",""name"":""Factor Ratios and its Rank Model""}","1","2026-07-01","1","Total current assets from the most recent quarter divided by total assets from the same quarter","mdl230_dev_sedol_astcomp","2","GBR","{""id"":""model-estimates-models"",""name"":""Estimates Models""}","[]","MATRIX","TOP700","0"
"0","{""id"":""model"",""name"":""Model""}","0","{""id"":""model230"",""name"":""Factor Ratios and its Rank Model""}","1","2026-07-01","1","Trailing 12-month sales divided by the most recently reported quarterly total assets","mdl230_dev_sedol_astto","2","GBR","{""id"":""model-estimates-models"",""name"":""Estimates Models""}","[]","MATRIX","TOP700","0"
"0","{""id"":""model"",""name"":""Model""}","0","{""id"":""model230"",""name"":""Factor Ratios and its Rank Model""}","1","2026-07-01","1","The average earnings of the stock over the past 10 years divided by the current stock price, reflecting a long-term earnings yield or valuation ratio","mdl230_dev_sedol_avg10yep","2","GBR","{""id"":""model-estimates-models"",""name"":""Estimates Models""}","[]","MATRIX","TOP700","0"
"0","{""id"":""model"",""name"":""Model""}","0","{""id"":""model230"",""name"":""Factor Ratios and its Rank Model""}","1","2026-07-01","1","Weighted average of a stock's 60-month beta and a constant (0.67 times 60-month beta plus 0.33), where beta is its covariance with the S&P 500 over the prior 60 months divided by index variance","mdl230_dev_sedol_beta","2","GBR","{""id"":""model-estimates-models"",""name"":""Estimates Models""}","[]","MATRIX","TOP700","0"
"0","{""id"":""model"",""name"":""Model""}","0","{""id"":""model230"",""name"":""Factor Ratios and its Rank Model""}","1","2026-07-01","1","Product of the adjusted 60-month beta and 60-month standard deviation of monthly price returns","mdl230_dev_sedol_betasigma","2","GBR","{""id"":""model-estimates-models"",""name"":""Estimates Models""}","[]","MATRIX","TOP700","0"
"0","{""id"":""model"",""name"":""Model""}","0","{""id"":""model230"",""name"":""Factor Ratios and its Rank Model""}","1","2026-07-01","1","Most recently reported quarterly operating income divided by the corresponding quarterly sales (operating profit margin, basic)","mdl230_dev_sedol_bmpo","2","GBR","{""id"":""model-estimates-models"",""name"":""Estimates Models""}","[]","MATRIX","TOP700","0"
"0","{""id"":""model"",""name"":""Model""}","0","{""id"":""model230"",""name"":""Factor Ratios and its Rank Model""}","1","2026-07-01","1","The most recently reported quarterly total assets divided by book equity","mdl230_dev_sedol_booklev","2","GBR","{""id"":""model-estimates-models"",""name"":""Estimates Models""}","[]","MATRIX","TOP700","0"
"0","{""id"":""model"",""name"":""Model""}","0","{""id"":""model230"",""name"":""Factor Ratios and its Rank Model""}","1","2026-07-01","1","Trailing 12-month earnings per share before extraordinary items divided by the stock’s month-end trading price","mdl230_dev_sedol_bpemtt","2","GBR","{""id"":""model-estimates-models"",""name"":""Estimates Models""}","[]","MATRIX","TOP700","0"
"0","{""id"":""model"",""name"":""Model""}","0","{""id"":""model230"",""name"":""Factor Ratios and its Rank Model""}","1","2026-07-01","1","Trailing 12-month operating cash flow less trailing 12-month cash dividends, divided by total expenditures for the period","mdl230_dev_sedol_capacq","2","GBR","{""id"":""model-estimates-models"",""name"":""Estimates Models""}","[]","MATRIX","TOP700","0"
"0","{""id"":""model"",""name"":""Model""}","0","{""id"":""model230"",""name"":""Factor Ratios and its Rank Model""}","1","2026-07-01","1","Trailing 12-month capital expenditures divided by total assets from the most recent quarter","mdl230_dev_sedol_capexast","2","GBR","{""id"":""model-estimates-models"",""name"":""Estimates Models""}","[]","MATRIX","TOP700","0"
"0","{""id"":""model"",""name"":""Model""}","0","{""id"":""model230"",""name"":""Factor Ratios and its Rank Model""}","1","2026-07-01","1","Absolute difference between ranked (1-1000) quarterly capital expenditures-to-assets and ranked (1-1000) quarterly depreciation-to-assets","mdl230_dev_sedol_capexdeplink","2","GBR","{""id"":""model-estimates-models"",""name"":""Estimates Models""}","[]","MATRIX","TOP700","0"
"0","{""id"":""model"",""name"":""Model""}","0","{""id"":""model230"",""name"":""Factor Ratios and its Rank Model""}","1","2026-07-01","1","Trailing twelve-month capital expenditures divided by trailing twelve-month sales","mdl230_dev_sedol_capexsale","2","GBR","{""id"":""model-estimates-models"",""name"":""Estimates Models""}","[]","MATRIX","TOP700","0"
"0","{""id"":""model"",""name"":""Model""}","0","{""id"":""model230"",""name"":""Factor Ratios and its Rank Model""}","1","2026-07-01","1","Negative of (cash from operations plus cash from investments) divided by the sum of cash and short-term investments, representing how quickly a company is burning cash relative to its liquid reserves","mdl230_dev_sedol_cashburnrate","2","GBR","{""id"":""model-estimates-models"",""name"":""Estimates Models""}","[]","MATRIX","TOP700","0"
"0","{""id"":""model"",""name"":""Model""}","0","{""id"":""model230"",""name"":""Factor Ratios and its Rank Model""}","1","2026-07-01","1","Average inventory days plus average collection days minus average payable days (i.e., a measure of a company's cash conversion cycle in days)","mdl230_dev_sedol_cashc","2","GBR","{""id"":""model-estimates-models"",""name"":""Estimates Models""}","[]","MATRIX","TOP700","0"
"0","{""id"":""model"",""name"":""Model""}","0","{""id"":""model230"",""name"":""Factor Ratios and its Rank Model""}","1","2026-07-01","1","Most recently reported cash and equivalents per share divided by month-end trading price","mdl230_dev_sedol_cashp","2","GBR","{""id"":""model-estimates-models"",""name"":""Estimates Models""}","[]","MATRIX","TOP700","0"
"0","{""id"":""model"",""name"":""Model""}","0","{""id"":""model230"",""name"":""Factor Ratios and its Rank Model""}","1","2026-07-01","1","Most recently reported quarterly cash and equivalents divided by current liabilities, representing short-term liquidity","mdl230_dev_sedol_cashratio","2","GBR","{""id"":""model-estimates-models"",""name"":""Estimates Models""}","[]","MATRIX","TOP700","0"
"0","{""id"":""model"",""name"":""Model""}","0","{""id"":""model230"",""name"":""Factor Ratios and its Rank Model""}","1","2026-07-01","1","Average cash and equivalents over trailing 12 months divided by trailing 12-month sales","mdl230_dev_sedol_cashsale","2","GBR","{""id"":""model-estimates-models"",""name"":""Estimates Models""}","[]","MATRIX","TOP700","0"
"0","{""id"":""model"",""name"":""Model""}","0","{""id"":""model230"",""name"":""Factor Ratios and its Rank Model""}","1","2026-07-01","1","Total cash and equivalents divided by the sum of market value of common equity and book value of long-term debt","mdl230_dev_sedol_cashsev","2","GBR","{""id"":""model-estimates-models"",""name"":""Estimates Models""}","[]","MATRIX","TOP700","0"
"0","{""id"":""model"",""name"":""Model""}","0","{""id"":""model230"",""name"":""Factor Ratios and its Rank Model""}","1","2026-07-01","1","A composite accruals measure calculated as the increase in accounts receivable plus inventory, plus decreases in accounts payable, accrued liabilities, and accrued income taxes, and the net change in other assets and liabilities","mdl230_dev_sedol_ccacw","2","GBR","{""id"":""model-estimates-models"",""name"":""Estimates Models""}","[]","MATRIX","TOP700","0"
"0","{""id"":""model"",""name"":""Model""}","0","{""id"":""model230"",""name"":""Factor Ratios and its Rank Model""}","1","2026-07-01","1","Trailing 12-month funds from operations divided by the average of current and previous year equity value","mdl230_dev_sedol_ceroe","2","GBR","{""id"":""model-estimates-models"",""name"":""Estimates Models""}","[]","MATRIX","TOP700","0"
"0","{""id"":""model"",""name"":""Model""}","0","{""id"":""model230"",""name"":""Factor Ratios and its Rank Model""}","1","2026-07-01","1","Trailing 12-month cash flow from investing activities divided by average total assets over the last four quarters","mdl230_dev_sedol_cfita","2","GBR","{""id"":""model-estimates-models"",""name"":""Estimates Models""}","[]","MATRIX","TOP700","0"
"0","{""id"":""model"",""name"":""Model""}","0","{""id"":""model230"",""name"":""Factor Ratios and its Rank Model""}","1","2026-07-01","1","Total liabilities divided by trailing 12-month operating cash flow","mdl230_dev_sedol_cfleverage","2","GBR","{""id"":""model-estimates-models"",""name"":""Estimates Models""}","[]","MATRIX","TOP700","0"
"0","{""id"":""model"",""name"":""Model""}","0","{""id"":""model230"",""name"":""Factor Ratios and its Rank Model""}","1","2026-07-01","1","Trailing 12-month cash flow divided by average invested capital (sum of common equity, long-term debt, minority interest, and preferred stock) in the same period, measuring cash return on invested capital","mdl230_dev_sedol_cfroi","2","GBR","{""id"":""model-estimates-models"",""name"":""Estimates Models""}","[]","MATRIX","TOP700","0"
"0","{""id"":""model"",""name"":""Model""}","0","{""id"":""model230"",""name"":""Factor Ratios and its Rank Model""}","1","2026-07-01","1","The 3-year geometric average growth rate of return on invested capital, where return on invested capital equals trailing 12-month net income plus interest expense, divided by average invested capital (sum of common equity, long-term debt, minority interest, and preferred stock)","mdl230_dev_sedol_cg3yroic","2","GBR","{""id"":""model-estimates-models"",""name"":""Estimates Models""}","[]","MATRIX","TOP700","0"
"0","{""id"":""model"",""name"":""Model""}","0","{""id"":""model230"",""name"":""Factor Ratios and its Rank Model""}","1","2026-07-01","1","Geometric growth rate of trailing 12-month sales per share over the last 12 quarters","mdl230_dev_sedol_cg3ysales","2","GBR","{""id"":""model-estimates-models"",""name"":""Estimates Models""}","[]","MATRIX","TOP700","0"
"0","{""id"":""model"",""name"":""Model""}","0","{""id"":""model230"",""name"":""Factor Ratios and its Rank Model""}","1","2026-07-01","1","12-month relative change in total debt, where total debt is long-term plus short-term debt","mdl230_dev_sedol_chg12mtotdebt","2","GBR","{""id"":""model-estimates-models"",""name"":""Estimates Models""}","[]","MATRIX","TOP700","0"
"0","{""id"":""model"",""name"":""Model""}","0","{""id"":""model230"",""name"":""Factor Ratios and its Rank Model""}","1","2026-07-01","1","Change in the most recently reported trailing 12-month operating cash flow minus that from 12 quarters ago, divided by the average total assets in the same period (asset-scaled 3-year change in operating cash flow)","mdl230_dev_sedol_chg3ycfast","2","GBR","{""id"":""model-estimates-models"",""name"":""Estimates Models""}","[]","MATRIX","TOP700","0"
"0","{""id"":""model"",""name"":""Model""}","0","{""id"":""model230"",""name"":""Factor Ratios and its Rank Model""}","1","2026-07-01","1","Change in trailing 12-month EPS before extraordinary items from 12 quarters ago to now, divided by average total assets per share","mdl230_dev_sedol_chg3yepsast","2","GBR","{""id"":""model-estimates-models"",""name"":""Estimates Models""}","[]","MATRIX","TOP700","0"
"0","{""id"":""model"",""name"":""Model""}","0","{""id"":""model230"",""name"":""Factor Ratios and its Rank Model""}","1","2026-07-01","1","Difference between trailing 12-month earnings per share and that of 12 quarters ago, divided by month-end trading price","mdl230_dev_sedol_chg3yepsp","2","GBR","{""id"":""model-estimates-models"",""name"":""Estimates Models""}","[]","MATRIX","TOP700","0"
"0","{""id"":""model"",""name"":""Model""}","0","{""id"":""model230"",""name"":""Factor Ratios and its Rank Model""}","1","2026-07-01","1","Trailing 12-month free cash flow minus the trailing 12-month free cash flow from 12 quarters (3 years) ago, divided by the average total assets (measures multi-year change in free cash flow relative to asset base)","mdl230_dev_sedol_chg3yfcfast","2","GBR","{""id"":""model-estimates-models"",""name"":""Estimates Models""}","[]","MATRIX","TOP700","0"
"0","{""id"":""model"",""name"":""Model""}","0","{""id"":""model230"",""name"":""Factor Ratios and its Rank Model""}","1","2026-07-01","1","Change in trailing 12-month operating cash flow compared to 12 quarters ago, divided by average total assets","mdl230_dev_sedol_chg3yocfast","2","GBR","{""id"":""model-estimates-models"",""name"":""Estimates Models""}","[]","MATRIX","TOP700","0"
"0","{""id"":""model"",""name"":""Model""}","0","{""id"":""model230"",""name"":""Factor Ratios and its Rank Model""}","1","2026-07-01","1","The change over the past 6 months in a stock’s 18-month alpha, where alpha is the intercept from regressing the stock’s monthly returns on the S&P 500 index’s monthly returns over the last 18 months","mdl230_dev_sedol_chg6malpha18m","2","GBR","{""id"":""model-estimates-models"",""name"":""Estimates Models""}","[]","MATRIX","TOP700","0"
"0","{""id"":""model"",""name"":""Model""}","0","{""id"":""model230"",""name"":""Factor Ratios and its Rank Model""}","1","2026-07-01","1","The change over the past 6 months in a stock’s 12-month alpha, where 12-month alpha is the intercept from the regression of the stock's monthly return versus the S&P 500’s monthly return over the last 12 months","mdl230_dev_sedol_chgalpha12m","2","GBR","{""id"":""model-estimates-models"",""name"":""Estimates Models""}","[]","MATRIX","TOP700","0"
"0","{""id"":""model"",""name"":""Model""}","0","{""id"":""model230"",""name"":""Factor Ratios and its Rank Model""}","1","2026-07-01","1","6-month change in a stock's 36-month alpha, where alpha is the intercept from regressing the stock's monthly returns against the S&P 500 index over the last 36 months","mdl230_dev_sedol_chgalpha36m","2","GBR","{""id"":""model-estimates-models"",""name"":""Estimates Models""}","[]","MATRIX","TOP700","0"
"0","{""id"":""model"",""name"":""Model""}","0","{""id"":""model230"",""name"":""Factor Ratios and its Rank Model""}","1","2026-07-01","1","Change between the last reported accounts receivable as a percentage of trailing 12-month sales and that percentage 4 quarters ago","mdl230_dev_sedol_chgars","2","GBR","{""id"":""model-estimates-models"",""name"":""Estimates Models""}","[]","MATRIX","TOP700","0"
"0","{""id"":""model"",""name"":""Model""}","0","{""id"":""model230"",""name"":""Factor Ratios and its Rank Model""}","1","2026-07-01","1","12-month change in quarterly total inventories, scaled by the average of total assets at the most recent and four quarters prior quarter-ends","mdl230_dev_sedol_chginvavgast","2","GBR","{""id"":""model-estimates-models"",""name"":""Estimates Models""}","[]","MATRIX","TOP700","0"
"0","{""id"":""model"",""name"":""Model""}","0","{""id"":""model230"",""name"":""Factor Ratios and its Rank Model""}","1","2026-07-01","1","Year-over-year change in net operating assets to total assets ratio, where net operating assets are defined as short-term debt plus long-term debt plus preferred equity plus common equity minus cash (all most recent quarter)","mdl230_dev_sedol_chgnoa","2","GBR","{""id"":""model-estimates-models"",""name"":""Estimates Models""}","[]","MATRIX","TOP700","0"
"0","{""id"":""model"",""name"":""Model""}","0","{""id"":""model230"",""name"":""Factor Ratios and its Rank Model""}","1","2026-07-01","1","Current quarter operating liability leverage minus its value 4 quarters ago; operating liability leverage equals 1 minus the ratio of (short-term debt + long-term debt + common equity + preferred equity - cash) to (total assets - cash)","mdl230_dev_sedol_chgollev","2","GBR","{""id"":""model-estimates-models"",""name"":""Estimates Models""}","[]","MATRIX","TOP700","0"
"0","{""id"":""model"",""name"":""Model""}","0","{""id"":""model230"",""name"":""Factor Ratios and its Rank Model""}","1","2026-07-01","1","Change in quarterly earnings surprise (actual EPS minus consensus estimate) scaled by most recent closing price","mdl230_dev_sedol_chgqtrepssurp","2","GBR","{""id"":""model-estimates-models"",""name"":""Estimates Models""}","[]","MATRIX","TOP700","0"
"0","{""id"":""model"",""name"":""Model""}","0","{""id"":""model230"",""name"":""Factor Ratios and its Rank Model""}","1","2026-07-01","1","Percent change in the most recent quarterly reported accounts receivable to current assets ratio compared to the same quarter a year ago","mdl230_dev_sedol_chgreccast","2","GBR","{""id"":""model-estimates-models"",""name"":""Estimates Models""}","[]","MATRIX","TOP700","0"
"0","{""id"":""model"",""name"":""Model""}","0","{""id"":""model230"",""name"":""Factor Ratios and its Rank Model""}","1","2026-07-01","1","Difference between the yearly change in quarterly Selling, General and Administrative expenses and the yearly change in quarterly sales","mdl230_dev_sedol_chgsgasale","2","GBR","{""id"":""model-estimates-models"",""name"":""Estimates Models""}","[]","MATRIX","TOP700","0"
"0","{""id"":""model"",""name"":""Model""}","0","{""id"":""model230"",""name"":""Factor Ratios and its Rank Model""}","1","2026-07-01","1","Change in the most recent 6-month moving average of monthly turnover ratio compared to the 12-month moving average of monthly turnover ratio 4 years ago","mdl230_dev_sedol_chgvolpre4y","2","GBR","{""id"":""model-estimates-models"",""name"":""Estimates Models""}","[]","MATRIX","TOP700","0"
"0","{""id"":""model"",""name"":""Model""}","0","{""id"":""model230"",""name"":""Factor Ratios and its Rank Model""}","1","2026-07-01","1","Absolute value of the difference between the annual percent change in trailing 12-month cost of goods sold and annual percent change in inventory level","mdl230_dev_sedol_cogsinvt","2","GBR","{""id"":""model-estimates-models"",""name"":""Estimates Models""}","[]","MATRIX","TOP700","0"
"0","{""id"":""model"",""name"":""Model""}","0","{""id"":""model230"",""name"":""Factor Ratios and its Rank Model""}","1","2026-07-01","1","Trailing 12-month earnings per share from operations (excluding special items) divided by month-end stock price","mdl230_dev_sedol_coreepsp","2","GBR","{""id"":""model-estimates-models"",""name"":""Estimates Models""}","[]","MATRIX","TOP700","0"
"0","{""id"":""model"",""name"":""Model""}","0","{""id"":""model230"",""name"":""Factor Ratios and its Rank Model""}","1","2026-07-01","1","Slope of the least squares regression line of monthly trading volumes over the last 60 months, measuring volume trend","mdl230_dev_sedol_covol","2","GBR","{""id"":""model-estimates-models"",""name"":""Estimates Models""}","[]","MATRIX","TOP700","0"
"0","{""id"":""model"",""name"":""Model""}","0","{""id"":""model230"",""name"":""Factor Ratios and its Rank Model""}","1","2026-07-01","1","Most recent consensus analyst EPS forecast for fiscal year 2 minus that for year 1, divided by the forecast for year 1","mdl230_dev_sedol_cpgspea2y","2","GBR","{""id"":""model-estimates-models"",""name"":""Estimates Models""}","[]","MATRIX","TOP700","0"
"0","{""id"":""model"",""name"":""Model""}","0","{""id"":""model230"",""name"":""Factor Ratios and its Rank Model""}","1","2026-07-01","1","A stock’s current book-to-price ratio minus the industry average, divided by the standard deviation of book-to-price ratios in the industry; effectively a z-score indicating how much higher or lower the stock is versus its industry on this metric","mdl230_dev_sedol_curindbp_","2","GBR","{""id"":""model-estimates-models"",""name"":""Estimates Models""}","[]","MATRIX","TOP700","0"
"0","{""id"":""model"",""name"":""Model""}","0","{""id"":""model230"",""name"":""Factor Ratios and its Rank Model""}","1","2026-07-01","1","Trailing 12-month cash flow-to-price ratio minus the industry average and divided by the industry standard deviation — industry z-score for cash flow to price","mdl230_dev_sedol_curindcfp_","2","GBR","{""id"":""model-estimates-models"",""name"":""Estimates Models""}","[]","MATRIX","TOP700","0"
"0","{""id"":""model"",""name"":""Model""}","0","{""id"":""model230"",""name"":""Factor Ratios and its Rank Model""}","1","2026-07-01","1","Z-score of stock’s trailing 12-month dividend yield, relative to industry peers (standardized difference)","mdl230_dev_sedol_curinddivp_","2","GBR","{""id"":""model-estimates-models"",""name"":""Estimates Models""}","[]","MATRIX","TOP700","0"
"0","{""id"":""model"",""name"":""Model""}","0","{""id"":""model230"",""name"":""Factor Ratios and its Rank Model""}","1","2026-07-01","1","Trailing 12-month EBITDA-to-price ratio for a stock, less the industry average, divided by the industry standard deviation — an industry z-score for EBITDA to price","mdl230_dev_sedol_curindebitdap_","2","GBR","{""id"":""model-estimates-models"",""name"":""Estimates Models""}","[]","MATRIX","TOP700","0"
"0","{""id"":""model"",""name"":""Model""}","0","{""id"":""model230"",""name"":""Factor Ratios and its Rank Model""}","1","2026-07-01","1","Z-score of a stock's trailing 12-month earnings per share before extra items to price ratio relative to industry peers, calculated as the EP less industry average divided by industry standard deviation","mdl230_dev_sedol_curindep_","2","GBR","{""id"":""model-estimates-models"",""name"":""Estimates Models""}","[]","MATRIX","TOP700","0"
"0","{""id"":""model"",""name"":""Model""}","0","{""id"":""model230"",""name"":""Factor Ratios and its Rank Model""}","1","2026-07-01","1","Trailing 12-month free cash flow-to-price ratio standardized as a z-score relative to the stock’s industry peer group; specifically, the stock's ratio minus the industry average, divided by the industry standard deviation","mdl230_dev_sedol_curindfcfp_","2","GBR","{""id"":""model-estimates-models"",""name"":""Estimates Models""}","[]","MATRIX","TOP700","0"
"0","{""id"":""model"",""name"":""Model""}","0","{""id"":""model230"",""name"":""Factor Ratios and its Rank Model""}","1","2026-07-01","1","A stock’s trailing 12-month operating cash flow-to-price ratio minus the industry average, divided by the standard deviation of operating cash flow-to-price ratios in the industry; a z-score versus peers","mdl230_dev_sedol_curindocfp_","2","GBR","{""id"":""model-estimates-models"",""name"":""Estimates Models""}","[]","MATRIX","TOP700","0"
"0","{""id"":""model"",""name"":""Model""}","0","{""id"":""model230"",""name"":""Factor Ratios and its Rank Model""}","1","2026-07-01","1","Trailing 12-month operating cash flow-to-total assets ratio less the industry average, standardized by industry standard deviation","mdl230_dev_sedol_curindocfta_","2","GBR","{""id"":""model-estimates-models"",""name"":""Estimates Models""}","[]","MATRIX","TOP700","0"
"0","{""id"":""model"",""name"":""Model""}","0","{""id"":""model230"",""name"":""Factor Ratios and its Rank Model""}","1","2026-07-01","1","Trailing 12-month sales-to-price ratio minus the industry average, standardized by the industry standard deviation (i.e., z-score relative to industry peers)","mdl230_dev_sedol_curindsp_","2","GBR","{""id"":""model-estimates-models"",""name"":""Estimates Models""}","[]","MATRIX","TOP700","0"
"0","{""id"":""model"",""name"":""Model""}","0","{""id"":""model230"",""name"":""Factor Ratios and its Rank Model""}","1","2026-07-01","1","The ratio of current assets to current liabilities, both from the most recently reported quarter","mdl230_dev_sedol_curratio","2","GBR","{""id"":""model-estimates-models"",""name"":""Estimates Models""}","[]","MATRIX","TOP700","0"
"0","{""id"":""model"",""name"":""Model""}","0","{""id"":""model230"",""name"":""Factor Ratios and its Rank Model""}","1","2026-07-01","1","Ratio of the coefficient of variation of the last 20 days' closing prices to the coefficient of variation of daily trading volume over the same period","mdl230_dev_sedol_cvvolp20d","2","GBR","{""id"":""model-estimates-models"",""name"":""Estimates Models""}","[]","MATRIX","TOP700","0"
"0","{""id"":""model"",""name"":""Model""}","0","{""id"":""model230"",""name"":""Factor Ratios and its Rank Model""}","1","2026-07-01","1","Average working capital over trailing 12 months divided by total sales in that period; working capital is inventory plus accounts receivable minus accounts payable (working capital to sales ratio)","mdl230_dev_sedol_cws","2","GBR","{""id"":""model-estimates-models"",""name"":""Estimates Models""}","[]","MATRIX","TOP700","0"
"0","{""id"":""model"",""name"":""Model""}","0","{""id"":""model230"",""name"":""Factor Ratios and its Rank Model""}","1","2026-07-01","1","Relative Strength Index calculated over prior 14 days, measuring average up versus down moves to identify overbought/oversold conditions","mdl230_dev_sedol_d41isr","2","GBR","{""id"":""model-estimates-models"",""name"":""Estimates Models""}","[]","MATRIX","TOP700","0"
"0","{""id"":""model"",""name"":""Model""}","0","{""id"":""model230"",""name"":""Factor Ratios and its Rank Model""}","1","2026-07-01","1","Most recently reported quarterly cash flow from operations less the cash dividends, divided by the current interest-bearing debt","mdl230_dev_sedol_dcc","2","GBR","{""id"":""model-estimates-models"",""name"":""Estimates Models""}","[]","MATRIX","TOP700","0"
"0","{""id"":""model"",""name"":""Model""}","0","{""id"":""model230"",""name"":""Factor Ratios and its Rank Model""}","1","2026-07-01","1","Trailing 12-month cash flow divided by sum of most recently reported long-term debt and short-term interest-bearing debt","mdl230_dev_sedol_debtcf","2","GBR","{""id"":""model-estimates-models"",""name"":""Estimates Models""}","[]","MATRIX","TOP700","0"
"0","{""id"":""model"",""name"":""Model""}","0","{""id"":""model230"",""name"":""Factor Ratios and its Rank Model""}","1","2026-07-01","1","Sum of long-term and short-term debt divided by market capitalization (debt-to-market cap ratio)","mdl230_dev_sedol_debtmktcap","2","GBR","{""id"":""model-estimates-models"",""name"":""Estimates Models""}","[]","MATRIX","TOP700","0"
"0","{""id"":""model"",""name"":""Model""}","0","{""id"":""model230"",""name"":""Factor Ratios and its Rank Model""}","1","2026-07-01","1","5-year growth in dividends","mdl230_dev_sedol_div5yg","2","GBR","{""id"":""model-estimates-models"",""name"":""Estimates Models""}","[]","MATRIX","TOP700","0"
"0","{""id"":""model"",""name"":""Model""}","0","{""id"":""model230"",""name"":""Factor Ratios and its Rank Model""}","1","2026-07-01","1","Trailing 12-month cash dividends (total for common and preferred stock) divided by trailing 12-month cash flow, showing payout as a percent of cash flow","mdl230_dev_sedol_divcf","2","GBR","{""id"":""model-estimates-models"",""name"":""Estimates Models""}","[]","MATRIX","TOP700","0"
"0","{""id"":""model"",""name"":""Model""}","0","{""id"":""model230"",""name"":""Factor Ratios and its Rank Model""}","1","2026-07-01","1","Trailing 12-month earnings from operations divided by indicated annual dividends","mdl230_dev_sedol_divcov","2","GBR","{""id"":""model-estimates-models"",""name"":""Estimates Models""}","[]","MATRIX","TOP700","0"
"0","{""id"":""model"",""name"":""Model""}","0","{""id"":""model230"",""name"":""Factor Ratios and its Rank Model""}","1","2026-07-01","1","Total dividends paid divided by (revenue minus cost of goods sold)","mdl230_dev_sedol_divgp","2","GBR","{""id"":""model-estimates-models"",""name"":""Estimates Models""}","[]","MATRIX","TOP700","0"
"0","{""id"":""model"",""name"":""Model""}","0","{""id"":""model230"",""name"":""Factor Ratios and its Rank Model""}","1","2026-07-01","1","Trailing 12-month dividends per share divided by the stock’s month-end trading price, expressing dividend yield","mdl230_dev_sedol_divyield","2","GBR","{""id"":""model-estimates-models"",""name"":""Estimates Models""}","[]","MATRIX","TOP700","0"
"0","{""id"":""model"",""name"":""Model""}","0","{""id"":""model230"",""name"":""Factor Ratios and its Rank Model""}","1","2026-07-01","1","Absolute difference between the yearly percent change in trailing 12-month depreciation expense and the yearly percent change in trailing 12-month capital expenditure","mdl230_dev_sedol_dpcapex","2","GBR","{""id"":""model-estimates-models"",""name"":""Estimates Models""}","[]","MATRIX","TOP700","0"
"0","{""id"":""model"",""name"":""Model""}","0","{""id"":""model230"",""name"":""Factor Ratios and its Rank Model""}","1","2026-07-01","1","Beta coefficient to change in US Dollar value, estimated by a 60-month multiple regression of stock returns on several macroeconomic factors","mdl230_dev_sedol_dsu","2","GBR","{""id"":""model-estimates-models"",""name"":""Estimates Models""}","[]","MATRIX","TOP700","0"
"0","{""id"":""model"",""name"":""Model""}","0","{""id"":""model230"",""name"":""Factor Ratios and its Rank Model""}","1","2026-07-01","1","The standard deviation of daily total stock returns measured over the trailing one month, quantifying short-term return volatility","mdl230_dev_sedol_dtsm1_rd","2","GBR","{""id"":""model-estimates-models"",""name"":""Estimates Models""}","[]","MATRIX","TOP700","0"
"0","{""id"":""model"",""name"":""Model""}","0","{""id"":""model230"",""name"":""Factor Ratios and its Rank Model""}","1","2026-07-01","1","Next 4-quarter EPS estimate plus trailing 12-month real earnings surprise divided by trailing 12-month EPS, where surprise is actual minus estimated EPS summed over last four quarters","mdl230_dev_sedol_earningstorpedo","2","GBR","{""id"":""model-estimates-models"",""name"":""Estimates Models""}","[]","MATRIX","TOP700","0"
"0","{""id"":""model"",""name"":""Model""}","0","{""id"":""model230"",""name"":""Factor Ratios and its Rank Model""}","1","2026-07-01","1","Difference between reported accounting earnings and free cash flow, scaled by average assets (indicator of earnings quality or possible accruals)","mdl230_dev_sedol_earnshortfall","2","GBR","{""id"":""model-estimates-models"",""name"":""Estimates Models""}","[]","MATRIX","TOP700","0"
"0","{""id"":""model"",""name"":""Model""}","0","{""id"":""model230"",""name"":""Factor Ratios and its Rank Model""}","1","2026-07-01","1","Trailing-twelve-month earnings before interest, taxes, depreciation and amortization divided by current total debt (a leverage or coverage ratio)","mdl230_dev_sedol_ebitdadebt","2","GBR","{""id"":""model-estimates-models"",""name"":""Estimates Models""}","[]","MATRIX","TOP700","0"
"0","{""id"":""model"",""name"":""Model""}","0","{""id"":""model230"",""name"":""Factor Ratios and its Rank Model""}","1","2026-07-01","1","Annual change in the ratio of trailing-twelve-month EBITDA to current total debt","mdl230_dev_sedol_ebitdadebtchg","2","GBR","{""id"":""model-estimates-models"",""name"":""Estimates Models""}","[]","MATRIX","TOP700","0"
"0","{""id"":""model"",""name"":""Model""}","0","{""id"":""model230"",""name"":""Factor Ratios and its Rank Model""}","1","2026-07-01","1","Trailing 12-month EBITDA divided by enterprise value (EV = Equity Market Value + LT Debt + ST Debt + Preferred Stock + Minority Interest - Cash)","mdl230_dev_sedol_ebitdaev","2","GBR","{""id"":""model-estimates-models"",""name"":""Estimates Models""}","[]","MATRIX","TOP700","0"
"0","{""id"":""model"",""name"":""Model""}","0","{""id"":""model230"",""name"":""Factor Ratios and its Rank Model""}","1","2026-07-01","1","Trailing 12-month earnings before interest, taxes, depreciation, and amortization divided by the company’s month-end trading price (EBITDA-to-price ratio)","mdl230_dev_sedol_ebitdap","2","GBR","{""id"":""model-estimates-models"",""name"":""Estimates Models""}","[]","MATRIX","TOP700","0"
"0","{""id"":""model"",""name"":""Model""}","0","{""id"":""model230"",""name"":""Factor Ratios and its Rank Model""}","1","2026-07-01","1","Most recently reported total long-term debt divided by total book equity (debt-to-equity ratio)","mdl230_dev_sedol_ed","2","GBR","{""id"":""model-estimates-models"",""name"":""Estimates Models""}","[]","MATRIX","TOP700","0"
"0","{""id"":""model"",""name"":""Model""}","0","{""id"":""model230"",""name"":""Factor Ratios and its Rank Model""}","1","2026-07-01","1","Annual aggregate sales for EMEA as reported by the company divided by total annual sales","mdl230_dev_sedol_emeasales","2","GBR","{""id"":""model-estimates-models"",""name"":""Estimates Models""}","[]","MATRIX","TOP700","0"
"0","{""id"":""model"",""name"":""Model""}","0","{""id"":""model230"",""name"":""Factor Ratios and its Rank Model""}","1","2026-07-01","1","Trailing 12-month pre-tax earnings per share multiplied by the change in effective tax rate over the last four quarters, where effective tax rate is total tax expense divided by pre-tax income","mdl230_dev_sedol_epschgetr","2","GBR","{""id"":""model-estimates-models"",""name"":""Estimates Models""}","[]","MATRIX","TOP700","0"
"0","{""id"":""model"",""name"":""Model""}","0","{""id"":""model230"",""name"":""Factor Ratios and its Rank Model""}","1","2026-07-01","1","Trailing 12-month sales divided by average trailing 12-month reported book equity (equity turnover ratio)","mdl230_dev_sedol_equityto","2","GBR","{""id"":""model-estimates-models"",""name"":""Estimates Models""}","[]","MATRIX","TOP700","0"
"0","{""id"":""model"",""name"":""Model""}","0","{""id"":""model230"",""name"":""Factor Ratios and its Rank Model""}","1","2026-07-01","1","Trailing 12-month free cash flow divided by average book equity value over the same period","mdl230_dev_sedol_fcfequity","2","GBR","{""id"":""model-estimates-models"",""name"":""Estimates Models""}","[]","MATRIX","TOP700","0"
"0","{""id"":""model"",""name"":""Model""}","0","{""id"":""model230"",""name"":""Factor Ratios and its Rank Model""}","1","2026-07-01","1","Trailing 12-month free cash flow minus 4-quarters-ago trailing 12-month free cash flow, divided by average total assets","mdl230_dev_sedol_fcfghc","2","GBR","{""id"":""model-estimates-models"",""name"":""Estimates Models""}","[]","MATRIX","TOP700","0"
"0","{""id"":""model"",""name"":""Model""}","0","{""id"":""model230"",""name"":""Factor Ratios and its Rank Model""}","1","2026-07-01","1","Trailing 12-month free cash flow divided by average invested capital for the same period; invested capital includes common equity, long-term debt, minority interest, and preferred stock","mdl230_dev_sedol_fcfroi","2","GBR","{""id"":""model-estimates-models"",""name"":""Estimates Models""}","[]","MATRIX","TOP700","0"
"0","{""id"":""model"",""name"":""Model""}","0","{""id"":""model230"",""name"":""Factor Ratios and its Rank Model""}","1","2026-07-01","1","Trailing 12-month free cash flow divided by trailing 12-month sales","mdl230_dev_sedol_fcfsale","2","GBR","{""id"":""model-estimates-models"",""name"":""Estimates Models""}","[]","MATRIX","TOP700","0"
"0","{""id"":""model"",""name"":""Model""}","0","{""id"":""model230"",""name"":""Factor Ratios and its Rank Model""}","1","2026-07-01","1","Three-year geometric (compound annual) growth rate of free cash flow for the company","mdl230_dev_sedol_fcfy3gc","2","GBR","{""id"":""model-estimates-models"",""name"":""Estimates Models""}","[]","MATRIX","TOP700","0"
"0","{""id"":""model"",""name"":""Model""}","0","{""id"":""model230"",""name"":""Factor Ratios and its Rank Model""}","1","2026-07-01","1","Trailing 12-month cash flow minus comparable trailing 12-month cash flow from 4 quarters ago, scaled by average total assets (change in cash flow over a year relative to assets)","mdl230_dev_sedol_fcghc","2","GBR","{""id"":""model-estimates-models"",""name"":""Estimates Models""}","[]","MATRIX","TOP700","0"
"0","{""id"":""model"",""name"":""Model""}","0","{""id"":""model230"",""name"":""Factor Ratios and its Rank Model""}","1","2026-07-01","1","Change in trailing 12-month operating cash flow compared to 4 quarters ago, divided by average total assets","mdl230_dev_sedol_fcoghc","2","GBR","{""id"":""model-estimates-models"",""name"":""Estimates Models""}","[]","MATRIX","TOP700","0"
"0","{""id"":""model"",""name"":""Model""}","0","{""id"":""model230"",""name"":""Factor Ratios and its Rank Model""}","1","2026-07-01","1","Next 4 quarters' analyst consensus earnings estimates-to-price ratio less the industry average, standardized by industry standard deviation","mdl230_dev_sedol_fc_curindfwdep_","2","GBR","{""id"":""model-estimates-models"",""name"":""Estimates Models""}","[]","MATRIX","TOP700","0"
"0","{""id"":""model"",""name"":""Model""}","0","{""id"":""model230"",""name"":""Factor Ratios and its Rank Model""}","1","2026-07-01","1","The reciprocal of a stock's forward 12-month P/E ratio divided by the sum of the I/B/E/S forecasted long-term growth rate and the indicated dividend yield","mdl230_dev_sedol_fc_dypeg","2","GBR","{""id"":""model-estimates-models"",""name"":""Estimates Models""}","[]","MATRIX","TOP700","0"
"0","{""id"":""model"",""name"":""Model""}","0","{""id"":""model230"",""name"":""Factor Ratios and its Rank Model""}","1","2026-07-01","1","Stock's valuation based on the Edwards-Bell-Ohlson (EBO) model divided by its month-end trading price; EBO is a modified dividend discount model focusing on intrinsic value via generated earnings vs cost of capital","mdl230_dev_sedol_fc_ebop","2","GBR","{""id"":""model-estimates-models"",""name"":""Estimates Models""}","[]","MATRIX","TOP700","0"
"0","{""id"":""model"",""name"":""Model""}","0","{""id"":""model230"",""name"":""Factor Ratios and its Rank Model""}","1","2026-07-01","1","The ratio of the most recent First Call next 4-quarter median earnings estimate for a stock to its month-end trading price","mdl230_dev_sedol_fc_estep","2","GBR","{""id"":""model-estimates-models"",""name"":""Estimates Models""}","[]","MATRIX","TOP700","0"
"0","{""id"":""model"",""name"":""Model""}","0","{""id"":""model230"",""name"":""Factor Ratios and its Rank Model""}","1","2026-07-01","1","Trailing 12-month free cash flow per share multiplied by the consensus next 4-quarter earnings forecast, divided by book value per share and scaled by month-end price","mdl230_dev_sedol_fc_fcfroey1p","2","GBR","{""id"":""model-estimates-models"",""name"":""Estimates Models""}","[]","MATRIX","TOP700","0"
"0","{""id"":""model"",""name"":""Model""}","0","{""id"":""model230"",""name"":""Factor Ratios and its Rank Model""}","1","2026-07-01","1","Most recent quarterly earnings surprise (actual EPS minus consensus forecast) normalized by the standard deviation of analyst forecasts","mdl230_dev_sedol_fc_fqsurstd","2","GBR","{""id"":""model-estimates-models"",""name"":""Estimates Models""}","[]","MATRIX","TOP700","0"
"0","{""id"":""model"",""name"":""Model""}","0","{""id"":""model230"",""name"":""Factor Ratios and its Rank Model""}","1","2026-07-01","1","First Call analysts’ earnings estimates for the next four quarters divided by most recently reported common equity per share","mdl230_dev_sedol_fc_fwdroe","2","GBR","{""id"":""model-estimates-models"",""name"":""Estimates Models""}","[]","MATRIX","TOP700","0"
"0","{""id"":""model"",""name"":""Model""}","0","{""id"":""model230"",""name"":""Factor Ratios and its Rank Model""}","1","2026-07-01","1","Number of First Call analysts' earnings estimates for fiscal year 1 available for the stock","mdl230_dev_sedol_fc_numest","2","GBR","{""id"":""model-estimates-models"",""name"":""Estimates Models""}","[]","MATRIX","TOP700","0"
"0","{""id"":""model"",""name"":""Model""}","0","{""id"":""model230"",""name"":""Factor Ratios and its Rank Model""}","1","2026-07-01","1","Weighted average of the number of First Call analyst earnings forecasts for fiscal year 1 raised minus those lowered within a month, divided by the total number of analyst forecasts","mdl230_dev_sedol_fc_numrevy1","2","GBR","{""id"":""model-estimates-models"",""name"":""Estimates Models""}","[]","MATRIX","TOP700","0"
"0","{""id"":""model"",""name"":""Model""}","0","{""id"":""model230"",""name"":""Factor Ratios and its Rank Model""}","1","2026-07-01","1","Stock's current next 4-quarter First Call consensus analyst earnings-forecasts-to-price ratio minus the average FwdEP over last 60 months, scaled by the standard deviation of FwdEPs over the same period","mdl230_dev_sedol_fc_rel5yfwdep","2","GBR","{""id"":""model-estimates-models"",""name"":""Estimates Models""}","[]","MATRIX","TOP700","0"
"0","{""id"":""model"",""name"":""Model""}","0","{""id"":""model230"",""name"":""Factor Ratios and its Rank Model""}","1","2026-07-01","1","Change in analyst consensus earnings estimate for fiscal year 1 compared to three months ago, divided by the stock’s month-end price","mdl230_dev_sedol_fc_rev3y1","2","GBR","{""id"":""model-estimates-models"",""name"":""Estimates Models""}","[]","MATRIX","TOP700","0"
"0","{""id"":""model"",""name"":""Model""}","0","{""id"":""model230"",""name"":""Factor Ratios and its Rank Model""}","1","2026-07-01","1","Change in the current First Call analysts' mean earnings estimate for fiscal year 2 minus that estimate from three months ago, deflated by the month-end trading price","mdl230_dev_sedol_fc_rev3y2","2","GBR","{""id"":""model-estimates-models"",""name"":""Estimates Models""}","[]","MATRIX","TOP700","0"
"0","{""id"":""model"",""name"":""Model""}","0","{""id"":""model230"",""name"":""Factor Ratios and its Rank Model""}","1","2026-07-01","1","Average of prior 6 months’ monthly changes in First Call consensus analyst earnings forecasts for fiscal year 1, scaled by previous month-end trading price","mdl230_dev_sedol_fc_rev6","2","GBR","{""id"":""model-estimates-models"",""name"":""Estimates Models""}","[]","MATRIX","TOP700","0"
"0","{""id"":""model"",""name"":""Model""}","0","{""id"":""model230"",""name"":""Factor Ratios and its Rank Model""}","1","2026-07-01","1","Standard deviation of analysts' individual forecasts for next fiscal year earnings (EPS), divided by month-end closing price (measures dispersion of EPS forecasts scaled by price)","mdl230_dev_sedol_fc_stdevfy1epsp","2","GBR","{""id"":""model-estimates-models"",""name"":""Estimates Models""}","[]","MATRIX","TOP700","0"
"0","{""id"":""model"",""name"":""Model""}","0","{""id"":""model230"",""name"":""Factor Ratios and its Rank Model""}","1","2026-07-01","1","Standard deviation of individual analyst forecasts for fiscal year 2 earnings divided by the stock's month-end closing price (dispersion of FY2 earnings estimates, price-scaled)","mdl230_dev_sedol_fc_stdevfy2epsp","2","GBR","{""id"":""model-estimates-models"",""name"":""Estimates Models""}","[]","MATRIX","TOP700","0"
"0","{""id"":""model"",""name"":""Model""}","0","{""id"":""model230"",""name"":""Factor Ratios and its Rank Model""}","1","2026-07-01","1","Difference between the consensus analyst forecast for year 2 fiscal earnings and the most recent actual fiscal year earnings, divided by the month-end trading price","mdl230_dev_sedol_fc_y2repsg","2","GBR","{""id"":""model-estimates-models"",""name"":""Estimates Models""}","[]","MATRIX","TOP700","0"
"0","{""id"":""model"",""name"":""Model""}","0","{""id"":""model230"",""name"":""Factor Ratios and its Rank Model""}","1","2026-07-01","1","Trailing 12-month sales divided by the average of total fixed assets during the same period","mdl230_dev_sedol_fixastto","2","GBR","{""id"":""model-estimates-models"",""name"":""Estimates Models""}","[]","MATRIX","TOP700","0"
"0","{""id"":""model"",""name"":""Model""}","0","{""id"":""model230"",""name"":""Factor Ratios and its Rank Model""}","1","2026-07-01","1","(Current assets minus cash and equivalents) divided by (current liabilities minus short-term debt), all from the most recent quarter","mdl230_dev_sedol_flowratio","2","GBR","{""id"":""model-estimates-models"",""name"":""Estimates Models""}","[]","MATRIX","TOP700","0"
"0","{""id"":""model"",""name"":""Model""}","0","{""id"":""model230"",""name"":""Factor Ratios and its Rank Model""}","1","2026-07-01","1","Most recent actual fiscal quarter EPS minus the consensus earnings estimate from 60 days ago, divided by the standard deviation of analyst forecasts 60 days ago (standardized EPS forecast surprise with 60 day lag)","mdl230_dev_sedol_fqsurstd60dlag","2","GBR","{""id"":""model-estimates-models"",""name"":""Estimates Models""}","[]","MATRIX","TOP700","0"
"0","{""id"":""model"",""name"":""Model""}","0","{""id"":""model230"",""name"":""Factor Ratios and its Rank Model""}","1","2026-07-01","1","Estimate of EBITDA for next fiscal year divided by enterprise value","mdl230_dev_sedol_fwdebitdaev","2","GBR","{""id"":""model-estimates-models"",""name"":""Estimates Models""}","[]","MATRIX","TOP700","0"
"0","{""id"":""model"",""name"":""Model""}","0","{""id"":""model230"",""name"":""Factor Ratios and its Rank Model""}","1","2026-07-01","1","Long-term debt divided by (total assets minus current liabilities)","mdl230_dev_sedol_gear","2","GBR","{""id"":""model-estimates-models"",""name"":""Estimates Models""}","[]","MATRIX","TOP700","0"
"0","{""id"":""model"",""name"":""Model""}","0","{""id"":""model230"",""name"":""Factor Ratios and its Rank Model""}","1","2026-07-01","1","Graham Number (sqrt[22.5 x EPS x Book Value Per Share]) divided by price","mdl230_dev_sedol_grahamnum","2","GBR","{""id"":""model-estimates-models"",""name"":""Estimates Models""}","[]","MATRIX","TOP700","0"
"0","{""id"":""model"",""name"":""Model""}","0","{""id"":""model230"",""name"":""Factor Ratios and its Rank Model""}","1","2026-07-01","1","Difference between most recent consensus analyst earnings forecast for fiscal year 2 and fiscal year 1, divided by month-end trading price","mdl230_dev_sedol_gspea2y_cf","2","GBR","{""id"":""model-estimates-models"",""name"":""Estimates Models""}","[]","MATRIX","TOP700","0"
"0","{""id"":""model"",""name"":""Model""}","0","{""id"":""model230"",""name"":""Factor Ratios and its Rank Model""}","1","2026-07-01","1","I/B/E/S mean long-term growth forecast, representing expected annual growth in operating earnings over the next business cycle","mdl230_dev_sedol_gtl","2","GBR","{""id"":""model-estimates-models"",""name"":""Estimates Models""}","[]","MATRIX","TOP700","0"
"0","{""id"":""model"",""name"":""Model""}","0","{""id"":""model230"",""name"":""Factor Ratios and its Rank Model""}","1","2026-07-01","1","Percent change in a stock's most recent I/B/E/S mean long-term growth forecast compared to six months ago","mdl230_dev_sedol_gtlm6ghc","2","GBR","{""id"":""model-estimates-models"",""name"":""Estimates Models""}","[]","MATRIX","TOP700","0"
"0","{""id"":""model"",""name"":""Model""}","0","{""id"":""model230"",""name"":""Factor Ratios and its Rank Model""}","1","2026-07-01","1","The change in the company’s most recent trailing 12-month capital investment intensity compared to the average of its prior 3-year investment intensity","mdl230_dev_sedol_ica","2","GBR","{""id"":""model-estimates-models"",""name"":""Estimates Models""}","[]","MATRIX","TOP700","0"
"0","{""id"":""model"",""name"":""Model""}","0","{""id"":""model230"",""name"":""Factor Ratios and its Rank Model""}","1","2026-07-01","1","Number of days a company can cover operating expenses using only cash and receivables, based on balance sheet items","mdl230_dev_sedol_idb","2","GBR","{""id"":""model-estimates-models"",""name"":""Estimates Models""}","[]","MATRIX","TOP700","0"
"0","{""id"":""model"",""name"":""Model""}","0","{""id"":""model230"",""name"":""Factor Ratios and its Rank Model""}","1","2026-07-01","1","The industry-relative value of lagged quarterly return on equity (ROE), calculated as the stock’s ROE minus the industry average, divided by the industry ROE standard deviation","mdl230_dev_sedol_indrelcroe_","2","GBR","{""id"":""model-estimates-models"",""name"":""Estimates Models""}","[]","MATRIX","TOP700","0"
"0","{""id"":""model"",""name"":""Model""}","0","{""id"":""model230"",""name"":""Factor Ratios and its Rank Model""}","1","2026-07-01","1","Difference between a stock's asset-adjusted annual doubtful receivables and the industry average, deflated by the standard deviation of industry receivables","mdl230_dev_sedol_indrelrecd_","2","GBR","{""id"":""model-estimates-models"",""name"":""Estimates Models""}","[]","MATRIX","TOP700","0"
"0","{""id"":""model"",""name"":""Model""}","0","{""id"":""model230"",""name"":""Factor Ratios and its Rank Model""}","1","2026-07-01","1","Stock's return over the past 4 weeks minus the average return of its industry peers in the same period, divided by the standard deviation of industry peers' returns (industry-relative, standardized)","mdl230_dev_sedol_indrelrtn4w_","2","GBR","{""id"":""model-estimates-models"",""name"":""Estimates Models""}","[]","MATRIX","TOP700","0"
"0","{""id"":""model"",""name"":""Model""}","0","{""id"":""model230"",""name"":""Factor Ratios and its Rank Model""}","1","2026-07-01","1","Stock's 5-day return minus average 5-day return for industry peers, divided by standard deviation of those returns (industry-normalized 5-day relative return)","mdl230_dev_sedol_indrelrtn5d_","2","GBR","{""id"":""model-estimates-models"",""name"":""Estimates Models""}","[]","MATRIX","TOP700","0"
"0","{""id"":""model"",""name"":""Model""}","0","{""id"":""model230"",""name"":""Factor Ratios and its Rank Model""}","1","2026-07-01","1","Beta coefficient to change in inflation, estimated by a 60-month multiple regression of returns on macroeconomic factors","mdl230_dev_sedol_inflation","2","GBR","{""id"":""model-estimates-models"",""name"":""Estimates Models""}","[]","MATRIX","TOP700","0"
"0","{""id"":""model"",""name"":""Model""}","0","{""id"":""model230"",""name"":""Factor Ratios and its Rank Model""}","1","2026-07-01","1","Current inventory level scaled by or divided by the total assets from most recent quarter","mdl230_dev_sedol_invast","2","GBR","{""id"":""model-estimates-models"",""name"":""Estimates Models""}","[]","MATRIX","TOP700","0"
"0","{""id"":""model"",""name"":""Model""}","0","{""id"":""model230"",""name"":""Factor Ratios and its Rank Model""}","1","2026-07-01","1","It is defined as the year-over-year change of 1 minus the ratio of current assets plus PP&E divided by total assets","mdl230_dev_sedol_iqa","2","GBR","{""id"":""model-estimates-models"",""name"":""Estimates Models""}","[]","MATRIX","TOP700","0"
"0","{""id"":""model"",""name"":""Model""}","0","{""id"":""model230"",""name"":""Factor Ratios and its Rank Model""}","1","2026-07-01","1","Trailing 12-month sales-to-enterprise value for a stock minus the industry average (normalized by industry standard deviation) within the same universe","mdl230_dev_sedol_irttmsalesev","2","GBR","{""id"":""model-estimates-models"",""name"":""Estimates Models""}","[]","MATRIX","TOP700","0"
"0","{""id"":""model"",""name"":""Model""}","0","{""id"":""model230"",""name"":""Factor Ratios and its Rank Model""}","1","2026-07-01","1","Trailing 12-month earnings per share (before extraordinary items) times the change in yearly sales-per-share growth rate, divided by the month-end trading price","mdl230_dev_sedol_lagegp","2","GBR","{""id"":""model-estimates-models"",""name"":""Estimates Models""}","[]","MATRIX","TOP700","0"
"0","{""id"":""model"",""name"":""Model""}","0","{""id"":""model230"",""name"":""Factor Ratios and its Rank Model""}","1","2026-07-01","1","The sum of the trailing 12-month pretax income and interest expense divided by pretax income for the trailing 12 months, measuring degree of financial leverage","mdl230_dev_sedol_lfd","2","GBR","{""id"":""model-estimates-models"",""name"":""Estimates Models""}","[]","MATRIX","TOP700","0"
"0","{""id"":""model"",""name"":""Model""}","0","{""id"":""model230"",""name"":""Factor Ratios and its Rank Model""}","1","2026-07-01","1","Slope from regression of monthly trading turnover ratio against monthly stock price returns, indicating liquidity-return relationship","mdl230_dev_sedol_liqcoeff","2","GBR","{""id"":""model-estimates-models"",""name"":""Estimates Models""}","[]","MATRIX","TOP700","0"
"0","{""id"":""model"",""name"":""Model""}","0","{""id"":""model230"",""name"":""Factor Ratios and its Rank Model""}","1","2026-07-01","1","Most recent quarterly reported invested capital divided by the trailing 12-month EBITDA","mdl230_dev_sedol_lumqca","2","GBR","{""id"":""model-estimates-models"",""name"":""Estimates Models""}","[]","MATRIX","TOP700","0"
"0","{""id"":""model"",""name"":""Model""}","0","{""id"":""model230"",""name"":""Factor Ratios and its Rank Model""}","1","2026-07-01","1","Minimum monthly price return for the stock in the last 20-month period","mdl230_dev_sedol_m42rav","2","GBR","{""id"":""model-estimates-models"",""name"":""Estimates Models""}","[]","MATRIX","TOP700","0"
"0","{""id"":""model"",""name"":""Model""}","0","{""id"":""model230"",""name"":""Factor Ratios and its Rank Model""}","1","2026-07-01","1","Percent change in a stock's price from 12 months ago to 7 months ago (second most recent 6-month return in trailing year)","mdl230_dev_sedol_m6dn2ntr","2","GBR","{""id"":""model-estimates-models"",""name"":""Estimates Models""}","[]","MATRIX","TOP700","0"
"0","{""id"":""model"",""name"":""Model""}","0","{""id"":""model230"",""name"":""Factor Ratios and its Rank Model""}","1","2026-07-01","1","Probability of financial distress from the Campbell, Hilscher and Szilagyi (2008) and Chen and Zhang (2009) models","mdl230_dev_sedol_md","2","GBR","{""id"":""model-estimates-models"",""name"":""Estimates Models""}","[]","MATRIX","TOP700","0"
"0","{""id"":""model"",""name"":""Model""}","0","{""id"":""model230"",""name"":""Factor Ratios and its Rank Model""}","1","2026-07-01","1","Monthly average of the ratio of daily absolute price return to daily dollar trading volume, indicating price movement relative to liquidity","mdl230_dev_sedol_milliq","2","GBR","{""id"":""model-estimates-models"",""name"":""Estimates Models""}","[]","MATRIX","TOP700","0"
"0","{""id"":""model"",""name"":""Model""}","0","{""id"":""model230"",""name"":""Factor Ratios and its Rank Model""}","1","2026-07-01","1","Stock's current month-end market capitalization divided by the number of analysts providing fiscal year 1 earnings estimates to I/B/E/S","mdl230_dev_sedol_mktcappera","2","GBR","{""id"":""model-estimates-models"",""name"":""Estimates Models""}","[]","MATRIX","TOP700","0"
"0","{""id"":""model"",""name"":""Model""}","0","{""id"":""model230"",""name"":""Factor Ratios and its Rank Model""}","1","2026-07-01","1","The ratio of a stock's month-end total market value plus the most recent quarterly book debt to market value, a measure of market leverage","mdl230_dev_sedol_mktlev","2","GBR","{""id"":""model-estimates-models"",""name"":""Estimates Models""}","[]","MATRIX","TOP700","0"
"0","{""id"":""model"",""name"":""Model""}","0","{""id"":""model230"",""name"":""Factor Ratios and its Rank Model""}","0.8541","2026-07-01","1","Trailing twelve months gross profit margin, calculated as (Sales - Cost of Goods Sold) divided by Sales","mdl230_dev_sedol_mpg","2","GBR","{""id"":""model-estimates-models"",""name"":""Estimates Models""}","[]","MATRIX","TOP700","0"
"0","{""id"":""model"",""name"":""Model""}","0","{""id"":""model230"",""name"":""Factor Ratios and its Rank Model""}","1","2026-07-01","1","Most recent quarterly reported gross profit margin minus margin for the same quarter three years ago; gross profit margin = TTM (Sales-COGS)/Sales (3-year change in gross profit margin)","mdl230_dev_sedol_mpgghcy3_","2","GBR","{""id"":""model-estimates-models"",""name"":""Estimates Models""}","[]","MATRIX","TOP700","0"
"0","{""id"":""model"",""name"":""Model""}","0","{""id"":""model230"",""name"":""Factor Ratios and its Rank Model""}","1","2026-07-01","1","The 3-year geometric growth rate of the company’s gross profit margin","mdl230_dev_sedol_mpgy3gc","2","GBR","{""id"":""model-estimates-models"",""name"":""Estimates Models""}","[]","MATRIX","TOP700","0"
"0","{""id"":""model"",""name"":""Model""}","0","{""id"":""model230"",""name"":""Factor Ratios and its Rank Model""}","1","2026-07-01","1","Most recent quarterly net income after tax divided by quarterly sales (net profit margin)","mdl230_dev_sedol_mpn","2","GBR","{""id"":""model-estimates-models"",""name"":""Estimates Models""}","[]","MATRIX","TOP700","0"
"0","{""id"":""model"",""name"":""Model""}","0","{""id"":""model230"",""name"":""Factor Ratios and its Rank Model""}","1","2026-07-01","1","Difference between the most recent quarterly net profit margin and that of four quarters ago, where NPM = net income divided by total sales","mdl230_dev_sedol_mpnghc","2","GBR","{""id"":""model-estimates-models"",""name"":""Estimates Models""}","[]","MATRIX","TOP700","0"
"0","{""id"":""model"",""name"":""Model""}","0","{""id"":""model230"",""name"":""Factor Ratios and its Rank Model""}","1","2026-07-01","1","Most recent quarterly operating profit margin minus that of four quarters ago; operating profit margin is operating income divided by total sales","mdl230_dev_sedol_mpoghc","2","GBR","{""id"":""model-estimates-models"",""name"":""Estimates Models""}","[]","MATRIX","TOP700","0"
"0","{""id"":""model"",""name"":""Model""}","0","{""id"":""model230"",""name"":""Factor Ratios and its Rank Model""}","1","2026-07-01","1","Three-year geometric (compound) growth rate of operating profit margins, with margin defined as most recent quarterly operating income divided by corresponding quarterly sales","mdl230_dev_sedol_mpoy3gc","2","GBR","{""id"":""model-estimates-models"",""name"":""Estimates Models""}","[]","MATRIX","TOP700","0"
"0","{""id"":""model"",""name"":""Model""}","0","{""id"":""model230"",""name"":""Factor Ratios and its Rank Model""}","1","2026-07-01","1","Three-month change in First Call analysts' median earnings forecast for fiscal year 1, scaled by the current mean estimate","mdl230_dev_sedol_mrspe_cf","2","GBR","{""id"":""model-estimates-models"",""name"":""Estimates Models""}","[]","MATRIX","TOP700","0"
"0","{""id"":""model"",""name"":""Model""}","0","{""id"":""model230"",""name"":""Factor Ratios and its Rank Model""}","1","2026-07-01","1","Annual aggregate sales for North America as reported by the company divided by total annual sales (proportion of sales from North America)","mdl230_dev_sedol_nasales","2","GBR","{""id"":""model-estimates-models"",""name"":""Estimates Models""}","[]","MATRIX","TOP700","0"
"0","{""id"":""model"",""name"":""Model""}","0","{""id"":""model230"",""name"":""Factor Ratios and its Rank Model""}","1","2026-07-01","1","(Most recent quarterly cash and equivalents minus long-term debt and current debt) divided by month-end market value","mdl230_dev_sedol_netcashp","2","GBR","{""id"":""model-estimates-models"",""name"":""Estimates Models""}","[]","MATRIX","TOP700","0"
"0","{""id"":""model"",""name"":""Model""}","0","{""id"":""model230"",""name"":""Factor Ratios and its Rank Model""}","1","2026-07-01","1","Net debt divided by total funding sources (net debt, preferred stock, common stock), with net debt as long- plus short-term debt minus cash/equivalents, using most recent quarter","mdl230_dev_sedol_netdebt","2","GBR","{""id"":""model-estimates-models"",""name"":""Estimates Models""}","[]","MATRIX","TOP700","0"
"0","{""id"":""model"",""name"":""Model""}","0","{""id"":""model230"",""name"":""Factor Ratios and its Rank Model""}","1","2026-07-01","1","Net debt (long-term plus short-term debt minus cash and equivalents) divided by EBITDA","mdl230_dev_sedol_netdebtebitda","2","GBR","{""id"":""model-estimates-models"",""name"":""Estimates Models""}","[]","MATRIX","TOP700","0"
"0","{""id"":""model"",""name"":""Model""}","0","{""id"":""model230"",""name"":""Factor Ratios and its Rank Model""}","1","2026-07-01","1","Most recent quarterly reported net fixed assets divided by total long-term debt","mdl230_dev_sedol_nfaldebt","2","GBR","{""id"":""model-estimates-models"",""name"":""Estimates Models""}","[]","MATRIX","TOP700","0"
"0","{""id"":""model"",""name"":""Model""}","0","{""id"":""model230"",""name"":""Factor Ratios and its Rank Model""}","1","2026-07-01","1","Income after taxes for the trailing 12 months divided by the number of employees at the end of the last reported fiscal year (net income per employee)","mdl230_dev_sedol_niper","2","GBR","{""id"":""model-estimates-models"",""name"":""Estimates Models""}","[]","MATRIX","TOP700","0"
"0","{""id"":""model"",""name"":""Model""}","0","{""id"":""model230"",""name"":""Factor Ratios and its Rank Model""}","1","2026-07-01","1","Natural logarithm of the most recent quarterly reported total assets, providing a scale-adjusted size measure","mdl230_dev_sedol_nlassets","2","GBR","{""id"":""model-estimates-models"",""name"":""Estimates Models""}","[]","MATRIX","TOP700","0"
"0","{""id"":""model"",""name"":""Model""}","0","{""id"":""model230"",""name"":""Factor Ratios and its Rank Model""}","1","2026-07-01","1","Natural logarithm of most recent quarterly reported total assets, denominated in US dollars (log of assets in USD)","mdl230_dev_sedol_nla_u","2","GBR","{""id"":""model-estimates-models"",""name"":""Estimates Models""}","[]","MATRIX","TOP700","0"
"0","{""id"":""model"",""name"":""Model""}","0","{""id"":""model230"",""name"":""Factor Ratios and its Rank Model""}","1","2026-07-01","1","Natural logarithm of the cube of a stock’s month-end total market value","mdl230_dev_sedol_nlmc","2","GBR","{""id"":""model-estimates-models"",""name"":""Estimates Models""}","[]","MATRIX","TOP700","0"
"0","{""id"":""model"",""name"":""Model""}","0","{""id"":""model230"",""name"":""Factor Ratios and its Rank Model""}","1","2026-07-01","1","Natural logarithm of the cubic value of a stock's total market capitalization in US dollars","mdl230_dev_sedol_nlmc_u","2","GBR","{""id"":""model-estimates-models"",""name"":""Estimates Models""}","[]","MATRIX","TOP700","0"
"0","{""id"":""model"",""name"":""Model""}","0","{""id"":""model230"",""name"":""Factor Ratios and its Rank Model""}","1","2026-07-01","1","Natural logarithm of the cube of a stock's month-end unadjusted closing price","mdl230_dev_sedol_nlprice","2","GBR","{""id"":""model-estimates-models"",""name"":""Estimates Models""}","[]","MATRIX","TOP700","0"
"0","{""id"":""model"",""name"":""Model""}","0","{""id"":""model230"",""name"":""Factor Ratios and its Rank Model""}","1","2026-07-01","1","Natural logarithm of the cube of a stock's unadjusted closing price in USD","mdl230_dev_sedol_nlprice_usd","2","GBR","{""id"":""model-estimates-models"",""name"":""Estimates Models""}","[]","MATRIX","TOP700","0"
"0","{""id"":""model"",""name"":""Model""}","0","{""id"":""model230"",""name"":""Factor Ratios and its Rank Model""}","1","2026-07-01","1","Natural logarithm of the cube of the company’s trailing 12-month sales","mdl230_dev_sedol_nlsales","2","GBR","{""id"":""model-estimates-models"",""name"":""Estimates Models""}","[]","MATRIX","TOP700","0"
"0","{""id"":""model"",""name"":""Model""}","0","{""id"":""model230"",""name"":""Factor Ratios and its Rank Model""}","1","2026-07-01","1","The natural logarithm of the cube of a company's trailing 12-month sales, with sales expressed in USD; likely used as a scale or normalization transformation of sales","mdl230_dev_sedol_nlsales_usd","2","GBR","{""id"":""model-estimates-models"",""name"":""Estimates Models""}","[]","MATRIX","TOP700","0"
"0","{""id"":""model"",""name"":""Model""}","0","{""id"":""model230"",""name"":""Factor Ratios and its Rank Model""}","1","2026-07-01","1","Natural logarithm of the ratio of trailing 12-month average monthly trading volume to trailing 12-month average monthly market capitalization","mdl230_dev_sedol_nlvolcap","2","GBR","{""id"":""model-estimates-models"",""name"":""Estimates Models""}","[]","MATRIX","TOP700","0"
"0","{""id"":""model"",""name"":""Model""}","0","{""id"":""model230"",""name"":""Factor Ratios and its Rank Model""}","1","2026-07-01","1","Current assets per share minus total liabilities per share, divided by month-end price","mdl230_dev_sedol_nnastp","2","GBR","{""id"":""model-estimates-models"",""name"":""Estimates Models""}","[]","MATRIX","TOP700","0"
"0","{""id"":""model"",""name"":""Model""}","0","{""id"":""model230"",""name"":""Factor Ratios and its Rank Model""}","1","2026-07-01","1","Trailing 12-month sales divided by the average net operating assets over the last 4 quarters (net operating assets = short-term debt + long-term debt + preferred equity + common equity - cash)","mdl230_dev_sedol_noato","2","GBR","{""id"":""model-estimates-models"",""name"":""Estimates Models""}","[]","MATRIX","TOP700","0"
"0","{""id"":""model"",""name"":""Model""}","0","{""id"":""model230"",""name"":""Factor Ratios and its Rank Model""}","1","2026-07-01","1","Net operating profit after tax margin: (Net Income + Interest Expense x (1 - Effective Tax Rate)) divided by Net Sales, all on a trailing 12-month basis","mdl230_dev_sedol_nopatmargin","2","GBR","{""id"":""model-estimates-models"",""name"":""Estimates Models""}","[]","MATRIX","TOP700","0"
"0","{""id"":""model"",""name"":""Model""}","0","{""id"":""model230"",""name"":""Factor Ratios and its Rank Model""}","1","2026-07-01","1","Percent change in a stock's price from 12 months ago to 2 months ago","mdl230_dev_sedol_ntrm01ff","2","GBR","{""id"":""model-estimates-models"",""name"":""Estimates Models""}","[]","MATRIX","TOP700","0"
"0","{""id"":""model"",""name"":""Model""}","0","{""id"":""model230"",""name"":""Factor Ratios and its Rank Model""}","1","2026-07-01","1","Weighted average of the number of FY2 analyst earnings forecasts raised minus those lowered within a month, divided by the total analyst forecasts","mdl230_dev_sedol_numrevy2","2","GBR","{""id"":""model-estimates-models"",""name"":""Estimates Models""}","[]","MATRIX","TOP700","0"
"0","{""id"":""model"",""name"":""Model""}","0","{""id"":""model230"",""name"":""Factor Ratios and its Rank Model""}","1","2026-07-01","1","Trailing 12-month net cash flow from operations divided by average total assets","mdl230_dev_sedol_ocfast","2","GBR","{""id"":""model-estimates-models"",""name"":""Estimates Models""}","[]","MATRIX","TOP700","0"
"0","{""id"":""model"",""name"":""Model""}","0","{""id"":""model230"",""name"":""Factor Ratios and its Rank Model""}","1","2026-07-01","1","Trailing 12-month cash flow from operations divided by trailing 12-month sales (operating cash flow margin)","mdl230_dev_sedol_ocfmargin","2","GBR","{""id"":""model-estimates-models"",""name"":""Estimates Models""}","[]","MATRIX","TOP700","0"
"0","{""id"":""model"",""name"":""Model""}","0","{""id"":""model230"",""name"":""Factor Ratios and its Rank Model""}","1","2026-07-01","1","Most recently reported quarterly cash flow from operations divided by current liabilities (operating cash flow ratio)","mdl230_dev_sedol_ocfratio","2","GBR","{""id"":""model-estimates-models"",""name"":""Estimates Models""}","[]","MATRIX","TOP700","0"
"0","{""id"":""model"",""name"":""Model""}","0","{""id"":""model230"",""name"":""Factor Ratios and its Rank Model""}","1","2026-07-01","1","Trailing 12-month operating cash flow divided by average invested capital (sum of common equity, long-term debt, minority interest, and preferred stock) in the same period","mdl230_dev_sedol_ocfroi","2","GBR","{""id"":""model-estimates-models"",""name"":""Estimates Models""}","[]","MATRIX","TOP700","0"
"0","{""id"":""model"",""name"":""Model""}","0","{""id"":""model230"",""name"":""Factor Ratios and its Rank Model""}","1","2026-07-01","1","A quantitative score predicting bankruptcy risk based on firm size, capital structure, performance, and liquidity, according to Ohlson (1980) model","mdl230_dev_sedol_ohlsonscore","2","GBR","{""id"":""model-estimates-models"",""name"":""Estimates Models""}","[]","MATRIX","TOP700","0"
"0","{""id"":""model"",""name"":""Model""}","0","{""id"":""model230"",""name"":""Factor Ratios and its Rank Model""}","1","2026-07-01","1","Stock’s return beta to changes in oil price, estimated over 60 months via multi-factor regression","mdl230_dev_sedol_oilprice","2","GBR","{""id"":""model-estimates-models"",""name"":""Estimates Models""}","[]","MATRIX","TOP700","0"
"0","{""id"":""model"",""name"":""Model""}","0","{""id"":""model230"",""name"":""Factor Ratios and its Rank Model""}","1","2026-07-01","1","One minus the ratio of (short-term debt + long-term debt + common equity + preferred equity - cash) to (total assets - cash) in the current quarter; represents an alternate measure of leverage or capital structure","mdl230_dev_sedol_ollev","2","GBR","{""id"":""model-estimates-models"",""name"":""Estimates Models""}","[]","MATRIX","TOP700","0"
"0","{""id"":""model"",""name"":""Model""}","0","{""id"":""model230"",""name"":""Factor Ratios and its Rank Model""}","1","2026-07-01","1","Difference between the yearly percent change in operating income and the yearly percent change in long-term debt","mdl230_dev_sedol_opincltd","2","GBR","{""id"":""model-estimates-models"",""name"":""Estimates Models""}","[]","MATRIX","TOP700","0"
"0","{""id"":""model"",""name"":""Model""}","0","{""id"":""model230"",""name"":""Factor Ratios and its Rank Model""}","1","2026-07-01","1","Percent change in trailing 12-month operating income from previous quarter divided by percent change in trailing 12-month sales from previous quarter","mdl230_dev_sedol_oplev","2","GBR","{""id"":""model-estimates-models"",""name"":""Estimates Models""}","[]","MATRIX","TOP700","0"
"0","{""id"":""model"",""name"":""Model""}","0","{""id"":""model230"",""name"":""Factor Ratios and its Rank Model""}","1","2026-07-01","1","Trailing 12-month cost of goods sold divided by average inventory for the period (inventory turnover)","mdl230_dev_sedol_otvni","2","GBR","{""id"":""model-estimates-models"",""name"":""Estimates Models""}","[]","MATRIX","TOP700","0"
"0","{""id"":""model"",""name"":""Model""}","0","{""id"":""model230"",""name"":""Factor Ratios and its Rank Model""}","1","2026-07-01","1","Ratio of the 50-day moving average price to the 200-day moving average price for a stock","mdl230_dev_sedol_p50_200ratio","2","GBR","{""id"":""model-estimates-models"",""name"":""Estimates Models""}","[]","MATRIX","TOP700","0"
"0","{""id"":""model"",""name"":""Model""}","0","{""id"":""model230"",""name"":""Factor Ratios and its Rank Model""}","1","2026-07-01","1","The stock’s month-end trading price divided by the most recent quarterly reported total assets per share","mdl230_dev_sedol_past","2","GBR","{""id"":""model-estimates-models"",""name"":""Estimates Models""}","[]","MATRIX","TOP700","0"
"0","{""id"":""model"",""name"":""Model""}","0","{""id"":""model230"",""name"":""Factor Ratios and its Rank Model""}","1","2026-07-01","1","The difference between current accounts payable and the expected level of accounts payable (last year’s closing balance times growth in cost of goods sold over the trailing 12 months), scaled by total assets","mdl230_dev_sedol_pau","2","GBR","{""id"":""model-estimates-models"",""name"":""Estimates Models""}","[]","MATRIX","TOP700","0"
"0","{""id"":""model"",""name"":""Model""}","0","{""id"":""model230"",""name"":""Factor Ratios and its Rank Model""}","1","2026-07-01","1","Most recently reported book value per share divided by the month-end trading price of the stock (i.e., book-to-price ratio)","mdl230_dev_sedol_pb","2","GBR","{""id"":""model-estimates-models"",""name"":""Estimates Models""}","[]","MATRIX","TOP700","0"
"0","{""id"":""model"",""name"":""Model""}","0","{""id"":""model230"",""name"":""Factor Ratios and its Rank Model""}","1","2026-07-01","1","Average quarterly forward-looking book value per share divided by close price","mdl230_dev_sedol_pbdwf","2","GBR","{""id"":""model-estimates-models"",""name"":""Estimates Models""}","[]","MATRIX","TOP700","0"
"0","{""id"":""model"",""name"":""Model""}","0","{""id"":""model230"",""name"":""Factor Ratios and its Rank Model""}","1","2026-07-01","1","An adjusted price-to-book ratio model that incorporates firm growth, based on the residual income valuation approach as per Wilcox and Philips (2005)","mdl230_dev_sedol_pbroeresidual","2","GBR","{""id"":""model-estimates-models"",""name"":""Estimates Models""}","[]","MATRIX","TOP700","0"
"0","{""id"":""model"",""name"":""Model""}","0","{""id"":""model230"",""name"":""Factor Ratios and its Rank Model""}","1","2026-07-01","1","Time-weighted average of book value per share estimates for fiscal years 1 and 2, divided by the closing price","mdl230_dev_sedol_pbwt","2","GBR","{""id"":""model-estimates-models"",""name"":""Estimates Models""}","[]","MATRIX","TOP700","0"
"0","{""id"":""model"",""name"":""Model""}","0","{""id"":""model230"",""name"":""Factor Ratios and its Rank Model""}","1","2026-07-01","1","Average of trailing 12-month reported accounts receivable times 365 divided by trailing 12-month sales, indicating average collection period in days","mdl230_dev_sedol_pca","2","GBR","{""id"":""model-estimates-models"",""name"":""Estimates Models""}","[]","MATRIX","TOP700","0"
"0","{""id"":""model"",""name"":""Model""}","0","{""id"":""model230"",""name"":""Factor Ratios and its Rank Model""}","1","2026-07-01","1","Average quarterly forward-looking cash flows per share divided by close price","mdl230_dev_sedol_pcdwf","2","GBR","{""id"":""model-estimates-models"",""name"":""Estimates Models""}","[]","MATRIX","TOP700","0"
"0","{""id"":""model"",""name"":""Model""}","0","{""id"":""model230"",""name"":""Factor Ratios and its Rank Model""}","1","2026-07-01","1","Current closing price divided by the lowest daily low price over the past 260 trading days","mdl230_dev_sedol_pctabv260low","2","GBR","{""id"":""model-estimates-models"",""name"":""Estimates Models""}","[]","MATRIX","TOP700","0"
"0","{""id"":""model"",""name"":""Model""}","0","{""id"":""model230"",""name"":""Factor Ratios and its Rank Model""}","1","2026-07-01","1","Percent change in trailing 12-month cash flow per share versus value 12 quarters (3 years) ago","mdl230_dev_sedol_pctchg3ycf","2","GBR","{""id"":""model-estimates-models"",""name"":""Estimates Models""}","[]","MATRIX","TOP700","0"
"0","{""id"":""model"",""name"":""Model""}","0","{""id"":""model230"",""name"":""Factor Ratios and its Rank Model""}","1","2026-07-01","1","Percent change in a stock's most recent trailing 12-month earnings per share (EPS) compared to its EPS 12 quarters (3 years) ago","mdl230_dev_sedol_pctchg3yeps","2","GBR","{""id"":""model-estimates-models"",""name"":""Estimates Models""}","[]","MATRIX","TOP700","0"
"0","{""id"":""model"",""name"":""Model""}","0","{""id"":""model230"",""name"":""Factor Ratios and its Rank Model""}","1","2026-07-01","1","Percent change in most recent trailing 12-month free cash flow per share compared to FCF per share 12 quarters ago","mdl230_dev_sedol_pctchg3yfcf","2","GBR","{""id"":""model-estimates-models"",""name"":""Estimates Models""}","[]","MATRIX","TOP700","0"
"0","{""id"":""model"",""name"":""Model""}","0","{""id"":""model230"",""name"":""Factor Ratios and its Rank Model""}","1","2026-07-01","1","Percent change in most recent trailing 12-month operating cash flow per share versus OCF 12 quarters (3 years) ago","mdl230_dev_sedol_pctchg3yocf","2","GBR","{""id"":""model-estimates-models"",""name"":""Estimates Models""}","[]","MATRIX","TOP700","0"
"0","{""id"":""model"",""name"":""Model""}","0","{""id"":""model230"",""name"":""Factor Ratios and its Rank Model""}","1","2026-07-01","1","Percent change in the most recent asset turnover ratio compared to the ratio four quarters ago (asset turnover = trailing 12-month sales divided by average total assets)","mdl230_dev_sedol_pctchgastto","2","GBR","{""id"":""model-estimates-models"",""name"":""Estimates Models""}","[]","MATRIX","TOP700","0"
"0","{""id"":""model"",""name"":""Model""}","0","{""id"":""model230"",""name"":""Factor Ratios and its Rank Model""}","1","2026-07-01","1","Percent change in the most recent trailing 12-month cash flow per share compared to four quarters ago","mdl230_dev_sedol_pctchgcf","2","GBR","{""id"":""model-estimates-models"",""name"":""Estimates Models""}","[]","MATRIX","TOP700","0"
"0","{""id"":""model"",""name"":""Model""}","0","{""id"":""model230"",""name"":""Factor Ratios and its Rank Model""}","1","2026-07-01","1","The percent change in a stock’s most recent trailing 12-month earnings per share (before extraordinary items) compared to the EPS from four quarters ago","mdl230_dev_sedol_pctchgeps","2","GBR","{""id"":""model-estimates-models"",""name"":""Estimates Models""}","[]","MATRIX","TOP700","0"
"0","{""id"":""model"",""name"":""Model""}","0","{""id"":""model230"",""name"":""Factor Ratios and its Rank Model""}","1","2026-07-01","1","Percent change in the most recent trailing 12-month free cash flow per share compared to free cash flow per share 4 quarters ago","mdl230_dev_sedol_pctchgfcf","2","GBR","{""id"":""model-estimates-models"",""name"":""Estimates Models""}","[]","MATRIX","TOP700","0"
"0","{""id"":""model"",""name"":""Model""}","0","{""id"":""model230"",""name"":""Factor Ratios and its Rank Model""}","1","2026-07-01","1","The percent change in the most recent trailing 12-month operating cash flow per share compared to four quarters ago","mdl230_dev_sedol_pctchgocf","2","GBR","{""id"":""model-estimates-models"",""name"":""Estimates Models""}","[]","MATRIX","TOP700","0"
"0","{""id"":""model"",""name"":""Model""}","0","{""id"":""model230"",""name"":""Factor Ratios and its Rank Model""}","1","2026-07-01","1","Growth in most recent reported quarterly total assets per share compared to that of four quarters ago","mdl230_dev_sedol_pctchgqtrast","2","GBR","{""id"":""model-estimates-models"",""name"":""Estimates Models""}","[]","MATRIX","TOP700","0"
"0","{""id"":""model"",""name"":""Model""}","0","{""id"":""model230"",""name"":""Factor Ratios and its Rank Model""}","1","2026-07-01","1","Percent growth in latest reported quarterly sales per share compared to 4 quarters ago","mdl230_dev_sedol_pctchgqtrsales","2","GBR","{""id"":""model-estimates-models"",""name"":""Estimates Models""}","[]","MATRIX","TOP700","0"
"0","{""id"":""model"",""name"":""Model""}","0","{""id"":""model230"",""name"":""Factor Ratios and its Rank Model""}","1","2026-07-01","1","The most recently reported quarterly current liabilities per share divided by the month-end closing price of the stock","mdl230_dev_sedol_pcurlia","2","GBR","{""id"":""model-estimates-models"",""name"":""Estimates Models""}","[]","MATRIX","TOP700","0"
"0","{""id"":""model"",""name"":""Model""}","0","{""id"":""model230"",""name"":""Factor Ratios and its Rank Model""}","1","2026-07-01","1","The time-weighted average of cash flow per share estimates for fiscal year 1 and fiscal year 2, divided by the closing price","mdl230_dev_sedol_pcwt","2","GBR","{""id"":""model-estimates-models"",""name"":""Estimates Models""}","[]","MATRIX","TOP700","0"
"0","{""id"":""model"",""name"":""Model""}","0","{""id"":""model230"",""name"":""Factor Ratios and its Rank Model""}","1","2026-07-01","1","Standard deviation of the last 90 days’ closing prices divided by their mean (coefficient of variation of price over the last 90 days)","mdl230_dev_sedol_pd09erpvc","2","GBR","{""id"":""model-estimates-models"",""name"":""Estimates Models""}","[]","MATRIX","TOP700","0"
"0","{""id"":""model"",""name"":""Model""}","0","{""id"":""model230"",""name"":""Factor Ratios and its Rank Model""}","1","2026-07-01","1","Difference between trailing 12-month depreciation expenses and the expected level of depreciation expenses (which is prior year's closing account balance multiplied by growth in total fixed assets), scaled by total assets","mdl230_dev_sedol_pedu","2","GBR","{""id"":""model-estimates-models"",""name"":""Estimates Models""}","[]","MATRIX","TOP700","0"
"0","{""id"":""model"",""name"":""Model""}","0","{""id"":""model230"",""name"":""Factor Ratios and its Rank Model""}","1","2026-07-01","1","Next 4-quarter mean consensus earnings estimate divided by price","mdl230_dev_sedol_pedwf_cf","2","GBR","{""id"":""model-estimates-models"",""name"":""Estimates Models""}","[]","MATRIX","TOP700","0"
"0","{""id"":""model"",""name"":""Model""}","0","{""id"":""model230"",""name"":""Factor Ratios and its Rank Model""}","1","2026-07-01","1","Sum of the 3-month change in First Call analysts' highest and lowest EPS forecasts for fiscal year 1, divided by month-end trading price","mdl230_dev_sedol_pelh_cf","2","GBR","{""id"":""model-estimates-models"",""name"":""Estimates Models""}","[]","MATRIX","TOP700","0"
"0","{""id"":""model"",""name"":""Model""}","0","{""id"":""model230"",""name"":""Factor Ratios and its Rank Model""}","1","2026-07-01","1","Month-end stock price divided by leading 12-month earnings forecasts, scaled by the average long-term growth rate estimate, then multiplied by the stock's 36-month Beta","mdl230_dev_sedol_perg","2","GBR","{""id"":""model-estimates-models"",""name"":""Estimates Models""}","[]","MATRIX","TOP700","0"
"0","{""id"":""model"",""name"":""Model""}","0","{""id"":""model230"",""name"":""Factor Ratios and its Rank Model""}","1","2026-07-01","1","A time-weighted earnings-to-price ratio that combines FY1 and FY2 earnings estimates to create a 12-month forward earnings forecast for valuation purposes","mdl230_dev_sedol_pe_wt","2","GBR","{""id"":""model-estimates-models"",""name"":""Estimates Models""}","[]","MATRIX","TOP700","0"
"0","{""id"":""model"",""name"":""Model""}","0","{""id"":""model230"",""name"":""Factor Ratios and its Rank Model""}","1","2026-07-01","1","Difference between the trailing 12-month free cash flow per share and that of 4 quarters ago, divided by month-end trading price","mdl230_dev_sedol_pfcfghc","2","GBR","{""id"":""model-estimates-models"",""name"":""Estimates Models""}","[]","MATRIX","TOP700","0"
"0","{""id"":""model"",""name"":""Model""}","0","{""id"":""model230"",""name"":""Factor Ratios and its Rank Model""}","1","2026-07-01","1","Trailing 12-month free cash flow per share divided by month-end trading price; free cash flow equals operating cash flow minus capex and cash dividends","mdl230_dev_sedol_pfcfmtt","2","GBR","{""id"":""model-estimates-models"",""name"":""Estimates Models""}","[]","MATRIX","TOP700","0"
"0","{""id"":""model"",""name"":""Model""}","0","{""id"":""model230"",""name"":""Factor Ratios and its Rank Model""}","1","2026-07-01","1","Difference between the most recently reported trailing 12-month free cash flow per share and that of 12-quarters ago for a stock, divided by its month-end trading price","mdl230_dev_sedol_pfcfy3ghc","2","GBR","{""id"":""model-estimates-models"",""name"":""Estimates Models""}","[]","MATRIX","TOP700","0"
"0","{""id"":""model"",""name"":""Model""}","0","{""id"":""model230"",""name"":""Factor Ratios and its Rank Model""}","1","2026-07-01","1","Consensus forecasted next 4 quarters earnings plus TTM depreciation per share minus capex, divided by month-end price","mdl230_dev_sedol_pfcf_cf","2","GBR","{""id"":""model-estimates-models"",""name"":""Estimates Models""}","[]","MATRIX","TOP700","0"
"0","{""id"":""model"",""name"":""Model""}","0","{""id"":""model230"",""name"":""Factor Ratios and its Rank Model""}","1","2026-07-01","1","Difference between trailing 12-month cash flow per share and that of 12 quarters ago, divided by month-end trading price","mdl230_dev_sedol_pfcghc","2","GBR","{""id"":""model-estimates-models"",""name"":""Estimates Models""}","[]","MATRIX","TOP700","0"
"0","{""id"":""model"",""name"":""Model""}","0","{""id"":""model230"",""name"":""Factor Ratios and its Rank Model""}","1","2026-07-01","1","Trailing 12-month cash flows per share (net income plus depreciation) divided by month-end trading price","mdl230_dev_sedol_pfcmtt","2","GBR","{""id"":""model-estimates-models"",""name"":""Estimates Models""}","[]","MATRIX","TOP700","0"
"0","{""id"":""model"",""name"":""Model""}","0","{""id"":""model230"",""name"":""Factor Ratios and its Rank Model""}","1","2026-07-01","1","Difference between the most recent trailing 12-month operating cash flow per share and that of 4 quarters ago, divided by month-end trading price (change in OCF per share over a year, scaled by price)","mdl230_dev_sedol_pfcoghc","2","GBR","{""id"":""model-estimates-models"",""name"":""Estimates Models""}","[]","MATRIX","TOP700","0"
"0","{""id"":""model"",""name"":""Model""}","0","{""id"":""model230"",""name"":""Factor Ratios and its Rank Model""}","1","2026-07-01","1","Trailing 12-month operating cash flow per share divided by the stock’s month-end trading price","mdl230_dev_sedol_pfcomtt","2","GBR","{""id"":""model-estimates-models"",""name"":""Estimates Models""}","[]","MATRIX","TOP700","0"
"0","{""id"":""model"",""name"":""Model""}","0","{""id"":""model230"",""name"":""Factor Ratios and its Rank Model""}","1","2026-07-01","1","The change in trailing 12-month operating cash flow per share compared to 12 quarters ago, divided by the month-end trading price of the stock","mdl230_dev_sedol_pfcoy3ghc","2","GBR","{""id"":""model-estimates-models"",""name"":""Estimates Models""}","[]","MATRIX","TOP700","0"
"0","{""id"":""model"",""name"":""Model""}","0","{""id"":""model230"",""name"":""Factor Ratios and its Rank Model""}","1","2026-07-01","1","Difference between the trailing 12-month cash flow per share and the comparable figure from 12 quarters ago, divided by the month-end trading price (3-year change in per-share cash flow, price-scaled)","mdl230_dev_sedol_pfcy3ghc","2","GBR","{""id"":""model-estimates-models"",""name"":""Estimates Models""}","[]","MATRIX","TOP700","0"
"0","{""id"":""model"",""name"":""Model""}","0","{""id"":""model230"",""name"":""Factor Ratios and its Rank Model""}","1","2026-07-01","1","Sum of trailing 12-month growth flow value (R&D expenses plus reported net income) per share divided by month-end trading price","mdl230_dev_sedol_pfgmtt","2","GBR","{""id"":""model-estimates-models"",""name"":""Estimates Models""}","[]","MATRIX","TOP700","0"
"0","{""id"":""model"",""name"":""Model""}","0","{""id"":""model230"",""name"":""Factor Ratios and its Rank Model""}","1","2026-07-01","1","First Call next 4-quarter mean earnings estimate multiplied by I/B/E/S long-term mean growth forecast, then divided by the month-end trading price of the stock","mdl230_dev_sedol_pge_cf","2","GBR","{""id"":""model-estimates-models"",""name"":""Estimates Models""}","[]","MATRIX","TOP700","0"
"0","{""id"":""model"",""name"":""Model""}","0","{""id"":""model230"",""name"":""Factor Ratios and its Rank Model""}","1","2026-07-01","1","Beta coefficient of stock return sensitivity to changes in industrial production, estimated by 60-month regression on macroeconomic factors","mdl230_dev_sedol_pi","2","GBR","{""id"":""model-estimates-models"",""name"":""Estimates Models""}","[]","MATRIX","TOP700","0"
"0","{""id"":""model"",""name"":""Model""}","0","{""id"":""model230"",""name"":""Factor Ratios and its Rank Model""}","1","2026-07-01","1","Trailing 12-month operating income after depreciation divided by average net operating assets (profitability/performance measure on operating assets)","mdl230_dev_sedol_pinoa","2","GBR","{""id"":""model-estimates-models"",""name"":""Estimates Models""}","[]","MATRIX","TOP700","0"
"0","{""id"":""model"",""name"":""Model""}","0","{""id"":""model230"",""name"":""Factor Ratios and its Rank Model""}","1","2026-07-01","1","Average of trailing 12-month accounts payable times 365, divided by trailing 12-month cost of goods sold; a measure of payables period in days","mdl230_dev_sedol_ppa","2","GBR","{""id"":""model-estimates-models"",""name"":""Estimates Models""}","[]","MATRIX","TOP700","0"
"0","{""id"":""model"",""name"":""Model""}","0","{""id"":""model230"",""name"":""Factor Ratios and its Rank Model""}","1","2026-07-01","1","Most recent trailing 12-month operating and nonoperating income per share before provisions for income taxes and minority interest, divided by the month-end trading price (profit before tax per share to price ratio)","mdl230_dev_sedol_pqipmtt","2","GBR","{""id"":""model-estimates-models"",""name"":""Estimates Models""}","[]","MATRIX","TOP700","0"
"0","{""id"":""model"",""name"":""Model""}","0","{""id"":""model230"",""name"":""Factor Ratios and its Rank Model""}","1","2026-07-01","1","Beta coefficient to the change in credit risk premium, estimated by 60-month regression of stock returns on macroeconomic factors","mdl230_dev_sedol_prc","2","GBR","{""id"":""model-estimates-models"",""name"":""Estimates Models""}","[]","MATRIX","TOP700","0"
"0","{""id"":""model"",""name"":""Model""}","0","{""id"":""model230"",""name"":""Factor Ratios and its Rank Model""}","1","2026-07-01","1","Estimated sales per share for fiscal year 1 divided by trading price","mdl230_dev_sedol_psdwf","2","GBR","{""id"":""model-estimates-models"",""name"":""Estimates Models""}","[]","MATRIX","TOP700","0"
"0","{""id"":""model"",""name"":""Model""}","0","{""id"":""model230"",""name"":""Factor Ratios and its Rank Model""}","1","2026-07-01","1","Trailing twelve months sales per share divided by month-end trading price","mdl230_dev_sedol_psmtt","2","GBR","{""id"":""model-estimates-models"",""name"":""Estimates Models""}","[]","MATRIX","TOP700","0"
"0","{""id"":""model"",""name"":""Model""}","0","{""id"":""model230"",""name"":""Factor Ratios and its Rank Model""}","1","2026-07-01","1","Change in trailing 12-month EPS over last 4 quarters, divided by month-end stock price","mdl230_dev_sedol_pspeghc","2","GBR","{""id"":""model-estimates-models"",""name"":""Estimates Models""}","[]","MATRIX","TOP700","0"
"0","{""id"":""model"",""name"":""Model""}","0","{""id"":""model230"",""name"":""Factor Ratios and its Rank Model""}","1","2026-07-01","1","Time-weighted average of sales per share for the next two fiscal years divided by the stock’s price","mdl230_dev_sedol_ps_wt","2","GBR","{""id"":""model-estimates-models"",""name"":""Estimates Models""}","[]","MATRIX","TOP700","0"
"0","{""id"":""model"",""name"":""Model""}","0","{""id"":""model230"",""name"":""Factor Ratios and its Rank Model""}","1","2026-07-01","1","Difference between realized profitability and expected profitability calculated from a regression model","mdl230_dev_sedol_pu","2","GBR","{""id"":""model-estimates-models"",""name"":""Estimates Models""}","[]","MATRIX","TOP700","0"
"0","{""id"":""model"",""name"":""Model""}","0","{""id"":""model230"",""name"":""Factor Ratios and its Rank Model""}","1","2026-07-01","1","Most recent net asset value per share divided by the month-end closing price; NAV is calculated as total assets minus intangible assets and liabilities","mdl230_dev_sedol_pvan","2","GBR","{""id"":""model-estimates-models"",""name"":""Estimates Models""}","[]","MATRIX","TOP700","0"
"0","{""id"":""model"",""name"":""Model""}","0","{""id"":""model230"",""name"":""Factor Ratios and its Rank Model""}","1","2026-07-01","1","Intercept from a regression of stock's historical 12-month market-adjusted returns, using a proprietary rational decay function, i.e., market-adjusted alpha","mdl230_dev_sedol_rationalalpha","2","GBR","{""id"":""model-estimates-models"",""name"":""Estimates Models""}","[]","MATRIX","TOP700","0"
"0","{""id"":""model"",""name"":""Model""}","0","{""id"":""model230"",""name"":""Factor Ratios and its Rank Model""}","1","2026-07-01","1","6-month average of the change in the average analyst recommendation according to I/B/E/S","mdl230_dev_sedol_ratrev6m","2","GBR","{""id"":""model-estimates-models"",""name"":""Estimates Models""}","[]","MATRIX","TOP700","0"
"0","{""id"":""model"",""name"":""Model""}","0","{""id"":""model230"",""name"":""Factor Ratios and its Rank Model""}","1","2026-07-01","1","Difference between current accounts receivable and the expected accounts receivable, scaled by total assets","mdl230_dev_sedol_rau","2","GBR","{""id"":""model-estimates-models"",""name"":""Estimates Models""}","[]","MATRIX","TOP700","0"
"0","{""id"":""model"",""name"":""Model""}","0","{""id"":""model230"",""name"":""Factor Ratios and its Rank Model""}","1","2026-07-01","1","Average R&D expenses over trailing 12 months divided by total sales over the same period","mdl230_dev_sedol_rdsale","2","GBR","{""id"":""model-estimates-models"",""name"":""Estimates Models""}","[]","MATRIX","TOP700","0"
"0","{""id"":""model"",""name"":""Model""}","0","{""id"":""model230"",""name"":""Factor Ratios and its Rank Model""}","1","2026-07-01","1","Trailing 12-month earnings per share before extra items minus trailing 12-month dividends per share (by ex-date), divided by average book equity per share over the same period","mdl230_dev_sedol_reinrate","2","GBR","{""id"":""model-estimates-models"",""name"":""Estimates Models""}","[]","MATRIX","TOP700","0"
"0","{""id"":""model"",""name"":""Model""}","0","{""id"":""model230"",""name"":""Factor Ratios and its Rank Model""}","1","2026-07-01","1","Current book-to-market ratio minus the 60-month average of book-to-market ratio, divided by the standard deviation of book-to-market over the same period (a standardized relative value signal)","mdl230_dev_sedol_rel5ybp","2","GBR","{""id"":""model-estimates-models"",""name"":""Estimates Models""}","[]","MATRIX","TOP700","0"
"0","{""id"":""model"",""name"":""Model""}","0","{""id"":""model230"",""name"":""Factor Ratios and its Rank Model""}","1","2026-07-01","1","Current trailing 12-month cash flow-to-price ratio minus the 60-month average of this ratio, scaled by the standard deviation over the same period","mdl230_dev_sedol_rel5ycfp","2","GBR","{""id"":""model-estimates-models"",""name"":""Estimates Models""}","[]","MATRIX","TOP700","0"
"0","{""id"":""model"",""name"":""Model""}","0","{""id"":""model230"",""name"":""Factor Ratios and its Rank Model""}","1","2026-07-01","1","Stock’s current dividend yield minus the mean dividend yield over the last 60 months, divided by the standard deviation of dividend yield over the same period (z-score vs. 5-year history)","mdl230_dev_sedol_rel5ydivp","2","GBR","{""id"":""model-estimates-models"",""name"":""Estimates Models""}","[]","MATRIX","TOP700","0"
"0","{""id"":""model"",""name"":""Model""}","0","{""id"":""model230"",""name"":""Factor Ratios and its Rank Model""}","1","2026-07-01","1","The current trailing 12-month EBITDA per share-to-price ratio minus the average of such ratios over the last 60 months, scaled by their standard deviation over the same period","mdl230_dev_sedol_rel5yebitdap","2","GBR","{""id"":""model-estimates-models"",""name"":""Estimates Models""}","[]","MATRIX","TOP700","0"
"0","{""id"":""model"",""name"":""Model""}","0","{""id"":""model230"",""name"":""Factor Ratios and its Rank Model""}","1","2026-07-01","1","Current trailing 12-month earnings per share before extra items-to-price ratio minus the 60-month average of the same ratio, divided by the standard deviation of the ratio over the same period","mdl230_dev_sedol_rel5yep","2","GBR","{""id"":""model-estimates-models"",""name"":""Estimates Models""}","[]","MATRIX","TOP700","0"
"0","{""id"":""model"",""name"":""Model""}","0","{""id"":""model230"",""name"":""Factor Ratios and its Rank Model""}","1","2026-07-01","1","A stock's current trailing 12-month free cash flow-to-price ratio minus the average FCFPs from the last 60 months, divided by the standard deviation of FCFPs over the same period (z-scored relative to past 5 years)","mdl230_dev_sedol_rel5yfcfp","2","GBR","{""id"":""model-estimates-models"",""name"":""Estimates Models""}","[]","MATRIX","TOP700","0"
"0","{""id"":""model"",""name"":""Model""}","0","{""id"":""model230"",""name"":""Factor Ratios and its Rank Model""}","1","2026-07-01","1","Stock’s current trailing 12-month operating cash flow-to-price ratio minus the average ratio over the past 60 months, scaled by the standard deviation of the ratio over the same period (a standardized relative value measure)","mdl230_dev_sedol_rel5yocfp","2","GBR","{""id"":""model-estimates-models"",""name"":""Estimates Models""}","[]","MATRIX","TOP700","0"
"0","{""id"":""model"",""name"":""Model""}","0","{""id"":""model230"",""name"":""Factor Ratios and its Rank Model""}","1","2026-07-01","1","The current trailing 12-month sales-to-price ratio minus the average of the sales-to-price ratios over the past 60 months, scaled by their standard deviation over that period","mdl230_dev_sedol_rel5ysp","2","GBR","{""id"":""model-estimates-models"",""name"":""Estimates Models""}","[]","MATRIX","TOP700","0"
"0","{""id"":""model"",""name"":""Model""}","0","{""id"":""model230"",""name"":""Factor Ratios and its Rank Model""}","1","2026-07-01","1","Stock's 12-month relative price strength minus industry average, divided by the standard deviation of industry price strengths (industry-normalized relative price performance)","mdl230_dev_sedol_relpricestrength_","2","GBR","{""id"":""model-estimates-models"",""name"":""Estimates Models""}","[]","MATRIX","TOP700","0"
"0","{""id"":""model"",""name"":""Model""}","0","{""id"":""model230"",""name"":""Factor Ratios and its Rank Model""}","1","2026-07-01","1","Standard error of the slope from regressing the stock's last 60 months of monthly returns against the S&P 500 index returns","mdl230_dev_sedol_rerror60m","2","GBR","{""id"":""model-estimates-models"",""name"":""Estimates Models""}","[]","MATRIX","TOP700","0"
"0","{""id"":""model"",""name"":""Model""}","0","{""id"":""model230"",""name"":""Factor Ratios and its Rank Model""}","1","2026-07-01","1","Change in current analyst mean earnings estimate for fiscal year 1 versus three months ago, scaled by the standard deviation of analyst forecasts as of three months ago","mdl230_dev_sedol_rev3my1std","2","GBR","{""id"":""model-estimates-models"",""name"":""Estimates Models""}","[]","MATRIX","TOP700","0"
"0","{""id"":""model"",""name"":""Model""}","0","{""id"":""model230"",""name"":""Factor Ratios and its Rank Model""}","1","2026-07-01","1","Change in mean analyst EPS estimate for FY2 over last 3 months, scaled by 3-month-ago forecast standard deviation","mdl230_dev_sedol_rev3my2std","2","GBR","{""id"":""model-estimates-models"",""name"":""Estimates Models""}","[]","MATRIX","TOP700","0"
"0","{""id"":""model"",""name"":""Model""}","0","{""id"":""model230"",""name"":""Factor Ratios and its Rank Model""}","0.917","2026-07-01","1","Average of prior 6-month monthly changes in consensus analyst earnings forecasts for fiscal year 2, scaled by prior month-end trading price","mdl230_dev_sedol_rev6fy2","2","GBR","{""id"":""model-estimates-models"",""name"":""Estimates Models""}","[]","MATRIX","TOP700","0"
"0","{""id"":""model"",""name"":""Model""}","0","{""id"":""model230"",""name"":""Factor Ratios and its Rank Model""}","1","2026-07-01","1","Trailing 12-month total sales divided by the number of employees at the end of the last reported fiscal year","mdl230_dev_sedol_revper","2","GBR","{""id"":""model-estimates-models"",""name"":""Estimates Models""}","[]","MATRIX","TOP700","0"
"0","{""id"":""model"",""name"":""Model""}","0","{""id"":""model230"",""name"":""Factor Ratios and its Rank Model""}","1","2026-07-01","1","Trailing 12-month income before extraordinary items divided by average common equity in the same period (return on equity)","mdl230_dev_sedol_roe","2","GBR","{""id"":""model-estimates-models"",""name"":""Estimates Models""}","[]","MATRIX","TOP700","0"
"0","{""id"":""model"",""name"":""Model""}","0","{""id"":""model230"",""name"":""Factor Ratios and its Rank Model""}","1","2026-07-01","1","Trailing 12-month net income and interest expenses divided by average invested capital (common equity + long-term debt + minority interest + preferred stock)","mdl230_dev_sedol_roic","2","GBR","{""id"":""model-estimates-models"",""name"":""Estimates Models""}","[]","MATRIX","TOP700","0"
"0","{""id"":""model"",""name"":""Model""}","0","{""id"":""model230"",""name"":""Factor Ratios and its Rank Model""}","1","2026-07-01","1","The ratio of the latest reported quarterly operating income to total assets as of 12 months prior","mdl230_dev_sedol_rp","2","GBR","{""id"":""model-estimates-models"",""name"":""Estimates Models""}","[]","MATRIX","TOP700","0"
"0","{""id"":""model"",""name"":""Model""}","0","{""id"":""model230"",""name"":""Factor Ratios and its Rank Model""}","1","2026-07-01","1","Current assets less inventories from most recent quarter divided by total current liabilities from most recent quarter (Quick Ratio)","mdl230_dev_sedol_rq","2","GBR","{""id"":""model-estimates-models"",""name"":""Estimates Models""}","[]","MATRIX","TOP700","0"
"0","{""id"":""model"",""name"":""Model""}","0","{""id"":""model230"",""name"":""Factor Ratios and its Rank Model""}","1","2026-07-01","1","The interquartile range (spread between 75th and 25th percentiles) of the stock’s daily total returns over the trailing one month","mdl230_dev_sedol_rqi_rd","2","GBR","{""id"":""model-estimates-models"",""name"":""Estimates Models""}","[]","MATRIX","TOP700","0"
"0","{""id"":""model"",""name"":""Model""}","0","{""id"":""model230"",""name"":""Factor Ratios and its Rank Model""}","1","2026-07-01","1","Absolute difference between yearly percent change in trailing 12-month sales per share and yearly percent change in trailing 12-month diluted earnings per share before extraordinary items","mdl230_dev_sedol_saleeps","2","GBR","{""id"":""model-estimates-models"",""name"":""Estimates Models""}","[]","MATRIX","TOP700","0"
"0","{""id"":""model"",""name"":""Model""}","0","{""id"":""model230"",""name"":""Factor Ratios and its Rank Model""}","1","2026-07-01","1","Difference between trailing 12-month sales per share and that from 20 quarters ago, deflated by the average of sales per share over the past 20 quarters","mdl230_dev_sedol_saleg5y","2","GBR","{""id"":""model-estimates-models"",""name"":""Estimates Models""}","[]","MATRIX","TOP700","0"
"0","{""id"":""model"",""name"":""Model""}","0","{""id"":""model230"",""name"":""Factor Ratios and its Rank Model""}","1","2026-07-01","1","Difference between yearly change in most recent reported quarterly sales and yearly change in the quarterly gross profit margin","mdl230_dev_sedol_salegpm","2","GBR","{""id"":""model-estimates-models"",""name"":""Estimates Models""}","[]","MATRIX","TOP700","0"
"0","{""id"":""model"",""name"":""Model""}","0","{""id"":""model230"",""name"":""Factor Ratios and its Rank Model""}","1","2026-07-01","1","Difference between the annual percent change in trailing 12-month sales and the annual percent change in accounts receivable","mdl230_dev_sedol_salerec","2","GBR","{""id"":""model-estimates-models"",""name"":""Estimates Models""}","[]","MATRIX","TOP700","0"
"0","{""id"":""model"",""name"":""Model""}","0","{""id"":""model230"",""name"":""Factor Ratios and its Rank Model""}","1","2026-07-01","1","The stock’s beta coefficient (sensitivity) to changes in housing starts, estimated using a 60-month multiple regression against several macroeconomic factors","mdl230_dev_sedol_sh","2","GBR","{""id"":""model-estimates-models"",""name"":""Estimates Models""}","[]","MATRIX","TOP700","0"
"0","{""id"":""model"",""name"":""Model""}","0","{""id"":""model230"",""name"":""Factor Ratios and its Rank Model""}","1","2026-07-01","1","Percent change in the number of a company’s outstanding shares compared to one year ago","mdl230_dev_sedol_sharechg","2","GBR","{""id"":""model-estimates-models"",""name"":""Estimates Models""}","[]","MATRIX","TOP700","0"
"0","{""id"":""model"",""name"":""Model""}","0","{""id"":""model230"",""name"":""Factor Ratios and its Rank Model""}","1","2026-07-01","1","Most recently reported inventory as a percentage of trailing 12-month sales minus that percentage 4 quarters ago (change in inventory-to-sales ratio over 1 year)","mdl230_dev_sedol_sighc","2","GBR","{""id"":""model-estimates-models"",""name"":""Estimates Models""}","[]","MATRIX","TOP700","0"
"0","{""id"":""model"",""name"":""Model""}","0","{""id"":""model230"",""name"":""Factor Ratios and its Rank Model""}","1","2026-07-01","1","Standard deviation of monthly returns over the prior 60 months","mdl230_dev_sedol_sigma","2","GBR","{""id"":""model-estimates-models"",""name"":""Estimates Models""}","[]","MATRIX","TOP700","0"
"0","{""id"":""model"",""name"":""Model""}","0","{""id"":""model230"",""name"":""Factor Ratios and its Rank Model""}","1","2026-07-01","1","The skewness of the stock’s daily excess return (relative to the S&P 500) over the last 90 days, calculated as 3 times (mean minus median) divided by standard deviation","mdl230_dev_sedol_skew90cortn","2","GBR","{""id"":""model-estimates-models"",""name"":""Estimates Models""}","[]","MATRIX","TOP700","0"
"0","{""id"":""model"",""name"":""Model""}","0","{""id"":""model230"",""name"":""Factor Ratios and its Rank Model""}","1","2026-07-01","1","Skewness of the distribution of daily price returns over the last 90 days, calculated as 3 times (mean minus median) divided by standard deviation","mdl230_dev_sedol_skew90drtn","2","GBR","{""id"":""model-estimates-models"",""name"":""Estimates Models""}","[]","MATRIX","TOP700","0"
"0","{""id"":""model"",""name"":""Model""}","0","{""id"":""model230"",""name"":""Factor Ratios and its Rank Model""}","1","2026-07-01","1","The slope coefficient of a regression between monthly time points and trailing 12-month EPS (before extra items) over the prior 20 quarters (5 years), representing the long-term trend in EPS","mdl230_dev_sedol_slope4qeps5y","2","GBR","{""id"":""model-estimates-models"",""name"":""Estimates Models""}","[]","MATRIX","TOP700","0"
"0","{""id"":""model"",""name"":""Model""}","0","{""id"":""model230"",""name"":""Factor Ratios and its Rank Model""}","1","2026-07-01","1","The 4-week lagged slope coefficient from a least squares regression line fit to the last 52 weeks of weekly closing prices, representing the trend of stock prices over the past year","mdl230_dev_sedol_slope52wp","2","GBR","{""id"":""model-estimates-models"",""name"":""Estimates Models""}","[]","MATRIX","TOP700","0"
"0","{""id"":""model"",""name"":""Model""}","0","{""id"":""model230"",""name"":""Factor Ratios and its Rank Model""}","1","2026-07-01","1","The slope coefficient (measuring trend strength) from a least squares regression of the stock’s weekly closing price over the past 66 weeks, calculated with a 4-week lag","mdl230_dev_sedol_slope66wp","2","GBR","{""id"":""model-estimates-models"",""name"":""Estimates Models""}","[]","MATRIX","TOP700","0"
"0","{""id"":""model"",""name"":""Model""}","0","{""id"":""model230"",""name"":""Factor Ratios and its Rank Model""}","1","2026-07-01","1","Standard deviation of the most recent individual analyst earnings estimates for fiscal year 1 divided by their mean (coefficient of variation for FY1 EPS forecasts, indicating analyst disagreement/uncertainty)","mdl230_dev_sedol_spe1yfvc_cf","2","GBR","{""id"":""model-estimates-models"",""name"":""Estimates Models""}","[]","MATRIX","TOP700","0"
"0","{""id"":""model"",""name"":""Model""}","0","{""id"":""model230"",""name"":""Factor Ratios and its Rank Model""}","1","2026-07-01","1","The coefficient of variation (standard deviation divided by mean) of analysts' individual earnings per share forecasts for fiscal year 2, based on the most recent First Call estimates","mdl230_dev_sedol_spe2yfvc_cf","2","GBR","{""id"":""model-estimates-models"",""name"":""Estimates Models""}","[]","MATRIX","TOP700","0"
"0","{""id"":""model"",""name"":""Model""}","0","{""id"":""model230"",""name"":""Factor Ratios and its Rank Model""}","1","2026-07-01","1","Absolute value of the difference between year-over-year percent change in trailing 12-month operating cash flow per share and year-over-year percent change in trailing 12-month diluted EPS before extraordinary items; a measure of accruals or earnings quality","mdl230_dev_sedol_spefcn","2","GBR","{""id"":""model-estimates-models"",""name"":""Estimates Models""}","[]","MATRIX","TOP700","0"
"0","{""id"":""model"",""name"":""Model""}","0","{""id"":""model230"",""name"":""Factor Ratios and its Rank Model""}","1","2026-07-01","1","Change in trailing 12-month EPS before extra items compared to 4 quarters ago, divided by average total assets per share, reflecting asset-normalized EPS growth","mdl230_dev_sedol_speghc","2","GBR","{""id"":""model-estimates-models"",""name"":""Estimates Models""}","[]","MATRIX","TOP700","0"
"0","{""id"":""model"",""name"":""Model""}","0","{""id"":""model230"",""name"":""Factor Ratios and its Rank Model""}","1","2026-07-01","1","The average analyst recommendation for the stock, according to the I/B/E/S standardized rating system","mdl230_dev_sedol_stockrating","2","GBR","{""id"":""model-estimates-models"",""name"":""Estimates Models""}","[]","MATRIX","TOP700","0"
"0","{""id"":""model"",""name"":""Model""}","0","{""id"":""model230"",""name"":""Factor Ratios and its Rank Model""}","1","2026-07-01","1","Difference between actual earnings per share and consensus forecast before announcement, scaled by stock price at start of quarter","mdl230_dev_sedol_surp","2","GBR","{""id"":""model-estimates-models"",""name"":""Estimates Models""}","[]","MATRIX","TOP700","0"
"0","{""id"":""model"",""name"":""Model""}","0","{""id"":""model230"",""name"":""Factor Ratios and its Rank Model""}","1","2026-07-01","1","Maximum sustainable growth rate a firm can achieve without increasing financial leverage, calculated as ROE times (1 minus dividend-payout ratio), with ROE based on trailing 12-month return on book equity","mdl230_dev_sedol_susgrowth","2","GBR","{""id"":""model-estimates-models"",""name"":""Estimates Models""}","[]","MATRIX","TOP700","0"
"0","{""id"":""model"",""name"":""Model""}","0","{""id"":""model230"",""name"":""Factor Ratios and its Rank Model""}","1","2026-07-01","1","Market value of equity plus book value of debt, divided by total assets, where debt is measured using book values; i.e., (Equity + Debt) / Assets","mdl230_dev_sedol_tobinq","2","GBR","{""id"":""model-estimates-models"",""name"":""Estimates Models""}","[]","MATRIX","TOP700","0"
"0","{""id"":""model"",""name"":""Model""}","0","{""id"":""model230"",""name"":""Factor Ratios and its Rank Model""}","1","2026-07-01","1","(Cash flow from operations + Interest paid + Tax paid) divided by (Interest paid + Principal paid)","mdl230_dev_sedol_totalcov","2","GBR","{""id"":""model-estimates-models"",""name"":""Estimates Models""}","[]","MATRIX","TOP700","0"
"0","{""id"":""model"",""name"":""Model""}","0","{""id"":""model230"",""name"":""Factor Ratios and its Rank Model""}","1","2026-07-01","1","Percent change in the company’s trailing 12-month total sales compared to one year ago (annual sales growth rate)","mdl230_dev_sedol_totalsaleg","2","GBR","{""id"":""model-estimates-models"",""name"":""Estimates Models""}","[]","MATRIX","TOP700","0"
"0","{""id"":""model"",""name"":""Model""}","0","{""id"":""model230"",""name"":""Factor Ratios and its Rank Model""}","1","2026-07-01","1","(CORREL*(260-2)^.5)/(1-CORREL^2)^.5, where CORREL is correlation between log of daily closing price and daily dates over last 260 days; indicates trend statistical significance (t-statistic of price trend)","mdl230_dev_sedol_tstalp","2","GBR","{""id"":""model-estimates-models"",""name"":""Estimates Models""}","[]","MATRIX","TOP700","0"
"0","{""id"":""model"",""name"":""Model""}","0","{""id"":""model230"",""name"":""Factor Ratios and its Rank Model""}","1","2026-07-01","1","Difference between trailing 12-month net income and trailing 12-month operating cash flow, scaled by beginning total assets","mdl230_dev_sedol_ttmaccu","2","GBR","{""id"":""model-estimates-models"",""name"":""Estimates Models""}","[]","MATRIX","TOP700","0"
"0","{""id"":""model"",""name"":""Model""}","0","{""id"":""model230"",""name"":""Factor Ratios and its Rank Model""}","1","2026-07-01","1","Trailing 12-month capital expenditures per share divided by trading price","mdl230_dev_sedol_ttmcapexp","2","GBR","{""id"":""model-estimates-models"",""name"":""Estimates Models""}","[]","MATRIX","TOP700","0"
"0","{""id"":""model"",""name"":""Model""}","0","{""id"":""model230"",""name"":""Factor Ratios and its Rank Model""}","1","2026-07-01","1","Trailing 12-month operating income (before depreciation and amortization) divided by enterprise value, a profitability ratio indicating operating cash yield relative to the firm’s total valuation","mdl230_dev_sedol_ttmopincev","2","GBR","{""id"":""model-estimates-models"",""name"":""Estimates Models""}","[]","MATRIX","TOP700","0"
"0","{""id"":""model"",""name"":""Model""}","0","{""id"":""model230"",""name"":""Factor Ratios and its Rank Model""}","1","2026-07-01","1","Trailing 12-month sales divided by the most recent month-end enterprise value (EV)","mdl230_dev_sedol_ttmsaleev","2","GBR","{""id"":""model-estimates-models"",""name"":""Estimates Models""}","[]","MATRIX","TOP700","0"
"0","{""id"":""model"",""name"":""Model""}","0","{""id"":""model230"",""name"":""Factor Ratios and its Rank Model""}","1","2026-07-01","1","Six-month average of the time-weighted sum of FY1 and FY2 earnings estimate revisions","mdl230_dev_sedol_twepsrev","2","GBR","{""id"":""model-estimates-models"",""name"":""Estimates Models""}","[]","MATRIX","TOP700","0"
"0","{""id"":""model"",""name"":""Model""}","0","{""id"":""model230"",""name"":""Factor Ratios and its Rank Model""}","1","2026-07-01","1","6-month average of time-weighted sum of fiscal year 1 and fiscal year 2 earnings estimate revisions, adjusted by the standard deviations of earnings estimates","mdl230_dev_sedol_twepsstdrev","2","GBR","{""id"":""model-estimates-models"",""name"":""Estimates Models""}","[]","MATRIX","TOP700","0"
"0","{""id"":""model"",""name"":""Model""}","0","{""id"":""model230"",""name"":""Factor Ratios and its Rank Model""}","1","2026-07-01","1","Time-weighted EBITDA to Enterprise Value ratio combining FY1 and FY2 (forward-looking EBITDA yield, weighted over next two years)","mdl230_dev_sedol_tw_ebitdaev","2","GBR","{""id"":""model-estimates-models"",""name"":""Estimates Models""}","[]","MATRIX","TOP700","0"
"0","{""id"":""model"",""name"":""Model""}","0","{""id"":""model230"",""name"":""Factor Ratios and its Rank Model""}","1","2026-07-01","1","Variance of monthly residual returns (stock's monthly return minus its beta-adjusted S&P 500 return) over the last 24 months","mdl230_dev_sedol_varresirtn","2","GBR","{""id"":""model-estimates-models"",""name"":""Estimates Models""}","[]","MATRIX","TOP700","0"
"0","{""id"":""model"",""name"":""Model""}","0","{""id"":""model230"",""name"":""Factor Ratios and its Rank Model""}","1","2026-07-01","1","Trailing 12-month free cash flow divided by the stock’s month-end enterprise value (EV)","mdl230_dev_sedol_vefcfmtt","2","GBR","{""id"":""model-estimates-models"",""name"":""Estimates Models""}","[]","MATRIX","TOP700","0"
"0","{""id"":""model"",""name"":""Model""}","0","{""id"":""model230"",""name"":""Factor Ratios and its Rank Model""}","1","2026-07-01","1","Trailing 12-month operating cash flow per share divided by per share enterprise value","mdl230_dev_sedol_vefcomtt","2","GBR","{""id"":""model-estimates-models"",""name"":""Estimates Models""}","[]","MATRIX","TOP700","0"
"0","{""id"":""model"",""name"":""Model""}","0","{""id"":""model230"",""name"":""Factor Ratios and its Rank Model""}","1","2026-07-01","1","Consensus forward 12-month earnings per share forecast divided by the sum of market value of common equity per share and book value of long-term debt per share","mdl230_dev_sedol_vesspem21f_cf","2","GBR","{""id"":""model-estimates-models"",""name"":""Estimates Models""}","[]","MATRIX","TOP700","0"
"0","{""id"":""model"",""name"":""Model""}","0","{""id"":""model230"",""name"":""Factor Ratios and its Rank Model""}","1","2026-07-01","1","Most recent daily trading volume divided by the average daily trading volume over the previous 50 trading days","mdl230_dev_sedol_visiratio","2","GBR","{""id"":""model-estimates-models"",""name"":""Estimates Models""}","[]","MATRIX","TOP700","0"
"0","{""id"":""model"",""name"":""Model""}","0","{""id"":""model230"",""name"":""Factor Ratios and its Rank Model""}","1","2026-07-01","1","Most recent quarterly reported working capital divided by inventory; working capital equals current assets minus current liabilities","mdl230_dev_sedol_vnicw","2","GBR","{""id"":""model-estimates-models"",""name"":""Estimates Models""}","[]","MATRIX","TOP700","0"
"0","{""id"":""model"",""name"":""Model""}","0","{""id"":""model230"",""name"":""Factor Ratios and its Rank Model""}","1","2026-07-01","1","Difference between actual current inventory and expected inventory (prior year inventory adjusted for COGS growth), scaled by total assets (measure of unexpected inventory build-up)","mdl230_dev_sedol_vniu","2","GBR","{""id"":""model-estimates-models"",""name"":""Estimates Models""}","[]","MATRIX","TOP700","0"
"0","{""id"":""model"",""name"":""Model""}","0","{""id"":""model230"",""name"":""Factor Ratios and its Rank Model""}","1","2026-07-01","1","The most recent quarterly operating income before depreciation divided by quarterly long-term debt interest expenses","mdl230_dev_sedol_voctni","2","GBR","{""id"":""model-estimates-models"",""name"":""Estimates Models""}","[]","MATRIX","TOP700","0"
"0","{""id"":""model"",""name"":""Model""}","0","{""id"":""model230"",""name"":""Factor Ratios and its Rank Model""}","1","2026-07-01","1","6-month moving average of monthly turnover ratio, where turnover is daily shares traded divided by total shares outstanding","mdl230_dev_sedol_volpre6m","2","GBR","{""id"":""model-estimates-models"",""name"":""Estimates Models""}","[]","MATRIX","TOP700","0"
"0","{""id"":""model"",""name"":""Model""}","0","{""id"":""model230"",""name"":""Factor Ratios and its Rank Model""}","1","2026-07-01","1","Monthly total trading volume divided by the most recent total shares outstanding","mdl230_dev_sedol_volto","2","GBR","{""id"":""model-estimates-models"",""name"":""Estimates Models""}","[]","MATRIX","TOP700","0"
"0","{""id"":""model"",""name"":""Model""}","0","{""id"":""model230"",""name"":""Factor Ratios and its Rank Model""}","1","2026-07-01","1","Ratio of 30-week moving average price to 75-week moving average price","mdl230_dev_sedol_w57w03_rp","2","GBR","{""id"":""model-estimates-models"",""name"":""Estimates Models""}","[]","MATRIX","TOP700","0"
"0","{""id"":""model"",""name"":""Model""}","0","{""id"":""model230"",""name"":""Factor Ratios and its Rank Model""}","1","2026-07-01","1","Stock's most recent weekly closing price divided by its weekly closing price 26 weeks ago","mdl230_dev_sedol_w62isr","2","GBR","{""id"":""model-estimates-models"",""name"":""Estimates Models""}","[]","MATRIX","TOP700","0"
"0","{""id"":""model"",""name"":""Model""}","0","{""id"":""model230"",""name"":""Factor Ratios and its Rank Model""}","1","2026-07-01","1","Stock's price change from week t-43 to week t-4","mdl230_dev_sedol_w93ntr","2","GBR","{""id"":""model-estimates-models"",""name"":""Estimates Models""}","[]","MATRIX","TOP700","0"
"0","{""id"":""model"",""name"":""Model""}","0","{""id"":""model230"",""name"":""Factor Ratios and its Rank Model""}","1","2026-07-01","1","Average working capital over the trailing 12 months divided by average total assets over the same period, representing a measure of operational liquidity relative to firm size","mdl230_dev_sedol_wcast","2","GBR","{""id"":""model-estimates-models"",""name"":""Estimates Models""}","[]","MATRIX","TOP700","0"
"0","{""id"":""model"",""name"":""Model""}","0","{""id"":""model230"",""name"":""Factor Ratios and its Rank Model""}","1","2026-07-01","1","The beta coefficient measuring how the stock’s returns relate to changes in market volatility, estimated over a 60-month multiple regression on several macroeconomic factors","mdl230_dev_sedol_xiv","2","GBR","{""id"":""model-estimates-models"",""name"":""Estimates Models""}","[]","MATRIX","TOP700","0"
"0","{""id"":""model"",""name"":""Model""}","0","{""id"":""model230"",""name"":""Factor Ratios and its Rank Model""}","1","2026-07-01","1","The conditional R-squared of the correlation between monthly dates and trailing 12-month EPS before extra items across the prior 20 quarters (i.e., 5 years)","mdl230_dev_sedol_y5speq4rqsr","2","GBR","{""id"":""model-estimates-models"",""name"":""Estimates Models""}","[]","MATRIX","TOP700","0"
"0","{""id"":""model"",""name"":""Model""}","0","{""id"":""model230"",""name"":""Factor Ratios and its Rank Model""}","1","2026-07-01","1","Standard deviation of the last 20 rolling trailing 12-month EPS values divided by the mean of those EPS values","mdl230_dev_sedol_y5speq4vc","2","GBR","{""id"":""model-estimates-models"",""name"":""Estimates Models""}","[]","MATRIX","TOP700","0"
"0","{""id"":""model"",""name"":""Model""}","0","{""id"":""model230"",""name"":""Factor Ratios and its Rank Model""}","1","2026-07-01","1","Payout ratio (using an assumed formula) multiplied by consensus next 4-quarter earnings forecast, divided by month-end stock price; a modelled forward dividend yield","mdl230_dev_sedol_ydp_cf","2","GBR","{""id"":""model-estimates-models"",""name"":""Estimates Models""}","[]","MATRIX","TOP700","0"
"0","{""id"":""model"",""name"":""Model""}","0","{""id"":""model230"",""name"":""Factor Ratios and its Rank Model""}","1","2026-07-01","1","Average of three normalized earnings metrics (ROE, net profit margin, and forecasted EPS for FY2), scaled by price","mdl230_dev_sedol_yen","2","GBR","{""id"":""model-estimates-models"",""name"":""Estimates Models""}","[]","MATRIX","TOP700","0"
"0","{""id"":""model"",""name"":""Model""}","0","{""id"":""model230"",""name"":""Factor Ratios and its Rank Model""}","1","2026-07-01","1","Beta coefficient to the Change in Slope of the Term Structure, estimated via 60-month regression of returns on multiple macroeconomic factors","mdl230_dev_sedol_yieldsprd","2","GBR","{""id"":""model-estimates-models"",""name"":""Estimates Models""}","[]","MATRIX","TOP700","0"
"0","{""id"":""model"",""name"":""Model""}","0","{""id"":""model230"",""name"":""Factor Ratios and its Rank Model""}","1","2026-07-01","1","Year-over-year change in accruals, measured as the difference between trailing 12-month operating cash flow and income before extra items, scaled by average total assets, minus the same measure from a year ago","mdl230_dev_sedol_yoychgaa","2","GBR","{""id"":""model-estimates-models"",""name"":""Estimates Models""}","[]","MATRIX","TOP700","0"
"0","{""id"":""model"",""name"":""Model""}","0","{""id"":""model230"",""name"":""Factor Ratios and its Rank Model""}","1","2026-07-01","1","The year-over-year change in the company’s current ratio (current assets / current liabilities), comparing the most recent reported quarter to the same quarter one year ago","mdl230_dev_sedol_yoychgcr","2","GBR","{""id"":""model-estimates-models"",""name"":""Estimates Models""}","[]","MATRIX","TOP700","0"
"0","{""id"":""model"",""name"":""Model""}","0","{""id"":""model230"",""name"":""Factor Ratios and its Rank Model""}","1","2026-07-01","1","Difference between the most recent reported quarterly total liabilities as a percentage of total assets and that percentage for the same quarter one year ago","mdl230_dev_sedol_yoychgda","2","GBR","{""id"":""model-estimates-models"",""name"":""Estimates Models""}","[]","MATRIX","TOP700","0"
"0","{""id"":""model"",""name"":""Model""}","0","{""id"":""model230"",""name"":""Factor Ratios and its Rank Model""}","1","2026-07-01","1","The year-over-year change in gross profit margin, calculated as the most recent quarterly gross profit margin minus that of the same quarter a year ago","mdl230_dev_sedol_yoychggpm","2","GBR","{""id"":""model-estimates-models"",""name"":""Estimates Models""}","[]","MATRIX","TOP700","0"
"0","{""id"":""model"",""name"":""Model""}","0","{""id"":""model230"",""name"":""Factor Ratios and its Rank Model""}","1","2026-07-01","1","Change in return on assets (income before extraordinary items as a percent of total assets) over the trailing 12 months compared to the same quarter one year earlier","mdl230_dev_sedol_yoychgroa","2","GBR","{""id"":""model-estimates-models"",""name"":""Estimates Models""}","[]","MATRIX","TOP700","0"
"0","{""id"":""model"",""name"":""Model""}","0","{""id"":""model230"",""name"":""Factor Ratios and its Rank Model""}","1","2026-07-01","1","Yearly arithmetic change in the ratio of trailing twelve month earnings before extraordinary items (quarterly data) divided by current total book equity","mdl230_dev_sedol_yoychgroeart","2","GBR","{""id"":""model-estimates-models"",""name"":""Estimates Models""}","[]","MATRIX","TOP700","0"
"0","{""id"":""model"",""name"":""Model""}","0","{""id"":""model230"",""name"":""Factor Ratios and its Rank Model""}","1","2026-07-01","1","The year-over-year percentage change in the ratio of trailing 12-month earnings before extraordinary items to current total book equity","mdl230_dev_sedol_yoychgroepct","2","GBR","{""id"":""model-estimates-models"",""name"":""Estimates Models""}","[]","MATRIX","TOP700","0"
"0","{""id"":""model"",""name"":""Model""}","0","{""id"":""model230"",""name"":""Factor Ratios and its Rank Model""}","1","2026-07-01","1","Timestamp for the data record.","record_timestamp_10","2","GBR","{""id"":""model-estimates-models"",""name"":""Estimates Models""}","[]","SYMBOL","TOP700","0"
"0","{""id"":""model"",""name"":""Model""}","0","{""id"":""model230"",""name"":""Factor Ratios and its Rank Model""}","1","2026-07-01","1","Reference identifier for the security.","security_reference_id","2","GBR","{""id"":""model-estimates-models"",""name"":""Estimates Models""}","[]","SYMBOL","TOP700","0"
"0","{""id"":""model"",""name"":""Model""}","0","{""id"":""model230"",""name"":""Factor Ratios and its Rank Model""}","1","2026-07-01","1","System-generated identifier for the security.","security_system_id","2","GBR","{""id"":""model-estimates-models"",""name"":""Estimates Models""}","[]","SYMBOL","TOP700","0"
