"alphaCount","category","coverage","dataset","dateCoverage","dateCreated","delay","description","id","pyramidMultiplier","region","subcategory","themes","type","universe","userCount"
"0","{""id"":""model"",""name"":""Model""}","0","{""id"":""model138"",""name"":""Stock Selection from Accounting-based Factors""}","1","2026-07-01","1","Quality performance deviation of the vendor-defined Berry ratio over a 3-period lookback. Float.","berry_ratio_deviation_3","2","GBR","{""id"":""model-mlai-models"",""name"":""ML/AI Models""}","[]","VECTOR","TOP700","0"
"0","{""id"":""model"",""name"":""Model""}","0","{""id"":""model138"",""name"":""Stock Selection from Accounting-based Factors""}","1","2026-07-01","1","A signal that quantifies the deviation of a company's Berry Ratio from its own 4-period historical trend. This is a unitless float value.","berry_ratio_quality_deviation_4","2","GBR","{""id"":""model-mlai-models"",""name"":""ML/AI Models""}","[]","VECTOR","TOP700","0"
"0","{""id"":""model"",""name"":""Model""}","0","{""id"":""model138"",""name"":""Stock Selection from Accounting-based Factors""}","1","2026-07-01","1","A signal that quantifies the deviation of a company's cash flow return on assets (CFROA) from its own 3-period historical trend. This is a unitless float value.","cash_flow_return_on_assets_deviation_3","2","GBR","{""id"":""model-mlai-models"",""name"":""ML/AI Models""}","[]","VECTOR","TOP700","0"
"0","{""id"":""model"",""name"":""Model""}","0","{""id"":""model138"",""name"":""Stock Selection from Accounting-based Factors""}","1","2026-07-01","1","A signal that quantifies the deviation of a company's cash flow return on assets (CFROA) from its own 4-period historical trend. This is a unitless float value.","cash_flow_return_on_assets_deviation_4","2","GBR","{""id"":""model-mlai-models"",""name"":""ML/AI Models""}","[]","VECTOR","TOP700","0"
"0","{""id"":""model"",""name"":""Model""}","0","{""id"":""model138"",""name"":""Stock Selection from Accounting-based Factors""}","1","2026-07-01","1","Quality performance deviation of cash flow return on equity (CFROE) over a 4-period lookback. Float.","cash_flow_return_on_equity_deviation_4","2","GBR","{""id"":""model-mlai-models"",""name"":""ML/AI Models""}","[]","VECTOR","TOP700","0"
"0","{""id"":""model"",""name"":""Model""}","0","{""id"":""model138"",""name"":""Stock Selection from Accounting-based Factors""}","1","2026-07-01","1","A signal that quantifies the deviation of a company's cash flow return on equity (CFROE) from its own 3-period historical trend. This is a unitless float value.","cash_flow_return_on_equity_qpdi3","2","GBR","{""id"":""model-mlai-models"",""name"":""ML/AI Models""}","[]","VECTOR","TOP700","0"
"0","{""id"":""model"",""name"":""Model""}","0","{""id"":""model138"",""name"":""Stock Selection from Accounting-based Factors""}","1","2026-07-01","1","A measure of how a company's Cash Flow Return on Net Operating Assets (CFRNOA) deviates from its own history over a 5-period trailing window. This is a float value from the QPDI family.","cash_flow_return_on_net_operating_assets_deviation_5","2","GBR","{""id"":""model-mlai-models"",""name"":""ML/AI Models""}","[]","VECTOR","TOP700","0"
"0","{""id"":""model"",""name"":""Model""}","0","{""id"":""model138"",""name"":""Stock Selection from Accounting-based Factors""}","1","2026-07-01","1","A signal that quantifies the deviation of a company's cash flow return on net operating assets (CFRNOA) from its own 4-period historical trend. This is a unitless float value.","cash_flow_return_on_net_operating_assets_dev_4","2","GBR","{""id"":""model-mlai-models"",""name"":""ML/AI Models""}","[]","VECTOR","TOP700","0"
"0","{""id"":""model"",""name"":""Model""}","0","{""id"":""model138"",""name"":""Stock Selection from Accounting-based Factors""}","1","2026-07-01","1","A signal that quantifies the deviation of a company's cash flow from operations (CFO) from its own 3-period historical trend. This is a unitless float value.","cfo_performance_deviation_3","2","GBR","{""id"":""model-mlai-models"",""name"":""ML/AI Models""}","[]","VECTOR","TOP700","0"
"0","{""id"":""model"",""name"":""Model""}","0","{""id"":""model138"",""name"":""Stock Selection from Accounting-based Factors""}","1","2026-07-01","1","Quality performance deviation of the CFO to current liabilities ratio over a 5-period lookback. Float.","cfo_to_current_liabilities_deviation_5","2","GBR","{""id"":""model-mlai-models"",""name"":""ML/AI Models""}","[]","VECTOR","TOP700","0"
"0","{""id"":""model"",""name"":""Model""}","0","{""id"":""model138"",""name"":""Stock Selection from Accounting-based Factors""}","1","2026-07-01","1","A signal that quantifies the deviation of a company's cash flow return on assets (CFROA) from its own 5-period historical trend. This is a unitless float value.","cfroa_quality_deviation_lookback_5","2","GBR","{""id"":""model-mlai-models"",""name"":""ML/AI Models""}","[]","VECTOR","TOP700","0"
"0","{""id"":""model"",""name"":""Model""}","0","{""id"":""model138"",""name"":""Stock Selection from Accounting-based Factors""}","1","2026-07-01","1","A signal that quantifies the deviation of a company's current ratio from its own 3-period historical trend. This is a unitless float value.","current_ratio_3","2","GBR","{""id"":""model-mlai-models"",""name"":""ML/AI Models""}","[]","VECTOR","TOP700","0"
"0","{""id"":""model"",""name"":""Model""}","0","{""id"":""model138"",""name"":""Stock Selection from Accounting-based Factors""}","1","2026-07-01","1","A measure of how a company's current ratio deviates from its own history over a 5-period trailing window. This is a float value from the QPDI family.","current_ratio_deviation_5","2","GBR","{""id"":""model-mlai-models"",""name"":""ML/AI Models""}","[]","VECTOR","TOP700","0"
"0","{""id"":""model"",""name"":""Model""}","0","{""id"":""model138"",""name"":""Stock Selection from Accounting-based Factors""}","1","2026-07-01","1","A signal that quantifies the deviation of a company's debt to market capitalization ratio from its own 3-period historical trend. This is a unitless float value.","debt_to_market_cap_deviation_3","2","GBR","{""id"":""model-mlai-models"",""name"":""ML/AI Models""}","[]","VECTOR","TOP700","0"
"0","{""id"":""model"",""name"":""Model""}","0","{""id"":""model138"",""name"":""Stock Selection from Accounting-based Factors""}","1","2026-07-01","1","Quality performance deviation of the debt to market capitalization ratio over a 5-period lookback. Float.","debt_to_market_cap_deviation_5","2","GBR","{""id"":""model-mlai-models"",""name"":""ML/AI Models""}","[]","VECTOR","TOP700","0"
"0","{""id"":""model"",""name"":""Model""}","0","{""id"":""model138"",""name"":""Stock Selection from Accounting-based Factors""}","1","2026-07-01","1","A vendor-calculated composite score of fundamental level-item deviations (PDI) over a 5-period trailing window. This is a float value.","fundamental_level_deviation_composite_5","2","GBR","{""id"":""model-mlai-models"",""name"":""ML/AI Models""}","[]","VECTOR","TOP700","0"
"0","{""id"":""model"",""name"":""Model""}","0","{""id"":""model138"",""name"":""Stock Selection from Accounting-based Factors""}","1","2026-07-01","1","Performance deviation of inventory over a 4-period lookback. Float.","inventory_deviation_pdi4","2","GBR","{""id"":""model-mlai-models"",""name"":""ML/AI Models""}","[]","VECTOR","TOP700","0"
"0","{""id"":""model"",""name"":""Model""}","0","{""id"":""model138"",""name"":""Stock Selection from Accounting-based Factors""}","1","2026-07-01","1","A measure of how a company's long-term debt to capital ratio deviates from its own history over a 5-period trailing window. This is a float value from the QPDI family.","long_term_debt_to_capital_deviation_5","2","GBR","{""id"":""model-mlai-models"",""name"":""ML/AI Models""}","[]","VECTOR","TOP700","0"
"0","{""id"":""model"",""name"":""Model""}","0","{""id"":""model138"",""name"":""Stock Selection from Accounting-based Factors""}","1","2026-07-01","1","Composite Performance Deviation Index over 3 quarters, aggregating all PDI3 factors using risk parity weighting to reflect overall abnormal absolute deviation across core fundamentals","mdl138_3idpc","2","GBR","{""id"":""model-mlai-models"",""name"":""ML/AI Models""}","[]","VECTOR","TOP700","0"
"0","{""id"":""model"",""name"":""Model""}","0","{""id"":""model138"",""name"":""Stock Selection from Accounting-based Factors""}","1","2026-07-01","1","Composite quality-adjusted performance deviation index over 3 trailing quarters, aggregating standardized deviations of multiple financial ratios (QPDI3 factors) across clusters using risk parity weighting","mdl138_3idpqc","2","GBR","{""id"":""model-mlai-models"",""name"":""ML/AI Models""}","[]","VECTOR","TOP700","0"
"0","{""id"":""model"",""name"":""Model""}","0","{""id"":""model138"",""name"":""Stock Selection from Accounting-based Factors""}","1","2026-07-01","1","Composite PDI score aggregated from raw four-quarter PDI factors using risk parity weighting, showing a holistic measure of absolute fundamental deviation","mdl138_4idpc","2","GBR","{""id"":""model-mlai-models"",""name"":""ML/AI Models""}","[]","VECTOR","TOP700","0"
"0","{""id"":""model"",""name"":""Model""}","0","{""id"":""model138"",""name"":""Stock Selection from Accounting-based Factors""}","1","2026-07-01","1","Composite quality PDI score over 4 trailing quarters, aggregating all quality-adjusted PDI factors by clustering similar metrics, equal-weighting within clusters and risk parity weighting across clusters, to summarize deviations in quality ratios","mdl138_4idpqc","2","GBR","{""id"":""model-mlai-models"",""name"":""ML/AI Models""}","[]","VECTOR","TOP700","0"
"0","{""id"":""model"",""name"":""Model""}","0","{""id"":""model138"",""name"":""Stock Selection from Accounting-based Factors""}","1","2026-07-01","1","Composite PDI score aggregating all PDI factors over 5 trailing quarters using risk parity weighting; summarizes absolute magnitude of fundamental deviations in accounting variables","mdl138_5idpc","2","GBR","{""id"":""model-mlai-models"",""name"":""ML/AI Models""}","[]","VECTOR","TOP700","0"
"0","{""id"":""model"",""name"":""Model""}","0","{""id"":""model138"",""name"":""Stock Selection from Accounting-based Factors""}","1","2026-07-01","1","Composite Quality-adjusted PDI score over 5 trailing quarters, aggregating QPDI5 factors across seven fundamental clusters with risk parity weighting, providing an overall measure of multi-ratio quality deviations from historical baselines","mdl138_5idpqc","2","GBR","{""id"":""model-mlai-models"",""name"":""ML/AI Models""}","[]","VECTOR","TOP700","0"
"0","{""id"":""model"",""name"":""Model""}","0","{""id"":""model138"",""name"":""Stock Selection from Accounting-based Factors""}","1","2026-07-01","1","Quality-adjusted Performance Deviation Index over 3 trailing quarters based on Return on Assets (ROA), measuring deviation of ROA ratio from historical average","mdl138_aor_3idpq","2","GBR","{""id"":""model-mlai-models"",""name"":""ML/AI Models""}","[]","VECTOR","TOP700","0"
"0","{""id"":""model"",""name"":""Model""}","0","{""id"":""model138"",""name"":""Stock Selection from Accounting-based Factors""}","1","2026-07-01","1","Quality-adjusted Performance Deviation Index over 4 trailing quarters based on Return on Assets (Net Income divided by total assets), showing deviation in asset profitability versus history","mdl138_aor_4idpq","2","GBR","{""id"":""model-mlai-models"",""name"":""ML/AI Models""}","[]","VECTOR","TOP700","0"
"0","{""id"":""model"",""name"":""Model""}","0","{""id"":""model138"",""name"":""Stock Selection from Accounting-based Factors""}","1","2026-07-01","1","Quality-adjusted Performance Deviation Index over 5 quarters for return on assets, capturing deviations in firm profitability (net income / average assets) compared to historical baseline","mdl138_aor_5idpq","2","GBR","{""id"":""model-mlai-models"",""name"":""ML/AI Models""}","[]","VECTOR","TOP700","0"
"0","{""id"":""model"",""name"":""Model""}","0","{""id"":""model138"",""name"":""Stock Selection from Accounting-based Factors""}","1","2026-07-01","1","Performance Deviation Index over 3 trailing quarters, measuring deviation of long-term debt from historical levels, providing insight into changes in firm leverage in absolute terms, scaled for firm size","mdl138_dtl_3idp","2","GBR","{""id"":""model-mlai-models"",""name"":""ML/AI Models""}","[]","VECTOR","TOP700","0"
"0","{""id"":""model"",""name"":""Model""}","0","{""id"":""model138"",""name"":""Stock Selection from Accounting-based Factors""}","1","2026-07-01","1","Performance Deviation Index over 4 trailing quarters measuring deviation of long-term debt from historical norm, likely scaled by firm size (e.g., total assets)","mdl138_dtl_4idp","2","GBR","{""id"":""model-mlai-models"",""name"":""ML/AI Models""}","[]","VECTOR","TOP700","0"
"0","{""id"":""model"",""name"":""Model""}","0","{""id"":""model138"",""name"":""Stock Selection from Accounting-based Factors""}","1","2026-07-01","1","Performance Deviation Index over 5 trailing quarters, measuring the absolute deviation of a firm's long-term debt from its historical norm, scaled by firm size","mdl138_dtl_5idp","2","GBR","{""id"":""model-mlai-models"",""name"":""ML/AI Models""}","[]","VECTOR","TOP700","0"
"0","{""id"":""model"",""name"":""Model""}","0","{""id"":""model138"",""name"":""Stock Selection from Accounting-based Factors""}","1","2026-07-01","1","3-quarter absolute-level PDI factor measuring deviation in property, plant, and equipment over the last 3 quarters versus historical trend, scaled by firm size","mdl138_epp_3idp","2","GBR","{""id"":""model-mlai-models"",""name"":""ML/AI Models""}","[]","VECTOR","TOP700","0"
"0","{""id"":""model"",""name"":""Model""}","0","{""id"":""model138"",""name"":""Stock Selection from Accounting-based Factors""}","1","2026-07-01","1","4-quarter absolute-level PDI factor measuring deviation in the amount of property, plant, and equipment (PPE) from its historical trend, typically scaled by total assets for comparability","mdl138_epp_4idp","2","GBR","{""id"":""model-mlai-models"",""name"":""ML/AI Models""}","[]","VECTOR","TOP700","0"
"0","{""id"":""model"",""name"":""Model""}","0","{""id"":""model138"",""name"":""Stock Selection from Accounting-based Factors""}","1","2026-07-01","1","Performance Deviation Index over trailing 5 quarters based on Property, Plant & Equipment (PPE), likely representing deviation in the carrying value of fixed assets versus historical trend","mdl138_epp_5idp","2","GBR","{""id"":""model-mlai-models"",""name"":""ML/AI Models""}","[]","VECTOR","TOP700","0"
"0","{""id"":""model"",""name"":""Model""}","0","{""id"":""model138"",""name"":""Stock Selection from Accounting-based Factors""}","1","2026-07-01","1","Raw Performance Deviation Index over 3 trailing quarters, measuring the deviation in retained earnings from its historical norm, scaled by size","mdl138_er_3idp","2","GBR","{""id"":""model-mlai-models"",""name"":""ML/AI Models""}","[]","VECTOR","TOP700","0"
"0","{""id"":""model"",""name"":""Model""}","0","{""id"":""model138"",""name"":""Stock Selection from Accounting-based Factors""}","1","2026-07-01","1","PDI-4 Factor based on Retained Earnings","mdl138_er_4idp","2","GBR","{""id"":""model-mlai-models"",""name"":""ML/AI Models""}","[]","VECTOR","TOP700","0"
"0","{""id"":""model"",""name"":""Model""}","0","{""id"":""model138"",""name"":""Stock Selection from Accounting-based Factors""}","1","2026-07-01","1","Performance Deviation Index over trailing 5 quarters for retained earnings (cumulative net earnings retained in equity), measuring deviation from historical average","mdl138_er_5idp","2","GBR","{""id"":""model-mlai-models"",""name"":""ML/AI Models""}","[]","VECTOR","TOP700","0"
"0","{""id"":""model"",""name"":""Model""}","0","{""id"":""model138"",""name"":""Stock Selection from Accounting-based Factors""}","1","2026-07-01","1","Deviation over the past 3 quarters of the firm's net income (scaled by firm size) from its historical average, capturing recent abnormal earnings changes","mdl138_in_3idp","2","GBR","{""id"":""model-mlai-models"",""name"":""ML/AI Models""}","[]","VECTOR","TOP700","0"
"0","{""id"":""model"",""name"":""Model""}","0","{""id"":""model138"",""name"":""Stock Selection from Accounting-based Factors""}","1","2026-07-01","1","Performance Deviation Index over 4 trailing quarters based on absolute net income, measuring how much net earnings deviate from the firm's historical average, size-scaled","mdl138_in_4idp","2","GBR","{""id"":""model-mlai-models"",""name"":""ML/AI Models""}","[]","VECTOR","TOP700","0"
"0","{""id"":""model"",""name"":""Model""}","0","{""id"":""model138"",""name"":""Stock Selection from Accounting-based Factors""}","1","2026-07-01","1","Raw PDI factor over 5 trailing quarters measuring deviation in net income (scaled by firm size) from its long-term average","mdl138_in_5idp","2","GBR","{""id"":""model-mlai-models"",""name"":""ML/AI Models""}","[]","VECTOR","TOP700","0"
"0","{""id"":""model"",""name"":""Model""}","0","{""id"":""model138"",""name"":""Stock Selection from Accounting-based Factors""}","1","2026-07-01","1","Performance Deviation Index (PDI) over 3 quarters for Cash Flow from Operations (CFO), quantifying how much operational cash flows deviate from historical norms, adjusted for firm scale","mdl138_ofc_3idp","2","GBR","{""id"":""model-mlai-models"",""name"":""ML/AI Models""}","[]","VECTOR","TOP700","0"
"0","{""id"":""model"",""name"":""Model""}","0","{""id"":""model138"",""name"":""Stock Selection from Accounting-based Factors""}","1","2026-07-01","1","Performance Deviation Index (PDI) over 4 quarters for Cash Flow from Operations (CFO), indicating deviations in operating cash flow against baseline historical values, scaled by firm size","mdl138_ofc_4idp","2","GBR","{""id"":""model-mlai-models"",""name"":""ML/AI Models""}","[]","VECTOR","TOP700","0"
"0","{""id"":""model"",""name"":""Model""}","0","{""id"":""model138"",""name"":""Stock Selection from Accounting-based Factors""}","1","2026-07-01","1","Performance Deviation Index (PDI) over 5 quarters for Cash Flow from Operations (CFO), capturing the deviation of operational cash flows from prior periods, scaled for comparability","mdl138_ofc_5idp","2","GBR","{""id"":""model-mlai-models"",""name"":""ML/AI Models""}","[]","VECTOR","TOP700","0"
"0","{""id"":""model"",""name"":""Model""}","0","{""id"":""model138"",""name"":""Stock Selection from Accounting-based Factors""}","1","2026-07-01","1","Performance Deviation Index over 3 trailing quarters measuring the deviation of accounts payable from its historical norm, likely scaled by firm size","mdl138_pa_3idp","2","GBR","{""id"":""model-mlai-models"",""name"":""ML/AI Models""}","[]","VECTOR","TOP700","0"
"0","{""id"":""model"",""name"":""Model""}","0","{""id"":""model138"",""name"":""Stock Selection from Accounting-based Factors""}","1","2026-07-01","1","Performance Deviation Index over trailing 4 quarters for absolute accounts payable, scaled, quantifying deviation from its historical baseline","mdl138_pa_4idp","2","GBR","{""id"":""model-mlai-models"",""name"":""ML/AI Models""}","[]","VECTOR","TOP700","0"
"0","{""id"":""model"",""name"":""Model""}","0","{""id"":""model138"",""name"":""Stock Selection from Accounting-based Factors""}","1","2026-07-01","1","Performance Deviation Index over 5 trailing quarters, measuring the absolute deviation of Accounts Payable (amount owed to suppliers) from its historical norm, scaled by firm size","mdl138_pa_5idp","2","GBR","{""id"":""model-mlai-models"",""name"":""ML/AI Models""}","[]","VECTOR","TOP700","0"
"0","{""id"":""model"",""name"":""Model""}","0","{""id"":""model138"",""name"":""Stock Selection from Accounting-based Factors""}","1","2026-07-01","1","Absolute deviation over the past 3 quarters in the firm's capital surplus (excess paid-in capital), scaled for firm size","mdl138_pdi3_caps","2","GBR","{""id"":""model-mlai-models"",""name"":""ML/AI Models""}","[]","VECTOR","TOP700","0"
"0","{""id"":""model"",""name"":""Model""}","0","{""id"":""model138"",""name"":""Stock Selection from Accounting-based Factors""}","1","2026-07-01","1","Deviation in the firm's total cash holdings, measured at an absolute level over 3 trailing quarters and scaled by firm size to identify abnormal cash accumulation or depletion","mdl138_pdi3_cash","2","GBR","{""id"":""model-mlai-models"",""name"":""ML/AI Models""}","[]","VECTOR","TOP700","0"
"0","{""id"":""model"",""name"":""Model""}","0","{""id"":""model138"",""name"":""Stock Selection from Accounting-based Factors""}","1","2026-07-01","1","Performance Deviation Index over 3 trailing quarters, measuring absolute deviation in EBITDA from the firm's historical norm, scaled by firm size","mdl138_pdi3_ebitda","2","GBR","{""id"":""model-mlai-models"",""name"":""ML/AI Models""}","[]","VECTOR","TOP700","0"
"0","{""id"":""model"",""name"":""Model""}","0","{""id"":""model138"",""name"":""Stock Selection from Accounting-based Factors""}","1","2026-07-01","1","Raw Performance Deviation Index over 3 trailing quarters, quantifying how much the firm's sales have deviated from their historical norm, scaled for comparability","mdl138_pdi3_sale","2","GBR","{""id"":""model-mlai-models"",""name"":""ML/AI Models""}","[]","VECTOR","TOP700","0"
"0","{""id"":""model"",""name"":""Model""}","0","{""id"":""model138"",""name"":""Stock Selection from Accounting-based Factors""}","1","2026-07-01","1","Performance Deviation Index over 4 quarters for Capital Surplus, measuring its deviation from the historical or expected value","mdl138_pdi4_caps","2","GBR","{""id"":""model-mlai-models"",""name"":""ML/AI Models""}","[]","VECTOR","TOP700","0"
"0","{""id"":""model"",""name"":""Model""}","0","{""id"":""model138"",""name"":""Stock Selection from Accounting-based Factors""}","1","2026-07-01","1","PDI factor quantifying the absolute deviation in cash levels from the firm’s historical norm over the trailing 4 quarters, scaled by size","mdl138_pdi4_cash","2","GBR","{""id"":""model-mlai-models"",""name"":""ML/AI Models""}","[]","VECTOR","TOP700","0"
"0","{""id"":""model"",""name"":""Model""}","0","{""id"":""model138"",""name"":""Stock Selection from Accounting-based Factors""}","1","2026-07-01","1","Performance Deviation Index (PDI) over 4 quarters for EBITDA, measuring deviation of EBITDA from its historical baseline, scaled by total assets or similar size variable","mdl138_pdi4_ebitda","2","GBR","{""id"":""model-mlai-models"",""name"":""ML/AI Models""}","[]","VECTOR","TOP700","0"
"0","{""id"":""model"",""name"":""Model""}","0","{""id"":""model138"",""name"":""Stock Selection from Accounting-based Factors""}","1","2026-07-01","1","Performance Deviation Index over 4 trailing quarters based on absolute sales (turnover), measuring deviation of firm's sales from its recent historical level, typically scaled by assets or size","mdl138_pdi4_sale","2","GBR","{""id"":""model-mlai-models"",""name"":""ML/AI Models""}","[]","VECTOR","TOP700","0"
"0","{""id"":""model"",""name"":""Model""}","0","{""id"":""model138"",""name"":""Stock Selection from Accounting-based Factors""}","1","2026-07-01","1","Performance Deviation Index over five trailing quarters for capital surplus, quantifying absolute deviation from its historical values, size-standardized","mdl138_pdi5_caps","2","GBR","{""id"":""model-mlai-models"",""name"":""ML/AI Models""}","[]","VECTOR","TOP700","0"
"0","{""id"":""model"",""name"":""Model""}","0","{""id"":""model138"",""name"":""Stock Selection from Accounting-based Factors""}","1","2026-07-01","1","The PDI factor over 5 trailing quarters, measuring the deviation in the firm's cash holdings from its historical average, scaled appropriately to account for size, indicating changes in cash management or liquidity","mdl138_pdi5_cash","2","GBR","{""id"":""model-mlai-models"",""name"":""ML/AI Models""}","[]","VECTOR","TOP700","0"
"0","{""id"":""model"",""name"":""Model""}","0","{""id"":""model138"",""name"":""Stock Selection from Accounting-based Factors""}","1","2026-07-01","1","Performance Deviation Index (PDI) over 5 quarters for EBITDA, measuring the deviation in earnings before interest, taxes, depreciation, and amortization relative to historical norms, size-adjusted","mdl138_pdi5_ebitda","2","GBR","{""id"":""model-mlai-models"",""name"":""ML/AI Models""}","[]","VECTOR","TOP700","0"
"0","{""id"":""model"",""name"":""Model""}","0","{""id"":""model138"",""name"":""Stock Selection from Accounting-based Factors""}","1","2026-07-01","1","Performance Deviation Index over trailing 5 quarters based on absolute sales revenue, scaled appropriately, capturing deviation in sales versus historical average","mdl138_pdi5_sale","2","GBR","{""id"":""model-mlai-models"",""name"":""ML/AI Models""}","[]","VECTOR","TOP700","0"
"0","{""id"":""model"",""name"":""Model""}","0","{""id"":""model138"",""name"":""Stock Selection from Accounting-based Factors""}","1","2026-07-01","1","The PDI factor over 3 trailing quarters, measuring the deviation of the firm's Gross Profit from its historical average, scaled for size, reflecting recent shifts in core profitability","mdl138_pg_3idp","2","GBR","{""id"":""model-mlai-models"",""name"":""ML/AI Models""}","[]","VECTOR","TOP700","0"
"0","{""id"":""model"",""name"":""Model""}","0","{""id"":""model138"",""name"":""Stock Selection from Accounting-based Factors""}","1","2026-07-01","1","Performance Deviation Index over 4 quarters measuring the deviation of Gross Profit from its expected or average value (absolute, scaled by size)","mdl138_pg_4idp","2","GBR","{""id"":""model-mlai-models"",""name"":""ML/AI Models""}","[]","VECTOR","TOP700","0"
"0","{""id"":""model"",""name"":""Model""}","0","{""id"":""model138"",""name"":""Stock Selection from Accounting-based Factors""}","1","2026-07-01","1","Raw PDI factor over 5 trailing quarters measuring deviation in gross profit (scaled appropriately) from its historical value","mdl138_pg_5idp","2","GBR","{""id"":""model-mlai-models"",""name"":""ML/AI Models""}","[]","VECTOR","TOP700","0"
"0","{""id"":""model"",""name"":""Model""}","0","{""id"":""model138"",""name"":""Stock Selection from Accounting-based Factors""}","1","2026-07-01","1","Quality-adjusted Performance Deviation Index over 3 quarters capturing deviation in the Berry Ratio (Gross Profit / Operating Expenses), measuring changes in profitability efficiency over that window","mdl138_qpdi3_berry","2","GBR","{""id"":""model-mlai-models"",""name"":""ML/AI Models""}","[]","VECTOR","TOP700","0"
"0","{""id"":""model"",""name"":""Model""}","0","{""id"":""model138"",""name"":""Stock Selection from Accounting-based Factors""}","1","2026-07-01","1","Quality-adjusted PDI factor measuring deviation of operating cash flow to current liabilities ratio over the trailing 3 quarters","mdl138_qpdi3_cfo_curr_liab","2","GBR","{""id"":""model-mlai-models"",""name"":""ML/AI Models""}","[]","VECTOR","TOP700","0"
"0","{""id"":""model"",""name"":""Model""}","0","{""id"":""model138"",""name"":""Stock Selection from Accounting-based Factors""}","1","2026-07-01","1","Quality-adjusted PDI over 3 trailing quarters based on Cash Flow Return on Net Operating Assets, tracking deviation from the historical baseline for this ratio","mdl138_qpdi3_cfrnoa","2","GBR","{""id"":""model-mlai-models"",""name"":""ML/AI Models""}","[]","VECTOR","TOP700","0"
"0","{""id"":""model"",""name"":""Model""}","0","{""id"":""model138"",""name"":""Stock Selection from Accounting-based Factors""}","1","2026-07-01","1","Quality-adjusted Performance Deviation Index over 3 quarters measuring deviation in Cash Flow Return on Assets from its norm","mdl138_qpdi3_cfroa","2","GBR","{""id"":""model-mlai-models"",""name"":""ML/AI Models""}","[]","VECTOR","TOP700","0"
"0","{""id"":""model"",""name"":""Model""}","0","{""id"":""model138"",""name"":""Stock Selection from Accounting-based Factors""}","1","2026-07-01","1","3-quarter quality-adjusted PDI factor measuring deviation in cash flow return on equity (cash flow from operations divided by equity) from its historical baseline, reflecting cash flow profitability trends","mdl138_qpdi3_cfroe","2","GBR","{""id"":""model-mlai-models"",""name"":""ML/AI Models""}","[]","VECTOR","TOP700","0"
"0","{""id"":""model"",""name"":""Model""}","0","{""id"":""model138"",""name"":""Stock Selection from Accounting-based Factors""}","1","2026-07-01","1","Quality-adjusted Performance Deviation Index over 3 quarters for the current ratio (Current Assets / Current Liabilities), measuring the deviation in liquidity from its historical norm","mdl138_qpdi3_current_r","2","GBR","{""id"":""model-mlai-models"",""name"":""ML/AI Models""}","[]","VECTOR","TOP700","0"
"0","{""id"":""model"",""name"":""Model""}","0","{""id"":""model138"",""name"":""Stock Selection from Accounting-based Factors""}","1","2026-07-01","1","Three-quarter trailing quality-adjusted PDI factor measuring deviation in the Debt-to-Capital ratio (Total Debt / [Debt + Shareholders’ Equity]) relative to its historical baseline","mdl138_qpdi3_debt_capital","2","GBR","{""id"":""model-mlai-models"",""name"":""ML/AI Models""}","[]","VECTOR","TOP700","0"
"0","{""id"":""model"",""name"":""Model""}","0","{""id"":""model138"",""name"":""Stock Selection from Accounting-based Factors""}","1","2026-07-01","1","Quality-adjusted Performance Deviation Index over 3 trailing quarters, measuring the deviation of the company's Debt to Equity ratio from its historical average","mdl138_qpdi3_debt_equity","2","GBR","{""id"":""model-mlai-models"",""name"":""ML/AI Models""}","[]","VECTOR","TOP700","0"
"0","{""id"":""model"",""name"":""Model""}","0","{""id"":""model138"",""name"":""Stock Selection from Accounting-based Factors""}","1","2026-07-01","1","The QPDI factor over 3 trailing quarters, measuring deviation of the ratio of Total Debt to Total Capital at Market Value from its historical norm, indicating recent changes in the company's leverage structure based on market values","mdl138_qpdi3_debt_mktcapital","2","GBR","{""id"":""model-mlai-models"",""name"":""ML/AI Models""}","[]","VECTOR","TOP700","0"
"0","{""id"":""model"",""name"":""Model""}","0","{""id"":""model138"",""name"":""Stock Selection from Accounting-based Factors""}","1","2026-07-01","1","Quality-adjusted PDI factor over 3 trailing quarters measuring deviation of the firm's gross margin ratio (gross profit divided by sales) from its historical norm","mdl138_qpdi3_gross_margin","2","GBR","{""id"":""model-mlai-models"",""name"":""ML/AI Models""}","[]","VECTOR","TOP700","0"
"0","{""id"":""model"",""name"":""Model""}","0","{""id"":""model138"",""name"":""Stock Selection from Accounting-based Factors""}","1","2026-07-01","1","Quality-adjusted Performance Deviation Index over 3 trailing quarters, measuring deviation of the interest coverage ratio (EBIT/Interest Expense) from historical baseline, reflecting changes in ability to cover debt servicing costs","mdl138_qpdi3_int_cover","2","GBR","{""id"":""model-mlai-models"",""name"":""ML/AI Models""}","[]","VECTOR","TOP700","0"
"0","{""id"":""model"",""name"":""Model""}","0","{""id"":""model138"",""name"":""Stock Selection from Accounting-based Factors""}","1","2026-07-01","1","Quality-adjusted Performance Deviation Index measuring deviation of Inventory Turnover ratio (typically sales or cost of goods sold divided by average inventory) over the past 3 trailing quarters, indicating changes in efficiency of inventory management","mdl138_qpdi3_invent_to","2","GBR","{""id"":""model-mlai-models"",""name"":""ML/AI Models""}","[]","VECTOR","TOP700","0"
"0","{""id"":""model"",""name"":""Model""}","0","{""id"":""model138"",""name"":""Stock Selection from Accounting-based Factors""}","1","2026-07-01","1","Quality-adjusted Performance Deviation Index over 3 quarters for the Long-term Debt to Capital ratio, reflecting deviation from the firm’s norm","mdl138_qpdi3_lt_dt_capital","2","GBR","{""id"":""model-mlai-models"",""name"":""ML/AI Models""}","[]","VECTOR","TOP700","0"
"0","{""id"":""model"",""name"":""Model""}","0","{""id"":""model138"",""name"":""Stock Selection from Accounting-based Factors""}","1","2026-07-01","1","Quality-adjusted Performance Deviation Index over 3 trailing quarters, measuring the deviation of Long-Term Debt to Common Equity ratio from its historical norm","mdl138_qpdi3_lt_dt_equity","2","GBR","{""id"":""model-mlai-models"",""name"":""ML/AI Models""}","[]","VECTOR","TOP700","0"
"0","{""id"":""model"",""name"":""Model""}","0","{""id"":""model138"",""name"":""Stock Selection from Accounting-based Factors""}","1","2026-07-01","1","Quality-adjusted PDI factor over 3 trailing quarters measuring deviation in net income margin ratio from its normal level","mdl138_qpdi3_net_margin","2","GBR","{""id"":""model-mlai-models"",""name"":""ML/AI Models""}","[]","VECTOR","TOP700","0"
"0","{""id"":""model"",""name"":""Model""}","0","{""id"":""model138"",""name"":""Stock Selection from Accounting-based Factors""}","1","2026-07-01","1","Quality-adjusted PDI factor over 3 trailing quarters measuring deviation of the firm's operating profit margin (EBIT divided by sales) from its historical norm","mdl138_qpdi3_op_margin","2","GBR","{""id"":""model-mlai-models"",""name"":""ML/AI Models""}","[]","VECTOR","TOP700","0"
"0","{""id"":""model"",""name"":""Model""}","0","{""id"":""model138"",""name"":""Stock Selection from Accounting-based Factors""}","1","2026-07-01","1","Quality-adjusted Performance Deviation Index over 3 trailing quarters, capturing deviation in Accounts Payable Turnover (efficiency of paying suppliers) from its historical norm","mdl138_qpdi3_payable_to","2","GBR","{""id"":""model-mlai-models"",""name"":""ML/AI Models""}","[]","VECTOR","TOP700","0"
"0","{""id"":""model"",""name"":""Model""}","0","{""id"":""model138"",""name"":""Stock Selection from Accounting-based Factors""}","1","2026-07-01","1","Deviation over the past 3 quarters of the firm's quick ratio (liquid assets/current liabilities) from its historical average, indicating recent changes in short-term liquidity","mdl138_qpdi3_quick_r","2","GBR","{""id"":""model-mlai-models"",""name"":""ML/AI Models""}","[]","VECTOR","TOP700","0"
"0","{""id"":""model"",""name"":""Model""}","0","{""id"":""model138"",""name"":""Stock Selection from Accounting-based Factors""}","1","2026-07-01","1","Quality-adjusted PDI over 3 trailing quarters based on Accounts Receivable Turnover, capturing changes or deviations in receivables turnover ratio against historical figures","mdl138_qpdi3_receiva_to","2","GBR","{""id"":""model-mlai-models"",""name"":""ML/AI Models""}","[]","VECTOR","TOP700","0"
"0","{""id"":""model"",""name"":""Model""}","0","{""id"":""model138"",""name"":""Stock Selection from Accounting-based Factors""}","1","2026-07-01","1","Quality-adjusted PDI factor over 3 trailing quarters based on deviation in Return on Net Operating Assets ratio from its historical norm","mdl138_qpdi3_rnoa","2","GBR","{""id"":""model-mlai-models"",""name"":""ML/AI Models""}","[]","VECTOR","TOP700","0"
"0","{""id"":""model"",""name"":""Model""}","0","{""id"":""model138"",""name"":""Stock Selection from Accounting-based Factors""}","1","2026-07-01","1","Quality-adjusted PDI factor measuring the deviation of Return on Equity (ROE) from its historical average over the trailing 3 quarters","mdl138_qpdi3_roe","2","GBR","{""id"":""model-mlai-models"",""name"":""ML/AI Models""}","[]","VECTOR","TOP700","0"
"0","{""id"":""model"",""name"":""Model""}","0","{""id"":""model138"",""name"":""Stock Selection from Accounting-based Factors""}","1","2026-07-01","1","Deviation over the past 3 quarters in Return on Invested Capital (ROIC), a profitability quality ratio","mdl138_qpdi3_roic","2","GBR","{""id"":""model-mlai-models"",""name"":""ML/AI Models""}","[]","VECTOR","TOP700","0"
"0","{""id"":""model"",""name"":""Model""}","0","{""id"":""model138"",""name"":""Stock Selection from Accounting-based Factors""}","1","2026-07-01","1","Quality-adjusted PDI over 3 trailing quarters, measuring deviation in the ratio of sales (revenue) per employee from its historical baseline, capturing changes in operational efficiency","mdl138_qpdi3_sale_empl","2","GBR","{""id"":""model-mlai-models"",""name"":""ML/AI Models""}","[]","VECTOR","TOP700","0"
"0","{""id"":""model"",""name"":""Model""}","0","{""id"":""model138"",""name"":""Stock Selection from Accounting-based Factors""}","1","2026-07-01","1","Quality-adjusted Performance Deviation Index over 4 trailing quarters, measuring deviation of the Berry Ratio (Gross Profit divided by Operating Expenses) from its historical average","mdl138_qpdi4_berry","2","GBR","{""id"":""model-mlai-models"",""name"":""ML/AI Models""}","[]","VECTOR","TOP700","0"
"0","{""id"":""model"",""name"":""Model""}","0","{""id"":""model138"",""name"":""Stock Selection from Accounting-based Factors""}","1","2026-07-01","1","4-quarter quality-adjusted PDI factor measuring deviation in the ratio of operating cash flow to current liabilities from its historical average, assessing changes in cash flow coverage of short-term obligations","mdl138_qpdi4_cfo_curr_liab","2","GBR","{""id"":""model-mlai-models"",""name"":""ML/AI Models""}","[]","VECTOR","TOP700","0"
"0","{""id"":""model"",""name"":""Model""}","0","{""id"":""model138"",""name"":""Stock Selection from Accounting-based Factors""}","1","2026-07-01","1","Quality-adjusted PDI over 4 trailing quarters, measuring deviation in cash flow return on net operating assets (CFO/(Total Assets - Current Liabilities)) from historical baseline, reflecting efficiency of cash generation from operating assets","mdl138_qpdi4_cfrnoa","2","GBR","{""id"":""model-mlai-models"",""name"":""ML/AI Models""}","[]","VECTOR","TOP700","0"
"0","{""id"":""model"",""name"":""Model""}","0","{""id"":""model138"",""name"":""Stock Selection from Accounting-based Factors""}","1","2026-07-01","1","Quality-adjusted PDI over 4 trailing quarters, measuring deviation in the cash flow return on assets (CFO/Total Assets) from its historical baseline, reflecting cash profitability changes","mdl138_qpdi4_cfroa","2","GBR","{""id"":""model-mlai-models"",""name"":""ML/AI Models""}","[]","VECTOR","TOP700","0"
"0","{""id"":""model"",""name"":""Model""}","0","{""id"":""model138"",""name"":""Stock Selection from Accounting-based Factors""}","1","2026-07-01","1","Deviation over the past 4 quarters of the firm's cash flow return on equity (operating cash flow divided by equity) from its historical norm, measuring changes in quality of returns to shareholders","mdl138_qpdi4_cfroe","2","GBR","{""id"":""model-mlai-models"",""name"":""ML/AI Models""}","[]","VECTOR","TOP700","0"
"0","{""id"":""model"",""name"":""Model""}","0","{""id"":""model138"",""name"":""Stock Selection from Accounting-based Factors""}","1","2026-07-01","1","Quality-adjusted Performance Deviation Index based on Current Ratio (Current Assets / Current Liabilities), measuring deviation from historical baseline over 4 trailing quarters, reflecting changes in company liquidity position","mdl138_qpdi4_current_r","2","GBR","{""id"":""model-mlai-models"",""name"":""ML/AI Models""}","[]","VECTOR","TOP700","0"
"0","{""id"":""model"",""name"":""Model""}","0","{""id"":""model138"",""name"":""Stock Selection from Accounting-based Factors""}","1","2026-07-01","1","Quality-adjusted Performance Deviation Index over 4 trailing quarters, measuring the deviation of the company's Debt to Total Capital ratio from its historical average","mdl138_qpdi4_debt_capital","2","GBR","{""id"":""model-mlai-models"",""name"":""ML/AI Models""}","[]","VECTOR","TOP700","0"
"0","{""id"":""model"",""name"":""Model""}","0","{""id"":""model138"",""name"":""Stock Selection from Accounting-based Factors""}","1","2026-07-01","1","Quality-adjusted Performance Deviation Index over 4 trailing quarters, reflecting deviation in the Debt-to-Equity financial leverage ratio from its historical baseline","mdl138_qpdi4_debt_equity","2","GBR","{""id"":""model-mlai-models"",""name"":""ML/AI Models""}","[]","VECTOR","TOP700","0"
"0","{""id"":""model"",""name"":""Model""}","0","{""id"":""model138"",""name"":""Stock Selection from Accounting-based Factors""}","1","2026-07-01","1","Quality-adjusted Performance Deviation Index over 4 trailing quarters, measuring deviation in the Total Debt to Total Capital at Market Value ratio from its historical norm","mdl138_qpdi4_debt_mktcapital","2","GBR","{""id"":""model-mlai-models"",""name"":""ML/AI Models""}","[]","VECTOR","TOP700","0"
"0","{""id"":""model"",""name"":""Model""}","0","{""id"":""model138"",""name"":""Stock Selection from Accounting-based Factors""}","1","2026-07-01","1","Quality-adjusted PDI over 4 quarters, measuring deviation in the firm's gross margin (gross profit to sales) compared to history, capturing shifts in core profitability quality","mdl138_qpdi4_gross_margin","2","GBR","{""id"":""model-mlai-models"",""name"":""ML/AI Models""}","[]","VECTOR","TOP700","0"
"0","{""id"":""model"",""name"":""Model""}","0","{""id"":""model138"",""name"":""Stock Selection from Accounting-based Factors""}","1","2026-07-01","1","Quality-adjusted PDI over 4 trailing quarters measuring deviation in the interest coverage ratio (such as EBIT/Interest Expense) from its historical baseline","mdl138_qpdi4_int_cover","2","GBR","{""id"":""model-mlai-models"",""name"":""ML/AI Models""}","[]","VECTOR","TOP700","0"
"0","{""id"":""model"",""name"":""Model""}","0","{""id"":""model138"",""name"":""Stock Selection from Accounting-based Factors""}","1","2026-07-01","1","Quality-adjusted PDI factor over 4 trailing quarters for inventory turnover ratio, measuring deviation from baseline inventory turnover","mdl138_qpdi4_invent_to","2","GBR","{""id"":""model-mlai-models"",""name"":""ML/AI Models""}","[]","VECTOR","TOP700","0"
"0","{""id"":""model"",""name"":""Model""}","0","{""id"":""model138"",""name"":""Stock Selection from Accounting-based Factors""}","1","2026-07-01","1","Quality-adjusted Performance Deviation Index over 4 quarters for the Long-term Debt to Capital ratio, reflecting deviation from the firm’s norm","mdl138_qpdi4_lt_dt_capital","2","GBR","{""id"":""model-mlai-models"",""name"":""ML/AI Models""}","[]","VECTOR","TOP700","0"
"0","{""id"":""model"",""name"":""Model""}","0","{""id"":""model138"",""name"":""Stock Selection from Accounting-based Factors""}","1","2026-07-01","1","Deviation (over last 4 quarters) of long-term debt to common equity ratio from its historical norm, quality-adjusted leverage metric","mdl138_qpdi4_lt_dt_equity","2","GBR","{""id"":""model-mlai-models"",""name"":""ML/AI Models""}","[]","VECTOR","TOP700","0"
"0","{""id"":""model"",""name"":""Model""}","0","{""id"":""model138"",""name"":""Stock Selection from Accounting-based Factors""}","1","2026-07-01","1","Quality-adjusted PDI factor over 4 trailing quarters measuring deviation of the firm's net income margin (net income divided by sales) from its historical norm","mdl138_qpdi4_net_margin","2","GBR","{""id"":""model-mlai-models"",""name"":""ML/AI Models""}","[]","VECTOR","TOP700","0"
"0","{""id"":""model"",""name"":""Model""}","0","{""id"":""model138"",""name"":""Stock Selection from Accounting-based Factors""}","1","2026-07-01","1","Quality-adjusted Performance Deviation Index over 4 quarters for operating profit margin (EBIT/Sales), indicating deviation in profitability margin versus historical average","mdl138_qpdi4_op_margin","2","GBR","{""id"":""model-mlai-models"",""name"":""ML/AI Models""}","[]","VECTOR","TOP700","0"
"0","{""id"":""model"",""name"":""Model""}","0","{""id"":""model138"",""name"":""Stock Selection from Accounting-based Factors""}","1","2026-07-01","1","Quality-adjusted Performance Deviation Index over 4 quarters based on accounts payable turnover ratio, measuring deviations in how quickly the firm settles its payables relative to historical norms","mdl138_qpdi4_payable_to","2","GBR","{""id"":""model-mlai-models"",""name"":""ML/AI Models""}","[]","VECTOR","TOP700","0"
"0","{""id"":""model"",""name"":""Model""}","0","{""id"":""model138"",""name"":""Stock Selection from Accounting-based Factors""}","1","2026-07-01","1","Quality-adjusted PDI factor over 4 trailing quarters based on deviation in the Quick Ratio (liquid assets to current liabilities) from its norm","mdl138_qpdi4_quick_r","2","GBR","{""id"":""model-mlai-models"",""name"":""ML/AI Models""}","[]","VECTOR","TOP700","0"
"0","{""id"":""model"",""name"":""Model""}","0","{""id"":""model138"",""name"":""Stock Selection from Accounting-based Factors""}","1","2026-07-01","1","Quality-adjusted Performance Deviation Index over 4 quarters, measuring the deviation in the receivables turnover ratio (sales/accounts receivable) from historical norms, indicating changes in how efficiently a firm collects its receivables","mdl138_qpdi4_receiva_to","2","GBR","{""id"":""model-mlai-models"",""name"":""ML/AI Models""}","[]","VECTOR","TOP700","0"
"0","{""id"":""model"",""name"":""Model""}","0","{""id"":""model138"",""name"":""Stock Selection from Accounting-based Factors""}","1","2026-07-01","1","Quality-adjusted Performance Deviation Index over 4 trailing quarters based on Return on Net Operating Assets (RNOA), measuring how much the firm's RNOA ratio diverges from its historical norm","mdl138_qpdi4_rnoa","2","GBR","{""id"":""model-mlai-models"",""name"":""ML/AI Models""}","[]","VECTOR","TOP700","0"
"0","{""id"":""model"",""name"":""Model""}","0","{""id"":""model138"",""name"":""Stock Selection from Accounting-based Factors""}","1","2026-07-01","1","Four-quarter trailing quality-adjusted PDI factor measuring deviation of Return on Equity (Net Income / Average Shareholders’ Equity) from its recent normal value","mdl138_qpdi4_roe","2","GBR","{""id"":""model-mlai-models"",""name"":""ML/AI Models""}","[]","VECTOR","TOP700","0"
"0","{""id"":""model"",""name"":""Model""}","0","{""id"":""model138"",""name"":""Stock Selection from Accounting-based Factors""}","1","2026-07-01","1","4-quarter quality-adjusted PDI factor capturing deviation in return on invested capital (ROIC) over the past 4 quarters versus history, reflecting shifts in capital efficiency","mdl138_qpdi4_roic","2","GBR","{""id"":""model-mlai-models"",""name"":""ML/AI Models""}","[]","VECTOR","TOP700","0"
"0","{""id"":""model"",""name"":""Model""}","0","{""id"":""model138"",""name"":""Stock Selection from Accounting-based Factors""}","1","2026-07-01","1","Deviation (over last 4 quarters) of revenue per employee from its historical norm, quality-adjusted and scaled for cross-company comparison","mdl138_qpdi4_sale_empl","2","GBR","{""id"":""model-mlai-models"",""name"":""ML/AI Models""}","[]","VECTOR","TOP700","0"
"0","{""id"":""model"",""name"":""Model""}","0","{""id"":""model138"",""name"":""Stock Selection from Accounting-based Factors""}","1","2026-07-01","1","Quality-adjusted Performance Deviation Index over 5 quarters measuring how much the Berry Ratio (Gross Profit / Operating Expenses) has deviated from its historical norm for the firm, thus capturing changes in fundamental profitability efficiency relative to operating expenses","mdl138_qpdi5_berry","2","GBR","{""id"":""model-mlai-models"",""name"":""ML/AI Models""}","[]","VECTOR","TOP700","0"
"0","{""id"":""model"",""name"":""Model""}","0","{""id"":""model138"",""name"":""Stock Selection from Accounting-based Factors""}","1","2026-07-01","1","Five-quarter trailing quality-adjusted PDI factor capturing changes in the CFO to Current Liabilities ratio (Operating Cash Flow / Current Liabilities), reflecting liquidity deviation versus baseline","mdl138_qpdi5_cfo_curr_liab","2","GBR","{""id"":""model-mlai-models"",""name"":""ML/AI Models""}","[]","VECTOR","TOP700","0"
"0","{""id"":""model"",""name"":""Model""}","0","{""id"":""model138"",""name"":""Stock Selection from Accounting-based Factors""}","1","2026-07-01","1","Quality-adjusted PDI factor over 5 trailing quarters measuring deviation in Cash Flow Return on Net Operating Assets ratio from its expected value","mdl138_qpdi5_cfrnoa","2","GBR","{""id"":""model-mlai-models"",""name"":""ML/AI Models""}","[]","VECTOR","TOP700","0"
"0","{""id"":""model"",""name"":""Model""}","0","{""id"":""model138"",""name"":""Stock Selection from Accounting-based Factors""}","1","2026-07-01","1","Quality-adjusted PDI factor measuring deviation in cash flow return on assets (CFO/Total Assets) over the trailing 5 quarters","mdl138_qpdi5_cfroa","2","GBR","{""id"":""model-mlai-models"",""name"":""ML/AI Models""}","[]","VECTOR","TOP700","0"
"0","{""id"":""model"",""name"":""Model""}","0","{""id"":""model138"",""name"":""Stock Selection from Accounting-based Factors""}","1","2026-07-01","1","Quality-adjusted Performance Deviation Index over 5 trailing quarters, reflecting deviation in Cash Flow Return on Equity from its historical norm","mdl138_qpdi5_cfroe","2","GBR","{""id"":""model-mlai-models"",""name"":""ML/AI Models""}","[]","VECTOR","TOP700","0"
"0","{""id"":""model"",""name"":""Model""}","0","{""id"":""model138"",""name"":""Stock Selection from Accounting-based Factors""}","1","2026-07-01","1","5-quarter quality-adjusted PDI factor measuring deviation in the current ratio (current assets divided by current liabilities) from historical baseline, capturing changes in short-term liquidity quality","mdl138_qpdi5_current_r","2","GBR","{""id"":""model-mlai-models"",""name"":""ML/AI Models""}","[]","VECTOR","TOP700","0"
"0","{""id"":""model"",""name"":""Model""}","0","{""id"":""model138"",""name"":""Stock Selection from Accounting-based Factors""}","1","2026-07-01","1","Quality-adjusted Performance Deviation Index over 5 quarters for the debt-to-total-capital ratio, measuring changes in balance sheet leverage (total debt divided by the sum of debt and equity) relative to historical trends","mdl138_qpdi5_debt_capital","2","GBR","{""id"":""model-mlai-models"",""name"":""ML/AI Models""}","[]","VECTOR","TOP700","0"
"0","{""id"":""model"",""name"":""Model""}","0","{""id"":""model138"",""name"":""Stock Selection from Accounting-based Factors""}","1","2026-07-01","1","5-quarter quality-adjusted PDI factor measuring deviation in total debt to total equity ratio versus historical levels, capturing leverage structure changes","mdl138_qpdi5_debt_equity","2","GBR","{""id"":""model-mlai-models"",""name"":""ML/AI Models""}","[]","VECTOR","TOP700","0"
"0","{""id"":""model"",""name"":""Model""}","0","{""id"":""model138"",""name"":""Stock Selection from Accounting-based Factors""}","1","2026-07-01","1","Quality-adjusted PDI over 5 trailing quarters, measuring deviation in the ratio of total debt to total capital at market value from its historical baseline, reflecting changes in market-based leverage structure","mdl138_qpdi5_debt_mktcapital","2","GBR","{""id"":""model-mlai-models"",""name"":""ML/AI Models""}","[]","VECTOR","TOP700","0"
"0","{""id"":""model"",""name"":""Model""}","0","{""id"":""model138"",""name"":""Stock Selection from Accounting-based Factors""}","1","2026-07-01","1","Deviation in the firm's Gross Margin (Gross Profit divided by Sales), measured over 5 trailing quarters as a quality-adjusted factor to capture persistent shifts in operating profitability","mdl138_qpdi5_gross_margin","2","GBR","{""id"":""model-mlai-models"",""name"":""ML/AI Models""}","[]","VECTOR","TOP700","0"
"0","{""id"":""model"",""name"":""Model""}","0","{""id"":""model138"",""name"":""Stock Selection from Accounting-based Factors""}","1","2026-07-01","1","Deviation (over last 5 quarters) of interest coverage ratio (earnings to interest expense) from its historical norm, quality-adjusted liquidity/solvency metric","mdl138_qpdi5_int_cover","2","GBR","{""id"":""model-mlai-models"",""name"":""ML/AI Models""}","[]","VECTOR","TOP700","0"
"0","{""id"":""model"",""name"":""Model""}","0","{""id"":""model138"",""name"":""Stock Selection from Accounting-based Factors""}","1","2026-07-01","1","5-quarter quality-adjusted PDI factor capturing deviation in inventory turnover ratio from its historical norm, indicating changes in operational efficiency regarding inventory management","mdl138_qpdi5_invent_to","2","GBR","{""id"":""model-mlai-models"",""name"":""ML/AI Models""}","[]","VECTOR","TOP700","0"
"0","{""id"":""model"",""name"":""Model""}","0","{""id"":""model138"",""name"":""Stock Selection from Accounting-based Factors""}","1","2026-07-01","1","5-quarter quality-adjusted PDI factor capturing deviation in the ratio of long-term debt to total capital (often debt plus equity), from its baseline, reflecting leverage structure shifts","mdl138_qpdi5_lt_dt_capital","2","GBR","{""id"":""model-mlai-models"",""name"":""ML/AI Models""}","[]","VECTOR","TOP700","0"
"0","{""id"":""model"",""name"":""Model""}","0","{""id"":""model138"",""name"":""Stock Selection from Accounting-based Factors""}","1","2026-07-01","1","5-quarter quality-adjusted PDI factor capturing deviation in the ratio of long-term debt to common equity from its historical baseline, measuring changes in leverage structure","mdl138_qpdi5_lt_dt_equity","2","GBR","{""id"":""model-mlai-models"",""name"":""ML/AI Models""}","[]","VECTOR","TOP700","0"
"0","{""id"":""model"",""name"":""Model""}","0","{""id"":""model138"",""name"":""Stock Selection from Accounting-based Factors""}","1","2026-07-01","1","Quality-adjusted PDI factor over 5 trailing quarters measuring deviation of the firm's net income margin (net income divided by sales) from its historical norm","mdl138_qpdi5_net_margin","2","GBR","{""id"":""model-mlai-models"",""name"":""ML/AI Models""}","[]","VECTOR","TOP700","0"
"0","{""id"":""model"",""name"":""Model""}","0","{""id"":""model138"",""name"":""Stock Selection from Accounting-based Factors""}","1","2026-07-01","1","Quality-adjusted PDI factor over 5 trailing quarters, measuring deviation in Operating Profit Margin (EBIT Margin) from its normal historical value, capturing shifts in core profitability margin","mdl138_qpdi5_op_margin","2","GBR","{""id"":""model-mlai-models"",""name"":""ML/AI Models""}","[]","VECTOR","TOP700","0"
"0","{""id"":""model"",""name"":""Model""}","0","{""id"":""model138"",""name"":""Stock Selection from Accounting-based Factors""}","1","2026-07-01","1","The QPDI factor over 5 trailing quarters, measuring deviation of Accounts Payable Turnover (typically Cost of Goods Sold divided by Accounts Payable) from its historical norm, reflecting changes in supplier payment efficiency","mdl138_qpdi5_payable_to","2","GBR","{""id"":""model-mlai-models"",""name"":""ML/AI Models""}","[]","VECTOR","TOP700","0"
"0","{""id"":""model"",""name"":""Model""}","0","{""id"":""model138"",""name"":""Stock Selection from Accounting-based Factors""}","1","2026-07-01","1","Deviation over the past 5 quarters of the firm's quick ratio (liquid assets divided by current liabilities, a liquidity measure) from its historical average, measuring changes in short-term liquidity quality","mdl138_qpdi5_quick_r","2","GBR","{""id"":""model-mlai-models"",""name"":""ML/AI Models""}","[]","VECTOR","TOP700","0"
"0","{""id"":""model"",""name"":""Model""}","0","{""id"":""model138"",""name"":""Stock Selection from Accounting-based Factors""}","1","2026-07-01","1","Deviation over the past 5 quarters in accounts receivable turnover (sales divided by accounts receivable), reflecting efficiency in collecting receivables","mdl138_qpdi5_receiva_to","2","GBR","{""id"":""model-mlai-models"",""name"":""ML/AI Models""}","[]","VECTOR","TOP700","0"
"0","{""id"":""model"",""name"":""Model""}","0","{""id"":""model138"",""name"":""Stock Selection from Accounting-based Factors""}","1","2026-07-01","1","Quality-adjusted PDI over 5 quarters measuring the deviation in return on net operating assets ratio (CFO or NI divided by net operating assets) from its historical norm","mdl138_qpdi5_rnoa","2","GBR","{""id"":""model-mlai-models"",""name"":""ML/AI Models""}","[]","VECTOR","TOP700","0"
"0","{""id"":""model"",""name"":""Model""}","0","{""id"":""model138"",""name"":""Stock Selection from Accounting-based Factors""}","1","2026-07-01","1","5-quarter quality-adjusted PDI factor measuring deviation in return on equity (ROE) from its historical average, reflecting change in profitability relative to shareholder equity","mdl138_qpdi5_roe","2","GBR","{""id"":""model-mlai-models"",""name"":""ML/AI Models""}","[]","VECTOR","TOP700","0"
"0","{""id"":""model"",""name"":""Model""}","0","{""id"":""model138"",""name"":""Stock Selection from Accounting-based Factors""}","1","2026-07-01","1","5-quarter quality-adjusted PDI factor capturing deviation in return on invested capital (ROIC) from historical baseline, measuring changes in efficiency/profitability of capital employed","mdl138_qpdi5_roic","2","GBR","{""id"":""model-mlai-models"",""name"":""ML/AI Models""}","[]","VECTOR","TOP700","0"
"0","{""id"":""model"",""name"":""Model""}","0","{""id"":""model138"",""name"":""Stock Selection from Accounting-based Factors""}","1","2026-07-01","1","Quality-adjusted PDI over 5 trailing quarters, measuring deviation in the ratio of sales (revenue) per employee from its historical baseline, indicating changes in operational efficiency","mdl138_qpdi5_sale_empl","2","GBR","{""id"":""model-mlai-models"",""name"":""ML/AI Models""}","[]","VECTOR","TOP700","0"
"0","{""id"":""model"",""name"":""Model""}","0","{""id"":""model138"",""name"":""Stock Selection from Accounting-based Factors""}","1","2026-07-01","1","Performance Deviation Index over 3 trailing quarters based on inventory levels, indicating by how much the firm's inventory amount diverges from its recent history, scaled by size","mdl138_tvni_3idp","2","GBR","{""id"":""model-mlai-models"",""name"":""ML/AI Models""}","[]","VECTOR","TOP700","0"
"0","{""id"":""model"",""name"":""Model""}","0","{""id"":""model138"",""name"":""Stock Selection from Accounting-based Factors""}","1","2026-07-01","1","Performance Deviation Index over 4 quarters for inventory, measuring how much inventory levels have deviated from their typical recent values, scaled for comparability across firms","mdl138_tvni_4idp","2","GBR","{""id"":""model-mlai-models"",""name"":""ML/AI Models""}","[]","VECTOR","TOP700","0"
"0","{""id"":""model"",""name"":""Model""}","0","{""id"":""model138"",""name"":""Stock Selection from Accounting-based Factors""}","1","2026-07-01","1","PDI factor quantifying the absolute deviation in inventories from the firm’s historical norm over the trailing 5 quarters, scaled by total assets or similar","mdl138_tvni_5idp","2","GBR","{""id"":""model-mlai-models"",""name"":""ML/AI Models""}","[]","VECTOR","TOP700","0"
"0","{""id"":""model"",""name"":""Model""}","0","{""id"":""model138"",""name"":""Stock Selection from Accounting-based Factors""}","1","2026-07-01","1","Performance Deviation Index over 3 trailing quarters, measuring the deviation of accounts receivable from its historical value, indicating unusual changes in money owed by customers, scaled for firm size","mdl138_vcer_3idp","2","GBR","{""id"":""model-mlai-models"",""name"":""ML/AI Models""}","[]","VECTOR","TOP700","0"
"0","{""id"":""model"",""name"":""Model""}","0","{""id"":""model138"",""name"":""Stock Selection from Accounting-based Factors""}","1","2026-07-01","1","The PDI factor over 4 trailing quarters, measuring the deviation in the firm's Accounts Receivable from its historical norm, scaled by company size, indicating changes in receivables management or sales practices","mdl138_vcer_4idp","2","GBR","{""id"":""model-mlai-models"",""name"":""ML/AI Models""}","[]","VECTOR","TOP700","0"
"0","{""id"":""model"",""name"":""Model""}","0","{""id"":""model138"",""name"":""Stock Selection from Accounting-based Factors""}","1","2026-07-01","1","Raw Performance Deviation Index over 5 trailing quarters, quantifying the deviation in accounts receivable levels from their historical norm, size-scaled","mdl138_vcer_5idp","2","GBR","{""id"":""model-mlai-models"",""name"":""ML/AI Models""}","[]","VECTOR","TOP700","0"
"0","{""id"":""model"",""name"":""Model""}","0","{""id"":""model138"",""name"":""Stock Selection from Accounting-based Factors""}","1","2026-07-01","1","Performance Deviation Index over 3 quarters assessing how much the firm's cash dividends deviate from their recent historical levels, scaled by firm size, capturing absolute changes in dividend payments","mdl138_vd_3idp","2","GBR","{""id"":""model-mlai-models"",""name"":""ML/AI Models""}","[]","VECTOR","TOP700","0"
"0","{""id"":""model"",""name"":""Model""}","0","{""id"":""model138"",""name"":""Stock Selection from Accounting-based Factors""}","1","2026-07-01","1","Performance Deviation Index over 4 trailing quarters measuring deviation in Cash Dividends from its historical average, scaled appropriately for comparability","mdl138_vd_4idp","2","GBR","{""id"":""model-mlai-models"",""name"":""ML/AI Models""}","[]","VECTOR","TOP700","0"
"0","{""id"":""model"",""name"":""Model""}","0","{""id"":""model138"",""name"":""Stock Selection from Accounting-based Factors""}","1","2026-07-01","1","Raw PDI factor over 5 trailing quarters measuring deviation in cash dividends paid from the historical pattern or expected value","mdl138_vd_5idp","2","GBR","{""id"":""model-mlai-models"",""name"":""ML/AI Models""}","[]","VECTOR","TOP700","0"
"0","{""id"":""model"",""name"":""Model""}","0","{""id"":""model138"",""name"":""Stock Selection from Accounting-based Factors""}","1","2026-07-01","1","A signal that quantifies the deviation of a company's capital stock from its own 4-period historical trend. This is a unitless float value.","model_capital_deviation_4","2","GBR","{""id"":""model-mlai-models"",""name"":""ML/AI Models""}","[]","VECTOR","TOP700","0"
"0","{""id"":""model"",""name"":""Model""}","0","{""id"":""model138"",""name"":""Stock Selection from Accounting-based Factors""}","1","2026-07-01","1","A signal that quantifies the deviation of a company's cash and equivalents level from its own 3-period historical trend. This is a unitless float value.","model_cash_level_deviation_3","2","GBR","{""id"":""model-mlai-models"",""name"":""ML/AI Models""}","[]","VECTOR","TOP700","0"
"0","{""id"":""model"",""name"":""Model""}","0","{""id"":""model138"",""name"":""Stock Selection from Accounting-based Factors""}","1","2026-07-01","1","Performance deviation of cash flow from operations (CFO) over a 4-period lookback. Float.","model_cfo_performance_deviation_4","2","GBR","{""id"":""model-mlai-models"",""name"":""ML/AI Models""}","[]","VECTOR","TOP700","0"
"0","{""id"":""model"",""name"":""Model""}","0","{""id"":""model138"",""name"":""Stock Selection from Accounting-based Factors""}","1","2026-07-01","1","A measure of how a company's current ratio deviates from its own history over a 4-period trailing window. This is a float value from the QPDI family.","model_current_ratio_qpdi4","2","GBR","{""id"":""model-mlai-models"",""name"":""ML/AI Models""}","[]","VECTOR","TOP700","0"
"0","{""id"":""model"",""name"":""Model""}","0","{""id"":""model138"",""name"":""Stock Selection from Accounting-based Factors""}","1","2026-07-01","1","A signal that quantifies the deviation of a company's debt to capital ratio from its own 4-period historical trend. This is a unitless float value.","model_debt_to_capital_qpdi4","2","GBR","{""id"":""model-mlai-models"",""name"":""ML/AI Models""}","[]","VECTOR","TOP700","0"
"0","{""id"":""model"",""name"":""Model""}","0","{""id"":""model138"",""name"":""Stock Selection from Accounting-based Factors""}","1","2026-07-01","1","Performance deviation of EBITDA over a 4-period lookback. Float.","model_ebitda_pdi4_deviation","2","GBR","{""id"":""model-mlai-models"",""name"":""ML/AI Models""}","[]","VECTOR","TOP700","0"
"0","{""id"":""model"",""name"":""Model""}","0","{""id"":""model138"",""name"":""Stock Selection from Accounting-based Factors""}","1","2026-07-01","1","Performance deviation of EBITDA over a 5-period lookback. Float.","model_ebitda_pdi5_deviation","2","GBR","{""id"":""model-mlai-models"",""name"":""ML/AI Models""}","[]","VECTOR","TOP700","0"
"0","{""id"":""model"",""name"":""Model""}","0","{""id"":""model138"",""name"":""Stock Selection from Accounting-based Factors""}","1","2026-07-01","1","A signal that quantifies the deviation of a company's gross margin from its own 5-period historical trend, as part of the Quality PDI (QPDI) family. This is a unitless float value.","model_gross_margin_deviation_5q","2","GBR","{""id"":""model-mlai-models"",""name"":""ML/AI Models""}","[]","VECTOR","TOP700","0"
"0","{""id"":""model"",""name"":""Model""}","0","{""id"":""model138"",""name"":""Stock Selection from Accounting-based Factors""}","1","2026-07-01","1","A signal that quantifies the deviation of a company's gross profit from its own historical trend, available for 3, 4, and 5-period lookback windows. The specific lookback period must be selected.","model_gross_profit_deviation","2","GBR","{""id"":""model-mlai-models"",""name"":""ML/AI Models""}","[]","VECTOR","TOP700","0"
"0","{""id"":""model"",""name"":""Model""}","0","{""id"":""model138"",""name"":""Stock Selection from Accounting-based Factors""}","1","2026-07-01","1","A measure of how a company's gross profit deviates from its own history over a 4-period trailing window. This is a float value from the PDI family.","model_gross_profit_pdi4","2","GBR","{""id"":""model-mlai-models"",""name"":""ML/AI Models""}","[]","VECTOR","TOP700","0"
"0","{""id"":""model"",""name"":""Model""}","0","{""id"":""model138"",""name"":""Stock Selection from Accounting-based Factors""}","1","2026-07-01","1","A signal that quantifies the deviation of a company's gross profit from its own 5-period historical trend. This is a unitless float value.","model_gross_profit_pdi5","2","GBR","{""id"":""model-mlai-models"",""name"":""ML/AI Models""}","[]","VECTOR","TOP700","0"
"0","{""id"":""model"",""name"":""Model""}","0","{""id"":""model138"",""name"":""Stock Selection from Accounting-based Factors""}","1","2026-07-01","1","A signal that quantifies the deviation of a company's interest coverage ratio from its own 5-period historical trend. This is a unitless float value.","model_interest_coverage_deviation_5","2","GBR","{""id"":""model-mlai-models"",""name"":""ML/AI Models""}","[]","VECTOR","TOP700","0"
"0","{""id"":""model"",""name"":""Model""}","0","{""id"":""model138"",""name"":""Stock Selection from Accounting-based Factors""}","1","2026-07-01","1","Quality performance deviation of inventory turnover over a 3-period lookback. Float.","model_inventory_turnover_deviation_3","2","GBR","{""id"":""model-mlai-models"",""name"":""ML/AI Models""}","[]","VECTOR","TOP700","0"
"0","{""id"":""model"",""name"":""Model""}","0","{""id"":""model138"",""name"":""Stock Selection from Accounting-based Factors""}","1","2026-07-01","1","A signal that quantifies the deviation of a company's inventory turnover ratio from its own 4-period historical trend. This is a unitless float value.","model_inventory_turnover_qpdi4","2","GBR","{""id"":""model-mlai-models"",""name"":""ML/AI Models""}","[]","VECTOR","TOP700","0"
"0","{""id"":""model"",""name"":""Model""}","0","{""id"":""model138"",""name"":""Stock Selection from Accounting-based Factors""}","1","2026-07-01","1","A signal that quantifies the deviation of a company's inventory turnover ratio from its own 5-period historical trend. This is a unitless float value.","model_inventory_turnover_quality_deviation_5","2","GBR","{""id"":""model-mlai-models"",""name"":""ML/AI Models""}","[]","VECTOR","TOP700","0"
"0","{""id"":""model"",""name"":""Model""}","0","{""id"":""model138"",""name"":""Stock Selection from Accounting-based Factors""}","1","2026-07-01","1","Performance deviation of long-term debt over a 5-period lookback. Float.","model_long_term_debt_deviation_5","2","GBR","{""id"":""model-mlai-models"",""name"":""ML/AI Models""}","[]","VECTOR","TOP700","0"
"0","{""id"":""model"",""name"":""Model""}","0","{""id"":""model138"",""name"":""Stock Selection from Accounting-based Factors""}","1","2026-07-01","1","A measure of how a company's long-term debt deviates from its own history over a 3-period trailing window. This is a float value from the PDI family.","model_long_term_debt_deviation_pdi3","2","GBR","{""id"":""model-mlai-models"",""name"":""ML/AI Models""}","[]","VECTOR","TOP700","0"
"0","{""id"":""model"",""name"":""Model""}","0","{""id"":""model138"",""name"":""Stock Selection from Accounting-based Factors""}","1","2026-07-01","1","A signal that quantifies the deviation of a company's long-term debt to capital ratio from its own 3-period historical trend. This is a unitless float value.","model_long_term_debt_to_capital_deviation_3","2","GBR","{""id"":""model-mlai-models"",""name"":""ML/AI Models""}","[]","VECTOR","TOP700","0"
"0","{""id"":""model"",""name"":""Model""}","0","{""id"":""model138"",""name"":""Stock Selection from Accounting-based Factors""}","1","2026-07-01","1","A signal that quantifies the deviation of a company's long-term debt to equity ratio from its own 5-period historical trend. This is a unitless float value.","model_long_term_debt_to_equity_deviation_5","2","GBR","{""id"":""model-mlai-models"",""name"":""ML/AI Models""}","[]","VECTOR","TOP700","0"
"0","{""id"":""model"",""name"":""Model""}","0","{""id"":""model138"",""name"":""Stock Selection from Accounting-based Factors""}","1","2026-07-01","1","Quality performance deviation of operating margin over a 3-period lookback. Float.","model_operating_margin_deviation_3","2","GBR","{""id"":""model-mlai-models"",""name"":""ML/AI Models""}","[]","VECTOR","TOP700","0"
"0","{""id"":""model"",""name"":""Model""}","0","{""id"":""model138"",""name"":""Stock Selection from Accounting-based Factors""}","1","2026-07-01","1","A signal that quantifies the deviation of a company's accounts payable from its own 5-period historical trend. This is a unitless float value.","model_payables_deviation_5","2","GBR","{""id"":""model-mlai-models"",""name"":""ML/AI Models""}","[]","VECTOR","TOP700","0"
"0","{""id"":""model"",""name"":""Model""}","0","{""id"":""model138"",""name"":""Stock Selection from Accounting-based Factors""}","1","2026-07-01","1","Quality performance deviation of payables turnover over a 3-period lookback. Float.","model_payables_turnover_qpdi3","2","GBR","{""id"":""model-mlai-models"",""name"":""ML/AI Models""}","[]","VECTOR","TOP700","0"
"0","{""id"":""model"",""name"":""Model""}","0","{""id"":""model138"",""name"":""Stock Selection from Accounting-based Factors""}","1","2026-07-01","1","Performance deviation of dividends over a 3-period lookback. Float.","model_pdi3_dividend_deviation","2","GBR","{""id"":""model-mlai-models"",""name"":""ML/AI Models""}","[]","VECTOR","TOP700","0"
"0","{""id"":""model"",""name"":""Model""}","0","{""id"":""model138"",""name"":""Stock Selection from Accounting-based Factors""}","1","2026-07-01","1","Performance deviation of inventory over a 3-period lookback. Float.","model_pdi3_inventory_deviation","2","GBR","{""id"":""model-mlai-models"",""name"":""ML/AI Models""}","[]","VECTOR","TOP700","0"
"0","{""id"":""model"",""name"":""Model""}","0","{""id"":""model138"",""name"":""Stock Selection from Accounting-based Factors""}","1","2026-07-01","1","A signal that quantifies the deviation of a company's net income from its own 3-period historical trend. This is a unitless float value.","model_pdi3_net_income_deviation","2","GBR","{""id"":""model-mlai-models"",""name"":""ML/AI Models""}","[]","VECTOR","TOP700","0"
"0","{""id"":""model"",""name"":""Model""}","0","{""id"":""model138"",""name"":""Stock Selection from Accounting-based Factors""}","1","2026-07-01","1","A signal that quantifies the deviation of a company's accounts payable from its own 3-period historical trend. This is a unitless float value.","model_pdi3_payables_deviation","2","GBR","{""id"":""model-mlai-models"",""name"":""ML/AI Models""}","[]","VECTOR","TOP700","0"
"0","{""id"":""model"",""name"":""Model""}","0","{""id"":""model138"",""name"":""Stock Selection from Accounting-based Factors""}","1","2026-07-01","1","A signal that quantifies the deviation of a company's property, plant, and equipment from its own 3-period historical trend. This is a unitless float value.","model_pdi3_ppe","2","GBR","{""id"":""model-mlai-models"",""name"":""ML/AI Models""}","[]","VECTOR","TOP700","0"
"0","{""id"":""model"",""name"":""Model""}","0","{""id"":""model138"",""name"":""Stock Selection from Accounting-based Factors""}","1","2026-07-01","1","Performance deviation of long-term debt over a 4-period lookback. Float.","model_pdi4_long_term_debt","2","GBR","{""id"":""model-mlai-models"",""name"":""ML/AI Models""}","[]","VECTOR","TOP700","0"
"0","{""id"":""model"",""name"":""Model""}","0","{""id"":""model138"",""name"":""Stock Selection from Accounting-based Factors""}","1","2026-07-01","1","A signal that quantifies the deviation of a company's net income from its own 4-period historical trend. This is a unitless float value.","model_pdi4_net_income_deviation","2","GBR","{""id"":""model-mlai-models"",""name"":""ML/AI Models""}","[]","VECTOR","TOP700","0"
"0","{""id"":""model"",""name"":""Model""}","0","{""id"":""model138"",""name"":""Stock Selection from Accounting-based Factors""}","1","2026-07-01","1","A measure of how a company's accounts payable deviates from its own history over a 4-period trailing window. This is a float value from the PDI family.","model_pdi4_payables_deviation","2","GBR","{""id"":""model-mlai-models"",""name"":""ML/AI Models""}","[]","VECTOR","TOP700","0"
"0","{""id"":""model"",""name"":""Model""}","0","{""id"":""model138"",""name"":""Stock Selection from Accounting-based Factors""}","1","2026-07-01","1","Performance deviation of property, plant, and equipment (PPE) over a 4-period lookback. Float.","model_pdi4_ppe_deviation","2","GBR","{""id"":""model-mlai-models"",""name"":""ML/AI Models""}","[]","VECTOR","TOP700","0"
"0","{""id"":""model"",""name"":""Model""}","0","{""id"":""model138"",""name"":""Stock Selection from Accounting-based Factors""}","1","2026-07-01","1","A measure of how a company's accounts receivable deviates from its own history over a 4-period trailing window. This is a float value from the PDI family.","model_pdi4_receivables_deviation","2","GBR","{""id"":""model-mlai-models"",""name"":""ML/AI Models""}","[]","VECTOR","TOP700","0"
"0","{""id"":""model"",""name"":""Model""}","0","{""id"":""model138"",""name"":""Stock Selection from Accounting-based Factors""}","1","2026-07-01","1","A signal that quantifies the deviation of a company's sales from its own 4-period historical trend. This is a unitless float value.","model_pdi4_sales_deviation","2","GBR","{""id"":""model-mlai-models"",""name"":""ML/AI Models""}","[]","VECTOR","TOP700","0"
"0","{""id"":""model"",""name"":""Model""}","0","{""id"":""model138"",""name"":""Stock Selection from Accounting-based Factors""}","1","2026-07-01","1","Performance deviation of cash over a 5-period lookback. Float.","model_pdi5_cash_deviation","2","GBR","{""id"":""model-mlai-models"",""name"":""ML/AI Models""}","[]","VECTOR","TOP700","0"
"0","{""id"":""model"",""name"":""Model""}","0","{""id"":""model138"",""name"":""Stock Selection from Accounting-based Factors""}","1","2026-07-01","1","A measure of how a company's cash flow from operations deviates from its own history over a 5-period trailing window. This is a float value from the PDI family.","model_pdi5_cfo","2","GBR","{""id"":""model-mlai-models"",""name"":""ML/AI Models""}","[]","VECTOR","TOP700","0"
"0","{""id"":""model"",""name"":""Model""}","0","{""id"":""model138"",""name"":""Stock Selection from Accounting-based Factors""}","1","2026-07-01","1","Performance deviation of inventory over a 5-period lookback. Float.","model_pdi5_inventory_deviation","2","GBR","{""id"":""model-mlai-models"",""name"":""ML/AI Models""}","[]","VECTOR","TOP700","0"
"0","{""id"":""model"",""name"":""Model""}","0","{""id"":""model138"",""name"":""Stock Selection from Accounting-based Factors""}","1","2026-07-01","1","A measure of how a company's net income deviates from its own history over a 5-period trailing window. This is a float value from the PDI family.","model_pdi5_net_income_deviation","2","GBR","{""id"":""model-mlai-models"",""name"":""ML/AI Models""}","[]","VECTOR","TOP700","0"
"0","{""id"":""model"",""name"":""Model""}","0","{""id"":""model138"",""name"":""Stock Selection from Accounting-based Factors""}","1","2026-07-01","1","Performance deviation of property, plant, and equipment (PPE) over a 5-period lookback. Float.","model_pdi5_ppe_deviation","2","GBR","{""id"":""model-mlai-models"",""name"":""ML/AI Models""}","[]","VECTOR","TOP700","0"
"0","{""id"":""model"",""name"":""Model""}","0","{""id"":""model138"",""name"":""Stock Selection from Accounting-based Factors""}","1","2026-07-01","1","A signal that quantifies the deviation of a company's receivables from its own 5-period historical trend. This is a unitless float value.","model_pdi5_receivables","2","GBR","{""id"":""model-mlai-models"",""name"":""ML/AI Models""}","[]","VECTOR","TOP700","0"
"0","{""id"":""model"",""name"":""Model""}","0","{""id"":""model138"",""name"":""Stock Selection from Accounting-based Factors""}","1","2026-07-01","1","The vendor's composite Performance Deviation Index (CPDI), aggregating deviations of multiple fundamental level items over a 4-period lookback window. This is a unitless float value.","model_performance_deviation_index_4","2","GBR","{""id"":""model-mlai-models"",""name"":""ML/AI Models""}","[]","VECTOR","TOP700","0"
"0","{""id"":""model"",""name"":""Model""}","0","{""id"":""model138"",""name"":""Stock Selection from Accounting-based Factors""}","1","2026-07-01","1","Quality performance deviation of cash flow return on net operating assets (CFRNOA) over a 3-period lookback. Float.","model_qpdi3_cash_flow_return_on_net_operating_assets","2","GBR","{""id"":""model-mlai-models"",""name"":""ML/AI Models""}","[]","VECTOR","TOP700","0"
"0","{""id"":""model"",""name"":""Model""}","0","{""id"":""model138"",""name"":""Stock Selection from Accounting-based Factors""}","1","2026-07-01","1","A signal that quantifies the deviation of a company's debt to equity ratio from its own 3-period historical trend. This is a unitless float value.","model_qpdi3_debt_to_equity_deviation","2","GBR","{""id"":""model-mlai-models"",""name"":""ML/AI Models""}","[]","VECTOR","TOP700","0"
"0","{""id"":""model"",""name"":""Model""}","0","{""id"":""model138"",""name"":""Stock Selection from Accounting-based Factors""}","1","2026-07-01","1","A signal that quantifies the deviation of a company's gross margin from its own 3-period historical trend. This is a unitless float value.","model_qpdi3_gross_margin_deviation","2","GBR","{""id"":""model-mlai-models"",""name"":""ML/AI Models""}","[]","VECTOR","TOP700","0"
"0","{""id"":""model"",""name"":""Model""}","0","{""id"":""model138"",""name"":""Stock Selection from Accounting-based Factors""}","1","2026-07-01","1","A measure of how a company's interest coverage ratio deviates from its own history over a 3-period trailing window. This is a float value from the QPDI family.","model_qpdi3_interest_coverage_deviation","2","GBR","{""id"":""model-mlai-models"",""name"":""ML/AI Models""}","[]","VECTOR","TOP700","0"
"0","{""id"":""model"",""name"":""Model""}","0","{""id"":""model138"",""name"":""Stock Selection from Accounting-based Factors""}","1","2026-07-01","1","A signal that quantifies the deviation of a company's long-term debt to equity ratio from its own 3-period historical trend. This is a unitless float value.","model_qpdi3_long_term_debt_to_equity_deviation","2","GBR","{""id"":""model-mlai-models"",""name"":""ML/AI Models""}","[]","VECTOR","TOP700","0"
"0","{""id"":""model"",""name"":""Model""}","0","{""id"":""model138"",""name"":""Stock Selection from Accounting-based Factors""}","1","2026-07-01","1","A signal that quantifies the deviation of a company's debt to market capitalization ratio from its own 4-period historical trend. This is a unitless float value.","model_qpdi4_debt_to_market_cap","2","GBR","{""id"":""model-mlai-models"",""name"":""ML/AI Models""}","[]","VECTOR","TOP700","0"
"0","{""id"":""model"",""name"":""Model""}","0","{""id"":""model138"",""name"":""Stock Selection from Accounting-based Factors""}","1","2026-07-01","1","A signal that quantifies the deviation of a company's gross margin from its own 4-period historical trend. This is a unitless float value.","model_qpdi4_gross_margin","2","GBR","{""id"":""model-mlai-models"",""name"":""ML/AI Models""}","[]","VECTOR","TOP700","0"
"0","{""id"":""model"",""name"":""Model""}","0","{""id"":""model138"",""name"":""Stock Selection from Accounting-based Factors""}","1","2026-07-01","1","Quality performance deviation of interest coverage over a 4-period lookback. Float.","model_qpdi4_interest_coverage_deviation","2","GBR","{""id"":""model-mlai-models"",""name"":""ML/AI Models""}","[]","VECTOR","TOP700","0"
"0","{""id"":""model"",""name"":""Model""}","0","{""id"":""model138"",""name"":""Stock Selection from Accounting-based Factors""}","1","2026-07-01","1","A signal that quantifies the deviation of a company's operating margin from its own 4-period historical trend. This is a unitless float value.","model_qpdi4_operating_margin_deviation","2","GBR","{""id"":""model-mlai-models"",""name"":""ML/AI Models""}","[]","VECTOR","TOP700","0"
"0","{""id"":""model"",""name"":""Model""}","0","{""id"":""model138"",""name"":""Stock Selection from Accounting-based Factors""}","1","2026-07-01","1","A signal that quantifies the deviation of a company's cash flow return on equity (CFROE) from its own 5-period historical trend. This is a unitless float value.","model_qpdi5_cash_flow_return_on_equity_deviation","2","GBR","{""id"":""model-mlai-models"",""name"":""ML/AI Models""}","[]","VECTOR","TOP700","0"
"0","{""id"":""model"",""name"":""Model""}","0","{""id"":""model138"",""name"":""Stock Selection from Accounting-based Factors""}","1","2026-07-01","1","A measure of how a company's debt-to-capital ratio deviates from its own history over a 5-period trailing window. This is a float value from the QPDI family.","model_qpdi5_debt_to_capital_deviation","2","GBR","{""id"":""model-mlai-models"",""name"":""ML/AI Models""}","[]","VECTOR","TOP700","0"
"0","{""id"":""model"",""name"":""Model""}","0","{""id"":""model138"",""name"":""Stock Selection from Accounting-based Factors""}","1","2026-07-01","1","A measure of how a company's debt-to-equity ratio deviates from its own history over a 5-period trailing window. This is a float value from the QPDI family.","model_qpdi5_debt_to_equity","2","GBR","{""id"":""model-mlai-models"",""name"":""ML/AI Models""}","[]","VECTOR","TOP700","0"
"0","{""id"":""model"",""name"":""Model""}","0","{""id"":""model138"",""name"":""Stock Selection from Accounting-based Factors""}","1","2026-07-01","1","Quality performance deviation of net margin over a 5-period lookback. Float.","model_qpdi5_net_margin","2","GBR","{""id"":""model-mlai-models"",""name"":""ML/AI Models""}","[]","VECTOR","TOP700","0"
"0","{""id"":""model"",""name"":""Model""}","0","{""id"":""model138"",""name"":""Stock Selection from Accounting-based Factors""}","1","2026-07-01","1","Quality performance deviation of operating margin over a 5-period lookback. Float.","model_qpdi5_operating_margin","2","GBR","{""id"":""model-mlai-models"",""name"":""ML/AI Models""}","[]","VECTOR","TOP700","0"
"0","{""id"":""model"",""name"":""Model""}","0","{""id"":""model138"",""name"":""Stock Selection from Accounting-based Factors""}","1","2026-07-01","1","A signal that quantifies the deviation of a company's payables turnover from its own 5-period historical trend. This is a unitless float value.","model_qpdi5_payable_turnover_deviation","2","GBR","{""id"":""model-mlai-models"",""name"":""ML/AI Models""}","[]","VECTOR","TOP700","0"
"0","{""id"":""model"",""name"":""Model""}","0","{""id"":""model138"",""name"":""Stock Selection from Accounting-based Factors""}","1","2026-07-01","1","A signal that quantifies the deviation of a company's debt to capital ratio from its own 3-period historical trend. This is a unitless float value.","model_qpdi_debt_to_capital_3","2","GBR","{""id"":""model-mlai-models"",""name"":""ML/AI Models""}","[]","VECTOR","TOP700","0"
"0","{""id"":""model"",""name"":""Model""}","0","{""id"":""model138"",""name"":""Stock Selection from Accounting-based Factors""}","1","2026-07-01","1","A measure of how a company's ratio of cash flow from operations to current liabilities deviates from its own history over a 4-period trailing window. This is a float value from the QPDI family.","model_quality_deviation_4_cfo_to_current_liabilities","2","GBR","{""id"":""model-mlai-models"",""name"":""ML/AI Models""}","[]","VECTOR","TOP700","0"
"0","{""id"":""model"",""name"":""Model""}","0","{""id"":""model138"",""name"":""Stock Selection from Accounting-based Factors""}","1","2026-07-01","1","Quality performance deviation of return on equity (ROE) over a 4-period lookback. Float.","model_quality_deviation_roe_4","2","GBR","{""id"":""model-mlai-models"",""name"":""ML/AI Models""}","[]","VECTOR","TOP700","0"
"0","{""id"":""model"",""name"":""Model""}","0","{""id"":""model138"",""name"":""Stock Selection from Accounting-based Factors""}","1","2026-07-01","1","A signal that quantifies the deviation of a company's quick ratio from its own 3-period historical trend. This is a unitless float value.","model_quick_ratio_deviation_3","2","GBR","{""id"":""model-mlai-models"",""name"":""ML/AI Models""}","[]","VECTOR","TOP700","0"
"0","{""id"":""model"",""name"":""Model""}","0","{""id"":""model138"",""name"":""Stock Selection from Accounting-based Factors""}","1","2026-07-01","1","A measure of how a company's quick ratio deviates from its own history over a 4-period trailing window. This is a float value from the QPDI family.","model_quick_ratio_deviation_4","2","GBR","{""id"":""model-mlai-models"",""name"":""ML/AI Models""}","[]","VECTOR","TOP700","0"
"0","{""id"":""model"",""name"":""Model""}","0","{""id"":""model138"",""name"":""Stock Selection from Accounting-based Factors""}","1","2026-07-01","1","A signal that quantifies the deviation of a company's quick ratio from its own 5-period historical trend. This is a unitless float value.","model_quick_ratio_deviation_5","2","GBR","{""id"":""model-mlai-models"",""name"":""ML/AI Models""}","[]","VECTOR","TOP700","0"
"0","{""id"":""model"",""name"":""Model""}","0","{""id"":""model138"",""name"":""Stock Selection from Accounting-based Factors""}","1","2026-07-01","1","A measure of how a company's accounts receivable deviates from its own history over a 3-period trailing window. This is a float value from the PDI family.","model_receivables_pdi3_deviation","2","GBR","{""id"":""model-mlai-models"",""name"":""ML/AI Models""}","[]","VECTOR","TOP700","0"
"0","{""id"":""model"",""name"":""Model""}","0","{""id"":""model138"",""name"":""Stock Selection from Accounting-based Factors""}","1","2026-07-01","1","A measure of how a company's receivables turnover ratio deviates from its own history over a 3-period trailing window. This is a float value from the QPDI family.","model_receivables_turnover_deviation_3","2","GBR","{""id"":""model-mlai-models"",""name"":""ML/AI Models""}","[]","VECTOR","TOP700","0"
"0","{""id"":""model"",""name"":""Model""}","0","{""id"":""model138"",""name"":""Stock Selection from Accounting-based Factors""}","1","2026-07-01","1","Performance deviation of retained earnings over a 5-period lookback. Float.","model_retained_earnings_deviation_5","2","GBR","{""id"":""model-mlai-models"",""name"":""ML/AI Models""}","[]","VECTOR","TOP700","0"
"0","{""id"":""model"",""name"":""Model""}","0","{""id"":""model138"",""name"":""Stock Selection from Accounting-based Factors""}","1","2026-07-01","1","A signal that quantifies the deviation of a company's retained earnings from its own 3-period historical trend. This is a unitless float value.","model_retained_earnings_pdi3","2","GBR","{""id"":""model-mlai-models"",""name"":""ML/AI Models""}","[]","VECTOR","TOP700","0"
"0","{""id"":""model"",""name"":""Model""}","0","{""id"":""model138"",""name"":""Stock Selection from Accounting-based Factors""}","1","2026-07-01","1","Performance deviation of retained earnings over a 4-period lookback. Float.","model_retained_earnings_pdi_four","2","GBR","{""id"":""model-mlai-models"",""name"":""ML/AI Models""}","[]","VECTOR","TOP700","0"
"0","{""id"":""model"",""name"":""Model""}","0","{""id"":""model138"",""name"":""Stock Selection from Accounting-based Factors""}","1","2026-07-01","1","A signal that quantifies the deviation of a company's Return on Net Operating Assets (RNOA) from its own 5-period historical trend. This is a unitless float value.","model_rnoa_deviation_5","2","GBR","{""id"":""model-mlai-models"",""name"":""ML/AI Models""}","[]","VECTOR","TOP700","0"
"0","{""id"":""model"",""name"":""Model""}","0","{""id"":""model138"",""name"":""Stock Selection from Accounting-based Factors""}","1","2026-07-01","1","A measure of how a company's Return on Assets (ROA) deviates from its own history over a 5-period trailing window. This is a float value from the QPDI family.","model_roa_deviation_5","2","GBR","{""id"":""model-mlai-models"",""name"":""ML/AI Models""}","[]","VECTOR","TOP700","0"
"0","{""id"":""model"",""name"":""Model""}","0","{""id"":""model138"",""name"":""Stock Selection from Accounting-based Factors""}","1","2026-07-01","1","A measure of how a company's Return on Equity (ROE) deviates from its own history over a 3-period trailing window. This is a float value from the QPDI family.","model_roe_quality_deviation_3","2","GBR","{""id"":""model-mlai-models"",""name"":""ML/AI Models""}","[]","VECTOR","TOP700","0"
"0","{""id"":""model"",""name"":""Model""}","0","{""id"":""model138"",""name"":""Stock Selection from Accounting-based Factors""}","1","2026-07-01","1","Quality performance deviation of return on invested capital (ROIC) over a 4-period lookback. Float.","model_roic_deviation_4","2","GBR","{""id"":""model-mlai-models"",""name"":""ML/AI Models""}","[]","VECTOR","TOP700","0"
"0","{""id"":""model"",""name"":""Model""}","0","{""id"":""model138"",""name"":""Stock Selection from Accounting-based Factors""}","1","2026-07-01","1","A measure of how a company's Return on Invested Capital (ROIC) deviates from its own history over a 3-period trailing window. This is a float value from the QPDI family.","model_roic_quality_deviation_3","2","GBR","{""id"":""model-mlai-models"",""name"":""ML/AI Models""}","[]","VECTOR","TOP700","0"
"0","{""id"":""model"",""name"":""Model""}","0","{""id"":""model138"",""name"":""Stock Selection from Accounting-based Factors""}","1","2026-07-01","1","Quality performance deviation of sales per employee over a 5-period lookback. Float.","model_sales_per_employee_deviation_5","2","GBR","{""id"":""model-mlai-models"",""name"":""ML/AI Models""}","[]","VECTOR","TOP700","0"
"0","{""id"":""model"",""name"":""Model""}","0","{""id"":""model138"",""name"":""Stock Selection from Accounting-based Factors""}","1","2026-07-01","1","A signal that quantifies the deviation of a company's sales per employee from its own 3-period historical trend. This is a unitless float value.","model_sales_per_employee_qpdi3","2","GBR","{""id"":""model-mlai-models"",""name"":""ML/AI Models""}","[]","VECTOR","TOP700","0"
"0","{""id"":""model"",""name"":""Model""}","0","{""id"":""model138"",""name"":""Stock Selection from Accounting-based Factors""}","1","2026-07-01","1","A measure of how a company's Net Margin deviates from its own history over a 3-period trailing window. This is a float value from the QPDI family.","net_margin_deviation_3","2","GBR","{""id"":""model-mlai-models"",""name"":""ML/AI Models""}","[]","VECTOR","TOP700","0"
"0","{""id"":""model"",""name"":""Model""}","0","{""id"":""model138"",""name"":""Stock Selection from Accounting-based Factors""}","1","2026-07-01","1","Quality performance deviation of net margin over a 4-period lookback. Float.","net_margin_deviation_4","2","GBR","{""id"":""model-mlai-models"",""name"":""ML/AI Models""}","[]","VECTOR","TOP700","0"
"0","{""id"":""model"",""name"":""Model""}","0","{""id"":""model138"",""name"":""Stock Selection from Accounting-based Factors""}","1","2026-07-01","1","Quality performance deviation of payables turnover over a 4-period lookback. Float.","payables_turnover_qpdi4","2","GBR","{""id"":""model-mlai-models"",""name"":""ML/AI Models""}","[]","VECTOR","TOP700","0"
"0","{""id"":""model"",""name"":""Model""}","0","{""id"":""model138"",""name"":""Stock Selection from Accounting-based Factors""}","1","2026-07-01","1","A measure of how a company's capital stock deviates from its own history over a 3-period trailing window. This is a float value from the PDI family.","pdi3_capital_stock_deviation","2","GBR","{""id"":""model-mlai-models"",""name"":""ML/AI Models""}","[]","VECTOR","TOP700","0"
"0","{""id"":""model"",""name"":""Model""}","0","{""id"":""model138"",""name"":""Stock Selection from Accounting-based Factors""}","1","2026-07-01","1","A signal that quantifies the deviation of a company's capital stock from its own 5-period historical trend. This is a unitless float value.","pdi5_capital_stock_deviation","2","GBR","{""id"":""model-mlai-models"",""name"":""ML/AI Models""}","[]","VECTOR","TOP700","0"
"0","{""id"":""model"",""name"":""Model""}","0","{""id"":""model138"",""name"":""Stock Selection from Accounting-based Factors""}","1","2026-07-01","1","A measure of how a company's dividends paid deviates from its own history over a 5-period trailing window. This is a float value from the PDI family.","pdi5_dividend_deviation","2","GBR","{""id"":""model-mlai-models"",""name"":""ML/AI Models""}","[]","VECTOR","TOP700","0"
"0","{""id"":""model"",""name"":""Model""}","0","{""id"":""model138"",""name"":""Stock Selection from Accounting-based Factors""}","1","2026-07-01","1","Vendor composite of fundamental level-item deviation signals (PDI) over a 3-period lookback. Float.","pdi_level_composite_3","2","GBR","{""id"":""model-mlai-models"",""name"":""ML/AI Models""}","[]","VECTOR","TOP700","0"
"0","{""id"":""model"",""name"":""Model""}","0","{""id"":""model138"",""name"":""Stock Selection from Accounting-based Factors""}","1","2026-07-01","1","Performance deviation of EBITDA over a 3-period lookback. Float.","performance_deviation_3_ebitda","2","GBR","{""id"":""model-mlai-models"",""name"":""ML/AI Models""}","[]","VECTOR","TOP700","0"
"0","{""id"":""model"",""name"":""Model""}","0","{""id"":""model138"",""name"":""Stock Selection from Accounting-based Factors""}","1","2026-07-01","1","Performance deviation of cash over a 4-period lookback. Float.","performance_deviation_cash_4","2","GBR","{""id"":""model-mlai-models"",""name"":""ML/AI Models""}","[]","VECTOR","TOP700","0"
"0","{""id"":""model"",""name"":""Model""}","0","{""id"":""model138"",""name"":""Stock Selection from Accounting-based Factors""}","1","2026-07-01","1","Performance deviation of dividends over a 4-period lookback. Float.","performance_deviation_dividends_4","2","GBR","{""id"":""model-mlai-models"",""name"":""ML/AI Models""}","[]","VECTOR","TOP700","0"
"0","{""id"":""model"",""name"":""Model""}","0","{""id"":""model138"",""name"":""Stock Selection from Accounting-based Factors""}","1","2026-07-01","1","Quality performance deviation of the long-term debt to equity ratio over a 4-period lookback. Float.","quality_deviation_4_long_term_debt_to_equity","2","GBR","{""id"":""model-mlai-models"",""name"":""ML/AI Models""}","[]","VECTOR","TOP700","0"
"0","{""id"":""model"",""name"":""Model""}","0","{""id"":""model138"",""name"":""Stock Selection from Accounting-based Factors""}","1","2026-07-01","1","A measure of how a company's receivables turnover ratio deviates from its own history over a 5-period trailing window. This is a float value from the QPDI family.","quality_deviation_5_receivables_turnover","2","GBR","{""id"":""model-mlai-models"",""name"":""ML/AI Models""}","[]","VECTOR","TOP700","0"
"0","{""id"":""model"",""name"":""Model""}","0","{""id"":""model138"",""name"":""Stock Selection from Accounting-based Factors""}","1","2026-07-01","1","A measure of how a company's Berry Ratio deviates from its own history over a 5-period trailing window. This is a float value from the QPDI family.","quality_deviation_berry_5","2","GBR","{""id"":""model-mlai-models"",""name"":""ML/AI Models""}","[]","VECTOR","TOP700","0"
"0","{""id"":""model"",""name"":""Model""}","0","{""id"":""model138"",""name"":""Stock Selection from Accounting-based Factors""}","1","2026-07-01","1","Quality performance deviation of the CFO to current liabilities ratio over a 3-period lookback. Float.","quality_deviation_cfo_to_current_liabilities_3","2","GBR","{""id"":""model-mlai-models"",""name"":""ML/AI Models""}","[]","VECTOR","TOP700","0"
"0","{""id"":""model"",""name"":""Model""}","0","{""id"":""model138"",""name"":""Stock Selection from Accounting-based Factors""}","1","2026-07-01","1","A vendor-calculated composite score of quality/ratio metric deviations (QPDI) over a 3-period trailing window. This is a float value.","quality_deviation_composite_3","2","GBR","{""id"":""model-mlai-models"",""name"":""ML/AI Models""}","[]","VECTOR","TOP700","0"
"0","{""id"":""model"",""name"":""Model""}","0","{""id"":""model138"",""name"":""Stock Selection from Accounting-based Factors""}","1","2026-07-01","1","A vendor-calculated composite score of quality/ratio metric deviations (QPDI) over a 4-period trailing window. This is a float value.","quality_deviation_composite_4","2","GBR","{""id"":""model-mlai-models"",""name"":""ML/AI Models""}","[]","VECTOR","TOP700","0"
"0","{""id"":""model"",""name"":""Model""}","0","{""id"":""model138"",""name"":""Stock Selection from Accounting-based Factors""}","1","2026-07-01","1","The vendor's composite Quality Performance Deviation Index (CQPDI), aggregating deviations of multiple fundamental quality/ratio metrics over a 5-period lookback window. This is a unitless float value.","quality_deviation_composite_5","2","GBR","{""id"":""model-mlai-models"",""name"":""ML/AI Models""}","[]","VECTOR","TOP700","0"
"0","{""id"":""model"",""name"":""Model""}","0","{""id"":""model138"",""name"":""Stock Selection from Accounting-based Factors""}","1","2026-07-01","1","A signal that quantifies the deviation of a company's long-term debt to capital ratio from its own 4-period historical trend. This is a unitless float value.","quality_deviation_long_term_debt_to_capital_4","2","GBR","{""id"":""model-mlai-models"",""name"":""ML/AI Models""}","[]","VECTOR","TOP700","0"
"0","{""id"":""model"",""name"":""Model""}","0","{""id"":""model138"",""name"":""Stock Selection from Accounting-based Factors""}","1","2026-07-01","1","Quality performance deviation of the debt-to-equity ratio over a 4-period lookback. Float.","quality_deviation_qpdi4_debt_to_equity","2","GBR","{""id"":""model-mlai-models"",""name"":""ML/AI Models""}","[]","VECTOR","TOP700","0"
"0","{""id"":""model"",""name"":""Model""}","0","{""id"":""model138"",""name"":""Stock Selection from Accounting-based Factors""}","1","2026-07-01","1","A signal that quantifies the deviation of a company's Return on Net Operating Assets (RNOA) from its own 4-period historical trend. This is a unitless float value.","quality_deviation_rnoa_4","2","GBR","{""id"":""model-mlai-models"",""name"":""ML/AI Models""}","[]","VECTOR","TOP700","0"
"0","{""id"":""model"",""name"":""Model""}","0","{""id"":""model138"",""name"":""Stock Selection from Accounting-based Factors""}","1","2026-07-01","1","Quality performance deviation of receivables turnover over a 4-period lookback. Float.","receivables_turnover_quality_deviation_4","2","GBR","{""id"":""model-mlai-models"",""name"":""ML/AI Models""}","[]","VECTOR","TOP700","0"
"0","{""id"":""model"",""name"":""Model""}","0","{""id"":""model138"",""name"":""Stock Selection from Accounting-based Factors""}","1","2026-07-01","1","A signal that quantifies the deviation of a company's Return on Net Operating Assets (RNOA) from its own 3-period historical trend. This is a unitless float value.","rnoa_trailing_3_deviation","2","GBR","{""id"":""model-mlai-models"",""name"":""ML/AI Models""}","[]","VECTOR","TOP700","0"
"0","{""id"":""model"",""name"":""Model""}","0","{""id"":""model138"",""name"":""Stock Selection from Accounting-based Factors""}","1","2026-07-01","1","Quality performance deviation of return on assets (ROA) over a 3-period lookback. Float.","roa_deviation_3","2","GBR","{""id"":""model-mlai-models"",""name"":""ML/AI Models""}","[]","VECTOR","TOP700","0"
"0","{""id"":""model"",""name"":""Model""}","0","{""id"":""model138"",""name"":""Stock Selection from Accounting-based Factors""}","1","2026-07-01","1","A measure of how a company's Return on Assets (ROA) deviates from its own history over a 4-period trailing window. This is a float value from the QPDI family.","roa_quality_deviation_4","2","GBR","{""id"":""model-mlai-models"",""name"":""ML/AI Models""}","[]","VECTOR","TOP700","0"
"0","{""id"":""model"",""name"":""Model""}","0","{""id"":""model138"",""name"":""Stock Selection from Accounting-based Factors""}","1","2026-07-01","1","A signal that quantifies the deviation of a company's return on equity (ROE) from its own 5-period historical trend. This is a unitless float value.","roe_quality_deviation_5","2","GBR","{""id"":""model-mlai-models"",""name"":""ML/AI Models""}","[]","VECTOR","TOP700","0"
"0","{""id"":""model"",""name"":""Model""}","0","{""id"":""model138"",""name"":""Stock Selection from Accounting-based Factors""}","1","2026-07-01","1","A signal that quantifies the deviation of a company's Return on Invested Capital (ROIC) from its own 5-period historical trend. This is a unitless float value.","roic_quality_deviation_5","2","GBR","{""id"":""model-mlai-models"",""name"":""ML/AI Models""}","[]","VECTOR","TOP700","0"
"0","{""id"":""model"",""name"":""Model""}","0","{""id"":""model138"",""name"":""Stock Selection from Accounting-based Factors""}","1","2026-07-01","1","A signal that quantifies the deviation of a company's sales from its own 3-period historical trend. This is a unitless float value.","sales_pdi_3","2","GBR","{""id"":""model-mlai-models"",""name"":""ML/AI Models""}","[]","VECTOR","TOP700","0"
"0","{""id"":""model"",""name"":""Model""}","0","{""id"":""model138"",""name"":""Stock Selection from Accounting-based Factors""}","1","2026-07-01","1","A measure of how a company's sales deviates from its own history over a 5-period trailing window. This is a float value from the PDI family.","sales_performance_deviation_5","2","GBR","{""id"":""model-mlai-models"",""name"":""ML/AI Models""}","[]","VECTOR","TOP700","0"
"0","{""id"":""model"",""name"":""Model""}","0","{""id"":""model138"",""name"":""Stock Selection from Accounting-based Factors""}","1","2026-07-01","1","Quality performance deviation of sales per employee over a 4-period lookback. Float.","sales_per_employee_deviation_4","2","GBR","{""id"":""model-mlai-models"",""name"":""ML/AI Models""}","[]","VECTOR","TOP700","0"
