"alphaCount","category","coverage","dataset","dateCoverage","dateCreated","delay","description","id","pyramidMultiplier","region","subcategory","themes","type","universe","userCount"
"0","{""id"":""model"",""name"":""Model""}","0.4804","{""id"":""multifactor_return_pred"",""name"":""Multi Factor Market Return Predictions""}","0.6008","2026-07-01","1","Model confidence score for second alternative short-term hedge, 5-day horizon, quantile 5.","alt2_short_hedge_5d_q5_confidence_score","2","GBR","{""id"":""model-risk-based-models"",""name"":""Risk Based Models""}","[]","MATRIX","TOP700","0"
"0","{""id"":""model"",""name"":""Model""}","0.4804","{""id"":""multifactor_return_pred"",""name"":""Multi Factor Market Return Predictions""}","0.6008","2026-07-01","1","Model confidence score for second alternative short-term hedge, 60-day horizon, quantile 5.","alt2_short_hedge_60d_q5_confidence_score","2","GBR","{""id"":""model-risk-based-models"",""name"":""Risk Based Models""}","[]","MATRIX","TOP700","0"
"0","{""id"":""model"",""name"":""Model""}","0.4804","{""id"":""multifactor_return_pred"",""name"":""Multi Factor Market Return Predictions""}","0.6008","2026-07-01","1","Second alternative short-term hedge signal for 20-day horizon, quantile 1.","alt2_short_term_hedge_signal_20d_q1","2","GBR","{""id"":""model-risk-based-models"",""name"":""Risk Based Models""}","[]","MATRIX","TOP700","0"
"0","{""id"":""model"",""name"":""Model""}","0.4804","{""id"":""multifactor_return_pred"",""name"":""Multi Factor Market Return Predictions""}","0.6008","2026-07-01","1","Second alternative short-term hedge signal for 20-day horizon, quantile 5.","alt2_short_term_hedge_signal_20d_q5","2","GBR","{""id"":""model-risk-based-models"",""name"":""Risk Based Models""}","[]","MATRIX","TOP700","0"
"0","{""id"":""model"",""name"":""Model""}","0.4804","{""id"":""multifactor_return_pred"",""name"":""Multi Factor Market Return Predictions""}","0.6008","2026-07-01","1","Second alternative short-term hedge signal for 5-day horizon, quantile 1.","alt2_short_term_hedge_signal_5d_q1","2","GBR","{""id"":""model-risk-based-models"",""name"":""Risk Based Models""}","[]","MATRIX","TOP700","0"
"0","{""id"":""model"",""name"":""Model""}","0.4804","{""id"":""multifactor_return_pred"",""name"":""Multi Factor Market Return Predictions""}","0.6008","2026-07-01","1","Second alternative short-term hedge signal for 5-day horizon, quantile 5.","alt2_short_term_hedge_signal_5d_q5","2","GBR","{""id"":""model-risk-based-models"",""name"":""Risk Based Models""}","[]","MATRIX","TOP700","0"
"0","{""id"":""model"",""name"":""Model""}","0.4804","{""id"":""multifactor_return_pred"",""name"":""Multi Factor Market Return Predictions""}","0.6008","2026-07-01","1","Second alternative short-term hedge signal for 60-day horizon, quantile 1.","alt2_short_term_hedge_signal_60d_q1","2","GBR","{""id"":""model-risk-based-models"",""name"":""Risk Based Models""}","[]","MATRIX","TOP700","0"
"0","{""id"":""model"",""name"":""Model""}","0.4804","{""id"":""multifactor_return_pred"",""name"":""Multi Factor Market Return Predictions""}","0.6008","2026-07-01","1","Second alternative short-term hedge signal for 60-day horizon, quantile 5.","alt2_short_term_hedge_signal_60d_q5","2","GBR","{""id"":""model-risk-based-models"",""name"":""Risk Based Models""}","[]","MATRIX","TOP700","0"
"0","{""id"":""model"",""name"":""Model""}","0.4804","{""id"":""multifactor_return_pred"",""name"":""Multi Factor Market Return Predictions""}","0.6008","2026-07-01","1","Model confidence score for third alternative short-term hedge, 20-day horizon, quantile 5.","alt3_short_hedge_20d_q5_confidence_score","2","GBR","{""id"":""model-risk-based-models"",""name"":""Risk Based Models""}","[]","MATRIX","TOP700","0"
"0","{""id"":""model"",""name"":""Model""}","0.4804","{""id"":""multifactor_return_pred"",""name"":""Multi Factor Market Return Predictions""}","0.6008","2026-07-01","1","Model confidence score for third alternative short-term hedge, 5-day horizon, quantile 5.","alt3_short_hedge_5d_q5_confidence_score","2","GBR","{""id"":""model-risk-based-models"",""name"":""Risk Based Models""}","[]","MATRIX","TOP700","0"
"0","{""id"":""model"",""name"":""Model""}","0.4804","{""id"":""multifactor_return_pred"",""name"":""Multi Factor Market Return Predictions""}","0.6008","2026-07-01","1","Model confidence score for third alternative short-term hedge, 60-day horizon, quantile 5.","alt3_short_hedge_60d_q5_confidence_score","2","GBR","{""id"":""model-risk-based-models"",""name"":""Risk Based Models""}","[]","MATRIX","TOP700","0"
"0","{""id"":""model"",""name"":""Model""}","0.4804","{""id"":""multifactor_return_pred"",""name"":""Multi Factor Market Return Predictions""}","0.6008","2026-07-01","1","Third alternative short-term hedge signal for 20-day horizon, quantile 1.","alt3_short_term_hedge_signal_20d_q1","2","GBR","{""id"":""model-risk-based-models"",""name"":""Risk Based Models""}","[]","MATRIX","TOP700","0"
"0","{""id"":""model"",""name"":""Model""}","0.4804","{""id"":""multifactor_return_pred"",""name"":""Multi Factor Market Return Predictions""}","0.6008","2026-07-01","1","Third alternative short-term hedge signal for 20-day horizon, quantile 5.","alt3_short_term_hedge_signal_20d_q5","2","GBR","{""id"":""model-risk-based-models"",""name"":""Risk Based Models""}","[]","MATRIX","TOP700","0"
"0","{""id"":""model"",""name"":""Model""}","0.4804","{""id"":""multifactor_return_pred"",""name"":""Multi Factor Market Return Predictions""}","0.6008","2026-07-01","1","Third alternative short-term hedge signal for 5-day horizon, quantile 1.","alt3_short_term_hedge_signal_5d_q1","2","GBR","{""id"":""model-risk-based-models"",""name"":""Risk Based Models""}","[]","MATRIX","TOP700","0"
"0","{""id"":""model"",""name"":""Model""}","0.4804","{""id"":""multifactor_return_pred"",""name"":""Multi Factor Market Return Predictions""}","0.6008","2026-07-01","1","Third alternative short-term hedge signal for 5-day horizon, quantile 5.","alt3_short_term_hedge_signal_5d_q5","2","GBR","{""id"":""model-risk-based-models"",""name"":""Risk Based Models""}","[]","MATRIX","TOP700","0"
"0","{""id"":""model"",""name"":""Model""}","0.4804","{""id"":""multifactor_return_pred"",""name"":""Multi Factor Market Return Predictions""}","0.6008","2026-07-01","1","Third alternative short-term hedge signal for 60-day horizon, quantile 1.","alt3_short_term_hedge_signal_60d_q1","2","GBR","{""id"":""model-risk-based-models"",""name"":""Risk Based Models""}","[]","MATRIX","TOP700","0"
"0","{""id"":""model"",""name"":""Model""}","0.3241","{""id"":""multifactor_return_pred"",""name"":""Multi Factor Market Return Predictions""}","0.6008","2026-07-01","1","Model confidence for alternative fundamental-based signal over 120 days, quantile 5.","alt_fundamental_120d_bin5_confidence","2","GBR","{""id"":""model-risk-based-models"",""name"":""Risk Based Models""}","[]","MATRIX","TOP700","0"
"0","{""id"":""model"",""name"":""Model""}","0.3241","{""id"":""multifactor_return_pred"",""name"":""Multi Factor Market Return Predictions""}","0.6008","2026-07-01","1","Model confidence for alternative fundamental-based signal over 120 days, quantile 5, Mfmcr module.","alt_fundamental_120d_bin5_confidence_mcr","2","GBR","{""id"":""model-risk-based-models"",""name"":""Risk Based Models""}","[]","MATRIX","TOP700","0"
"0","{""id"":""model"",""name"":""Model""}","0.3241","{""id"":""multifactor_return_pred"",""name"":""Multi Factor Market Return Predictions""}","0.6008","2026-07-01","1","Model confidence for alternative fundamental-based signal over 60 days, quantile 5.","alt_fundamental_60d_bin5_confidence","2","GBR","{""id"":""model-risk-based-models"",""name"":""Risk Based Models""}","[]","MATRIX","TOP700","0"
"0","{""id"":""model"",""name"":""Model""}","0.3241","{""id"":""multifactor_return_pred"",""name"":""Multi Factor Market Return Predictions""}","0.6008","2026-07-01","1","Model confidence for alternative fundamental-based signal over 60 days, quantile 5, Mfmcr module.","alt_fundamental_60d_bin5_confidence_mcr","2","GBR","{""id"":""model-risk-based-models"",""name"":""Risk Based Models""}","[]","MATRIX","TOP700","0"
"0","{""id"":""model"",""name"":""Model""}","0.3247","{""id"":""multifactor_return_pred"",""name"":""Multi Factor Market Return Predictions""}","0.6008","2026-07-01","1","Alternative fundamental-based prediction for 120-day horizon, quantile 5.","alt_fundamental_pred_120d_q5","2","GBR","{""id"":""model-risk-based-models"",""name"":""Risk Based Models""}","[]","MATRIX","TOP700","0"
"0","{""id"":""model"",""name"":""Model""}","0.3247","{""id"":""multifactor_return_pred"",""name"":""Multi Factor Market Return Predictions""}","0.6008","2026-07-01","1","Alternative fundamental-based prediction for 60-day horizon, quantile 1.","alt_fundamental_pred_60d_q1","2","GBR","{""id"":""model-risk-based-models"",""name"":""Risk Based Models""}","[]","MATRIX","TOP700","0"
"0","{""id"":""model"",""name"":""Model""}","0.3247","{""id"":""multifactor_return_pred"",""name"":""Multi Factor Market Return Predictions""}","0.6008","2026-07-01","1","Alternative fundamental-based prediction for 60-day horizon, quantile 5.","alt_fundamental_pred_60d_q5","2","GBR","{""id"":""model-risk-based-models"",""name"":""Risk Based Models""}","[]","MATRIX","TOP700","0"
"0","{""id"":""model"",""name"":""Model""}","0.3247","{""id"":""multifactor_return_pred"",""name"":""Multi Factor Market Return Predictions""}","0.6008","2026-07-01","1","Model confidence score for alternative fundamental-based prediction, 60-day horizon, quantile 5.","alt_fundamental_pred_60d_q5_confidence_score","2","GBR","{""id"":""model-risk-based-models"",""name"":""Risk Based Models""}","[]","MATRIX","TOP700","0"
"0","{""id"":""model"",""name"":""Model""}","0.3241","{""id"":""multifactor_return_pred"",""name"":""Multi Factor Market Return Predictions""}","0.6008","2026-07-01","1","Alternative fundamental-based signal over 120 days, quantile 1, Mfmcr module.","alt_fundamental_signal_120d_bin1_mcr","2","GBR","{""id"":""model-risk-based-models"",""name"":""Risk Based Models""}","[]","MATRIX","TOP700","0"
"0","{""id"":""model"",""name"":""Model""}","0.3241","{""id"":""multifactor_return_pred"",""name"":""Multi Factor Market Return Predictions""}","0.6008","2026-07-01","1","Alternative fundamental-based signal over 120 days, quantile 5.","alt_fundamental_signal_120d_bin5","2","GBR","{""id"":""model-risk-based-models"",""name"":""Risk Based Models""}","[]","MATRIX","TOP700","0"
"0","{""id"":""model"",""name"":""Model""}","0.3241","{""id"":""multifactor_return_pred"",""name"":""Multi Factor Market Return Predictions""}","0.6008","2026-07-01","1","Alternative fundamental-based signal over 120 days, quantile 5, Mfmcr module.","alt_fundamental_signal_120d_bin5_mcr","2","GBR","{""id"":""model-risk-based-models"",""name"":""Risk Based Models""}","[]","MATRIX","TOP700","0"
"0","{""id"":""model"",""name"":""Model""}","0.3241","{""id"":""multifactor_return_pred"",""name"":""Multi Factor Market Return Predictions""}","0.6008","2026-07-01","1","Alternative fundamental-based signal over 60 days, quantile 5, Mfmcr module.","alt_fundamental_signal_60d_bin5_mcr","2","GBR","{""id"":""model-risk-based-models"",""name"":""Risk Based Models""}","[]","MATRIX","TOP700","0"
"0","{""id"":""model"",""name"":""Model""}","0.4804","{""id"":""multifactor_return_pred"",""name"":""Multi Factor Market Return Predictions""}","0.6008","2026-07-01","1","Model confidence for alternative long-term hedge signal over 120 days, quantile 5, Mfmcr module.","alt_long_hedge_120d_bin5_confidence_mcr","2","GBR","{""id"":""model-risk-based-models"",""name"":""Risk Based Models""}","[]","MATRIX","TOP700","0"
"0","{""id"":""model"",""name"":""Model""}","0.4804","{""id"":""multifactor_return_pred"",""name"":""Multi Factor Market Return Predictions""}","0.6008","2026-07-01","1","Model confidence for alternative long-term hedge signal over 60 days, quantile 5, Mfmcr module.","alt_long_hedge_60d_bin5_confidence_mcr","2","GBR","{""id"":""model-risk-based-models"",""name"":""Risk Based Models""}","[]","MATRIX","TOP700","0"
"0","{""id"":""model"",""name"":""Model""}","0.4804","{""id"":""multifactor_return_pred"",""name"":""Multi Factor Market Return Predictions""}","0.6008","2026-07-01","1","Alternative long-term hedge signal over 120 days, quantile 1, Mfmcr module.","alt_long_term_hedge_signal_120d_bin1_mcr","2","GBR","{""id"":""model-risk-based-models"",""name"":""Risk Based Models""}","[]","MATRIX","TOP700","0"
"0","{""id"":""model"",""name"":""Model""}","0.4804","{""id"":""multifactor_return_pred"",""name"":""Multi Factor Market Return Predictions""}","0.6008","2026-07-01","1","Alternative long-term hedge signal over 120 days, quantile 5, Mfmcr module.","alt_long_term_hedge_signal_120d_bin5_mcr","2","GBR","{""id"":""model-risk-based-models"",""name"":""Risk Based Models""}","[]","MATRIX","TOP700","0"
"0","{""id"":""model"",""name"":""Model""}","0.4804","{""id"":""multifactor_return_pred"",""name"":""Multi Factor Market Return Predictions""}","0.6008","2026-07-01","1","Alternative long-term hedge signal over 60 days, quantile 1, Mfmcr module.","alt_long_term_hedge_signal_60d_bin1_mcr","2","GBR","{""id"":""model-risk-based-models"",""name"":""Risk Based Models""}","[]","MATRIX","TOP700","0"
"0","{""id"":""model"",""name"":""Model""}","0.4804","{""id"":""multifactor_return_pred"",""name"":""Multi Factor Market Return Predictions""}","0.6008","2026-07-01","1","Model confidence for alternative short-term hedge signal over 20 days, quantile 5, Mfmcr module.","alt_short_hedge_20d_bin5_confidence_mcr","2","GBR","{""id"":""model-risk-based-models"",""name"":""Risk Based Models""}","[]","MATRIX","TOP700","0"
"0","{""id"":""model"",""name"":""Model""}","0.4806","{""id"":""multifactor_return_pred"",""name"":""Multi Factor Market Return Predictions""}","0.6008","2026-07-01","1","Model confidence for alternative short-term hedge signal over 5 days, quantile 5.","alt_short_hedge_5d_bin5_confidence","2","GBR","{""id"":""model-risk-based-models"",""name"":""Risk Based Models""}","[]","MATRIX","TOP700","0"
"0","{""id"":""model"",""name"":""Model""}","0.4804","{""id"":""multifactor_return_pred"",""name"":""Multi Factor Market Return Predictions""}","0.6008","2026-07-01","1","Model confidence for alternative short-term hedge signal over 5 days, quantile 5, Mfmcr module.","alt_short_hedge_5d_bin5_confidence_mcr","2","GBR","{""id"":""model-risk-based-models"",""name"":""Risk Based Models""}","[]","MATRIX","TOP700","0"
"0","{""id"":""model"",""name"":""Model""}","0.4804","{""id"":""multifactor_return_pred"",""name"":""Multi Factor Market Return Predictions""}","0.6008","2026-07-01","1","Model confidence for alternative short-term hedge signal over 60 days, quantile 5, Mfmcr module.","alt_short_hedge_60d_bin5_confidence_mcr","2","GBR","{""id"":""model-risk-based-models"",""name"":""Risk Based Models""}","[]","MATRIX","TOP700","0"
"0","{""id"":""model"",""name"":""Model""}","0.4804","{""id"":""multifactor_return_pred"",""name"":""Multi Factor Market Return Predictions""}","0.6008","2026-07-01","1","Alternative short-term hedge signal over 20 days, quantile 1, Mfmcr module.","alt_short_term_hedge_signal_20d_bin1_mcr","2","GBR","{""id"":""model-risk-based-models"",""name"":""Risk Based Models""}","[]","MATRIX","TOP700","0"
"0","{""id"":""model"",""name"":""Model""}","0.4806","{""id"":""multifactor_return_pred"",""name"":""Multi Factor Market Return Predictions""}","0.6008","2026-07-01","1","Alternative short-term hedge signal over 5 days, quantile 1.","alt_short_term_hedge_signal_5d_bin1","2","GBR","{""id"":""model-risk-based-models"",""name"":""Risk Based Models""}","[]","MATRIX","TOP700","0"
"0","{""id"":""model"",""name"":""Model""}","0.4804","{""id"":""multifactor_return_pred"",""name"":""Multi Factor Market Return Predictions""}","0.6008","2026-07-01","1","Alternative short-term hedge signal over 5 days, quantile 1, Mfmcr module.","alt_short_term_hedge_signal_5d_bin1_mcr","2","GBR","{""id"":""model-risk-based-models"",""name"":""Risk Based Models""}","[]","MATRIX","TOP700","0"
"0","{""id"":""model"",""name"":""Model""}","0.4806","{""id"":""multifactor_return_pred"",""name"":""Multi Factor Market Return Predictions""}","0.6008","2026-07-01","1","Alternative short-term hedge signal over 5 days, quantile 5.","alt_short_term_hedge_signal_5d_bin5","2","GBR","{""id"":""model-risk-based-models"",""name"":""Risk Based Models""}","[]","MATRIX","TOP700","0"
"0","{""id"":""model"",""name"":""Model""}","0.4804","{""id"":""multifactor_return_pred"",""name"":""Multi Factor Market Return Predictions""}","0.6008","2026-07-01","1","Alternative short-term hedge signal over 5 days, quantile 5, Mfmcr module.","alt_short_term_hedge_signal_5d_bin5_mcr","2","GBR","{""id"":""model-risk-based-models"",""name"":""Risk Based Models""}","[]","MATRIX","TOP700","0"
"0","{""id"":""model"",""name"":""Model""}","0.4804","{""id"":""multifactor_return_pred"",""name"":""Multi Factor Market Return Predictions""}","0.6008","2026-07-01","1","Alternative short-term hedge signal over 60 days, quantile 1, Mfmcr module.","alt_short_term_hedge_signal_60d_bin1_mcr","2","GBR","{""id"":""model-risk-based-models"",""name"":""Risk Based Models""}","[]","MATRIX","TOP700","0"
"0","{""id"":""model"",""name"":""Model""}","0.4806","{""id"":""multifactor_return_pred"",""name"":""Multi Factor Market Return Predictions""}","0.6008","2026-07-01","1","Alternative short-term hedge signal over 60 days, quantile 5.","alt_short_term_hedge_signal_60d_bin5","2","GBR","{""id"":""model-risk-based-models"",""name"":""Risk Based Models""}","[]","MATRIX","TOP700","0"
"0","{""id"":""model"",""name"":""Model""}","0.4804","{""id"":""multifactor_return_pred"",""name"":""Multi Factor Market Return Predictions""}","0.6008","2026-07-01","1","Alternative short-term hedge signal for 60-day horizon, quantile 5.","alt_short_term_hedge_signal_60d_q5","2","GBR","{""id"":""model-risk-based-models"",""name"":""Risk Based Models""}","[]","MATRIX","TOP700","0"
"0","{""id"":""model"",""name"":""Model""}","0.4274","{""id"":""multifactor_return_pred"",""name"":""Multi Factor Market Return Predictions""}","0.6008","2026-07-01","1","Model confidence score for 120-day analyst-based 5-bucket classification.","analyst_120d_5bucket_class_confidence","2","GBR","{""id"":""model-risk-based-models"",""name"":""Risk Based Models""}","[]","MATRIX","TOP700","0"
"0","{""id"":""model"",""name"":""Model""}","0.4274","{""id"":""multifactor_return_pred"",""name"":""Multi Factor Market Return Predictions""}","0.6008","2026-07-01","1","120-day forward return classification into five buckets using analyst-derived features (SolarEquiNox variant).","analyst_120d_5bucket_class_pred_solar","2","GBR","{""id"":""model-risk-based-models"",""name"":""Risk Based Models""}","[]","MATRIX","TOP700","0"
"0","{""id"":""model"",""name"":""Model""}","0.4274","{""id"":""multifactor_return_pred"",""name"":""Multi Factor Market Return Predictions""}","0.6008","2026-07-01","1","Model confidence score for 120-day, 5-quantile return prediction using analyst data.","analyst_120d_5quantile_confidence_score","2","GBR","{""id"":""model-risk-based-models"",""name"":""Risk Based Models""}","[]","MATRIX","TOP700","0"
"0","{""id"":""model"",""name"":""Model""}","0.4274","{""id"":""multifactor_return_pred"",""name"":""Multi Factor Market Return Predictions""}","0.6008","2026-07-01","1","120-day, 5-quantile return prediction using analyst data.","analyst_120d_5quantile_pred","2","GBR","{""id"":""model-risk-based-models"",""name"":""Risk Based Models""}","[]","MATRIX","TOP700","0"
"0","{""id"":""model"",""name"":""Model""}","0.4274","{""id"":""multifactor_return_pred"",""name"":""Multi Factor Market Return Predictions""}","0.6008","2026-07-01","1","120-day, 5-quantile return prediction using analyst data (alternate model version).","analyst_120d_5quantile_pred_m1","2","GBR","{""id"":""model-risk-based-models"",""name"":""Risk Based Models""}","[]","MATRIX","TOP700","0"
"0","{""id"":""model"",""name"":""Model""}","0.4274","{""id"":""multifactor_return_pred"",""name"":""Multi Factor Market Return Predictions""}","0.6008","2026-07-01","1","Model confidence for analyst-based signal over 120 days, quantile 5, Mfmcr module.","analyst_120d_bin5_confidence_mcr","2","GBR","{""id"":""model-risk-based-models"",""name"":""Risk Based Models""}","[]","MATRIX","TOP700","0"
"0","{""id"":""model"",""name"":""Model""}","0.4274","{""id"":""multifactor_return_pred"",""name"":""Multi Factor Market Return Predictions""}","0.6008","2026-07-01","1","120-day prediction using analyst-derived features, quantile 1.","analyst_120d_quantile1_pred","2","GBR","{""id"":""model-risk-based-models"",""name"":""Risk Based Models""}","[]","MATRIX","TOP700","0"
"0","{""id"":""model"",""name"":""Model""}","0.4274","{""id"":""multifactor_return_pred"",""name"":""Multi Factor Market Return Predictions""}","0.6008","2026-07-01","1","Model confidence score for 120-day analyst-based quantile 5 prediction.","analyst_120d_quantile5_confidence_score","2","GBR","{""id"":""model-risk-based-models"",""name"":""Risk Based Models""}","[]","MATRIX","TOP700","0"
"0","{""id"":""model"",""name"":""Model""}","0.4274","{""id"":""multifactor_return_pred"",""name"":""Multi Factor Market Return Predictions""}","0.6008","2026-07-01","1","Model confidence score for 120-day analyst-based quantile 5 prediction (multi-model variant).","analyst_120d_quantile5_confidence_score_mfml","2","GBR","{""id"":""model-risk-based-models"",""name"":""Risk Based Models""}","[]","MATRIX","TOP700","0"
"0","{""id"":""model"",""name"":""Model""}","0.4274","{""id"":""multifactor_return_pred"",""name"":""Multi Factor Market Return Predictions""}","0.6008","2026-07-01","1","Regression-based 120-day forward return prediction using analyst data.","analyst_120d_regression_pred","2","GBR","{""id"":""model-risk-based-models"",""name"":""Risk Based Models""}","[]","MATRIX","TOP700","0"
"0","{""id"":""model"",""name"":""Model""}","0.4274","{""id"":""multifactor_return_pred"",""name"":""Multi Factor Market Return Predictions""}","0.6008","2026-07-01","1","120-day, single-quantile return prediction using analyst data.","analyst_120d_single_quantile_pred","2","GBR","{""id"":""model-risk-based-models"",""name"":""Risk Based Models""}","[]","MATRIX","TOP700","0"
"0","{""id"":""model"",""name"":""Model""}","0.4274","{""id"":""multifactor_return_pred"",""name"":""Multi Factor Market Return Predictions""}","0.6008","2026-07-01","1","60-day forward return classification into five buckets using analyst-derived features (SolarEquiNox variant).","analyst_60d_5bucket_class_pred_solar","2","GBR","{""id"":""model-risk-based-models"",""name"":""Risk Based Models""}","[]","MATRIX","TOP700","0"
"0","{""id"":""model"",""name"":""Model""}","0.4274","{""id"":""multifactor_return_pred"",""name"":""Multi Factor Market Return Predictions""}","0.6008","2026-07-01","1","Model confidence score for 60-day, 5-quantile return prediction using analyst data.","analyst_60d_5quantile_confidence_score","2","GBR","{""id"":""model-risk-based-models"",""name"":""Risk Based Models""}","[]","MATRIX","TOP700","0"
"0","{""id"":""model"",""name"":""Model""}","0.4274","{""id"":""multifactor_return_pred"",""name"":""Multi Factor Market Return Predictions""}","0.6008","2026-07-01","1","Model confidence score for 60-day, 5-quantile return prediction using analyst data (alternate model version).","analyst_60d_5quantile_confidence_score_m1","2","GBR","{""id"":""model-risk-based-models"",""name"":""Risk Based Models""}","[]","MATRIX","TOP700","0"
"0","{""id"":""model"",""name"":""Model""}","0.4274","{""id"":""multifactor_return_pred"",""name"":""Multi Factor Market Return Predictions""}","0.6008","2026-07-01","1","60-day, 5-quantile return prediction using analyst data.","analyst_60d_5quantile_pred","2","GBR","{""id"":""model-risk-based-models"",""name"":""Risk Based Models""}","[]","MATRIX","TOP700","0"
"0","{""id"":""model"",""name"":""Model""}","0.4274","{""id"":""multifactor_return_pred"",""name"":""Multi Factor Market Return Predictions""}","0.6008","2026-07-01","1","Model confidence for analyst-based signal over 60 days, quantile 5, Mfmcr module.","analyst_60d_bin5_confidence_mcr","2","GBR","{""id"":""model-risk-based-models"",""name"":""Risk Based Models""}","[]","MATRIX","TOP700","0"
"0","{""id"":""model"",""name"":""Model""}","0.4274","{""id"":""multifactor_return_pred"",""name"":""Multi Factor Market Return Predictions""}","0.6008","2026-07-01","1","Classification of 60-day return into quantile 5 using analyst-based features.","analyst_60d_qtile5_class_pred","2","GBR","{""id"":""model-risk-based-models"",""name"":""Risk Based Models""}","[]","MATRIX","TOP700","0"
"0","{""id"":""model"",""name"":""Model""}","0.4274","{""id"":""multifactor_return_pred"",""name"":""Multi Factor Market Return Predictions""}","0.6008","2026-07-01","1","60-day prediction using analyst-derived features, quantile 1.","analyst_60d_quantile1_pred","2","GBR","{""id"":""model-risk-based-models"",""name"":""Risk Based Models""}","[]","MATRIX","TOP700","0"
"0","{""id"":""model"",""name"":""Model""}","0.4274","{""id"":""multifactor_return_pred"",""name"":""Multi Factor Market Return Predictions""}","0.6008","2026-07-01","1","60-day prediction using analyst-derived features, quantile 1 (multi-model variant).","analyst_60d_quantile1_pred_mfml","2","GBR","{""id"":""model-risk-based-models"",""name"":""Risk Based Models""}","[]","MATRIX","TOP700","0"
"0","{""id"":""model"",""name"":""Model""}","0.4274","{""id"":""multifactor_return_pred"",""name"":""Multi Factor Market Return Predictions""}","0.6008","2026-07-01","1","Model confidence score for 60-day analyst-based quantile 5 prediction.","analyst_60d_quantile5_confidence_score","2","GBR","{""id"":""model-risk-based-models"",""name"":""Risk Based Models""}","[]","MATRIX","TOP700","0"
"0","{""id"":""model"",""name"":""Model""}","0.4274","{""id"":""multifactor_return_pred"",""name"":""Multi Factor Market Return Predictions""}","0.6008","2026-07-01","1","Model confidence score for 60-day analyst-based quantile 5 prediction (multi-model variant).","analyst_60d_quantile5_confidence_score_mfml","2","GBR","{""id"":""model-risk-based-models"",""name"":""Risk Based Models""}","[]","MATRIX","TOP700","0"
"0","{""id"":""model"",""name"":""Model""}","0.4274","{""id"":""multifactor_return_pred"",""name"":""Multi Factor Market Return Predictions""}","0.6008","2026-07-01","1","60-day prediction using analyst-derived features, quantile 5.","analyst_60d_quantile5_pred","2","GBR","{""id"":""model-risk-based-models"",""name"":""Risk Based Models""}","[]","MATRIX","TOP700","0"
"0","{""id"":""model"",""name"":""Model""}","0.4274","{""id"":""multifactor_return_pred"",""name"":""Multi Factor Market Return Predictions""}","0.6008","2026-07-01","1","Regression-based 60-day forward return prediction using analyst-derived features.","analyst_60d_regression_pred","2","GBR","{""id"":""model-risk-based-models"",""name"":""Risk Based Models""}","[]","MATRIX","TOP700","0"
"0","{""id"":""model"",""name"":""Model""}","0.4274","{""id"":""multifactor_return_pred"",""name"":""Multi Factor Market Return Predictions""}","0.6008","2026-07-01","1","60-day, single-quantile return prediction using analyst data.","analyst_60d_single_quantile_pred","2","GBR","{""id"":""model-risk-based-models"",""name"":""Risk Based Models""}","[]","MATRIX","TOP700","0"
"0","{""id"":""model"",""name"":""Model""}","0.4274","{""id"":""multifactor_return_pred"",""name"":""Multi Factor Market Return Predictions""}","0.6008","2026-07-01","1","Model's confidence in the 5-bucket quantile prediction for 120-day analyst-based return.","analyst_based_120d_quantile5_confidence_score","2","GBR","{""id"":""model-risk-based-models"",""name"":""Risk Based Models""}","[]","MATRIX","TOP700","0"
"0","{""id"":""model"",""name"":""Model""}","0.4274","{""id"":""multifactor_return_pred"",""name"":""Multi Factor Market Return Predictions""}","0.6008","2026-07-01","1","120-day forward return forecast derived from analyst data inputs.","analyst_based_120d_regression_prediction","2","GBR","{""id"":""model-risk-based-models"",""name"":""Risk Based Models""}","[]","MATRIX","TOP700","0"
"0","{""id"":""model"",""name"":""Model""}","0.4274","{""id"":""multifactor_return_pred"",""name"":""Multi Factor Market Return Predictions""}","0.6008","2026-07-01","1","Model's confidence in the 5-bucket quantile prediction for 60-day analyst-based return.","analyst_based_60d_quantile5_confidence_score","2","GBR","{""id"":""model-risk-based-models"",""name"":""Risk Based Models""}","[]","MATRIX","TOP700","0"
"0","{""id"":""model"",""name"":""Model""}","0.4274","{""id"":""multifactor_return_pred"",""name"":""Multi Factor Market Return Predictions""}","0.6008","2026-07-01","1","60-day forward return forecast derived from analyst data.","analyst_based_60d_regression_prediction","2","GBR","{""id"":""model-risk-based-models"",""name"":""Risk Based Models""}","[]","MATRIX","TOP700","0"
"0","{""id"":""model"",""name"":""Model""}","0.4274","{""id"":""multifactor_return_pred"",""name"":""Multi Factor Market Return Predictions""}","0.6008","2026-07-01","1","Analyst-derived prediction for 120-day horizon, quantile 1.","analyst_based_pred_120d_q1","2","GBR","{""id"":""model-risk-based-models"",""name"":""Risk Based Models""}","[]","MATRIX","TOP700","0"
"0","{""id"":""model"",""name"":""Model""}","0.4274","{""id"":""multifactor_return_pred"",""name"":""Multi Factor Market Return Predictions""}","0.6008","2026-07-01","1","Analyst-derived prediction for 120-day horizon, quantile 5.","analyst_based_pred_120d_q5","2","GBR","{""id"":""model-risk-based-models"",""name"":""Risk Based Models""}","[]","MATRIX","TOP700","0"
"0","{""id"":""model"",""name"":""Model""}","0.4274","{""id"":""multifactor_return_pred"",""name"":""Multi Factor Market Return Predictions""}","0.6008","2026-07-01","1","Analyst-derived prediction for 60-day horizon, quantile 1.","analyst_based_pred_60d_q1","2","GBR","{""id"":""model-risk-based-models"",""name"":""Risk Based Models""}","[]","MATRIX","TOP700","0"
"0","{""id"":""model"",""name"":""Model""}","0.4274","{""id"":""multifactor_return_pred"",""name"":""Multi Factor Market Return Predictions""}","0.6008","2026-07-01","1","Analyst-derived prediction for 60-day horizon, quantile 5.","analyst_based_pred_60d_q5","2","GBR","{""id"":""model-risk-based-models"",""name"":""Risk Based Models""}","[]","MATRIX","TOP700","0"
"0","{""id"":""model"",""name"":""Model""}","0.4274","{""id"":""multifactor_return_pred"",""name"":""Multi Factor Market Return Predictions""}","0.6008","2026-07-01","1","Model confidence score for analyst-based prediction, 120-day horizon, quantile 5.","analyst_pred_120d_q5_confidence_score","2","GBR","{""id"":""model-risk-based-models"",""name"":""Risk Based Models""}","[]","MATRIX","TOP700","0"
"0","{""id"":""model"",""name"":""Model""}","0.4274","{""id"":""multifactor_return_pred"",""name"":""Multi Factor Market Return Predictions""}","0.6008","2026-07-01","1","Model confidence score for analyst-based prediction, 60-day horizon, quantile 5.","analyst_pred_60d_q5_confidence_score","2","GBR","{""id"":""model-risk-based-models"",""name"":""Risk Based Models""}","[]","MATRIX","TOP700","0"
"0","{""id"":""model"",""name"":""Model""}","0.4274","{""id"":""multifactor_return_pred"",""name"":""Multi Factor Market Return Predictions""}","0.6008","2026-07-01","1","Prediction for 120-day, quantile 1 return using analyst data.","analyst_quantile1_r120_pred","2","GBR","{""id"":""model-risk-based-models"",""name"":""Risk Based Models""}","[]","MATRIX","TOP700","0"
"0","{""id"":""model"",""name"":""Model""}","0.4274","{""id"":""multifactor_return_pred"",""name"":""Multi Factor Market Return Predictions""}","0.6008","2026-07-01","1","Prediction for 60-day, quantile 1 return using analyst data.","analyst_quantile1_r60_pred","2","GBR","{""id"":""model-risk-based-models"",""name"":""Risk Based Models""}","[]","MATRIX","TOP700","0"
"0","{""id"":""model"",""name"":""Model""}","0.4274","{""id"":""multifactor_return_pred"",""name"":""Multi Factor Market Return Predictions""}","0.6008","2026-07-01","1","Model confidence for 120-day, quantile 5 return prediction from analyst data.","analyst_quantile5_confidence_r120","2","GBR","{""id"":""model-risk-based-models"",""name"":""Risk Based Models""}","[]","MATRIX","TOP700","0"
"0","{""id"":""model"",""name"":""Model""}","0.4274","{""id"":""multifactor_return_pred"",""name"":""Multi Factor Market Return Predictions""}","0.6008","2026-07-01","1","Model confidence for 60-day, quantile 5 return prediction from analyst data.","analyst_quantile5_confidence_r60","2","GBR","{""id"":""model-risk-based-models"",""name"":""Risk Based Models""}","[]","MATRIX","TOP700","0"
"0","{""id"":""model"",""name"":""Model""}","0.4274","{""id"":""multifactor_return_pred"",""name"":""Multi Factor Market Return Predictions""}","0.6008","2026-07-01","1","Prediction for 120-day, quantile 5 return using analyst data.","analyst_quantile5_r120_pred","2","GBR","{""id"":""model-risk-based-models"",""name"":""Risk Based Models""}","[]","MATRIX","TOP700","0"
"0","{""id"":""model"",""name"":""Model""}","0.4274","{""id"":""multifactor_return_pred"",""name"":""Multi Factor Market Return Predictions""}","0.6008","2026-07-01","1","Prediction for 120-day, quantile 5 return using analyst data from Mfm2 module.","analyst_quantile5_r120_pred_mfm2","2","GBR","{""id"":""model-risk-based-models"",""name"":""Risk Based Models""}","[]","MATRIX","TOP700","0"
"0","{""id"":""model"",""name"":""Model""}","0.4274","{""id"":""multifactor_return_pred"",""name"":""Multi Factor Market Return Predictions""}","0.6008","2026-07-01","1","Prediction for 60-day, quantile 5 return using analyst data.","analyst_quantile5_r60_pred","2","GBR","{""id"":""model-risk-based-models"",""name"":""Risk Based Models""}","[]","MATRIX","TOP700","0"
"0","{""id"":""model"",""name"":""Model""}","0.4274","{""id"":""multifactor_return_pred"",""name"":""Multi Factor Market Return Predictions""}","0.6008","2026-07-01","1","Analyst-based signal over 120 days, quantile 1, Mfmcr module.","analyst_signal_120d_bin1_mcr","2","GBR","{""id"":""model-risk-based-models"",""name"":""Risk Based Models""}","[]","MATRIX","TOP700","0"
"0","{""id"":""model"",""name"":""Model""}","0.4274","{""id"":""multifactor_return_pred"",""name"":""Multi Factor Market Return Predictions""}","0.6008","2026-07-01","1","Analyst-based signal over 120 days, quantile 5, Mfmcr module.","analyst_signal_120d_bin5_mcr","2","GBR","{""id"":""model-risk-based-models"",""name"":""Risk Based Models""}","[]","MATRIX","TOP700","0"
"0","{""id"":""model"",""name"":""Model""}","0.4274","{""id"":""multifactor_return_pred"",""name"":""Multi Factor Market Return Predictions""}","0.6008","2026-07-01","1","Analyst-based return prediction for 120-day horizon, quantile 1.","analyst_signal_120d_quantile1","2","GBR","{""id"":""model-risk-based-models"",""name"":""Risk Based Models""}","[]","MATRIX","TOP700","0"
"0","{""id"":""model"",""name"":""Model""}","0.4274","{""id"":""multifactor_return_pred"",""name"":""Multi Factor Market Return Predictions""}","0.6008","2026-07-01","1","Analyst-based return prediction for 120-day horizon, quantile 5.","analyst_signal_120d_quantile5","2","GBR","{""id"":""model-risk-based-models"",""name"":""Risk Based Models""}","[]","MATRIX","TOP700","0"
"0","{""id"":""model"",""name"":""Model""}","0.4274","{""id"":""multifactor_return_pred"",""name"":""Multi Factor Market Return Predictions""}","0.6008","2026-07-01","1","Analyst-based signal over 60 days, quantile 1, Mfmcr module.","analyst_signal_60d_bin1_mcr","2","GBR","{""id"":""model-risk-based-models"",""name"":""Risk Based Models""}","[]","MATRIX","TOP700","0"
"0","{""id"":""model"",""name"":""Model""}","0.4274","{""id"":""multifactor_return_pred"",""name"":""Multi Factor Market Return Predictions""}","0.6008","2026-07-01","1","Analyst-based signal over 60 days, quantile 5, Mfmcr module.","analyst_signal_60d_bin5_mcr","2","GBR","{""id"":""model-risk-based-models"",""name"":""Risk Based Models""}","[]","MATRIX","TOP700","0"
"0","{""id"":""model"",""name"":""Model""}","0.4274","{""id"":""multifactor_return_pred"",""name"":""Multi Factor Market Return Predictions""}","0.6008","2026-07-01","1","Analyst-based return prediction for 60-day horizon, quantile 5.","analyst_signal_60d_quantile5","2","GBR","{""id"":""model-risk-based-models"",""name"":""Risk Based Models""}","[]","MATRIX","TOP700","0"
"0","{""id"":""model"",""name"":""Model""}","0.4804","{""id"":""multifactor_return_pred"",""name"":""Multi Factor Market Return Predictions""}","0.6008","2026-07-01","1","5-day, single-quantile return prediction using event-driven features.","event_5d_single_quantile_pred","2","GBR","{""id"":""model-risk-based-models"",""name"":""Risk Based Models""}","[]","MATRIX","TOP700","0"
"0","{""id"":""model"",""name"":""Model""}","0.4804","{""id"":""multifactor_return_pred"",""name"":""Multi Factor Market Return Predictions""}","0.6008","2026-07-01","1","5-day, single-quantile return prediction using event-driven features (alternate model version).","event_5d_single_quantile_pred_m1","2","GBR","{""id"":""model-risk-based-models"",""name"":""Risk Based Models""}","[]","MATRIX","TOP700","0"
"0","{""id"":""model"",""name"":""Model""}","0.4804","{""id"":""multifactor_return_pred"",""name"":""Multi Factor Market Return Predictions""}","0.6008","2026-07-01","1","Prediction using event-based features for 5-day horizon, quantile 1.","event_embedded_pred_5d_q1","2","GBR","{""id"":""model-risk-based-models"",""name"":""Risk Based Models""}","[]","MATRIX","TOP700","0"
"0","{""id"":""model"",""name"":""Model""}","0.4804","{""id"":""multifactor_return_pred"",""name"":""Multi Factor Market Return Predictions""}","0.6008","2026-07-01","1","5-day prediction using event-driven features, quantile 1.","event_embedding_5d_quantile1_pred","2","GBR","{""id"":""model-risk-based-models"",""name"":""Risk Based Models""}","[]","MATRIX","TOP700","0"
"0","{""id"":""model"",""name"":""Model""}","0.4806","{""id"":""multifactor_return_pred"",""name"":""Multi Factor Market Return Predictions""}","0.6008","2026-07-01","1","5-day prediction using event-driven features, quantile 1 (multi-model variant).","event_embedding_5d_quantile1_pred_mfml","2","GBR","{""id"":""model-risk-based-models"",""name"":""Risk Based Models""}","[]","MATRIX","TOP700","0"
"0","{""id"":""model"",""name"":""Model""}","0.4804","{""id"":""multifactor_return_pred"",""name"":""Multi Factor Market Return Predictions""}","0.6008","2026-07-01","1","5-day forward return forecast based on event-driven model inputs.","event_embedding_5d_regression_prediction","2","GBR","{""id"":""model-risk-based-models"",""name"":""Risk Based Models""}","[]","MATRIX","TOP700","0"
"0","{""id"":""model"",""name"":""Model""}","0.4804","{""id"":""multifactor_return_pred"",""name"":""Multi Factor Market Return Predictions""}","0.6008","2026-07-01","1","Prediction for 5-day, quantile 1 return using event-driven data embedding.","event_embedding_quantile1_r5_pred","2","GBR","{""id"":""model-risk-based-models"",""name"":""Risk Based Models""}","[]","MATRIX","TOP700","0"
"0","{""id"":""model"",""name"":""Model""}","0.4804","{""id"":""multifactor_return_pred"",""name"":""Multi Factor Market Return Predictions""}","0.6008","2026-07-01","1","Signal from event embedding over 5 days, quantile 1, Mfmcr module.","event_embedding_signal_5d_bin1_mcr","2","GBR","{""id"":""model-risk-based-models"",""name"":""Risk Based Models""}","[]","MATRIX","TOP700","0"
"0","{""id"":""model"",""name"":""Model""}","0.3241","{""id"":""multifactor_return_pred"",""name"":""Multi Factor Market Return Predictions""}","0.6008","2026-07-01","1","Model confidence score for 120-day, 5-quantile return prediction using secondary fundamental features.","fundamental2_120d_5quantile_confidence_score","2","GBR","{""id"":""model-risk-based-models"",""name"":""Risk Based Models""}","[]","MATRIX","TOP700","0"
"0","{""id"":""model"",""name"":""Model""}","0.3241","{""id"":""multifactor_return_pred"",""name"":""Multi Factor Market Return Predictions""}","0.6008","2026-07-01","1","120-day, 5-quantile return prediction using secondary set of fundamental features.","fundamental2_120d_5quantile_pred","2","GBR","{""id"":""model-risk-based-models"",""name"":""Risk Based Models""}","[]","MATRIX","TOP700","0"
"0","{""id"":""model"",""name"":""Model""}","0.3247","{""id"":""multifactor_return_pred"",""name"":""Multi Factor Market Return Predictions""}","0.6008","2026-07-01","1","120-day, 5-quantile return prediction using secondary set of fundamental features (alternate model version).","fundamental2_120d_5quantile_pred_m1","2","GBR","{""id"":""model-risk-based-models"",""name"":""Risk Based Models""}","[]","MATRIX","TOP700","0"
"0","{""id"":""model"",""name"":""Model""}","0.3241","{""id"":""multifactor_return_pred"",""name"":""Multi Factor Market Return Predictions""}","0.6008","2026-07-01","1","120-day prediction using alternate fundamental features, quantile 1 (multi-model variant).","fundamental2_120d_quantile1_pred_mfml","2","GBR","{""id"":""model-risk-based-models"",""name"":""Risk Based Models""}","[]","MATRIX","TOP700","0"
"0","{""id"":""model"",""name"":""Model""}","0.3241","{""id"":""multifactor_return_pred"",""name"":""Multi Factor Market Return Predictions""}","0.6008","2026-07-01","1","Model's confidence in the 5-bucket quantile prediction for 120-day return using secondary fundamental features.","fundamental2_120d_quantile5_confidence_score","2","GBR","{""id"":""model-risk-based-models"",""name"":""Risk Based Models""}","[]","MATRIX","TOP700","0"
"0","{""id"":""model"",""name"":""Model""}","0.3241","{""id"":""multifactor_return_pred"",""name"":""Multi Factor Market Return Predictions""}","0.6008","2026-07-01","1","120-day single-quantile return prediction using secondary set of fundamental features.","fundamental2_120d_single_quantile_forecast","2","GBR","{""id"":""model-risk-based-models"",""name"":""Risk Based Models""}","[]","MATRIX","TOP700","0"
"0","{""id"":""model"",""name"":""Model""}","0.3241","{""id"":""multifactor_return_pred"",""name"":""Multi Factor Market Return Predictions""}","0.6008","2026-07-01","1","Model confidence score for 60-day, 5-quantile return prediction using secondary fundamental features.","fundamental2_60d_5quantile_confidence_score","2","GBR","{""id"":""model-risk-based-models"",""name"":""Risk Based Models""}","[]","MATRIX","TOP700","0"
"0","{""id"":""model"",""name"":""Model""}","0.3241","{""id"":""multifactor_return_pred"",""name"":""Multi Factor Market Return Predictions""}","0.6008","2026-07-01","1","60-day, 5-quantile return prediction using secondary set of fundamental features.","fundamental2_60d_5quantile_pred","2","GBR","{""id"":""model-risk-based-models"",""name"":""Risk Based Models""}","[]","MATRIX","TOP700","0"
"0","{""id"":""model"",""name"":""Model""}","0.3241","{""id"":""multifactor_return_pred"",""name"":""Multi Factor Market Return Predictions""}","0.6008","2026-07-01","1","60-day prediction using alternate fundamental features, quantile 1 (multi-model variant).","fundamental2_60d_quantile1_pred_mfml","2","GBR","{""id"":""model-risk-based-models"",""name"":""Risk Based Models""}","[]","MATRIX","TOP700","0"
"0","{""id"":""model"",""name"":""Model""}","0.3241","{""id"":""multifactor_return_pred"",""name"":""Multi Factor Market Return Predictions""}","0.6008","2026-07-01","1","Classification of 60-day return using secondary fundamental features into one of five quantile buckets.","fundamental2_60d_quantile5_classification","2","GBR","{""id"":""model-risk-based-models"",""name"":""Risk Based Models""}","[]","MATRIX","TOP700","0"
"0","{""id"":""model"",""name"":""Model""}","0.3241","{""id"":""multifactor_return_pred"",""name"":""Multi Factor Market Return Predictions""}","0.6008","2026-07-01","1","Model's confidence in the 5-bucket quantile prediction for 60-day return using secondary fundamental features.","fundamental2_60d_quantile5_confidence_score","2","GBR","{""id"":""model-risk-based-models"",""name"":""Risk Based Models""}","[]","MATRIX","TOP700","0"
"0","{""id"":""model"",""name"":""Model""}","0.3241","{""id"":""multifactor_return_pred"",""name"":""Multi Factor Market Return Predictions""}","0.6008","2026-07-01","1","60-day prediction using alternate fundamental features, quantile 5 (multi-model variant).","fundamental2_60d_quantile5_pred_mfml","2","GBR","{""id"":""model-risk-based-models"",""name"":""Risk Based Models""}","[]","MATRIX","TOP700","0"
"0","{""id"":""model"",""name"":""Model""}","0.3241","{""id"":""multifactor_return_pred"",""name"":""Multi Factor Market Return Predictions""}","0.6008","2026-07-01","1","60-day forward return prediction using secondary set of fundamental features.","fundamental2_60d_regression_prediction","2","GBR","{""id"":""model-risk-based-models"",""name"":""Risk Based Models""}","[]","MATRIX","TOP700","0"
"0","{""id"":""model"",""name"":""Model""}","0.3241","{""id"":""multifactor_return_pred"",""name"":""Multi Factor Market Return Predictions""}","0.6008","2026-07-01","1","60-day, single-quantile return prediction using secondary set of fundamental features.","fundamental2_60d_single_quantile_pred","2","GBR","{""id"":""model-risk-based-models"",""name"":""Risk Based Models""}","[]","MATRIX","TOP700","0"
"0","{""id"":""model"",""name"":""Model""}","0.3247","{""id"":""multifactor_return_pred"",""name"":""Multi Factor Market Return Predictions""}","0.6008","2026-07-01","1","60-day return prediction using alternate fundamental data fields, quantile 1.","fundamental2_based_return_60d_quantile1","2","GBR","{""id"":""model-risk-based-models"",""name"":""Risk Based Models""}","[]","MATRIX","TOP700","0"
"0","{""id"":""model"",""name"":""Model""}","0.3241","{""id"":""multifactor_return_pred"",""name"":""Multi Factor Market Return Predictions""}","0.6008","2026-07-01","1","Return prediction using secondary fundamental data over 60 days.","fundamental2_based_return_pred_r60","2","GBR","{""id"":""model-risk-based-models"",""name"":""Risk Based Models""}","[]","MATRIX","TOP700","0"
"0","{""id"":""model"",""name"":""Model""}","0.3247","{""id"":""multifactor_return_pred"",""name"":""Multi Factor Market Return Predictions""}","0.6008","2026-07-01","1","Second set of fundamental data-based 60-day, 5-quantile classification prediction.","fundamental2_quantile5_pred_r60","2","GBR","{""id"":""model-risk-based-models"",""name"":""Risk Based Models""}","[]","MATRIX","TOP700","0"
"0","{""id"":""model"",""name"":""Model""}","0.3247","{""id"":""multifactor_return_pred"",""name"":""Multi Factor Market Return Predictions""}","0.6008","2026-07-01","1","Model confidence score for 120-day alternative fundamental-based 5-bucket classification.","fundamental_alt_120d_5bucket_class_confidence","2","GBR","{""id"":""model-risk-based-models"",""name"":""Risk Based Models""}","[]","MATRIX","TOP700","0"
"0","{""id"":""model"",""name"":""Model""}","0.3241","{""id"":""multifactor_return_pred"",""name"":""Multi Factor Market Return Predictions""}","0.6008","2026-07-01","1","120-day forward return classification into five buckets using alternative fundamental features (SolarEquiNox variant).","fundamental_alt_120d_5bucket_class_pred_solar","2","GBR","{""id"":""model-risk-based-models"",""name"":""Risk Based Models""}","[]","MATRIX","TOP700","0"
"0","{""id"":""model"",""name"":""Model""}","0.3247","{""id"":""multifactor_return_pred"",""name"":""Multi Factor Market Return Predictions""}","0.6008","2026-07-01","1","Model confidence for classifying 120-day return into quantile 5 using alternative fundamental data.","fundamental_alt_120d_qtile5_confidence_score","2","GBR","{""id"":""model-risk-based-models"",""name"":""Risk Based Models""}","[]","MATRIX","TOP700","0"
"0","{""id"":""model"",""name"":""Model""}","0.3247","{""id"":""multifactor_return_pred"",""name"":""Multi Factor Market Return Predictions""}","0.6008","2026-07-01","1","Regression-based 120-day forward return prediction using alternative fundamental features.","fundamental_alt_120d_regression_pred","2","GBR","{""id"":""model-risk-based-models"",""name"":""Risk Based Models""}","[]","MATRIX","TOP700","0"
"0","{""id"":""model"",""name"":""Model""}","0.3241","{""id"":""multifactor_return_pred"",""name"":""Multi Factor Market Return Predictions""}","0.6008","2026-07-01","1","Regression-based 120-day forward return prediction using alternative fundamental features (SolarEquiNox variant).","fundamental_alt_120d_regression_pred_solar","2","GBR","{""id"":""model-risk-based-models"",""name"":""Risk Based Models""}","[]","MATRIX","TOP700","0"
"0","{""id"":""model"",""name"":""Model""}","0.3247","{""id"":""multifactor_return_pred"",""name"":""Multi Factor Market Return Predictions""}","0.6008","2026-07-01","1","Predicted 120-day forward return using alternative fundamental features.","fundamental_alt_120d_regress_return_pred","2","GBR","{""id"":""model-risk-based-models"",""name"":""Risk Based Models""}","[]","MATRIX","TOP700","0"
"0","{""id"":""model"",""name"":""Model""}","0.3247","{""id"":""multifactor_return_pred"",""name"":""Multi Factor Market Return Predictions""}","0.6008","2026-07-01","1","Model confidence score for 60-day alternative fundamental-based 5-bucket classification.","fundamental_alt_60d_5bucket_class_confidence","2","GBR","{""id"":""model-risk-based-models"",""name"":""Risk Based Models""}","[]","MATRIX","TOP700","0"
"0","{""id"":""model"",""name"":""Model""}","0.4806","{""id"":""multifactor_return_pred"",""name"":""Multi Factor Market Return Predictions""}","0.6008","2026-07-01","1","120-day long horizon alternate hedge prediction, quantile 1 (multi-model variant).","long_hedge2_120d_quantile1_pred_mfml","2","GBR","{""id"":""model-risk-based-models"",""name"":""Risk Based Models""}","[]","MATRIX","TOP700","0"
"0","{""id"":""model"",""name"":""Model""}","0.4806","{""id"":""multifactor_return_pred"",""name"":""Multi Factor Market Return Predictions""}","0.6008","2026-07-01","1","120-day long horizon alternate hedge prediction, quantile 5 (multi-model variant, low correlation).","long_hedge2_120d_quantile5_pred_mfml","2","GBR","{""id"":""model-risk-based-models"",""name"":""Risk Based Models""}","[]","MATRIX","TOP700","0"
"0","{""id"":""model"",""name"":""Model""}","0.4806","{""id"":""multifactor_return_pred"",""name"":""Multi Factor Market Return Predictions""}","0.6008","2026-07-01","1","60-day long horizon alternate hedge prediction, quantile 1 (multi-model variant, low correlation).","long_hedge2_60d_quantile1_pred_mfml","2","GBR","{""id"":""model-risk-based-models"",""name"":""Risk Based Models""}","[]","MATRIX","TOP700","0"
"0","{""id"":""model"",""name"":""Model""}","0.4806","{""id"":""multifactor_return_pred"",""name"":""Multi Factor Market Return Predictions""}","0.6008","2026-07-01","1","60-day long horizon alternate hedge prediction, quantile 5 (multi-model variant, low correlation).","long_hedge2_60d_quantile5_pred_mfml","2","GBR","{""id"":""model-risk-based-models"",""name"":""Risk Based Models""}","[]","MATRIX","TOP700","0"
"0","{""id"":""model"",""name"":""Model""}","0.4804","{""id"":""multifactor_return_pred"",""name"":""Multi Factor Market Return Predictions""}","0.6008","2026-07-01","1","Alternate long-term, 120-day, quantile 1 hedge signal prediction.","long_hedge2_quantile1_r120_pred","2","GBR","{""id"":""model-risk-based-models"",""name"":""Risk Based Models""}","[]","MATRIX","TOP700","0"
"0","{""id"":""model"",""name"":""Model""}","0.4804","{""id"":""multifactor_return_pred"",""name"":""Multi Factor Market Return Predictions""}","0.6008","2026-07-01","1","Alternate long-term, 60-day, quantile 1 hedge signal prediction.","long_hedge2_quantile1_r60_pred","2","GBR","{""id"":""model-risk-based-models"",""name"":""Risk Based Models""}","[]","MATRIX","TOP700","0"
"0","{""id"":""model"",""name"":""Model""}","0.4804","{""id"":""multifactor_return_pred"",""name"":""Multi Factor Market Return Predictions""}","0.6008","2026-07-01","1","Model confidence for alternate long-term, 120-day, quantile 5 hedge signal.","long_hedge2_quantile5_confidence_r120","2","GBR","{""id"":""model-risk-based-models"",""name"":""Risk Based Models""}","[]","MATRIX","TOP700","0"
"0","{""id"":""model"",""name"":""Model""}","0.4804","{""id"":""multifactor_return_pred"",""name"":""Multi Factor Market Return Predictions""}","0.6008","2026-07-01","1","Model confidence for alternate long-term, 60-day, quantile 5 hedge signal.","long_hedge2_quantile5_confidence_r60","2","GBR","{""id"":""model-risk-based-models"",""name"":""Risk Based Models""}","[]","MATRIX","TOP700","0"
"0","{""id"":""model"",""name"":""Model""}","0.4804","{""id"":""multifactor_return_pred"",""name"":""Multi Factor Market Return Predictions""}","0.6008","2026-07-01","1","Alternate long-term, 120-day, quantile 5 hedge signal prediction.","long_hedge2_quantile5_r120_pred","2","GBR","{""id"":""model-risk-based-models"",""name"":""Risk Based Models""}","[]","MATRIX","TOP700","0"
"0","{""id"":""model"",""name"":""Model""}","0.4804","{""id"":""multifactor_return_pred"",""name"":""Multi Factor Market Return Predictions""}","0.6008","2026-07-01","1","Alternate long-term, 60-day, quantile 5 hedge signal prediction.","long_hedge2_quantile5_r60_pred","2","GBR","{""id"":""model-risk-based-models"",""name"":""Risk Based Models""}","[]","MATRIX","TOP700","0"
"0","{""id"":""model"",""name"":""Model""}","0.4804","{""id"":""multifactor_return_pred"",""name"":""Multi Factor Market Return Predictions""}","0.6008","2026-07-01","1","Third variant of long-horizon 120-day hedge signal classified into five quantile buckets (SolarEquiNox variant).","long_hedge3_120d_5bucket_class_pred_solar","2","GBR","{""id"":""model-risk-based-models"",""name"":""Risk Based Models""}","[]","MATRIX","TOP700","0"
"0","{""id"":""model"",""name"":""Model""}","0.4804","{""id"":""multifactor_return_pred"",""name"":""Multi Factor Market Return Predictions""}","0.6008","2026-07-01","1","Third variant of long-horizon 120-day hedge signal (regression output).","long_hedge3_120d_regression_pred","2","GBR","{""id"":""model-risk-based-models"",""name"":""Risk Based Models""}","[]","MATRIX","TOP700","0"
"0","{""id"":""model"",""name"":""Model""}","0.4804","{""id"":""multifactor_return_pred"",""name"":""Multi Factor Market Return Predictions""}","0.6008","2026-07-01","1","Third variant of long-horizon 120-day hedge signal (regression output, SolarEquiNox variant).","long_hedge3_120d_regression_pred_solar","2","GBR","{""id"":""model-risk-based-models"",""name"":""Risk Based Models""}","[]","MATRIX","TOP700","0"
"0","{""id"":""model"",""name"":""Model""}","0.4804","{""id"":""multifactor_return_pred"",""name"":""Multi Factor Market Return Predictions""}","0.6008","2026-07-01","1","Model confidence score for third variant of long-term 60-day hedge signal (5-bucket classification).","long_hedge3_60d_5bucket_class_confidence","2","GBR","{""id"":""model-risk-based-models"",""name"":""Risk Based Models""}","[]","MATRIX","TOP700","0"
"0","{""id"":""model"",""name"":""Model""}","0.4804","{""id"":""multifactor_return_pred"",""name"":""Multi Factor Market Return Predictions""}","0.6008","2026-07-01","1","Third variant of long-term 60-day hedge signal classified into five quantile buckets (SolarEquiNox variant).","long_hedge3_60d_5bucket_class_pred_solar","2","GBR","{""id"":""model-risk-based-models"",""name"":""Risk Based Models""}","[]","MATRIX","TOP700","0"
"0","{""id"":""model"",""name"":""Model""}","0.4804","{""id"":""multifactor_return_pred"",""name"":""Multi Factor Market Return Predictions""}","0.6008","2026-07-01","1","Third variant of long-term hedge signal, 60-day, 5-quantile classification prediction.","long_hedge3_quantile5_pred_r60","2","GBR","{""id"":""model-risk-based-models"",""name"":""Risk Based Models""}","[]","MATRIX","TOP700","0"
"0","{""id"":""model"",""name"":""Model""}","0.4804","{""id"":""multifactor_return_pred"",""name"":""Multi Factor Market Return Predictions""}","0.6008","2026-07-01","1","Model confidence score for 120-day, 5-quantile long-horizon hedge signal.","long_hedge_120d_5quantile_confidence_score","2","GBR","{""id"":""model-risk-based-models"",""name"":""Risk Based Models""}","[]","MATRIX","TOP700","0"
"0","{""id"":""model"",""name"":""Model""}","0.4804","{""id"":""multifactor_return_pred"",""name"":""Multi Factor Market Return Predictions""}","0.6008","2026-07-01","1","Model confidence score for long-horizon hedge signal, 120-day period, quantile 5.","long_hedge_120d_q5_confidence_score","2","GBR","{""id"":""model-risk-based-models"",""name"":""Risk Based Models""}","[]","MATRIX","TOP700","0"
"0","{""id"":""model"",""name"":""Model""}","0.4804","{""id"":""multifactor_return_pred"",""name"":""Multi Factor Market Return Predictions""}","0.6008","2026-07-01","1","120-day long horizon hedge prediction, quantile 1 (low correlation signal).","long_hedge_120d_quantile1_pred","2","GBR","{""id"":""model-risk-based-models"",""name"":""Risk Based Models""}","[]","MATRIX","TOP700","0"
"0","{""id"":""model"",""name"":""Model""}","0.4804","{""id"":""multifactor_return_pred"",""name"":""Multi Factor Market Return Predictions""}","0.6008","2026-07-01","1","Model confidence score for 120-day long horizon hedge quantile 5 prediction.","long_hedge_120d_quantile5_confidence_score","2","GBR","{""id"":""model-risk-based-models"",""name"":""Risk Based Models""}","[]","MATRIX","TOP700","0"
"0","{""id"":""model"",""name"":""Model""}","0.4804","{""id"":""multifactor_return_pred"",""name"":""Multi Factor Market Return Predictions""}","0.6008","2026-07-01","1","Long-horizon 120-day hedge signal with low correlation to main predictions (regression output).","long_hedge_120d_regression_pred","2","GBR","{""id"":""model-risk-based-models"",""name"":""Risk Based Models""}","[]","MATRIX","TOP700","0"
"0","{""id"":""model"",""name"":""Model""}","0.4804","{""id"":""multifactor_return_pred"",""name"":""Multi Factor Market Return Predictions""}","0.6008","2026-07-01","1","Model confidence score for long-term 60-day hedge signal (5-bucket classification, SolarEquiNox variant).","long_hedge_60d_5bucket_class_confidence_solar","2","GBR","{""id"":""model-risk-based-models"",""name"":""Risk Based Models""}","[]","MATRIX","TOP700","0"
"0","{""id"":""model"",""name"":""Model""}","0.4804","{""id"":""multifactor_return_pred"",""name"":""Multi Factor Market Return Predictions""}","0.6008","2026-07-01","1","Model confidence score for 60-day, 5-quantile long-horizon hedge signal.","long_hedge_60d_5quantile_confidence_score","2","GBR","{""id"":""model-risk-based-models"",""name"":""Risk Based Models""}","[]","MATRIX","TOP700","0"
"0","{""id"":""model"",""name"":""Model""}","0.4804","{""id"":""multifactor_return_pred"",""name"":""Multi Factor Market Return Predictions""}","0.6008","2026-07-01","1","Model confidence score for long-horizon hedge signal, 60-day period, quantile 5.","long_hedge_60d_q5_confidence_score","2","GBR","{""id"":""model-risk-based-models"",""name"":""Risk Based Models""}","[]","MATRIX","TOP700","0"
"0","{""id"":""model"",""name"":""Model""}","0.4804","{""id"":""multifactor_return_pred"",""name"":""Multi Factor Market Return Predictions""}","0.6008","2026-07-01","1","Long-horizon 60-day hedge signal (regression output, SolarEquiNox variant).","long_hedge_60d_regression_pred_solar","2","GBR","{""id"":""model-risk-based-models"",""name"":""Risk Based Models""}","[]","MATRIX","TOP700","0"
"0","{""id"":""model"",""name"":""Model""}","0.4804","{""id"":""multifactor_return_pred"",""name"":""Multi Factor Market Return Predictions""}","0.6008","2026-07-01","1","Long-term, 120-day, quantile 1 hedge signal prediction.","long_hedge_quantile1_r120_pred","2","GBR","{""id"":""model-risk-based-models"",""name"":""Risk Based Models""}","[]","MATRIX","TOP700","0"
"0","{""id"":""model"",""name"":""Model""}","0.4804","{""id"":""multifactor_return_pred"",""name"":""Multi Factor Market Return Predictions""}","0.6008","2026-07-01","1","Long-term, 60-day, quantile 1 hedge signal prediction.","long_hedge_quantile1_r60_pred","2","GBR","{""id"":""model-risk-based-models"",""name"":""Risk Based Models""}","[]","MATRIX","TOP700","0"
"0","{""id"":""model"",""name"":""Model""}","0.4804","{""id"":""multifactor_return_pred"",""name"":""Multi Factor Market Return Predictions""}","0.6008","2026-07-01","1","Long-term, 60-day, quantile 1 hedge signal prediction from Mfm2 module.","long_hedge_quantile1_r60_pred_mfm2","2","GBR","{""id"":""model-risk-based-models"",""name"":""Risk Based Models""}","[]","MATRIX","TOP700","0"
"0","{""id"":""model"",""name"":""Model""}","0.4804","{""id"":""multifactor_return_pred"",""name"":""Multi Factor Market Return Predictions""}","0.6008","2026-07-01","1","Model confidence for long-term, 120-day, quantile 5 hedge signal.","long_hedge_quantile5_confidence_r120","2","GBR","{""id"":""model-risk-based-models"",""name"":""Risk Based Models""}","[]","MATRIX","TOP700","0"
"0","{""id"":""model"",""name"":""Model""}","0.4804","{""id"":""multifactor_return_pred"",""name"":""Multi Factor Market Return Predictions""}","0.6008","2026-07-01","1","Model confidence for long-term, 60-day, quantile 5 hedge signal.","long_hedge_quantile5_confidence_r60","2","GBR","{""id"":""model-risk-based-models"",""name"":""Risk Based Models""}","[]","MATRIX","TOP700","0"
"0","{""id"":""model"",""name"":""Model""}","0.4804","{""id"":""multifactor_return_pred"",""name"":""Multi Factor Market Return Predictions""}","0.6008","2026-07-01","1","Model confidence for long-term, 60-day, quantile 5 hedge signal from Mfm2 module.","long_hedge_quantile5_confidence_r60_mfm2","2","GBR","{""id"":""model-risk-based-models"",""name"":""Risk Based Models""}","[]","MATRIX","TOP700","0"
"0","{""id"":""model"",""name"":""Model""}","0.4804","{""id"":""multifactor_return_pred"",""name"":""Multi Factor Market Return Predictions""}","0.6008","2026-07-01","1","Long-term, 120-day, quantile 5 hedge signal prediction.","long_hedge_quantile5_r120_pred","2","GBR","{""id"":""model-risk-based-models"",""name"":""Risk Based Models""}","[]","MATRIX","TOP700","0"
"0","{""id"":""model"",""name"":""Model""}","0.4804","{""id"":""multifactor_return_pred"",""name"":""Multi Factor Market Return Predictions""}","0.6008","2026-07-01","1","Long-term, 120-day, quantile 5 hedge signal prediction from Mfm2 module.","long_hedge_quantile5_r120_pred_mfm2","2","GBR","{""id"":""model-risk-based-models"",""name"":""Risk Based Models""}","[]","MATRIX","TOP700","0"
"0","{""id"":""model"",""name"":""Model""}","0.4804","{""id"":""multifactor_return_pred"",""name"":""Multi Factor Market Return Predictions""}","0.6008","2026-07-01","1","Long-term, 60-day, quantile 5 hedge signal prediction.","long_hedge_quantile5_r60_pred","2","GBR","{""id"":""model-risk-based-models"",""name"":""Risk Based Models""}","[]","MATRIX","TOP700","0"
"0","{""id"":""model"",""name"":""Model""}","0.4804","{""id"":""multifactor_return_pred"",""name"":""Multi Factor Market Return Predictions""}","0.6008","2026-07-01","1","Long-term, 60-day, quantile 5 hedge signal prediction from Mfm2 module.","long_hedge_quantile5_r60_pred_mfm2","2","GBR","{""id"":""model-risk-based-models"",""name"":""Risk Based Models""}","[]","MATRIX","TOP700","0"
"0","{""id"":""model"",""name"":""Model""}","0.4806","{""id"":""multifactor_return_pred"",""name"":""Multi Factor Market Return Predictions""}","0.6008","2026-07-01","1","Model confidence score for the second long-horizon hedge signal (120-day), quantile 5.","long_horizon_hedge2_120d_quantile5_confidence","2","GBR","{""id"":""model-risk-based-models"",""name"":""Risk Based Models""}","[]","MATRIX","TOP700","0"
"0","{""id"":""model"",""name"":""Model""}","0.4806","{""id"":""multifactor_return_pred"",""name"":""Multi Factor Market Return Predictions""}","0.6008","2026-07-01","1","Model confidence score for the second long-horizon hedge signal (60-day), quantile 5.","long_horizon_hedge2_60d_quantile5_confidence","2","GBR","{""id"":""model-risk-based-models"",""name"":""Risk Based Models""}","[]","MATRIX","TOP700","0"
"0","{""id"":""model"",""name"":""Model""}","0.4804","{""id"":""multifactor_return_pred"",""name"":""Multi Factor Market Return Predictions""}","0.6008","2026-07-01","1","Long-horizon 120-day regression-based return prediction.","long_pred_120d_regression_pred","2","GBR","{""id"":""model-risk-based-models"",""name"":""Risk Based Models""}","[]","MATRIX","TOP700","0"
"0","{""id"":""model"",""name"":""Model""}","0.4804","{""id"":""multifactor_return_pred"",""name"":""Multi Factor Market Return Predictions""}","0.6008","2026-07-01","1","Model confidence score for long-horizon 60-day 5-bucket classification prediction.","long_pred_60d_5bucket_class_confidence","2","GBR","{""id"":""model-risk-based-models"",""name"":""Risk Based Models""}","[]","MATRIX","TOP700","0"
"0","{""id"":""model"",""name"":""Model""}","0.4804","{""id"":""multifactor_return_pred"",""name"":""Multi Factor Market Return Predictions""}","0.6008","2026-07-01","1","Model confidence score for long-horizon 60-day 5-bucket classification prediction (SolarEquiNox variant).","long_pred_60d_5bucket_class_confidence_solar","2","GBR","{""id"":""model-risk-based-models"",""name"":""Risk Based Models""}","[]","MATRIX","TOP700","0"
"0","{""id"":""model"",""name"":""Model""}","0.4804","{""id"":""multifactor_return_pred"",""name"":""Multi Factor Market Return Predictions""}","0.6008","2026-07-01","1","Model confidence score for long-horizon prediction, 60-day period, quantile 5.","long_pred_60d_q5_confidence_score","2","GBR","{""id"":""model-risk-based-models"",""name"":""Risk Based Models""}","[]","MATRIX","TOP700","0"
"0","{""id"":""model"",""name"":""Model""}","0.4804","{""id"":""multifactor_return_pred"",""name"":""Multi Factor Market Return Predictions""}","0.6008","2026-07-01","1","Long-horizon prediction adjusted for 2-phase regime, 120-day period, quantile 1.","long_pred_regime2_120d_q1","2","GBR","{""id"":""model-risk-based-models"",""name"":""Risk Based Models""}","[]","MATRIX","TOP700","0"
"0","{""id"":""model"",""name"":""Model""}","0.4804","{""id"":""multifactor_return_pred"",""name"":""Multi Factor Market Return Predictions""}","0.6008","2026-07-01","1","Long-horizon 120-day regression prediction adjusted for two-phase market regime.","long_pred_regime2_120d_regression_pred","2","GBR","{""id"":""model-risk-based-models"",""name"":""Risk Based Models""}","[]","MATRIX","TOP700","0"
"0","{""id"":""model"",""name"":""Model""}","0.4804","{""id"":""multifactor_return_pred"",""name"":""Multi Factor Market Return Predictions""}","0.6008","2026-07-01","1","Long-horizon prediction adjusted for 2-phase regime, 60-day period, quantile 1.","long_pred_regime2_60d_q1","2","GBR","{""id"":""model-risk-based-models"",""name"":""Risk Based Models""}","[]","MATRIX","TOP700","0"
"0","{""id"":""model"",""name"":""Model""}","0.4804","{""id"":""multifactor_return_pred"",""name"":""Multi Factor Market Return Predictions""}","0.6008","2026-07-01","1","Long-horizon 60-day regression prediction adjusted for two-phase market regime (SolarEquiNox variant).","long_pred_regime2_60d_regression_pred_solar","2","GBR","{""id"":""model-risk-based-models"",""name"":""Risk Based Models""}","[]","MATRIX","TOP700","0"
"0","{""id"":""model"",""name"":""Model""}","0.4804","{""id"":""multifactor_return_pred"",""name"":""Multi Factor Market Return Predictions""}","0.6008","2026-07-01","1","Long-horizon prediction adjusted for 4-phase regime, 120-day period, quantile 1.","long_pred_regime4_120d_q1","2","GBR","{""id"":""model-risk-based-models"",""name"":""Risk Based Models""}","[]","MATRIX","TOP700","0"
"0","{""id"":""model"",""name"":""Model""}","0.4804","{""id"":""multifactor_return_pred"",""name"":""Multi Factor Market Return Predictions""}","0.6008","2026-07-01","1","Long-horizon 120-day regression prediction adjusted for four-phase market regime.","long_pred_regime4_120d_regression_pred","2","GBR","{""id"":""model-risk-based-models"",""name"":""Risk Based Models""}","[]","MATRIX","TOP700","0"
"0","{""id"":""model"",""name"":""Model""}","0.4804","{""id"":""multifactor_return_pred"",""name"":""Multi Factor Market Return Predictions""}","0.6008","2026-07-01","1","Long-horizon prediction adjusted for 4-phase regime, 60-day period, quantile 1.","long_pred_regime4_60d_q1","2","GBR","{""id"":""model-risk-based-models"",""name"":""Risk Based Models""}","[]","MATRIX","TOP700","0"
"0","{""id"":""model"",""name"":""Model""}","0.4804","{""id"":""multifactor_return_pred"",""name"":""Multi Factor Market Return Predictions""}","0.6008","2026-07-01","1","Long-horizon 60-day regression prediction adjusted for four-phase market regime.","long_pred_regime4_60d_regression_pred","2","GBR","{""id"":""model-risk-based-models"",""name"":""Risk Based Models""}","[]","MATRIX","TOP700","0"
"0","{""id"":""model"",""name"":""Model""}","0.4804","{""id"":""multifactor_return_pred"",""name"":""Multi Factor Market Return Predictions""}","0.6008","2026-07-01","1","Long-horizon prediction adjusted for seasonal effects, 120-day period, quantile 1.","long_pred_seasonal_120d_q1","2","GBR","{""id"":""model-risk-based-models"",""name"":""Risk Based Models""}","[]","MATRIX","TOP700","0"
"0","{""id"":""model"",""name"":""Model""}","0.4804","{""id"":""multifactor_return_pred"",""name"":""Multi Factor Market Return Predictions""}","0.6008","2026-07-01","1","Long-horizon prediction adjusted for seasonal effects, 60-day period, quantile 1.","long_pred_seasonal_60d_q1","2","GBR","{""id"":""model-risk-based-models"",""name"":""Risk Based Models""}","[]","MATRIX","TOP700","0"
"0","{""id"":""model"",""name"":""Model""}","0.4804","{""id"":""multifactor_return_pred"",""name"":""Multi Factor Market Return Predictions""}","0.6008","2026-07-01","1","Model confidence score for 120-day, 5-quantile long-horizon return prediction.","long_term_120d_5quantile_confidence_score","2","GBR","{""id"":""model-risk-based-models"",""name"":""Risk Based Models""}","[]","MATRIX","TOP700","0"
"0","{""id"":""model"",""name"":""Model""}","0.4804","{""id"":""multifactor_return_pred"",""name"":""Multi Factor Market Return Predictions""}","0.6008","2026-07-01","1","Long-horizon (120-day) 5-quantile return prediction.","long_term_120d_5quantile_pred","2","GBR","{""id"":""model-risk-based-models"",""name"":""Risk Based Models""}","[]","MATRIX","TOP700","0"
"0","{""id"":""model"",""name"":""Model""}","0.4804","{""id"":""multifactor_return_pred"",""name"":""Multi Factor Market Return Predictions""}","0.6008","2026-07-01","1","Long-horizon (120-day) 5-quantile return prediction (alternate model version).","long_term_120d_5quantile_pred_m1","2","GBR","{""id"":""model-risk-based-models"",""name"":""Risk Based Models""}","[]","MATRIX","TOP700","0"
"0","{""id"":""model"",""name"":""Model""}","0.4804","{""id"":""multifactor_return_pred"",""name"":""Multi Factor Market Return Predictions""}","0.6008","2026-07-01","1","120-day long horizon return prediction, quantile 1.","long_term_120d_quantile1_pred","2","GBR","{""id"":""model-risk-based-models"",""name"":""Risk Based Models""}","[]","MATRIX","TOP700","0"
"0","{""id"":""model"",""name"":""Model""}","0.4804","{""id"":""multifactor_return_pred"",""name"":""Multi Factor Market Return Predictions""}","0.6008","2026-07-01","1","Classification of 120-day long-horizon return into one of five quantile buckets.","long_term_120d_quantile5_classification","2","GBR","{""id"":""model-risk-based-models"",""name"":""Risk Based Models""}","[]","MATRIX","TOP700","0"
"0","{""id"":""model"",""name"":""Model""}","0.4804","{""id"":""multifactor_return_pred"",""name"":""Multi Factor Market Return Predictions""}","0.6008","2026-07-01","1","Model confidence score for 120-day long horizon quantile 5 prediction.","long_term_120d_quantile5_confidence_score","2","GBR","{""id"":""model-risk-based-models"",""name"":""Risk Based Models""}","[]","MATRIX","TOP700","0"
"0","{""id"":""model"",""name"":""Model""}","0.4804","{""id"":""multifactor_return_pred"",""name"":""Multi Factor Market Return Predictions""}","0.6008","2026-07-01","1","Model's confidence in the 5-bucket quantile prediction for 120-day long-term return.","long_term_120d_quantile5_confidence_score_2","2","GBR","{""id"":""model-risk-based-models"",""name"":""Risk Based Models""}","[]","MATRIX","TOP700","0"
"0","{""id"":""model"",""name"":""Model""}","0.4806","{""id"":""multifactor_return_pred"",""name"":""Multi Factor Market Return Predictions""}","0.6008","2026-07-01","1","Model confidence score for 120-day long horizon quantile 5 prediction (multi-model variant).","long_term_120d_quantile5_confidence_score_mfml","2","GBR","{""id"":""model-risk-based-models"",""name"":""Risk Based Models""}","[]","MATRIX","TOP700","0"
"0","{""id"":""model"",""name"":""Model""}","0.4804","{""id"":""multifactor_return_pred"",""name"":""Multi Factor Market Return Predictions""}","0.6008","2026-07-01","1","120-day long horizon return prediction, quantile 5.","long_term_120d_quantile5_pred","2","GBR","{""id"":""model-risk-based-models"",""name"":""Risk Based Models""}","[]","MATRIX","TOP700","0"
"0","{""id"":""model"",""name"":""Model""}","0.4804","{""id"":""multifactor_return_pred"",""name"":""Multi Factor Market Return Predictions""}","0.6008","2026-07-01","1","120-day long-horizon regression-based return forecast.","long_term_120d_regression_prediction","2","GBR","{""id"":""model-risk-based-models"",""name"":""Risk Based Models""}","[]","MATRIX","TOP700","0"
"0","{""id"":""model"",""name"":""Model""}","0.4804","{""id"":""multifactor_return_pred"",""name"":""Multi Factor Market Return Predictions""}","0.6008","2026-07-01","1","Predicted 120-day forward return using all available features.","long_term_120d_regress_return_pred","2","GBR","{""id"":""model-risk-based-models"",""name"":""Risk Based Models""}","[]","MATRIX","TOP700","0"
"0","{""id"":""model"",""name"":""Model""}","0.4804","{""id"":""multifactor_return_pred"",""name"":""Multi Factor Market Return Predictions""}","0.6008","2026-07-01","1","Model confidence score for 60-day, 5-quantile long-horizon return prediction.","long_term_60d_5quantile_confidence_score","2","GBR","{""id"":""model-risk-based-models"",""name"":""Risk Based Models""}","[]","MATRIX","TOP700","0"
"0","{""id"":""model"",""name"":""Model""}","0.4804","{""id"":""multifactor_return_pred"",""name"":""Multi Factor Market Return Predictions""}","0.6008","2026-07-01","1","Long-horizon (60-day) 5-quantile return prediction (alternate model version).","long_term_60d_5quantile_pred_m1","2","GBR","{""id"":""model-risk-based-models"",""name"":""Risk Based Models""}","[]","MATRIX","TOP700","0"
"0","{""id"":""model"",""name"":""Model""}","0.4804","{""id"":""multifactor_return_pred"",""name"":""Multi Factor Market Return Predictions""}","0.6008","2026-07-01","1","Classification of 60-day return into quantile 5 using long-horizon prediction model.","long_term_60d_qtile5_class_pred","2","GBR","{""id"":""model-risk-based-models"",""name"":""Risk Based Models""}","[]","MATRIX","TOP700","0"
"0","{""id"":""model"",""name"":""Model""}","0.4804","{""id"":""multifactor_return_pred"",""name"":""Multi Factor Market Return Predictions""}","0.6008","2026-07-01","1","60-day long horizon return prediction, quantile 1.","long_term_60d_quantile1_pred","2","GBR","{""id"":""model-risk-based-models"",""name"":""Risk Based Models""}","[]","MATRIX","TOP700","0"
"0","{""id"":""model"",""name"":""Model""}","0.4806","{""id"":""multifactor_return_pred"",""name"":""Multi Factor Market Return Predictions""}","0.6008","2026-07-01","1","60-day long horizon return prediction, quantile 1 (multi-model variant).","long_term_60d_quantile1_pred_mfml","2","GBR","{""id"":""model-risk-based-models"",""name"":""Risk Based Models""}","[]","MATRIX","TOP700","0"
"0","{""id"":""model"",""name"":""Model""}","0.4804","{""id"":""multifactor_return_pred"",""name"":""Multi Factor Market Return Predictions""}","0.6008","2026-07-01","1","Classification of 60-day forward return into one of five quantile buckets for long-term prediction.","long_term_60d_quantile5_classification","2","GBR","{""id"":""model-risk-based-models"",""name"":""Risk Based Models""}","[]","MATRIX","TOP700","0"
"0","{""id"":""model"",""name"":""Model""}","0.4804","{""id"":""multifactor_return_pred"",""name"":""Multi Factor Market Return Predictions""}","0.6008","2026-07-01","1","Model confidence score for 60-day long horizon quantile 5 prediction.","long_term_60d_quantile5_confidence_score","2","GBR","{""id"":""model-risk-based-models"",""name"":""Risk Based Models""}","[]","MATRIX","TOP700","0"
"0","{""id"":""model"",""name"":""Model""}","0.4806","{""id"":""multifactor_return_pred"",""name"":""Multi Factor Market Return Predictions""}","0.6008","2026-07-01","1","Model confidence score for 60-day long horizon quantile 5 prediction (multi-model variant).","long_term_60d_quantile5_confidence_score_mfml","2","GBR","{""id"":""model-risk-based-models"",""name"":""Risk Based Models""}","[]","MATRIX","TOP700","0"
"0","{""id"":""model"",""name"":""Model""}","0.4804","{""id"":""multifactor_return_pred"",""name"":""Multi Factor Market Return Predictions""}","0.6008","2026-07-01","1","60-day long horizon return prediction, quantile 5.","long_term_60d_quantile5_pred","2","GBR","{""id"":""model-risk-based-models"",""name"":""Risk Based Models""}","[]","MATRIX","TOP700","0"
"0","{""id"":""model"",""name"":""Model""}","0.4806","{""id"":""multifactor_return_pred"",""name"":""Multi Factor Market Return Predictions""}","0.6008","2026-07-01","1","60-day long horizon return prediction, quantile 5 (multi-model variant).","long_term_60d_quantile5_pred_mfml","2","GBR","{""id"":""model-risk-based-models"",""name"":""Risk Based Models""}","[]","MATRIX","TOP700","0"
"0","{""id"":""model"",""name"":""Model""}","0.4804","{""id"":""multifactor_return_pred"",""name"":""Multi Factor Market Return Predictions""}","0.6008","2026-07-01","1","Long-horizon (60-day) regression-based return forecast.","long_term_60d_regression_prediction","2","GBR","{""id"":""model-risk-based-models"",""name"":""Risk Based Models""}","[]","MATRIX","TOP700","0"
"0","{""id"":""model"",""name"":""Model""}","0.4804","{""id"":""multifactor_return_pred"",""name"":""Multi Factor Market Return Predictions""}","0.6008","2026-07-01","1","Long-horizon (60-day) single-quantile return prediction.","long_term_60d_single_quantile_pred","2","GBR","{""id"":""model-risk-based-models"",""name"":""Risk Based Models""}","[]","MATRIX","TOP700","0"
"0","{""id"":""model"",""name"":""Model""}","0.4804","{""id"":""multifactor_return_pred"",""name"":""Multi Factor Market Return Predictions""}","0.6008","2026-07-01","1","Alternative long-horizon (120-day) hedge signal variant 3, quantile bucket 5.","long_term_alternate_hedge3_quantile_120d","2","GBR","{""id"":""model-risk-based-models"",""name"":""Risk Based Models""}","[]","MATRIX","TOP700","0"
"0","{""id"":""model"",""name"":""Model""}","0.4804","{""id"":""multifactor_return_pred"",""name"":""Multi Factor Market Return Predictions""}","0.6008","2026-07-01","1","Long-horizon return prediction adjusted for 2-phase market regime over 120 days, single quantile output.","long_term_forecast_regime2_120d_single_quantile","2","GBR","{""id"":""model-risk-based-models"",""name"":""Risk Based Models""}","[]","MATRIX","TOP700","0"
"0","{""id"":""model"",""name"":""Model""}","0.4804","{""id"":""multifactor_return_pred"",""name"":""Multi Factor Market Return Predictions""}","0.6008","2026-07-01","1","Model confidence for long-horizon (120-day) hedge signal variant 3 in quantile 5.","long_term_hedge3_120d_quantile5_confidence","2","GBR","{""id"":""model-risk-based-models"",""name"":""Risk Based Models""}","[]","MATRIX","TOP700","0"
"0","{""id"":""model"",""name"":""Model""}","0.4804","{""id"":""multifactor_return_pred"",""name"":""Multi Factor Market Return Predictions""}","0.6008","2026-07-01","1","Model's confidence in the 5-bucket quantile prediction for 120-day long-horizon hedge3 signal.","long_term_hedge3_120d_quantile5_confidence_score","2","GBR","{""id"":""model-risk-based-models"",""name"":""Risk Based Models""}","[]","MATRIX","TOP700","0"
"0","{""id"":""model"",""name"":""Model""}","0.4804","{""id"":""multifactor_return_pred"",""name"":""Multi Factor Market Return Predictions""}","0.6008","2026-07-01","1","Model's confidence in the 5-bucket quantile prediction for 60-day long-horizon hedge3 signal.","long_term_hedge3_60d_quantile5_confidence_score","2","GBR","{""id"":""model-risk-based-models"",""name"":""Risk Based Models""}","[]","MATRIX","TOP700","0"
"0","{""id"":""model"",""name"":""Model""}","0.4804","{""id"":""multifactor_return_pred"",""name"":""Multi Factor Market Return Predictions""}","0.6008","2026-07-01","1","60-day forward return forecast from the third variant of long-horizon hedge signal.","long_term_hedge3_60d_regression_prediction","2","GBR","{""id"":""model-risk-based-models"",""name"":""Risk Based Models""}","[]","MATRIX","TOP700","0"
"0","{""id"":""model"",""name"":""Model""}","0.4804","{""id"":""multifactor_return_pred"",""name"":""Multi Factor Market Return Predictions""}","0.6008","2026-07-01","1","Classification of 120-day long-horizon hedge signal into one of five quantile buckets.","long_term_hedge_120d_quantile5_classification","2","GBR","{""id"":""model-risk-based-models"",""name"":""Risk Based Models""}","[]","MATRIX","TOP700","0"
"0","{""id"":""model"",""name"":""Model""}","0.4804","{""id"":""multifactor_return_pred"",""name"":""Multi Factor Market Return Predictions""}","0.6008","2026-07-01","1","Model's confidence in the 5-bucket quantile prediction for 120-day long-horizon hedge signal.","long_term_hedge_120d_quantile5_confidence_score","2","GBR","{""id"":""model-risk-based-models"",""name"":""Risk Based Models""}","[]","MATRIX","TOP700","0"
"0","{""id"":""model"",""name"":""Model""}","0.4804","{""id"":""multifactor_return_pred"",""name"":""Multi Factor Market Return Predictions""}","0.6008","2026-07-01","1","120-day forward return forecast from the primary long-horizon hedge signal.","long_term_hedge_120d_regression_prediction","2","GBR","{""id"":""model-risk-based-models"",""name"":""Risk Based Models""}","[]","MATRIX","TOP700","0"
"0","{""id"":""model"",""name"":""Model""}","0.4804","{""id"":""multifactor_return_pred"",""name"":""Multi Factor Market Return Predictions""}","0.6008","2026-07-01","1","Long-horizon 60-day hedge signal predicting membership in quantile 5, designed for low correlation with main signals.","long_term_hedge_60d_qtile5_class_pred","2","GBR","{""id"":""model-risk-based-models"",""name"":""Risk Based Models""}","[]","MATRIX","TOP700","0"
"0","{""id"":""model"",""name"":""Model""}","0.4804","{""id"":""multifactor_return_pred"",""name"":""Multi Factor Market Return Predictions""}","0.6008","2026-07-01","1","Classification of 60-day long-horizon hedge signal into one of five quantile buckets.","long_term_hedge_60d_quantile5_classification","2","GBR","{""id"":""model-risk-based-models"",""name"":""Risk Based Models""}","[]","MATRIX","TOP700","0"
"0","{""id"":""model"",""name"":""Model""}","0.4804","{""id"":""multifactor_return_pred"",""name"":""Multi Factor Market Return Predictions""}","0.6008","2026-07-01","1","Long-term hedge signal for 60-day horizon, 5-quantile classification prediction, designed for low correlation with main signal.","long_term_hedge_pred_r60_q5","2","GBR","{""id"":""model-risk-based-models"",""name"":""Risk Based Models""}","[]","MATRIX","TOP700","0"
"0","{""id"":""model"",""name"":""Model""}","0.4804","{""id"":""multifactor_return_pred"",""name"":""Multi Factor Market Return Predictions""}","0.6008","2026-07-01","1","Long-horizon hedge signal for 120-day period, quantile 1.","long_term_hedge_signal_120d_q1","2","GBR","{""id"":""model-risk-based-models"",""name"":""Risk Based Models""}","[]","MATRIX","TOP700","0"
"0","{""id"":""model"",""name"":""Model""}","0.4804","{""id"":""multifactor_return_pred"",""name"":""Multi Factor Market Return Predictions""}","0.6008","2026-07-01","1","Long-horizon hedge signal for 120-day period, quantile 5.","long_term_hedge_signal_120d_q5","2","GBR","{""id"":""model-risk-based-models"",""name"":""Risk Based Models""}","[]","MATRIX","TOP700","0"
"0","{""id"":""model"",""name"":""Model""}","0.4804","{""id"":""multifactor_return_pred"",""name"":""Multi Factor Market Return Predictions""}","0.6008","2026-07-01","1","Long-horizon hedge signal for 60-day period, quantile 1.","long_term_hedge_signal_60d_q1","2","GBR","{""id"":""model-risk-based-models"",""name"":""Risk Based Models""}","[]","MATRIX","TOP700","0"
"0","{""id"":""model"",""name"":""Model""}","0.4804","{""id"":""multifactor_return_pred"",""name"":""Multi Factor Market Return Predictions""}","0.6008","2026-07-01","1","Long-horizon (120-day) hedge signal assigned to quantile bucket 5, designed for low correlation with main signals.","long_term_hedge_signal_quantile_120d","2","GBR","{""id"":""model-risk-based-models"",""name"":""Risk Based Models""}","[]","MATRIX","TOP700","0"
"0","{""id"":""model"",""name"":""Model""}","0.4804","{""id"":""multifactor_return_pred"",""name"":""Multi Factor Market Return Predictions""}","0.6008","2026-07-01","1","Third variant of long-horizon hedge signal, 5-quantile, over 60 days.","long_term_hedge_variant3_quantile5_r60","2","GBR","{""id"":""model-risk-based-models"",""name"":""Risk Based Models""}","[]","MATRIX","TOP700","0"
"0","{""id"":""model"",""name"":""Model""}","0.4806","{""id"":""multifactor_return_pred"",""name"":""Multi Factor Market Return Predictions""}","0.6008","2026-07-01","1","Long-horizon (120-day) return prediction, quantile 5.","long_term_predicted_return_quantile5_120d","2","GBR","{""id"":""model-risk-based-models"",""name"":""Risk Based Models""}","[]","MATRIX","TOP700","0"
"0","{""id"":""model"",""name"":""Model""}","0.4806","{""id"":""multifactor_return_pred"",""name"":""Multi Factor Market Return Predictions""}","0.6008","2026-07-01","1","Long-term prediction over 120 days, quantile 1.","long_term_pred_120d_bin1","2","GBR","{""id"":""model-risk-based-models"",""name"":""Risk Based Models""}","[]","MATRIX","TOP700","0"
"0","{""id"":""model"",""name"":""Model""}","0.4804","{""id"":""multifactor_return_pred"",""name"":""Multi Factor Market Return Predictions""}","0.6008","2026-07-01","1","Model confidence for long-term prediction over 120 days, quantile 5, Mfmcr module.","long_term_pred_120d_bin5_confidence_mcr","2","GBR","{""id"":""model-risk-based-models"",""name"":""Risk Based Models""}","[]","MATRIX","TOP700","0"
"0","{""id"":""model"",""name"":""Model""}","0.4804","{""id"":""multifactor_return_pred"",""name"":""Multi Factor Market Return Predictions""}","0.6008","2026-07-01","1","Long-term prediction over 120 days, quantile 5, Mfmcr module.","long_term_pred_120d_bin5_mcr","2","GBR","{""id"":""model-risk-based-models"",""name"":""Risk Based Models""}","[]","MATRIX","TOP700","0"
"0","{""id"":""model"",""name"":""Model""}","0.4804","{""id"":""multifactor_return_pred"",""name"":""Multi Factor Market Return Predictions""}","0.6008","2026-07-01","1","Long-horizon return prediction for 120-day period, quantile 1.","long_term_pred_120d_q1","2","GBR","{""id"":""model-risk-based-models"",""name"":""Risk Based Models""}","[]","MATRIX","TOP700","0"
"0","{""id"":""model"",""name"":""Model""}","0.4804","{""id"":""multifactor_return_pred"",""name"":""Multi Factor Market Return Predictions""}","0.6008","2026-07-01","1","Long-horizon return prediction for 120-day period, quantile 5.","long_term_pred_120d_q5","2","GBR","{""id"":""model-risk-based-models"",""name"":""Risk Based Models""}","[]","MATRIX","TOP700","0"
"0","{""id"":""model"",""name"":""Model""}","0.4804","{""id"":""multifactor_return_pred"",""name"":""Multi Factor Market Return Predictions""}","0.6008","2026-07-01","1","Long-term prediction over 60 days, quantile 1, Mfmcr module.","long_term_pred_60d_bin1_mcr","2","GBR","{""id"":""model-risk-based-models"",""name"":""Risk Based Models""}","[]","MATRIX","TOP700","0"
"0","{""id"":""model"",""name"":""Model""}","0.4804","{""id"":""multifactor_return_pred"",""name"":""Multi Factor Market Return Predictions""}","0.6008","2026-07-01","1","Model confidence for long-term prediction over 60 days, quantile 5, Mfmcr module.","long_term_pred_60d_bin5_confidence_mcr","2","GBR","{""id"":""model-risk-based-models"",""name"":""Risk Based Models""}","[]","MATRIX","TOP700","0"
"0","{""id"":""model"",""name"":""Model""}","0.4804","{""id"":""multifactor_return_pred"",""name"":""Multi Factor Market Return Predictions""}","0.6008","2026-07-01","1","Long-term prediction over 60 days, quantile 5, Mfmcr module.","long_term_pred_60d_bin5_mcr","2","GBR","{""id"":""model-risk-based-models"",""name"":""Risk Based Models""}","[]","MATRIX","TOP700","0"
"0","{""id"":""model"",""name"":""Model""}","0.4804","{""id"":""multifactor_return_pred"",""name"":""Multi Factor Market Return Predictions""}","0.6008","2026-07-01","1","Long-horizon return prediction for 60-day period, quantile 1.","long_term_pred_60d_q1","2","GBR","{""id"":""model-risk-based-models"",""name"":""Risk Based Models""}","[]","MATRIX","TOP700","0"
"0","{""id"":""model"",""name"":""Model""}","0.4804","{""id"":""multifactor_return_pred"",""name"":""Multi Factor Market Return Predictions""}","0.6008","2026-07-01","1","Long-horizon return prediction for 60-day period, quantile 5.","long_term_pred_60d_q5","2","GBR","{""id"":""model-risk-based-models"",""name"":""Risk Based Models""}","[]","MATRIX","TOP700","0"
"0","{""id"":""model"",""name"":""Model""}","0.4804","{""id"":""multifactor_return_pred"",""name"":""Multi Factor Market Return Predictions""}","0.6008","2026-07-01","1","Long-term, 120-day, quantile 1 return prediction.","long_term_quantile1_r120_pred","2","GBR","{""id"":""model-risk-based-models"",""name"":""Risk Based Models""}","[]","MATRIX","TOP700","0"
"0","{""id"":""model"",""name"":""Model""}","0.4804","{""id"":""multifactor_return_pred"",""name"":""Multi Factor Market Return Predictions""}","0.6008","2026-07-01","1","Long-term, 60-day, quantile 1 return prediction.","long_term_quantile1_r60_pred","2","GBR","{""id"":""model-risk-based-models"",""name"":""Risk Based Models""}","[]","MATRIX","TOP700","0"
"0","{""id"":""model"",""name"":""Model""}","0.4804","{""id"":""multifactor_return_pred"",""name"":""Multi Factor Market Return Predictions""}","0.6008","2026-07-01","1","Model confidence for long-term, 120-day, quantile 5 return prediction.","long_term_quantile5_confidence_r120","2","GBR","{""id"":""model-risk-based-models"",""name"":""Risk Based Models""}","[]","MATRIX","TOP700","0"
"0","{""id"":""model"",""name"":""Model""}","0.4804","{""id"":""multifactor_return_pred"",""name"":""Multi Factor Market Return Predictions""}","0.6008","2026-07-01","1","Model confidence score for 5-quantile long-horizon return prediction over 120 days.","long_term_quantile5_confidence_r120_2","2","GBR","{""id"":""model-risk-based-models"",""name"":""Risk Based Models""}","[]","MATRIX","TOP700","0"
"0","{""id"":""model"",""name"":""Model""}","0.4804","{""id"":""multifactor_return_pred"",""name"":""Multi Factor Market Return Predictions""}","0.6008","2026-07-01","1","Model confidence score for long-term 120-day, 5-quantile classification prediction.","long_term_quantile5_confidence_r120_3","2","GBR","{""id"":""model-risk-based-models"",""name"":""Risk Based Models""}","[]","MATRIX","TOP700","0"
"0","{""id"":""model"",""name"":""Model""}","0.4804","{""id"":""multifactor_return_pred"",""name"":""Multi Factor Market Return Predictions""}","0.6008","2026-07-01","1","Model confidence for long-term, 60-day, quantile 5 return prediction.","long_term_quantile5_confidence_r60","2","GBR","{""id"":""model-risk-based-models"",""name"":""Risk Based Models""}","[]","MATRIX","TOP700","0"
"0","{""id"":""model"",""name"":""Model""}","0.4804","{""id"":""multifactor_return_pred"",""name"":""Multi Factor Market Return Predictions""}","0.6008","2026-07-01","1","Long-term, 120-day, quantile 5 return prediction.","long_term_quantile5_r120_pred","2","GBR","{""id"":""model-risk-based-models"",""name"":""Risk Based Models""}","[]","MATRIX","TOP700","0"
"0","{""id"":""model"",""name"":""Model""}","0.4804","{""id"":""multifactor_return_pred"",""name"":""Multi Factor Market Return Predictions""}","0.6008","2026-07-01","1","Long-term, 60-day, quantile 5 return prediction.","long_term_quantile5_r60_pred","2","GBR","{""id"":""model-risk-based-models"",""name"":""Risk Based Models""}","[]","MATRIX","TOP700","0"
"0","{""id"":""model"",""name"":""Model""}","0.4804","{""id"":""multifactor_return_pred"",""name"":""Multi Factor Market Return Predictions""}","0.6008","2026-07-01","1","Long-horizon (120-day) return prediction adjusted for 2-phase market regime.","long_term_regime2_120d_return_forecast","2","GBR","{""id"":""model-risk-based-models"",""name"":""Risk Based Models""}","[]","MATRIX","TOP700","0"
"0","{""id"":""model"",""name"":""Model""}","0.4804","{""id"":""multifactor_return_pred"",""name"":""Multi Factor Market Return Predictions""}","0.6008","2026-07-01","1","60-day long-horizon return prediction with two-phase regime adjustment.","long_term_regime2_60d_regress_return_pred","2","GBR","{""id"":""model-risk-based-models"",""name"":""Risk Based Models""}","[]","MATRIX","TOP700","0"
"0","{""id"":""model"",""name"":""Model""}","0.4804","{""id"":""multifactor_return_pred"",""name"":""Multi Factor Market Return Predictions""}","0.6008","2026-07-01","1","Long-horizon return prediction over 60 days, adjusted for 2-phase market regime.","long_term_regime2_adjusted_return_pred_r60","2","GBR","{""id"":""model-risk-based-models"",""name"":""Risk Based Models""}","[]","MATRIX","TOP700","0"
"0","{""id"":""model"",""name"":""Model""}","0.4804","{""id"":""multifactor_return_pred"",""name"":""Multi Factor Market Return Predictions""}","0.6008","2026-07-01","1","Long-term prediction over 120 days, adjusted for 2-phase regime, quantile 1, Mfmcr module.","long_term_regime2_adj_pred_120d_bin1_mcr","2","GBR","{""id"":""model-risk-based-models"",""name"":""Risk Based Models""}","[]","MATRIX","TOP700","0"
"0","{""id"":""model"",""name"":""Model""}","0.4804","{""id"":""multifactor_return_pred"",""name"":""Multi Factor Market Return Predictions""}","0.6008","2026-07-01","1","Long-term return prediction for 60-day horizon, adjusted for 2-phase market regime, regression output.","long_term_regime2_adj_pred_r60_q1","2","GBR","{""id"":""model-risk-based-models"",""name"":""Risk Based Models""}","[]","MATRIX","TOP700","0"
"0","{""id"":""model"",""name"":""Model""}","0.4804","{""id"":""multifactor_return_pred"",""name"":""Multi Factor Market Return Predictions""}","0.6008","2026-07-01","1","120-day long horizon return prediction adjusted for regime 2, quantile 1.","long_term_regime2_phase_120d_quantile1_pred","2","GBR","{""id"":""model-risk-based-models"",""name"":""Risk Based Models""}","[]","MATRIX","TOP700","0"
"0","{""id"":""model"",""name"":""Model""}","0.4806","{""id"":""multifactor_return_pred"",""name"":""Multi Factor Market Return Predictions""}","0.6008","2026-07-01","1","120-day long horizon prediction adjusted for regime 2, quantile 1 (multi-model variant).","long_term_regime2_phase_120d_quantile1_pred_mfml","2","GBR","{""id"":""model-risk-based-models"",""name"":""Risk Based Models""}","[]","MATRIX","TOP700","0"
"0","{""id"":""model"",""name"":""Model""}","0.4806","{""id"":""multifactor_return_pred"",""name"":""Multi Factor Market Return Predictions""}","0.6008","2026-07-01","1","60-day long horizon prediction adjusted for regime 2, quantile 1 (multi-model variant).","long_term_regime2_phase_60d_quantile1_pred_mfml","2","GBR","{""id"":""model-risk-based-models"",""name"":""Risk Based Models""}","[]","MATRIX","TOP700","0"
"0","{""id"":""model"",""name"":""Model""}","0.4804","{""id"":""multifactor_return_pred"",""name"":""Multi Factor Market Return Predictions""}","0.6008","2026-07-01","1","Long-term, 120-day, quantile 1 return forecast adjusted for 2-phase market regime.","long_term_regime2_quantile1_r120_pred","2","GBR","{""id"":""model-risk-based-models"",""name"":""Risk Based Models""}","[]","MATRIX","TOP700","0"
"0","{""id"":""model"",""name"":""Model""}","0.4804","{""id"":""multifactor_return_pred"",""name"":""Multi Factor Market Return Predictions""}","0.6008","2026-07-01","1","Long-term, 60-day, quantile 1 return forecast adjusted for 2-phase market regime.","long_term_regime2_quantile1_r60_pred","2","GBR","{""id"":""model-risk-based-models"",""name"":""Risk Based Models""}","[]","MATRIX","TOP700","0"
"0","{""id"":""model"",""name"":""Model""}","0.4804","{""id"":""multifactor_return_pred"",""name"":""Multi Factor Market Return Predictions""}","0.6008","2026-07-01","1","Long-term, 60-day, quantile 1 return forecast adjusted for 2-phase market regime from Mfm2 module.","long_term_regime2_quantile1_r60_pred_mfm2","2","GBR","{""id"":""model-risk-based-models"",""name"":""Risk Based Models""}","[]","MATRIX","TOP700","0"
"0","{""id"":""model"",""name"":""Model""}","0.4804","{""id"":""multifactor_return_pred"",""name"":""Multi Factor Market Return Predictions""}","0.6008","2026-07-01","1","120-day long-horizon return prediction adjusted for 4-phase market regime.","long_term_regime4_120d_return_forecast","2","GBR","{""id"":""model-risk-based-models"",""name"":""Risk Based Models""}","[]","MATRIX","TOP700","0"
"0","{""id"":""model"",""name"":""Model""}","0.4804","{""id"":""multifactor_return_pred"",""name"":""Multi Factor Market Return Predictions""}","0.6008","2026-07-01","1","Long-horizon (120-day) single-quantile return prediction adjusted for 4-phase market regime.","long_term_regime4_120d_single_quantile_pred","2","GBR","{""id"":""model-risk-based-models"",""name"":""Risk Based Models""}","[]","MATRIX","TOP700","0"
"0","{""id"":""model"",""name"":""Model""}","0.4804","{""id"":""multifactor_return_pred"",""name"":""Multi Factor Market Return Predictions""}","0.6008","2026-07-01","1","60-day long-horizon return prediction adjusted for 4-phase market regime.","long_term_regime4_60d_return_forecast","2","GBR","{""id"":""model-risk-based-models"",""name"":""Risk Based Models""}","[]","MATRIX","TOP700","0"
"0","{""id"":""model"",""name"":""Model""}","0.4804","{""id"":""multifactor_return_pred"",""name"":""Multi Factor Market Return Predictions""}","0.6008","2026-07-01","1","Long-horizon (60-day) single-quantile return prediction adjusted for 4-phase market regime.","long_term_regime4_60d_single_quantile_pred","2","GBR","{""id"":""model-risk-based-models"",""name"":""Risk Based Models""}","[]","MATRIX","TOP700","0"
"0","{""id"":""model"",""name"":""Model""}","0.4806","{""id"":""multifactor_return_pred"",""name"":""Multi Factor Market Return Predictions""}","0.6008","2026-07-01","1","Long-horizon (60-day) prediction adjusted for 4-phase regime, quantile 1.","long_term_regime4_adjusted_pred_q1_60d","2","GBR","{""id"":""model-risk-based-models"",""name"":""Risk Based Models""}","[]","MATRIX","TOP700","0"
"0","{""id"":""model"",""name"":""Model""}","0.4804","{""id"":""multifactor_return_pred"",""name"":""Multi Factor Market Return Predictions""}","0.6008","2026-07-01","1","Long-term prediction over 120 days, adjusted for 4-phase regime, quantile 1, Mfmcr module.","long_term_regime4_adj_pred_120d_bin1_mcr","2","GBR","{""id"":""model-risk-based-models"",""name"":""Risk Based Models""}","[]","MATRIX","TOP700","0"
"0","{""id"":""model"",""name"":""Model""}","0.4804","{""id"":""multifactor_return_pred"",""name"":""Multi Factor Market Return Predictions""}","0.6008","2026-07-01","1","Long-term prediction over 60 days, adjusted for 4-phase regime, quantile 1, Mfmcr module.","long_term_regime4_adj_pred_60d_bin1_mcr","2","GBR","{""id"":""model-risk-based-models"",""name"":""Risk Based Models""}","[]","MATRIX","TOP700","0"
"0","{""id"":""model"",""name"":""Model""}","0.4804","{""id"":""multifactor_return_pred"",""name"":""Multi Factor Market Return Predictions""}","0.6008","2026-07-01","1","120-day long horizon prediction adjusted for regime 4, quantile 1.","long_term_regime4_phase_120d_quantile1_pred","2","GBR","{""id"":""model-risk-based-models"",""name"":""Risk Based Models""}","[]","MATRIX","TOP700","0"
"0","{""id"":""model"",""name"":""Model""}","0.4806","{""id"":""multifactor_return_pred"",""name"":""Multi Factor Market Return Predictions""}","0.6008","2026-07-01","1","120-day long horizon prediction adjusted for regime 4, quantile 1 (multi-model variant).","long_term_regime4_phase_120d_quantile1_pred_mfml","2","GBR","{""id"":""model-risk-based-models"",""name"":""Risk Based Models""}","[]","MATRIX","TOP700","0"
"0","{""id"":""model"",""name"":""Model""}","0.4804","{""id"":""multifactor_return_pred"",""name"":""Multi Factor Market Return Predictions""}","0.6008","2026-07-01","1","60-day long horizon prediction adjusted for regime 4, quantile 1.","long_term_regime4_phase_60d_quantile1_pred","2","GBR","{""id"":""model-risk-based-models"",""name"":""Risk Based Models""}","[]","MATRIX","TOP700","0"
"0","{""id"":""model"",""name"":""Model""}","0.4804","{""id"":""multifactor_return_pred"",""name"":""Multi Factor Market Return Predictions""}","0.6008","2026-07-01","1","Long-term, 120-day, quantile 1 return forecast adjusted for 4-phase market regime.","long_term_regime4_quantile1_r120_pred","2","GBR","{""id"":""model-risk-based-models"",""name"":""Risk Based Models""}","[]","MATRIX","TOP700","0"
"0","{""id"":""model"",""name"":""Model""}","0.4804","{""id"":""multifactor_return_pred"",""name"":""Multi Factor Market Return Predictions""}","0.6008","2026-07-01","1","Long-term, 60-day, quantile 1 return forecast adjusted for 4-phase market regime.","long_term_regime4_quantile1_r60_pred","2","GBR","{""id"":""model-risk-based-models"",""name"":""Risk Based Models""}","[]","MATRIX","TOP700","0"
"0","{""id"":""model"",""name"":""Model""}","0.4804","{""id"":""multifactor_return_pred"",""name"":""Multi Factor Market Return Predictions""}","0.6008","2026-07-01","1","Long-horizon single-quantile return prediction over 120 days.","long_term_return_forecast_r120","2","GBR","{""id"":""model-risk-based-models"",""name"":""Risk Based Models""}","[]","MATRIX","TOP700","0"
"0","{""id"":""model"",""name"":""Model""}","0.4804","{""id"":""multifactor_return_pred"",""name"":""Multi Factor Market Return Predictions""}","0.6008","2026-07-01","1","Long-term return prediction for a 60-day horizon, regression output.","long_term_return_pred_r60_q1","2","GBR","{""id"":""model-risk-based-models"",""name"":""Risk Based Models""}","[]","MATRIX","TOP700","0"
"0","{""id"":""model"",""name"":""Model""}","0.4804","{""id"":""multifactor_return_pred"",""name"":""Multi Factor Market Return Predictions""}","0.6008","2026-07-01","1","120-day long horizon prediction adjusted for seasonal effects, quantile 1.","long_term_seasonal_120d_quantile1_pred","2","GBR","{""id"":""model-risk-based-models"",""name"":""Risk Based Models""}","[]","MATRIX","TOP700","0"
"0","{""id"":""model"",""name"":""Model""}","0.4804","{""id"":""multifactor_return_pred"",""name"":""Multi Factor Market Return Predictions""}","0.6008","2026-07-01","1","120-day long-horizon return forecast adjusted for seasonal and calendar effects.","long_term_seasonal_120d_regression_prediction","2","GBR","{""id"":""model-risk-based-models"",""name"":""Risk Based Models""}","[]","MATRIX","TOP700","0"
"0","{""id"":""model"",""name"":""Model""}","0.4804","{""id"":""multifactor_return_pred"",""name"":""Multi Factor Market Return Predictions""}","0.6008","2026-07-01","1","120-day long-horizon return forecast incorporating seasonal or calendar effects.","long_term_seasonal_120d_regress_return_pred","2","GBR","{""id"":""model-risk-based-models"",""name"":""Risk Based Models""}","[]","MATRIX","TOP700","0"
"0","{""id"":""model"",""name"":""Model""}","0.4804","{""id"":""multifactor_return_pred"",""name"":""Multi Factor Market Return Predictions""}","0.6008","2026-07-01","1","60-day long-horizon return forecast adjusted for seasonal and calendar effects.","long_term_seasonal_60d_regression_prediction","2","GBR","{""id"":""model-risk-based-models"",""name"":""Risk Based Models""}","[]","MATRIX","TOP700","0"
"0","{""id"":""model"",""name"":""Model""}","0.4804","{""id"":""multifactor_return_pred"",""name"":""Multi Factor Market Return Predictions""}","0.6008","2026-07-01","1","Long-horizon (60-day) single-quantile return prediction adjusted for seasonal effects.","long_term_seasonal_60d_single_quantile_pred","2","GBR","{""id"":""model-risk-based-models"",""name"":""Risk Based Models""}","[]","MATRIX","TOP700","0"
"0","{""id"":""model"",""name"":""Model""}","0.4806","{""id"":""multifactor_return_pred"",""name"":""Multi Factor Market Return Predictions""}","0.6008","2026-07-01","1","Long-horizon (120-day) prediction adjusted for seasonal effects, quantile 1.","long_term_seasonal_adjusted_pred_q1_120d","2","GBR","{""id"":""model-risk-based-models"",""name"":""Risk Based Models""}","[]","MATRIX","TOP700","0"
"0","{""id"":""model"",""name"":""Model""}","0.4804","{""id"":""multifactor_return_pred"",""name"":""Multi Factor Market Return Predictions""}","0.6008","2026-07-01","1","Long-horizon return prediction over 120 days, adjusted for seasonal effects.","long_term_seasonal_adjusted_return_forecast_120d","2","GBR","{""id"":""model-risk-based-models"",""name"":""Risk Based Models""}","[]","MATRIX","TOP700","0"
"0","{""id"":""model"",""name"":""Model""}","0.4804","{""id"":""multifactor_return_pred"",""name"":""Multi Factor Market Return Predictions""}","0.6008","2026-07-01","1","Long-horizon return prediction adjusted for seasonal effects over 120 days.","long_term_seasonal_adjusted_return_pred_r120","2","GBR","{""id"":""model-risk-based-models"",""name"":""Risk Based Models""}","[]","MATRIX","TOP700","0"
"0","{""id"":""model"",""name"":""Model""}","0.4806","{""id"":""multifactor_return_pred"",""name"":""Multi Factor Market Return Predictions""}","0.6008","2026-07-01","1","Long-term prediction over 60 days, seasonally adjusted, quantile 1.","long_term_seasonal_adj_pred_60d_bin1","2","GBR","{""id"":""model-risk-based-models"",""name"":""Risk Based Models""}","[]","MATRIX","TOP700","0"
"0","{""id"":""model"",""name"":""Model""}","0.4804","{""id"":""multifactor_return_pred"",""name"":""Multi Factor Market Return Predictions""}","0.6008","2026-07-01","1","Long-term prediction over 60 days, seasonally adjusted, quantile 1, Mfmcr module.","long_term_seasonal_adj_pred_60d_bin1_mcr","2","GBR","{""id"":""model-risk-based-models"",""name"":""Risk Based Models""}","[]","MATRIX","TOP700","0"
"0","{""id"":""model"",""name"":""Model""}","0.4804","{""id"":""multifactor_return_pred"",""name"":""Multi Factor Market Return Predictions""}","0.6008","2026-07-01","1","Long-term, 120-day, quantile 1 return prediction adjusted for seasonal effects.","long_term_seasonal_quantile1_r120_pred","2","GBR","{""id"":""model-risk-based-models"",""name"":""Risk Based Models""}","[]","MATRIX","TOP700","0"
"0","{""id"":""model"",""name"":""Model""}","0.4804","{""id"":""multifactor_return_pred"",""name"":""Multi Factor Market Return Predictions""}","0.6008","2026-07-01","1","Long-term, 60-day, quantile 1 return prediction adjusted for seasonal effects.","long_term_seasonal_quantile1_r60_pred","2","GBR","{""id"":""model-risk-based-models"",""name"":""Risk Based Models""}","[]","MATRIX","TOP700","0"
"0","{""id"":""model"",""name"":""Model""}","0.4804","{""id"":""multifactor_return_pred"",""name"":""Multi Factor Market Return Predictions""}","0.6008","2026-07-01","1","Long-term, 60-day, quantile 1 return prediction adjusted for seasonal effects from Mfm2 module.","long_term_seasonal_quantile1_r60_pred_mfm2","2","GBR","{""id"":""model-risk-based-models"",""name"":""Risk Based Models""}","[]","MATRIX","TOP700","0"
"0","{""id"":""model"",""name"":""Model""}","0.4804","{""id"":""multifactor_return_pred"",""name"":""Multi Factor Market Return Predictions""}","0.6008","2026-07-01","1","Medium-term (60-day) hedge signal variant 3, quantile bucket 1.","mid_term_hedge3_signal_60d_quantile1","2","GBR","{""id"":""model-risk-based-models"",""name"":""Risk Based Models""}","[]","MATRIX","TOP700","0"
"0","{""id"":""model"",""name"":""Model""}","0.4804","{""id"":""multifactor_return_pred"",""name"":""Multi Factor Market Return Predictions""}","0.6008","2026-07-01","1","Medium-term (60-day) hedge signal, quantile bucket 1, designed for low correlation with main signals.","mid_term_hedge_signal_60d_quantile1","2","GBR","{""id"":""model-risk-based-models"",""name"":""Risk Based Models""}","[]","MATRIX","TOP700","0"
"0","{""id"":""model"",""name"":""Model""}","0.4442","{""id"":""multifactor_return_pred"",""name"":""Multi Factor Market Return Predictions""}","0.6008","2026-07-01","1","Model confidence score for price-volume based prediction over 60 days, quantile 5.","mid_term_price_volume_quantile5_confidence_60d","2","GBR","{""id"":""model-risk-based-models"",""name"":""Risk Based Models""}","[]","MATRIX","TOP700","0"
"0","{""id"":""model"",""name"":""Model""}","0.4804","{""id"":""multifactor_return_pred"",""name"":""Multi Factor Market Return Predictions""}","0.6008","2026-07-01","1","Medium-term (60-day) return forecast with seasonal effect adjustment.","mid_term_seasonal_adjusted_return_forecast_60d","2","GBR","{""id"":""model-risk-based-models"",""name"":""Risk Based Models""}","[]","MATRIX","TOP700","0"
"0","{""id"":""model"",""name"":""Model""}","0.4442","{""id"":""multifactor_return_pred"",""name"":""Multi Factor Market Return Predictions""}","0.6008","2026-07-01","1","Model confidence score for 20-day, 5-quantile return prediction using price-volume features.","price_volume_20d_5quantile_confidence_score","2","GBR","{""id"":""model-risk-based-models"",""name"":""Risk Based Models""}","[]","MATRIX","TOP700","0"
"0","{""id"":""model"",""name"":""Model""}","0.4442","{""id"":""multifactor_return_pred"",""name"":""Multi Factor Market Return Predictions""}","0.6008","2026-07-01","1","20-day, 5-quantile return prediction using price-volume features.","price_volume_20d_5quantile_pred","2","GBR","{""id"":""model-risk-based-models"",""name"":""Risk Based Models""}","[]","MATRIX","TOP700","0"
"0","{""id"":""model"",""name"":""Model""}","0.4442","{""id"":""multifactor_return_pred"",""name"":""Multi Factor Market Return Predictions""}","0.6008","2026-07-01","1","Model confidence for price-volume signal over 20 days, quantile 5, Mfmcr module.","price_volume_20d_bin5_confidence_mcr","2","GBR","{""id"":""model-risk-based-models"",""name"":""Risk Based Models""}","[]","MATRIX","TOP700","0"
"0","{""id"":""model"",""name"":""Model""}","0.4442","{""id"":""multifactor_return_pred"",""name"":""Multi Factor Market Return Predictions""}","0.6008","2026-07-01","1","Classification of 20-day price-volume based return into one of five quantile buckets.","price_volume_20d_quantile5_classification","2","GBR","{""id"":""model-risk-based-models"",""name"":""Risk Based Models""}","[]","MATRIX","TOP700","0"
"0","{""id"":""model"",""name"":""Model""}","0.4442","{""id"":""multifactor_return_pred"",""name"":""Multi Factor Market Return Predictions""}","0.6008","2026-07-01","1","20-day forward return forecast using price and volume features.","price_volume_20d_regression_prediction","2","GBR","{""id"":""model-risk-based-models"",""name"":""Risk Based Models""}","[]","MATRIX","TOP700","0"
"0","{""id"":""model"",""name"":""Model""}","0.4442","{""id"":""multifactor_return_pred"",""name"":""Multi Factor Market Return Predictions""}","0.6008","2026-07-01","1","20-day, single-quantile return prediction using price-volume features.","price_volume_20d_single_quantile_pred","2","GBR","{""id"":""model-risk-based-models"",""name"":""Risk Based Models""}","[]","MATRIX","TOP700","0"
"0","{""id"":""model"",""name"":""Model""}","0.4442","{""id"":""multifactor_return_pred"",""name"":""Multi Factor Market Return Predictions""}","0.6008","2026-07-01","1","Model confidence score for 5-day, 5-quantile return prediction using price-volume features.","price_volume_5d_5quantile_confidence_score","2","GBR","{""id"":""model-risk-based-models"",""name"":""Risk Based Models""}","[]","MATRIX","TOP700","0"
"0","{""id"":""model"",""name"":""Model""}","0.4442","{""id"":""multifactor_return_pred"",""name"":""Multi Factor Market Return Predictions""}","0.6008","2026-07-01","1","5-day, 5-quantile return prediction using price-volume features.","price_volume_5d_5quantile_pred","2","GBR","{""id"":""model-risk-based-models"",""name"":""Risk Based Models""}","[]","MATRIX","TOP700","0"
"0","{""id"":""model"",""name"":""Model""}","0.4442","{""id"":""multifactor_return_pred"",""name"":""Multi Factor Market Return Predictions""}","0.6008","2026-07-01","1","5-day, 5-quantile return prediction using price-volume features (alternate model version).","price_volume_5d_5quantile_pred_m1","2","GBR","{""id"":""model-risk-based-models"",""name"":""Risk Based Models""}","[]","MATRIX","TOP700","0"
"0","{""id"":""model"",""name"":""Model""}","0.4442","{""id"":""multifactor_return_pred"",""name"":""Multi Factor Market Return Predictions""}","0.6008","2026-07-01","1","Model confidence for price-volume signal over 5 days, quantile 5, Mfmcr module.","price_volume_5d_bin5_confidence_mcr","2","GBR","{""id"":""model-risk-based-models"",""name"":""Risk Based Models""}","[]","MATRIX","TOP700","0"
"0","{""id"":""model"",""name"":""Model""}","0.4442","{""id"":""multifactor_return_pred"",""name"":""Multi Factor Market Return Predictions""}","0.6008","2026-07-01","1","Classification of 5-day price-volume based return into one of five quantile buckets.","price_volume_5d_quantile5_classification","2","GBR","{""id"":""model-risk-based-models"",""name"":""Risk Based Models""}","[]","MATRIX","TOP700","0"
"0","{""id"":""model"",""name"":""Model""}","0.4442","{""id"":""multifactor_return_pred"",""name"":""Multi Factor Market Return Predictions""}","0.6008","2026-07-01","1","Model's confidence in the 5-bucket quantile prediction for 5-day price-volume based return.","price_volume_5d_quantile5_confidence_score","2","GBR","{""id"":""model-risk-based-models"",""name"":""Risk Based Models""}","[]","MATRIX","TOP700","0"
"0","{""id"":""model"",""name"":""Model""}","0.4442","{""id"":""multifactor_return_pred"",""name"":""Multi Factor Market Return Predictions""}","0.6008","2026-07-01","1","5-day forward return forecast using price and volume features.","price_volume_5d_regression_prediction","2","GBR","{""id"":""model-risk-based-models"",""name"":""Risk Based Models""}","[]","MATRIX","TOP700","0"
"0","{""id"":""model"",""name"":""Model""}","0.4442","{""id"":""multifactor_return_pred"",""name"":""Multi Factor Market Return Predictions""}","0.6008","2026-07-01","1","5-day single-quantile return prediction using price-volume features.","price_volume_5d_single_quantile_pred","2","GBR","{""id"":""model-risk-based-models"",""name"":""Risk Based Models""}","[]","MATRIX","TOP700","0"
"0","{""id"":""model"",""name"":""Model""}","0.4442","{""id"":""multifactor_return_pred"",""name"":""Multi Factor Market Return Predictions""}","0.6008","2026-07-01","1","Model confidence score for 60-day, 5-quantile return prediction using price-volume features.","price_volume_60d_5quantile_confidence_score","2","GBR","{""id"":""model-risk-based-models"",""name"":""Risk Based Models""}","[]","MATRIX","TOP700","0"
"0","{""id"":""model"",""name"":""Model""}","0.4442","{""id"":""multifactor_return_pred"",""name"":""Multi Factor Market Return Predictions""}","0.6008","2026-07-01","1","60-day, 5-quantile return prediction using price-volume features (alternate model version).","price_volume_60d_5quantile_pred_m1","2","GBR","{""id"":""model-risk-based-models"",""name"":""Risk Based Models""}","[]","MATRIX","TOP700","0"
"0","{""id"":""model"",""name"":""Model""}","0.4442","{""id"":""multifactor_return_pred"",""name"":""Multi Factor Market Return Predictions""}","0.6008","2026-07-01","1","Model confidence for price-volume signal over 60 days, quantile 5, Mfmcr module.","price_volume_60d_bin5_confidence_mcr","2","GBR","{""id"":""model-risk-based-models"",""name"":""Risk Based Models""}","[]","MATRIX","TOP700","0"
"0","{""id"":""model"",""name"":""Model""}","0.4442","{""id"":""multifactor_return_pred"",""name"":""Multi Factor Market Return Predictions""}","0.6008","2026-07-01","1","Classification of 60-day return into quantile 5 using price-volume features.","price_volume_60d_qtile5_class_pred","2","GBR","{""id"":""model-risk-based-models"",""name"":""Risk Based Models""}","[]","MATRIX","TOP700","0"
"0","{""id"":""model"",""name"":""Model""}","0.4442","{""id"":""multifactor_return_pred"",""name"":""Multi Factor Market Return Predictions""}","0.6008","2026-07-01","1","Model confidence for classifying 60-day return into quantile 5 using price-volume features.","price_volume_60d_qtile5_confidence_score","2","GBR","{""id"":""model-risk-based-models"",""name"":""Risk Based Models""}","[]","MATRIX","TOP700","0"
"0","{""id"":""model"",""name"":""Model""}","0.4442","{""id"":""multifactor_return_pred"",""name"":""Multi Factor Market Return Predictions""}","0.6008","2026-07-01","1","Classification of 60-day price-volume based return into one of five quantile buckets.","price_volume_60d_quantile5_classification","2","GBR","{""id"":""model-risk-based-models"",""name"":""Risk Based Models""}","[]","MATRIX","TOP700","0"
"0","{""id"":""model"",""name"":""Model""}","0.4442","{""id"":""multifactor_return_pred"",""name"":""Multi Factor Market Return Predictions""}","0.6008","2026-07-01","1","60-day forward return forecast based on price-volume model inputs.","price_volume_60d_regression_prediction","2","GBR","{""id"":""model-risk-based-models"",""name"":""Risk Based Models""}","[]","MATRIX","TOP700","0"
"0","{""id"":""model"",""name"":""Model""}","0.4442","{""id"":""multifactor_return_pred"",""name"":""Multi Factor Market Return Predictions""}","0.6008","2026-07-01","1","Predicted 60-day forward return using price and volume data.","price_volume_60d_regress_return_pred","2","GBR","{""id"":""model-risk-based-models"",""name"":""Risk Based Models""}","[]","MATRIX","TOP700","0"
"0","{""id"":""model"",""name"":""Model""}","0.4442","{""id"":""multifactor_return_pred"",""name"":""Multi Factor Market Return Predictions""}","0.6008","2026-07-01","1","Short-term return prediction using price-volume data over 20 days.","price_volume_based_return_pred_r20","2","GBR","{""id"":""model-risk-based-models"",""name"":""Risk Based Models""}","[]","MATRIX","TOP700","0"
"0","{""id"":""model"",""name"":""Model""}","0.4442","{""id"":""multifactor_return_pred"",""name"":""Multi Factor Market Return Predictions""}","0.6008","2026-07-01","1","Short-term return prediction using price-volume data over 5 days.","price_volume_based_return_pred_r5","2","GBR","{""id"":""model-risk-based-models"",""name"":""Risk Based Models""}","[]","MATRIX","TOP700","0"
"0","{""id"":""model"",""name"":""Model""}","0.4442","{""id"":""multifactor_return_pred"",""name"":""Multi Factor Market Return Predictions""}","0.6008","2026-07-01","1","Return prediction for 20-day horizon using price-volume data, regression output.","price_volume_pred_r20_q1","2","GBR","{""id"":""model-risk-based-models"",""name"":""Risk Based Models""}","[]","MATRIX","TOP700","0"
"0","{""id"":""model"",""name"":""Model""}","0.4442","{""id"":""multifactor_return_pred"",""name"":""Multi Factor Market Return Predictions""}","0.6008","2026-07-01","1","Return prediction for 60-day horizon using price-volume data, regression output.","price_volume_pred_r60_q1","2","GBR","{""id"":""model-risk-based-models"",""name"":""Risk Based Models""}","[]","MATRIX","TOP700","0"
"0","{""id"":""model"",""name"":""Model""}","0.4442","{""id"":""multifactor_return_pred"",""name"":""Multi Factor Market Return Predictions""}","0.6008","2026-07-01","1","Prediction for 20-day, quantile 1 return using price-volume data.","price_volume_quantile1_r20_pred","2","GBR","{""id"":""model-risk-based-models"",""name"":""Risk Based Models""}","[]","MATRIX","TOP700","0"
"0","{""id"":""model"",""name"":""Model""}","0.4442","{""id"":""multifactor_return_pred"",""name"":""Multi Factor Market Return Predictions""}","0.6008","2026-07-01","1","Prediction for 5-day, quantile 1 return using price-volume data.","price_volume_quantile1_r5_pred","2","GBR","{""id"":""model-risk-based-models"",""name"":""Risk Based Models""}","[]","MATRIX","TOP700","0"
"0","{""id"":""model"",""name"":""Model""}","0.4442","{""id"":""multifactor_return_pred"",""name"":""Multi Factor Market Return Predictions""}","0.6008","2026-07-01","1","Prediction for 60-day, quantile 1 return using price-volume data.","price_volume_quantile1_r60_pred","2","GBR","{""id"":""model-risk-based-models"",""name"":""Risk Based Models""}","[]","MATRIX","TOP700","0"
"0","{""id"":""model"",""name"":""Model""}","0.4442","{""id"":""multifactor_return_pred"",""name"":""Multi Factor Market Return Predictions""}","0.6008","2026-07-01","1","Model confidence for 20-day, quantile 5 return prediction using price-volume data.","price_volume_quantile5_confidence_r20","2","GBR","{""id"":""model-risk-based-models"",""name"":""Risk Based Models""}","[]","MATRIX","TOP700","0"
"0","{""id"":""model"",""name"":""Model""}","0.4442","{""id"":""multifactor_return_pred"",""name"":""Multi Factor Market Return Predictions""}","0.6008","2026-07-01","1","Model confidence for 20-day, quantile 5 return prediction using price-volume data from Mfm2 module.","price_volume_quantile5_confidence_r20_mfm2","2","GBR","{""id"":""model-risk-based-models"",""name"":""Risk Based Models""}","[]","MATRIX","TOP700","0"
"0","{""id"":""model"",""name"":""Model""}","0.4442","{""id"":""multifactor_return_pred"",""name"":""Multi Factor Market Return Predictions""}","0.6008","2026-07-01","1","Model confidence for 5-day, quantile 5 return prediction using price-volume data.","price_volume_quantile5_confidence_r5","2","GBR","{""id"":""model-risk-based-models"",""name"":""Risk Based Models""}","[]","MATRIX","TOP700","0"
"0","{""id"":""model"",""name"":""Model""}","0.4442","{""id"":""multifactor_return_pred"",""name"":""Multi Factor Market Return Predictions""}","0.6008","2026-07-01","1","Model confidence for 60-day, quantile 5 return prediction using price-volume data.","price_volume_quantile5_confidence_r60","2","GBR","{""id"":""model-risk-based-models"",""name"":""Risk Based Models""}","[]","MATRIX","TOP700","0"
"0","{""id"":""model"",""name"":""Model""}","0.4442","{""id"":""multifactor_return_pred"",""name"":""Multi Factor Market Return Predictions""}","0.6008","2026-07-01","1","Model confidence for 60-day, quantile 5 return prediction using price-volume data from Mfm2 module.","price_volume_quantile5_confidence_r60_mfm2","2","GBR","{""id"":""model-risk-based-models"",""name"":""Risk Based Models""}","[]","MATRIX","TOP700","0"
"0","{""id"":""model"",""name"":""Model""}","0.4442","{""id"":""multifactor_return_pred"",""name"":""Multi Factor Market Return Predictions""}","0.6008","2026-07-01","1","Price-volume based 20-day, 5-quantile classification prediction.","price_volume_quantile5_pred_r20","2","GBR","{""id"":""model-risk-based-models"",""name"":""Risk Based Models""}","[]","MATRIX","TOP700","0"
"0","{""id"":""model"",""name"":""Model""}","0.4442","{""id"":""multifactor_return_pred"",""name"":""Multi Factor Market Return Predictions""}","0.6008","2026-07-01","1","Prediction for 20-day, quantile 5 return using price-volume data.","price_volume_quantile5_r20_pred","2","GBR","{""id"":""model-risk-based-models"",""name"":""Risk Based Models""}","[]","MATRIX","TOP700","0"
"0","{""id"":""model"",""name"":""Model""}","0.4442","{""id"":""multifactor_return_pred"",""name"":""Multi Factor Market Return Predictions""}","0.6008","2026-07-01","1","Prediction for 5-day, quantile 5 return using price-volume data.","price_volume_quantile5_r5_pred","2","GBR","{""id"":""model-risk-based-models"",""name"":""Risk Based Models""}","[]","MATRIX","TOP700","0"
"0","{""id"":""model"",""name"":""Model""}","0.4442","{""id"":""multifactor_return_pred"",""name"":""Multi Factor Market Return Predictions""}","0.6008","2026-07-01","1","Prediction for 60-day, quantile 5 return using price-volume data.","price_volume_quantile5_r60_pred","2","GBR","{""id"":""model-risk-based-models"",""name"":""Risk Based Models""}","[]","MATRIX","TOP700","0"
"0","{""id"":""model"",""name"":""Model""}","0.4442","{""id"":""multifactor_return_pred"",""name"":""Multi Factor Market Return Predictions""}","0.6008","2026-07-01","1","5-quantile return prediction using price-volume data over 20 days.","price_volume_quantile5_return_pred_r20","2","GBR","{""id"":""model-risk-based-models"",""name"":""Risk Based Models""}","[]","MATRIX","TOP700","0"
"0","{""id"":""model"",""name"":""Model""}","0.4442","{""id"":""multifactor_return_pred"",""name"":""Multi Factor Market Return Predictions""}","0.6008","2026-07-01","1","Signal from price-volume data over 5 days, quantile 5.","price_volume_signal_5d_bin5","2","GBR","{""id"":""model-risk-based-models"",""name"":""Risk Based Models""}","[]","MATRIX","TOP700","0"
"0","{""id"":""model"",""name"":""Model""}","0.4442","{""id"":""multifactor_return_pred"",""name"":""Multi Factor Market Return Predictions""}","0.6008","2026-07-01","1","Signal from price-volume data over 5 days, quantile 5, Mfmcr module.","price_volume_signal_5d_bin5_mcr","2","GBR","{""id"":""model-risk-based-models"",""name"":""Risk Based Models""}","[]","MATRIX","TOP700","0"
"0","{""id"":""model"",""name"":""Model""}","0.4442","{""id"":""multifactor_return_pred"",""name"":""Multi Factor Market Return Predictions""}","0.6008","2026-07-01","1","Signal from price-volume data over 60 days, quantile 1, Mfmcr module.","price_volume_signal_60d_bin1_mcr","2","GBR","{""id"":""model-risk-based-models"",""name"":""Risk Based Models""}","[]","MATRIX","TOP700","0"
"0","{""id"":""model"",""name"":""Model""}","0.4442","{""id"":""multifactor_return_pred"",""name"":""Multi Factor Market Return Predictions""}","0.6008","2026-07-01","1","Signal from price-volume data over 60 days, quantile 5, Mfmcr module.","price_volume_signal_60d_bin5_mcr","2","GBR","{""id"":""model-risk-based-models"",""name"":""Risk Based Models""}","[]","MATRIX","TOP700","0"
"0","{""id"":""model"",""name"":""Model""}","0.4442","{""id"":""multifactor_return_pred"",""name"":""Multi Factor Market Return Predictions""}","0.6008","2026-07-01","1","Model confidence score for 20-day price-volume based 5-bucket classification.","pv_20d_5bucket_class_confidence","2","GBR","{""id"":""model-risk-based-models"",""name"":""Risk Based Models""}","[]","MATRIX","TOP700","0"
"0","{""id"":""model"",""name"":""Model""}","0.4442","{""id"":""multifactor_return_pred"",""name"":""Multi Factor Market Return Predictions""}","0.6008","2026-07-01","1","Model confidence score for 20-day price-volume based 5-bucket classification (SolarEquiNox variant).","pv_20d_5bucket_class_confidence_solar","2","GBR","{""id"":""model-risk-based-models"",""name"":""Risk Based Models""}","[]","MATRIX","TOP700","0"
"0","{""id"":""model"",""name"":""Model""}","0.4442","{""id"":""multifactor_return_pred"",""name"":""Multi Factor Market Return Predictions""}","0.6008","2026-07-01","1","Price-volume based prediction for 20-day horizon, quantile 1.","pv_20d_q1","2","GBR","{""id"":""model-risk-based-models"",""name"":""Risk Based Models""}","[]","MATRIX","TOP700","0"
"0","{""id"":""model"",""name"":""Model""}","0.4442","{""id"":""multifactor_return_pred"",""name"":""Multi Factor Market Return Predictions""}","0.6008","2026-07-01","1","Price-volume based prediction for 20-day horizon, quantile 5.","pv_20d_q5","2","GBR","{""id"":""model-risk-based-models"",""name"":""Risk Based Models""}","[]","MATRIX","TOP700","0"
"0","{""id"":""model"",""name"":""Model""}","0.4442","{""id"":""multifactor_return_pred"",""name"":""Multi Factor Market Return Predictions""}","0.6008","2026-07-01","1","Model confidence score for price-volume based prediction, 20-day horizon, quantile 5.","pv_20d_q5_confidence_score","2","GBR","{""id"":""model-risk-based-models"",""name"":""Risk Based Models""}","[]","MATRIX","TOP700","0"
"0","{""id"":""model"",""name"":""Model""}","0.4442","{""id"":""multifactor_return_pred"",""name"":""Multi Factor Market Return Predictions""}","0.6008","2026-07-01","1","20-day prediction using price-volume features, quantile 1.","pv_20d_quantile1_pred","2","GBR","{""id"":""model-risk-based-models"",""name"":""Risk Based Models""}","[]","MATRIX","TOP700","0"
"0","{""id"":""model"",""name"":""Model""}","0.4442","{""id"":""multifactor_return_pred"",""name"":""Multi Factor Market Return Predictions""}","0.6008","2026-07-01","1","Model confidence score for 20-day price-volume quantile 5 prediction (multi-model variant).","pv_20d_quantile5_confidence_score_mfml","2","GBR","{""id"":""model-risk-based-models"",""name"":""Risk Based Models""}","[]","MATRIX","TOP700","0"
"0","{""id"":""model"",""name"":""Model""}","0.4442","{""id"":""multifactor_return_pred"",""name"":""Multi Factor Market Return Predictions""}","0.6008","2026-07-01","1","20-day prediction using price-volume features, quantile 5.","pv_20d_quantile5_pred","2","GBR","{""id"":""model-risk-based-models"",""name"":""Risk Based Models""}","[]","MATRIX","TOP700","0"
"0","{""id"":""model"",""name"":""Model""}","0.4442","{""id"":""multifactor_return_pred"",""name"":""Multi Factor Market Return Predictions""}","0.6008","2026-07-01","1","20-day prediction using price-volume features, quantile 5 (multi-model variant).","pv_20d_quantile5_pred_mfml","2","GBR","{""id"":""model-risk-based-models"",""name"":""Risk Based Models""}","[]","MATRIX","TOP700","0"
"0","{""id"":""model"",""name"":""Model""}","0.4442","{""id"":""multifactor_return_pred"",""name"":""Multi Factor Market Return Predictions""}","0.6008","2026-07-01","1","Model confidence score for 5-day price-volume based 5-bucket classification.","pv_5d_5bucket_class_confidence","2","GBR","{""id"":""model-risk-based-models"",""name"":""Risk Based Models""}","[]","MATRIX","TOP700","0"
"0","{""id"":""model"",""name"":""Model""}","0.4442","{""id"":""multifactor_return_pred"",""name"":""Multi Factor Market Return Predictions""}","0.6008","2026-07-01","1","Price-volume based prediction for 5-day horizon, quantile 1.","pv_5d_q1","2","GBR","{""id"":""model-risk-based-models"",""name"":""Risk Based Models""}","[]","MATRIX","TOP700","0"
"0","{""id"":""model"",""name"":""Model""}","0.4442","{""id"":""multifactor_return_pred"",""name"":""Multi Factor Market Return Predictions""}","0.6008","2026-07-01","1","Price-volume based prediction for 5-day horizon, quantile 5.","pv_5d_q5","2","GBR","{""id"":""model-risk-based-models"",""name"":""Risk Based Models""}","[]","MATRIX","TOP700","0"
"0","{""id"":""model"",""name"":""Model""}","0.4442","{""id"":""multifactor_return_pred"",""name"":""Multi Factor Market Return Predictions""}","0.6008","2026-07-01","1","Model confidence score for price-volume based prediction, 5-day horizon, quantile 5.","pv_5d_q5_confidence_score","2","GBR","{""id"":""model-risk-based-models"",""name"":""Risk Based Models""}","[]","MATRIX","TOP700","0"
"0","{""id"":""model"",""name"":""Model""}","0.4442","{""id"":""multifactor_return_pred"",""name"":""Multi Factor Market Return Predictions""}","0.6008","2026-07-01","1","5-day prediction using price-volume features, quantile 1.","pv_5d_quantile1_pred","2","GBR","{""id"":""model-risk-based-models"",""name"":""Risk Based Models""}","[]","MATRIX","TOP700","0"
"0","{""id"":""model"",""name"":""Model""}","0.4442","{""id"":""multifactor_return_pred"",""name"":""Multi Factor Market Return Predictions""}","0.6008","2026-07-01","1","Model confidence score for 5-day price-volume quantile 5 prediction.","pv_5d_quantile5_confidence_score","2","GBR","{""id"":""model-risk-based-models"",""name"":""Risk Based Models""}","[]","MATRIX","TOP700","0"
"0","{""id"":""model"",""name"":""Model""}","0.4442","{""id"":""multifactor_return_pred"",""name"":""Multi Factor Market Return Predictions""}","0.6008","2026-07-01","1","Model confidence score for 5-day price-volume quantile 5 prediction (multi-model variant).","pv_5d_quantile5_confidence_score_mfml","2","GBR","{""id"":""model-risk-based-models"",""name"":""Risk Based Models""}","[]","MATRIX","TOP700","0"
"0","{""id"":""model"",""name"":""Model""}","0.4442","{""id"":""multifactor_return_pred"",""name"":""Multi Factor Market Return Predictions""}","0.6008","2026-07-01","1","5-day prediction using price-volume features, quantile 5.","pv_5d_quantile5_pred","2","GBR","{""id"":""model-risk-based-models"",""name"":""Risk Based Models""}","[]","MATRIX","TOP700","0"
"0","{""id"":""model"",""name"":""Model""}","0.4442","{""id"":""multifactor_return_pred"",""name"":""Multi Factor Market Return Predictions""}","0.6008","2026-07-01","1","Model confidence score for 60-day price-volume based 5-bucket classification.","pv_60d_5bucket_class_confidence","2","GBR","{""id"":""model-risk-based-models"",""name"":""Risk Based Models""}","[]","MATRIX","TOP700","0"
"0","{""id"":""model"",""name"":""Model""}","0.4442","{""id"":""multifactor_return_pred"",""name"":""Multi Factor Market Return Predictions""}","0.6008","2026-07-01","1","Model confidence score for 60-day price-volume based 5-bucket classification (SolarEquiNox variant).","pv_60d_5bucket_class_confidence_solar","2","GBR","{""id"":""model-risk-based-models"",""name"":""Risk Based Models""}","[]","MATRIX","TOP700","0"
"0","{""id"":""model"",""name"":""Model""}","0.4442","{""id"":""multifactor_return_pred"",""name"":""Multi Factor Market Return Predictions""}","0.6008","2026-07-01","1","Price-volume based prediction for 60-day horizon, quantile 1.","pv_60d_q1","2","GBR","{""id"":""model-risk-based-models"",""name"":""Risk Based Models""}","[]","MATRIX","TOP700","0"
"0","{""id"":""model"",""name"":""Model""}","0.4442","{""id"":""multifactor_return_pred"",""name"":""Multi Factor Market Return Predictions""}","0.6008","2026-07-01","1","Price-volume based prediction for 60-day horizon, quantile 5.","pv_60d_q5","2","GBR","{""id"":""model-risk-based-models"",""name"":""Risk Based Models""}","[]","MATRIX","TOP700","0"
"0","{""id"":""model"",""name"":""Model""}","0.4442","{""id"":""multifactor_return_pred"",""name"":""Multi Factor Market Return Predictions""}","0.6008","2026-07-01","1","60-day prediction using price-volume features, quantile 1.","pv_60d_quantile1_pred","2","GBR","{""id"":""model-risk-based-models"",""name"":""Risk Based Models""}","[]","MATRIX","TOP700","0"
"0","{""id"":""model"",""name"":""Model""}","0.4442","{""id"":""multifactor_return_pred"",""name"":""Multi Factor Market Return Predictions""}","0.6008","2026-07-01","1","60-day prediction using price-volume features, quantile 1 (multi-model variant).","pv_60d_quantile1_pred_mfml","2","GBR","{""id"":""model-risk-based-models"",""name"":""Risk Based Models""}","[]","MATRIX","TOP700","0"
"0","{""id"":""model"",""name"":""Model""}","0.4442","{""id"":""multifactor_return_pred"",""name"":""Multi Factor Market Return Predictions""}","0.6008","2026-07-01","1","60-day prediction using price-volume features, quantile 5.","pv_60d_quantile5_pred","2","GBR","{""id"":""model-risk-based-models"",""name"":""Risk Based Models""}","[]","MATRIX","TOP700","0"
"0","{""id"":""model"",""name"":""Model""}","0.4442","{""id"":""multifactor_return_pred"",""name"":""Multi Factor Market Return Predictions""}","0.6008","2026-07-01","1","60-day prediction using price-volume features, quantile 5 (multi-model variant).","pv_60d_quantile5_pred_mfml","2","GBR","{""id"":""model-risk-based-models"",""name"":""Risk Based Models""}","[]","MATRIX","TOP700","0"
"0","{""id"":""model"",""name"":""Model""}","0.4804","{""id"":""multifactor_return_pred"",""name"":""Multi Factor Market Return Predictions""}","0.6008","2026-07-01","1","20-day forward return forecast adjusted for 2-phase market regime effects.","regime2_20d_regression_prediction","2","GBR","{""id"":""model-risk-based-models"",""name"":""Risk Based Models""}","[]","MATRIX","TOP700","0"
"0","{""id"":""model"",""name"":""Model""}","0.4804","{""id"":""multifactor_return_pred"",""name"":""Multi Factor Market Return Predictions""}","0.6008","2026-07-01","1","20-day, single-quantile return prediction adjusted for 2-phase market regime.","regime2_20d_single_quantile_pred","2","GBR","{""id"":""model-risk-based-models"",""name"":""Risk Based Models""}","[]","MATRIX","TOP700","0"
"0","{""id"":""model"",""name"":""Model""}","0.4804","{""id"":""multifactor_return_pred"",""name"":""Multi Factor Market Return Predictions""}","0.6008","2026-07-01","1","5-day regression prediction adjusted for two-phase market regime (SolarEquiNox variant).","regime2_5d_regression_pred_solar","2","GBR","{""id"":""model-risk-based-models"",""name"":""Risk Based Models""}","[]","MATRIX","TOP700","0"
"0","{""id"":""model"",""name"":""Model""}","0.4804","{""id"":""multifactor_return_pred"",""name"":""Multi Factor Market Return Predictions""}","0.6008","2026-07-01","1","5-day return prediction using two-phase market regime adjustment.","regime2_5d_regress_return_pred","2","GBR","{""id"":""model-risk-based-models"",""name"":""Risk Based Models""}","[]","MATRIX","TOP700","0"
"0","{""id"":""model"",""name"":""Model""}","0.4804","{""id"":""multifactor_return_pred"",""name"":""Multi Factor Market Return Predictions""}","0.6008","2026-07-01","1","5-day return prediction in quantile 1, adjusted for 2-phase market regime.","regime2_adjusted_5d_return_quantile1","2","GBR","{""id"":""model-risk-based-models"",""name"":""Risk Based Models""}","[]","MATRIX","TOP700","0"
"0","{""id"":""model"",""name"":""Model""}","0.4804","{""id"":""multifactor_return_pred"",""name"":""Multi Factor Market Return Predictions""}","0.6008","2026-07-01","1","Prediction adjusted for 2-phase market regime, 20-day horizon, quantile 1.","regime2_adj_pred_20d_q1","2","GBR","{""id"":""model-risk-based-models"",""name"":""Risk Based Models""}","[]","MATRIX","TOP700","0"
"0","{""id"":""model"",""name"":""Model""}","0.4804","{""id"":""multifactor_return_pred"",""name"":""Multi Factor Market Return Predictions""}","0.6008","2026-07-01","1","Prediction adjusted for 2-phase regime, 5-day horizon, quantile 1.","regime2_adj_pred_5d_q1","2","GBR","{""id"":""model-risk-based-models"",""name"":""Risk Based Models""}","[]","MATRIX","TOP700","0"
"0","{""id"":""model"",""name"":""Model""}","0.4804","{""id"":""multifactor_return_pred"",""name"":""Multi Factor Market Return Predictions""}","0.6008","2026-07-01","1","Return prediction for 20-day horizon, adjusted for 2-phase market regime, regression output.","regime2_adj_pred_r20_q1","2","GBR","{""id"":""model-risk-based-models"",""name"":""Risk Based Models""}","[]","MATRIX","TOP700","0"
"0","{""id"":""model"",""name"":""Model""}","0.4804","{""id"":""multifactor_return_pred"",""name"":""Multi Factor Market Return Predictions""}","0.6008","2026-07-01","1","20-day prediction adjusted for regime 2 phase, quantile 1.","regime2_phase_20d_quantile1_pred","2","GBR","{""id"":""model-risk-based-models"",""name"":""Risk Based Models""}","[]","MATRIX","TOP700","0"
"0","{""id"":""model"",""name"":""Model""}","0.4806","{""id"":""multifactor_return_pred"",""name"":""Multi Factor Market Return Predictions""}","0.6008","2026-07-01","1","20-day prediction adjusted for regime 2 phase, quantile 1 (multi-model variant).","regime2_phase_20d_quantile1_pred_mfml","2","GBR","{""id"":""model-risk-based-models"",""name"":""Risk Based Models""}","[]","MATRIX","TOP700","0"
"0","{""id"":""model"",""name"":""Model""}","0.4804","{""id"":""multifactor_return_pred"",""name"":""Multi Factor Market Return Predictions""}","0.6008","2026-07-01","1","5-day prediction adjusted for regime 2 phase, quantile 1.","regime2_phase_5d_quantile1_pred","2","GBR","{""id"":""model-risk-based-models"",""name"":""Risk Based Models""}","[]","MATRIX","TOP700","0"
"0","{""id"":""model"",""name"":""Model""}","0.4804","{""id"":""multifactor_return_pred"",""name"":""Multi Factor Market Return Predictions""}","0.6008","2026-07-01","1","Signal based on 2-phase regime embedding over 20 days, quantile 1, Mfmcr module.","regime2_phase_signal_20d_bin1_mcr","2","GBR","{""id"":""model-risk-based-models"",""name"":""Risk Based Models""}","[]","MATRIX","TOP700","0"
"0","{""id"":""model"",""name"":""Model""}","0.4806","{""id"":""multifactor_return_pred"",""name"":""Multi Factor Market Return Predictions""}","0.6008","2026-07-01","1","Signal based on 2-phase regime embedding over 5 days, quantile 1.","regime2_phase_signal_5d_bin1","2","GBR","{""id"":""model-risk-based-models"",""name"":""Risk Based Models""}","[]","MATRIX","TOP700","0"
"0","{""id"":""model"",""name"":""Model""}","0.4804","{""id"":""multifactor_return_pred"",""name"":""Multi Factor Market Return Predictions""}","0.6008","2026-07-01","1","Signal based on 2-phase regime embedding over 5 days, quantile 1, Mfmcr module.","regime2_phase_signal_5d_bin1_mcr","2","GBR","{""id"":""model-risk-based-models"",""name"":""Risk Based Models""}","[]","MATRIX","TOP700","0"
"0","{""id"":""model"",""name"":""Model""}","0.4804","{""id"":""multifactor_return_pred"",""name"":""Multi Factor Market Return Predictions""}","0.6008","2026-07-01","1","Prediction for 20-day, quantile 1 return using 2-phase market regime adjustment.","regime2_quantile1_r20_pred","2","GBR","{""id"":""model-risk-based-models"",""name"":""Risk Based Models""}","[]","MATRIX","TOP700","0"
"0","{""id"":""model"",""name"":""Model""}","0.4804","{""id"":""multifactor_return_pred"",""name"":""Multi Factor Market Return Predictions""}","0.6008","2026-07-01","1","Prediction for 5-day, quantile 1 return using 2-phase market regime adjustment.","regime2_quantile1_r5_pred","2","GBR","{""id"":""model-risk-based-models"",""name"":""Risk Based Models""}","[]","MATRIX","TOP700","0"
"0","{""id"":""model"",""name"":""Model""}","0.4804","{""id"":""multifactor_return_pred"",""name"":""Multi Factor Market Return Predictions""}","0.6008","2026-07-01","1","20-day forward return forecast adjusted for 4-phase market regime effects.","regime4_20d_regression_prediction","2","GBR","{""id"":""model-risk-based-models"",""name"":""Risk Based Models""}","[]","MATRIX","TOP700","0"
"0","{""id"":""model"",""name"":""Model""}","0.4804","{""id"":""multifactor_return_pred"",""name"":""Multi Factor Market Return Predictions""}","0.6008","2026-07-01","1","20-day, single-quantile return prediction adjusted for 4-phase market regime embedding.","regime4_20d_single_quantile_pred","2","GBR","{""id"":""model-risk-based-models"",""name"":""Risk Based Models""}","[]","MATRIX","TOP700","0"
"0","{""id"":""model"",""name"":""Model""}","0.4804","{""id"":""multifactor_return_pred"",""name"":""Multi Factor Market Return Predictions""}","0.6008","2026-07-01","1","Model confidence score for 5-day four-phase regime adjusted 5-bucket classification (SolarEquiNox variant).","regime4_5d_5bucket_class_confidence_solar","2","GBR","{""id"":""model-risk-based-models"",""name"":""Risk Based Models""}","[]","MATRIX","TOP700","0"
"0","{""id"":""model"",""name"":""Model""}","0.4804","{""id"":""multifactor_return_pred"",""name"":""Multi Factor Market Return Predictions""}","0.6008","2026-07-01","1","Model confidence score for 5-day, 5-quantile return prediction with 4-phase regime adjustment.","regime4_5d_5quantile_confidence_score","2","GBR","{""id"":""model-risk-based-models"",""name"":""Risk Based Models""}","[]","MATRIX","TOP700","0"
"0","{""id"":""model"",""name"":""Model""}","0.4804","{""id"":""multifactor_return_pred"",""name"":""Multi Factor Market Return Predictions""}","0.6008","2026-07-01","1","5-day, 5-quantile return prediction adjusted for 4-phase market regime embedding.","regime4_5d_5quantile_pred","2","GBR","{""id"":""model-risk-based-models"",""name"":""Risk Based Models""}","[]","MATRIX","TOP700","0"
"0","{""id"":""model"",""name"":""Model""}","0.4804","{""id"":""multifactor_return_pred"",""name"":""Multi Factor Market Return Predictions""}","0.6008","2026-07-01","1","Classification of 5-day return adjusted for 4-phase regime into one of five quantile buckets.","regime4_5d_quantile5_classification","2","GBR","{""id"":""model-risk-based-models"",""name"":""Risk Based Models""}","[]","MATRIX","TOP700","0"
"0","{""id"":""model"",""name"":""Model""}","0.4804","{""id"":""multifactor_return_pred"",""name"":""Multi Factor Market Return Predictions""}","0.6008","2026-07-01","1","5-day forward return forecast adjusted for 4-phase market regime effects.","regime4_5d_regression_prediction","2","GBR","{""id"":""model-risk-based-models"",""name"":""Risk Based Models""}","[]","MATRIX","TOP700","0"
"0","{""id"":""model"",""name"":""Model""}","0.4804","{""id"":""multifactor_return_pred"",""name"":""Multi Factor Market Return Predictions""}","0.6008","2026-07-01","1","5-day, single-quantile return prediction adjusted for 4-phase market regime embedding.","regime4_5d_single_quantile_pred","2","GBR","{""id"":""model-risk-based-models"",""name"":""Risk Based Models""}","[]","MATRIX","TOP700","0"
"0","{""id"":""model"",""name"":""Model""}","0.4804","{""id"":""multifactor_return_pred"",""name"":""Multi Factor Market Return Predictions""}","0.6008","2026-07-01","1","5-day, single-quantile return prediction adjusted for 4-phase market regime embedding (alternate model version).","regime4_5d_single_quantile_pred_m1","2","GBR","{""id"":""model-risk-based-models"",""name"":""Risk Based Models""}","[]","MATRIX","TOP700","0"
"0","{""id"":""model"",""name"":""Model""}","0.4804","{""id"":""multifactor_return_pred"",""name"":""Multi Factor Market Return Predictions""}","0.6008","2026-07-01","1","Confidence score for 5-day return prediction in quantile 5, adjusted for 4-phase market regime.","regime4_adjusted_5d_quantile5_confidence","2","GBR","{""id"":""model-risk-based-models"",""name"":""Risk Based Models""}","[]","MATRIX","TOP700","0"
"0","{""id"":""model"",""name"":""Model""}","0.4804","{""id"":""multifactor_return_pred"",""name"":""Multi Factor Market Return Predictions""}","0.6008","2026-07-01","1","5-day return prediction in quantile 5, adjusted for 4-phase market regime.","regime4_adjusted_5d_return_quantile5","2","GBR","{""id"":""model-risk-based-models"",""name"":""Risk Based Models""}","[]","MATRIX","TOP700","0"
"0","{""id"":""model"",""name"":""Model""}","0.4804","{""id"":""multifactor_return_pred"",""name"":""Multi Factor Market Return Predictions""}","0.6008","2026-07-01","1","Prediction adjusted for 4-phase regime, 20-day horizon, quantile 1.","regime4_adj_pred_20d_q1","2","GBR","{""id"":""model-risk-based-models"",""name"":""Risk Based Models""}","[]","MATRIX","TOP700","0"
"0","{""id"":""model"",""name"":""Model""}","0.4804","{""id"":""multifactor_return_pred"",""name"":""Multi Factor Market Return Predictions""}","0.6008","2026-07-01","1","Prediction adjusted for 4-phase regime, 5-day horizon, quantile 1.","regime4_adj_pred_5d_q1","2","GBR","{""id"":""model-risk-based-models"",""name"":""Risk Based Models""}","[]","MATRIX","TOP700","0"
"0","{""id"":""model"",""name"":""Model""}","0.4804","{""id"":""multifactor_return_pred"",""name"":""Multi Factor Market Return Predictions""}","0.6008","2026-07-01","1","Prediction adjusted for 4-phase regime, 5-day horizon, quantile 5.","regime4_adj_pred_5d_q5","2","GBR","{""id"":""model-risk-based-models"",""name"":""Risk Based Models""}","[]","MATRIX","TOP700","0"
"0","{""id"":""model"",""name"":""Model""}","0.4804","{""id"":""multifactor_return_pred"",""name"":""Multi Factor Market Return Predictions""}","0.6008","2026-07-01","1","Model confidence score for 4-phase regime adjusted prediction, 5-day horizon, quantile 5.","regime4_adj_pred_5d_q5_confidence_score","2","GBR","{""id"":""model-risk-based-models"",""name"":""Risk Based Models""}","[]","MATRIX","TOP700","0"
"0","{""id"":""model"",""name"":""Model""}","0.4804","{""id"":""multifactor_return_pred"",""name"":""Multi Factor Market Return Predictions""}","0.6008","2026-07-01","1","Return prediction for 20-day horizon, adjusted for 4-phase market regime, regression output.","regime4_adj_pred_r20_q1","2","GBR","{""id"":""model-risk-based-models"",""name"":""Risk Based Models""}","[]","MATRIX","TOP700","0"
"0","{""id"":""model"",""name"":""Model""}","0.4804","{""id"":""multifactor_return_pred"",""name"":""Multi Factor Market Return Predictions""}","0.6008","2026-07-01","1","Model confidence for 4-phase regime signal over 5 days, quantile 5, Mfmcr module.","regime4_phase_5d_bin5_confidence_mcr","2","GBR","{""id"":""model-risk-based-models"",""name"":""Risk Based Models""}","[]","MATRIX","TOP700","0"
"0","{""id"":""model"",""name"":""Model""}","0.4804","{""id"":""multifactor_return_pred"",""name"":""Multi Factor Market Return Predictions""}","0.6008","2026-07-01","1","Model confidence score for 5-day regime 4 phase quantile 5 prediction.","regime4_phase_5d_quantile5_confidence_score","2","GBR","{""id"":""model-risk-based-models"",""name"":""Risk Based Models""}","[]","MATRIX","TOP700","0"
"0","{""id"":""model"",""name"":""Model""}","0.4806","{""id"":""multifactor_return_pred"",""name"":""Multi Factor Market Return Predictions""}","0.6008","2026-07-01","1","Model confidence score for 5-day regime 4 phase quantile 5 prediction (multi-model variant).","regime4_phase_5d_quantile5_confidence_score_mfml","2","GBR","{""id"":""model-risk-based-models"",""name"":""Risk Based Models""}","[]","MATRIX","TOP700","0"
"0","{""id"":""model"",""name"":""Model""}","0.4804","{""id"":""multifactor_return_pred"",""name"":""Multi Factor Market Return Predictions""}","0.6008","2026-07-01","1","5-day prediction adjusted for regime 4 phase, quantile 5.","regime4_phase_5d_quantile5_pred","2","GBR","{""id"":""model-risk-based-models"",""name"":""Risk Based Models""}","[]","MATRIX","TOP700","0"
"0","{""id"":""model"",""name"":""Model""}","0.4806","{""id"":""multifactor_return_pred"",""name"":""Multi Factor Market Return Predictions""}","0.6008","2026-07-01","1","20-day prediction adjusted for 4-phase market regime, quantile 1.","regime4_phase_adjusted_pred_q1_20d","2","GBR","{""id"":""model-risk-based-models"",""name"":""Risk Based Models""}","[]","MATRIX","TOP700","0"
"0","{""id"":""model"",""name"":""Model""}","0.4806","{""id"":""multifactor_return_pred"",""name"":""Multi Factor Market Return Predictions""}","0.6008","2026-07-01","1","5-day prediction adjusted for 4-phase market regime, quantile 5.","regime4_phase_adjusted_pred_q5_5d","2","GBR","{""id"":""model-risk-based-models"",""name"":""Risk Based Models""}","[]","MATRIX","TOP700","0"
"0","{""id"":""model"",""name"":""Model""}","0.4804","{""id"":""multifactor_return_pred"",""name"":""Multi Factor Market Return Predictions""}","0.6008","2026-07-01","1","5-quantile return prediction adjusted for 4-phase market regime over 5 days.","regime4_phase_quantile5_pred_r5","2","GBR","{""id"":""model-risk-based-models"",""name"":""Risk Based Models""}","[]","MATRIX","TOP700","0"
"0","{""id"":""model"",""name"":""Model""}","0.4804","{""id"":""multifactor_return_pred"",""name"":""Multi Factor Market Return Predictions""}","0.6008","2026-07-01","1","Return prediction adjusted for 4-phase market regime over 20 days.","regime4_phase_return_pred_r20","2","GBR","{""id"":""model-risk-based-models"",""name"":""Risk Based Models""}","[]","MATRIX","TOP700","0"
"0","{""id"":""model"",""name"":""Model""}","0.4806","{""id"":""multifactor_return_pred"",""name"":""Multi Factor Market Return Predictions""}","0.6008","2026-07-01","1","Signal based on 4-phase regime embedding over 5 days, quantile 1.","regime4_phase_signal_5d_bin1","2","GBR","{""id"":""model-risk-based-models"",""name"":""Risk Based Models""}","[]","MATRIX","TOP700","0"
"0","{""id"":""model"",""name"":""Model""}","0.4804","{""id"":""multifactor_return_pred"",""name"":""Multi Factor Market Return Predictions""}","0.6008","2026-07-01","1","Signal based on 4-phase regime embedding over 5 days, quantile 1, Mfmcr module.","regime4_phase_signal_5d_bin1_mcr","2","GBR","{""id"":""model-risk-based-models"",""name"":""Risk Based Models""}","[]","MATRIX","TOP700","0"
"0","{""id"":""model"",""name"":""Model""}","0.4804","{""id"":""multifactor_return_pred"",""name"":""Multi Factor Market Return Predictions""}","0.6008","2026-07-01","1","Prediction for 20-day, quantile 1 return using 4-phase market regime adjustment.","regime4_quantile1_r20_pred","2","GBR","{""id"":""model-risk-based-models"",""name"":""Risk Based Models""}","[]","MATRIX","TOP700","0"
"0","{""id"":""model"",""name"":""Model""}","0.4804","{""id"":""multifactor_return_pred"",""name"":""Multi Factor Market Return Predictions""}","0.6008","2026-07-01","1","Prediction for 20-day, quantile 1 return using 4-phase market regime adjustment from Mfm2 module.","regime4_quantile1_r20_pred_mfm2","2","GBR","{""id"":""model-risk-based-models"",""name"":""Risk Based Models""}","[]","MATRIX","TOP700","0"
"0","{""id"":""model"",""name"":""Model""}","0.4804","{""id"":""multifactor_return_pred"",""name"":""Multi Factor Market Return Predictions""}","0.6008","2026-07-01","1","Prediction for 5-day, quantile 1 return using 4-phase market regime adjustment.","regime4_quantile1_r5_pred","2","GBR","{""id"":""model-risk-based-models"",""name"":""Risk Based Models""}","[]","MATRIX","TOP700","0"
"0","{""id"":""model"",""name"":""Model""}","0.4804","{""id"":""multifactor_return_pred"",""name"":""Multi Factor Market Return Predictions""}","0.6008","2026-07-01","1","Prediction for 5-day, quantile 1 return using 4-phase market regime adjustment from Mfm2 module.","regime4_quantile1_r5_pred_mfm2","2","GBR","{""id"":""model-risk-based-models"",""name"":""Risk Based Models""}","[]","MATRIX","TOP700","0"
"0","{""id"":""model"",""name"":""Model""}","0.4804","{""id"":""multifactor_return_pred"",""name"":""Multi Factor Market Return Predictions""}","0.6008","2026-07-01","1","Model confidence for 5-day, quantile 5 return prediction using 4-phase market regime adjustment.","regime4_quantile5_confidence_r5","2","GBR","{""id"":""model-risk-based-models"",""name"":""Risk Based Models""}","[]","MATRIX","TOP700","0"
"0","{""id"":""model"",""name"":""Model""}","0.4804","{""id"":""multifactor_return_pred"",""name"":""Multi Factor Market Return Predictions""}","0.6008","2026-07-01","1","Prediction for 5-day, quantile 5 return using 4-phase market regime adjustment.","regime4_quantile5_r5_pred","2","GBR","{""id"":""model-risk-based-models"",""name"":""Risk Based Models""}","[]","MATRIX","TOP700","0"
"0","{""id"":""model"",""name"":""Model""}","0.4804","{""id"":""multifactor_return_pred"",""name"":""Multi Factor Market Return Predictions""}","0.6008","2026-07-01","1","Prediction for 5-day, quantile 1 return using seasonal effects.","seasonal_quantile1_r5_pred","2","GBR","{""id"":""model-risk-based-models"",""name"":""Risk Based Models""}","[]","MATRIX","TOP700","0"
"0","{""id"":""model"",""name"":""Model""}","0.4804","{""id"":""multifactor_return_pred"",""name"":""Multi Factor Market Return Predictions""}","0.6008","2026-07-01","1","Second variant of short-term 20-day hedge signal classified into five quantile buckets (SolarEquiNox variant).","short_hedge2_20d_5bucket_class_pred_solar","2","GBR","{""id"":""model-risk-based-models"",""name"":""Risk Based Models""}","[]","MATRIX","TOP700","0"
"0","{""id"":""model"",""name"":""Model""}","0.4804","{""id"":""multifactor_return_pred"",""name"":""Multi Factor Market Return Predictions""}","0.6008","2026-07-01","1","Model confidence for secondary short-term hedge signal classifying 20-day return into quantile 5.","short_hedge2_20d_qtile5_confidence_score","2","GBR","{""id"":""model-risk-based-models"",""name"":""Risk Based Models""}","[]","MATRIX","TOP700","0"
"0","{""id"":""model"",""name"":""Model""}","0.4804","{""id"":""multifactor_return_pred"",""name"":""Multi Factor Market Return Predictions""}","0.6008","2026-07-01","1","Second variant of short-term 20-day hedge signal (regression output).","short_hedge2_20d_regression_pred","2","GBR","{""id"":""model-risk-based-models"",""name"":""Risk Based Models""}","[]","MATRIX","TOP700","0"
"0","{""id"":""model"",""name"":""Model""}","0.4804","{""id"":""multifactor_return_pred"",""name"":""Multi Factor Market Return Predictions""}","0.6008","2026-07-01","1","Second variant of short-term 5-day hedge signal classified into five quantile buckets.","short_hedge2_5d_5bucket_class_pred","2","GBR","{""id"":""model-risk-based-models"",""name"":""Risk Based Models""}","[]","MATRIX","TOP700","0"
"0","{""id"":""model"",""name"":""Model""}","0.4804","{""id"":""multifactor_return_pred"",""name"":""Multi Factor Market Return Predictions""}","0.6008","2026-07-01","1","Second variant of short-term 5-day hedge signal classified into five quantile buckets (SolarEquiNox variant).","short_hedge2_5d_5bucket_class_pred_solar","2","GBR","{""id"":""model-risk-based-models"",""name"":""Risk Based Models""}","[]","MATRIX","TOP700","0"
"0","{""id"":""model"",""name"":""Model""}","0.4804","{""id"":""multifactor_return_pred"",""name"":""Multi Factor Market Return Predictions""}","0.6008","2026-07-01","1","Model confidence score for second variant of 5-day, 5-quantile short-term hedge signal.","short_hedge2_5d_5quantile_confidence_score","2","GBR","{""id"":""model-risk-based-models"",""name"":""Risk Based Models""}","[]","MATRIX","TOP700","0"
"0","{""id"":""model"",""name"":""Model""}","0.4804","{""id"":""multifactor_return_pred"",""name"":""Multi Factor Market Return Predictions""}","0.6008","2026-07-01","1","Second variant of short-term hedge signal for 5-day, single-quantile prediction.","short_hedge2_5d_single_quantile_pred","2","GBR","{""id"":""model-risk-based-models"",""name"":""Risk Based Models""}","[]","MATRIX","TOP700","0"
"0","{""id"":""model"",""name"":""Model""}","0.4804","{""id"":""multifactor_return_pred"",""name"":""Multi Factor Market Return Predictions""}","0.6008","2026-07-01","1","Model confidence score for second variant of short-term 60-day hedge signal (5-bucket classification, SolarEquiNox variant).","short_hedge2_60d_5bucket_class_confidence_solar","2","GBR","{""id"":""model-risk-based-models"",""name"":""Risk Based Models""}","[]","MATRIX","TOP700","0"
"0","{""id"":""model"",""name"":""Model""}","0.4804","{""id"":""multifactor_return_pred"",""name"":""Multi Factor Market Return Predictions""}","0.6008","2026-07-01","1","Second variant of short-term 60-day hedge signal classified into five quantile buckets.","short_hedge2_60d_5bucket_class_pred","2","GBR","{""id"":""model-risk-based-models"",""name"":""Risk Based Models""}","[]","MATRIX","TOP700","0"
"0","{""id"":""model"",""name"":""Model""}","0.4804","{""id"":""multifactor_return_pred"",""name"":""Multi Factor Market Return Predictions""}","0.6008","2026-07-01","1","Second variant of short-term 60-day hedge signal classified into five quantile buckets (SolarEquiNox variant).","short_hedge2_60d_5bucket_class_pred_solar","2","GBR","{""id"":""model-risk-based-models"",""name"":""Risk Based Models""}","[]","MATRIX","TOP700","0"
"0","{""id"":""model"",""name"":""Model""}","0.4804","{""id"":""multifactor_return_pred"",""name"":""Multi Factor Market Return Predictions""}","0.6008","2026-07-01","1","Second variant of short-term 60-day hedge signal (regression output, SolarEquiNox variant).","short_hedge2_60d_regression_pred_solar","2","GBR","{""id"":""model-risk-based-models"",""name"":""Risk Based Models""}","[]","MATRIX","TOP700","0"
"0","{""id"":""model"",""name"":""Model""}","0.4804","{""id"":""multifactor_return_pred"",""name"":""Multi Factor Market Return Predictions""}","0.6008","2026-07-01","1","Alternate short-term, 20-day, quantile 1 hedge signal prediction.","short_hedge2_quantile1_r20_pred","2","GBR","{""id"":""model-risk-based-models"",""name"":""Risk Based Models""}","[]","MATRIX","TOP700","0"
"0","{""id"":""model"",""name"":""Model""}","0.4804","{""id"":""multifactor_return_pred"",""name"":""Multi Factor Market Return Predictions""}","0.6008","2026-07-01","1","Alternate short-term, 5-day, quantile 1 hedge signal prediction.","short_hedge2_quantile1_r5_pred","2","GBR","{""id"":""model-risk-based-models"",""name"":""Risk Based Models""}","[]","MATRIX","TOP700","0"
"0","{""id"":""model"",""name"":""Model""}","0.4804","{""id"":""multifactor_return_pred"",""name"":""Multi Factor Market Return Predictions""}","0.6008","2026-07-01","1","Alternate short-term, 60-day, quantile 1 hedge signal prediction.","short_hedge2_quantile1_r60_pred","2","GBR","{""id"":""model-risk-based-models"",""name"":""Risk Based Models""}","[]","MATRIX","TOP700","0"
"0","{""id"":""model"",""name"":""Model""}","0.4804","{""id"":""multifactor_return_pred"",""name"":""Multi Factor Market Return Predictions""}","0.6008","2026-07-01","1","Model confidence for alternate short-term, 20-day, quantile 5 hedge signal.","short_hedge2_quantile5_confidence_r20","2","GBR","{""id"":""model-risk-based-models"",""name"":""Risk Based Models""}","[]","MATRIX","TOP700","0"
"0","{""id"":""model"",""name"":""Model""}","0.4804","{""id"":""multifactor_return_pred"",""name"":""Multi Factor Market Return Predictions""}","0.6008","2026-07-01","1","Model confidence for alternate short-term, 5-day, quantile 5 hedge signal.","short_hedge2_quantile5_confidence_r5","2","GBR","{""id"":""model-risk-based-models"",""name"":""Risk Based Models""}","[]","MATRIX","TOP700","0"
"0","{""id"":""model"",""name"":""Model""}","0.4804","{""id"":""multifactor_return_pred"",""name"":""Multi Factor Market Return Predictions""}","0.6008","2026-07-01","1","Model confidence for alternate short-term, 60-day, quantile 5 hedge signal.","short_hedge2_quantile5_confidence_r60","2","GBR","{""id"":""model-risk-based-models"",""name"":""Risk Based Models""}","[]","MATRIX","TOP700","0"
"0","{""id"":""model"",""name"":""Model""}","0.4804","{""id"":""multifactor_return_pred"",""name"":""Multi Factor Market Return Predictions""}","0.6008","2026-07-01","1","Model confidence score for the second short-term hedge signal, 60-day, 5-quantile classification.","short_hedge2_quantile5_confidence_r60_2","2","GBR","{""id"":""model-risk-based-models"",""name"":""Risk Based Models""}","[]","MATRIX","TOP700","0"
"0","{""id"":""model"",""name"":""Model""}","0.4804","{""id"":""multifactor_return_pred"",""name"":""Multi Factor Market Return Predictions""}","0.6008","2026-07-01","1","Second short-term hedge signal, 20-day, 5-quantile classification prediction.","short_hedge2_quantile5_pred_r20","2","GBR","{""id"":""model-risk-based-models"",""name"":""Risk Based Models""}","[]","MATRIX","TOP700","0"
"0","{""id"":""model"",""name"":""Model""}","0.4804","{""id"":""multifactor_return_pred"",""name"":""Multi Factor Market Return Predictions""}","0.6008","2026-07-01","1","Alternate short-term, 20-day, quantile 5 hedge signal prediction.","short_hedge2_quantile5_r20_pred","2","GBR","{""id"":""model-risk-based-models"",""name"":""Risk Based Models""}","[]","MATRIX","TOP700","0"
"0","{""id"":""model"",""name"":""Model""}","0.4804","{""id"":""multifactor_return_pred"",""name"":""Multi Factor Market Return Predictions""}","0.6008","2026-07-01","1","Alternate short-term, 5-day, quantile 5 hedge signal prediction.","short_hedge2_quantile5_r5_pred","2","GBR","{""id"":""model-risk-based-models"",""name"":""Risk Based Models""}","[]","MATRIX","TOP700","0"
"0","{""id"":""model"",""name"":""Model""}","0.4804","{""id"":""multifactor_return_pred"",""name"":""Multi Factor Market Return Predictions""}","0.6008","2026-07-01","1","Alternate short-term, 60-day, quantile 5 hedge signal prediction.","short_hedge2_quantile5_r60_pred","2","GBR","{""id"":""model-risk-based-models"",""name"":""Risk Based Models""}","[]","MATRIX","TOP700","0"
"0","{""id"":""model"",""name"":""Model""}","0.4804","{""id"":""multifactor_return_pred"",""name"":""Multi Factor Market Return Predictions""}","0.6008","2026-07-01","1","Model confidence score for third variant of short-term 20-day hedge signal (5-bucket classification).","short_hedge3_20d_5bucket_class_confidence","2","GBR","{""id"":""model-risk-based-models"",""name"":""Risk Based Models""}","[]","MATRIX","TOP700","0"
"0","{""id"":""model"",""name"":""Model""}","0.4804","{""id"":""multifactor_return_pred"",""name"":""Multi Factor Market Return Predictions""}","0.6008","2026-07-01","1","Third variant of short-term 20-day hedge signal classified into five quantile buckets.","short_hedge3_20d_5bucket_class_pred","2","GBR","{""id"":""model-risk-based-models"",""name"":""Risk Based Models""}","[]","MATRIX","TOP700","0"
"0","{""id"":""model"",""name"":""Model""}","0.4804","{""id"":""multifactor_return_pred"",""name"":""Multi Factor Market Return Predictions""}","0.6008","2026-07-01","1","Model confidence score for third variant of 20-day short-term hedge signal (5-quantile).","short_hedge3_20d_5quantile_confidence","2","GBR","{""id"":""model-risk-based-models"",""name"":""Risk Based Models""}","[]","MATRIX","TOP700","0"
"0","{""id"":""model"",""name"":""Model""}","0.4804","{""id"":""multifactor_return_pred"",""name"":""Multi Factor Market Return Predictions""}","0.6008","2026-07-01","1","Third variant of short-term hedge signal for 20-day, 5-quantile prediction.","short_hedge3_20d_5quantile_pred","2","GBR","{""id"":""model-risk-based-models"",""name"":""Risk Based Models""}","[]","MATRIX","TOP700","0"
"0","{""id"":""model"",""name"":""Model""}","0.4806","{""id"":""multifactor_return_pred"",""name"":""Multi Factor Market Return Predictions""}","0.6008","2026-07-01","1","20-day third variant hedge prediction, quantile 1 (multi-model variant, low correlation).","short_hedge3_20d_quantile1_pred_mfml","2","GBR","{""id"":""model-risk-based-models"",""name"":""Risk Based Models""}","[]","MATRIX","TOP700","0"
"0","{""id"":""model"",""name"":""Model""}","0.4806","{""id"":""multifactor_return_pred"",""name"":""Multi Factor Market Return Predictions""}","0.6008","2026-07-01","1","Model confidence score for 20-day third variant hedge quantile 5 prediction (multi-model variant).","short_hedge3_20d_quantile5_confidence_score_mfml","2","GBR","{""id"":""model-risk-based-models"",""name"":""Risk Based Models""}","[]","MATRIX","TOP700","0"
"0","{""id"":""model"",""name"":""Model""}","0.4806","{""id"":""multifactor_return_pred"",""name"":""Multi Factor Market Return Predictions""}","0.6008","2026-07-01","1","20-day third variant hedge prediction, quantile 5 (multi-model variant, low correlation).","short_hedge3_20d_quantile5_pred_mfml","2","GBR","{""id"":""model-risk-based-models"",""name"":""Risk Based Models""}","[]","MATRIX","TOP700","0"
"0","{""id"":""model"",""name"":""Model""}","0.4804","{""id"":""multifactor_return_pred"",""name"":""Multi Factor Market Return Predictions""}","0.6008","2026-07-01","1","Third variant of short-term hedge signal for 20-day, single-quantile prediction.","short_hedge3_20d_single_quantile_pred","2","GBR","{""id"":""model-risk-based-models"",""name"":""Risk Based Models""}","[]","MATRIX","TOP700","0"
"0","{""id"":""model"",""name"":""Model""}","0.4804","{""id"":""multifactor_return_pred"",""name"":""Multi Factor Market Return Predictions""}","0.6008","2026-07-01","1","Model confidence score for the third variant of short-term hedge signal (5-day, 5-quantile).","short_hedge3_5d_5quantile_confidence","2","GBR","{""id"":""model-risk-based-models"",""name"":""Risk Based Models""}","[]","MATRIX","TOP700","0"
"0","{""id"":""model"",""name"":""Model""}","0.4804","{""id"":""multifactor_return_pred"",""name"":""Multi Factor Market Return Predictions""}","0.6008","2026-07-01","1","Model confidence score for third variant of 5-day, 5-quantile short-term hedge signal (alternate model version).","short_hedge3_5d_5quantile_confidence_score_m1","2","GBR","{""id"":""model-risk-based-models"",""name"":""Risk Based Models""}","[]","MATRIX","TOP700","0"
"0","{""id"":""model"",""name"":""Model""}","0.4804","{""id"":""multifactor_return_pred"",""name"":""Multi Factor Market Return Predictions""}","0.6008","2026-07-01","1","Third variant of short-term hedge signal for 5-day, 5-quantile prediction (alternate model version).","short_hedge3_5d_5quantile_pred_m1","2","GBR","{""id"":""model-risk-based-models"",""name"":""Risk Based Models""}","[]","MATRIX","TOP700","0"
"0","{""id"":""model"",""name"":""Model""}","0.4804","{""id"":""multifactor_return_pred"",""name"":""Multi Factor Market Return Predictions""}","0.6008","2026-07-01","1","Third variant of short-term hedge signal for 5-day, single-quantile prediction.","short_hedge3_5d_single_quantile_pred","2","GBR","{""id"":""model-risk-based-models"",""name"":""Risk Based Models""}","[]","MATRIX","TOP700","0"
"0","{""id"":""model"",""name"":""Model""}","0.4804","{""id"":""multifactor_return_pred"",""name"":""Multi Factor Market Return Predictions""}","0.6008","2026-07-01","1","Third variant of short-term hedge signal for 5-day, single-quantile prediction (alternate model version).","short_hedge3_5d_single_quantile_pred_m1","2","GBR","{""id"":""model-risk-based-models"",""name"":""Risk Based Models""}","[]","MATRIX","TOP700","0"
"0","{""id"":""model"",""name"":""Model""}","0.4804","{""id"":""multifactor_return_pred"",""name"":""Multi Factor Market Return Predictions""}","0.6008","2026-07-01","1","Model confidence score for third variant of 60-day short-term hedge signal (5-quantile).","short_hedge3_60d_5quantile_confidence","2","GBR","{""id"":""model-risk-based-models"",""name"":""Risk Based Models""}","[]","MATRIX","TOP700","0"
"0","{""id"":""model"",""name"":""Model""}","0.4804","{""id"":""multifactor_return_pred"",""name"":""Multi Factor Market Return Predictions""}","0.6008","2026-07-01","1","Third variant of short-term hedge signal for 60-day, 5-quantile prediction.","short_hedge3_60d_5quantile_pred","2","GBR","{""id"":""model-risk-based-models"",""name"":""Risk Based Models""}","[]","MATRIX","TOP700","0"
"0","{""id"":""model"",""name"":""Model""}","0.4806","{""id"":""multifactor_return_pred"",""name"":""Multi Factor Market Return Predictions""}","0.6008","2026-07-01","1","60-day third variant hedge prediction, quantile 1 (multi-model variant, low correlation).","short_hedge3_60d_quantile1_pred_mfml","2","GBR","{""id"":""model-risk-based-models"",""name"":""Risk Based Models""}","[]","MATRIX","TOP700","0"
"0","{""id"":""model"",""name"":""Model""}","0.4806","{""id"":""multifactor_return_pred"",""name"":""Multi Factor Market Return Predictions""}","0.6008","2026-07-01","1","Model confidence score for 60-day third variant hedge quantile 5 prediction (multi-model variant).","short_hedge3_60d_quantile5_confidence_score_mfml","2","GBR","{""id"":""model-risk-based-models"",""name"":""Risk Based Models""}","[]","MATRIX","TOP700","0"
"0","{""id"":""model"",""name"":""Model""}","0.4804","{""id"":""multifactor_return_pred"",""name"":""Multi Factor Market Return Predictions""}","0.6008","2026-07-01","1","Third variant of short-term hedge signal for 60-day, single-quantile prediction.","short_hedge3_60d_single_quantile_pred","2","GBR","{""id"":""model-risk-based-models"",""name"":""Risk Based Models""}","[]","MATRIX","TOP700","0"
"0","{""id"":""model"",""name"":""Model""}","0.4804","{""id"":""multifactor_return_pred"",""name"":""Multi Factor Market Return Predictions""}","0.6008","2026-07-01","1","Third variant of short-term hedge signal, 20-day horizon, regression output.","short_hedge3_pred_r20_q1","2","GBR","{""id"":""model-risk-based-models"",""name"":""Risk Based Models""}","[]","MATRIX","TOP700","0"
"0","{""id"":""model"",""name"":""Model""}","0.4804","{""id"":""multifactor_return_pred"",""name"":""Multi Factor Market Return Predictions""}","0.6008","2026-07-01","1","Third variant of short-term hedge signal, 60-day, 5-quantile classification prediction.","short_hedge3_quantile5_pred_r60","2","GBR","{""id"":""model-risk-based-models"",""name"":""Risk Based Models""}","[]","MATRIX","TOP700","0"
"0","{""id"":""model"",""name"":""Model""}","0.4804","{""id"":""multifactor_return_pred"",""name"":""Multi Factor Market Return Predictions""}","0.6008","2026-07-01","1","Model confidence score for short-term hedge signal, 20-day horizon, quantile 5.","short_hedge_20d_q5_confidence_score","2","GBR","{""id"":""model-risk-based-models"",""name"":""Risk Based Models""}","[]","MATRIX","TOP700","0"
"0","{""id"":""model"",""name"":""Model""}","0.4804","{""id"":""multifactor_return_pred"",""name"":""Multi Factor Market Return Predictions""}","0.6008","2026-07-01","1","20-day short horizon hedge prediction, quantile 1 (low correlation signal).","short_hedge_20d_quantile1_pred","2","GBR","{""id"":""model-risk-based-models"",""name"":""Risk Based Models""}","[]","MATRIX","TOP700","0"
"0","{""id"":""model"",""name"":""Model""}","0.4804","{""id"":""multifactor_return_pred"",""name"":""Multi Factor Market Return Predictions""}","0.6008","2026-07-01","1","20-day short horizon hedge prediction, quantile 5 (low correlation signal).","short_hedge_20d_quantile5_pred","2","GBR","{""id"":""model-risk-based-models"",""name"":""Risk Based Models""}","[]","MATRIX","TOP700","0"
"0","{""id"":""model"",""name"":""Model""}","0.4806","{""id"":""multifactor_return_pred"",""name"":""Multi Factor Market Return Predictions""}","0.6008","2026-07-01","1","20-day short horizon hedge prediction, quantile 5 (multi-model variant, low correlation).","short_hedge_20d_quantile5_pred_mfml","2","GBR","{""id"":""model-risk-based-models"",""name"":""Risk Based Models""}","[]","MATRIX","TOP700","0"
"0","{""id"":""model"",""name"":""Model""}","0.4804","{""id"":""multifactor_return_pred"",""name"":""Multi Factor Market Return Predictions""}","0.6008","2026-07-01","1","Short-term 5-day hedge signal classified into five quantile buckets (SolarEquiNox variant).","short_hedge_5d_5bucket_class_pred_solar","2","GBR","{""id"":""model-risk-based-models"",""name"":""Risk Based Models""}","[]","MATRIX","TOP700","0"
"0","{""id"":""model"",""name"":""Model""}","0.4804","{""id"":""multifactor_return_pred"",""name"":""Multi Factor Market Return Predictions""}","0.6008","2026-07-01","1","Model confidence score for short-term hedge signal, 5-day horizon, quantile 5.","short_hedge_5d_q5_confidence_score","2","GBR","{""id"":""model-risk-based-models"",""name"":""Risk Based Models""}","[]","MATRIX","TOP700","0"
"0","{""id"":""model"",""name"":""Model""}","0.4804","{""id"":""multifactor_return_pred"",""name"":""Multi Factor Market Return Predictions""}","0.6008","2026-07-01","1","Model confidence score for 5-day short horizon hedge quantile 5 prediction.","short_hedge_5d_quantile5_confidence_score","2","GBR","{""id"":""model-risk-based-models"",""name"":""Risk Based Models""}","[]","MATRIX","TOP700","0"
"0","{""id"":""model"",""name"":""Model""}","0.4806","{""id"":""multifactor_return_pred"",""name"":""Multi Factor Market Return Predictions""}","0.6008","2026-07-01","1","Model confidence score for 5-day short horizon hedge quantile 5 prediction (multi-model variant).","short_hedge_5d_quantile5_confidence_score_mfml","2","GBR","{""id"":""model-risk-based-models"",""name"":""Risk Based Models""}","[]","MATRIX","TOP700","0"
"0","{""id"":""model"",""name"":""Model""}","0.4804","{""id"":""multifactor_return_pred"",""name"":""Multi Factor Market Return Predictions""}","0.6008","2026-07-01","1","5-day short horizon hedge prediction, quantile 5 (low correlation signal).","short_hedge_5d_quantile5_pred","2","GBR","{""id"":""model-risk-based-models"",""name"":""Risk Based Models""}","[]","MATRIX","TOP700","0"
"0","{""id"":""model"",""name"":""Model""}","0.4806","{""id"":""multifactor_return_pred"",""name"":""Multi Factor Market Return Predictions""}","0.6008","2026-07-01","1","5-day short horizon hedge prediction, quantile 5 (multi-model variant, low correlation).","short_hedge_5d_quantile5_pred_mfml","2","GBR","{""id"":""model-risk-based-models"",""name"":""Risk Based Models""}","[]","MATRIX","TOP700","0"
"0","{""id"":""model"",""name"":""Model""}","0.4804","{""id"":""multifactor_return_pred"",""name"":""Multi Factor Market Return Predictions""}","0.6008","2026-07-01","1","Short-term 5-day hedge signal (regression output, SolarEquiNox variant).","short_hedge_5d_regression_pred_solar","2","GBR","{""id"":""model-risk-based-models"",""name"":""Risk Based Models""}","[]","MATRIX","TOP700","0"
"0","{""id"":""model"",""name"":""Model""}","0.4804","{""id"":""multifactor_return_pred"",""name"":""Multi Factor Market Return Predictions""}","0.6008","2026-07-01","1","Short-term 60-day hedge signal classified into five quantile buckets (SolarEquiNox variant).","short_hedge_60d_5bucket_class_pred_solar","2","GBR","{""id"":""model-risk-based-models"",""name"":""Risk Based Models""}","[]","MATRIX","TOP700","0"
"0","{""id"":""model"",""name"":""Model""}","0.4804","{""id"":""multifactor_return_pred"",""name"":""Multi Factor Market Return Predictions""}","0.6008","2026-07-01","1","Model confidence score for short-term hedge signal, 60-day horizon, quantile 5.","short_hedge_60d_q5_confidence_score","2","GBR","{""id"":""model-risk-based-models"",""name"":""Risk Based Models""}","[]","MATRIX","TOP700","0"
"0","{""id"":""model"",""name"":""Model""}","0.4804","{""id"":""multifactor_return_pred"",""name"":""Multi Factor Market Return Predictions""}","0.6008","2026-07-01","1","60-day short horizon hedge prediction, quantile 1 (low correlation signal).","short_hedge_60d_quantile1_pred","2","GBR","{""id"":""model-risk-based-models"",""name"":""Risk Based Models""}","[]","MATRIX","TOP700","0"
"0","{""id"":""model"",""name"":""Model""}","0.4804","{""id"":""multifactor_return_pred"",""name"":""Multi Factor Market Return Predictions""}","0.6008","2026-07-01","1","Model confidence score for 60-day short horizon hedge quantile 5 prediction.","short_hedge_60d_quantile5_confidence_score","2","GBR","{""id"":""model-risk-based-models"",""name"":""Risk Based Models""}","[]","MATRIX","TOP700","0"
"0","{""id"":""model"",""name"":""Model""}","0.4804","{""id"":""multifactor_return_pred"",""name"":""Multi Factor Market Return Predictions""}","0.6008","2026-07-01","1","60-day short horizon hedge prediction, quantile 5 (low correlation signal).","short_hedge_60d_quantile5_pred","2","GBR","{""id"":""model-risk-based-models"",""name"":""Risk Based Models""}","[]","MATRIX","TOP700","0"
"0","{""id"":""model"",""name"":""Model""}","0.4806","{""id"":""multifactor_return_pred"",""name"":""Multi Factor Market Return Predictions""}","0.6008","2026-07-01","1","60-day short horizon hedge prediction, quantile 5 (multi-model variant, low correlation).","short_hedge_60d_quantile5_pred_mfml","2","GBR","{""id"":""model-risk-based-models"",""name"":""Risk Based Models""}","[]","MATRIX","TOP700","0"
"0","{""id"":""model"",""name"":""Model""}","0.4804","{""id"":""multifactor_return_pred"",""name"":""Multi Factor Market Return Predictions""}","0.6008","2026-07-01","1","Short-term, 20-day, quantile 1 hedge signal prediction.","short_hedge_quantile1_r20_pred","2","GBR","{""id"":""model-risk-based-models"",""name"":""Risk Based Models""}","[]","MATRIX","TOP700","0"
"0","{""id"":""model"",""name"":""Model""}","0.4804","{""id"":""multifactor_return_pred"",""name"":""Multi Factor Market Return Predictions""}","0.6008","2026-07-01","1","Short-term, 5-day, quantile 1 hedge signal prediction.","short_hedge_quantile1_r5_pred","2","GBR","{""id"":""model-risk-based-models"",""name"":""Risk Based Models""}","[]","MATRIX","TOP700","0"
"0","{""id"":""model"",""name"":""Model""}","0.4804","{""id"":""multifactor_return_pred"",""name"":""Multi Factor Market Return Predictions""}","0.6008","2026-07-01","1","Short-term, 5-day, quantile 1 hedge signal prediction from Mfm2 module.","short_hedge_quantile1_r5_pred_mfm2","2","GBR","{""id"":""model-risk-based-models"",""name"":""Risk Based Models""}","[]","MATRIX","TOP700","0"
"0","{""id"":""model"",""name"":""Model""}","0.4804","{""id"":""multifactor_return_pred"",""name"":""Multi Factor Market Return Predictions""}","0.6008","2026-07-01","1","Short-term, 60-day, quantile 1 hedge signal prediction.","short_hedge_quantile1_r60_pred","2","GBR","{""id"":""model-risk-based-models"",""name"":""Risk Based Models""}","[]","MATRIX","TOP700","0"
"0","{""id"":""model"",""name"":""Model""}","0.4804","{""id"":""multifactor_return_pred"",""name"":""Multi Factor Market Return Predictions""}","0.6008","2026-07-01","1","Model confidence for short-term, 20-day, quantile 5 hedge signal.","short_hedge_quantile5_confidence_r20","2","GBR","{""id"":""model-risk-based-models"",""name"":""Risk Based Models""}","[]","MATRIX","TOP700","0"
"0","{""id"":""model"",""name"":""Model""}","0.4804","{""id"":""multifactor_return_pred"",""name"":""Multi Factor Market Return Predictions""}","0.6008","2026-07-01","1","Model confidence for short-term, 20-day, quantile 5 hedge signal from Mfm2 module.","short_hedge_quantile5_confidence_r20_mfm2","2","GBR","{""id"":""model-risk-based-models"",""name"":""Risk Based Models""}","[]","MATRIX","TOP700","0"
"0","{""id"":""model"",""name"":""Model""}","0.4804","{""id"":""multifactor_return_pred"",""name"":""Multi Factor Market Return Predictions""}","0.6008","2026-07-01","1","Model confidence for short-term, 5-day, quantile 5 hedge signal.","short_hedge_quantile5_confidence_r5","2","GBR","{""id"":""model-risk-based-models"",""name"":""Risk Based Models""}","[]","MATRIX","TOP700","0"
"0","{""id"":""model"",""name"":""Model""}","0.4804","{""id"":""multifactor_return_pred"",""name"":""Multi Factor Market Return Predictions""}","0.6008","2026-07-01","1","Model confidence for short-term, 60-day, quantile 5 hedge signal.","short_hedge_quantile5_confidence_r60","2","GBR","{""id"":""model-risk-based-models"",""name"":""Risk Based Models""}","[]","MATRIX","TOP700","0"
"0","{""id"":""model"",""name"":""Model""}","0.4804","{""id"":""multifactor_return_pred"",""name"":""Multi Factor Market Return Predictions""}","0.6008","2026-07-01","1","Short-term, 20-day, quantile 5 hedge signal prediction.","short_hedge_quantile5_r20_pred","2","GBR","{""id"":""model-risk-based-models"",""name"":""Risk Based Models""}","[]","MATRIX","TOP700","0"
"0","{""id"":""model"",""name"":""Model""}","0.4804","{""id"":""multifactor_return_pred"",""name"":""Multi Factor Market Return Predictions""}","0.6008","2026-07-01","1","Short-term, 5-day, quantile 5 hedge signal prediction.","short_hedge_quantile5_r5_pred","2","GBR","{""id"":""model-risk-based-models"",""name"":""Risk Based Models""}","[]","MATRIX","TOP700","0"
"0","{""id"":""model"",""name"":""Model""}","0.4804","{""id"":""multifactor_return_pred"",""name"":""Multi Factor Market Return Predictions""}","0.6008","2026-07-01","1","Short-term, 60-day, quantile 5 hedge signal prediction.","short_hedge_quantile5_r60_pred","2","GBR","{""id"":""model-risk-based-models"",""name"":""Risk Based Models""}","[]","MATRIX","TOP700","0"
"0","{""id"":""model"",""name"":""Model""}","0.4804","{""id"":""multifactor_return_pred"",""name"":""Multi Factor Market Return Predictions""}","0.6008","2026-07-01","1","Model's confidence in the 5-bucket quantile prediction for 20-day short-horizon hedge2 signal.","short_horizon_hedge2_20d_quantile5_confidence_score","2","GBR","{""id"":""model-risk-based-models"",""name"":""Risk Based Models""}","[]","MATRIX","TOP700","0"
"0","{""id"":""model"",""name"":""Model""}","0.4804","{""id"":""multifactor_return_pred"",""name"":""Multi Factor Market Return Predictions""}","0.6008","2026-07-01","1","20-day forward return forecast from the second variant of short-horizon hedge signal.","short_horizon_hedge2_20d_regression_prediction","2","GBR","{""id"":""model-risk-based-models"",""name"":""Risk Based Models""}","[]","MATRIX","TOP700","0"
"0","{""id"":""model"",""name"":""Model""}","0.4804","{""id"":""multifactor_return_pred"",""name"":""Multi Factor Market Return Predictions""}","0.6008","2026-07-01","1","Model's confidence in the 5-bucket quantile prediction for 5-day short-horizon hedge2 signal.","short_horizon_hedge2_5d_quantile5_confidence_score","2","GBR","{""id"":""model-risk-based-models"",""name"":""Risk Based Models""}","[]","MATRIX","TOP700","0"
"0","{""id"":""model"",""name"":""Model""}","0.4804","{""id"":""multifactor_return_pred"",""name"":""Multi Factor Market Return Predictions""}","0.6008","2026-07-01","1","5-day forward return forecast from the second variant of short-horizon hedge signal.","short_horizon_hedge2_5d_regression_prediction","2","GBR","{""id"":""model-risk-based-models"",""name"":""Risk Based Models""}","[]","MATRIX","TOP700","0"
"0","{""id"":""model"",""name"":""Model""}","0.4804","{""id"":""multifactor_return_pred"",""name"":""Multi Factor Market Return Predictions""}","0.6008","2026-07-01","1","Classification of 20-day short-horizon hedge3 signal into one of five quantile buckets.","short_horizon_hedge3_20d_quantile5_classification","2","GBR","{""id"":""model-risk-based-models"",""name"":""Risk Based Models""}","[]","MATRIX","TOP700","0"
"0","{""id"":""model"",""name"":""Model""}","0.4804","{""id"":""multifactor_return_pred"",""name"":""Multi Factor Market Return Predictions""}","0.6008","2026-07-01","1","Model's confidence in the 5-bucket quantile prediction for 20-day short-horizon hedge3 signal.","short_horizon_hedge3_20d_quantile5_confidence_score","2","GBR","{""id"":""model-risk-based-models"",""name"":""Risk Based Models""}","[]","MATRIX","TOP700","0"
"0","{""id"":""model"",""name"":""Model""}","0.4804","{""id"":""multifactor_return_pred"",""name"":""Multi Factor Market Return Predictions""}","0.6008","2026-07-01","1","20-day forward return forecast from the third variant of short-horizon hedge signal.","short_horizon_hedge3_20d_regression_prediction","2","GBR","{""id"":""model-risk-based-models"",""name"":""Risk Based Models""}","[]","MATRIX","TOP700","0"
"0","{""id"":""model"",""name"":""Model""}","0.4804","{""id"":""multifactor_return_pred"",""name"":""Multi Factor Market Return Predictions""}","0.6008","2026-07-01","1","Alternative short-term hedge signal (third variant) for 5-day, 5-quantile classification.","short_horizon_hedge3_5d_5quantile_signal","2","GBR","{""id"":""model-risk-based-models"",""name"":""Risk Based Models""}","[]","MATRIX","TOP700","0"
"0","{""id"":""model"",""name"":""Model""}","0.4804","{""id"":""multifactor_return_pred"",""name"":""Multi Factor Market Return Predictions""}","0.6008","2026-07-01","1","Classification of 5-day hedge3 signal into one of five quantile buckets for short-term horizon.","short_horizon_hedge3_5d_quantile5_classification","2","GBR","{""id"":""model-risk-based-models"",""name"":""Risk Based Models""}","[]","MATRIX","TOP700","0"
"0","{""id"":""model"",""name"":""Model""}","0.4804","{""id"":""multifactor_return_pred"",""name"":""Multi Factor Market Return Predictions""}","0.6008","2026-07-01","1","Model's confidence in the 5-bucket quantile prediction for 5-day short-horizon hedge3 signal.","short_horizon_hedge3_5d_quantile5_confidence_score","2","GBR","{""id"":""model-risk-based-models"",""name"":""Risk Based Models""}","[]","MATRIX","TOP700","0"
"0","{""id"":""model"",""name"":""Model""}","0.4804","{""id"":""multifactor_return_pred"",""name"":""Multi Factor Market Return Predictions""}","0.6008","2026-07-01","1","5-day forward return forecast from the third variant of short-horizon hedge signal.","short_horizon_hedge3_5d_regression_prediction","2","GBR","{""id"":""model-risk-based-models"",""name"":""Risk Based Models""}","[]","MATRIX","TOP700","0"
"0","{""id"":""model"",""name"":""Model""}","0.4804","{""id"":""multifactor_return_pred"",""name"":""Multi Factor Market Return Predictions""}","0.6008","2026-07-01","1","Classification of 60-day short-horizon hedge3 signal into one of five quantile buckets.","short_horizon_hedge3_60d_quantile5_classification","2","GBR","{""id"":""model-risk-based-models"",""name"":""Risk Based Models""}","[]","MATRIX","TOP700","0"
"0","{""id"":""model"",""name"":""Model""}","0.4804","{""id"":""multifactor_return_pred"",""name"":""Multi Factor Market Return Predictions""}","0.6008","2026-07-01","1","Model's confidence in the 5-bucket quantile prediction for 60-day short-horizon hedge3 signal.","short_horizon_hedge3_60d_quantile5_confidence_score","2","GBR","{""id"":""model-risk-based-models"",""name"":""Risk Based Models""}","[]","MATRIX","TOP700","0"
"0","{""id"":""model"",""name"":""Model""}","0.4804","{""id"":""multifactor_return_pred"",""name"":""Multi Factor Market Return Predictions""}","0.6008","2026-07-01","1","60-day forward return forecast from the third variant of short-horizon hedge signal.","short_horizon_hedge3_60d_regression_prediction","2","GBR","{""id"":""model-risk-based-models"",""name"":""Risk Based Models""}","[]","MATRIX","TOP700","0"
"0","{""id"":""model"",""name"":""Model""}","0.4804","{""id"":""multifactor_return_pred"",""name"":""Multi Factor Market Return Predictions""}","0.6008","2026-07-01","1","Classification of 20-day short-horizon hedge signal into one of five quantile buckets.","short_horizon_hedge_20d_quantile5_classification","2","GBR","{""id"":""model-risk-based-models"",""name"":""Risk Based Models""}","[]","MATRIX","TOP700","0"
"0","{""id"":""model"",""name"":""Model""}","0.4804","{""id"":""multifactor_return_pred"",""name"":""Multi Factor Market Return Predictions""}","0.6008","2026-07-01","1","Model's confidence in the 5-bucket quantile prediction for 20-day short-horizon hedge signal.","short_horizon_hedge_20d_quantile5_confidence_score","2","GBR","{""id"":""model-risk-based-models"",""name"":""Risk Based Models""}","[]","MATRIX","TOP700","0"
"0","{""id"":""model"",""name"":""Model""}","0.4804","{""id"":""multifactor_return_pred"",""name"":""Multi Factor Market Return Predictions""}","0.6008","2026-07-01","1","20-day forward return forecast from the primary short-horizon hedge signal.","short_horizon_hedge_20d_regression_prediction","2","GBR","{""id"":""model-risk-based-models"",""name"":""Risk Based Models""}","[]","MATRIX","TOP700","0"
"0","{""id"":""model"",""name"":""Model""}","0.4804","{""id"":""multifactor_return_pred"",""name"":""Multi Factor Market Return Predictions""}","0.6008","2026-07-01","1","Model's confidence in the 5-bucket quantile prediction for 5-day short-horizon hedge signal.","short_horizon_hedge_5d_quantile5_confidence_score","2","GBR","{""id"":""model-risk-based-models"",""name"":""Risk Based Models""}","[]","MATRIX","TOP700","0"
"0","{""id"":""model"",""name"":""Model""}","0.4804","{""id"":""multifactor_return_pred"",""name"":""Multi Factor Market Return Predictions""}","0.6008","2026-07-01","1","Model's confidence in the 5-bucket quantile prediction for 60-day short-horizon hedge signal.","short_horizon_hedge_60d_quantile5_confidence_score","2","GBR","{""id"":""model-risk-based-models"",""name"":""Risk Based Models""}","[]","MATRIX","TOP700","0"
"0","{""id"":""model"",""name"":""Model""}","0.4804","{""id"":""multifactor_return_pred"",""name"":""Multi Factor Market Return Predictions""}","0.6008","2026-07-01","1","60-day forward return forecast from the primary short-horizon hedge signal.","short_horizon_hedge_60d_regression_prediction","2","GBR","{""id"":""model-risk-based-models"",""name"":""Risk Based Models""}","[]","MATRIX","TOP700","0"
"0","{""id"":""model"",""name"":""Model""}","0.4804","{""id"":""multifactor_return_pred"",""name"":""Multi Factor Market Return Predictions""}","0.6008","2026-07-01","1","Short-term 20-day return classification into five quantile buckets (SolarEquiNox variant).","short_pred_20d_5bucket_class_pred_solar","2","GBR","{""id"":""model-risk-based-models"",""name"":""Risk Based Models""}","[]","MATRIX","TOP700","0"
"0","{""id"":""model"",""name"":""Model""}","0.4804","{""id"":""multifactor_return_pred"",""name"":""Multi Factor Market Return Predictions""}","0.6008","2026-07-01","1","Model confidence score for short-term prediction, 20-day horizon, quantile 5.","short_pred_20d_q5_confidence_score","2","GBR","{""id"":""model-risk-based-models"",""name"":""Risk Based Models""}","[]","MATRIX","TOP700","0"
"0","{""id"":""model"",""name"":""Model""}","0.4804","{""id"":""multifactor_return_pred"",""name"":""Multi Factor Market Return Predictions""}","0.6008","2026-07-01","1","Model confidence score for 5-day short-term 5-bucket classification prediction.","short_pred_5d_5bucket_class_confidence","2","GBR","{""id"":""model-risk-based-models"",""name"":""Risk Based Models""}","[]","MATRIX","TOP700","0"
"0","{""id"":""model"",""name"":""Model""}","0.4804","{""id"":""multifactor_return_pred"",""name"":""Multi Factor Market Return Predictions""}","0.6008","2026-07-01","1","Model confidence score for short-term prediction, 5-day horizon, quantile 5.","short_pred_5d_q5_confidence_score","2","GBR","{""id"":""model-risk-based-models"",""name"":""Risk Based Models""}","[]","MATRIX","TOP700","0"
"0","{""id"":""model"",""name"":""Model""}","0.4804","{""id"":""multifactor_return_pred"",""name"":""Multi Factor Market Return Predictions""}","0.6008","2026-07-01","1","Model confidence score for 60-day short-term 5-bucket classification prediction (SolarEquiNox variant).","short_pred_60d_5bucket_class_confidence_solar","2","GBR","{""id"":""model-risk-based-models"",""name"":""Risk Based Models""}","[]","MATRIX","TOP700","0"
"0","{""id"":""model"",""name"":""Model""}","0.4804","{""id"":""multifactor_return_pred"",""name"":""Multi Factor Market Return Predictions""}","0.6008","2026-07-01","1","Model confidence score for short-term prediction, 60-day period, quantile 5.","short_pred_60d_q5_confidence_score","2","GBR","{""id"":""model-risk-based-models"",""name"":""Risk Based Models""}","[]","MATRIX","TOP700","0"
"0","{""id"":""model"",""name"":""Model""}","0.4804","{""id"":""multifactor_return_pred"",""name"":""Multi Factor Market Return Predictions""}","0.6008","2026-07-01","1","Short-term 60-day regression-based return prediction (SolarEquiNox variant).","short_pred_60d_regression_pred_solar","2","GBR","{""id"":""model-risk-based-models"",""name"":""Risk Based Models""}","[]","MATRIX","TOP700","0"
"0","{""id"":""model"",""name"":""Model""}","0.4804","{""id"":""multifactor_return_pred"",""name"":""Multi Factor Market Return Predictions""}","0.6008","2026-07-01","1","Short-term prediction adjusted for 2-phase regime, 20-day horizon, quantile 1.","short_pred_regime2_20d_q1","2","GBR","{""id"":""model-risk-based-models"",""name"":""Risk Based Models""}","[]","MATRIX","TOP700","0"
"0","{""id"":""model"",""name"":""Model""}","0.4804","{""id"":""multifactor_return_pred"",""name"":""Multi Factor Market Return Predictions""}","0.6008","2026-07-01","1","Short-term 20-day regression prediction adjusted for two-phase market regime.","short_pred_regime2_20d_regression_pred","2","GBR","{""id"":""model-risk-based-models"",""name"":""Risk Based Models""}","[]","MATRIX","TOP700","0"
"0","{""id"":""model"",""name"":""Model""}","0.4804","{""id"":""multifactor_return_pred"",""name"":""Multi Factor Market Return Predictions""}","0.6008","2026-07-01","1","Short-term prediction adjusted for 2-phase regime, 5-day horizon, quantile 1.","short_pred_regime2_5d_q1","2","GBR","{""id"":""model-risk-based-models"",""name"":""Risk Based Models""}","[]","MATRIX","TOP700","0"
"0","{""id"":""model"",""name"":""Model""}","0.4804","{""id"":""multifactor_return_pred"",""name"":""Multi Factor Market Return Predictions""}","0.6008","2026-07-01","1","Short-term 5-day regression prediction adjusted for two-phase market regime (SolarEquiNox variant).","short_pred_regime2_5d_regression_pred_solar","2","GBR","{""id"":""model-risk-based-models"",""name"":""Risk Based Models""}","[]","MATRIX","TOP700","0"
"0","{""id"":""model"",""name"":""Model""}","0.4804","{""id"":""multifactor_return_pred"",""name"":""Multi Factor Market Return Predictions""}","0.6008","2026-07-01","1","Short-term prediction adjusted for 2-phase regime, 60-day horizon, quantile 1.","short_pred_regime2_60d_q1","2","GBR","{""id"":""model-risk-based-models"",""name"":""Risk Based Models""}","[]","MATRIX","TOP700","0"
"0","{""id"":""model"",""name"":""Model""}","0.4804","{""id"":""multifactor_return_pred"",""name"":""Multi Factor Market Return Predictions""}","0.6008","2026-07-01","1","Short-term 60-day regression prediction adjusted for two-phase market regime (SolarEquiNox variant).","short_pred_regime2_60d_regression_pred_solar","2","GBR","{""id"":""model-risk-based-models"",""name"":""Risk Based Models""}","[]","MATRIX","TOP700","0"
"0","{""id"":""model"",""name"":""Model""}","0.4804","{""id"":""multifactor_return_pred"",""name"":""Multi Factor Market Return Predictions""}","0.6008","2026-07-01","1","Short-term 20-day regression prediction adjusted for four-phase market regime.","short_pred_regime4_20d_regression_pred","2","GBR","{""id"":""model-risk-based-models"",""name"":""Risk Based Models""}","[]","MATRIX","TOP700","0"
"0","{""id"":""model"",""name"":""Model""}","0.4804","{""id"":""multifactor_return_pred"",""name"":""Multi Factor Market Return Predictions""}","0.6008","2026-07-01","1","Short-term prediction adjusted for 4-phase regime, 5-day horizon, quantile 1.","short_pred_regime4_5d_q1","2","GBR","{""id"":""model-risk-based-models"",""name"":""Risk Based Models""}","[]","MATRIX","TOP700","0"
"0","{""id"":""model"",""name"":""Model""}","0.4804","{""id"":""multifactor_return_pred"",""name"":""Multi Factor Market Return Predictions""}","0.6008","2026-07-01","1","Short-term 5-day regression prediction adjusted for four-phase market regime.","short_pred_regime4_5d_regression_pred","2","GBR","{""id"":""model-risk-based-models"",""name"":""Risk Based Models""}","[]","MATRIX","TOP700","0"
"0","{""id"":""model"",""name"":""Model""}","0.4804","{""id"":""multifactor_return_pred"",""name"":""Multi Factor Market Return Predictions""}","0.6008","2026-07-01","1","Short-term prediction adjusted for 4-phase regime, 60-day horizon, quantile 1.","short_pred_regime4_60d_q1","2","GBR","{""id"":""model-risk-based-models"",""name"":""Risk Based Models""}","[]","MATRIX","TOP700","0"
"0","{""id"":""model"",""name"":""Model""}","0.4804","{""id"":""multifactor_return_pred"",""name"":""Multi Factor Market Return Predictions""}","0.6008","2026-07-01","1","Short-term prediction adjusted for seasonal effects, 20-day horizon, quantile 1.","short_pred_seasonal_20d_q1","2","GBR","{""id"":""model-risk-based-models"",""name"":""Risk Based Models""}","[]","MATRIX","TOP700","0"
"0","{""id"":""model"",""name"":""Model""}","0.4804","{""id"":""multifactor_return_pred"",""name"":""Multi Factor Market Return Predictions""}","0.6008","2026-07-01","1","Short-term 5-day regression prediction adjusted for seasonal effects (SolarEquiNox variant).","short_pred_seasonal_5d_regression_pred_solar","2","GBR","{""id"":""model-risk-based-models"",""name"":""Risk Based Models""}","[]","MATRIX","TOP700","0"
"0","{""id"":""model"",""name"":""Model""}","0.4804","{""id"":""multifactor_return_pred"",""name"":""Multi Factor Market Return Predictions""}","0.6008","2026-07-01","1","Short-term 60-day regression prediction adjusted for seasonal effects.","short_pred_seasonal_60d_regression_pred","2","GBR","{""id"":""model-risk-based-models"",""name"":""Risk Based Models""}","[]","MATRIX","TOP700","0"
"0","{""id"":""model"",""name"":""Model""}","0.4804","{""id"":""multifactor_return_pred"",""name"":""Multi Factor Market Return Predictions""}","0.6008","2026-07-01","1","Short-term 60-day regression prediction adjusted for seasonal effects (SolarEquiNox variant).","short_pred_seasonal_60d_regression_pred_solar","2","GBR","{""id"":""model-risk-based-models"",""name"":""Risk Based Models""}","[]","MATRIX","TOP700","0"
"0","{""id"":""model"",""name"":""Model""}","0.4804","{""id"":""multifactor_return_pred"",""name"":""Multi Factor Market Return Predictions""}","0.6008","2026-07-01","1","Model confidence score for 20-day, 5-quantile short-term return prediction.","short_term_20d_5quantile_confidence_score","2","GBR","{""id"":""model-risk-based-models"",""name"":""Risk Based Models""}","[]","MATRIX","TOP700","0"
"0","{""id"":""model"",""name"":""Model""}","0.4804","{""id"":""multifactor_return_pred"",""name"":""Multi Factor Market Return Predictions""}","0.6008","2026-07-01","1","Model confidence score for 20-day, 5-quantile short-term return prediction (alternate model version).","short_term_20d_5quantile_confidence_score_m1","2","GBR","{""id"":""model-risk-based-models"",""name"":""Risk Based Models""}","[]","MATRIX","TOP700","0"
"0","{""id"":""model"",""name"":""Model""}","0.4804","{""id"":""multifactor_return_pred"",""name"":""Multi Factor Market Return Predictions""}","0.6008","2026-07-01","1","Short-horizon (20-day) 5-quantile return prediction.","short_term_20d_5quantile_pred","2","GBR","{""id"":""model-risk-based-models"",""name"":""Risk Based Models""}","[]","MATRIX","TOP700","0"
"0","{""id"":""model"",""name"":""Model""}","0.4804","{""id"":""multifactor_return_pred"",""name"":""Multi Factor Market Return Predictions""}","0.6008","2026-07-01","1","Short-horizon (20-day) 5-quantile return prediction (alternate model version).","short_term_20d_5quantile_pred_m1","2","GBR","{""id"":""model-risk-based-models"",""name"":""Risk Based Models""}","[]","MATRIX","TOP700","0"
"0","{""id"":""model"",""name"":""Model""}","0.4804","{""id"":""multifactor_return_pred"",""name"":""Multi Factor Market Return Predictions""}","0.6008","2026-07-01","1","20-day short horizon prediction, quantile 1.","short_term_20d_quantile1_pred","2","GBR","{""id"":""model-risk-based-models"",""name"":""Risk Based Models""}","[]","MATRIX","TOP700","0"
"0","{""id"":""model"",""name"":""Model""}","0.4804","{""id"":""multifactor_return_pred"",""name"":""Multi Factor Market Return Predictions""}","0.6008","2026-07-01","1","Model confidence score for 20-day short horizon quantile 5 prediction.","short_term_20d_quantile5_confidence_score","2","GBR","{""id"":""model-risk-based-models"",""name"":""Risk Based Models""}","[]","MATRIX","TOP700","0"
"0","{""id"":""model"",""name"":""Model""}","0.4804","{""id"":""multifactor_return_pred"",""name"":""Multi Factor Market Return Predictions""}","0.6008","2026-07-01","1","Model's confidence in the 5-bucket quantile prediction for 20-day short-term return.","short_term_20d_quantile5_confidence_score_2","2","GBR","{""id"":""model-risk-based-models"",""name"":""Risk Based Models""}","[]","MATRIX","TOP700","0"
"0","{""id"":""model"",""name"":""Model""}","0.4806","{""id"":""multifactor_return_pred"",""name"":""Multi Factor Market Return Predictions""}","0.6008","2026-07-01","1","Model confidence score for 20-day short horizon quantile 5 prediction (multi-model variant).","short_term_20d_quantile5_confidence_score_mfml","2","GBR","{""id"":""model-risk-based-models"",""name"":""Risk Based Models""}","[]","MATRIX","TOP700","0"
"0","{""id"":""model"",""name"":""Model""}","0.4804","{""id"":""multifactor_return_pred"",""name"":""Multi Factor Market Return Predictions""}","0.6008","2026-07-01","1","20-day short horizon prediction, quantile 5.","short_term_20d_quantile5_pred","2","GBR","{""id"":""model-risk-based-models"",""name"":""Risk Based Models""}","[]","MATRIX","TOP700","0"
"0","{""id"":""model"",""name"":""Model""}","0.4804","{""id"":""multifactor_return_pred"",""name"":""Multi Factor Market Return Predictions""}","0.6008","2026-07-01","1","Short-horizon (20-day) regression-based return forecast.","short_term_20d_regression_prediction","2","GBR","{""id"":""model-risk-based-models"",""name"":""Risk Based Models""}","[]","MATRIX","TOP700","0"
"0","{""id"":""model"",""name"":""Model""}","0.4804","{""id"":""multifactor_return_pred"",""name"":""Multi Factor Market Return Predictions""}","0.6008","2026-07-01","1","Short-horizon (20-day) single-quantile return prediction.","short_term_20d_single_quantile_pred","2","GBR","{""id"":""model-risk-based-models"",""name"":""Risk Based Models""}","[]","MATRIX","TOP700","0"
"0","{""id"":""model"",""name"":""Model""}","0.4804","{""id"":""multifactor_return_pred"",""name"":""Multi Factor Market Return Predictions""}","0.6008","2026-07-01","1","Classification of 5-day short-term return into one of five quantile buckets.","short_term_5d_5bucket_class_pred","2","GBR","{""id"":""model-risk-based-models"",""name"":""Risk Based Models""}","[]","MATRIX","TOP700","0"
"0","{""id"":""model"",""name"":""Model""}","0.4804","{""id"":""multifactor_return_pred"",""name"":""Multi Factor Market Return Predictions""}","0.6008","2026-07-01","1","Model confidence score for 5-day short-term return prediction in 5 quantile classification.","short_term_5d_5quantile_confidence_score","2","GBR","{""id"":""model-risk-based-models"",""name"":""Risk Based Models""}","[]","MATRIX","TOP700","0"
"0","{""id"":""model"",""name"":""Model""}","0.4804","{""id"":""multifactor_return_pred"",""name"":""Multi Factor Market Return Predictions""}","0.6008","2026-07-01","1","Classification of 5-day return into quantile 5 using short-term prediction model.","short_term_5d_qtile5_class_pred","2","GBR","{""id"":""model-risk-based-models"",""name"":""Risk Based Models""}","[]","MATRIX","TOP700","0"
"0","{""id"":""model"",""name"":""Model""}","0.4804","{""id"":""multifactor_return_pred"",""name"":""Multi Factor Market Return Predictions""}","0.6008","2026-07-01","1","5-day short horizon prediction, quantile 1.","short_term_5d_quantile1_pred","2","GBR","{""id"":""model-risk-based-models"",""name"":""Risk Based Models""}","[]","MATRIX","TOP700","0"
"0","{""id"":""model"",""name"":""Model""}","0.4804","{""id"":""multifactor_return_pred"",""name"":""Multi Factor Market Return Predictions""}","0.6008","2026-07-01","1","Classification of 5-day short-horizon return into one of five quantile buckets.","short_term_5d_quantile5_classification","2","GBR","{""id"":""model-risk-based-models"",""name"":""Risk Based Models""}","[]","MATRIX","TOP700","0"
"0","{""id"":""model"",""name"":""Model""}","0.4804","{""id"":""multifactor_return_pred"",""name"":""Multi Factor Market Return Predictions""}","0.6008","2026-07-01","1","Model confidence score for 5-day short horizon quantile 5 prediction.","short_term_5d_quantile5_confidence_score","2","GBR","{""id"":""model-risk-based-models"",""name"":""Risk Based Models""}","[]","MATRIX","TOP700","0"
"0","{""id"":""model"",""name"":""Model""}","0.4804","{""id"":""multifactor_return_pred"",""name"":""Multi Factor Market Return Predictions""}","0.6008","2026-07-01","1","Model's confidence in the 5-bucket quantile prediction for 5-day short-term return.","short_term_5d_quantile5_confidence_score_2","2","GBR","{""id"":""model-risk-based-models"",""name"":""Risk Based Models""}","[]","MATRIX","TOP700","0"
"0","{""id"":""model"",""name"":""Model""}","0.4806","{""id"":""multifactor_return_pred"",""name"":""Multi Factor Market Return Predictions""}","0.6008","2026-07-01","1","Model confidence score for 5-day short horizon quantile 5 prediction (multi-model variant).","short_term_5d_quantile5_confidence_score_mfml","2","GBR","{""id"":""model-risk-based-models"",""name"":""Risk Based Models""}","[]","MATRIX","TOP700","0"
"0","{""id"":""model"",""name"":""Model""}","0.4804","{""id"":""multifactor_return_pred"",""name"":""Multi Factor Market Return Predictions""}","0.6008","2026-07-01","1","Short-horizon (5-day) regression-based return forecast.","short_term_5d_regression_prediction","2","GBR","{""id"":""model-risk-based-models"",""name"":""Risk Based Models""}","[]","MATRIX","TOP700","0"
"0","{""id"":""model"",""name"":""Model""}","0.4804","{""id"":""multifactor_return_pred"",""name"":""Multi Factor Market Return Predictions""}","0.6008","2026-07-01","1","Short-horizon (5-day) single-quantile return prediction.","short_term_5d_single_quantile_pred","2","GBR","{""id"":""model-risk-based-models"",""name"":""Risk Based Models""}","[]","MATRIX","TOP700","0"
"0","{""id"":""model"",""name"":""Model""}","0.4804","{""id"":""multifactor_return_pred"",""name"":""Multi Factor Market Return Predictions""}","0.6008","2026-07-01","1","Short-horizon (5-day) single-quantile return prediction (alternate model version).","short_term_5d_single_quantile_pred_m1","2","GBR","{""id"":""model-risk-based-models"",""name"":""Risk Based Models""}","[]","MATRIX","TOP700","0"
"0","{""id"":""model"",""name"":""Model""}","0.4804","{""id"":""multifactor_return_pred"",""name"":""Multi Factor Market Return Predictions""}","0.6008","2026-07-01","1","Classification of 60-day short-term return into one of five quantile buckets.","short_term_60d_5bucket_class_pred","2","GBR","{""id"":""model-risk-based-models"",""name"":""Risk Based Models""}","[]","MATRIX","TOP700","0"
"0","{""id"":""model"",""name"":""Model""}","0.4804","{""id"":""multifactor_return_pred"",""name"":""Multi Factor Market Return Predictions""}","0.6008","2026-07-01","1","Model confidence score for 60-day, 5-quantile short-term return prediction.","short_term_60d_5quantile_confidence_score","2","GBR","{""id"":""model-risk-based-models"",""name"":""Risk Based Models""}","[]","MATRIX","TOP700","0"
"0","{""id"":""model"",""name"":""Model""}","0.4804","{""id"":""multifactor_return_pred"",""name"":""Multi Factor Market Return Predictions""}","0.6008","2026-07-01","1","Classification of 60-day return into quantile 5 using short-term prediction model.","short_term_60d_qtile5_class_pred","2","GBR","{""id"":""model-risk-based-models"",""name"":""Risk Based Models""}","[]","MATRIX","TOP700","0"
"0","{""id"":""model"",""name"":""Model""}","0.4804","{""id"":""multifactor_return_pred"",""name"":""Multi Factor Market Return Predictions""}","0.6008","2026-07-01","1","60-day short horizon prediction, quantile 1.","short_term_60d_quantile1_pred","2","GBR","{""id"":""model-risk-based-models"",""name"":""Risk Based Models""}","[]","MATRIX","TOP700","0"
"0","{""id"":""model"",""name"":""Model""}","0.4804","{""id"":""multifactor_return_pred"",""name"":""Multi Factor Market Return Predictions""}","0.6008","2026-07-01","1","Classification of 60-day short-horizon return into one of five quantile buckets.","short_term_60d_quantile5_classification","2","GBR","{""id"":""model-risk-based-models"",""name"":""Risk Based Models""}","[]","MATRIX","TOP700","0"
"0","{""id"":""model"",""name"":""Model""}","0.4804","{""id"":""multifactor_return_pred"",""name"":""Multi Factor Market Return Predictions""}","0.6008","2026-07-01","1","Model confidence score for 60-day short horizon quantile 5 prediction.","short_term_60d_quantile5_confidence_score","2","GBR","{""id"":""model-risk-based-models"",""name"":""Risk Based Models""}","[]","MATRIX","TOP700","0"
"0","{""id"":""model"",""name"":""Model""}","0.4806","{""id"":""multifactor_return_pred"",""name"":""Multi Factor Market Return Predictions""}","0.6008","2026-07-01","1","Model confidence score for 60-day short horizon quantile 5 prediction (multi-model variant).","short_term_60d_quantile5_confidence_score_mfml","2","GBR","{""id"":""model-risk-based-models"",""name"":""Risk Based Models""}","[]","MATRIX","TOP700","0"
"0","{""id"":""model"",""name"":""Model""}","0.4804","{""id"":""multifactor_return_pred"",""name"":""Multi Factor Market Return Predictions""}","0.6008","2026-07-01","1","60-day short horizon prediction, quantile 5.","short_term_60d_quantile5_pred","2","GBR","{""id"":""model-risk-based-models"",""name"":""Risk Based Models""}","[]","MATRIX","TOP700","0"
"0","{""id"":""model"",""name"":""Model""}","0.4806","{""id"":""multifactor_return_pred"",""name"":""Multi Factor Market Return Predictions""}","0.6008","2026-07-01","1","60-day short horizon prediction, quantile 5 (multi-model variant).","short_term_60d_quantile5_pred_mfml","2","GBR","{""id"":""model-risk-based-models"",""name"":""Risk Based Models""}","[]","MATRIX","TOP700","0"
"0","{""id"":""model"",""name"":""Model""}","0.4804","{""id"":""multifactor_return_pred"",""name"":""Multi Factor Market Return Predictions""}","0.6008","2026-07-01","1","Short-horizon (60-day) single-quantile return prediction.","short_term_60d_single_quantile_pred","2","GBR","{""id"":""model-risk-based-models"",""name"":""Risk Based Models""}","[]","MATRIX","TOP700","0"
"0","{""id"":""model"",""name"":""Model""}","0.4804","{""id"":""multifactor_return_pred"",""name"":""Multi Factor Market Return Predictions""}","0.6008","2026-07-01","1","Short-horizon (60-day) single-quantile return prediction (alternate model version).","short_term_60d_single_quantile_pred_m1","2","GBR","{""id"":""model-risk-based-models"",""name"":""Risk Based Models""}","[]","MATRIX","TOP700","0"
"0","{""id"":""model"",""name"":""Model""}","0.4804","{""id"":""multifactor_return_pred"",""name"":""Multi Factor Market Return Predictions""}","0.6008","2026-07-01","1","Model confidence for short-term (20-day) hedge signal variant 2 in quantile 5.","short_term_hedge2_20d_quantile5_confidence","2","GBR","{""id"":""model-risk-based-models"",""name"":""Risk Based Models""}","[]","MATRIX","TOP700","0"
"0","{""id"":""model"",""name"":""Model""}","0.4804","{""id"":""multifactor_return_pred"",""name"":""Multi Factor Market Return Predictions""}","0.6008","2026-07-01","1","Alternative short-term hedge signal for 60-day horizon, regression output, designed for low correlation with main signal.","short_term_hedge2_pred_r60_q1","2","GBR","{""id"":""model-risk-based-models"",""name"":""Risk Based Models""}","[]","MATRIX","TOP700","0"
"0","{""id"":""model"",""name"":""Model""}","0.4804","{""id"":""multifactor_return_pred"",""name"":""Multi Factor Market Return Predictions""}","0.6008","2026-07-01","1","Model confidence for short-term (60-day) hedge signal variant 3 in quantile 5.","short_term_hedge3_60d_quantile5_confidence","2","GBR","{""id"":""model-risk-based-models"",""name"":""Risk Based Models""}","[]","MATRIX","TOP700","0"
"0","{""id"":""model"",""name"":""Model""}","0.4804","{""id"":""multifactor_return_pred"",""name"":""Multi Factor Market Return Predictions""}","0.6008","2026-07-01","1","Short-term (60-day) hedge signal variant 3, assigned to quantile bucket 1.","short_term_hedge3_signal_60d_quantile1","2","GBR","{""id"":""model-risk-based-models"",""name"":""Risk Based Models""}","[]","MATRIX","TOP700","0"
"0","{""id"":""model"",""name"":""Model""}","0.4804","{""id"":""multifactor_return_pred"",""name"":""Multi Factor Market Return Predictions""}","0.6008","2026-07-01","1","Short-term 60-day return forecast designed to be uncorrelated with main signals.","short_term_hedge_60d_regress_return_pred","2","GBR","{""id"":""model-risk-based-models"",""name"":""Risk Based Models""}","[]","MATRIX","TOP700","0"
"0","{""id"":""model"",""name"":""Model""}","0.4806","{""id"":""multifactor_return_pred"",""name"":""Multi Factor Market Return Predictions""}","0.6008","2026-07-01","1","Short-term hedge signal over 20 days, quantile 1.","short_term_hedge_signal_20d_bin1","2","GBR","{""id"":""model-risk-based-models"",""name"":""Risk Based Models""}","[]","MATRIX","TOP700","0"
"0","{""id"":""model"",""name"":""Model""}","0.4804","{""id"":""multifactor_return_pred"",""name"":""Multi Factor Market Return Predictions""}","0.6008","2026-07-01","1","Short-term hedge signal for 20-day horizon, quantile 1.","short_term_hedge_signal_20d_q1","2","GBR","{""id"":""model-risk-based-models"",""name"":""Risk Based Models""}","[]","MATRIX","TOP700","0"
"0","{""id"":""model"",""name"":""Model""}","0.4804","{""id"":""multifactor_return_pred"",""name"":""Multi Factor Market Return Predictions""}","0.6008","2026-07-01","1","Short-term hedge signal for 20-day horizon, quantile 5.","short_term_hedge_signal_20d_q5","2","GBR","{""id"":""model-risk-based-models"",""name"":""Risk Based Models""}","[]","MATRIX","TOP700","0"
"0","{""id"":""model"",""name"":""Model""}","0.4806","{""id"":""multifactor_return_pred"",""name"":""Multi Factor Market Return Predictions""}","0.6008","2026-07-01","1","Short-term hedge signal over 5 days, quantile 1.","short_term_hedge_signal_5d_bin1","2","GBR","{""id"":""model-risk-based-models"",""name"":""Risk Based Models""}","[]","MATRIX","TOP700","0"
"0","{""id"":""model"",""name"":""Model""}","0.4804","{""id"":""multifactor_return_pred"",""name"":""Multi Factor Market Return Predictions""}","0.6008","2026-07-01","1","Short-term hedge signal for 5-day horizon, quantile 1.","short_term_hedge_signal_5d_q1","2","GBR","{""id"":""model-risk-based-models"",""name"":""Risk Based Models""}","[]","MATRIX","TOP700","0"
"0","{""id"":""model"",""name"":""Model""}","0.4804","{""id"":""multifactor_return_pred"",""name"":""Multi Factor Market Return Predictions""}","0.6008","2026-07-01","1","Short-term hedge signal for 5-day horizon, quantile 5.","short_term_hedge_signal_5d_q5","2","GBR","{""id"":""model-risk-based-models"",""name"":""Risk Based Models""}","[]","MATRIX","TOP700","0"
"0","{""id"":""model"",""name"":""Model""}","0.4806","{""id"":""multifactor_return_pred"",""name"":""Multi Factor Market Return Predictions""}","0.6008","2026-07-01","1","Short-term hedge signal over 60 days, quantile 1.","short_term_hedge_signal_60d_bin1","2","GBR","{""id"":""model-risk-based-models"",""name"":""Risk Based Models""}","[]","MATRIX","TOP700","0"
"0","{""id"":""model"",""name"":""Model""}","0.4804","{""id"":""multifactor_return_pred"",""name"":""Multi Factor Market Return Predictions""}","0.6008","2026-07-01","1","Short-term hedge signal for 60-day horizon, quantile 5.","short_term_hedge_signal_60d_q5","2","GBR","{""id"":""model-risk-based-models"",""name"":""Risk Based Models""}","[]","MATRIX","TOP700","0"
"0","{""id"":""model"",""name"":""Model""}","0.4806","{""id"":""multifactor_return_pred"",""name"":""Multi Factor Market Return Predictions""}","0.6008","2026-07-01","1","Model confidence score for short-horizon (20-day) hedge signal, quantile 5.","short_term_hedge_signal_confidence_20d_q5","2","GBR","{""id"":""model-risk-based-models"",""name"":""Risk Based Models""}","[]","MATRIX","TOP700","0"
"0","{""id"":""model"",""name"":""Model""}","0.4806","{""id"":""multifactor_return_pred"",""name"":""Multi Factor Market Return Predictions""}","0.6008","2026-07-01","1","Model confidence score for short-horizon (60-day) hedge signal, quantile 5.","short_term_hedge_signal_confidence_60d_q5","2","GBR","{""id"":""model-risk-based-models"",""name"":""Risk Based Models""}","[]","MATRIX","TOP700","0"
"0","{""id"":""model"",""name"":""Model""}","0.4804","{""id"":""multifactor_return_pred"",""name"":""Multi Factor Market Return Predictions""}","0.6008","2026-07-01","1","Third variant of short-horizon hedge signal, 5-quantile, over 20 days.","short_term_hedge_variant3_quantile5_r20","2","GBR","{""id"":""model-risk-based-models"",""name"":""Risk Based Models""}","[]","MATRIX","TOP700","0"
"0","{""id"":""model"",""name"":""Model""}","0.4804","{""id"":""multifactor_return_pred"",""name"":""Multi Factor Market Return Predictions""}","0.6008","2026-07-01","1","Third variant of short-horizon hedge signal, 5-quantile, over 60 days.","short_term_hedge_variant3_quantile5_r60","2","GBR","{""id"":""model-risk-based-models"",""name"":""Risk Based Models""}","[]","MATRIX","TOP700","0"
"0","{""id"":""model"",""name"":""Model""}","0.4806","{""id"":""multifactor_return_pred"",""name"":""Multi Factor Market Return Predictions""}","0.6008","2026-07-01","1","Short-horizon (20-day) return prediction, quantile 1 (alternate version).","short_term_predicted_return_quantile1_20d_v2","2","GBR","{""id"":""model-risk-based-models"",""name"":""Risk Based Models""}","[]","MATRIX","TOP700","0"
"0","{""id"":""model"",""name"":""Model""}","0.4806","{""id"":""multifactor_return_pred"",""name"":""Multi Factor Market Return Predictions""}","0.6008","2026-07-01","1","Short-horizon (60-day) return prediction, quantile 1.","short_term_predicted_return_quantile1_60d","2","GBR","{""id"":""model-risk-based-models"",""name"":""Risk Based Models""}","[]","MATRIX","TOP700","0"
"0","{""id"":""model"",""name"":""Model""}","0.4806","{""id"":""multifactor_return_pred"",""name"":""Multi Factor Market Return Predictions""}","0.6008","2026-07-01","1","Short-horizon (20-day) return prediction, quantile 5.","short_term_predicted_return_quantile5_20d","2","GBR","{""id"":""model-risk-based-models"",""name"":""Risk Based Models""}","[]","MATRIX","TOP700","0"
"0","{""id"":""model"",""name"":""Model""}","0.4804","{""id"":""multifactor_return_pred"",""name"":""Multi Factor Market Return Predictions""}","0.6008","2026-07-01","1","Short-term prediction over 20 days, quantile 1, Mfmcr module.","short_term_pred_20d_bin1_mcr","2","GBR","{""id"":""model-risk-based-models"",""name"":""Risk Based Models""}","[]","MATRIX","TOP700","0"
"0","{""id"":""model"",""name"":""Model""}","0.4804","{""id"":""multifactor_return_pred"",""name"":""Multi Factor Market Return Predictions""}","0.6008","2026-07-01","1","Model confidence for short-term prediction over 20 days, quantile 5, Mfmcr module.","short_term_pred_20d_bin5_confidence_mcr","2","GBR","{""id"":""model-risk-based-models"",""name"":""Risk Based Models""}","[]","MATRIX","TOP700","0"
"0","{""id"":""model"",""name"":""Model""}","0.4804","{""id"":""multifactor_return_pred"",""name"":""Multi Factor Market Return Predictions""}","0.6008","2026-07-01","1","Short-term prediction over 20 days, quantile 5, Mfmcr module.","short_term_pred_20d_bin5_mcr","2","GBR","{""id"":""model-risk-based-models"",""name"":""Risk Based Models""}","[]","MATRIX","TOP700","0"
"0","{""id"":""model"",""name"":""Model""}","0.4804","{""id"":""multifactor_return_pred"",""name"":""Multi Factor Market Return Predictions""}","0.6008","2026-07-01","1","Short-horizon return prediction for 20-day period, quantile 1.","short_term_pred_20d_q1","2","GBR","{""id"":""model-risk-based-models"",""name"":""Risk Based Models""}","[]","MATRIX","TOP700","0"
"0","{""id"":""model"",""name"":""Model""}","0.4804","{""id"":""multifactor_return_pred"",""name"":""Multi Factor Market Return Predictions""}","0.6008","2026-07-01","1","Short-horizon return prediction for 20-day period, quantile 5.","short_term_pred_20d_q5","2","GBR","{""id"":""model-risk-based-models"",""name"":""Risk Based Models""}","[]","MATRIX","TOP700","0"
"0","{""id"":""model"",""name"":""Model""}","0.4806","{""id"":""multifactor_return_pred"",""name"":""Multi Factor Market Return Predictions""}","0.6008","2026-07-01","1","Short-term prediction over 5 days, quantile 1.","short_term_pred_5d_bin1","2","GBR","{""id"":""model-risk-based-models"",""name"":""Risk Based Models""}","[]","MATRIX","TOP700","0"
"0","{""id"":""model"",""name"":""Model""}","0.4806","{""id"":""multifactor_return_pred"",""name"":""Multi Factor Market Return Predictions""}","0.6008","2026-07-01","1","Short-term prediction over 5 days, quantile 5.","short_term_pred_5d_bin5","2","GBR","{""id"":""model-risk-based-models"",""name"":""Risk Based Models""}","[]","MATRIX","TOP700","0"
"0","{""id"":""model"",""name"":""Model""}","0.4804","{""id"":""multifactor_return_pred"",""name"":""Multi Factor Market Return Predictions""}","0.6008","2026-07-01","1","Short-term prediction over 5 days, quantile 5, Mfmcr module.","short_term_pred_5d_bin5_mcr","2","GBR","{""id"":""model-risk-based-models"",""name"":""Risk Based Models""}","[]","MATRIX","TOP700","0"
"0","{""id"":""model"",""name"":""Model""}","0.4804","{""id"":""multifactor_return_pred"",""name"":""Multi Factor Market Return Predictions""}","0.6008","2026-07-01","1","Short-horizon return prediction for 5-day period, quantile 1.","short_term_pred_5d_q1","2","GBR","{""id"":""model-risk-based-models"",""name"":""Risk Based Models""}","[]","MATRIX","TOP700","0"
"0","{""id"":""model"",""name"":""Model""}","0.4804","{""id"":""multifactor_return_pred"",""name"":""Multi Factor Market Return Predictions""}","0.6008","2026-07-01","1","Short-horizon return prediction for 5-day period, quantile 5.","short_term_pred_5d_q5","2","GBR","{""id"":""model-risk-based-models"",""name"":""Risk Based Models""}","[]","MATRIX","TOP700","0"
"0","{""id"":""model"",""name"":""Model""}","0.4804","{""id"":""multifactor_return_pred"",""name"":""Multi Factor Market Return Predictions""}","0.6008","2026-07-01","1","Short-term prediction over 60 days, quantile 1, Mfmcr module.","short_term_pred_60d_bin1_mcr","2","GBR","{""id"":""model-risk-based-models"",""name"":""Risk Based Models""}","[]","MATRIX","TOP700","0"
"0","{""id"":""model"",""name"":""Model""}","0.4804","{""id"":""multifactor_return_pred"",""name"":""Multi Factor Market Return Predictions""}","0.6008","2026-07-01","1","Model confidence for short-term prediction over 60 days, quantile 5, Mfmcr module.","short_term_pred_60d_bin5_confidence_mcr","2","GBR","{""id"":""model-risk-based-models"",""name"":""Risk Based Models""}","[]","MATRIX","TOP700","0"
"0","{""id"":""model"",""name"":""Model""}","0.4804","{""id"":""multifactor_return_pred"",""name"":""Multi Factor Market Return Predictions""}","0.6008","2026-07-01","1","Short-term prediction over 60 days, quantile 5, Mfmcr module.","short_term_pred_60d_bin5_mcr","2","GBR","{""id"":""model-risk-based-models"",""name"":""Risk Based Models""}","[]","MATRIX","TOP700","0"
"0","{""id"":""model"",""name"":""Model""}","0.4804","{""id"":""multifactor_return_pred"",""name"":""Multi Factor Market Return Predictions""}","0.6008","2026-07-01","1","Short-horizon return prediction for 60-day period, quantile 1.","short_term_pred_60d_q1","2","GBR","{""id"":""model-risk-based-models"",""name"":""Risk Based Models""}","[]","MATRIX","TOP700","0"
"0","{""id"":""model"",""name"":""Model""}","0.4804","{""id"":""multifactor_return_pred"",""name"":""Multi Factor Market Return Predictions""}","0.6008","2026-07-01","1","Short-horizon return prediction for 60-day period, quantile 5.","short_term_pred_60d_q5","2","GBR","{""id"":""model-risk-based-models"",""name"":""Risk Based Models""}","[]","MATRIX","TOP700","0"
"0","{""id"":""model"",""name"":""Model""}","0.4442","{""id"":""multifactor_return_pred"",""name"":""Multi Factor Market Return Predictions""}","0.6008","2026-07-01","1","Short-term (5-day) return forecast using price and volume data.","short_term_price_volume_based_return_5d","2","GBR","{""id"":""model-risk-based-models"",""name"":""Risk Based Models""}","[]","MATRIX","TOP700","0"
"0","{""id"":""model"",""name"":""Model""}","0.4442","{""id"":""multifactor_return_pred"",""name"":""Multi Factor Market Return Predictions""}","0.6008","2026-07-01","1","Short-term (20-day) return prediction based on price-volume data, quantile 1.","short_term_price_volume_return_quantile1_20d","2","GBR","{""id"":""model-risk-based-models"",""name"":""Risk Based Models""}","[]","MATRIX","TOP700","0"
"0","{""id"":""model"",""name"":""Model""}","0.4442","{""id"":""multifactor_return_pred"",""name"":""Multi Factor Market Return Predictions""}","0.6008","2026-07-01","1","Short-term (5-day) return prediction based on price-volume data, quantile 1.","short_term_price_volume_return_quantile1_5d","2","GBR","{""id"":""model-risk-based-models"",""name"":""Risk Based Models""}","[]","MATRIX","TOP700","0"
"0","{""id"":""model"",""name"":""Model""}","0.4804","{""id"":""multifactor_return_pred"",""name"":""Multi Factor Market Return Predictions""}","0.6008","2026-07-01","1","Short-term, 20-day, quantile 1 return prediction.","short_term_quantile1_r20_pred","2","GBR","{""id"":""model-risk-based-models"",""name"":""Risk Based Models""}","[]","MATRIX","TOP700","0"
"0","{""id"":""model"",""name"":""Model""}","0.4804","{""id"":""multifactor_return_pred"",""name"":""Multi Factor Market Return Predictions""}","0.6008","2026-07-01","1","Short-term, 5-day, quantile 1 return prediction.","short_term_quantile1_r5_pred","2","GBR","{""id"":""model-risk-based-models"",""name"":""Risk Based Models""}","[]","MATRIX","TOP700","0"
"0","{""id"":""model"",""name"":""Model""}","0.4804","{""id"":""multifactor_return_pred"",""name"":""Multi Factor Market Return Predictions""}","0.6008","2026-07-01","1","Short-term, 60-day, quantile 1 return prediction.","short_term_quantile1_r60_pred","2","GBR","{""id"":""model-risk-based-models"",""name"":""Risk Based Models""}","[]","MATRIX","TOP700","0"
"0","{""id"":""model"",""name"":""Model""}","0.4804","{""id"":""multifactor_return_pred"",""name"":""Multi Factor Market Return Predictions""}","0.6008","2026-07-01","1","Model confidence score for short-term, 20-day, quantile 5 return prediction.","short_term_quantile5_confidence_r20","2","GBR","{""id"":""model-risk-based-models"",""name"":""Risk Based Models""}","[]","MATRIX","TOP700","0"
"0","{""id"":""model"",""name"":""Model""}","0.4804","{""id"":""multifactor_return_pred"",""name"":""Multi Factor Market Return Predictions""}","0.6008","2026-07-01","1","Model confidence for short-term, 5-day, quantile 5 return prediction.","short_term_quantile5_confidence_r5","2","GBR","{""id"":""model-risk-based-models"",""name"":""Risk Based Models""}","[]","MATRIX","TOP700","0"
"0","{""id"":""model"",""name"":""Model""}","0.4804","{""id"":""multifactor_return_pred"",""name"":""Multi Factor Market Return Predictions""}","0.6008","2026-07-01","1","Model confidence for short-term, 60-day, quantile 5 return prediction.","short_term_quantile5_confidence_r60","2","GBR","{""id"":""model-risk-based-models"",""name"":""Risk Based Models""}","[]","MATRIX","TOP700","0"
"0","{""id"":""model"",""name"":""Model""}","0.4804","{""id"":""multifactor_return_pred"",""name"":""Multi Factor Market Return Predictions""}","0.6008","2026-07-01","1","Short-term, 20-day, quantile 5 return prediction.","short_term_quantile5_r20_pred","2","GBR","{""id"":""model-risk-based-models"",""name"":""Risk Based Models""}","[]","MATRIX","TOP700","0"
"0","{""id"":""model"",""name"":""Model""}","0.4804","{""id"":""multifactor_return_pred"",""name"":""Multi Factor Market Return Predictions""}","0.6008","2026-07-01","1","Short-term, 5-day, quantile 5 return prediction.","short_term_quantile5_r5_pred","2","GBR","{""id"":""model-risk-based-models"",""name"":""Risk Based Models""}","[]","MATRIX","TOP700","0"
"0","{""id"":""model"",""name"":""Model""}","0.4804","{""id"":""multifactor_return_pred"",""name"":""Multi Factor Market Return Predictions""}","0.6008","2026-07-01","1","Short-term, 5-day, quantile 5 return prediction from Mfm2 module.","short_term_quantile5_r5_pred_mfm2","2","GBR","{""id"":""model-risk-based-models"",""name"":""Risk Based Models""}","[]","MATRIX","TOP700","0"
"0","{""id"":""model"",""name"":""Model""}","0.4804","{""id"":""multifactor_return_pred"",""name"":""Multi Factor Market Return Predictions""}","0.6008","2026-07-01","1","Short-term, 60-day, quantile 5 return prediction.","short_term_quantile5_r60_pred","2","GBR","{""id"":""model-risk-based-models"",""name"":""Risk Based Models""}","[]","MATRIX","TOP700","0"
"0","{""id"":""model"",""name"":""Model""}","0.4804","{""id"":""multifactor_return_pred"",""name"":""Multi Factor Market Return Predictions""}","0.6008","2026-07-01","1","20-day short-horizon return forecast adjusted for 2-phase market regime.","short_term_regime2_20d_regression_prediction","2","GBR","{""id"":""model-risk-based-models"",""name"":""Risk Based Models""}","[]","MATRIX","TOP700","0"
"0","{""id"":""model"",""name"":""Model""}","0.4804","{""id"":""multifactor_return_pred"",""name"":""Multi Factor Market Return Predictions""}","0.6008","2026-07-01","1","20-day, single-quantile short-term return prediction adjusted for 2-phase market regime.","short_term_regime2_20d_single_quantile_pred","2","GBR","{""id"":""model-risk-based-models"",""name"":""Risk Based Models""}","[]","MATRIX","TOP700","0"
"0","{""id"":""model"",""name"":""Model""}","0.4804","{""id"":""multifactor_return_pred"",""name"":""Multi Factor Market Return Predictions""}","0.6008","2026-07-01","1","5-day, single-quantile short-term return prediction adjusted for 2-phase market regime.","short_term_regime2_5d_single_quantile_pred","2","GBR","{""id"":""model-risk-based-models"",""name"":""Risk Based Models""}","[]","MATRIX","TOP700","0"
"0","{""id"":""model"",""name"":""Model""}","0.4804","{""id"":""multifactor_return_pred"",""name"":""Multi Factor Market Return Predictions""}","0.6008","2026-07-01","1","5-day, single-quantile short-term return prediction adjusted for 2-phase market regime (alternate model version).","short_term_regime2_5d_single_quantile_pred_m1","2","GBR","{""id"":""model-risk-based-models"",""name"":""Risk Based Models""}","[]","MATRIX","TOP700","0"
"0","{""id"":""model"",""name"":""Model""}","0.4804","{""id"":""multifactor_return_pred"",""name"":""Multi Factor Market Return Predictions""}","0.6008","2026-07-01","1","Short-horizon (60-day) single-quantile return prediction adjusted for 2-phase market regime.","short_term_regime2_60d_single_quantile_pred","2","GBR","{""id"":""model-risk-based-models"",""name"":""Risk Based Models""}","[]","MATRIX","TOP700","0"
"0","{""id"":""model"",""name"":""Model""}","0.4804","{""id"":""multifactor_return_pred"",""name"":""Multi Factor Market Return Predictions""}","0.6008","2026-07-01","1","Short-horizon return prediction over 5 days, adjusted for 2-phase market regime.","short_term_regime2_adjusted_return_pred_r5","2","GBR","{""id"":""model-risk-based-models"",""name"":""Risk Based Models""}","[]","MATRIX","TOP700","0"
"0","{""id"":""model"",""name"":""Model""}","0.4806","{""id"":""multifactor_return_pred"",""name"":""Multi Factor Market Return Predictions""}","0.6008","2026-07-01","1","Short-term prediction over 20 days, adjusted for 2-phase regime, quantile 1.","short_term_regime2_adj_pred_20d_bin1","2","GBR","{""id"":""model-risk-based-models"",""name"":""Risk Based Models""}","[]","MATRIX","TOP700","0"
"0","{""id"":""model"",""name"":""Model""}","0.4804","{""id"":""multifactor_return_pred"",""name"":""Multi Factor Market Return Predictions""}","0.6008","2026-07-01","1","Short-term prediction over 20 days, adjusted for 2-phase regime, quantile 1, Mfmcr module.","short_term_regime2_adj_pred_20d_bin1_mcr","2","GBR","{""id"":""model-risk-based-models"",""name"":""Risk Based Models""}","[]","MATRIX","TOP700","0"
"0","{""id"":""model"",""name"":""Model""}","0.4806","{""id"":""multifactor_return_pred"",""name"":""Multi Factor Market Return Predictions""}","0.6008","2026-07-01","1","Short-term prediction over 60 days, adjusted for 2-phase regime, quantile 1.","short_term_regime2_adj_pred_60d_bin1","2","GBR","{""id"":""model-risk-based-models"",""name"":""Risk Based Models""}","[]","MATRIX","TOP700","0"
"0","{""id"":""model"",""name"":""Model""}","0.4804","{""id"":""multifactor_return_pred"",""name"":""Multi Factor Market Return Predictions""}","0.6008","2026-07-01","1","Short-term prediction over 60 days, adjusted for 2-phase regime, quantile 1, Mfmcr module.","short_term_regime2_adj_pred_60d_bin1_mcr","2","GBR","{""id"":""model-risk-based-models"",""name"":""Risk Based Models""}","[]","MATRIX","TOP700","0"
"0","{""id"":""model"",""name"":""Model""}","0.4804","{""id"":""multifactor_return_pred"",""name"":""Multi Factor Market Return Predictions""}","0.6008","2026-07-01","1","Short-term return prediction over 60 days, adjusted for 2-phase market regime, regression output.","short_term_regime2_adj_return_pred_r60_q1","2","GBR","{""id"":""model-risk-based-models"",""name"":""Risk Based Models""}","[]","MATRIX","TOP700","0"
"0","{""id"":""model"",""name"":""Model""}","0.4804","{""id"":""multifactor_return_pred"",""name"":""Multi Factor Market Return Predictions""}","0.6008","2026-07-01","1","20-day short horizon prediction adjusted for regime 2, quantile 1.","short_term_regime2_phase_20d_quantile1_pred","2","GBR","{""id"":""model-risk-based-models"",""name"":""Risk Based Models""}","[]","MATRIX","TOP700","0"
"0","{""id"":""model"",""name"":""Model""}","0.4804","{""id"":""multifactor_return_pred"",""name"":""Multi Factor Market Return Predictions""}","0.6008","2026-07-01","1","5-day short horizon prediction adjusted for regime 2, quantile 1.","short_term_regime2_phase_5d_quantile1_pred","2","GBR","{""id"":""model-risk-based-models"",""name"":""Risk Based Models""}","[]","MATRIX","TOP700","0"
"0","{""id"":""model"",""name"":""Model""}","0.4806","{""id"":""multifactor_return_pred"",""name"":""Multi Factor Market Return Predictions""}","0.6008","2026-07-01","1","5-day short horizon prediction adjusted for regime 2, quantile 1 (multi-model variant).","short_term_regime2_phase_5d_quantile1_pred_mfml","2","GBR","{""id"":""model-risk-based-models"",""name"":""Risk Based Models""}","[]","MATRIX","TOP700","0"
"0","{""id"":""model"",""name"":""Model""}","0.4804","{""id"":""multifactor_return_pred"",""name"":""Multi Factor Market Return Predictions""}","0.6008","2026-07-01","1","60-day short horizon prediction adjusted for regime 2, quantile 1.","short_term_regime2_phase_60d_quantile1_pred","2","GBR","{""id"":""model-risk-based-models"",""name"":""Risk Based Models""}","[]","MATRIX","TOP700","0"
"0","{""id"":""model"",""name"":""Model""}","0.4804","{""id"":""multifactor_return_pred"",""name"":""Multi Factor Market Return Predictions""}","0.6008","2026-07-01","1","Short-term, 20-day, quantile 1 return forecast adjusted for 2-phase market regime.","short_term_regime2_quantile1_r20_pred","2","GBR","{""id"":""model-risk-based-models"",""name"":""Risk Based Models""}","[]","MATRIX","TOP700","0"
"0","{""id"":""model"",""name"":""Model""}","0.4804","{""id"":""multifactor_return_pred"",""name"":""Multi Factor Market Return Predictions""}","0.6008","2026-07-01","1","Short-term, 5-day, quantile 1 return forecast adjusted for 2-phase market regime.","short_term_regime2_quantile1_r5_pred","2","GBR","{""id"":""model-risk-based-models"",""name"":""Risk Based Models""}","[]","MATRIX","TOP700","0"
"0","{""id"":""model"",""name"":""Model""}","0.4804","{""id"":""multifactor_return_pred"",""name"":""Multi Factor Market Return Predictions""}","0.6008","2026-07-01","1","Short-term, 60-day, quantile 1 return forecast adjusted for 2-phase market regime.","short_term_regime2_quantile1_r60_pred","2","GBR","{""id"":""model-risk-based-models"",""name"":""Risk Based Models""}","[]","MATRIX","TOP700","0"
"0","{""id"":""model"",""name"":""Model""}","0.4804","{""id"":""multifactor_return_pred"",""name"":""Multi Factor Market Return Predictions""}","0.6008","2026-07-01","1","20-day short-horizon return forecast adjusted for 4-phase market regime.","short_term_regime4_20d_regression_prediction","2","GBR","{""id"":""model-risk-based-models"",""name"":""Risk Based Models""}","[]","MATRIX","TOP700","0"
"0","{""id"":""model"",""name"":""Model""}","0.4804","{""id"":""multifactor_return_pred"",""name"":""Multi Factor Market Return Predictions""}","0.6008","2026-07-01","1","20-day short-term return prediction adjusted for four-phase market regime.","short_term_regime4_20d_regress_return_pred","2","GBR","{""id"":""model-risk-based-models"",""name"":""Risk Based Models""}","[]","MATRIX","TOP700","0"
"0","{""id"":""model"",""name"":""Model""}","0.4804","{""id"":""multifactor_return_pred"",""name"":""Multi Factor Market Return Predictions""}","0.6008","2026-07-01","1","20-day, single-quantile short-term return prediction adjusted for 4-phase market regime.","short_term_regime4_20d_single_quantile_pred","2","GBR","{""id"":""model-risk-based-models"",""name"":""Risk Based Models""}","[]","MATRIX","TOP700","0"
"0","{""id"":""model"",""name"":""Model""}","0.4804","{""id"":""multifactor_return_pred"",""name"":""Multi Factor Market Return Predictions""}","0.6008","2026-07-01","1","5-day short-horizon return forecast adjusted for 4-phase market regime.","short_term_regime4_5d_regression_prediction","2","GBR","{""id"":""model-risk-based-models"",""name"":""Risk Based Models""}","[]","MATRIX","TOP700","0"
"0","{""id"":""model"",""name"":""Model""}","0.4804","{""id"":""multifactor_return_pred"",""name"":""Multi Factor Market Return Predictions""}","0.6008","2026-07-01","1","5-day, single-quantile short-term return prediction adjusted for 4-phase market regime.","short_term_regime4_5d_single_quantile_pred","2","GBR","{""id"":""model-risk-based-models"",""name"":""Risk Based Models""}","[]","MATRIX","TOP700","0"
"0","{""id"":""model"",""name"":""Model""}","0.4804","{""id"":""multifactor_return_pred"",""name"":""Multi Factor Market Return Predictions""}","0.6008","2026-07-01","1","60-day short-horizon return forecast adjusted for 4-phase market regime.","short_term_regime4_60d_regression_prediction","2","GBR","{""id"":""model-risk-based-models"",""name"":""Risk Based Models""}","[]","MATRIX","TOP700","0"
"0","{""id"":""model"",""name"":""Model""}","0.4804","{""id"":""multifactor_return_pred"",""name"":""Multi Factor Market Return Predictions""}","0.6008","2026-07-01","1","60-day short-term return prediction adjusted for four-phase market regime.","short_term_regime4_60d_regress_return_pred","2","GBR","{""id"":""model-risk-based-models"",""name"":""Risk Based Models""}","[]","MATRIX","TOP700","0"
"0","{""id"":""model"",""name"":""Model""}","0.4806","{""id"":""multifactor_return_pred"",""name"":""Multi Factor Market Return Predictions""}","0.6008","2026-07-01","1","Short-horizon (5-day) prediction adjusted for 4-phase regime, quantile 1.","short_term_regime4_adjusted_pred_q1_5d","2","GBR","{""id"":""model-risk-based-models"",""name"":""Risk Based Models""}","[]","MATRIX","TOP700","0"
"0","{""id"":""model"",""name"":""Model""}","0.4804","{""id"":""multifactor_return_pred"",""name"":""Multi Factor Market Return Predictions""}","0.6008","2026-07-01","1","Short-term (60-day) return prediction adjusted for 4-phase market regime.","short_term_regime4_adjusted_return_60d","2","GBR","{""id"":""model-risk-based-models"",""name"":""Risk Based Models""}","[]","MATRIX","TOP700","0"
"0","{""id"":""model"",""name"":""Model""}","0.4804","{""id"":""multifactor_return_pred"",""name"":""Multi Factor Market Return Predictions""}","0.6008","2026-07-01","1","Short-horizon return prediction over 60 days, adjusted for 4-phase market regime.","short_term_regime4_adjusted_return_pred_r60","2","GBR","{""id"":""model-risk-based-models"",""name"":""Risk Based Models""}","[]","MATRIX","TOP700","0"
"0","{""id"":""model"",""name"":""Model""}","0.4806","{""id"":""multifactor_return_pred"",""name"":""Multi Factor Market Return Predictions""}","0.6008","2026-07-01","1","Short-term prediction over 20 days, adjusted for 4-phase regime, quantile 1.","short_term_regime4_adj_pred_20d_bin1","2","GBR","{""id"":""model-risk-based-models"",""name"":""Risk Based Models""}","[]","MATRIX","TOP700","0"
"0","{""id"":""model"",""name"":""Model""}","0.4804","{""id"":""multifactor_return_pred"",""name"":""Multi Factor Market Return Predictions""}","0.6008","2026-07-01","1","Short-term prediction over 20 days, adjusted for 4-phase regime, quantile 1, Mfmcr module.","short_term_regime4_adj_pred_20d_bin1_mcr","2","GBR","{""id"":""model-risk-based-models"",""name"":""Risk Based Models""}","[]","MATRIX","TOP700","0"
"0","{""id"":""model"",""name"":""Model""}","0.4804","{""id"":""multifactor_return_pred"",""name"":""Multi Factor Market Return Predictions""}","0.6008","2026-07-01","1","Short-term prediction over 5 days, adjusted for 4-phase regime, quantile 1, Mfmcr module.","short_term_regime4_adj_pred_5d_bin1_mcr","2","GBR","{""id"":""model-risk-based-models"",""name"":""Risk Based Models""}","[]","MATRIX","TOP700","0"
"0","{""id"":""model"",""name"":""Model""}","0.4804","{""id"":""multifactor_return_pred"",""name"":""Multi Factor Market Return Predictions""}","0.6008","2026-07-01","1","20-day short horizon prediction adjusted for regime 4, quantile 1.","short_term_regime4_phase_20d_quantile1_pred","2","GBR","{""id"":""model-risk-based-models"",""name"":""Risk Based Models""}","[]","MATRIX","TOP700","0"
"0","{""id"":""model"",""name"":""Model""}","0.4804","{""id"":""multifactor_return_pred"",""name"":""Multi Factor Market Return Predictions""}","0.6008","2026-07-01","1","5-day short horizon prediction adjusted for regime 4, quantile 1.","short_term_regime4_phase_5d_quantile1_pred","2","GBR","{""id"":""model-risk-based-models"",""name"":""Risk Based Models""}","[]","MATRIX","TOP700","0"
"0","{""id"":""model"",""name"":""Model""}","0.4804","{""id"":""multifactor_return_pred"",""name"":""Multi Factor Market Return Predictions""}","0.6008","2026-07-01","1","60-day short horizon prediction adjusted for regime 4, quantile 1.","short_term_regime4_phase_60d_quantile1_pred","2","GBR","{""id"":""model-risk-based-models"",""name"":""Risk Based Models""}","[]","MATRIX","TOP700","0"
"0","{""id"":""model"",""name"":""Model""}","0.4806","{""id"":""multifactor_return_pred"",""name"":""Multi Factor Market Return Predictions""}","0.6008","2026-07-01","1","60-day short horizon prediction adjusted for regime 4, quantile 1 (multi-model variant).","short_term_regime4_phase_60d_quantile1_pred_mfml","2","GBR","{""id"":""model-risk-based-models"",""name"":""Risk Based Models""}","[]","MATRIX","TOP700","0"
"0","{""id"":""model"",""name"":""Model""}","0.4804","{""id"":""multifactor_return_pred"",""name"":""Multi Factor Market Return Predictions""}","0.6008","2026-07-01","1","Short-term, 20-day, quantile 1 return forecast adjusted for 4-phase market regime.","short_term_regime4_quantile1_r20_pred","2","GBR","{""id"":""model-risk-based-models"",""name"":""Risk Based Models""}","[]","MATRIX","TOP700","0"
"0","{""id"":""model"",""name"":""Model""}","0.4804","{""id"":""multifactor_return_pred"",""name"":""Multi Factor Market Return Predictions""}","0.6008","2026-07-01","1","Short-term, 5-day, quantile 1 return forecast adjusted for 4-phase market regime.","short_term_regime4_quantile1_r5_pred","2","GBR","{""id"":""model-risk-based-models"",""name"":""Risk Based Models""}","[]","MATRIX","TOP700","0"
"0","{""id"":""model"",""name"":""Model""}","0.4804","{""id"":""multifactor_return_pred"",""name"":""Multi Factor Market Return Predictions""}","0.6008","2026-07-01","1","Short-term, 60-day, quantile 1 return forecast adjusted for 4-phase market regime.","short_term_regime4_quantile1_r60_pred","2","GBR","{""id"":""model-risk-based-models"",""name"":""Risk Based Models""}","[]","MATRIX","TOP700","0"
"0","{""id"":""model"",""name"":""Model""}","0.4804","{""id"":""multifactor_return_pred"",""name"":""Multi Factor Market Return Predictions""}","0.6008","2026-07-01","1","Model confidence score for short-term (60-day) return prediction in quantile 5.","short_term_return_60d_quantile5_confidence","2","GBR","{""id"":""model-risk-based-models"",""name"":""Risk Based Models""}","[]","MATRIX","TOP700","0"
"0","{""id"":""model"",""name"":""Model""}","0.4804","{""id"":""multifactor_return_pred"",""name"":""Multi Factor Market Return Predictions""}","0.6008","2026-07-01","1","Short-horizon single-quantile return prediction over 5 days.","short_term_return_forecast_r5","2","GBR","{""id"":""model-risk-based-models"",""name"":""Risk Based Models""}","[]","MATRIX","TOP700","0"
"0","{""id"":""model"",""name"":""Model""}","0.4804","{""id"":""multifactor_return_pred"",""name"":""Multi Factor Market Return Predictions""}","0.6008","2026-07-01","1","Short-term return prediction for a 20-day horizon, regression output.","short_term_return_pred_r20_q1","2","GBR","{""id"":""model-risk-based-models"",""name"":""Risk Based Models""}","[]","MATRIX","TOP700","0"
"0","{""id"":""model"",""name"":""Model""}","0.4804","{""id"":""multifactor_return_pred"",""name"":""Multi Factor Market Return Predictions""}","0.6008","2026-07-01","1","Model confidence score for 5-quantile short-term return prediction over 5 days.","short_term_return_quantile5_confidence_r5","2","GBR","{""id"":""model-risk-based-models"",""name"":""Risk Based Models""}","[]","MATRIX","TOP700","0"
"0","{""id"":""model"",""name"":""Model""}","0.4804","{""id"":""multifactor_return_pred"",""name"":""Multi Factor Market Return Predictions""}","0.6008","2026-07-01","1","20-day short horizon prediction adjusted for seasonal effects, quantile 1.","short_term_seasonal_20d_quantile1_pred","2","GBR","{""id"":""model-risk-based-models"",""name"":""Risk Based Models""}","[]","MATRIX","TOP700","0"
"0","{""id"":""model"",""name"":""Model""}","0.4806","{""id"":""multifactor_return_pred"",""name"":""Multi Factor Market Return Predictions""}","0.6008","2026-07-01","1","20-day short horizon prediction adjusted for seasonal effects, quantile 1 (multi-model variant).","short_term_seasonal_20d_quantile1_pred_mfml","2","GBR","{""id"":""model-risk-based-models"",""name"":""Risk Based Models""}","[]","MATRIX","TOP700","0"
"0","{""id"":""model"",""name"":""Model""}","0.4804","{""id"":""multifactor_return_pred"",""name"":""Multi Factor Market Return Predictions""}","0.6008","2026-07-01","1","20-day short-horizon return forecast adjusted for seasonal and calendar effects.","short_term_seasonal_20d_regression_prediction","2","GBR","{""id"":""model-risk-based-models"",""name"":""Risk Based Models""}","[]","MATRIX","TOP700","0"
"0","{""id"":""model"",""name"":""Model""}","0.4804","{""id"":""multifactor_return_pred"",""name"":""Multi Factor Market Return Predictions""}","0.6008","2026-07-01","1","20-day, single-quantile short-term return prediction adjusted for seasonal effects.","short_term_seasonal_20d_single_quantile_pred","2","GBR","{""id"":""model-risk-based-models"",""name"":""Risk Based Models""}","[]","MATRIX","TOP700","0"
"0","{""id"":""model"",""name"":""Model""}","0.4804","{""id"":""multifactor_return_pred"",""name"":""Multi Factor Market Return Predictions""}","0.6008","2026-07-01","1","5-day short horizon prediction adjusted for seasonal effects, quantile 1.","short_term_seasonal_5d_quantile1_pred","2","GBR","{""id"":""model-risk-based-models"",""name"":""Risk Based Models""}","[]","MATRIX","TOP700","0"
"0","{""id"":""model"",""name"":""Model""}","0.4804","{""id"":""multifactor_return_pred"",""name"":""Multi Factor Market Return Predictions""}","0.6008","2026-07-01","1","5-day short-term return forecast incorporating seasonal or calendar effects.","short_term_seasonal_5d_regress_return_pred","2","GBR","{""id"":""model-risk-based-models"",""name"":""Risk Based Models""}","[]","MATRIX","TOP700","0"
"0","{""id"":""model"",""name"":""Model""}","0.4804","{""id"":""multifactor_return_pred"",""name"":""Multi Factor Market Return Predictions""}","0.6008","2026-07-01","1","5-day, single-quantile short-term return prediction adjusted for seasonal effects.","short_term_seasonal_5d_single_quantile_pred","2","GBR","{""id"":""model-risk-based-models"",""name"":""Risk Based Models""}","[]","MATRIX","TOP700","0"
"0","{""id"":""model"",""name"":""Model""}","0.4804","{""id"":""multifactor_return_pred"",""name"":""Multi Factor Market Return Predictions""}","0.6008","2026-07-01","1","60-day short horizon prediction adjusted for seasonal effects, quantile 1.","short_term_seasonal_60d_quantile1_pred","2","GBR","{""id"":""model-risk-based-models"",""name"":""Risk Based Models""}","[]","MATRIX","TOP700","0"
"0","{""id"":""model"",""name"":""Model""}","0.4804","{""id"":""multifactor_return_pred"",""name"":""Multi Factor Market Return Predictions""}","0.6008","2026-07-01","1","60-day short-term return forecast incorporating seasonal or calendar effects.","short_term_seasonal_60d_regress_return_pred","2","GBR","{""id"":""model-risk-based-models"",""name"":""Risk Based Models""}","[]","MATRIX","TOP700","0"
"0","{""id"":""model"",""name"":""Model""}","0.4806","{""id"":""multifactor_return_pred"",""name"":""Multi Factor Market Return Predictions""}","0.6008","2026-07-01","1","Short-horizon (5-day) prediction adjusted for seasonal effects, quantile 1.","short_term_seasonal_adjusted_pred_q1_5d","2","GBR","{""id"":""model-risk-based-models"",""name"":""Risk Based Models""}","[]","MATRIX","TOP700","0"
"0","{""id"":""model"",""name"":""Model""}","0.4804","{""id"":""multifactor_return_pred"",""name"":""Multi Factor Market Return Predictions""}","0.6008","2026-07-01","1","Short-horizon (20-day) return prediction incorporating seasonal adjustments.","short_term_seasonal_adjusted_return_20d","2","GBR","{""id"":""model-risk-based-models"",""name"":""Risk Based Models""}","[]","MATRIX","TOP700","0"
"0","{""id"":""model"",""name"":""Model""}","0.4804","{""id"":""multifactor_return_pred"",""name"":""Multi Factor Market Return Predictions""}","0.6008","2026-07-01","1","Short-horizon return prediction adjusted for seasonal effects over 60 days.","short_term_seasonal_adjusted_return_pred_r60","2","GBR","{""id"":""model-risk-based-models"",""name"":""Risk Based Models""}","[]","MATRIX","TOP700","0"
"0","{""id"":""model"",""name"":""Model""}","0.4804","{""id"":""multifactor_return_pred"",""name"":""Multi Factor Market Return Predictions""}","0.6008","2026-07-01","1","Short-term prediction over 20 days, seasonally adjusted, quantile 1, Mfmcr module.","short_term_seasonal_adj_pred_20d_bin1_mcr","2","GBR","{""id"":""model-risk-based-models"",""name"":""Risk Based Models""}","[]","MATRIX","TOP700","0"
"0","{""id"":""model"",""name"":""Model""}","0.4804","{""id"":""multifactor_return_pred"",""name"":""Multi Factor Market Return Predictions""}","0.6008","2026-07-01","1","Short-term prediction over 5 days, seasonally adjusted, quantile 1, Mfmcr module.","short_term_seasonal_adj_pred_5d_bin1_mcr","2","GBR","{""id"":""model-risk-based-models"",""name"":""Risk Based Models""}","[]","MATRIX","TOP700","0"
"0","{""id"":""model"",""name"":""Model""}","0.4806","{""id"":""multifactor_return_pred"",""name"":""Multi Factor Market Return Predictions""}","0.6008","2026-07-01","1","Short-term prediction over 60 days, seasonally adjusted, quantile 1.","short_term_seasonal_adj_pred_60d_bin1","2","GBR","{""id"":""model-risk-based-models"",""name"":""Risk Based Models""}","[]","MATRIX","TOP700","0"
"0","{""id"":""model"",""name"":""Model""}","0.4804","{""id"":""multifactor_return_pred"",""name"":""Multi Factor Market Return Predictions""}","0.6008","2026-07-01","1","Short-term prediction over 60 days, seasonally adjusted, quantile 1, Mfmcr module.","short_term_seasonal_adj_pred_60d_bin1_mcr","2","GBR","{""id"":""model-risk-based-models"",""name"":""Risk Based Models""}","[]","MATRIX","TOP700","0"
"0","{""id"":""model"",""name"":""Model""}","0.4804","{""id"":""multifactor_return_pred"",""name"":""Multi Factor Market Return Predictions""}","0.6008","2026-07-01","1","Short-term return prediction for 5-day horizon, adjusted for seasonal effects, regression output.","short_term_seasonal_adj_pred_r5_q1","2","GBR","{""id"":""model-risk-based-models"",""name"":""Risk Based Models""}","[]","MATRIX","TOP700","0"
"0","{""id"":""model"",""name"":""Model""}","0.4804","{""id"":""multifactor_return_pred"",""name"":""Multi Factor Market Return Predictions""}","0.6008","2026-07-01","1","Short-term, 20-day, quantile 1 return prediction adjusted for seasonal effects.","short_term_seasonal_quantile1_r20_pred","2","GBR","{""id"":""model-risk-based-models"",""name"":""Risk Based Models""}","[]","MATRIX","TOP700","0"
"0","{""id"":""model"",""name"":""Model""}","0.4804","{""id"":""multifactor_return_pred"",""name"":""Multi Factor Market Return Predictions""}","0.6008","2026-07-01","1","Short-term, 5-day, quantile 1 return prediction adjusted for seasonal effects.","short_term_seasonal_quantile1_r5_pred","2","GBR","{""id"":""model-risk-based-models"",""name"":""Risk Based Models""}","[]","MATRIX","TOP700","0"
"0","{""id"":""model"",""name"":""Model""}","0.4804","{""id"":""multifactor_return_pred"",""name"":""Multi Factor Market Return Predictions""}","0.6008","2026-07-01","1","Short-term, 60-day, quantile 1 return prediction adjusted for seasonal effects.","short_term_seasonal_quantile1_r60_pred","2","GBR","{""id"":""model-risk-based-models"",""name"":""Risk Based Models""}","[]","MATRIX","TOP700","0"
