"alphaCount","category","coverage","dataset","dateCoverage","dateCreated","delay","description","id","pyramidMultiplier","region","subcategory","themes","type","universe","userCount"
"0","{""id"":""model"",""name"":""Model""}","0","{""id"":""analyst_revision_horizons"",""name"":""Multi Horizon Analyst Revision Signals""}","1","2026-07-01","1","Actual earnings for the last reported quarter, on the long horizon","actual_earnings_last_quarter_long_3","2","DEU","{""id"":""model-reversion-models"",""name"":""Reversion Models""}","[]","MATRIX","TOP500","0"
"0","{""id"":""model"",""name"":""Model""}","0","{""id"":""analyst_revision_horizons"",""name"":""Multi Horizon Analyst Revision Signals""}","1","2026-07-01","1","Actual earnings for the most recent quarter, long-horizon version","actual_earnings_last_quarter_long_term","2","DEU","{""id"":""model-reversion-models"",""name"":""Reversion Models""}","[]","MATRIX","TOP500","0"
"0","{""id"":""model"",""name"":""Model""}","0","{""id"":""analyst_revision_horizons"",""name"":""Multi Horizon Analyst Revision Signals""}","1","2026-07-01","1","Actual reported earnings for the most recently reported quarter, medium-horizon signal","actual_earnings_last_quarter_medium_3","2","DEU","{""id"":""model-reversion-models"",""name"":""Reversion Models""}","[]","MATRIX","TOP500","0"
"0","{""id"":""model"",""name"":""Model""}","0","{""id"":""analyst_revision_horizons"",""name"":""Multi Horizon Analyst Revision Signals""}","1","2026-07-01","1","Actual reported earnings for the last fiscal quarter, on the medium horizon","actual_earnings_last_quarter_medium_term","2","DEU","{""id"":""model-reversion-models"",""name"":""Reversion Models""}","[]","MATRIX","TOP500","0"
"0","{""id"":""model"",""name"":""Model""}","0","{""id"":""analyst_revision_horizons"",""name"":""Multi Horizon Analyst Revision Signals""}","1","2026-07-01","1","Actual reported earnings for the most recently reported quarter, short-horizon signal","actual_earnings_last_quarter_short_3","2","DEU","{""id"":""model-reversion-models"",""name"":""Reversion Models""}","[]","MATRIX","TOP500","0"
"0","{""id"":""model"",""name"":""Model""}","0","{""id"":""analyst_revision_horizons"",""name"":""Multi Horizon Analyst Revision Signals""}","1","2026-07-01","1","Actual earnings for the most recent quarter, short-horizon version","actual_earnings_last_quarter_short_term","2","DEU","{""id"":""model-reversion-models"",""name"":""Reversion Models""}","[]","MATRIX","TOP500","0"
"0","{""id"":""model"",""name"":""Model""}","0","{""id"":""analyst_revision_horizons"",""name"":""Multi Horizon Analyst Revision Signals""}","1","2026-07-01","1","Actual reported earnings for the most recent fiscal year, long horizon.","actual_earnings_last_year_long_3","2","DEU","{""id"":""model-reversion-models"",""name"":""Reversion Models""}","[]","MATRIX","TOP500","0"
"0","{""id"":""model"",""name"":""Model""}","0","{""id"":""analyst_revision_horizons"",""name"":""Multi Horizon Analyst Revision Signals""}","1","2026-07-01","1","Actual reported earnings for the most recent fiscal year, over a long horizon.","actual_earnings_last_year_long_term","2","DEU","{""id"":""model-reversion-models"",""name"":""Reversion Models""}","[]","MATRIX","TOP500","0"
"0","{""id"":""model"",""name"":""Model""}","0","{""id"":""analyst_revision_horizons"",""name"":""Multi Horizon Analyst Revision Signals""}","1","2026-07-01","1","Actual earnings for the last fiscal year, on the medium horizon","actual_earnings_last_year_medium_3","2","DEU","{""id"":""model-reversion-models"",""name"":""Reversion Models""}","[]","MATRIX","TOP500","0"
"0","{""id"":""model"",""name"":""Model""}","0","{""id"":""analyst_revision_horizons"",""name"":""Multi Horizon Analyst Revision Signals""}","1","2026-07-01","1","Reported earnings for the most recent fiscal year, medium horizon.","actual_earnings_last_year_medium_term","2","DEU","{""id"":""model-reversion-models"",""name"":""Reversion Models""}","[]","MATRIX","TOP500","0"
"0","{""id"":""model"",""name"":""Model""}","0","{""id"":""analyst_revision_horizons"",""name"":""Multi Horizon Analyst Revision Signals""}","1","2026-07-01","1","Actual reported earnings for the most recent fiscal year, short horizon.","actual_earnings_last_year_short_3","2","DEU","{""id"":""model-reversion-models"",""name"":""Reversion Models""}","[]","MATRIX","TOP500","0"
"0","{""id"":""model"",""name"":""Model""}","0","{""id"":""analyst_revision_horizons"",""name"":""Multi Horizon Analyst Revision Signals""}","1","2026-07-01","1","Actual reported earnings for the most recent fiscal year, over a short horizon.","actual_earnings_last_year_short_term","2","DEU","{""id"":""model-reversion-models"",""name"":""Reversion Models""}","[]","MATRIX","TOP500","0"
"0","{""id"":""model"",""name"":""Model""}","0","{""id"":""analyst_revision_horizons"",""name"":""Multi Horizon Analyst Revision Signals""}","1","2026-07-01","1","Actual percentage difference between reported and expected earnings for last quarter, medium horizon.","actual_earnings_surprise_pct_lastq_medium","2","DEU","{""id"":""model-reversion-models"",""name"":""Reversion Models""}","[]","MATRIX","TOP500","0"
"0","{""id"":""model"",""name"":""Model""}","0","{""id"":""analyst_revision_horizons"",""name"":""Multi Horizon Analyst Revision Signals""}","1","2026-07-01","1","Actual percentage difference between reported and expected earnings for last quarter, short horizon.","actual_earnings_surprise_pct_lastq_short","2","DEU","{""id"":""model-reversion-models"",""name"":""Reversion Models""}","[]","MATRIX","TOP500","0"
"0","{""id"":""model"",""name"":""Model""}","0","{""id"":""analyst_revision_horizons"",""name"":""Multi Horizon Analyst Revision Signals""}","1","2026-07-01","1","Actual percentage difference between reported and expected earnings for last year, medium horizon.","actual_earnings_surprise_pct_lasty_medium","2","DEU","{""id"":""model-reversion-models"",""name"":""Reversion Models""}","[]","MATRIX","TOP500","0"
"0","{""id"":""model"",""name"":""Model""}","0","{""id"":""analyst_revision_horizons"",""name"":""Multi Horizon Analyst Revision Signals""}","1","2026-07-01","1","Actual percentage difference between reported and expected earnings for last year, short horizon.","actual_earnings_surprise_pct_lasty_short","2","DEU","{""id"":""model-reversion-models"",""name"":""Reversion Models""}","[]","MATRIX","TOP500","0"
"0","{""id"":""model"",""name"":""Model""}","0","{""id"":""analyst_revision_horizons"",""name"":""Multi Horizon Analyst Revision Signals""}","1","2026-07-01","1","Actual percentage difference between reported and expected earnings for the last fiscal year (long horizon).","actual_earnings_surprise_year_long","2","DEU","{""id"":""model-reversion-models"",""name"":""Reversion Models""}","[]","MATRIX","TOP500","0"
"0","{""id"":""model"",""name"":""Model""}","0","{""id"":""analyst_revision_horizons"",""name"":""Multi Horizon Analyst Revision Signals""}","1","2026-07-01","1","Actual reported EBITDA for the most recent fiscal quarter, long horizon.","actual_ebitda_last_quarter_long_3","2","DEU","{""id"":""model-reversion-models"",""name"":""Reversion Models""}","[]","MATRIX","TOP500","0"
"0","{""id"":""model"",""name"":""Model""}","0","{""id"":""analyst_revision_horizons"",""name"":""Multi Horizon Analyst Revision Signals""}","1","2026-07-01","1","Actual EBITDA for the last reported quarter, on the medium horizon","actual_ebitda_last_quarter_medium_3","2","DEU","{""id"":""model-reversion-models"",""name"":""Reversion Models""}","[]","MATRIX","TOP500","0"
"0","{""id"":""model"",""name"":""Model""}","0","{""id"":""analyst_revision_horizons"",""name"":""Multi Horizon Analyst Revision Signals""}","1","2026-07-01","1","Actual EBITDA for the last reported quarter, on the short horizon","actual_ebitda_last_quarter_short_3","2","DEU","{""id"":""model-reversion-models"",""name"":""Reversion Models""}","[]","MATRIX","TOP500","0"
"0","{""id"":""model"",""name"":""Model""}","0","{""id"":""analyst_revision_horizons"",""name"":""Multi Horizon Analyst Revision Signals""}","1","2026-07-01","1","Actual EBITDA for the last fiscal year, on the long horizon","actual_ebitda_last_year_long_3","2","DEU","{""id"":""model-reversion-models"",""name"":""Reversion Models""}","[]","MATRIX","TOP500","0"
"0","{""id"":""model"",""name"":""Model""}","0","{""id"":""analyst_revision_horizons"",""name"":""Multi Horizon Analyst Revision Signals""}","1","2026-07-01","1","Actual EBITDA reported for the last fiscal year, medium-horizon component","actual_ebitda_last_year_medium_3","2","DEU","{""id"":""model-reversion-models"",""name"":""Reversion Models""}","[]","MATRIX","TOP500","0"
"0","{""id"":""model"",""name"":""Model""}","0","{""id"":""analyst_revision_horizons"",""name"":""Multi Horizon Analyst Revision Signals""}","1","2026-07-01","1","Actual EBITDA for the most recently completed fiscal year, short-horizon signal","actual_ebitda_last_year_short_3","2","DEU","{""id"":""model-reversion-models"",""name"":""Reversion Models""}","[]","MATRIX","TOP500","0"
"0","{""id"":""model"",""name"":""Model""}","0","{""id"":""analyst_revision_horizons"",""name"":""Multi Horizon Analyst Revision Signals""}","1","2026-07-01","1","Actual percentage difference between reported and expected EBITDA for last quarter, long horizon.","actual_ebitda_surprise_pct_lastq_long","2","DEU","{""id"":""model-reversion-models"",""name"":""Reversion Models""}","[]","MATRIX","TOP500","0"
"0","{""id"":""model"",""name"":""Model""}","0","{""id"":""analyst_revision_horizons"",""name"":""Multi Horizon Analyst Revision Signals""}","1","2026-07-01","1","Actual percentage difference between reported and expected EBITDA for last quarter, medium horizon.","actual_ebitda_surprise_pct_lastq_medium","2","DEU","{""id"":""model-reversion-models"",""name"":""Reversion Models""}","[]","MATRIX","TOP500","0"
"0","{""id"":""model"",""name"":""Model""}","0","{""id"":""analyst_revision_horizons"",""name"":""Multi Horizon Analyst Revision Signals""}","1","2026-07-01","1","Actual percentage difference between reported and expected EBITDA for the last fiscal year (short horizon).","actual_ebitda_surprise_year_short","2","DEU","{""id"":""model-reversion-models"",""name"":""Reversion Models""}","[]","MATRIX","TOP500","0"
"0","{""id"":""model"",""name"":""Model""}","0","{""id"":""analyst_revision_horizons"",""name"":""Multi Horizon Analyst Revision Signals""}","1","2026-07-01","1","Reported revenue for the most recent fiscal quarter, long-horizon DHD component","actual_revenue_last_quarter_long_3","2","DEU","{""id"":""model-reversion-models"",""name"":""Reversion Models""}","[]","MATRIX","TOP500","0"
"0","{""id"":""model"",""name"":""Model""}","0","{""id"":""analyst_revision_horizons"",""name"":""Multi Horizon Analyst Revision Signals""}","1","2026-07-01","1","Actual revenue reported for the most recent fiscal quarter, medium-horizon component","actual_revenue_last_quarter_medium_3","2","DEU","{""id"":""model-reversion-models"",""name"":""Reversion Models""}","[]","MATRIX","TOP500","0"
"0","{""id"":""model"",""name"":""Model""}","0","{""id"":""analyst_revision_horizons"",""name"":""Multi Horizon Analyst Revision Signals""}","1","2026-07-01","1","Actual revenue for the last reported quarter, on the short horizon","actual_revenue_last_quarter_short_3","2","DEU","{""id"":""model-reversion-models"",""name"":""Reversion Models""}","[]","MATRIX","TOP500","0"
"0","{""id"":""model"",""name"":""Model""}","0","{""id"":""analyst_revision_horizons"",""name"":""Multi Horizon Analyst Revision Signals""}","1","2026-07-01","1","Actual revenue for the last fiscal year, on the long horizon","actual_revenue_last_year_long_3","2","DEU","{""id"":""model-reversion-models"",""name"":""Reversion Models""}","[]","MATRIX","TOP500","0"
"0","{""id"":""model"",""name"":""Model""}","0","{""id"":""analyst_revision_horizons"",""name"":""Multi Horizon Analyst Revision Signals""}","1","2026-07-01","1","Actual revenue for the last completed fiscal year","actual_revenue_last_year_medium_3","2","DEU","{""id"":""model-reversion-models"",""name"":""Reversion Models""}","[]","MATRIX","TOP500","0"
"0","{""id"":""model"",""name"":""Model""}","0","{""id"":""analyst_revision_horizons"",""name"":""Multi Horizon Analyst Revision Signals""}","1","2026-07-01","1","Reported revenue for the most recent fiscal year, short-horizon DHD component","actual_revenue_last_year_short_3","2","DEU","{""id"":""model-reversion-models"",""name"":""Reversion Models""}","[]","MATRIX","TOP500","0"
"0","{""id"":""model"",""name"":""Model""}","0","{""id"":""analyst_revision_horizons"",""name"":""Multi Horizon Analyst Revision Signals""}","1","2026-07-01","1","Actual percentage difference between reported and expected revenue for last quarter, long horizon.","actual_revenue_surprise_pct_lastq_long","2","DEU","{""id"":""model-reversion-models"",""name"":""Reversion Models""}","[]","MATRIX","TOP500","0"
"0","{""id"":""model"",""name"":""Model""}","0","{""id"":""analyst_revision_horizons"",""name"":""Multi Horizon Analyst Revision Signals""}","1","2026-07-01","1","Actual percentage difference between reported and expected revenue for last quarter, medium horizon.","actual_revenue_surprise_pct_lastq_medium","2","DEU","{""id"":""model-reversion-models"",""name"":""Reversion Models""}","[]","MATRIX","TOP500","0"
"0","{""id"":""model"",""name"":""Model""}","0","{""id"":""analyst_revision_horizons"",""name"":""Multi Horizon Analyst Revision Signals""}","1","2026-07-01","1","Actual percentage difference between reported and expected revenue for last quarter, short horizon.","actual_revenue_surprise_pct_lastq_short","2","DEU","{""id"":""model-reversion-models"",""name"":""Reversion Models""}","[]","MATRIX","TOP500","0"
"0","{""id"":""model"",""name"":""Model""}","0","{""id"":""analyst_revision_horizons"",""name"":""Multi Horizon Analyst Revision Signals""}","1","2026-07-01","1","Actual percentage difference between reported and expected revenue for last year, long horizon.","actual_revenue_surprise_pct_lasty_long","2","DEU","{""id"":""model-reversion-models"",""name"":""Reversion Models""}","[]","MATRIX","TOP500","0"
"0","{""id"":""model"",""name"":""Model""}","0","{""id"":""analyst_revision_horizons"",""name"":""Multi Horizon Analyst Revision Signals""}","1","2026-07-01","1","Actual percentage difference between reported and expected revenue for the last fiscal year (medium horizon).","actual_revenue_surprise_year_medium","2","DEU","{""id"":""model-reversion-models"",""name"":""Reversion Models""}","[]","MATRIX","TOP500","0"
"0","{""id"":""model"",""name"":""Model""}","0","{""id"":""analyst_revision_horizons"",""name"":""Multi Horizon Analyst Revision Signals""}","1","2026-07-01","1","Percent difference between actual and estimated EBITDA for the last quarter, short horizon.","actual_vs_estimate_pct_last_quarter_operating_short","2","DEU","{""id"":""model-reversion-models"",""name"":""Reversion Models""}","[]","MATRIX","TOP500","0"
"0","{""id"":""model"",""name"":""Model""}","0","{""id"":""analyst_revision_horizons"",""name"":""Multi Horizon Analyst Revision Signals""}","1","2026-07-01","1","Percent difference between actual and estimated earnings for the last quarter, long horizon.","actual_vs_estimate_pct_last_quarter_profit_long","2","DEU","{""id"":""model-reversion-models"",""name"":""Reversion Models""}","[]","MATRIX","TOP500","0"
"0","{""id"":""model"",""name"":""Model""}","0","{""id"":""analyst_revision_horizons"",""name"":""Multi Horizon Analyst Revision Signals""}","1","2026-07-01","1","Percent difference between actual and estimated EBITDA for the previous fiscal year, long horizon.","actual_vs_estimate_pct_last_year_operating_long","2","DEU","{""id"":""model-reversion-models"",""name"":""Reversion Models""}","[]","MATRIX","TOP500","0"
"0","{""id"":""model"",""name"":""Model""}","0","{""id"":""analyst_revision_horizons"",""name"":""Multi Horizon Analyst Revision Signals""}","1","2026-07-01","1","Percent difference between actual and estimated EBITDA for the previous fiscal year, medium horizon.","actual_vs_estimate_pct_last_year_operating_medium","2","DEU","{""id"":""model-reversion-models"",""name"":""Reversion Models""}","[]","MATRIX","TOP500","0"
"0","{""id"":""model"",""name"":""Model""}","0","{""id"":""analyst_revision_horizons"",""name"":""Multi Horizon Analyst Revision Signals""}","1","2026-07-01","1","Percent difference between actual and estimated revenue for the previous fiscal year, short horizon.","actual_vs_estimate_pct_last_year_sales_short","2","DEU","{""id"":""model-reversion-models"",""name"":""Reversion Models""}","[]","MATRIX","TOP500","0"
"0","{""id"":""model"",""name"":""Model""}","0","{""id"":""analyst_revision_horizons"",""name"":""Multi Horizon Analyst Revision Signals""}","1","2026-07-01","1","Count of analysts who decreased their FQ1 earnings estimates in the past 30 days; long-horizon component","analysts_lowering_quarterly_eps_est_30d_long","2","DEU","{""id"":""model-reversion-models"",""name"":""Reversion Models""}","[]","MATRIX","TOP500","0"
"0","{""id"":""model"",""name"":""Model""}","0","{""id"":""analyst_revision_horizons"",""name"":""Multi Horizon Analyst Revision Signals""}","1","2026-07-01","1","Number of analysts who lowered their FQ1 earnings estimates during the past 30 days, medium horizon","analysts_lowering_quarterly_eps_est_30d_medium","2","DEU","{""id"":""model-reversion-models"",""name"":""Reversion Models""}","[]","MATRIX","TOP500","0"
"0","{""id"":""model"",""name"":""Model""}","0","{""id"":""analyst_revision_horizons"",""name"":""Multi Horizon Analyst Revision Signals""}","1","2026-07-01","1","Number of analysts who lowered their earnings estimates for the current fiscal quarter (FQ1) during the past 30 days, short horizon","analysts_lowering_quarterly_eps_est_30d_short","2","DEU","{""id"":""model-reversion-models"",""name"":""Reversion Models""}","[]","MATRIX","TOP500","0"
"0","{""id"":""model"",""name"":""Model""}","0","{""id"":""analyst_revision_horizons"",""name"":""Multi Horizon Analyst Revision Signals""}","1","2026-07-01","1","Count of analysts who increased their FQ1 earnings estimates in the past 30 days; long-horizon component","analysts_raising_quarterly_eps_est_30d_long","2","DEU","{""id"":""model-reversion-models"",""name"":""Reversion Models""}","[]","MATRIX","TOP500","0"
"0","{""id"":""model"",""name"":""Model""}","0","{""id"":""analyst_revision_horizons"",""name"":""Multi Horizon Analyst Revision Signals""}","1","2026-07-01","1","Number of analysts who revised upward their FQ1 earnings estimates during the past 30 days","analysts_raising_quarterly_eps_est_30d_medium","2","DEU","{""id"":""model-reversion-models"",""name"":""Reversion Models""}","[]","MATRIX","TOP500","0"
"0","{""id"":""model"",""name"":""Model""}","0","{""id"":""analyst_revision_horizons"",""name"":""Multi Horizon Analyst Revision Signals""}","1","2026-07-01","1","Number of analysts who revised upward their FQ1 earnings estimates during the past 30 days","analysts_raising_quarterly_eps_est_30d_short","2","DEU","{""id"":""model-reversion-models"",""name"":""Reversion Models""}","[]","MATRIX","TOP500","0"
"0","{""id"":""model"",""name"":""Model""}","0","{""id"":""analyst_revision_horizons"",""name"":""Multi Horizon Analyst Revision Signals""}","1","2026-07-01","1","Count of analysts who lowered their earnings estimates for the current fiscal year (FY1) over the past 14 days; long-horizon signal","analyst_count_decreasing_current_year_earnings_14d_long_3","2","DEU","{""id"":""model-reversion-models"",""name"":""Reversion Models""}","[]","MATRIX","TOP500","0"
"0","{""id"":""model"",""name"":""Model""}","0","{""id"":""analyst_revision_horizons"",""name"":""Multi Horizon Analyst Revision Signals""}","1","2026-07-01","1","Count of analysts who revised downward their earnings estimates for the current fiscal year (FY1) over the past 30 days, oriented to the long horizon","analyst_count_decreasing_current_year_earnings_30d_long_3","2","DEU","{""id"":""model-reversion-models"",""name"":""Reversion Models""}","[]","MATRIX","TOP500","0"
"0","{""id"":""model"",""name"":""Model""}","0","{""id"":""analyst_revision_horizons"",""name"":""Multi Horizon Analyst Revision Signals""}","1","2026-07-01","1","Number of analysts who revised their earnings estimate for the current fiscal year (FY1) downward over the past 30 days; medium-horizon component","analyst_count_decreasing_current_year_earnings_30d_medium_3","2","DEU","{""id"":""model-reversion-models"",""name"":""Reversion Models""}","[]","MATRIX","TOP500","0"
"0","{""id"":""model"",""name"":""Model""}","0","{""id"":""analyst_revision_horizons"",""name"":""Multi Horizon Analyst Revision Signals""}","1","2026-07-01","1","Number of analysts who revised downward their EBITDA estimates for the current fiscal year (FY1) over the past 14 days (long-horizon)","analyst_count_decreasing_current_year_ebitda_14d_long_3","2","DEU","{""id"":""model-reversion-models"",""name"":""Reversion Models""}","[]","MATRIX","TOP500","0"
"0","{""id"":""model"",""name"":""Model""}","0","{""id"":""analyst_revision_horizons"",""name"":""Multi Horizon Analyst Revision Signals""}","1","2026-07-01","1","Count of analysts revising downward EBITDA for the current fiscal year (FY1) over the past 30 days (medium horizon)","analyst_count_decreasing_current_year_ebitda_30d_medium_3","2","DEU","{""id"":""model-reversion-models"",""name"":""Reversion Models""}","[]","MATRIX","TOP500","0"
"0","{""id"":""model"",""name"":""Model""}","0","{""id"":""analyst_revision_horizons"",""name"":""Multi Horizon Analyst Revision Signals""}","1","2026-07-01","1","Count of analysts who revised down their EBITDA estimates for the current fiscal year (FY1) over the past 30 days; short-horizon signal","analyst_count_decreasing_current_year_ebitda_30d_short_3","2","DEU","{""id"":""model-reversion-models"",""name"":""Reversion Models""}","[]","MATRIX","TOP500","0"
"0","{""id"":""model"",""name"":""Model""}","0","{""id"":""analyst_revision_horizons"",""name"":""Multi Horizon Analyst Revision Signals""}","1","2026-07-01","1","Count of analysts who lowered their estimate for current fiscal year (FY1) revenue over the past 14 days, long-horizon component","analyst_count_decreasing_current_year_revenue_14d_long_3","2","DEU","{""id"":""model-reversion-models"",""name"":""Reversion Models""}","[]","MATRIX","TOP500","0"
"0","{""id"":""model"",""name"":""Model""}","0","{""id"":""analyst_revision_horizons"",""name"":""Multi Horizon Analyst Revision Signals""}","1","2026-07-01","1","Count of analysts who lowered their revenue estimates for the current fiscal year (FY1) over the past 14 days; medium-horizon signal","analyst_count_decreasing_current_year_revenue_14d_medium_3","2","DEU","{""id"":""model-reversion-models"",""name"":""Reversion Models""}","[]","MATRIX","TOP500","0"
"0","{""id"":""model"",""name"":""Model""}","0","{""id"":""analyst_revision_horizons"",""name"":""Multi Horizon Analyst Revision Signals""}","1","2026-07-01","1","Count of analysts who revised down their revenue estimates for the current fiscal year (FY1) over the past 14 days; short-horizon signal","analyst_count_decreasing_current_year_revenue_14d_short_3","2","DEU","{""id"":""model-reversion-models"",""name"":""Reversion Models""}","[]","MATRIX","TOP500","0"
"0","{""id"":""model"",""name"":""Model""}","0","{""id"":""analyst_revision_horizons"",""name"":""Multi Horizon Analyst Revision Signals""}","1","2026-07-01","1","Count of analysts revising downward revenue estimates for the current fiscal year (FY1) over the past 30 days; long-horizon signal","analyst_count_decreasing_current_year_revenue_30d_long_3","2","DEU","{""id"":""model-reversion-models"",""name"":""Reversion Models""}","[]","MATRIX","TOP500","0"
"0","{""id"":""model"",""name"":""Model""}","0","{""id"":""analyst_revision_horizons"",""name"":""Multi Horizon Analyst Revision Signals""}","1","2026-07-01","1","Count of analysts revising downward revenue estimates for the current fiscal year (FY1) over the past 30 days; short-horizon signal","analyst_count_decreasing_current_year_revenue_30d_short_3","2","DEU","{""id"":""model-reversion-models"",""name"":""Reversion Models""}","[]","MATRIX","TOP500","0"
"0","{""id"":""model"",""name"":""Model""}","0","{""id"":""analyst_revision_horizons"",""name"":""Multi Horizon Analyst Revision Signals""}","1","2026-07-01","1","Count of analysts revising downward revenue estimates for the current fiscal year (FY1) over the past 7 days; long-horizon signal","analyst_count_decreasing_current_year_revenue_7d_long_3","2","DEU","{""id"":""model-reversion-models"",""name"":""Reversion Models""}","[]","MATRIX","TOP500","0"
"0","{""id"":""model"",""name"":""Model""}","0","{""id"":""analyst_revision_horizons"",""name"":""Multi Horizon Analyst Revision Signals""}","1","2026-07-01","1","Count of analysts who revised down their earnings estimates for the next fiscal quarter (FQ2) over the past 30 days; short-horizon signal","analyst_count_decreasing_next_quarter2_earnings_30d_short_3","2","DEU","{""id"":""model-reversion-models"",""name"":""Reversion Models""}","[]","MATRIX","TOP500","0"
"0","{""id"":""model"",""name"":""Model""}","0","{""id"":""analyst_revision_horizons"",""name"":""Multi Horizon Analyst Revision Signals""}","1","2026-07-01","1","Count of analysts lowering EBITDA estimates for the next fiscal quarter (FQ2) over the past 14 days (medium horizon)","analyst_count_decreasing_next_quarter2_ebitda_14d_medium_3","2","DEU","{""id"":""model-reversion-models"",""name"":""Reversion Models""}","[]","MATRIX","TOP500","0"
"0","{""id"":""model"",""name"":""Model""}","0","{""id"":""analyst_revision_horizons"",""name"":""Multi Horizon Analyst Revision Signals""}","1","2026-07-01","1","Count of analysts who lowered their EBITDA estimates for the next fiscal quarter (FQ2) over the past 30 days; long-horizon signal","analyst_count_decreasing_next_quarter2_ebitda_30d_long_3","2","DEU","{""id"":""model-reversion-models"",""name"":""Reversion Models""}","[]","MATRIX","TOP500","0"
"0","{""id"":""model"",""name"":""Model""}","0","{""id"":""analyst_revision_horizons"",""name"":""Multi Horizon Analyst Revision Signals""}","1","2026-07-01","1","Count of analysts revising downward EBITDA for the next fiscal quarter (FQ2) over the past 7 days (long horizon)","analyst_count_decreasing_next_quarter2_ebitda_7d_long_3","2","DEU","{""id"":""model-reversion-models"",""name"":""Reversion Models""}","[]","MATRIX","TOP500","0"
"0","{""id"":""model"",""name"":""Model""}","0","{""id"":""analyst_revision_horizons"",""name"":""Multi Horizon Analyst Revision Signals""}","1","2026-07-01","1","Count of analysts who lowered their next fiscal quarter (FQ2) EBITDA estimate in the past 7 days; medium-horizon component","analyst_count_decreasing_next_quarter2_ebitda_7d_medium_3","2","DEU","{""id"":""model-reversion-models"",""name"":""Reversion Models""}","[]","MATRIX","TOP500","0"
"0","{""id"":""model"",""name"":""Model""}","0","{""id"":""analyst_revision_horizons"",""name"":""Multi Horizon Analyst Revision Signals""}","1","2026-07-01","1","Count of analysts who lowered their estimate for next fiscal quarter (FQ2) revenue over the past 14 days, medium-horizon component","analyst_count_decreasing_next_quarter2_revenue_14d_medium_3","2","DEU","{""id"":""model-reversion-models"",""name"":""Reversion Models""}","[]","MATRIX","TOP500","0"
"0","{""id"":""model"",""name"":""Model""}","0","{""id"":""analyst_revision_horizons"",""name"":""Multi Horizon Analyst Revision Signals""}","1","2026-07-01","1","Count of analysts revising downward revenue estimates for the next fiscal quarter (FQ2) over the past 7 days; short-horizon signal","analyst_count_decreasing_next_quarter2_revenue_7d_short_3","2","DEU","{""id"":""model-reversion-models"",""name"":""Reversion Models""}","[]","MATRIX","TOP500","0"
"0","{""id"":""model"",""name"":""Model""}","0","{""id"":""analyst_revision_horizons"",""name"":""Multi Horizon Analyst Revision Signals""}","1","2026-07-01","1","Count of analysts who lowered their estimate for current fiscal quarter (FQ1) earnings over the past 14 days, represented as the long-horizon component","analyst_count_decreasing_next_quarter_earnings_14d_long_3","2","DEU","{""id"":""model-reversion-models"",""name"":""Reversion Models""}","[]","MATRIX","TOP500","0"
"0","{""id"":""model"",""name"":""Model""}","0","{""id"":""analyst_revision_horizons"",""name"":""Multi Horizon Analyst Revision Signals""}","1","2026-07-01","1","Number of analysts who revised downward their earnings estimates for the current fiscal quarter (FQ1) over the past 14 days (short-horizon)","analyst_count_decreasing_next_quarter_earnings_14d_short_3","2","DEU","{""id"":""model-reversion-models"",""name"":""Reversion Models""}","[]","MATRIX","TOP500","0"
"0","{""id"":""model"",""name"":""Model""}","0","{""id"":""analyst_revision_horizons"",""name"":""Multi Horizon Analyst Revision Signals""}","1","2026-07-01","1","Count of analysts revising downward earnings estimates for the current fiscal quarter (FQ1) over the past 30 days; long-horizon signal","analyst_count_decreasing_next_quarter_earnings_30d_long_3","2","DEU","{""id"":""model-reversion-models"",""name"":""Reversion Models""}","[]","MATRIX","TOP500","0"
"0","{""id"":""model"",""name"":""Model""}","0","{""id"":""analyst_revision_horizons"",""name"":""Multi Horizon Analyst Revision Signals""}","1","2026-07-01","1","Count of analysts who revised down their earnings estimates for the current fiscal quarter (FQ1) over the past 7 days; long-horizon signal","analyst_count_decreasing_next_quarter_earnings_7d_long_3","2","DEU","{""id"":""model-reversion-models"",""name"":""Reversion Models""}","[]","MATRIX","TOP500","0"
"0","{""id"":""model"",""name"":""Model""}","0","{""id"":""analyst_revision_horizons"",""name"":""Multi Horizon Analyst Revision Signals""}","1","2026-07-01","1","Count of analysts who lowered estimates for current fiscal quarter (FQ1) EBITDA over the past 14 days (long horizon)","analyst_count_decreasing_next_quarter_ebitda_14d_long_3","2","DEU","{""id"":""model-reversion-models"",""name"":""Reversion Models""}","[]","MATRIX","TOP500","0"
"0","{""id"":""model"",""name"":""Model""}","0","{""id"":""analyst_revision_horizons"",""name"":""Multi Horizon Analyst Revision Signals""}","1","2026-07-01","1","Count of analysts who lowered their estimate for current fiscal quarter (FQ1) EBITDA over the past 30 days, long-horizon component","analyst_count_decreasing_next_quarter_ebitda_30d_long_3","2","DEU","{""id"":""model-reversion-models"",""name"":""Reversion Models""}","[]","MATRIX","TOP500","0"
"0","{""id"":""model"",""name"":""Model""}","0","{""id"":""analyst_revision_horizons"",""name"":""Multi Horizon Analyst Revision Signals""}","1","2026-07-01","1","Count of analysts who lowered their estimate for current fiscal quarter (FQ1) EBITDA over the past 30 days, short-horizon component","analyst_count_decreasing_next_quarter_ebitda_30d_short_3","2","DEU","{""id"":""model-reversion-models"",""name"":""Reversion Models""}","[]","MATRIX","TOP500","0"
"0","{""id"":""model"",""name"":""Model""}","0","{""id"":""analyst_revision_horizons"",""name"":""Multi Horizon Analyst Revision Signals""}","1","2026-07-01","1","Count of analysts who lowered their estimate for current fiscal quarter (FQ1) revenue over the past 14 days, medium-horizon component","analyst_count_decreasing_next_quarter_revenue_14d_medium_3","2","DEU","{""id"":""model-reversion-models"",""name"":""Reversion Models""}","[]","MATRIX","TOP500","0"
"0","{""id"":""model"",""name"":""Model""}","0","{""id"":""analyst_revision_horizons"",""name"":""Multi Horizon Analyst Revision Signals""}","1","2026-07-01","1","Count of analysts who lowered their revenue estimates for the current fiscal quarter (FQ1) over the past 30 days; short-horizon signal","analyst_count_decreasing_next_quarter_revenue_30d_short_3","2","DEU","{""id"":""model-reversion-models"",""name"":""Reversion Models""}","[]","MATRIX","TOP500","0"
"0","{""id"":""model"",""name"":""Model""}","0","{""id"":""analyst_revision_horizons"",""name"":""Multi Horizon Analyst Revision Signals""}","1","2026-07-01","1","Count of analysts who revised the company’s current fiscal year (FY1) earnings estimates upward within the past 14 days; medium-horizon signal","analyst_count_increasing_current_year_earnings_14d_medium_3","2","DEU","{""id"":""model-reversion-models"",""name"":""Reversion Models""}","[]","MATRIX","TOP500","0"
"0","{""id"":""model"",""name"":""Model""}","0","{""id"":""analyst_revision_horizons"",""name"":""Multi Horizon Analyst Revision Signals""}","1","2026-07-01","1","Count of analysts revising upward earnings for the current fiscal year (FY1) over the past 30 days (long horizon)","analyst_count_increasing_current_year_earnings_30d_long_3","2","DEU","{""id"":""model-reversion-models"",""name"":""Reversion Models""}","[]","MATRIX","TOP500","0"
"0","{""id"":""model"",""name"":""Model""}","0","{""id"":""analyst_revision_horizons"",""name"":""Multi Horizon Analyst Revision Signals""}","1","2026-07-01","1","Count of analysts who raised their earnings estimates for the current fiscal year (FY1) over the past 30 days; medium-horizon signal","analyst_count_increasing_current_year_earnings_30d_medium_3","2","DEU","{""id"":""model-reversion-models"",""name"":""Reversion Models""}","[]","MATRIX","TOP500","0"
"0","{""id"":""model"",""name"":""Model""}","0","{""id"":""analyst_revision_horizons"",""name"":""Multi Horizon Analyst Revision Signals""}","1","2026-07-01","1","Count of analysts revising upward earnings estimates for the current fiscal year (FY1) over the past 7 days; short-horizon signal","analyst_count_increasing_current_year_earnings_7d_short_3","2","DEU","{""id"":""model-reversion-models"",""name"":""Reversion Models""}","[]","MATRIX","TOP500","0"
"0","{""id"":""model"",""name"":""Model""}","0","{""id"":""analyst_revision_horizons"",""name"":""Multi Horizon Analyst Revision Signals""}","1","2026-07-01","1","Count of analysts who raised their EBITDA estimates for the current fiscal year (FY1) over the past 14 days; long-horizon signal","analyst_count_increasing_current_year_ebitda_14d_long_3","2","DEU","{""id"":""model-reversion-models"",""name"":""Reversion Models""}","[]","MATRIX","TOP500","0"
"0","{""id"":""model"",""name"":""Model""}","0","{""id"":""analyst_revision_horizons"",""name"":""Multi Horizon Analyst Revision Signals""}","1","2026-07-01","1","Count of analysts revising upward EBITDA estimates for the current fiscal year (FY1) over the past 14 days; medium-horizon signal","analyst_count_increasing_current_year_ebitda_14d_medium_3","2","DEU","{""id"":""model-reversion-models"",""name"":""Reversion Models""}","[]","MATRIX","TOP500","0"
"0","{""id"":""model"",""name"":""Model""}","0","{""id"":""analyst_revision_horizons"",""name"":""Multi Horizon Analyst Revision Signals""}","1","2026-07-01","1","Count of analysts who revised the company’s current fiscal year (FY1) EBITDA estimates upward within the past 30 days; long-horizon signal","analyst_count_increasing_current_year_ebitda_30d_long_3","2","DEU","{""id"":""model-reversion-models"",""name"":""Reversion Models""}","[]","MATRIX","TOP500","0"
"0","{""id"":""model"",""name"":""Model""}","0","{""id"":""analyst_revision_horizons"",""name"":""Multi Horizon Analyst Revision Signals""}","1","2026-07-01","1","Number of analysts revising upward EBITDA for the current fiscal year (FY1) over the past 30 days (medium horizon)","analyst_count_increasing_current_year_ebitda_30d_medium_3","2","DEU","{""id"":""model-reversion-models"",""name"":""Reversion Models""}","[]","MATRIX","TOP500","0"
"0","{""id"":""model"",""name"":""Model""}","0","{""id"":""analyst_revision_horizons"",""name"":""Multi Horizon Analyst Revision Signals""}","1","2026-07-01","1","Count of distinct analysts who raised their estimates for current fiscal year revenue over the past 14 days, aligned to the short horizon","analyst_count_increasing_current_year_revenue_14d_short_3","2","DEU","{""id"":""model-reversion-models"",""name"":""Reversion Models""}","[]","MATRIX","TOP500","0"
"0","{""id"":""model"",""name"":""Model""}","0","{""id"":""analyst_revision_horizons"",""name"":""Multi Horizon Analyst Revision Signals""}","1","2026-07-01","1","Count of analysts who raised their revenue estimates for the current fiscal year (FY1) over the past 7 days; long-horizon signal","analyst_count_increasing_current_year_revenue_7d_long_3","2","DEU","{""id"":""model-reversion-models"",""name"":""Reversion Models""}","[]","MATRIX","TOP500","0"
"0","{""id"":""model"",""name"":""Model""}","0","{""id"":""analyst_revision_horizons"",""name"":""Multi Horizon Analyst Revision Signals""}","1","2026-07-01","1","Count of analysts who raised their estimate for current fiscal year (FY1) revenue over the past 7 days, medium-horizon component","analyst_count_increasing_current_year_revenue_7d_medium_3","2","DEU","{""id"":""model-reversion-models"",""name"":""Reversion Models""}","[]","MATRIX","TOP500","0"
"0","{""id"":""model"",""name"":""Model""}","0","{""id"":""analyst_revision_horizons"",""name"":""Multi Horizon Analyst Revision Signals""}","1","2026-07-01","1","Count of analysts who revised next fiscal quarter (FQ2) earnings estimates upward over the past 14 days; medium-horizon signal","analyst_count_increasing_next_quarter2_earnings_14d_medium_3","2","DEU","{""id"":""model-reversion-models"",""name"":""Reversion Models""}","[]","MATRIX","TOP500","0"
"0","{""id"":""model"",""name"":""Model""}","0","{""id"":""analyst_revision_horizons"",""name"":""Multi Horizon Analyst Revision Signals""}","1","2026-07-01","1","Count of analysts who revised the company’s next fiscal quarter (FQ2) earnings estimates upward within the past 30 days; medium-horizon signal","analyst_count_increasing_next_quarter2_earnings_30d_medium_3","2","DEU","{""id"":""model-reversion-models"",""name"":""Reversion Models""}","[]","MATRIX","TOP500","0"
"0","{""id"":""model"",""name"":""Model""}","0","{""id"":""analyst_revision_horizons"",""name"":""Multi Horizon Analyst Revision Signals""}","1","2026-07-01","1","Count of analysts raising earnings estimates for the next fiscal quarter (FQ2) over the past 30 days (short horizon)","analyst_count_increasing_next_quarter2_earnings_30d_short_3","2","DEU","{""id"":""model-reversion-models"",""name"":""Reversion Models""}","[]","MATRIX","TOP500","0"
"0","{""id"":""model"",""name"":""Model""}","0","{""id"":""analyst_revision_horizons"",""name"":""Multi Horizon Analyst Revision Signals""}","1","2026-07-01","1","Number of analysts who revised upward their EBITDA estimates for the next fiscal quarter (FQ2) over the past 7 days (medium-horizon)","analyst_count_increasing_next_quarter2_ebitda_7d_medium_3","2","DEU","{""id"":""model-reversion-models"",""name"":""Reversion Models""}","[]","MATRIX","TOP500","0"
"0","{""id"":""model"",""name"":""Model""}","0","{""id"":""analyst_revision_horizons"",""name"":""Multi Horizon Analyst Revision Signals""}","1","2026-07-01","1","Count of analysts who raised their estimate for next fiscal quarter (FQ2) EBITDA over the past 7 days, short-horizon component","analyst_count_increasing_next_quarter2_ebitda_7d_short_3","2","DEU","{""id"":""model-reversion-models"",""name"":""Reversion Models""}","[]","MATRIX","TOP500","0"
"0","{""id"":""model"",""name"":""Model""}","0","{""id"":""analyst_revision_horizons"",""name"":""Multi Horizon Analyst Revision Signals""}","1","2026-07-01","1","Count of analysts revising upward revenue for the next fiscal quarter (FQ2) over the past 30 days (medium horizon)","analyst_count_increasing_next_quarter2_revenue_30d_medium_3","2","DEU","{""id"":""model-reversion-models"",""name"":""Reversion Models""}","[]","MATRIX","TOP500","0"
"0","{""id"":""model"",""name"":""Model""}","0","{""id"":""analyst_revision_horizons"",""name"":""Multi Horizon Analyst Revision Signals""}","1","2026-07-01","1","Number of distinct analysts who raised their estimate of next fiscal quarter (FQ2) revenue in the past 7 calendar days; short-horizon component","analyst_count_increasing_next_quarter2_revenue_7d_short_3","2","DEU","{""id"":""model-reversion-models"",""name"":""Reversion Models""}","[]","MATRIX","TOP500","0"
"0","{""id"":""model"",""name"":""Model""}","0","{""id"":""analyst_revision_horizons"",""name"":""Multi Horizon Analyst Revision Signals""}","1","2026-07-01","1","Count of analysts who revised up their earnings estimates for the current fiscal quarter (FQ1) over the past 30 days; long-horizon signal","analyst_count_increasing_next_quarter_earnings_30d_long_3","2","DEU","{""id"":""model-reversion-models"",""name"":""Reversion Models""}","[]","MATRIX","TOP500","0"
"0","{""id"":""model"",""name"":""Model""}","0","{""id"":""analyst_revision_horizons"",""name"":""Multi Horizon Analyst Revision Signals""}","1","2026-07-01","1","Count of analysts who revised current fiscal quarter (FQ1) EBITDA estimates upward over the past 14 days; medium-horizon signal","analyst_count_increasing_next_quarter_ebitda_14d_medium_3","2","DEU","{""id"":""model-reversion-models"",""name"":""Reversion Models""}","[]","MATRIX","TOP500","0"
"0","{""id"":""model"",""name"":""Model""}","0","{""id"":""analyst_revision_horizons"",""name"":""Multi Horizon Analyst Revision Signals""}","1","2026-07-01","1","Number of analysts who revised their EBITDA estimate for the current fiscal quarter (FQ1) upward over the past 14 days; short-horizon component","analyst_count_increasing_next_quarter_ebitda_14d_short_3","2","DEU","{""id"":""model-reversion-models"",""name"":""Reversion Models""}","[]","MATRIX","TOP500","0"
"0","{""id"":""model"",""name"":""Model""}","0","{""id"":""analyst_revision_horizons"",""name"":""Multi Horizon Analyst Revision Signals""}","1","2026-07-01","1","Count of analysts who raised estimates for current fiscal quarter (FQ1) EBITDA over the past 30 days (long horizon)","analyst_count_increasing_next_quarter_ebitda_30d_long_3","2","DEU","{""id"":""model-reversion-models"",""name"":""Reversion Models""}","[]","MATRIX","TOP500","0"
"0","{""id"":""model"",""name"":""Model""}","0","{""id"":""analyst_revision_horizons"",""name"":""Multi Horizon Analyst Revision Signals""}","1","2026-07-01","1","Number of analysts who revised their EBITDA estimate for the current fiscal quarter (FQ1) upward over the past 7 days; long-horizon component","analyst_count_increasing_next_quarter_ebitda_7d_long_3","2","DEU","{""id"":""model-reversion-models"",""name"":""Reversion Models""}","[]","MATRIX","TOP500","0"
"0","{""id"":""model"",""name"":""Model""}","0","{""id"":""analyst_revision_horizons"",""name"":""Multi Horizon Analyst Revision Signals""}","1","2026-07-01","1","Count of analysts who raised their estimate for current fiscal quarter (FQ1) EBITDA over the past 7 days, medium-horizon component","analyst_count_increasing_next_quarter_ebitda_7d_medium_3","2","DEU","{""id"":""model-reversion-models"",""name"":""Reversion Models""}","[]","MATRIX","TOP500","0"
"0","{""id"":""model"",""name"":""Model""}","0","{""id"":""analyst_revision_horizons"",""name"":""Multi Horizon Analyst Revision Signals""}","1","2026-07-01","1","Number of analysts who revised their EBITDA estimate for the current fiscal quarter (FQ1) upward over the past 7 days; short-horizon component","analyst_count_increasing_next_quarter_ebitda_7d_short_4","2","DEU","{""id"":""model-reversion-models"",""name"":""Reversion Models""}","[]","MATRIX","TOP500","0"
"0","{""id"":""model"",""name"":""Model""}","0","{""id"":""analyst_revision_horizons"",""name"":""Multi Horizon Analyst Revision Signals""}","1","2026-07-01","1","Count of analysts who raised their estimate for current fiscal quarter (FQ1) revenue over the past 30 days, long-horizon component","analyst_count_increasing_next_quarter_revenue_30d_long_3","2","DEU","{""id"":""model-reversion-models"",""name"":""Reversion Models""}","[]","MATRIX","TOP500","0"
"0","{""id"":""model"",""name"":""Model""}","0","{""id"":""analyst_revision_horizons"",""name"":""Multi Horizon Analyst Revision Signals""}","1","2026-07-01","1","Count of analysts who revised upward their revenue estimates for the current fiscal quarter (FQ1) over the past 7 days, oriented to the short horizon","analyst_count_increasing_next_quarter_revenue_7d_short_4","2","DEU","{""id"":""model-reversion-models"",""name"":""Reversion Models""}","[]","MATRIX","TOP500","0"
"0","{""id"":""model"",""name"":""Model""}","0","{""id"":""analyst_revision_horizons"",""name"":""Multi Horizon Analyst Revision Signals""}","1","2026-07-01","1","Count of distinct analysts who raised their estimates for next fiscal year earnings over the past 14 days, aligned to the short horizon","analyst_count_increasing_next_year2_earnings_14d_short_3","2","DEU","{""id"":""model-reversion-models"",""name"":""Reversion Models""}","[]","MATRIX","TOP500","0"
"0","{""id"":""model"",""name"":""Model""}","0","{""id"":""analyst_revision_horizons"",""name"":""Multi Horizon Analyst Revision Signals""}","1","2026-07-01","1","Number of analysts revising upward earnings for FY2 (the next fiscal year) over 7 days; long-horizon tagged","analyst_count_increasing_next_year2_earnings_7d_long_3","2","DEU","{""id"":""model-reversion-models"",""name"":""Reversion Models""}","[]","MATRIX","TOP500","0"
"0","{""id"":""model"",""name"":""Model""}","0","{""id"":""analyst_revision_horizons"",""name"":""Multi Horizon Analyst Revision Signals""}","1","2026-07-01","1","Count of analysts who raised their EBITDA estimates for the next fiscal year (FY2) over the past 14 days; long-horizon signal","analyst_count_increasing_next_year2_ebitda_14d_long_3","2","DEU","{""id"":""model-reversion-models"",""name"":""Reversion Models""}","[]","MATRIX","TOP500","0"
"0","{""id"":""model"",""name"":""Model""}","0","{""id"":""analyst_revision_horizons"",""name"":""Multi Horizon Analyst Revision Signals""}","1","2026-07-01","1","Count of analysts raising EBITDA estimates for the next fiscal year (FY2) over the past 14 days (medium horizon)","analyst_count_increasing_next_year2_ebitda_14d_medium_3","2","DEU","{""id"":""model-reversion-models"",""name"":""Reversion Models""}","[]","MATRIX","TOP500","0"
"0","{""id"":""model"",""name"":""Model""}","0","{""id"":""analyst_revision_horizons"",""name"":""Multi Horizon Analyst Revision Signals""}","1","2026-07-01","1","Count of analysts who revised the company’s next fiscal year (FY2) EBITDA estimates upward within the past 7 days; long-horizon signal","analyst_count_increasing_next_year2_ebitda_7d_long_3","2","DEU","{""id"":""model-reversion-models"",""name"":""Reversion Models""}","[]","MATRIX","TOP500","0"
"0","{""id"":""model"",""name"":""Model""}","0","{""id"":""analyst_revision_horizons"",""name"":""Multi Horizon Analyst Revision Signals""}","1","2026-07-01","1","Count of analysts who raised their EBITDA estimates for the next fiscal year (FY2) over the past 7 days; short-horizon signal","analyst_count_increasing_next_year2_ebitda_7d_short_3","2","DEU","{""id"":""model-reversion-models"",""name"":""Reversion Models""}","[]","MATRIX","TOP500","0"
"0","{""id"":""model"",""name"":""Model""}","0","{""id"":""analyst_revision_horizons"",""name"":""Multi Horizon Analyst Revision Signals""}","1","2026-07-01","1","Count of analysts who raised their revenue estimates for the next fiscal year (FY2) over the past 30 days; short-horizon tagged","analyst_count_increasing_next_year2_revenue_30d_short_3","2","DEU","{""id"":""model-reversion-models"",""name"":""Reversion Models""}","[]","MATRIX","TOP500","0"
"0","{""id"":""model"",""name"":""Model""}","0","{""id"":""analyst_revision_horizons"",""name"":""Multi Horizon Analyst Revision Signals""}","1","2026-07-01","1","Count of analysts who raised their estimate for next fiscal year (FY2) revenue over the past 7 days, short-horizon component","analyst_count_increasing_next_year2_revenue_7d_short_3","2","DEU","{""id"":""model-reversion-models"",""name"":""Reversion Models""}","[]","MATRIX","TOP500","0"
"0","{""id"":""model"",""name"":""Model""}","0","{""id"":""analyst_revision_horizons"",""name"":""Multi Horizon Analyst Revision Signals""}","1","2026-07-01","1","Count of analysts who revised downward their earnings estimates for the current fiscal year (FY1) over the past 14 days, oriented to the short horizon","analyst_count_lowering_current_year_earnings_14d_short_term_5","2","DEU","{""id"":""model-reversion-models"",""name"":""Reversion Models""}","[]","MATRIX","TOP500","0"
"0","{""id"":""model"",""name"":""Model""}","0","{""id"":""analyst_revision_horizons"",""name"":""Multi Horizon Analyst Revision Signals""}","1","2026-07-01","1","Count of analysts who lowered their earnings estimates for the current fiscal year (FY1) over the past 30 days; short-horizon signal","analyst_count_lowering_current_year_earnings_30d_short_term_5","2","DEU","{""id"":""model-reversion-models"",""name"":""Reversion Models""}","[]","MATRIX","TOP500","0"
"0","{""id"":""model"",""name"":""Model""}","0","{""id"":""analyst_revision_horizons"",""name"":""Multi Horizon Analyst Revision Signals""}","1","2026-07-01","1","Count of analysts who lowered their estimate for current fiscal year (FY1) EBITDA over the past 14 days, medium-horizon component","analyst_count_lowering_current_year_ebitda_14d_medium_4","2","DEU","{""id"":""model-reversion-models"",""name"":""Reversion Models""}","[]","MATRIX","TOP500","0"
"0","{""id"":""model"",""name"":""Model""}","0","{""id"":""analyst_revision_horizons"",""name"":""Multi Horizon Analyst Revision Signals""}","1","2026-07-01","1","Count of analysts lowering EBITDA estimates for the current fiscal year (FY1) over the past 14 days (short horizon)","analyst_count_lowering_current_year_ebitda_14d_short_term_5","2","DEU","{""id"":""model-reversion-models"",""name"":""Reversion Models""}","[]","MATRIX","TOP500","0"
"0","{""id"":""model"",""name"":""Model""}","0","{""id"":""analyst_revision_horizons"",""name"":""Multi Horizon Analyst Revision Signals""}","1","2026-07-01","1","Count of analysts who lowered their EBITDA estimates for the current fiscal year (FY1) over the past 30 days; long-horizon signal","analyst_count_lowering_current_year_ebitda_30d_long_term_5","2","DEU","{""id"":""model-reversion-models"",""name"":""Reversion Models""}","[]","MATRIX","TOP500","0"
"0","{""id"":""model"",""name"":""Model""}","0","{""id"":""analyst_revision_horizons"",""name"":""Multi Horizon Analyst Revision Signals""}","1","2026-07-01","1","Number of analysts who revised their EBITDA estimate for the current fiscal year (FY1) downward over the past 7 days; long-horizon component","analyst_count_lowering_current_year_ebitda_7d_long_term_5","2","DEU","{""id"":""model-reversion-models"",""name"":""Reversion Models""}","[]","MATRIX","TOP500","0"
"0","{""id"":""model"",""name"":""Model""}","0","{""id"":""analyst_revision_horizons"",""name"":""Multi Horizon Analyst Revision Signals""}","1","2026-07-01","1","Count of analysts who lowered their EBITDA estimates for the current fiscal year (FY1) over the past 7 days; medium-horizon signal","analyst_count_lowering_current_year_ebitda_7d_medium_term_5","2","DEU","{""id"":""model-reversion-models"",""name"":""Reversion Models""}","[]","MATRIX","TOP500","0"
"0","{""id"":""model"",""name"":""Model""}","0","{""id"":""analyst_revision_horizons"",""name"":""Multi Horizon Analyst Revision Signals""}","1","2026-07-01","1","Count of analysts revising downward EBITDA for the current fiscal year (FY1) over the past 7 days (short horizon)","analyst_count_lowering_current_year_ebitda_7d_short_term_5","2","DEU","{""id"":""model-reversion-models"",""name"":""Reversion Models""}","[]","MATRIX","TOP500","0"
"0","{""id"":""model"",""name"":""Model""}","0","{""id"":""analyst_revision_horizons"",""name"":""Multi Horizon Analyst Revision Signals""}","1","2026-07-01","1","Count of analysts who revised current fiscal year (FY1) earnings estimates downward over the past 14 days; medium-horizon signal","analyst_count_lowering_current_year_eps_14d_medium_4","2","DEU","{""id"":""model-reversion-models"",""name"":""Reversion Models""}","[]","MATRIX","TOP500","0"
"0","{""id"":""model"",""name"":""Model""}","0","{""id"":""analyst_revision_horizons"",""name"":""Multi Horizon Analyst Revision Signals""}","1","2026-07-01","1","Count of distinct analysts who lowered their estimates for current fiscal year earnings over the past 7 days, aligned to the long horizon","analyst_count_lowering_current_year_eps_7d_long_4","2","DEU","{""id"":""model-reversion-models"",""name"":""Reversion Models""}","[]","MATRIX","TOP500","0"
"0","{""id"":""model"",""name"":""Model""}","0","{""id"":""analyst_revision_horizons"",""name"":""Multi Horizon Analyst Revision Signals""}","1","2026-07-01","1","Number of analysts who revised their earnings estimate for the current fiscal year (FY1) downward over the past 7 days; medium-horizon component","analyst_count_lowering_current_year_eps_7d_medium_4","2","DEU","{""id"":""model-reversion-models"",""name"":""Reversion Models""}","[]","MATRIX","TOP500","0"
"0","{""id"":""model"",""name"":""Model""}","0","{""id"":""analyst_revision_horizons"",""name"":""Multi Horizon Analyst Revision Signals""}","1","2026-07-01","1","Count of analysts who revised down their earnings estimates for the current fiscal year (FY1) over the past 7 days; short-horizon signal","analyst_count_lowering_current_year_eps_7d_short_4","2","DEU","{""id"":""model-reversion-models"",""name"":""Reversion Models""}","[]","MATRIX","TOP500","0"
"0","{""id"":""model"",""name"":""Model""}","0","{""id"":""analyst_revision_horizons"",""name"":""Multi Horizon Analyst Revision Signals""}","1","2026-07-01","1","Count of analysts lowering revenue estimates for the current fiscal year (FY1) over the past 30 days (medium horizon)","analyst_count_lowering_current_year_revenue_30d_medium_4","2","DEU","{""id"":""model-reversion-models"",""name"":""Reversion Models""}","[]","MATRIX","TOP500","0"
"0","{""id"":""model"",""name"":""Model""}","0","{""id"":""analyst_revision_horizons"",""name"":""Multi Horizon Analyst Revision Signals""}","1","2026-07-01","1","Number of analysts who revised their revenue estimate for the current fiscal year (FY1) downward over the past 7 days; medium-horizon component","analyst_count_lowering_current_year_revenue_7d_medium_term_5","2","DEU","{""id"":""model-reversion-models"",""name"":""Reversion Models""}","[]","MATRIX","TOP500","0"
"0","{""id"":""model"",""name"":""Model""}","0","{""id"":""analyst_revision_horizons"",""name"":""Multi Horizon Analyst Revision Signals""}","1","2026-07-01","1","Count of analysts lowering revenue estimates for the current fiscal year (FY1) over the past 7 days (short horizon)","analyst_count_lowering_current_year_revenue_7d_short_4","2","DEU","{""id"":""model-reversion-models"",""name"":""Reversion Models""}","[]","MATRIX","TOP500","0"
"0","{""id"":""model"",""name"":""Model""}","0","{""id"":""analyst_revision_horizons"",""name"":""Multi Horizon Analyst Revision Signals""}","1","2026-07-01","1","Count of analysts lowering EBITDA estimates for the next fiscal quarter (FQ2) over the past 14 days (long horizon)","analyst_count_lowering_next_quarter_ebitda_14d_long_term","2","DEU","{""id"":""model-reversion-models"",""name"":""Reversion Models""}","[]","MATRIX","TOP500","0"
"0","{""id"":""model"",""name"":""Model""}","0","{""id"":""analyst_revision_horizons"",""name"":""Multi Horizon Analyst Revision Signals""}","1","2026-07-01","1","Count of analysts who revised the company’s next fiscal quarter (FQ2) EBITDA estimates downward within the past 14 days; short-horizon signal","analyst_count_lowering_next_quarter_ebitda_14d_short_4","2","DEU","{""id"":""model-reversion-models"",""name"":""Reversion Models""}","[]","MATRIX","TOP500","0"
"0","{""id"":""model"",""name"":""Model""}","0","{""id"":""analyst_revision_horizons"",""name"":""Multi Horizon Analyst Revision Signals""}","1","2026-07-01","1","Count of analysts who revised the company’s next fiscal quarter (FQ2) EBITDA estimates downward within the past 30 days; medium-horizon signal","analyst_count_lowering_next_quarter_ebitda_30d_medium_2","2","DEU","{""id"":""model-reversion-models"",""name"":""Reversion Models""}","[]","MATRIX","TOP500","0"
"0","{""id"":""model"",""name"":""Model""}","0","{""id"":""analyst_revision_horizons"",""name"":""Multi Horizon Analyst Revision Signals""}","1","2026-07-01","1","Count of analysts revising downward EBITDA estimates for the next fiscal quarter (FQ2) over the past 30 days; short-horizon signal","analyst_count_lowering_next_quarter_ebitda_30d_short_4","2","DEU","{""id"":""model-reversion-models"",""name"":""Reversion Models""}","[]","MATRIX","TOP500","0"
"0","{""id"":""model"",""name"":""Model""}","0","{""id"":""analyst_revision_horizons"",""name"":""Multi Horizon Analyst Revision Signals""}","1","2026-07-01","1","Count of distinct analysts who lowered their estimates for next fiscal quarter EBITDA over the past 7 days, aligned to the short horizon","analyst_count_lowering_next_quarter_ebitda_7d_short_4","2","DEU","{""id"":""model-reversion-models"",""name"":""Reversion Models""}","[]","MATRIX","TOP500","0"
"0","{""id"":""model"",""name"":""Model""}","0","{""id"":""analyst_revision_horizons"",""name"":""Multi Horizon Analyst Revision Signals""}","1","2026-07-01","1","Count of analysts who lowered their earnings estimates for the next fiscal quarter (FQ2) over the past 14 days; long-horizon signal","analyst_count_lowering_next_quarter_eps_14d_long_4","2","DEU","{""id"":""model-reversion-models"",""name"":""Reversion Models""}","[]","MATRIX","TOP500","0"
"0","{""id"":""model"",""name"":""Model""}","0","{""id"":""analyst_revision_horizons"",""name"":""Multi Horizon Analyst Revision Signals""}","1","2026-07-01","1","Count of analysts who lowered estimates for next fiscal quarter (FQ2) earnings over the past 14 days (short horizon)","analyst_count_lowering_next_quarter_eps_14d_short_4","2","DEU","{""id"":""model-reversion-models"",""name"":""Reversion Models""}","[]","MATRIX","TOP500","0"
"0","{""id"":""model"",""name"":""Model""}","0","{""id"":""analyst_revision_horizons"",""name"":""Multi Horizon Analyst Revision Signals""}","1","2026-07-01","1","Count of analysts lowering earnings estimates for the next fiscal quarter (FQ2) over the past 7 days (short horizon)","analyst_count_lowering_next_quarter_eps_7d_short_4","2","DEU","{""id"":""model-reversion-models"",""name"":""Reversion Models""}","[]","MATRIX","TOP500","0"
"0","{""id"":""model"",""name"":""Model""}","0","{""id"":""analyst_revision_horizons"",""name"":""Multi Horizon Analyst Revision Signals""}","1","2026-07-01","1","Count of analysts who lowered their estimate for next fiscal quarter (FQ2) revenue over the past 14 days, short-horizon component","analyst_count_lowering_next_quarter_revenue_14d_short_4","2","DEU","{""id"":""model-reversion-models"",""name"":""Reversion Models""}","[]","MATRIX","TOP500","0"
"0","{""id"":""model"",""name"":""Model""}","0","{""id"":""analyst_revision_horizons"",""name"":""Multi Horizon Analyst Revision Signals""}","1","2026-07-01","1","Count of analysts revising downward revenue estimates for the next fiscal quarter (FQ2) over the past 30 days; short-horizon signal","analyst_count_lowering_next_quarter_revenue_30d_short_4","2","DEU","{""id"":""model-reversion-models"",""name"":""Reversion Models""}","[]","MATRIX","TOP500","0"
"0","{""id"":""model"",""name"":""Model""}","0","{""id"":""analyst_revision_horizons"",""name"":""Multi Horizon Analyst Revision Signals""}","1","2026-07-01","1","Count of analysts lowering earnings estimates for the next fiscal quarter (FQ2) over the past 14 days (medium horizon)","analyst_count_lowering_quarter2_earnings_14d_medium_term_5","2","DEU","{""id"":""model-reversion-models"",""name"":""Reversion Models""}","[]","MATRIX","TOP500","0"
"0","{""id"":""model"",""name"":""Model""}","0","{""id"":""analyst_revision_horizons"",""name"":""Multi Horizon Analyst Revision Signals""}","1","2026-07-01","1","Count of analysts who revised the company’s next fiscal quarter (FQ2) earnings estimates downward within the past 30 days; long-horizon signal","analyst_count_lowering_quarter2_earnings_30d_long_term_5","2","DEU","{""id"":""model-reversion-models"",""name"":""Reversion Models""}","[]","MATRIX","TOP500","0"
"0","{""id"":""model"",""name"":""Model""}","0","{""id"":""analyst_revision_horizons"",""name"":""Multi Horizon Analyst Revision Signals""}","1","2026-07-01","1","Number of analysts who revised their earnings estimate for the next fiscal quarter (FQ2) downward over the past 30 days; medium-horizon component","analyst_count_lowering_quarter2_earnings_30d_medium_term_5","2","DEU","{""id"":""model-reversion-models"",""name"":""Reversion Models""}","[]","MATRIX","TOP500","0"
"0","{""id"":""model"",""name"":""Model""}","0","{""id"":""analyst_revision_horizons"",""name"":""Multi Horizon Analyst Revision Signals""}","1","2026-07-01","1","Count of analysts revising downward earnings for the next fiscal quarter (FQ2) over the past 7 days (medium horizon)","analyst_count_lowering_quarter2_earnings_7d_medium_term_5","2","DEU","{""id"":""model-reversion-models"",""name"":""Reversion Models""}","[]","MATRIX","TOP500","0"
"0","{""id"":""model"",""name"":""Model""}","0","{""id"":""analyst_revision_horizons"",""name"":""Multi Horizon Analyst Revision Signals""}","1","2026-07-01","1","Count of analysts who lowered their next fiscal quarter (FQ2) earnings estimate in the past 7 days; long-horizon component","analyst_count_lowering_quarter2_eps_7d_long_term","2","DEU","{""id"":""model-reversion-models"",""name"":""Reversion Models""}","[]","MATRIX","TOP500","0"
"0","{""id"":""model"",""name"":""Model""}","0","{""id"":""analyst_revision_horizons"",""name"":""Multi Horizon Analyst Revision Signals""}","1","2026-07-01","1","Count of analysts revising downward revenue estimates for the next fiscal quarter (FQ2) over the past 14 days; long-horizon signal","analyst_count_lowering_quarter2_revenue_14d_long_term_5","2","DEU","{""id"":""model-reversion-models"",""name"":""Reversion Models""}","[]","MATRIX","TOP500","0"
"0","{""id"":""model"",""name"":""Model""}","0","{""id"":""analyst_revision_horizons"",""name"":""Multi Horizon Analyst Revision Signals""}","1","2026-07-01","1","Count of analysts lowering revenue estimates for the next fiscal quarter (FQ2) over the past 30 days (long horizon)","analyst_count_lowering_quarter2_revenue_30d_long_term_5","2","DEU","{""id"":""model-reversion-models"",""name"":""Reversion Models""}","[]","MATRIX","TOP500","0"
"0","{""id"":""model"",""name"":""Model""}","0","{""id"":""analyst_revision_horizons"",""name"":""Multi Horizon Analyst Revision Signals""}","1","2026-07-01","1","Count of analysts revising downward revenue estimates for the next fiscal quarter (FQ2) over the past 30 days; medium-horizon signal","analyst_count_lowering_quarter2_revenue_30d_medium_term_5","2","DEU","{""id"":""model-reversion-models"",""name"":""Reversion Models""}","[]","MATRIX","TOP500","0"
"0","{""id"":""model"",""name"":""Model""}","0","{""id"":""analyst_revision_horizons"",""name"":""Multi Horizon Analyst Revision Signals""}","1","2026-07-01","1","Count of analysts who revised the company’s next fiscal quarter (FQ2) revenue estimates downward within the past 7 days; long-horizon signal","analyst_count_lowering_quarter2_revenue_7d_long_term_5","2","DEU","{""id"":""model-reversion-models"",""name"":""Reversion Models""}","[]","MATRIX","TOP500","0"
"0","{""id"":""model"",""name"":""Model""}","0","{""id"":""analyst_revision_horizons"",""name"":""Multi Horizon Analyst Revision Signals""}","1","2026-07-01","1","Count of analysts who lowered their revenue estimates for the next fiscal quarter (FQ2) over the past 7 days; medium-horizon signal","analyst_count_lowering_quarter2_revenue_7d_medium_term_5","2","DEU","{""id"":""model-reversion-models"",""name"":""Reversion Models""}","[]","MATRIX","TOP500","0"
"0","{""id"":""model"",""name"":""Model""}","0","{""id"":""analyst_revision_horizons"",""name"":""Multi Horizon Analyst Revision Signals""}","1","2026-07-01","1","Count of analysts who lowered their current fiscal quarter (FQ1) earnings estimate in the past 7 days; medium-horizon component","analyst_count_lowering_quarterly_earnings_7d_medium_term_5","2","DEU","{""id"":""model-reversion-models"",""name"":""Reversion Models""}","[]","MATRIX","TOP500","0"
"0","{""id"":""model"",""name"":""Model""}","0","{""id"":""analyst_revision_horizons"",""name"":""Multi Horizon Analyst Revision Signals""}","1","2026-07-01","1","Count of analysts lowering EBITDA estimates for the current fiscal quarter (FQ1) over the past 14 days (medium horizon)","analyst_count_lowering_quarterly_ebitda_14d_medium_4","2","DEU","{""id"":""model-reversion-models"",""name"":""Reversion Models""}","[]","MATRIX","TOP500","0"
"0","{""id"":""model"",""name"":""Model""}","0","{""id"":""analyst_revision_horizons"",""name"":""Multi Horizon Analyst Revision Signals""}","1","2026-07-01","1","Count of analysts who revised downward their EBITDA estimates for the current fiscal quarter (FQ1) over the past 14 days, oriented to the short horizon","analyst_count_lowering_quarterly_ebitda_14d_short_4","2","DEU","{""id"":""model-reversion-models"",""name"":""Reversion Models""}","[]","MATRIX","TOP500","0"
"0","{""id"":""model"",""name"":""Model""}","0","{""id"":""analyst_revision_horizons"",""name"":""Multi Horizon Analyst Revision Signals""}","1","2026-07-01","1","Number of analysts who revised their EBITDA estimate for the current fiscal quarter (FQ1) downward over the past 30 days; medium-horizon component","analyst_count_lowering_quarterly_ebitda_30d_medium_term_5","2","DEU","{""id"":""model-reversion-models"",""name"":""Reversion Models""}","[]","MATRIX","TOP500","0"
"0","{""id"":""model"",""name"":""Model""}","0","{""id"":""analyst_revision_horizons"",""name"":""Multi Horizon Analyst Revision Signals""}","1","2026-07-01","1","Count of distinct analysts who lowered their estimates for current fiscal quarter EBITDA over the past 7 days, aligned to the long horizon","analyst_count_lowering_quarterly_ebitda_7d_long_4","2","DEU","{""id"":""model-reversion-models"",""name"":""Reversion Models""}","[]","MATRIX","TOP500","0"
"0","{""id"":""model"",""name"":""Model""}","0","{""id"":""analyst_revision_horizons"",""name"":""Multi Horizon Analyst Revision Signals""}","1","2026-07-01","1","Count of analysts who lowered their current fiscal quarter (FQ1) EBITDA estimate in the past 7 days; medium-horizon component","analyst_count_lowering_quarterly_ebitda_7d_medium_4","2","DEU","{""id"":""model-reversion-models"",""name"":""Reversion Models""}","[]","MATRIX","TOP500","0"
"0","{""id"":""model"",""name"":""Model""}","0","{""id"":""analyst_revision_horizons"",""name"":""Multi Horizon Analyst Revision Signals""}","1","2026-07-01","1","Count of analysts who revised down their EBITDA estimates for the current fiscal quarter (FQ1) over the past 7 days; short-horizon signal","analyst_count_lowering_quarterly_ebitda_7d_short_4","2","DEU","{""id"":""model-reversion-models"",""name"":""Reversion Models""}","[]","MATRIX","TOP500","0"
"0","{""id"":""model"",""name"":""Model""}","0","{""id"":""analyst_revision_horizons"",""name"":""Multi Horizon Analyst Revision Signals""}","1","2026-07-01","1","Count of analysts lowering earnings estimates for the current fiscal quarter (FQ1) over the past 14 days (medium horizon)","analyst_count_lowering_quarterly_eps_14d_medium_4","2","DEU","{""id"":""model-reversion-models"",""name"":""Reversion Models""}","[]","MATRIX","TOP500","0"
"0","{""id"":""model"",""name"":""Model""}","0","{""id"":""analyst_revision_horizons"",""name"":""Multi Horizon Analyst Revision Signals""}","1","2026-07-01","1","Count of distinct analysts who lowered their estimates for current fiscal quarter earnings over the past 30 days, aligned to the medium horizon","analyst_count_lowering_quarterly_eps_30d_medium_4","2","DEU","{""id"":""model-reversion-models"",""name"":""Reversion Models""}","[]","MATRIX","TOP500","0"
"0","{""id"":""model"",""name"":""Model""}","0","{""id"":""analyst_revision_horizons"",""name"":""Multi Horizon Analyst Revision Signals""}","1","2026-07-01","1","Count of analysts who lowered their earnings estimates for the current fiscal quarter (FQ1) over the past 30 days; short-horizon signal","analyst_count_lowering_quarterly_eps_30d_short_4","2","DEU","{""id"":""model-reversion-models"",""name"":""Reversion Models""}","[]","MATRIX","TOP500","0"
"0","{""id"":""model"",""name"":""Model""}","0","{""id"":""analyst_revision_horizons"",""name"":""Multi Horizon Analyst Revision Signals""}","1","2026-07-01","1","Count of analysts who revised downward their earnings estimates for the current fiscal quarter (FQ1) over the past 7 days, oriented to the short horizon","analyst_count_lowering_quarterly_eps_7d_short_4","2","DEU","{""id"":""model-reversion-models"",""name"":""Reversion Models""}","[]","MATRIX","TOP500","0"
"0","{""id"":""model"",""name"":""Model""}","0","{""id"":""analyst_revision_horizons"",""name"":""Multi Horizon Analyst Revision Signals""}","1","2026-07-01","1","Count of analysts who revised down their revenue estimates for the current fiscal quarter (FQ1) over the past 14 days; long-horizon signal","analyst_count_lowering_quarterly_revenue_14d_long_4","2","DEU","{""id"":""model-reversion-models"",""name"":""Reversion Models""}","[]","MATRIX","TOP500","0"
"0","{""id"":""model"",""name"":""Model""}","0","{""id"":""analyst_revision_horizons"",""name"":""Multi Horizon Analyst Revision Signals""}","1","2026-07-01","1","Count of analysts revising downward revenue for the current fiscal quarter (FQ1) over the past 14 days (short horizon)","analyst_count_lowering_quarterly_revenue_14d_short_4","2","DEU","{""id"":""model-reversion-models"",""name"":""Reversion Models""}","[]","MATRIX","TOP500","0"
"0","{""id"":""model"",""name"":""Model""}","0","{""id"":""analyst_revision_horizons"",""name"":""Multi Horizon Analyst Revision Signals""}","1","2026-07-01","1","Count of distinct analysts who lowered their estimates for current fiscal quarter revenue over the past 30 days, aligned to the long horizon","analyst_count_lowering_quarterly_revenue_30d_long_term_5","2","DEU","{""id"":""model-reversion-models"",""name"":""Reversion Models""}","[]","MATRIX","TOP500","0"
"0","{""id"":""model"",""name"":""Model""}","0","{""id"":""analyst_revision_horizons"",""name"":""Multi Horizon Analyst Revision Signals""}","1","2026-07-01","1","Number of analysts who revised downward their revenue estimates for the current fiscal quarter (FQ1) over the past 30 days (medium-horizon)","analyst_count_lowering_quarterly_revenue_30d_medium_4","2","DEU","{""id"":""model-reversion-models"",""name"":""Reversion Models""}","[]","MATRIX","TOP500","0"
"0","{""id"":""model"",""name"":""Model""}","0","{""id"":""analyst_revision_horizons"",""name"":""Multi Horizon Analyst Revision Signals""}","1","2026-07-01","1","Count of analysts who revised current fiscal quarter (FQ1) revenue estimates downward over the past 7 days; long-horizon signal","analyst_count_lowering_quarterly_revenue_7d_long_4","2","DEU","{""id"":""model-reversion-models"",""name"":""Reversion Models""}","[]","MATRIX","TOP500","0"
"0","{""id"":""model"",""name"":""Model""}","0","{""id"":""analyst_revision_horizons"",""name"":""Multi Horizon Analyst Revision Signals""}","1","2026-07-01","1","Count of analysts who lowered their revenue estimates for the current fiscal quarter (FQ1) over the past 7 days; medium-horizon tagged","analyst_count_lowering_quarterly_revenue_7d_medium_term_5","2","DEU","{""id"":""model-reversion-models"",""name"":""Reversion Models""}","[]","MATRIX","TOP500","0"
"0","{""id"":""model"",""name"":""Model""}","0","{""id"":""analyst_revision_horizons"",""name"":""Multi Horizon Analyst Revision Signals""}","1","2026-07-01","1","Count of analysts revising downward revenue for the current fiscal quarter (FQ1) over the past 7 days (short horizon)","analyst_count_lowering_quarterly_revenue_7d_short_4","2","DEU","{""id"":""model-reversion-models"",""name"":""Reversion Models""}","[]","MATRIX","TOP500","0"
"0","{""id"":""model"",""name"":""Model""}","0","{""id"":""analyst_revision_horizons"",""name"":""Multi Horizon Analyst Revision Signals""}","1","2026-07-01","1","Number of analysts included in the mean estimate for current quarter earnings per share from 7 days prior, long-term horizon.","analyst_count_prior_quarterly_eps_7d_long","2","DEU","{""id"":""model-reversion-models"",""name"":""Reversion Models""}","[]","MATRIX","TOP500","0"
"0","{""id"":""model"",""name"":""Model""}","0","{""id"":""analyst_revision_horizons"",""name"":""Multi Horizon Analyst Revision Signals""}","1","2026-07-01","1","Number of analysts included in the mean estimate for current quarter earnings per share from 7 days prior, medium-term horizon.","analyst_count_prior_quarterly_eps_7d_medium","2","DEU","{""id"":""model-reversion-models"",""name"":""Reversion Models""}","[]","MATRIX","TOP500","0"
"0","{""id"":""model"",""name"":""Model""}","0","{""id"":""analyst_revision_horizons"",""name"":""Multi Horizon Analyst Revision Signals""}","1","2026-07-01","1","Number of analysts included in the mean estimate for current quarter earnings per share from 7 days prior, short-term horizon.","analyst_count_prior_quarterly_eps_7d_short","2","DEU","{""id"":""model-reversion-models"",""name"":""Reversion Models""}","[]","MATRIX","TOP500","0"
"0","{""id"":""model"",""name"":""Model""}","0","{""id"":""analyst_revision_horizons"",""name"":""Multi Horizon Analyst Revision Signals""}","1","2026-07-01","1","Count of analysts who revised upward their earnings estimates for the current fiscal year (FY1) over the past 30 days, oriented to the short horizon","analyst_count_raising_current_year_earnings_30d_short_term_5","2","DEU","{""id"":""model-reversion-models"",""name"":""Reversion Models""}","[]","MATRIX","TOP500","0"
"0","{""id"":""model"",""name"":""Model""}","0","{""id"":""analyst_revision_horizons"",""name"":""Multi Horizon Analyst Revision Signals""}","1","2026-07-01","1","Count of analysts revising upward EBITDA for the current fiscal year (FY1) over the past 14 days (short horizon)","analyst_count_raising_current_year_ebitda_14d_short_4","2","DEU","{""id"":""model-reversion-models"",""name"":""Reversion Models""}","[]","MATRIX","TOP500","0"
"0","{""id"":""model"",""name"":""Model""}","0","{""id"":""analyst_revision_horizons"",""name"":""Multi Horizon Analyst Revision Signals""}","1","2026-07-01","1","Count of analysts who revised upward their EBITDA estimates for the current fiscal year (FY1) over the past 30 days, oriented to the short horizon","analyst_count_raising_current_year_ebitda_30d_short_4","2","DEU","{""id"":""model-reversion-models"",""name"":""Reversion Models""}","[]","MATRIX","TOP500","0"
"0","{""id"":""model"",""name"":""Model""}","0","{""id"":""analyst_revision_horizons"",""name"":""Multi Horizon Analyst Revision Signals""}","1","2026-07-01","1","Count of distinct analysts who raised their estimates for current fiscal year EBITDA over the past 7 days, aligned to the long horizon","analyst_count_raising_current_year_ebitda_7d_long_4","2","DEU","{""id"":""model-reversion-models"",""name"":""Reversion Models""}","[]","MATRIX","TOP500","0"
"0","{""id"":""model"",""name"":""Model""}","0","{""id"":""analyst_revision_horizons"",""name"":""Multi Horizon Analyst Revision Signals""}","1","2026-07-01","1","Count of analysts who raised their current fiscal year (FY1) EBITDA estimate in the past 7 days; medium-horizon component","analyst_count_raising_current_year_ebitda_7d_medium_term_5","2","DEU","{""id"":""model-reversion-models"",""name"":""Reversion Models""}","[]","MATRIX","TOP500","0"
"0","{""id"":""model"",""name"":""Model""}","0","{""id"":""analyst_revision_horizons"",""name"":""Multi Horizon Analyst Revision Signals""}","1","2026-07-01","1","Count of analysts who raised their EBITDA estimates for the current fiscal year (FY1) over the past 7 days; short-horizon signal","analyst_count_raising_current_year_ebitda_7d_short_4","2","DEU","{""id"":""model-reversion-models"",""name"":""Reversion Models""}","[]","MATRIX","TOP500","0"
"0","{""id"":""model"",""name"":""Model""}","0","{""id"":""analyst_revision_horizons"",""name"":""Multi Horizon Analyst Revision Signals""}","1","2026-07-01","1","Count of analysts who revised up their earnings estimates for the current fiscal year (FY1) over the past 14 days; long-horizon signal","analyst_count_raising_current_year_eps_14d_long_4","2","DEU","{""id"":""model-reversion-models"",""name"":""Reversion Models""}","[]","MATRIX","TOP500","0"
"0","{""id"":""model"",""name"":""Model""}","0","{""id"":""analyst_revision_horizons"",""name"":""Multi Horizon Analyst Revision Signals""}","1","2026-07-01","1","Count of analysts who raised their earnings estimates for the current fiscal year (FY1) over the past 14 days; short-horizon signal","analyst_count_raising_current_year_eps_14d_short_4","2","DEU","{""id"":""model-reversion-models"",""name"":""Reversion Models""}","[]","MATRIX","TOP500","0"
"0","{""id"":""model"",""name"":""Model""}","0","{""id"":""analyst_revision_horizons"",""name"":""Multi Horizon Analyst Revision Signals""}","1","2026-07-01","1","Count of analysts who raised their current fiscal year (FY1) earnings estimate in the past 7 days; long-horizon component","analyst_count_raising_current_year_eps_7d_long_4","2","DEU","{""id"":""model-reversion-models"",""name"":""Reversion Models""}","[]","MATRIX","TOP500","0"
"0","{""id"":""model"",""name"":""Model""}","0","{""id"":""analyst_revision_horizons"",""name"":""Multi Horizon Analyst Revision Signals""}","1","2026-07-01","1","Number of analysts who revised their earnings estimate for the current fiscal year (FY1) upward over the past 7 days; medium-horizon component","analyst_count_raising_current_year_eps_7d_medium_4","2","DEU","{""id"":""model-reversion-models"",""name"":""Reversion Models""}","[]","MATRIX","TOP500","0"
"0","{""id"":""model"",""name"":""Model""}","0","{""id"":""analyst_revision_horizons"",""name"":""Multi Horizon Analyst Revision Signals""}","1","2026-07-01","1","Count of analysts who revised up their revenue estimates for the current fiscal year (FY1) over the past 14 days; long-horizon signal","analyst_count_raising_current_year_revenue_14d_long_term","2","DEU","{""id"":""model-reversion-models"",""name"":""Reversion Models""}","[]","MATRIX","TOP500","0"
"0","{""id"":""model"",""name"":""Model""}","0","{""id"":""analyst_revision_horizons"",""name"":""Multi Horizon Analyst Revision Signals""}","1","2026-07-01","1","Number of analysts who revised their revenue estimate for the current fiscal year (FY1) upward over the past 14 days; medium-horizon component","analyst_count_raising_current_year_revenue_14d_medium_4","2","DEU","{""id"":""model-reversion-models"",""name"":""Reversion Models""}","[]","MATRIX","TOP500","0"
"0","{""id"":""model"",""name"":""Model""}","0","{""id"":""analyst_revision_horizons"",""name"":""Multi Horizon Analyst Revision Signals""}","1","2026-07-01","1","Count of analysts who raised their estimate for current fiscal year (FY1) revenue over the past 30 days, long-horizon component","analyst_count_raising_current_year_revenue_30d_long_term_5","2","DEU","{""id"":""model-reversion-models"",""name"":""Reversion Models""}","[]","MATRIX","TOP500","0"
"0","{""id"":""model"",""name"":""Model""}","0","{""id"":""analyst_revision_horizons"",""name"":""Multi Horizon Analyst Revision Signals""}","1","2026-07-01","1","Count of analysts who raised their estimates for current fiscal year (FY1) revenue over the past 30 days; medium-horizon variant","analyst_count_raising_current_year_revenue_30d_medium_4","2","DEU","{""id"":""model-reversion-models"",""name"":""Reversion Models""}","[]","MATRIX","TOP500","0"
"0","{""id"":""model"",""name"":""Model""}","0","{""id"":""analyst_revision_horizons"",""name"":""Multi Horizon Analyst Revision Signals""}","1","2026-07-01","1","Count of analysts who raised their estimate for current fiscal year (FY1) revenue over the past 30 days, short-horizon component","analyst_count_raising_current_year_revenue_30d_short_4","2","DEU","{""id"":""model-reversion-models"",""name"":""Reversion Models""}","[]","MATRIX","TOP500","0"
"0","{""id"":""model"",""name"":""Model""}","0","{""id"":""analyst_revision_horizons"",""name"":""Multi Horizon Analyst Revision Signals""}","1","2026-07-01","1","Count of analysts raising revenue estimates for the current fiscal year (FY1) over the past 7 days (short horizon)","analyst_count_raising_current_year_revenue_7d_short_4","2","DEU","{""id"":""model-reversion-models"",""name"":""Reversion Models""}","[]","MATRIX","TOP500","0"
"0","{""id"":""model"",""name"":""Model""}","0","{""id"":""analyst_revision_horizons"",""name"":""Multi Horizon Analyst Revision Signals""}","1","2026-07-01","1","Number of analysts who revised their EBITDA estimate for the next fiscal quarter (FQ2) upward over the past 14 days; long-horizon component","analyst_count_raising_next_quarter_ebitda_14d_long_term_2","2","DEU","{""id"":""model-reversion-models"",""name"":""Reversion Models""}","[]","MATRIX","TOP500","0"
"0","{""id"":""model"",""name"":""Model""}","0","{""id"":""analyst_revision_horizons"",""name"":""Multi Horizon Analyst Revision Signals""}","1","2026-07-01","1","Number of analysts who revised their EBITDA estimate for the next fiscal quarter (FQ2) upward over the past 14 days; short-horizon component","analyst_count_raising_next_quarter_ebitda_14d_short_4","2","DEU","{""id"":""model-reversion-models"",""name"":""Reversion Models""}","[]","MATRIX","TOP500","0"
"0","{""id"":""model"",""name"":""Model""}","0","{""id"":""analyst_revision_horizons"",""name"":""Multi Horizon Analyst Revision Signals""}","1","2026-07-01","1","Count of analysts who revised up their EBITDA estimates for the next fiscal quarter (FQ2) over the past 30 days; long-horizon signal","analyst_count_raising_next_quarter_ebitda_30d_long_term_2","2","DEU","{""id"":""model-reversion-models"",""name"":""Reversion Models""}","[]","MATRIX","TOP500","0"
"0","{""id"":""model"",""name"":""Model""}","0","{""id"":""analyst_revision_horizons"",""name"":""Multi Horizon Analyst Revision Signals""}","1","2026-07-01","1","Number of analysts who revised their EBITDA estimate for the next fiscal quarter (FQ2) upward over the past 30 days; short-horizon component","analyst_count_raising_next_quarter_ebitda_30d_short_4","2","DEU","{""id"":""model-reversion-models"",""name"":""Reversion Models""}","[]","MATRIX","TOP500","0"
"0","{""id"":""model"",""name"":""Model""}","0","{""id"":""analyst_revision_horizons"",""name"":""Multi Horizon Analyst Revision Signals""}","1","2026-07-01","1","Number of analysts who revised their EBITDA estimate for the next fiscal quarter (FQ2) upward over the past 7 days; long-horizon component","analyst_count_raising_next_quarter_ebitda_7d_long_4","2","DEU","{""id"":""model-reversion-models"",""name"":""Reversion Models""}","[]","MATRIX","TOP500","0"
"0","{""id"":""model"",""name"":""Model""}","0","{""id"":""analyst_revision_horizons"",""name"":""Multi Horizon Analyst Revision Signals""}","1","2026-07-01","1","Count of analysts revising upward earnings estimates for the next fiscal quarter (FQ2) over the past 14 days; short-horizon signal","analyst_count_raising_next_quarter_eps_14d_short_4","2","DEU","{""id"":""model-reversion-models"",""name"":""Reversion Models""}","[]","MATRIX","TOP500","0"
"0","{""id"":""model"",""name"":""Model""}","0","{""id"":""analyst_revision_horizons"",""name"":""Multi Horizon Analyst Revision Signals""}","1","2026-07-01","1","Count of analysts raising earnings estimates for the next fiscal quarter (FQ2) over the past 7 days (medium horizon)","analyst_count_raising_next_quarter_eps_7d_medium_4","2","DEU","{""id"":""model-reversion-models"",""name"":""Reversion Models""}","[]","MATRIX","TOP500","0"
"0","{""id"":""model"",""name"":""Model""}","0","{""id"":""analyst_revision_horizons"",""name"":""Multi Horizon Analyst Revision Signals""}","1","2026-07-01","1","Count of analysts who raised their estimate for next fiscal quarter (FQ2) earnings over the past 7 days, short-horizon component","analyst_count_raising_next_quarter_eps_7d_short_4","2","DEU","{""id"":""model-reversion-models"",""name"":""Reversion Models""}","[]","MATRIX","TOP500","0"
"0","{""id"":""model"",""name"":""Model""}","0","{""id"":""analyst_revision_horizons"",""name"":""Multi Horizon Analyst Revision Signals""}","1","2026-07-01","1","Count of analysts who raised their revenue estimates for the next fiscal quarter (FQ2) over the past 14 days; long-horizon decomposed component","analyst_count_raising_next_quarter_revenue_14d_long_term_2","2","DEU","{""id"":""model-reversion-models"",""name"":""Reversion Models""}","[]","MATRIX","TOP500","0"
"0","{""id"":""model"",""name"":""Model""}","0","{""id"":""analyst_revision_horizons"",""name"":""Multi Horizon Analyst Revision Signals""}","1","2026-07-01","1","Number of analysts who revised upward their revenue estimates for the next fiscal quarter (FQ2) over the past 14 days (short-horizon)","analyst_count_raising_next_quarter_revenue_14d_short_4","2","DEU","{""id"":""model-reversion-models"",""name"":""Reversion Models""}","[]","MATRIX","TOP500","0"
"0","{""id"":""model"",""name"":""Model""}","0","{""id"":""analyst_revision_horizons"",""name"":""Multi Horizon Analyst Revision Signals""}","1","2026-07-01","1","Count of analysts who raised estimates for next fiscal quarter (FQ2) revenue over the past 30 days (long horizon)","analyst_count_raising_next_quarter_revenue_30d_long_term_2","2","DEU","{""id"":""model-reversion-models"",""name"":""Reversion Models""}","[]","MATRIX","TOP500","0"
"0","{""id"":""model"",""name"":""Model""}","0","{""id"":""analyst_revision_horizons"",""name"":""Multi Horizon Analyst Revision Signals""}","1","2026-07-01","1","Number of analysts who revised their revenue estimate for the next fiscal quarter (FQ2) upward over the past 30 days; short-horizon component","analyst_count_raising_next_quarter_revenue_30d_short_4","2","DEU","{""id"":""model-reversion-models"",""name"":""Reversion Models""}","[]","MATRIX","TOP500","0"
"0","{""id"":""model"",""name"":""Model""}","0","{""id"":""analyst_revision_horizons"",""name"":""Multi Horizon Analyst Revision Signals""}","1","2026-07-01","1","Count of distinct analysts who raised their estimates for next fiscal quarter revenue over the past 7 days, aligned to the long horizon","analyst_count_raising_next_quarter_revenue_7d_long_term_2","2","DEU","{""id"":""model-reversion-models"",""name"":""Reversion Models""}","[]","MATRIX","TOP500","0"
"0","{""id"":""model"",""name"":""Model""}","0","{""id"":""analyst_revision_horizons"",""name"":""Multi Horizon Analyst Revision Signals""}","1","2026-07-01","1","Count of analysts who raised their earnings estimates for the next fiscal year (FY2) over the past 30 days; short-horizon signal","analyst_count_raising_next_year2_earnings_30d_short_term_5","2","DEU","{""id"":""model-reversion-models"",""name"":""Reversion Models""}","[]","MATRIX","TOP500","0"
"0","{""id"":""model"",""name"":""Model""}","0","{""id"":""analyst_revision_horizons"",""name"":""Multi Horizon Analyst Revision Signals""}","1","2026-07-01","1","Count of analysts who revised upward their earnings estimates for the next fiscal year (FY2) over the past 7 days, oriented to the short horizon","analyst_count_raising_next_year2_earnings_7d_short_term_5","2","DEU","{""id"":""model-reversion-models"",""name"":""Reversion Models""}","[]","MATRIX","TOP500","0"
"0","{""id"":""model"",""name"":""Model""}","0","{""id"":""analyst_revision_horizons"",""name"":""Multi Horizon Analyst Revision Signals""}","1","2026-07-01","1","Number of analysts who revised their EBITDA estimate for the next fiscal year (FY2) upward over the past 14 days; short-horizon component","analyst_count_raising_next_year2_ebitda_14d_short_term_5","2","DEU","{""id"":""model-reversion-models"",""name"":""Reversion Models""}","[]","MATRIX","TOP500","0"
"0","{""id"":""model"",""name"":""Model""}","0","{""id"":""analyst_revision_horizons"",""name"":""Multi Horizon Analyst Revision Signals""}","1","2026-07-01","1","Count of analysts who raised their estimate for next fiscal year (FY2) EBITDA over the past 30 days, long-horizon component","analyst_count_raising_next_year2_ebitda_30d_long_term_5","2","DEU","{""id"":""model-reversion-models"",""name"":""Reversion Models""}","[]","MATRIX","TOP500","0"
"0","{""id"":""model"",""name"":""Model""}","0","{""id"":""analyst_revision_horizons"",""name"":""Multi Horizon Analyst Revision Signals""}","1","2026-07-01","1","Count of analysts who raised their estimate for next fiscal year (FY2) EBITDA over the past 30 days, medium-horizon component","analyst_count_raising_next_year2_ebitda_30d_medium_4","2","DEU","{""id"":""model-reversion-models"",""name"":""Reversion Models""}","[]","MATRIX","TOP500","0"
"0","{""id"":""model"",""name"":""Model""}","0","{""id"":""analyst_revision_horizons"",""name"":""Multi Horizon Analyst Revision Signals""}","1","2026-07-01","1","Count of analysts raising EBITDA estimates for the next fiscal year (FY2) over the past 30 days (short horizon)","analyst_count_raising_next_year2_ebitda_30d_short_4","2","DEU","{""id"":""model-reversion-models"",""name"":""Reversion Models""}","[]","MATRIX","TOP500","0"
"0","{""id"":""model"",""name"":""Model""}","0","{""id"":""analyst_revision_horizons"",""name"":""Multi Horizon Analyst Revision Signals""}","1","2026-07-01","1","Count of analysts who raised their EBITDA estimates for the next fiscal year (FY2) over the past 7 days; medium-horizon decomposed component","analyst_count_raising_next_year2_ebitda_7d_medium_4","2","DEU","{""id"":""model-reversion-models"",""name"":""Reversion Models""}","[]","MATRIX","TOP500","0"
"0","{""id"":""model"",""name"":""Model""}","0","{""id"":""analyst_revision_horizons"",""name"":""Multi Horizon Analyst Revision Signals""}","1","2026-07-01","1","Count of analysts who raised their next fiscal year (FY2) earnings estimate in the past 14 days; long-horizon component","analyst_count_raising_next_year2_eps_14d_long_4","2","DEU","{""id"":""model-reversion-models"",""name"":""Reversion Models""}","[]","MATRIX","TOP500","0"
"0","{""id"":""model"",""name"":""Model""}","0","{""id"":""analyst_revision_horizons"",""name"":""Multi Horizon Analyst Revision Signals""}","1","2026-07-01","1","Count of analysts raising earnings estimates for the next fiscal year (FY2) over the past 14 days (medium horizon)","analyst_count_raising_next_year2_eps_14d_medium_4","2","DEU","{""id"":""model-reversion-models"",""name"":""Reversion Models""}","[]","MATRIX","TOP500","0"
"0","{""id"":""model"",""name"":""Model""}","0","{""id"":""analyst_revision_horizons"",""name"":""Multi Horizon Analyst Revision Signals""}","1","2026-07-01","1","Count of analysts who revised up their earnings estimates for the next fiscal year (FY2) over the past 30 days; long-horizon signal","analyst_count_raising_next_year2_eps_30d_long_term_2","2","DEU","{""id"":""model-reversion-models"",""name"":""Reversion Models""}","[]","MATRIX","TOP500","0"
"0","{""id"":""model"",""name"":""Model""}","0","{""id"":""analyst_revision_horizons"",""name"":""Multi Horizon Analyst Revision Signals""}","1","2026-07-01","1","Count of analysts revising upward earnings estimates for the next fiscal year (FY2) over the past 30 days; medium-horizon signal","analyst_count_raising_next_year2_eps_30d_medium_4","2","DEU","{""id"":""model-reversion-models"",""name"":""Reversion Models""}","[]","MATRIX","TOP500","0"
"0","{""id"":""model"",""name"":""Model""}","0","{""id"":""analyst_revision_horizons"",""name"":""Multi Horizon Analyst Revision Signals""}","1","2026-07-01","1","Count of analysts who revised the company’s next fiscal year (FY2) earnings estimates upward within the past 7 days; medium-horizon signal","analyst_count_raising_next_year2_eps_7d_medium_4","2","DEU","{""id"":""model-reversion-models"",""name"":""Reversion Models""}","[]","MATRIX","TOP500","0"
"0","{""id"":""model"",""name"":""Model""}","0","{""id"":""analyst_revision_horizons"",""name"":""Multi Horizon Analyst Revision Signals""}","1","2026-07-01","1","Count of analysts revising upward revenue for the next fiscal year (FY2) over the past 14 days (long horizon)","analyst_count_raising_next_year2_revenue_14d_long_term_2","2","DEU","{""id"":""model-reversion-models"",""name"":""Reversion Models""}","[]","MATRIX","TOP500","0"
"0","{""id"":""model"",""name"":""Model""}","0","{""id"":""analyst_revision_horizons"",""name"":""Multi Horizon Analyst Revision Signals""}","1","2026-07-01","1","Count of analysts who revised up their revenue estimates for the next fiscal year (FY2) over the past 14 days; medium-horizon signal","analyst_count_raising_next_year2_revenue_14d_medium_4","2","DEU","{""id"":""model-reversion-models"",""name"":""Reversion Models""}","[]","MATRIX","TOP500","0"
"0","{""id"":""model"",""name"":""Model""}","0","{""id"":""analyst_revision_horizons"",""name"":""Multi Horizon Analyst Revision Signals""}","1","2026-07-01","1","Count of analysts who raised their revenue estimates for the next fiscal year (FY2) over the past 14 days; short-horizon tagged","analyst_count_raising_next_year2_revenue_14d_short_term_2","2","DEU","{""id"":""model-reversion-models"",""name"":""Reversion Models""}","[]","MATRIX","TOP500","0"
"0","{""id"":""model"",""name"":""Model""}","0","{""id"":""analyst_revision_horizons"",""name"":""Multi Horizon Analyst Revision Signals""}","1","2026-07-01","1","Number of analysts who revised their revenue estimate for the next fiscal year (FY2) upward over the past 30 days; long-horizon component","analyst_count_raising_next_year2_revenue_30d_long_term_5","2","DEU","{""id"":""model-reversion-models"",""name"":""Reversion Models""}","[]","MATRIX","TOP500","0"
"0","{""id"":""model"",""name"":""Model""}","0","{""id"":""analyst_revision_horizons"",""name"":""Multi Horizon Analyst Revision Signals""}","1","2026-07-01","1","Count of distinct analysts who raised their estimates for next fiscal year revenue over the past 30 days, aligned to the medium horizon","analyst_count_raising_next_year2_revenue_30d_medium_term_5","2","DEU","{""id"":""model-reversion-models"",""name"":""Reversion Models""}","[]","MATRIX","TOP500","0"
"0","{""id"":""model"",""name"":""Model""}","0","{""id"":""analyst_revision_horizons"",""name"":""Multi Horizon Analyst Revision Signals""}","1","2026-07-01","1","Count of analysts who raised their revenue estimates for the next fiscal year (FY2) over the past 7 days; long-horizon signal","analyst_count_raising_next_year2_revenue_7d_long_term_5","2","DEU","{""id"":""model-reversion-models"",""name"":""Reversion Models""}","[]","MATRIX","TOP500","0"
"0","{""id"":""model"",""name"":""Model""}","0","{""id"":""analyst_revision_horizons"",""name"":""Multi Horizon Analyst Revision Signals""}","1","2026-07-01","1","Count of analysts who raised their estimate for next fiscal year (FY2) revenue over the past 7 days, medium-horizon component","analyst_count_raising_next_year2_revenue_7d_medium_4","2","DEU","{""id"":""model-reversion-models"",""name"":""Reversion Models""}","[]","MATRIX","TOP500","0"
"0","{""id"":""model"",""name"":""Model""}","0","{""id"":""analyst_revision_horizons"",""name"":""Multi Horizon Analyst Revision Signals""}","1","2026-07-01","1","Number of analysts who revised their earnings estimate for the next fiscal quarter (FQ2) upward over the past 30 days; long-horizon component","analyst_count_raising_quarter2_earnings_30d_long_term_5","2","DEU","{""id"":""model-reversion-models"",""name"":""Reversion Models""}","[]","MATRIX","TOP500","0"
"0","{""id"":""model"",""name"":""Model""}","0","{""id"":""analyst_revision_horizons"",""name"":""Multi Horizon Analyst Revision Signals""}","1","2026-07-01","1","Count of analysts who revised the company’s next fiscal quarter (FQ2) earnings estimates upward within the past 7 days; long-horizon signal","analyst_count_raising_quarter2_earnings_7d_long_term_5","2","DEU","{""id"":""model-reversion-models"",""name"":""Reversion Models""}","[]","MATRIX","TOP500","0"
"0","{""id"":""model"",""name"":""Model""}","0","{""id"":""analyst_revision_horizons"",""name"":""Multi Horizon Analyst Revision Signals""}","1","2026-07-01","1","Number of analysts who revised their EBITDA estimate for the next fiscal quarter (FQ2) upward over the past 14 days; medium-horizon component","analyst_count_raising_quarter2_ebitda_14d_medium_term_5","2","DEU","{""id"":""model-reversion-models"",""name"":""Reversion Models""}","[]","MATRIX","TOP500","0"
"0","{""id"":""model"",""name"":""Model""}","0","{""id"":""analyst_revision_horizons"",""name"":""Multi Horizon Analyst Revision Signals""}","1","2026-07-01","1","Count of analysts who raised their EBITDA estimates for the next fiscal quarter (FQ2) over the past 30 days; medium-horizon signal","analyst_count_raising_quarter2_ebitda_30d_medium_term_5","2","DEU","{""id"":""model-reversion-models"",""name"":""Reversion Models""}","[]","MATRIX","TOP500","0"
"0","{""id"":""model"",""name"":""Model""}","0","{""id"":""analyst_revision_horizons"",""name"":""Multi Horizon Analyst Revision Signals""}","1","2026-07-01","1","Count of analysts who revised up their earnings estimates for the next fiscal quarter (FQ2) over the past 14 days; long-horizon signal","analyst_count_raising_quarter2_eps_14d_long_term","2","DEU","{""id"":""model-reversion-models"",""name"":""Reversion Models""}","[]","MATRIX","TOP500","0"
"0","{""id"":""model"",""name"":""Model""}","0","{""id"":""analyst_revision_horizons"",""name"":""Multi Horizon Analyst Revision Signals""}","1","2026-07-01","1","Count of analysts who revised up their revenue estimates for the next fiscal quarter (FQ2) over the past 14 days; medium-horizon signal","analyst_count_raising_quarter2_revenue_14d_medium_term_5","2","DEU","{""id"":""model-reversion-models"",""name"":""Reversion Models""}","[]","MATRIX","TOP500","0"
"0","{""id"":""model"",""name"":""Model""}","0","{""id"":""analyst_revision_horizons"",""name"":""Multi Horizon Analyst Revision Signals""}","1","2026-07-01","1","Count of analysts who revised next fiscal quarter (FQ2) revenue estimates upward over the past 7 days; medium-horizon signal","analyst_count_raising_quarter2_revenue_7d_medium_term_5","2","DEU","{""id"":""model-reversion-models"",""name"":""Reversion Models""}","[]","MATRIX","TOP500","0"
"0","{""id"":""model"",""name"":""Model""}","0","{""id"":""analyst_revision_horizons"",""name"":""Multi Horizon Analyst Revision Signals""}","1","2026-07-01","1","Count of analysts who revised upward their earnings estimates for the current fiscal quarter (FQ1) over the past 14 days, oriented to the medium horizon","analyst_count_raising_quarterly_earnings_14d_medium_term_5","2","DEU","{""id"":""model-reversion-models"",""name"":""Reversion Models""}","[]","MATRIX","TOP500","0"
"0","{""id"":""model"",""name"":""Model""}","0","{""id"":""analyst_revision_horizons"",""name"":""Multi Horizon Analyst Revision Signals""}","1","2026-07-01","1","Count of analysts who revised current fiscal quarter (FQ1) EBITDA estimates upward over the past 14 days; long-horizon signal","analyst_count_raising_quarterly_ebitda_14d_long_term_5","2","DEU","{""id"":""model-reversion-models"",""name"":""Reversion Models""}","[]","MATRIX","TOP500","0"
"0","{""id"":""model"",""name"":""Model""}","0","{""id"":""analyst_revision_horizons"",""name"":""Multi Horizon Analyst Revision Signals""}","1","2026-07-01","1","Count of analysts raising EBITDA estimates for the current fiscal quarter (FQ1) over the past 30 days (medium horizon)","analyst_count_raising_quarterly_ebitda_30d_medium_2","2","DEU","{""id"":""model-reversion-models"",""name"":""Reversion Models""}","[]","MATRIX","TOP500","0"
"0","{""id"":""model"",""name"":""Model""}","0","{""id"":""analyst_revision_horizons"",""name"":""Multi Horizon Analyst Revision Signals""}","1","2026-07-01","1","Number of distinct analysts who raised their estimate of current fiscal quarter (FQ1) EBITDA in the past 30 calendar days; short-horizon component","analyst_count_raising_quarterly_ebitda_30d_short_term_5","2","DEU","{""id"":""model-reversion-models"",""name"":""Reversion Models""}","[]","MATRIX","TOP500","0"
"0","{""id"":""model"",""name"":""Model""}","0","{""id"":""analyst_revision_horizons"",""name"":""Multi Horizon Analyst Revision Signals""}","1","2026-07-01","1","Count of analysts who raised their estimate for current fiscal quarter (FQ1) earnings over the past 14 days, long-horizon component","analyst_count_raising_quarterly_eps_14d_long_4","2","DEU","{""id"":""model-reversion-models"",""name"":""Reversion Models""}","[]","MATRIX","TOP500","0"
"0","{""id"":""model"",""name"":""Model""}","0","{""id"":""analyst_revision_horizons"",""name"":""Multi Horizon Analyst Revision Signals""}","1","2026-07-01","1","Count of analysts who raised their estimate for current fiscal quarter (FQ1) earnings over the past 14 days, short-horizon component","analyst_count_raising_quarterly_eps_14d_short_4","2","DEU","{""id"":""model-reversion-models"",""name"":""Reversion Models""}","[]","MATRIX","TOP500","0"
"0","{""id"":""model"",""name"":""Model""}","0","{""id"":""analyst_revision_horizons"",""name"":""Multi Horizon Analyst Revision Signals""}","1","2026-07-01","1","Count of analysts revising upward earnings for the current fiscal quarter (FQ1) over the past 30 days (medium horizon)","analyst_count_raising_quarterly_eps_30d_medium_4","2","DEU","{""id"":""model-reversion-models"",""name"":""Reversion Models""}","[]","MATRIX","TOP500","0"
"0","{""id"":""model"",""name"":""Model""}","0","{""id"":""analyst_revision_horizons"",""name"":""Multi Horizon Analyst Revision Signals""}","1","2026-07-01","1","Number of analysts who revised upward their earnings estimates for the current fiscal quarter (FQ1) over the past 30 days (short-horizon)","analyst_count_raising_quarterly_eps_30d_short_4","2","DEU","{""id"":""model-reversion-models"",""name"":""Reversion Models""}","[]","MATRIX","TOP500","0"
"0","{""id"":""model"",""name"":""Model""}","0","{""id"":""analyst_revision_horizons"",""name"":""Multi Horizon Analyst Revision Signals""}","1","2026-07-01","1","Count of analysts who raised their earnings estimates for the current fiscal quarter (FQ1) over the past 7 days; long-horizon signal","analyst_count_raising_quarterly_eps_7d_long_4","2","DEU","{""id"":""model-reversion-models"",""name"":""Reversion Models""}","[]","MATRIX","TOP500","0"
"0","{""id"":""model"",""name"":""Model""}","0","{""id"":""analyst_revision_horizons"",""name"":""Multi Horizon Analyst Revision Signals""}","1","2026-07-01","1","Count of analysts who raised their estimate for current fiscal quarter (FQ1) earnings over the past 7 days, medium-horizon component","analyst_count_raising_quarterly_eps_7d_medium_4","2","DEU","{""id"":""model-reversion-models"",""name"":""Reversion Models""}","[]","MATRIX","TOP500","0"
"0","{""id"":""model"",""name"":""Model""}","0","{""id"":""analyst_revision_horizons"",""name"":""Multi Horizon Analyst Revision Signals""}","1","2026-07-01","1","Count of analysts revising upward earnings for the current fiscal quarter (FQ1) over the past 7 days (short horizon)","analyst_count_raising_quarterly_eps_7d_short_4","2","DEU","{""id"":""model-reversion-models"",""name"":""Reversion Models""}","[]","MATRIX","TOP500","0"
"0","{""id"":""model"",""name"":""Model""}","0","{""id"":""analyst_revision_horizons"",""name"":""Multi Horizon Analyst Revision Signals""}","1","2026-07-01","1","Count of analysts who raised their estimates for current fiscal quarter (FQ1) revenue over the past 14 days; long-horizon variant","analyst_count_raising_quarterly_revenue_14d_long_term_2","2","DEU","{""id"":""model-reversion-models"",""name"":""Reversion Models""}","[]","MATRIX","TOP500","0"
"0","{""id"":""model"",""name"":""Model""}","0","{""id"":""analyst_revision_horizons"",""name"":""Multi Horizon Analyst Revision Signals""}","1","2026-07-01","1","Number of analysts who revised their revenue estimate for the current fiscal quarter (FQ1) upward over the past 14 days; medium-horizon component","analyst_count_raising_quarterly_revenue_14d_medium_4","2","DEU","{""id"":""model-reversion-models"",""name"":""Reversion Models""}","[]","MATRIX","TOP500","0"
"0","{""id"":""model"",""name"":""Model""}","0","{""id"":""analyst_revision_horizons"",""name"":""Multi Horizon Analyst Revision Signals""}","1","2026-07-01","1","Number of analysts revising upward revenue for the current fiscal quarter (FQ1) over the past 14 days (short horizon)","analyst_count_raising_quarterly_revenue_14d_short_term_5","2","DEU","{""id"":""model-reversion-models"",""name"":""Reversion Models""}","[]","MATRIX","TOP500","0"
"0","{""id"":""model"",""name"":""Model""}","0","{""id"":""analyst_revision_horizons"",""name"":""Multi Horizon Analyst Revision Signals""}","1","2026-07-01","1","Count of analysts who raised their estimate for current fiscal quarter (FQ1) revenue over the past 30 days, medium-horizon component","analyst_count_raising_quarterly_revenue_30d_medium_4","2","DEU","{""id"":""model-reversion-models"",""name"":""Reversion Models""}","[]","MATRIX","TOP500","0"
"0","{""id"":""model"",""name"":""Model""}","0","{""id"":""analyst_revision_horizons"",""name"":""Multi Horizon Analyst Revision Signals""}","1","2026-07-01","1","Count of analysts who revised current fiscal quarter (FQ1) revenue estimates upward over the past 30 days; short-horizon signal","analyst_count_raising_quarterly_revenue_30d_short_term_5","2","DEU","{""id"":""model-reversion-models"",""name"":""Reversion Models""}","[]","MATRIX","TOP500","0"
"0","{""id"":""model"",""name"":""Model""}","0","{""id"":""analyst_revision_horizons"",""name"":""Multi Horizon Analyst Revision Signals""}","1","2026-07-01","1","Count of distinct analysts who raised their estimates for current fiscal quarter revenue over the past 7 days, aligned to the long horizon","analyst_count_raising_quarterly_revenue_7d_long_term_5","2","DEU","{""id"":""model-reversion-models"",""name"":""Reversion Models""}","[]","MATRIX","TOP500","0"
"0","{""id"":""model"",""name"":""Model""}","0","{""id"":""analyst_revision_horizons"",""name"":""Multi Horizon Analyst Revision Signals""}","1","2026-07-01","1","Count of analysts revising upward revenue for the current fiscal quarter (FQ1) over the past 7 days (medium horizon)","analyst_count_raising_quarterly_revenue_7d_medium_4","2","DEU","{""id"":""model-reversion-models"",""name"":""Reversion Models""}","[]","MATRIX","TOP500","0"
"0","{""id"":""model"",""name"":""Model""}","0","{""id"":""analyst_revision_horizons"",""name"":""Multi Horizon Analyst Revision Signals""}","1","2026-07-01","1","Average change in analyst recommendations over the past 14 days, long horizon.","analyst_opinion_avg_shift_14d_long","2","DEU","{""id"":""model-reversion-models"",""name"":""Reversion Models""}","[]","MATRIX","TOP500","0"
"0","{""id"":""model"",""name"":""Model""}","0","{""id"":""analyst_revision_horizons"",""name"":""Multi Horizon Analyst Revision Signals""}","1","2026-07-01","1","Average change in analyst recommendations over the past 30 days, long horizon.","analyst_opinion_avg_shift_30d_long","2","DEU","{""id"":""model-reversion-models"",""name"":""Reversion Models""}","[]","MATRIX","TOP500","0"
"0","{""id"":""model"",""name"":""Model""}","0","{""id"":""analyst_revision_horizons"",""name"":""Multi Horizon Analyst Revision Signals""}","1","2026-07-01","1","Average change in analyst recommendations over the past 30 days, short horizon.","analyst_opinion_avg_shift_30d_short","2","DEU","{""id"":""model-reversion-models"",""name"":""Reversion Models""}","[]","MATRIX","TOP500","0"
"0","{""id"":""model"",""name"":""Model""}","0","{""id"":""analyst_revision_horizons"",""name"":""Multi Horizon Analyst Revision Signals""}","1","2026-07-01","1","Average change in analyst recommendations over the past 60 days, long horizon.","analyst_opinion_avg_shift_60d_long","2","DEU","{""id"":""model-reversion-models"",""name"":""Reversion Models""}","[]","MATRIX","TOP500","0"
"0","{""id"":""model"",""name"":""Model""}","0","{""id"":""analyst_revision_horizons"",""name"":""Multi Horizon Analyst Revision Signals""}","1","2026-07-01","1","Average change in analyst recommendations over the past 60 days, medium horizon.","analyst_opinion_avg_shift_60d_medium","2","DEU","{""id"":""model-reversion-models"",""name"":""Reversion Models""}","[]","MATRIX","TOP500","0"
"0","{""id"":""model"",""name"":""Model""}","0","{""id"":""analyst_revision_horizons"",""name"":""Multi Horizon Analyst Revision Signals""}","1","2026-07-01","1","Average change in analyst recommendations over the past 60 days, short horizon.","analyst_opinion_avg_shift_60d_short","2","DEU","{""id"":""model-reversion-models"",""name"":""Reversion Models""}","[]","MATRIX","TOP500","0"
"0","{""id"":""model"",""name"":""Model""}","0","{""id"":""analyst_revision_horizons"",""name"":""Multi Horizon Analyst Revision Signals""}","1","2026-07-01","1","Average change in analyst recommendations over the past 7 days, long horizon.","analyst_opinion_avg_shift_7d_long","2","DEU","{""id"":""model-reversion-models"",""name"":""Reversion Models""}","[]","MATRIX","TOP500","0"
"0","{""id"":""model"",""name"":""Model""}","0","{""id"":""analyst_revision_horizons"",""name"":""Multi Horizon Analyst Revision Signals""}","1","2026-07-01","1","Average change in analyst recommendations over the past 7 days, short horizon.","analyst_opinion_avg_shift_7d_short","2","DEU","{""id"":""model-reversion-models"",""name"":""Reversion Models""}","[]","MATRIX","TOP500","0"
"0","{""id"":""model"",""name"":""Model""}","0","{""id"":""analyst_revision_horizons"",""name"":""Multi Horizon Analyst Revision Signals""}","1","2026-07-01","1","Average change in analyst recommendations over the past 90 days, long horizon.","analyst_opinion_avg_shift_90d_long","2","DEU","{""id"":""model-reversion-models"",""name"":""Reversion Models""}","[]","MATRIX","TOP500","0"
"0","{""id"":""model"",""name"":""Model""}","0","{""id"":""analyst_revision_horizons"",""name"":""Multi Horizon Analyst Revision Signals""}","1","2026-07-01","1","Count of analyst recommendation downgrades over the past 14 days, aligned to the long horizon","analyst_recommendation_downgrades_14d_long_3","2","DEU","{""id"":""model-reversion-models"",""name"":""Reversion Models""}","[]","MATRIX","TOP500","0"
"0","{""id"":""model"",""name"":""Model""}","0","{""id"":""analyst_revision_horizons"",""name"":""Multi Horizon Analyst Revision Signals""}","1","2026-07-01","1","Count of analyst recommendation downgrades over the past 14 days (medium horizon)","analyst_recommendation_downgrades_14d_medium_4","2","DEU","{""id"":""model-reversion-models"",""name"":""Reversion Models""}","[]","MATRIX","TOP500","0"
"0","{""id"":""model"",""name"":""Model""}","0","{""id"":""analyst_revision_horizons"",""name"":""Multi Horizon Analyst Revision Signals""}","1","2026-07-01","1","Count of analyst recommendation downgrades over the past 14 days; short-horizon signal","analyst_recommendation_downgrades_14d_short_4","2","DEU","{""id"":""model-reversion-models"",""name"":""Reversion Models""}","[]","MATRIX","TOP500","0"
"0","{""id"":""model"",""name"":""Model""}","0","{""id"":""analyst_revision_horizons"",""name"":""Multi Horizon Analyst Revision Signals""}","1","2026-07-01","1","Count of analyst recommendation downgrades in the past 30 days, long-horizon (approximately 90–150+ days) component","analyst_recommendation_downgrades_30d_long_3","2","DEU","{""id"":""model-reversion-models"",""name"":""Reversion Models""}","[]","MATRIX","TOP500","0"
"0","{""id"":""model"",""name"":""Model""}","0","{""id"":""analyst_revision_horizons"",""name"":""Multi Horizon Analyst Revision Signals""}","1","2026-07-01","1","Count of analyst recommendation downgrades over the past 30 days; long-horizon signal","analyst_recommendation_downgrades_30d_long_31","2","DEU","{""id"":""model-reversion-models"",""name"":""Reversion Models""}","[]","MATRIX","TOP500","0"
"0","{""id"":""model"",""name"":""Model""}","0","{""id"":""analyst_revision_horizons"",""name"":""Multi Horizon Analyst Revision Signals""}","1","2026-07-01","1","Count of analyst recommendation downgrades in the past 30 days, medium-horizon (approximately 20–60 days) component","analyst_recommendation_downgrades_30d_medium_3","2","DEU","{""id"":""model-reversion-models"",""name"":""Reversion Models""}","[]","MATRIX","TOP500","0"
"0","{""id"":""model"",""name"":""Model""}","0","{""id"":""analyst_revision_horizons"",""name"":""Multi Horizon Analyst Revision Signals""}","1","2026-07-01","1","Count of analyst recommendation downgrades over the past 30 days, oriented to the medium horizon","analyst_recommendation_downgrades_30d_medium_31","2","DEU","{""id"":""model-reversion-models"",""name"":""Reversion Models""}","[]","MATRIX","TOP500","0"
"0","{""id"":""model"",""name"":""Model""}","0","{""id"":""analyst_revision_horizons"",""name"":""Multi Horizon Analyst Revision Signals""}","1","2026-07-01","1","Count of analyst recommendation downgrades in the past 30 days, short-horizon (approximately 4–14 days) component","analyst_recommendation_downgrades_30d_short_4","2","DEU","{""id"":""model-reversion-models"",""name"":""Reversion Models""}","[]","MATRIX","TOP500","0"
"0","{""id"":""model"",""name"":""Model""}","0","{""id"":""analyst_revision_horizons"",""name"":""Multi Horizon Analyst Revision Signals""}","1","2026-07-01","1","Number of analyst recommendation downgrades over the past 30 days; short-horizon component of the signal","analyst_recommendation_downgrades_30d_short_41","2","DEU","{""id"":""model-reversion-models"",""name"":""Reversion Models""}","[]","MATRIX","TOP500","0"
"0","{""id"":""model"",""name"":""Model""}","0","{""id"":""analyst_revision_horizons"",""name"":""Multi Horizon Analyst Revision Signals""}","1","2026-07-01","1","Count of analyst recommendation rating downgrades over the past 60 days; long-horizon signal","analyst_recommendation_downgrades_60d_long_4","2","DEU","{""id"":""model-reversion-models"",""name"":""Reversion Models""}","[]","MATRIX","TOP500","0"
"0","{""id"":""model"",""name"":""Model""}","0","{""id"":""analyst_revision_horizons"",""name"":""Multi Horizon Analyst Revision Signals""}","1","2026-07-01","1","Count of analyst recommendation downgrades for the company over the past 60 days; medium-horizon component","analyst_recommendation_downgrades_60d_medium_3","2","DEU","{""id"":""model-reversion-models"",""name"":""Reversion Models""}","[]","MATRIX","TOP500","0"
"0","{""id"":""model"",""name"":""Model""}","0","{""id"":""analyst_revision_horizons"",""name"":""Multi Horizon Analyst Revision Signals""}","1","2026-07-01","1","Count of analyst recommendation downgrades for the company within the past 60 days; short-horizon signal","analyst_recommendation_downgrades_60d_short_5","2","DEU","{""id"":""model-reversion-models"",""name"":""Reversion Models""}","[]","MATRIX","TOP500","0"
"0","{""id"":""model"",""name"":""Model""}","0","{""id"":""analyst_revision_horizons"",""name"":""Multi Horizon Analyst Revision Signals""}","1","2026-07-01","1","Count of analyst recommendation rating downgrades over the past 7 days; long-horizon signal","analyst_recommendation_downgrades_7d_long_3","2","DEU","{""id"":""model-reversion-models"",""name"":""Reversion Models""}","[]","MATRIX","TOP500","0"
"0","{""id"":""model"",""name"":""Model""}","0","{""id"":""analyst_revision_horizons"",""name"":""Multi Horizon Analyst Revision Signals""}","1","2026-07-01","1","Number of analyst recommendation downgrades over the past 7 days; medium-horizon component","analyst_recommendation_downgrades_7d_medium_5","2","DEU","{""id"":""model-reversion-models"",""name"":""Reversion Models""}","[]","MATRIX","TOP500","0"
"0","{""id"":""model"",""name"":""Model""}","0","{""id"":""analyst_revision_horizons"",""name"":""Multi Horizon Analyst Revision Signals""}","1","2026-07-01","1","Count of analyst recommendation downgrades over the past 7 days; short-horizon signal","analyst_recommendation_downgrades_7d_short_4","2","DEU","{""id"":""model-reversion-models"",""name"":""Reversion Models""}","[]","MATRIX","TOP500","0"
"0","{""id"":""model"",""name"":""Model""}","0","{""id"":""analyst_revision_horizons"",""name"":""Multi Horizon Analyst Revision Signals""}","1","2026-07-01","1","Count of analyst recommendation downgrades over the past 90 days; long-horizon signal","analyst_recommendation_downgrades_90d_long_5","2","DEU","{""id"":""model-reversion-models"",""name"":""Reversion Models""}","[]","MATRIX","TOP500","0"
"0","{""id"":""model"",""name"":""Model""}","0","{""id"":""analyst_revision_horizons"",""name"":""Multi Horizon Analyst Revision Signals""}","1","2026-07-01","1","Number of analyst recommendation downgrades in the past 90 days, medium horizon.","analyst_recommendation_downgrades_90d_medium_5","2","DEU","{""id"":""model-reversion-models"",""name"":""Reversion Models""}","[]","MATRIX","TOP500","0"
"0","{""id"":""model"",""name"":""Model""}","0","{""id"":""analyst_revision_horizons"",""name"":""Multi Horizon Analyst Revision Signals""}","1","2026-07-01","1","Count of analyst recommendation downgrades over the past 90 days; short-horizon signal","analyst_recommendation_downgrades_90d_short_4","2","DEU","{""id"":""model-reversion-models"",""name"":""Reversion Models""}","[]","MATRIX","TOP500","0"
"0","{""id"":""model"",""name"":""Model""}","0","{""id"":""analyst_revision_horizons"",""name"":""Multi Horizon Analyst Revision Signals""}","1","2026-07-01","1","Count of analyst recommendation rating upgrades over the past 14 days; long-horizon signal","analyst_recommendation_upgrades_14d_long_4","2","DEU","{""id"":""model-reversion-models"",""name"":""Reversion Models""}","[]","MATRIX","TOP500","0"
"0","{""id"":""model"",""name"":""Model""}","0","{""id"":""analyst_revision_horizons"",""name"":""Multi Horizon Analyst Revision Signals""}","1","2026-07-01","1","Count of analyst recommendation upgrades for the company within the past 14 days; medium-horizon signal","analyst_recommendation_upgrades_14d_medium_4","2","DEU","{""id"":""model-reversion-models"",""name"":""Reversion Models""}","[]","MATRIX","TOP500","0"
"0","{""id"":""model"",""name"":""Model""}","0","{""id"":""analyst_revision_horizons"",""name"":""Multi Horizon Analyst Revision Signals""}","1","2026-07-01","1","Number of analyst recommendation upgrades over the past 14 days; short-horizon component","analyst_recommendation_upgrades_14d_short_4","2","DEU","{""id"":""model-reversion-models"",""name"":""Reversion Models""}","[]","MATRIX","TOP500","0"
"0","{""id"":""model"",""name"":""Model""}","0","{""id"":""analyst_revision_horizons"",""name"":""Multi Horizon Analyst Revision Signals""}","1","2026-07-01","1","Count of analyst recommendation upgrades in the past 30 days, long-horizon (approximately 90–150+ days) component","analyst_recommendation_upgrades_30d_long_2","2","DEU","{""id"":""model-reversion-models"",""name"":""Reversion Models""}","[]","MATRIX","TOP500","0"
"0","{""id"":""model"",""name"":""Model""}","0","{""id"":""analyst_revision_horizons"",""name"":""Multi Horizon Analyst Revision Signals""}","1","2026-07-01","1","Count of analyst recommendation upgrades for the company over the past 30 days; long-horizon component","analyst_recommendation_upgrades_30d_long_4","2","DEU","{""id"":""model-reversion-models"",""name"":""Reversion Models""}","[]","MATRIX","TOP500","0"
"0","{""id"":""model"",""name"":""Model""}","0","{""id"":""analyst_revision_horizons"",""name"":""Multi Horizon Analyst Revision Signals""}","1","2026-07-01","1","Count of analyst recommendation upgrades in the past 30 days, medium-horizon (approximately 20–60 days) component","analyst_recommendation_upgrades_30d_medium_3","2","DEU","{""id"":""model-reversion-models"",""name"":""Reversion Models""}","[]","MATRIX","TOP500","0"
"0","{""id"":""model"",""name"":""Model""}","0","{""id"":""analyst_revision_horizons"",""name"":""Multi Horizon Analyst Revision Signals""}","1","2026-07-01","1","Count of analyst recommendation rating upgrades over the past 30 days; medium-horizon signal","analyst_recommendation_upgrades_30d_medium_31","2","DEU","{""id"":""model-reversion-models"",""name"":""Reversion Models""}","[]","MATRIX","TOP500","0"
"0","{""id"":""model"",""name"":""Model""}","0","{""id"":""analyst_revision_horizons"",""name"":""Multi Horizon Analyst Revision Signals""}","1","2026-07-01","1","Count of analyst recommendation upgrades in the past 30 days, short-horizon (approximately 4–14 days) component","analyst_recommendation_upgrades_30d_short_4","2","DEU","{""id"":""model-reversion-models"",""name"":""Reversion Models""}","[]","MATRIX","TOP500","0"
"0","{""id"":""model"",""name"":""Model""}","0","{""id"":""analyst_revision_horizons"",""name"":""Multi Horizon Analyst Revision Signals""}","1","2026-07-01","1","Count of analyst recommendation upgrades over the past 30 days (short horizon)","analyst_recommendation_upgrades_30d_short_41","2","DEU","{""id"":""model-reversion-models"",""name"":""Reversion Models""}","[]","MATRIX","TOP500","0"
"0","{""id"":""model"",""name"":""Model""}","0","{""id"":""analyst_revision_horizons"",""name"":""Multi Horizon Analyst Revision Signals""}","1","2026-07-01","1","Count of analyst recommendation upgrades for the company within the past 60 days; long-horizon signal","analyst_recommendation_upgrades_60d_long_4","2","DEU","{""id"":""model-reversion-models"",""name"":""Reversion Models""}","[]","MATRIX","TOP500","0"
"0","{""id"":""model"",""name"":""Model""}","0","{""id"":""analyst_revision_horizons"",""name"":""Multi Horizon Analyst Revision Signals""}","1","2026-07-01","1","Count of analyst recommendation rating upgrades over the past 60 days; medium-horizon signal","analyst_recommendation_upgrades_60d_medium_4","2","DEU","{""id"":""model-reversion-models"",""name"":""Reversion Models""}","[]","MATRIX","TOP500","0"
"0","{""id"":""model"",""name"":""Model""}","0","{""id"":""analyst_revision_horizons"",""name"":""Multi Horizon Analyst Revision Signals""}","1","2026-07-01","1","Count of analyst recommendation rating upgrades over the past 60 days; short-horizon signal","analyst_recommendation_upgrades_60d_short_4","2","DEU","{""id"":""model-reversion-models"",""name"":""Reversion Models""}","[]","MATRIX","TOP500","0"
"0","{""id"":""model"",""name"":""Model""}","0","{""id"":""analyst_revision_horizons"",""name"":""Multi Horizon Analyst Revision Signals""}","1","2026-07-01","1","Number of analyst recommendation upgrades over the past 7 days; long-horizon component of the signal","analyst_recommendation_upgrades_7d_long_3","2","DEU","{""id"":""model-reversion-models"",""name"":""Reversion Models""}","[]","MATRIX","TOP500","0"
"0","{""id"":""model"",""name"":""Model""}","0","{""id"":""analyst_revision_horizons"",""name"":""Multi Horizon Analyst Revision Signals""}","1","2026-07-01","1","Count of analyst recommendation upgrades over the past 7 days, oriented to the medium horizon","analyst_recommendation_upgrades_7d_medium_3","2","DEU","{""id"":""model-reversion-models"",""name"":""Reversion Models""}","[]","MATRIX","TOP500","0"
"0","{""id"":""model"",""name"":""Model""}","0","{""id"":""analyst_revision_horizons"",""name"":""Multi Horizon Analyst Revision Signals""}","1","2026-07-01","1","Count of analyst recommendation rating upgrades over the past 7 days; short-horizon signal","analyst_recommendation_upgrades_7d_short_5","2","DEU","{""id"":""model-reversion-models"",""name"":""Reversion Models""}","[]","MATRIX","TOP500","0"
"0","{""id"":""model"",""name"":""Model""}","0","{""id"":""analyst_revision_horizons"",""name"":""Multi Horizon Analyst Revision Signals""}","1","2026-07-01","1","Number of analyst recommendation upgrades over the past 90 days (long-horizon)","analyst_recommendation_upgrades_90d_long_4","2","DEU","{""id"":""model-reversion-models"",""name"":""Reversion Models""}","[]","MATRIX","TOP500","0"
"0","{""id"":""model"",""name"":""Model""}","0","{""id"":""analyst_revision_horizons"",""name"":""Multi Horizon Analyst Revision Signals""}","1","2026-07-01","1","Count of recommendation upgrades by analysts for the stock over the past 90 days, medium-horizon component","analyst_recommendation_upgrades_90d_medium_4","2","DEU","{""id"":""model-reversion-models"",""name"":""Reversion Models""}","[]","MATRIX","TOP500","0"
"0","{""id"":""model"",""name"":""Model""}","0","{""id"":""analyst_revision_horizons"",""name"":""Multi Horizon Analyst Revision Signals""}","1","2026-07-01","1","Count of analyst recommendation upgrades for the company within the past 90 days; short-horizon signal","analyst_recommendation_upgrades_90d_short_3","2","DEU","{""id"":""model-reversion-models"",""name"":""Reversion Models""}","[]","MATRIX","TOP500","0"
"0","{""id"":""model"",""name"":""Model""}","0","{""id"":""analyst_revision_horizons"",""name"":""Multi Horizon Analyst Revision Signals""}","1","2026-07-01","1","Percentile score reflecting the magnitude and direction of analyst estimate revisions (long horizon).","analyst_revision_percentile_score_long_3","2","DEU","{""id"":""model-reversion-models"",""name"":""Reversion Models""}","[]","MATRIX","TOP500","0"
"0","{""id"":""model"",""name"":""Model""}","0","{""id"":""analyst_revision_horizons"",""name"":""Multi Horizon Analyst Revision Signals""}","1","2026-07-01","1","Percentile score reflecting the magnitude and direction of analyst estimate revisions, long horizon.","analyst_revision_percentile_score_long_4","2","DEU","{""id"":""model-reversion-models"",""name"":""Reversion Models""}","[]","MATRIX","TOP500","0"
"0","{""id"":""model"",""name"":""Model""}","0","{""id"":""analyst_revision_horizons"",""name"":""Multi Horizon Analyst Revision Signals""}","1","2026-07-01","1","Percentile score reflecting the magnitude and direction of analyst estimate revisions over a medium horizon.","analyst_revision_percentile_score_medium_2","2","DEU","{""id"":""model-reversion-models"",""name"":""Reversion Models""}","[]","MATRIX","TOP500","0"
"0","{""id"":""model"",""name"":""Model""}","0","{""id"":""analyst_revision_horizons"",""name"":""Multi Horizon Analyst Revision Signals""}","1","2026-07-01","1","Percentile score reflecting the magnitude and direction of analyst estimate revisions, medium horizon.","analyst_revision_percentile_score_medium_4","2","DEU","{""id"":""model-reversion-models"",""name"":""Reversion Models""}","[]","MATRIX","TOP500","0"
"0","{""id"":""model"",""name"":""Model""}","0","{""id"":""analyst_revision_horizons"",""name"":""Multi Horizon Analyst Revision Signals""}","1","2026-07-01","1","Percentile score reflecting the magnitude and direction of analyst estimate revisions (short horizon).","analyst_revision_percentile_score_short_2","2","DEU","{""id"":""model-reversion-models"",""name"":""Reversion Models""}","[]","MATRIX","TOP500","0"
"0","{""id"":""model"",""name"":""Model""}","0","{""id"":""analyst_revision_horizons"",""name"":""Multi Horizon Analyst Revision Signals""}","1","2026-07-01","1","Percentile score reflecting the magnitude and direction of analyst estimate revisions (short horizon).","analyst_revision_percentile_score_short_21","2","DEU","{""id"":""model-reversion-models"",""name"":""Reversion Models""}","[]","MATRIX","TOP500","0"
"0","{""id"":""model"",""name"":""Model""}","0","{""id"":""analyst_revision_horizons"",""name"":""Multi Horizon Analyst Revision Signals""}","1","2026-07-01","1","Average analyst revision score over the last 5 days (long horizon).","analyst_revision_score_5d_long","2","DEU","{""id"":""model-reversion-models"",""name"":""Reversion Models""}","[]","MATRIX","TOP500","0"
"0","{""id"":""model"",""name"":""Model""}","0","{""id"":""analyst_revision_horizons"",""name"":""Multi Horizon Analyst Revision Signals""}","1","2026-07-01","1","Average analyst revision score over the last 5 days (medium horizon).","analyst_revision_score_5d_medium","2","DEU","{""id"":""model-reversion-models"",""name"":""Reversion Models""}","[]","MATRIX","TOP500","0"
"0","{""id"":""model"",""name"":""Model""}","0","{""id"":""analyst_revision_horizons"",""name"":""Multi Horizon Analyst Revision Signals""}","1","2026-07-01","1","Change in analyst revision score over the past 30 days (long horizon).","analyst_revision_score_change_30d_long","2","DEU","{""id"":""model-reversion-models"",""name"":""Reversion Models""}","[]","MATRIX","TOP500","0"
"0","{""id"":""model"",""name"":""Model""}","0","{""id"":""analyst_revision_horizons"",""name"":""Multi Horizon Analyst Revision Signals""}","1","2026-07-01","1","Change in analyst revision score over the past 30 days (short horizon).","analyst_revision_score_change_30d_short","2","DEU","{""id"":""model-reversion-models"",""name"":""Reversion Models""}","[]","MATRIX","TOP500","0"
"0","{""id"":""model"",""name"":""Model""}","0","{""id"":""analyst_revision_horizons"",""name"":""Multi Horizon Analyst Revision Signals""}","1","2026-07-01","1","Predicted difference between forecasted and consensus earnings for current fiscal year, short horizon.","anticipated_earnings_surprise_fy1_short","2","DEU","{""id"":""model-reversion-models"",""name"":""Reversion Models""}","[]","MATRIX","TOP500","0"
"0","{""id"":""model"",""name"":""Model""}","0","{""id"":""analyst_revision_horizons"",""name"":""Multi Horizon Analyst Revision Signals""}","1","2026-07-01","1","Predicted percentage difference between forecasted and consensus earnings for current fiscal year, short horizon.","anticipated_earnings_surprise_pct_fy1_short","2","DEU","{""id"":""model-reversion-models"",""name"":""Reversion Models""}","[]","MATRIX","TOP500","0"
"0","{""id"":""model"",""name"":""Model""}","0","{""id"":""analyst_revision_horizons"",""name"":""Multi Horizon Analyst Revision Signals""}","1","2026-07-01","1","Predicted percentage difference between forecasted and consensus earnings for current fiscal quarter, medium horizon.","anticipated_earnings_surprise_pct_q1_medium","2","DEU","{""id"":""model-reversion-models"",""name"":""Reversion Models""}","[]","MATRIX","TOP500","0"
"0","{""id"":""model"",""name"":""Model""}","0","{""id"":""analyst_revision_horizons"",""name"":""Multi Horizon Analyst Revision Signals""}","1","2026-07-01","1","Predicted percentage difference between forecasted and consensus earnings for current fiscal quarter, short horizon.","anticipated_earnings_surprise_pct_q1_short","2","DEU","{""id"":""model-reversion-models"",""name"":""Reversion Models""}","[]","MATRIX","TOP500","0"
"0","{""id"":""model"",""name"":""Model""}","0","{""id"":""analyst_revision_horizons"",""name"":""Multi Horizon Analyst Revision Signals""}","1","2026-07-01","1","Predicted difference between forecasted and consensus earnings for current fiscal quarter, medium horizon.","anticipated_earnings_surprise_q1_medium","2","DEU","{""id"":""model-reversion-models"",""name"":""Reversion Models""}","[]","MATRIX","TOP500","0"
"0","{""id"":""model"",""name"":""Model""}","0","{""id"":""analyst_revision_horizons"",""name"":""Multi Horizon Analyst Revision Signals""}","1","2026-07-01","1","Predicted difference between forecasted and consensus earnings for current fiscal quarter, short horizon.","anticipated_earnings_surprise_q1_short","2","DEU","{""id"":""model-reversion-models"",""name"":""Reversion Models""}","[]","MATRIX","TOP500","0"
"0","{""id"":""model"",""name"":""Model""}","0","{""id"":""analyst_revision_horizons"",""name"":""Multi Horizon Analyst Revision Signals""}","1","2026-07-01","1","Predicted percentage difference between forecasted and consensus EBITDA for current fiscal quarter, medium horizon.","anticipated_ebitda_surprise_pct_q1_medium","2","DEU","{""id"":""model-reversion-models"",""name"":""Reversion Models""}","[]","MATRIX","TOP500","0"
"0","{""id"":""model"",""name"":""Model""}","0","{""id"":""analyst_revision_horizons"",""name"":""Multi Horizon Analyst Revision Signals""}","1","2026-07-01","1","Predicted percentage difference between forecasted and consensus EBITDA for current fiscal quarter, short horizon.","anticipated_ebitda_surprise_pct_q1_short","2","DEU","{""id"":""model-reversion-models"",""name"":""Reversion Models""}","[]","MATRIX","TOP500","0"
"0","{""id"":""model"",""name"":""Model""}","0","{""id"":""analyst_revision_horizons"",""name"":""Multi Horizon Analyst Revision Signals""}","1","2026-07-01","1","Predicted difference between forecasted and consensus EBITDA for current fiscal quarter, long horizon.","anticipated_ebitda_surprise_q1_long","2","DEU","{""id"":""model-reversion-models"",""name"":""Reversion Models""}","[]","MATRIX","TOP500","0"
"0","{""id"":""model"",""name"":""Model""}","0","{""id"":""analyst_revision_horizons"",""name"":""Multi Horizon Analyst Revision Signals""}","1","2026-07-01","1","Predicted difference between forecasted and consensus EBITDA for current fiscal quarter, short horizon.","anticipated_ebitda_surprise_q1_short","2","DEU","{""id"":""model-reversion-models"",""name"":""Reversion Models""}","[]","MATRIX","TOP500","0"
"0","{""id"":""model"",""name"":""Model""}","0","{""id"":""analyst_revision_horizons"",""name"":""Multi Horizon Analyst Revision Signals""}","1","2026-07-01","1","Predicted difference between forecasted and consensus revenue for current fiscal year, long horizon.","anticipated_revenue_surprise_fy1_long","2","DEU","{""id"":""model-reversion-models"",""name"":""Reversion Models""}","[]","MATRIX","TOP500","0"
"0","{""id"":""model"",""name"":""Model""}","0","{""id"":""analyst_revision_horizons"",""name"":""Multi Horizon Analyst Revision Signals""}","1","2026-07-01","1","Predicted difference between forecasted and consensus revenue for current fiscal year, short horizon.","anticipated_revenue_surprise_fy1_short","2","DEU","{""id"":""model-reversion-models"",""name"":""Reversion Models""}","[]","MATRIX","TOP500","0"
"0","{""id"":""model"",""name"":""Model""}","0","{""id"":""analyst_revision_horizons"",""name"":""Multi Horizon Analyst Revision Signals""}","1","2026-07-01","1","Predicted percentage difference between forecasted and consensus revenue for next fiscal year, short horizon.","anticipated_revenue_surprise_pct_fy2_short","2","DEU","{""id"":""model-reversion-models"",""name"":""Reversion Models""}","[]","MATRIX","TOP500","0"
"0","{""id"":""model"",""name"":""Model""}","0","{""id"":""analyst_revision_horizons"",""name"":""Multi Horizon Analyst Revision Signals""}","1","2026-07-01","1","Predicted percentage difference between forecasted and consensus revenue for current fiscal quarter, long horizon.","anticipated_revenue_surprise_pct_q1_long","2","DEU","{""id"":""model-reversion-models"",""name"":""Reversion Models""}","[]","MATRIX","TOP500","0"
"0","{""id"":""model"",""name"":""Model""}","0","{""id"":""analyst_revision_horizons"",""name"":""Multi Horizon Analyst Revision Signals""}","1","2026-07-01","1","Predicted percentage difference between forecasted and consensus revenue for current fiscal quarter, medium horizon.","anticipated_revenue_surprise_pct_q1_medium","2","DEU","{""id"":""model-reversion-models"",""name"":""Reversion Models""}","[]","MATRIX","TOP500","0"
"0","{""id"":""model"",""name"":""Model""}","0","{""id"":""analyst_revision_horizons"",""name"":""Multi Horizon Analyst Revision Signals""}","1","2026-07-01","1","Predicted percentage difference between forecasted and consensus revenue for current fiscal quarter, short horizon.","anticipated_revenue_surprise_pct_q1_short","2","DEU","{""id"":""model-reversion-models"",""name"":""Reversion Models""}","[]","MATRIX","TOP500","0"
"0","{""id"":""model"",""name"":""Model""}","0","{""id"":""analyst_revision_horizons"",""name"":""Multi Horizon Analyst Revision Signals""}","1","2026-07-01","1","Predicted difference between forecasted and consensus revenue for current fiscal quarter, long horizon.","anticipated_revenue_surprise_q1_long","2","DEU","{""id"":""model-reversion-models"",""name"":""Reversion Models""}","[]","MATRIX","TOP500","0"
"0","{""id"":""model"",""name"":""Model""}","0","{""id"":""analyst_revision_horizons"",""name"":""Multi Horizon Analyst Revision Signals""}","1","2026-07-01","1","Predicted difference between forecasted and consensus revenue for current fiscal quarter, medium horizon.","anticipated_revenue_surprise_q1_medium","2","DEU","{""id"":""model-reversion-models"",""name"":""Reversion Models""}","[]","MATRIX","TOP500","0"
"0","{""id"":""model"",""name"":""Model""}","0","{""id"":""analyst_revision_horizons"",""name"":""Multi Horizon Analyst Revision Signals""}","1","2026-07-01","1","Predicted difference between forecasted and consensus revenue for current fiscal quarter, short horizon.","anticipated_revenue_surprise_q1_short","2","DEU","{""id"":""model-reversion-models"",""name"":""Reversion Models""}","[]","MATRIX","TOP500","0"
"0","{""id"":""model"",""name"":""Model""}","0","{""id"":""analyst_revision_horizons"",""name"":""Multi Horizon Analyst Revision Signals""}","1","2026-07-01","1","Average percentage change in analyst EBITDA estimates for the forward 12 months over the past 7 days, using a long-term horizon.","average_estimate_change_pct_f12m_ebitda_7d_long_term","2","DEU","{""id"":""model-reversion-models"",""name"":""Reversion Models""}","[]","MATRIX","TOP500","0"
"0","{""id"":""model"",""name"":""Model""}","0","{""id"":""analyst_revision_horizons"",""name"":""Multi Horizon Analyst Revision Signals""}","1","2026-07-01","1","Average change in analyst recommendations over the past 14 days, short horizon.","avg_analyst_recommendation_change_14d_short","2","DEU","{""id"":""model-reversion-models"",""name"":""Reversion Models""}","[]","MATRIX","TOP500","0"
"0","{""id"":""model"",""name"":""Model""}","0","{""id"":""analyst_revision_horizons"",""name"":""Multi Horizon Analyst Revision Signals""}","1","2026-07-01","1","Average change in analyst recommendations over the past 30 days, medium horizon.","avg_analyst_recommendation_change_30d_medium","2","DEU","{""id"":""model-reversion-models"",""name"":""Reversion Models""}","[]","MATRIX","TOP500","0"
"0","{""id"":""model"",""name"":""Model""}","0","{""id"":""analyst_revision_horizons"",""name"":""Multi Horizon Analyst Revision Signals""}","1","2026-07-01","1","Average change in analyst recommendations over the past 90 days, medium horizon.","avg_analyst_recommendation_change_90d_medium","2","DEU","{""id"":""model-reversion-models"",""name"":""Reversion Models""}","[]","MATRIX","TOP500","0"
"0","{""id"":""model"",""name"":""Model""}","0","{""id"":""analyst_revision_horizons"",""name"":""Multi Horizon Analyst Revision Signals""}","1","2026-07-01","1","Average change in analyst recommendations over the past 90 days, short horizon.","avg_analyst_recommendation_change_90d_short","2","DEU","{""id"":""model-reversion-models"",""name"":""Reversion Models""}","[]","MATRIX","TOP500","0"
"0","{""id"":""model"",""name"":""Model""}","0","{""id"":""analyst_revision_horizons"",""name"":""Multi Horizon Analyst Revision Signals""}","1","2026-07-01","1","Average percent change in analyst EBITDA estimates for the current fiscal quarter over 30 days, long horizon.","avg_estimate_change_pct_current_quarter_operating_30d_long","2","DEU","{""id"":""model-reversion-models"",""name"":""Reversion Models""}","[]","MATRIX","TOP500","0"
"0","{""id"":""model"",""name"":""Model""}","0","{""id"":""analyst_revision_horizons"",""name"":""Multi Horizon Analyst Revision Signals""}","1","2026-07-01","1","Average percent change in analyst EBITDA estimates for the current fiscal quarter over 60 days, short horizon.","avg_estimate_change_pct_current_quarter_operating_60d_short","2","DEU","{""id"":""model-reversion-models"",""name"":""Reversion Models""}","[]","MATRIX","TOP500","0"
"0","{""id"":""model"",""name"":""Model""}","0","{""id"":""analyst_revision_horizons"",""name"":""Multi Horizon Analyst Revision Signals""}","1","2026-07-01","1","Average percent change in analyst EBITDA estimates for the current fiscal quarter over 7 days, short horizon.","avg_estimate_change_pct_current_quarter_operating_7d_short","2","DEU","{""id"":""model-reversion-models"",""name"":""Reversion Models""}","[]","MATRIX","TOP500","0"
"0","{""id"":""model"",""name"":""Model""}","0","{""id"":""analyst_revision_horizons"",""name"":""Multi Horizon Analyst Revision Signals""}","1","2026-07-01","1","Average percent change in analyst earnings estimates for the current fiscal quarter over 14 days, short horizon.","avg_estimate_change_pct_current_quarter_profit_14d_short","2","DEU","{""id"":""model-reversion-models"",""name"":""Reversion Models""}","[]","MATRIX","TOP500","0"
"0","{""id"":""model"",""name"":""Model""}","0","{""id"":""analyst_revision_horizons"",""name"":""Multi Horizon Analyst Revision Signals""}","1","2026-07-01","1","Average percent change in analyst earnings estimates for the current fiscal quarter over 30 days, long horizon.","avg_estimate_change_pct_current_quarter_profit_30d_long","2","DEU","{""id"":""model-reversion-models"",""name"":""Reversion Models""}","[]","MATRIX","TOP500","0"
"0","{""id"":""model"",""name"":""Model""}","0","{""id"":""analyst_revision_horizons"",""name"":""Multi Horizon Analyst Revision Signals""}","1","2026-07-01","1","Average percent change in analyst earnings estimates for the current fiscal quarter over 30 days, medium horizon.","avg_estimate_change_pct_current_quarter_profit_30d_medium","2","DEU","{""id"":""model-reversion-models"",""name"":""Reversion Models""}","[]","MATRIX","TOP500","0"
"0","{""id"":""model"",""name"":""Model""}","0","{""id"":""analyst_revision_horizons"",""name"":""Multi Horizon Analyst Revision Signals""}","1","2026-07-01","1","Average percent change in analyst earnings estimates for the current fiscal quarter over 7 days, long horizon.","avg_estimate_change_pct_current_quarter_profit_7d_long","2","DEU","{""id"":""model-reversion-models"",""name"":""Reversion Models""}","[]","MATRIX","TOP500","0"
"0","{""id"":""model"",""name"":""Model""}","0","{""id"":""analyst_revision_horizons"",""name"":""Multi Horizon Analyst Revision Signals""}","1","2026-07-01","1","Average percent change in analyst earnings estimates for the current fiscal quarter over 90 days, medium horizon.","avg_estimate_change_pct_current_quarter_profit_90d_medium","2","DEU","{""id"":""model-reversion-models"",""name"":""Reversion Models""}","[]","MATRIX","TOP500","0"
"0","{""id"":""model"",""name"":""Model""}","0","{""id"":""analyst_revision_horizons"",""name"":""Multi Horizon Analyst Revision Signals""}","1","2026-07-01","1","Average percent change in analyst revenue estimates for the current fiscal quarter over 30 days, medium horizon.","avg_estimate_change_pct_current_quarter_sales_30d_medium","2","DEU","{""id"":""model-reversion-models"",""name"":""Reversion Models""}","[]","MATRIX","TOP500","0"
"0","{""id"":""model"",""name"":""Model""}","0","{""id"":""analyst_revision_horizons"",""name"":""Multi Horizon Analyst Revision Signals""}","1","2026-07-01","1","Average percent change in analyst revenue estimates for the current fiscal quarter over 30 days, short horizon.","avg_estimate_change_pct_current_quarter_sales_30d_short","2","DEU","{""id"":""model-reversion-models"",""name"":""Reversion Models""}","[]","MATRIX","TOP500","0"
"0","{""id"":""model"",""name"":""Model""}","0","{""id"":""analyst_revision_horizons"",""name"":""Multi Horizon Analyst Revision Signals""}","1","2026-07-01","1","Average percent change in analyst revenue estimates for the current fiscal quarter over 7 days, long horizon.","avg_estimate_change_pct_current_quarter_sales_7d_long","2","DEU","{""id"":""model-reversion-models"",""name"":""Reversion Models""}","[]","MATRIX","TOP500","0"
"0","{""id"":""model"",""name"":""Model""}","0","{""id"":""analyst_revision_horizons"",""name"":""Multi Horizon Analyst Revision Signals""}","1","2026-07-01","1","Mean percentage change in the consensus mean FY1 EBITDA estimate over the past 14 days; short-horizon component","avg_estimate_change_pct_current_year_ebitda_14d_short","2","DEU","{""id"":""model-reversion-models"",""name"":""Reversion Models""}","[]","MATRIX","TOP500","0"
"0","{""id"":""model"",""name"":""Model""}","0","{""id"":""analyst_revision_horizons"",""name"":""Multi Horizon Analyst Revision Signals""}","1","2026-07-01","1","Percentage change in the consensus mean estimate for current fiscal year EBITDA over the past 60 days, long-horizon signal","avg_estimate_change_pct_current_year_ebitda_60d_long","2","DEU","{""id"":""model-reversion-models"",""name"":""Reversion Models""}","[]","MATRIX","TOP500","0"
"0","{""id"":""model"",""name"":""Model""}","0","{""id"":""analyst_revision_horizons"",""name"":""Multi Horizon Analyst Revision Signals""}","1","2026-07-01","1","Percentage change in the consensus mean estimate for current fiscal year (FY1) EBITDA over the past 60 days, short-term horizon component","avg_estimate_change_pct_current_year_ebitda_60d_short","2","DEU","{""id"":""model-reversion-models"",""name"":""Reversion Models""}","[]","MATRIX","TOP500","0"
"0","{""id"":""model"",""name"":""Model""}","0","{""id"":""analyst_revision_horizons"",""name"":""Multi Horizon Analyst Revision Signals""}","1","2026-07-01","1","Mean percentage change in analysts’ consensus current fiscal year EBITDA estimates over the past 7 days, short‑horizon component","avg_estimate_change_pct_current_year_ebitda_7d_short","2","DEU","{""id"":""model-reversion-models"",""name"":""Reversion Models""}","[]","MATRIX","TOP500","0"
"0","{""id"":""model"",""name"":""Model""}","0","{""id"":""analyst_revision_horizons"",""name"":""Multi Horizon Analyst Revision Signals""}","1","2026-07-01","1","Percentage change in the consensus mean estimate for current fiscal year (FY1) EBITDA over the past 90 days, short-term horizon component","avg_estimate_change_pct_current_year_ebitda_90d_short","2","DEU","{""id"":""model-reversion-models"",""name"":""Reversion Models""}","[]","MATRIX","TOP500","0"
"0","{""id"":""model"",""name"":""Model""}","0","{""id"":""analyst_revision_horizons"",""name"":""Multi Horizon Analyst Revision Signals""}","1","2026-07-01","1","Average percentage change in analyst earnings estimates for the current fiscal year over the past 14 days (long horizon).","avg_estimate_change_pct_current_year_eps_14d_long","2","DEU","{""id"":""model-reversion-models"",""name"":""Reversion Models""}","[]","MATRIX","TOP500","0"
"0","{""id"":""model"",""name"":""Model""}","0","{""id"":""analyst_revision_horizons"",""name"":""Multi Horizon Analyst Revision Signals""}","1","2026-07-01","1","Mean percentage change in current fiscal year (FY1) earnings estimates over 14 days, short horizon","avg_estimate_change_pct_current_year_eps_14d_short","2","DEU","{""id"":""model-reversion-models"",""name"":""Reversion Models""}","[]","MATRIX","TOP500","0"
"0","{""id"":""model"",""name"":""Model""}","0","{""id"":""analyst_revision_horizons"",""name"":""Multi Horizon Analyst Revision Signals""}","1","2026-07-01","1","Average percentage change in analyst earnings estimates for the current fiscal year over the past 60 days (long horizon).","avg_estimate_change_pct_current_year_eps_60d_long","2","DEU","{""id"":""model-reversion-models"",""name"":""Reversion Models""}","[]","MATRIX","TOP500","0"
"0","{""id"":""model"",""name"":""Model""}","0","{""id"":""analyst_revision_horizons"",""name"":""Multi Horizon Analyst Revision Signals""}","1","2026-07-01","1","Mean percentage change in the consensus mean FY1 earnings estimate over the past 7 days; medium-horizon component","avg_estimate_change_pct_current_year_eps_7d_medium","2","DEU","{""id"":""model-reversion-models"",""name"":""Reversion Models""}","[]","MATRIX","TOP500","0"
"0","{""id"":""model"",""name"":""Model""}","0","{""id"":""analyst_revision_horizons"",""name"":""Multi Horizon Analyst Revision Signals""}","1","2026-07-01","1","Mean percentage change in analysts' current fiscal year (FY1) earnings estimates over the past 90 days (long-term horizon)","avg_estimate_change_pct_current_year_eps_90d_long","2","DEU","{""id"":""model-reversion-models"",""name"":""Reversion Models""}","[]","MATRIX","TOP500","0"
"0","{""id"":""model"",""name"":""Model""}","0","{""id"":""analyst_revision_horizons"",""name"":""Multi Horizon Analyst Revision Signals""}","1","2026-07-01","1","Average percent change in analyst EBITDA estimates for the current fiscal year over 14 days, medium horizon.","avg_estimate_change_pct_current_year_operating_14d_medium","2","DEU","{""id"":""model-reversion-models"",""name"":""Reversion Models""}","[]","MATRIX","TOP500","0"
"0","{""id"":""model"",""name"":""Model""}","0","{""id"":""analyst_revision_horizons"",""name"":""Multi Horizon Analyst Revision Signals""}","1","2026-07-01","1","Average percent change in analyst EBITDA estimates for the current fiscal year over 30 days, long horizon.","avg_estimate_change_pct_current_year_operating_30d_long","2","DEU","{""id"":""model-reversion-models"",""name"":""Reversion Models""}","[]","MATRIX","TOP500","0"
"0","{""id"":""model"",""name"":""Model""}","0","{""id"":""analyst_revision_horizons"",""name"":""Multi Horizon Analyst Revision Signals""}","1","2026-07-01","1","Average percent change in analyst EBITDA estimates for the current fiscal year over 30 days, medium horizon.","avg_estimate_change_pct_current_year_operating_30d_medium","2","DEU","{""id"":""model-reversion-models"",""name"":""Reversion Models""}","[]","MATRIX","TOP500","0"
"0","{""id"":""model"",""name"":""Model""}","0","{""id"":""analyst_revision_horizons"",""name"":""Multi Horizon Analyst Revision Signals""}","1","2026-07-01","1","Average percent change in analyst EBITDA estimates for the current fiscal year over 60 days, medium horizon.","avg_estimate_change_pct_current_year_operating_60d_medium","2","DEU","{""id"":""model-reversion-models"",""name"":""Reversion Models""}","[]","MATRIX","TOP500","0"
"0","{""id"":""model"",""name"":""Model""}","0","{""id"":""analyst_revision_horizons"",""name"":""Multi Horizon Analyst Revision Signals""}","1","2026-07-01","1","Average percent change in analyst earnings estimates for the current fiscal year over 60 days, medium horizon.","avg_estimate_change_pct_current_year_profit_60d_medium","2","DEU","{""id"":""model-reversion-models"",""name"":""Reversion Models""}","[]","MATRIX","TOP500","0"
"0","{""id"":""model"",""name"":""Model""}","0","{""id"":""analyst_revision_horizons"",""name"":""Multi Horizon Analyst Revision Signals""}","1","2026-07-01","1","Average percent change in analyst earnings estimates for the current fiscal year over 60 days, short horizon.","avg_estimate_change_pct_current_year_profit_60d_short","2","DEU","{""id"":""model-reversion-models"",""name"":""Reversion Models""}","[]","MATRIX","TOP500","0"
"0","{""id"":""model"",""name"":""Model""}","0","{""id"":""analyst_revision_horizons"",""name"":""Multi Horizon Analyst Revision Signals""}","1","2026-07-01","1","Average percent change in analyst earnings estimates for the current fiscal year over 90 days, medium horizon.","avg_estimate_change_pct_current_year_profit_90d_medium","2","DEU","{""id"":""model-reversion-models"",""name"":""Reversion Models""}","[]","MATRIX","TOP500","0"
"0","{""id"":""model"",""name"":""Model""}","0","{""id"":""analyst_revision_horizons"",""name"":""Multi Horizon Analyst Revision Signals""}","1","2026-07-01","1","Average percent change in analyst earnings estimates for the current fiscal year over 90 days, short horizon.","avg_estimate_change_pct_current_year_profit_90d_short","2","DEU","{""id"":""model-reversion-models"",""name"":""Reversion Models""}","[]","MATRIX","TOP500","0"
"0","{""id"":""model"",""name"":""Model""}","0","{""id"":""analyst_revision_horizons"",""name"":""Multi Horizon Analyst Revision Signals""}","1","2026-07-01","1","Mean percentage change in analysts’ revenue estimates for the current fiscal year (FY1) over the past 14 days, short-term horizon","avg_estimate_change_pct_current_year_revenue_14d_short","2","DEU","{""id"":""model-reversion-models"",""name"":""Reversion Models""}","[]","MATRIX","TOP500","0"
"0","{""id"":""model"",""name"":""Model""}","0","{""id"":""analyst_revision_horizons"",""name"":""Multi Horizon Analyst Revision Signals""}","1","2026-07-01","1","Percentage change in the consensus mean estimate for current fiscal year (FY1) revenue over the past 30 days, long-term horizon component","avg_estimate_change_pct_current_year_revenue_30d_long","2","DEU","{""id"":""model-reversion-models"",""name"":""Reversion Models""}","[]","MATRIX","TOP500","0"
"0","{""id"":""model"",""name"":""Model""}","0","{""id"":""analyst_revision_horizons"",""name"":""Multi Horizon Analyst Revision Signals""}","1","2026-07-01","1","Mean percentage change in analysts’ revenue estimate for the current fiscal year (FY1) over the past 30 days, short-term horizon","avg_estimate_change_pct_current_year_revenue_30d_short","2","DEU","{""id"":""model-reversion-models"",""name"":""Reversion Models""}","[]","MATRIX","TOP500","0"
"0","{""id"":""model"",""name"":""Model""}","0","{""id"":""analyst_revision_horizons"",""name"":""Multi Horizon Analyst Revision Signals""}","1","2026-07-01","1","Percentage change in the consensus mean estimate for current fiscal year revenue over the past 60 days, long-horizon signal","avg_estimate_change_pct_current_year_revenue_60d_long","2","DEU","{""id"":""model-reversion-models"",""name"":""Reversion Models""}","[]","MATRIX","TOP500","0"
"0","{""id"":""model"",""name"":""Model""}","0","{""id"":""analyst_revision_horizons"",""name"":""Multi Horizon Analyst Revision Signals""}","1","2026-07-01","1","Average percentage change in analyst revenue estimates for the current fiscal year over the past 60 days (short horizon).","avg_estimate_change_pct_current_year_revenue_60d_short","2","DEU","{""id"":""model-reversion-models"",""name"":""Reversion Models""}","[]","MATRIX","TOP500","0"
"0","{""id"":""model"",""name"":""Model""}","0","{""id"":""analyst_revision_horizons"",""name"":""Multi Horizon Analyst Revision Signals""}","1","2026-07-01","1","Average percentage change in analyst revenue estimates for the current fiscal year over the past 7 days (medium horizon).","avg_estimate_change_pct_current_year_revenue_7d_medium","2","DEU","{""id"":""model-reversion-models"",""name"":""Reversion Models""}","[]","MATRIX","TOP500","0"
"0","{""id"":""model"",""name"":""Model""}","0","{""id"":""analyst_revision_horizons"",""name"":""Multi Horizon Analyst Revision Signals""}","1","2026-07-01","1","Average percentage change in analyst revenue estimates for the current fiscal year over the past 90 days (long horizon).","avg_estimate_change_pct_current_year_revenue_90d_long","2","DEU","{""id"":""model-reversion-models"",""name"":""Reversion Models""}","[]","MATRIX","TOP500","0"
"0","{""id"":""model"",""name"":""Model""}","0","{""id"":""analyst_revision_horizons"",""name"":""Multi Horizon Analyst Revision Signals""}","1","2026-07-01","1","Percentage change in the consensus mean estimate for current fiscal year (FY1) revenue over the past 90 days, medium-term horizon component","avg_estimate_change_pct_current_year_revenue_90d_medium","2","DEU","{""id"":""model-reversion-models"",""name"":""Reversion Models""}","[]","MATRIX","TOP500","0"
"0","{""id"":""model"",""name"":""Model""}","0","{""id"":""analyst_revision_horizons"",""name"":""Multi Horizon Analyst Revision Signals""}","1","2026-07-01","1","Mean percentage change in the consensus mean FY1 revenue estimate over the past 90 days; short-horizon component","avg_estimate_change_pct_current_year_revenue_90d_short","2","DEU","{""id"":""model-reversion-models"",""name"":""Reversion Models""}","[]","MATRIX","TOP500","0"
"0","{""id"":""model"",""name"":""Model""}","0","{""id"":""analyst_revision_horizons"",""name"":""Multi Horizon Analyst Revision Signals""}","1","2026-07-01","1","Average percent change in analyst revenue estimates for the current fiscal year over 14 days, medium horizon.","avg_estimate_change_pct_current_year_sales_14d_medium","2","DEU","{""id"":""model-reversion-models"",""name"":""Reversion Models""}","[]","MATRIX","TOP500","0"
"0","{""id"":""model"",""name"":""Model""}","0","{""id"":""analyst_revision_horizons"",""name"":""Multi Horizon Analyst Revision Signals""}","1","2026-07-01","1","Average percent change in analyst revenue estimates for the current fiscal year over 7 days, long horizon.","avg_estimate_change_pct_current_year_sales_7d_long","2","DEU","{""id"":""model-reversion-models"",""name"":""Reversion Models""}","[]","MATRIX","TOP500","0"
"0","{""id"":""model"",""name"":""Model""}","0","{""id"":""analyst_revision_horizons"",""name"":""Multi Horizon Analyst Revision Signals""}","1","2026-07-01","1","Average percent change in analyst revenue estimates for the current fiscal year over 7 days, short horizon.","avg_estimate_change_pct_current_year_sales_7d_short","2","DEU","{""id"":""model-reversion-models"",""name"":""Reversion Models""}","[]","MATRIX","TOP500","0"
"0","{""id"":""model"",""name"":""Model""}","0","{""id"":""analyst_revision_horizons"",""name"":""Multi Horizon Analyst Revision Signals""}","1","2026-07-01","1","Average percentage change in analyst estimates for forward 12-month earnings over the past 14 days, medium-term horizon.","avg_estimate_change_pct_f12m_earnings_14d_medium_4","2","DEU","{""id"":""model-reversion-models"",""name"":""Reversion Models""}","[]","MATRIX","TOP500","0"
"0","{""id"":""model"",""name"":""Model""}","0","{""id"":""analyst_revision_horizons"",""name"":""Multi Horizon Analyst Revision Signals""}","1","2026-07-01","1","Mean percentage change in analysts’ consensus forward 12‑month earnings estimates over the past 14 days, short‑horizon component","avg_estimate_change_pct_f12m_earnings_14d_short_4","2","DEU","{""id"":""model-reversion-models"",""name"":""Reversion Models""}","[]","MATRIX","TOP500","0"
"0","{""id"":""model"",""name"":""Model""}","0","{""id"":""analyst_revision_horizons"",""name"":""Multi Horizon Analyst Revision Signals""}","1","2026-07-01","1","Mean percentage change in the consensus forward 12-month earnings estimate (F12M) over the past 30 days, long horizon","avg_estimate_change_pct_f12m_earnings_30d_long_4","2","DEU","{""id"":""model-reversion-models"",""name"":""Reversion Models""}","[]","MATRIX","TOP500","0"
"0","{""id"":""model"",""name"":""Model""}","0","{""id"":""analyst_revision_horizons"",""name"":""Multi Horizon Analyst Revision Signals""}","1","2026-07-01","1","Average percentage change in analyst earnings estimates for the forward 12 months over the past 30 days (medium horizon).","avg_estimate_change_pct_f12m_earnings_30d_medium_term","2","DEU","{""id"":""model-reversion-models"",""name"":""Reversion Models""}","[]","MATRIX","TOP500","0"
"0","{""id"":""model"",""name"":""Model""}","0","{""id"":""analyst_revision_horizons"",""name"":""Multi Horizon Analyst Revision Signals""}","1","2026-07-01","1","Mean percentage change in analysts’ consensus forward 12‑month earnings (EPS) estimates over the past 60 days, long‑horizon component","avg_estimate_change_pct_f12m_earnings_60d_long_4","2","DEU","{""id"":""model-reversion-models"",""name"":""Reversion Models""}","[]","MATRIX","TOP500","0"
"0","{""id"":""model"",""name"":""Model""}","0","{""id"":""analyst_revision_horizons"",""name"":""Multi Horizon Analyst Revision Signals""}","1","2026-07-01","1","Mean percentage change in the forward 12-month earnings estimate over the past 60 days, medium-horizon component","avg_estimate_change_pct_f12m_earnings_60d_medium_4","2","DEU","{""id"":""model-reversion-models"",""name"":""Reversion Models""}","[]","MATRIX","TOP500","0"
"0","{""id"":""model"",""name"":""Model""}","0","{""id"":""analyst_revision_horizons"",""name"":""Multi Horizon Analyst Revision Signals""}","1","2026-07-01","1","Mean percentage change in the consensus mean forward 12-month (F12M) earnings estimate over the past 60 days; short-horizon component","avg_estimate_change_pct_f12m_earnings_60d_short_4","2","DEU","{""id"":""model-reversion-models"",""name"":""Reversion Models""}","[]","MATRIX","TOP500","0"
"0","{""id"":""model"",""name"":""Model""}","0","{""id"":""analyst_revision_horizons"",""name"":""Multi Horizon Analyst Revision Signals""}","1","2026-07-01","1","Average percentage change in analyst earnings estimates for the forward 12 months over the past 7 days (medium horizon).","avg_estimate_change_pct_f12m_earnings_7d_medium_term","2","DEU","{""id"":""model-reversion-models"",""name"":""Reversion Models""}","[]","MATRIX","TOP500","0"
"0","{""id"":""model"",""name"":""Model""}","0","{""id"":""analyst_revision_horizons"",""name"":""Multi Horizon Analyst Revision Signals""}","1","2026-07-01","1","Average percentage change in analyst earnings estimates for the forward 12 months over the past 7 days (short horizon).","avg_estimate_change_pct_f12m_earnings_7d_short_4","2","DEU","{""id"":""model-reversion-models"",""name"":""Reversion Models""}","[]","MATRIX","TOP500","0"
"0","{""id"":""model"",""name"":""Model""}","0","{""id"":""analyst_revision_horizons"",""name"":""Multi Horizon Analyst Revision Signals""}","1","2026-07-01","1","Average percentage change in analyst estimates for forward 12-month earnings over the past 90 days, long-term horizon.","avg_estimate_change_pct_f12m_earnings_90d_long_4","2","DEU","{""id"":""model-reversion-models"",""name"":""Reversion Models""}","[]","MATRIX","TOP500","0"
"0","{""id"":""model"",""name"":""Model""}","0","{""id"":""analyst_revision_horizons"",""name"":""Multi Horizon Analyst Revision Signals""}","1","2026-07-01","1","Average percentage change in analyst earnings estimates for the forward 12 months over the past 90 days (medium horizon).","avg_estimate_change_pct_f12m_earnings_90d_medium_term","2","DEU","{""id"":""model-reversion-models"",""name"":""Reversion Models""}","[]","MATRIX","TOP500","0"
"0","{""id"":""model"",""name"":""Model""}","0","{""id"":""analyst_revision_horizons"",""name"":""Multi Horizon Analyst Revision Signals""}","1","2026-07-01","1","Percentage change in the consensus mean estimate for forward 12-month (F12M) earnings over the past 90 days, short-term horizon component","avg_estimate_change_pct_f12m_earnings_90d_short_4","2","DEU","{""id"":""model-reversion-models"",""name"":""Reversion Models""}","[]","MATRIX","TOP500","0"
"0","{""id"":""model"",""name"":""Model""}","0","{""id"":""analyst_revision_horizons"",""name"":""Multi Horizon Analyst Revision Signals""}","1","2026-07-01","1","Mean percentage change in the consensus forward 12-month EBITDA estimate (F12M) over the past 14 days, long horizon","avg_estimate_change_pct_f12m_ebitda_14d_long_4","2","DEU","{""id"":""model-reversion-models"",""name"":""Reversion Models""}","[]","MATRIX","TOP500","0"
"0","{""id"":""model"",""name"":""Model""}","0","{""id"":""analyst_revision_horizons"",""name"":""Multi Horizon Analyst Revision Signals""}","1","2026-07-01","1","Medium-term average percentage change in forward 12-month EBITDA analyst estimates over 14 days.","avg_estimate_change_pct_f12m_ebitda_14d_medium_4","2","DEU","{""id"":""model-reversion-models"",""name"":""Reversion Models""}","[]","MATRIX","TOP500","0"
"0","{""id"":""model"",""name"":""Model""}","0","{""id"":""analyst_revision_horizons"",""name"":""Multi Horizon Analyst Revision Signals""}","1","2026-07-01","1","Mean percentage change in the forward 12-month EBITDA estimate over the past 14 days, short-horizon component","avg_estimate_change_pct_f12m_ebitda_14d_short_4","2","DEU","{""id"":""model-reversion-models"",""name"":""Reversion Models""}","[]","MATRIX","TOP500","0"
"0","{""id"":""model"",""name"":""Model""}","0","{""id"":""analyst_revision_horizons"",""name"":""Multi Horizon Analyst Revision Signals""}","1","2026-07-01","1","Average percentage change in analyst estimates for forward 12-month EBITDA over the past 30 days, long-term horizon.","avg_estimate_change_pct_f12m_ebitda_30d_long_4","2","DEU","{""id"":""model-reversion-models"",""name"":""Reversion Models""}","[]","MATRIX","TOP500","0"
"0","{""id"":""model"",""name"":""Model""}","0","{""id"":""analyst_revision_horizons"",""name"":""Multi Horizon Analyst Revision Signals""}","1","2026-07-01","1","Mean percentage change in the consensus forward 12-month EBITDA estimate (F12M) over the past 30 days, medium horizon","avg_estimate_change_pct_f12m_ebitda_30d_medium_4","2","DEU","{""id"":""model-reversion-models"",""name"":""Reversion Models""}","[]","MATRIX","TOP500","0"
"0","{""id"":""model"",""name"":""Model""}","0","{""id"":""analyst_revision_horizons"",""name"":""Multi Horizon Analyst Revision Signals""}","1","2026-07-01","1","Mean percentage change in the consensus mean forward 12-month (F12M) EBITDA estimate over the past 30 days; short-horizon component","avg_estimate_change_pct_f12m_ebitda_30d_short_4","2","DEU","{""id"":""model-reversion-models"",""name"":""Reversion Models""}","[]","MATRIX","TOP500","0"
"0","{""id"":""model"",""name"":""Model""}","0","{""id"":""analyst_revision_horizons"",""name"":""Multi Horizon Analyst Revision Signals""}","1","2026-07-01","1","Mean percentage change in analysts’ EBITDA estimates for the forward 12 months over the past 60 days, medium-term horizon","avg_estimate_change_pct_f12m_ebitda_60d_medium_4","2","DEU","{""id"":""model-reversion-models"",""name"":""Reversion Models""}","[]","MATRIX","TOP500","0"
"0","{""id"":""model"",""name"":""Model""}","0","{""id"":""analyst_revision_horizons"",""name"":""Multi Horizon Analyst Revision Signals""}","1","2026-07-01","1","Mean percentage change in analysts’ consensus forward 12‑month EBITDA estimates over the past 60 days, short‑horizon component","avg_estimate_change_pct_f12m_ebitda_60d_short_4","2","DEU","{""id"":""model-reversion-models"",""name"":""Reversion Models""}","[]","MATRIX","TOP500","0"
"0","{""id"":""model"",""name"":""Model""}","0","{""id"":""analyst_revision_horizons"",""name"":""Multi Horizon Analyst Revision Signals""}","1","2026-07-01","1","Percentage change in the consensus mean estimate for forward 12-month (F12M) EBITDA over the past 7 days, medium-term horizon component","avg_estimate_change_pct_f12m_ebitda_7d_medium_term","2","DEU","{""id"":""model-reversion-models"",""name"":""Reversion Models""}","[]","MATRIX","TOP500","0"
"0","{""id"":""model"",""name"":""Model""}","0","{""id"":""analyst_revision_horizons"",""name"":""Multi Horizon Analyst Revision Signals""}","1","2026-07-01","1","Average percentage change in analyst EBITDA estimates for the forward 12 months over the past 7 days (short horizon).","avg_estimate_change_pct_f12m_ebitda_7d_short_term","2","DEU","{""id"":""model-reversion-models"",""name"":""Reversion Models""}","[]","MATRIX","TOP500","0"
"0","{""id"":""model"",""name"":""Model""}","0","{""id"":""analyst_revision_horizons"",""name"":""Multi Horizon Analyst Revision Signals""}","1","2026-07-01","1","Percentage change in the consensus 12-month forward EBITDA estimate over the past 90 days, long-horizon signal","avg_estimate_change_pct_f12m_ebitda_90d_long_term","2","DEU","{""id"":""model-reversion-models"",""name"":""Reversion Models""}","[]","MATRIX","TOP500","0"
"0","{""id"":""model"",""name"":""Model""}","0","{""id"":""analyst_revision_horizons"",""name"":""Multi Horizon Analyst Revision Signals""}","1","2026-07-01","1","Average percentage change in analyst estimates for forward 12-month EBITDA over the past 90 days, medium-term horizon.","avg_estimate_change_pct_f12m_ebitda_90d_medium_4","2","DEU","{""id"":""model-reversion-models"",""name"":""Reversion Models""}","[]","MATRIX","TOP500","0"
"0","{""id"":""model"",""name"":""Model""}","0","{""id"":""analyst_revision_horizons"",""name"":""Multi Horizon Analyst Revision Signals""}","1","2026-07-01","1","Short-term average percentage change in forward 12-month earnings per share analyst estimates over 30 days.","avg_estimate_change_pct_f12m_eps_30d_short_4","2","DEU","{""id"":""model-reversion-models"",""name"":""Reversion Models""}","[]","MATRIX","TOP500","0"
"0","{""id"":""model"",""name"":""Model""}","0","{""id"":""analyst_revision_horizons"",""name"":""Multi Horizon Analyst Revision Signals""}","1","2026-07-01","1","Mean percentage change in the consensus forward 12-month revenue estimate (F12M) over the past 14 days, long horizon","avg_estimate_change_pct_f12m_revenue_14d_long_4","2","DEU","{""id"":""model-reversion-models"",""name"":""Reversion Models""}","[]","MATRIX","TOP500","0"
"0","{""id"":""model"",""name"":""Model""}","0","{""id"":""analyst_revision_horizons"",""name"":""Multi Horizon Analyst Revision Signals""}","1","2026-07-01","1","Average percentage change in analyst revenue estimates for the forward 12 months over the past 14 days (medium horizon).","avg_estimate_change_pct_f12m_revenue_14d_medium_term","2","DEU","{""id"":""model-reversion-models"",""name"":""Reversion Models""}","[]","MATRIX","TOP500","0"
"0","{""id"":""model"",""name"":""Model""}","0","{""id"":""analyst_revision_horizons"",""name"":""Multi Horizon Analyst Revision Signals""}","1","2026-07-01","1","Average percentage change in analyst revenue estimates for the forward 12 months over the past 30 days (long horizon).","avg_estimate_change_pct_f12m_revenue_30d_long_term","2","DEU","{""id"":""model-reversion-models"",""name"":""Reversion Models""}","[]","MATRIX","TOP500","0"
"0","{""id"":""model"",""name"":""Model""}","0","{""id"":""analyst_revision_horizons"",""name"":""Multi Horizon Analyst Revision Signals""}","1","2026-07-01","1","Mean percentage change in the forward 12-month revenue estimate over the past 30 days, medium-term horizon","avg_estimate_change_pct_f12m_revenue_30d_medium_4","2","DEU","{""id"":""model-reversion-models"",""name"":""Reversion Models""}","[]","MATRIX","TOP500","0"
"0","{""id"":""model"",""name"":""Model""}","0","{""id"":""analyst_revision_horizons"",""name"":""Multi Horizon Analyst Revision Signals""}","1","2026-07-01","1","Average percentage change in analyst revenue estimates for the forward 12 months over the past 30 days (short horizon).","avg_estimate_change_pct_f12m_revenue_30d_short_4","2","DEU","{""id"":""model-reversion-models"",""name"":""Reversion Models""}","[]","MATRIX","TOP500","0"
"0","{""id"":""model"",""name"":""Model""}","0","{""id"":""analyst_revision_horizons"",""name"":""Multi Horizon Analyst Revision Signals""}","1","2026-07-01","1","Mean percentage change in the consensus forward 12-month revenue estimate (F12M) over the past 60 days, long horizon","avg_estimate_change_pct_f12m_revenue_60d_long_4","2","DEU","{""id"":""model-reversion-models"",""name"":""Reversion Models""}","[]","MATRIX","TOP500","0"
"0","{""id"":""model"",""name"":""Model""}","0","{""id"":""analyst_revision_horizons"",""name"":""Multi Horizon Analyst Revision Signals""}","1","2026-07-01","1","Mean percentage change in the forward 12-month revenue estimate over the past 60 days, medium-term horizon","avg_estimate_change_pct_f12m_revenue_60d_medium_4","2","DEU","{""id"":""model-reversion-models"",""name"":""Reversion Models""}","[]","MATRIX","TOP500","0"
"0","{""id"":""model"",""name"":""Model""}","0","{""id"":""analyst_revision_horizons"",""name"":""Multi Horizon Analyst Revision Signals""}","1","2026-07-01","1","Percentage change in the consensus mean estimate for forward 12-month (F12M) revenue over the past 60 days, short-term horizon component","avg_estimate_change_pct_f12m_revenue_60d_short_4","2","DEU","{""id"":""model-reversion-models"",""name"":""Reversion Models""}","[]","MATRIX","TOP500","0"
"0","{""id"":""model"",""name"":""Model""}","0","{""id"":""analyst_revision_horizons"",""name"":""Multi Horizon Analyst Revision Signals""}","1","2026-07-01","1","Percentage change in the consensus mean estimate for forward 12-month (F12M) revenue over the past 7 days, long-term horizon component","avg_estimate_change_pct_f12m_revenue_7d_long_term","2","DEU","{""id"":""model-reversion-models"",""name"":""Reversion Models""}","[]","MATRIX","TOP500","0"
"0","{""id"":""model"",""name"":""Model""}","0","{""id"":""analyst_revision_horizons"",""name"":""Multi Horizon Analyst Revision Signals""}","1","2026-07-01","1","Average percentage change in analyst revenue estimates for the forward 12 months over the past 7 days (medium horizon).","avg_estimate_change_pct_f12m_revenue_7d_medium_term","2","DEU","{""id"":""model-reversion-models"",""name"":""Reversion Models""}","[]","MATRIX","TOP500","0"
"0","{""id"":""model"",""name"":""Model""}","0","{""id"":""analyst_revision_horizons"",""name"":""Multi Horizon Analyst Revision Signals""}","1","2026-07-01","1","Mean percentage change in the forward 12-month revenue estimate over the past 7 days, short-horizon component","avg_estimate_change_pct_f12m_revenue_7d_short_4","2","DEU","{""id"":""model-reversion-models"",""name"":""Reversion Models""}","[]","MATRIX","TOP500","0"
"0","{""id"":""model"",""name"":""Model""}","0","{""id"":""analyst_revision_horizons"",""name"":""Multi Horizon Analyst Revision Signals""}","1","2026-07-01","1","Mean percentage change in the consensus forward 12-month revenue estimate (F12M) over the past 90 days, long horizon","avg_estimate_change_pct_f12m_revenue_90d_long_4","2","DEU","{""id"":""model-reversion-models"",""name"":""Reversion Models""}","[]","MATRIX","TOP500","0"
"0","{""id"":""model"",""name"":""Model""}","0","{""id"":""analyst_revision_horizons"",""name"":""Multi Horizon Analyst Revision Signals""}","1","2026-07-01","1","Mean percentage change in the consensus mean forward 12-month (F12M) revenue estimate over the past 90 days; medium-horizon component","avg_estimate_change_pct_f12m_revenue_90d_medium_4","2","DEU","{""id"":""model-reversion-models"",""name"":""Reversion Models""}","[]","MATRIX","TOP500","0"
"0","{""id"":""model"",""name"":""Model""}","0","{""id"":""analyst_revision_horizons"",""name"":""Multi Horizon Analyst Revision Signals""}","1","2026-07-01","1","Average percent change in analyst EBITDA estimates for the next 12 months over 60 days, long horizon.","avg_estimate_change_pct_next_12m_operating_60d_long","2","DEU","{""id"":""model-reversion-models"",""name"":""Reversion Models""}","[]","MATRIX","TOP500","0"
"0","{""id"":""model"",""name"":""Model""}","0","{""id"":""analyst_revision_horizons"",""name"":""Multi Horizon Analyst Revision Signals""}","1","2026-07-01","1","Average percent change in analyst EBITDA estimates for the next 12 months over 90 days, short horizon.","avg_estimate_change_pct_next_12m_operating_90d_short","2","DEU","{""id"":""model-reversion-models"",""name"":""Reversion Models""}","[]","MATRIX","TOP500","0"
"0","{""id"":""model"",""name"":""Model""}","0","{""id"":""analyst_revision_horizons"",""name"":""Multi Horizon Analyst Revision Signals""}","1","2026-07-01","1","Average percent change in analyst earnings estimates for the next 12 months over 14 days, long horizon.","avg_estimate_change_pct_next_12m_profit_14d_long","2","DEU","{""id"":""model-reversion-models"",""name"":""Reversion Models""}","[]","MATRIX","TOP500","0"
"0","{""id"":""model"",""name"":""Model""}","0","{""id"":""analyst_revision_horizons"",""name"":""Multi Horizon Analyst Revision Signals""}","1","2026-07-01","1","Average percent change in analyst earnings estimates for the next 12 months over 7 days, long horizon.","avg_estimate_change_pct_next_12m_profit_7d_long","2","DEU","{""id"":""model-reversion-models"",""name"":""Reversion Models""}","[]","MATRIX","TOP500","0"
"0","{""id"":""model"",""name"":""Model""}","0","{""id"":""analyst_revision_horizons"",""name"":""Multi Horizon Analyst Revision Signals""}","1","2026-07-01","1","Average percent change in analyst revenue estimates for the next 12 months over 14 days, short horizon.","avg_estimate_change_pct_next_12m_sales_14d_short","2","DEU","{""id"":""model-reversion-models"",""name"":""Reversion Models""}","[]","MATRIX","TOP500","0"
"0","{""id"":""model"",""name"":""Model""}","0","{""id"":""analyst_revision_horizons"",""name"":""Multi Horizon Analyst Revision Signals""}","1","2026-07-01","1","Average percent change in analyst revenue estimates for the next 12 months over 90 days, short horizon.","avg_estimate_change_pct_next_12m_sales_90d_short","2","DEU","{""id"":""model-reversion-models"",""name"":""Reversion Models""}","[]","MATRIX","TOP500","0"
"0","{""id"":""model"",""name"":""Model""}","0","{""id"":""analyst_revision_horizons"",""name"":""Multi Horizon Analyst Revision Signals""}","1","2026-07-01","1","Percentage change in the consensus mean estimate for next quarter earnings over the past 14 days, long-horizon signal","avg_estimate_change_pct_next_quarter2_earnings_14d_long","2","DEU","{""id"":""model-reversion-models"",""name"":""Reversion Models""}","[]","MATRIX","TOP500","0"
"0","{""id"":""model"",""name"":""Model""}","0","{""id"":""analyst_revision_horizons"",""name"":""Multi Horizon Analyst Revision Signals""}","1","2026-07-01","1","Average percentage change in analyst earnings estimates for the second upcoming quarter over the past 14 days (medium horizon).","avg_estimate_change_pct_next_quarter2_earnings_14d_medium","2","DEU","{""id"":""model-reversion-models"",""name"":""Reversion Models""}","[]","MATRIX","TOP500","0"
"0","{""id"":""model"",""name"":""Model""}","0","{""id"":""analyst_revision_horizons"",""name"":""Multi Horizon Analyst Revision Signals""}","1","2026-07-01","1","Average percentage change in analyst earnings estimates for the second upcoming quarter over the past 30 days (long horizon).","avg_estimate_change_pct_next_quarter2_earnings_30d_long","2","DEU","{""id"":""model-reversion-models"",""name"":""Reversion Models""}","[]","MATRIX","TOP500","0"
"0","{""id"":""model"",""name"":""Model""}","0","{""id"":""analyst_revision_horizons"",""name"":""Multi Horizon Analyst Revision Signals""}","1","2026-07-01","1","Percentage change in the consensus mean estimate for next fiscal quarter (FQ2) earnings over the past 30 days, medium-term horizon component","avg_estimate_change_pct_next_quarter2_earnings_30d_medium","2","DEU","{""id"":""model-reversion-models"",""name"":""Reversion Models""}","[]","MATRIX","TOP500","0"
"0","{""id"":""model"",""name"":""Model""}","0","{""id"":""analyst_revision_horizons"",""name"":""Multi Horizon Analyst Revision Signals""}","1","2026-07-01","1","Mean percentage change in analysts’ earnings estimates for the next fiscal quarter (FQ2) over the past 30 days, short-term horizon","avg_estimate_change_pct_next_quarter2_earnings_30d_short","2","DEU","{""id"":""model-reversion-models"",""name"":""Reversion Models""}","[]","MATRIX","TOP500","0"
"0","{""id"":""model"",""name"":""Model""}","0","{""id"":""analyst_revision_horizons"",""name"":""Multi Horizon Analyst Revision Signals""}","1","2026-07-01","1","Mean percentage change in the next fiscal quarter (FQ2) earnings estimate over the past 60 days, long-horizon component","avg_estimate_change_pct_next_quarter2_earnings_60d_long","2","DEU","{""id"":""model-reversion-models"",""name"":""Reversion Models""}","[]","MATRIX","TOP500","0"
"0","{""id"":""model"",""name"":""Model""}","0","{""id"":""analyst_revision_horizons"",""name"":""Multi Horizon Analyst Revision Signals""}","1","2026-07-01","1","Mean percentage change in analysts' next fiscal quarter (FQ2) earnings estimates over the past 60 days (medium-term horizon)","avg_estimate_change_pct_next_quarter2_earnings_60d_medium_4","2","DEU","{""id"":""model-reversion-models"",""name"":""Reversion Models""}","[]","MATRIX","TOP500","0"
"0","{""id"":""model"",""name"":""Model""}","0","{""id"":""analyst_revision_horizons"",""name"":""Multi Horizon Analyst Revision Signals""}","1","2026-07-01","1","Mean percentage change in earnings estimates for the next fiscal quarter (FQ2) over the past 60 days, short-term horizon","avg_estimate_change_pct_next_quarter2_earnings_60d_short_4","2","DEU","{""id"":""model-reversion-models"",""name"":""Reversion Models""}","[]","MATRIX","TOP500","0"
"0","{""id"":""model"",""name"":""Model""}","0","{""id"":""analyst_revision_horizons"",""name"":""Multi Horizon Analyst Revision Signals""}","1","2026-07-01","1","Mean percentage change in analysts' next fiscal quarter (FQ2) earnings estimates over the past 7 days (short-term horizon)","avg_estimate_change_pct_next_quarter2_earnings_7d_short_4","2","DEU","{""id"":""model-reversion-models"",""name"":""Reversion Models""}","[]","MATRIX","TOP500","0"
"0","{""id"":""model"",""name"":""Model""}","0","{""id"":""analyst_revision_horizons"",""name"":""Multi Horizon Analyst Revision Signals""}","1","2026-07-01","1","Mean percentage change in earnings estimates for the next fiscal quarter (FQ2) over the past 90 days, long-term horizon","avg_estimate_change_pct_next_quarter2_earnings_90d_long_4","2","DEU","{""id"":""model-reversion-models"",""name"":""Reversion Models""}","[]","MATRIX","TOP500","0"
"0","{""id"":""model"",""name"":""Model""}","0","{""id"":""analyst_revision_horizons"",""name"":""Multi Horizon Analyst Revision Signals""}","1","2026-07-01","1","Percentage change in the consensus mean estimate for next fiscal quarter (FQ2) earnings over the past 90 days, medium-term horizon component","avg_estimate_change_pct_next_quarter2_earnings_90d_medium","2","DEU","{""id"":""model-reversion-models"",""name"":""Reversion Models""}","[]","MATRIX","TOP500","0"
"0","{""id"":""model"",""name"":""Model""}","0","{""id"":""analyst_revision_horizons"",""name"":""Multi Horizon Analyst Revision Signals""}","1","2026-07-01","1","Mean percentage change in the next fiscal quarter (FQ2) EBITDA estimate over the past 14 days, long-horizon component","avg_estimate_change_pct_next_quarter2_ebitda_14d_long_4","2","DEU","{""id"":""model-reversion-models"",""name"":""Reversion Models""}","[]","MATRIX","TOP500","0"
"0","{""id"":""model"",""name"":""Model""}","0","{""id"":""analyst_revision_horizons"",""name"":""Multi Horizon Analyst Revision Signals""}","1","2026-07-01","1","Mean percentage change in analysts’ estimates for EBITDA for the next fiscal quarter (FQ2) over the past 30 days, medium-term horizon","avg_estimate_change_pct_next_quarter2_ebitda_30d_medium_4","2","DEU","{""id"":""model-reversion-models"",""name"":""Reversion Models""}","[]","MATRIX","TOP500","0"
"0","{""id"":""model"",""name"":""Model""}","0","{""id"":""analyst_revision_horizons"",""name"":""Multi Horizon Analyst Revision Signals""}","1","2026-07-01","1","Mean percentage change in analysts’ consensus next fiscal quarter EBITDA estimates over the past 30 days, short‑horizon component","avg_estimate_change_pct_next_quarter2_ebitda_30d_short_4","2","DEU","{""id"":""model-reversion-models"",""name"":""Reversion Models""}","[]","MATRIX","TOP500","0"
"0","{""id"":""model"",""name"":""Model""}","0","{""id"":""analyst_revision_horizons"",""name"":""Multi Horizon Analyst Revision Signals""}","1","2026-07-01","1","Mean percentage change in analysts’ estimates for EBITDA for the next fiscal quarter (FQ2) over the past 60 days, medium-term horizon","avg_estimate_change_pct_next_quarter2_ebitda_60d_medium_4","2","DEU","{""id"":""model-reversion-models"",""name"":""Reversion Models""}","[]","MATRIX","TOP500","0"
"0","{""id"":""model"",""name"":""Model""}","0","{""id"":""analyst_revision_horizons"",""name"":""Multi Horizon Analyst Revision Signals""}","1","2026-07-01","1","Percentage change in the consensus mean estimate for next quarter EBITDA over the past 60 days, short-horizon signal","avg_estimate_change_pct_next_quarter2_ebitda_60d_short","2","DEU","{""id"":""model-reversion-models"",""name"":""Reversion Models""}","[]","MATRIX","TOP500","0"
"0","{""id"":""model"",""name"":""Model""}","0","{""id"":""analyst_revision_horizons"",""name"":""Multi Horizon Analyst Revision Signals""}","1","2026-07-01","1","Average percentage change in analyst EBITDA estimates for the second upcoming quarter over the past 7 days (medium horizon).","avg_estimate_change_pct_next_quarter2_ebitda_7d_medium","2","DEU","{""id"":""model-reversion-models"",""name"":""Reversion Models""}","[]","MATRIX","TOP500","0"
"0","{""id"":""model"",""name"":""Model""}","0","{""id"":""analyst_revision_horizons"",""name"":""Multi Horizon Analyst Revision Signals""}","1","2026-07-01","1","Percentage change in the consensus mean estimate for next fiscal quarter (FQ2) EBITDA over the past 7 days, short-term horizon component","avg_estimate_change_pct_next_quarter2_ebitda_7d_short","2","DEU","{""id"":""model-reversion-models"",""name"":""Reversion Models""}","[]","MATRIX","TOP500","0"
"0","{""id"":""model"",""name"":""Model""}","0","{""id"":""analyst_revision_horizons"",""name"":""Multi Horizon Analyst Revision Signals""}","1","2026-07-01","1","Mean percentage change in the consensus mean EBITDA estimate for next fiscal quarter (FQ2) over the past 90 days; long-horizon component","avg_estimate_change_pct_next_quarter2_ebitda_90d_long","2","DEU","{""id"":""model-reversion-models"",""name"":""Reversion Models""}","[]","MATRIX","TOP500","0"
"0","{""id"":""model"",""name"":""Model""}","0","{""id"":""analyst_revision_horizons"",""name"":""Multi Horizon Analyst Revision Signals""}","1","2026-07-01","1","Percentage change in the consensus mean estimate for next quarter EBITDA over the past 90 days, medium-horizon signal","avg_estimate_change_pct_next_quarter2_ebitda_90d_medium","2","DEU","{""id"":""model-reversion-models"",""name"":""Reversion Models""}","[]","MATRIX","TOP500","0"
"0","{""id"":""model"",""name"":""Model""}","0","{""id"":""analyst_revision_horizons"",""name"":""Multi Horizon Analyst Revision Signals""}","1","2026-07-01","1","Percentage change in the consensus mean estimate for next fiscal quarter (FQ2) EBITDA over the past 90 days, short-term horizon component","avg_estimate_change_pct_next_quarter2_ebitda_90d_short","2","DEU","{""id"":""model-reversion-models"",""name"":""Reversion Models""}","[]","MATRIX","TOP500","0"
"0","{""id"":""model"",""name"":""Model""}","0","{""id"":""analyst_revision_horizons"",""name"":""Multi Horizon Analyst Revision Signals""}","1","2026-07-01","1","Mean percentage change in revenue estimates for the next fiscal quarter (FQ2) over the past 14 days, long-term horizon","avg_estimate_change_pct_next_quarter2_revenue_14d_long_4","2","DEU","{""id"":""model-reversion-models"",""name"":""Reversion Models""}","[]","MATRIX","TOP500","0"
"0","{""id"":""model"",""name"":""Model""}","0","{""id"":""analyst_revision_horizons"",""name"":""Multi Horizon Analyst Revision Signals""}","1","2026-07-01","1","Mean percentage change in the consensus revenue estimate for the next fiscal quarter (FQ2) over the past 14 days, short horizon","avg_estimate_change_pct_next_quarter2_revenue_14d_short_4","2","DEU","{""id"":""model-reversion-models"",""name"":""Reversion Models""}","[]","MATRIX","TOP500","0"
"0","{""id"":""model"",""name"":""Model""}","0","{""id"":""analyst_revision_horizons"",""name"":""Multi Horizon Analyst Revision Signals""}","1","2026-07-01","1","Percentage change in the consensus mean estimate for next quarter revenue over the past 30 days, long-horizon signal","avg_estimate_change_pct_next_quarter2_revenue_30d_long","2","DEU","{""id"":""model-reversion-models"",""name"":""Reversion Models""}","[]","MATRIX","TOP500","0"
"0","{""id"":""model"",""name"":""Model""}","0","{""id"":""analyst_revision_horizons"",""name"":""Multi Horizon Analyst Revision Signals""}","1","2026-07-01","1","Mean percentage change in analysts’ revenue estimates for the next fiscal quarter (FQ2) over the past 60 days, medium-term horizon","avg_estimate_change_pct_next_quarter2_revenue_60d_medium","2","DEU","{""id"":""model-reversion-models"",""name"":""Reversion Models""}","[]","MATRIX","TOP500","0"
"0","{""id"":""model"",""name"":""Model""}","0","{""id"":""analyst_revision_horizons"",""name"":""Multi Horizon Analyst Revision Signals""}","1","2026-07-01","1","Mean percentage change in the consensus mean revenue estimate for next fiscal quarter (FQ2) over the past 60 days; short-horizon component","avg_estimate_change_pct_next_quarter2_revenue_60d_short","2","DEU","{""id"":""model-reversion-models"",""name"":""Reversion Models""}","[]","MATRIX","TOP500","0"
"0","{""id"":""model"",""name"":""Model""}","0","{""id"":""analyst_revision_horizons"",""name"":""Multi Horizon Analyst Revision Signals""}","1","2026-07-01","1","Mean percentage change in revenue estimates for the next fiscal quarter (FQ2) over the past 7 days, short-term horizon","avg_estimate_change_pct_next_quarter2_revenue_7d_short_4","2","DEU","{""id"":""model-reversion-models"",""name"":""Reversion Models""}","[]","MATRIX","TOP500","0"
"0","{""id"":""model"",""name"":""Model""}","0","{""id"":""analyst_revision_horizons"",""name"":""Multi Horizon Analyst Revision Signals""}","1","2026-07-01","1","Mean percentage change in next fiscal quarter (FQ2) revenue estimates over 90 days, long horizon","avg_estimate_change_pct_next_quarter2_revenue_90d_long","2","DEU","{""id"":""model-reversion-models"",""name"":""Reversion Models""}","[]","MATRIX","TOP500","0"
"0","{""id"":""model"",""name"":""Model""}","0","{""id"":""analyst_revision_horizons"",""name"":""Multi Horizon Analyst Revision Signals""}","1","2026-07-01","1","Mean percentage change in revenue estimates for the next fiscal quarter (FQ2) over the past 90 days, medium-term horizon","avg_estimate_change_pct_next_quarter2_revenue_90d_medium","2","DEU","{""id"":""model-reversion-models"",""name"":""Reversion Models""}","[]","MATRIX","TOP500","0"
"0","{""id"":""model"",""name"":""Model""}","0","{""id"":""analyst_revision_horizons"",""name"":""Multi Horizon Analyst Revision Signals""}","1","2026-07-01","1","Average percent change in analyst EBITDA estimates for the next fiscal quarter over 14 days, medium horizon.","avg_estimate_change_pct_next_quarter_operating_14d_medium","2","DEU","{""id"":""model-reversion-models"",""name"":""Reversion Models""}","[]","MATRIX","TOP500","0"
"0","{""id"":""model"",""name"":""Model""}","0","{""id"":""analyst_revision_horizons"",""name"":""Multi Horizon Analyst Revision Signals""}","1","2026-07-01","1","Average percent change in analyst EBITDA estimates for the next fiscal quarter over 14 days, short horizon.","avg_estimate_change_pct_next_quarter_operating_14d_short","2","DEU","{""id"":""model-reversion-models"",""name"":""Reversion Models""}","[]","MATRIX","TOP500","0"
"0","{""id"":""model"",""name"":""Model""}","0","{""id"":""analyst_revision_horizons"",""name"":""Multi Horizon Analyst Revision Signals""}","1","2026-07-01","1","Average percent change in analyst EBITDA estimates for the next fiscal quarter over 30 days, long horizon.","avg_estimate_change_pct_next_quarter_operating_30d_long","2","DEU","{""id"":""model-reversion-models"",""name"":""Reversion Models""}","[]","MATRIX","TOP500","0"
"0","{""id"":""model"",""name"":""Model""}","0","{""id"":""analyst_revision_horizons"",""name"":""Multi Horizon Analyst Revision Signals""}","1","2026-07-01","1","Average percent change in analyst EBITDA estimates for the next fiscal quarter over 60 days, long horizon.","avg_estimate_change_pct_next_quarter_operating_60d_long","2","DEU","{""id"":""model-reversion-models"",""name"":""Reversion Models""}","[]","MATRIX","TOP500","0"
"0","{""id"":""model"",""name"":""Model""}","0","{""id"":""analyst_revision_horizons"",""name"":""Multi Horizon Analyst Revision Signals""}","1","2026-07-01","1","Average percent change in analyst EBITDA estimates for the next fiscal quarter over 7 days, long horizon.","avg_estimate_change_pct_next_quarter_operating_7d_long","2","DEU","{""id"":""model-reversion-models"",""name"":""Reversion Models""}","[]","MATRIX","TOP500","0"
"0","{""id"":""model"",""name"":""Model""}","0","{""id"":""analyst_revision_horizons"",""name"":""Multi Horizon Analyst Revision Signals""}","1","2026-07-01","1","Average percent change in analyst earnings estimates for the next fiscal quarter over 14 days, short horizon.","avg_estimate_change_pct_next_quarter_profit_14d_short","2","DEU","{""id"":""model-reversion-models"",""name"":""Reversion Models""}","[]","MATRIX","TOP500","0"
"0","{""id"":""model"",""name"":""Model""}","0","{""id"":""analyst_revision_horizons"",""name"":""Multi Horizon Analyst Revision Signals""}","1","2026-07-01","1","Average percent change in analyst earnings estimates for the next fiscal quarter over 7 days, long horizon.","avg_estimate_change_pct_next_quarter_profit_7d_long","2","DEU","{""id"":""model-reversion-models"",""name"":""Reversion Models""}","[]","MATRIX","TOP500","0"
"0","{""id"":""model"",""name"":""Model""}","0","{""id"":""analyst_revision_horizons"",""name"":""Multi Horizon Analyst Revision Signals""}","1","2026-07-01","1","Average percent change in analyst earnings estimates for the next fiscal quarter over 7 days, medium horizon.","avg_estimate_change_pct_next_quarter_profit_7d_medium","2","DEU","{""id"":""model-reversion-models"",""name"":""Reversion Models""}","[]","MATRIX","TOP500","0"
"0","{""id"":""model"",""name"":""Model""}","0","{""id"":""analyst_revision_horizons"",""name"":""Multi Horizon Analyst Revision Signals""}","1","2026-07-01","1","Average percent change in analyst earnings estimates for the next fiscal quarter over 90 days, short horizon.","avg_estimate_change_pct_next_quarter_profit_90d_short","2","DEU","{""id"":""model-reversion-models"",""name"":""Reversion Models""}","[]","MATRIX","TOP500","0"
"0","{""id"":""model"",""name"":""Model""}","0","{""id"":""analyst_revision_horizons"",""name"":""Multi Horizon Analyst Revision Signals""}","1","2026-07-01","1","Average percent change in analyst revenue estimates for the next fiscal quarter over 14 days, medium horizon.","avg_estimate_change_pct_next_quarter_sales_14d_medium","2","DEU","{""id"":""model-reversion-models"",""name"":""Reversion Models""}","[]","MATRIX","TOP500","0"
"0","{""id"":""model"",""name"":""Model""}","0","{""id"":""analyst_revision_horizons"",""name"":""Multi Horizon Analyst Revision Signals""}","1","2026-07-01","1","Average percent change in analyst revenue estimates for the next fiscal quarter over 30 days, medium horizon.","avg_estimate_change_pct_next_quarter_sales_30d_medium","2","DEU","{""id"":""model-reversion-models"",""name"":""Reversion Models""}","[]","MATRIX","TOP500","0"
"0","{""id"":""model"",""name"":""Model""}","0","{""id"":""analyst_revision_horizons"",""name"":""Multi Horizon Analyst Revision Signals""}","1","2026-07-01","1","Average percent change in analyst revenue estimates for the next fiscal quarter over 30 days, short horizon.","avg_estimate_change_pct_next_quarter_sales_30d_short","2","DEU","{""id"":""model-reversion-models"",""name"":""Reversion Models""}","[]","MATRIX","TOP500","0"
"0","{""id"":""model"",""name"":""Model""}","0","{""id"":""analyst_revision_horizons"",""name"":""Multi Horizon Analyst Revision Signals""}","1","2026-07-01","1","Average percent change in analyst revenue estimates for the next fiscal quarter over 60 days, long horizon.","avg_estimate_change_pct_next_quarter_sales_60d_long","2","DEU","{""id"":""model-reversion-models"",""name"":""Reversion Models""}","[]","MATRIX","TOP500","0"
"0","{""id"":""model"",""name"":""Model""}","0","{""id"":""analyst_revision_horizons"",""name"":""Multi Horizon Analyst Revision Signals""}","1","2026-07-01","1","Average percent change in analyst revenue estimates for the next fiscal quarter over 7 days, long horizon.","avg_estimate_change_pct_next_quarter_sales_7d_long","2","DEU","{""id"":""model-reversion-models"",""name"":""Reversion Models""}","[]","MATRIX","TOP500","0"
"0","{""id"":""model"",""name"":""Model""}","0","{""id"":""analyst_revision_horizons"",""name"":""Multi Horizon Analyst Revision Signals""}","1","2026-07-01","1","Average percent change in analyst revenue estimates for the next fiscal quarter over 7 days, medium horizon.","avg_estimate_change_pct_next_quarter_sales_7d_medium","2","DEU","{""id"":""model-reversion-models"",""name"":""Reversion Models""}","[]","MATRIX","TOP500","0"
"0","{""id"":""model"",""name"":""Model""}","0","{""id"":""analyst_revision_horizons"",""name"":""Multi Horizon Analyst Revision Signals""}","1","2026-07-01","1","Average percent change in analyst revenue estimates for the next fiscal quarter over 90 days, short horizon.","avg_estimate_change_pct_next_quarter_sales_90d_short","2","DEU","{""id"":""model-reversion-models"",""name"":""Reversion Models""}","[]","MATRIX","TOP500","0"
"0","{""id"":""model"",""name"":""Model""}","0","{""id"":""analyst_revision_horizons"",""name"":""Multi Horizon Analyst Revision Signals""}","1","2026-07-01","1","Mean percentage change in the consensus earnings estimate for the current fiscal year (FY1) over the past 14 days, medium horizon","avg_estimate_change_pct_next_year_earnings_14d_medium_4","2","DEU","{""id"":""model-reversion-models"",""name"":""Reversion Models""}","[]","MATRIX","TOP500","0"
"0","{""id"":""model"",""name"":""Model""}","0","{""id"":""analyst_revision_horizons"",""name"":""Multi Horizon Analyst Revision Signals""}","1","2026-07-01","1","Mean percentage change in analysts’ consensus current fiscal year earnings estimates over the past 30 days, long‑horizon component","avg_estimate_change_pct_next_year_earnings_30d_long_4","2","DEU","{""id"":""model-reversion-models"",""name"":""Reversion Models""}","[]","MATRIX","TOP500","0"
"0","{""id"":""model"",""name"":""Model""}","0","{""id"":""analyst_revision_horizons"",""name"":""Multi Horizon Analyst Revision Signals""}","1","2026-07-01","1","Mean percentage change in the consensus earnings estimate for the current fiscal year (FY1) over the past 30 days, medium horizon","avg_estimate_change_pct_next_year_earnings_30d_medium_4","2","DEU","{""id"":""model-reversion-models"",""name"":""Reversion Models""}","[]","MATRIX","TOP500","0"
"0","{""id"":""model"",""name"":""Model""}","0","{""id"":""analyst_revision_horizons"",""name"":""Multi Horizon Analyst Revision Signals""}","1","2026-07-01","1","Mean percentage change in earnings estimates for the current fiscal year (FY1) over the past 30 days, short-term horizon","avg_estimate_change_pct_next_year_earnings_30d_short_4","2","DEU","{""id"":""model-reversion-models"",""name"":""Reversion Models""}","[]","MATRIX","TOP500","0"
"0","{""id"":""model"",""name"":""Model""}","0","{""id"":""analyst_revision_horizons"",""name"":""Multi Horizon Analyst Revision Signals""}","1","2026-07-01","1","Mean percentage change in analysts’ earnings estimates for the current fiscal year (FY1) over the past 7 days, long-term horizon","avg_estimate_change_pct_next_year_earnings_7d_long_4","2","DEU","{""id"":""model-reversion-models"",""name"":""Reversion Models""}","[]","MATRIX","TOP500","0"
"0","{""id"":""model"",""name"":""Model""}","0","{""id"":""analyst_revision_horizons"",""name"":""Multi Horizon Analyst Revision Signals""}","1","2026-07-01","1","Mean percentage change in analysts’ earnings estimate for the current fiscal year (FY1) over the past 7 days, short-term horizon","avg_estimate_change_pct_next_year_earnings_7d_short_4","2","DEU","{""id"":""model-reversion-models"",""name"":""Reversion Models""}","[]","MATRIX","TOP500","0"
"0","{""id"":""model"",""name"":""Model""}","0","{""id"":""analyst_revision_horizons"",""name"":""Multi Horizon Analyst Revision Signals""}","1","2026-07-01","1","Average percentage change in analyst estimates for EBITDA for the next fiscal year over the past 14 days, long-term horizon.","avg_estimate_change_pct_next_year_ebitda_14d_long_4","2","DEU","{""id"":""model-reversion-models"",""name"":""Reversion Models""}","[]","MATRIX","TOP500","0"
"0","{""id"":""model"",""name"":""Model""}","0","{""id"":""analyst_revision_horizons"",""name"":""Multi Horizon Analyst Revision Signals""}","1","2026-07-01","1","Mean percentage change in the FY1 EBITDA estimate over the past 30 days, short-horizon component","avg_estimate_change_pct_next_year_ebitda_30d_short_4","2","DEU","{""id"":""model-reversion-models"",""name"":""Reversion Models""}","[]","MATRIX","TOP500","0"
"0","{""id"":""model"",""name"":""Model""}","0","{""id"":""analyst_revision_horizons"",""name"":""Multi Horizon Analyst Revision Signals""}","1","2026-07-01","1","Mean percentage change in analysts’ EBITDA estimates for the current fiscal year (FY1) over the past 7 days, long‑term horizon","avg_estimate_change_pct_next_year_ebitda_7d_long_4","2","DEU","{""id"":""model-reversion-models"",""name"":""Reversion Models""}","[]","MATRIX","TOP500","0"
"0","{""id"":""model"",""name"":""Model""}","0","{""id"":""analyst_revision_horizons"",""name"":""Multi Horizon Analyst Revision Signals""}","1","2026-07-01","1","Mean percentage change in the consensus EBITDA estimate for the current fiscal year (FY1) over the past 7 days, medium horizon","avg_estimate_change_pct_next_year_ebitda_7d_medium_4","2","DEU","{""id"":""model-reversion-models"",""name"":""Reversion Models""}","[]","MATRIX","TOP500","0"
"0","{""id"":""model"",""name"":""Model""}","0","{""id"":""analyst_revision_horizons"",""name"":""Multi Horizon Analyst Revision Signals""}","1","2026-07-01","1","Average percentage change in analyst estimates for EBITDA for the next fiscal year over the past 90 days, long-term horizon.","avg_estimate_change_pct_next_year_ebitda_90d_long_4","2","DEU","{""id"":""model-reversion-models"",""name"":""Reversion Models""}","[]","MATRIX","TOP500","0"
"0","{""id"":""model"",""name"":""Model""}","0","{""id"":""analyst_revision_horizons"",""name"":""Multi Horizon Analyst Revision Signals""}","1","2026-07-01","1","Mean percentage change in the consensus EBITDA estimate for the current fiscal year (FY1) over the past 90 days, medium horizon","avg_estimate_change_pct_next_year_ebitda_90d_medium_4","2","DEU","{""id"":""model-reversion-models"",""name"":""Reversion Models""}","[]","MATRIX","TOP500","0"
"0","{""id"":""model"",""name"":""Model""}","0","{""id"":""analyst_revision_horizons"",""name"":""Multi Horizon Analyst Revision Signals""}","1","2026-07-01","1","Mean percentage change in analysts' current fiscal year (FY1) revenue estimates over the past 14 days, long-term horizon","avg_estimate_change_pct_next_year_revenue_14d_long_4","2","DEU","{""id"":""model-reversion-models"",""name"":""Reversion Models""}","[]","MATRIX","TOP500","0"
"0","{""id"":""model"",""name"":""Model""}","0","{""id"":""analyst_revision_horizons"",""name"":""Multi Horizon Analyst Revision Signals""}","1","2026-07-01","1","Average percentage change in analyst estimates for revenue for the next fiscal year over the past 30 days, medium-term horizon.","avg_estimate_change_pct_next_year_revenue_30d_medium_4","2","DEU","{""id"":""model-reversion-models"",""name"":""Reversion Models""}","[]","MATRIX","TOP500","0"
"0","{""id"":""model"",""name"":""Model""}","0","{""id"":""analyst_revision_horizons"",""name"":""Multi Horizon Analyst Revision Signals""}","1","2026-07-01","1","Mean percentage change in analysts' current fiscal year (FY1) revenue estimates over the past 60 days (medium-term horizon)","avg_estimate_change_pct_next_year_revenue_60d_medium_4","2","DEU","{""id"":""model-reversion-models"",""name"":""Reversion Models""}","[]","MATRIX","TOP500","0"
"0","{""id"":""model"",""name"":""Model""}","0","{""id"":""analyst_revision_horizons"",""name"":""Multi Horizon Analyst Revision Signals""}","1","2026-07-01","1","Mean percentage change in the earnings estimate for the current fiscal quarter (FQ1) over the past 14 days, medium-term horizon","avg_estimate_change_pct_quarterly_earnings_14d_medium_4","2","DEU","{""id"":""model-reversion-models"",""name"":""Reversion Models""}","[]","MATRIX","TOP500","0"
"0","{""id"":""model"",""name"":""Model""}","0","{""id"":""analyst_revision_horizons"",""name"":""Multi Horizon Analyst Revision Signals""}","1","2026-07-01","1","Mean percentage change in the consensus earnings estimate for the current fiscal quarter (FQ1) over the past 60 days, long horizon","avg_estimate_change_pct_quarterly_earnings_60d_long_4","2","DEU","{""id"":""model-reversion-models"",""name"":""Reversion Models""}","[]","MATRIX","TOP500","0"
"0","{""id"":""model"",""name"":""Model""}","0","{""id"":""analyst_revision_horizons"",""name"":""Multi Horizon Analyst Revision Signals""}","1","2026-07-01","1","Mean percentage change in analysts’ consensus estimate for the current fiscal quarter (FQ1) earnings over the past 60 days, medium-term horizon","avg_estimate_change_pct_quarterly_earnings_60d_medium_4","2","DEU","{""id"":""model-reversion-models"",""name"":""Reversion Models""}","[]","MATRIX","TOP500","0"
"0","{""id"":""model"",""name"":""Model""}","0","{""id"":""analyst_revision_horizons"",""name"":""Multi Horizon Analyst Revision Signals""}","1","2026-07-01","1","Mean percentage change in estimates for the current fiscal quarter (FQ1) earnings over a 60-day, short-term horizon","avg_estimate_change_pct_quarterly_earnings_60d_short_4","2","DEU","{""id"":""model-reversion-models"",""name"":""Reversion Models""}","[]","MATRIX","TOP500","0"
"0","{""id"":""model"",""name"":""Model""}","0","{""id"":""analyst_revision_horizons"",""name"":""Multi Horizon Analyst Revision Signals""}","1","2026-07-01","1","Mean percentage change in analyst earnings estimates for the current fiscal quarter (FQ1) measured over the past 7 days, reported on a medium-term horizon","avg_estimate_change_pct_quarterly_earnings_7d_medium_4","2","DEU","{""id"":""model-reversion-models"",""name"":""Reversion Models""}","[]","MATRIX","TOP500","0"
"0","{""id"":""model"",""name"":""Model""}","0","{""id"":""analyst_revision_horizons"",""name"":""Multi Horizon Analyst Revision Signals""}","1","2026-07-01","1","Mean percentage change in analysts' earnings estimate for the current fiscal quarter (FQ1) over the past 7 days (short-term horizon)","avg_estimate_change_pct_quarterly_earnings_7d_short_4","2","DEU","{""id"":""model-reversion-models"",""name"":""Reversion Models""}","[]","MATRIX","TOP500","0"
"0","{""id"":""model"",""name"":""Model""}","0","{""id"":""analyst_revision_horizons"",""name"":""Multi Horizon Analyst Revision Signals""}","1","2026-07-01","1","Mean percentage change in analysts’ consensus estimate for the current fiscal quarter (FQ1) EBITDA over the past 14 days, long-term horizon","avg_estimate_change_pct_quarterly_ebitda_14d_long_4","2","DEU","{""id"":""model-reversion-models"",""name"":""Reversion Models""}","[]","MATRIX","TOP500","0"
"0","{""id"":""model"",""name"":""Model""}","0","{""id"":""analyst_revision_horizons"",""name"":""Multi Horizon Analyst Revision Signals""}","1","2026-07-01","1","Mean percentage change in the current fiscal quarter (FQ1) EBITDA estimate over the past 14 days, medium-horizon component","avg_estimate_change_pct_quarterly_ebitda_14d_medium_4","2","DEU","{""id"":""model-reversion-models"",""name"":""Reversion Models""}","[]","MATRIX","TOP500","0"
"0","{""id"":""model"",""name"":""Model""}","0","{""id"":""analyst_revision_horizons"",""name"":""Multi Horizon Analyst Revision Signals""}","1","2026-07-01","1","Mean percentage change in the current fiscal quarter (FQ1) EBITDA estimate over the past 14 days, short-horizon component","avg_estimate_change_pct_quarterly_ebitda_14d_short_4","2","DEU","{""id"":""model-reversion-models"",""name"":""Reversion Models""}","[]","MATRIX","TOP500","0"
"0","{""id"":""model"",""name"":""Model""}","0","{""id"":""analyst_revision_horizons"",""name"":""Multi Horizon Analyst Revision Signals""}","1","2026-07-01","1","Mean percentage change in current fiscal quarter (FQ1) EBITDA estimates over 30 days, medium horizon","avg_estimate_change_pct_quarterly_ebitda_30d_medium_4","2","DEU","{""id"":""model-reversion-models"",""name"":""Reversion Models""}","[]","MATRIX","TOP500","0"
"0","{""id"":""model"",""name"":""Model""}","0","{""id"":""analyst_revision_horizons"",""name"":""Multi Horizon Analyst Revision Signals""}","1","2026-07-01","1","Mean percentage change in the EBITDA estimate for the current fiscal quarter (FQ1) over the past 30 days, short-term horizon","avg_estimate_change_pct_quarterly_ebitda_30d_short_4","2","DEU","{""id"":""model-reversion-models"",""name"":""Reversion Models""}","[]","MATRIX","TOP500","0"
"0","{""id"":""model"",""name"":""Model""}","0","{""id"":""analyst_revision_horizons"",""name"":""Multi Horizon Analyst Revision Signals""}","1","2026-07-01","1","Mean percentage change in the estimate for current fiscal quarter (FQ1) EBITDA over the past 60 days, long-term horizon component","avg_estimate_change_pct_quarterly_ebitda_60d_long_4","2","DEU","{""id"":""model-reversion-models"",""name"":""Reversion Models""}","[]","MATRIX","TOP500","0"
"0","{""id"":""model"",""name"":""Model""}","0","{""id"":""analyst_revision_horizons"",""name"":""Multi Horizon Analyst Revision Signals""}","1","2026-07-01","1","Mean percentage change in analysts’ estimate for EBITDA for the current fiscal quarter (FQ1) over the past 60 days, medium-term horizon","avg_estimate_change_pct_quarterly_ebitda_60d_medium_4","2","DEU","{""id"":""model-reversion-models"",""name"":""Reversion Models""}","[]","MATRIX","TOP500","0"
"0","{""id"":""model"",""name"":""Model""}","0","{""id"":""analyst_revision_horizons"",""name"":""Multi Horizon Analyst Revision Signals""}","1","2026-07-01","1","Mean percentage change in analysts’ estimates for EBITDA for the current fiscal quarter (FQ1) over the past 7 days, long-term horizon","avg_estimate_change_pct_quarterly_ebitda_7d_long_5","2","DEU","{""id"":""model-reversion-models"",""name"":""Reversion Models""}","[]","MATRIX","TOP500","0"
"0","{""id"":""model"",""name"":""Model""}","0","{""id"":""analyst_revision_horizons"",""name"":""Multi Horizon Analyst Revision Signals""}","1","2026-07-01","1","Mean percentage change in the consensus mean EBITDA estimate for the current fiscal quarter (FQ1) over the past 7 days; medium-horizon component","avg_estimate_change_pct_quarterly_ebitda_7d_medium_4","2","DEU","{""id"":""model-reversion-models"",""name"":""Reversion Models""}","[]","MATRIX","TOP500","0"
"0","{""id"":""model"",""name"":""Model""}","0","{""id"":""analyst_revision_horizons"",""name"":""Multi Horizon Analyst Revision Signals""}","1","2026-07-01","1","Mean percentage change in current fiscal quarter (FQ1) EBITDA estimates over 90 days, long horizon","avg_estimate_change_pct_quarterly_ebitda_90d_long_4","2","DEU","{""id"":""model-reversion-models"",""name"":""Reversion Models""}","[]","MATRIX","TOP500","0"
"0","{""id"":""model"",""name"":""Model""}","0","{""id"":""analyst_revision_horizons"",""name"":""Multi Horizon Analyst Revision Signals""}","1","2026-07-01","1","Mean percentage change in analysts’ EBITDA estimates for the current fiscal quarter (FQ1) over the past 90 days, medium-term horizon","avg_estimate_change_pct_quarterly_ebitda_90d_medium_4","2","DEU","{""id"":""model-reversion-models"",""name"":""Reversion Models""}","[]","MATRIX","TOP500","0"
"0","{""id"":""model"",""name"":""Model""}","0","{""id"":""analyst_revision_horizons"",""name"":""Multi Horizon Analyst Revision Signals""}","1","2026-07-01","1","Mean percentage change in analysts’ EBITDA estimates for the current fiscal quarter (FQ1) over the past 90 days, short-term horizon","avg_estimate_change_pct_quarterly_ebitda_90d_short_4","2","DEU","{""id"":""model-reversion-models"",""name"":""Reversion Models""}","[]","MATRIX","TOP500","0"
"0","{""id"":""model"",""name"":""Model""}","0","{""id"":""analyst_revision_horizons"",""name"":""Multi Horizon Analyst Revision Signals""}","1","2026-07-01","1","Mean percentage change in analysts’ consensus estimate for the current fiscal quarter (FQ1) earnings over the past 14 days, long-term horizon","avg_estimate_change_pct_quarterly_eps_14d_long_4","2","DEU","{""id"":""model-reversion-models"",""name"":""Reversion Models""}","[]","MATRIX","TOP500","0"
"0","{""id"":""model"",""name"":""Model""}","0","{""id"":""analyst_revision_horizons"",""name"":""Multi Horizon Analyst Revision Signals""}","1","2026-07-01","1","Mean percentage change in analysts’ earnings estimates for the current fiscal quarter (FQ1) over the past 30 days, short‑term horizon","avg_estimate_change_pct_quarterly_eps_30d_short_4","2","DEU","{""id"":""model-reversion-models"",""name"":""Reversion Models""}","[]","MATRIX","TOP500","0"
"0","{""id"":""model"",""name"":""Model""}","0","{""id"":""analyst_revision_horizons"",""name"":""Multi Horizon Analyst Revision Signals""}","1","2026-07-01","1","Mean percentage change in current fiscal quarter (FQ1) earnings estimates over 90 days, long horizon","avg_estimate_change_pct_quarterly_eps_90d_long_4","2","DEU","{""id"":""model-reversion-models"",""name"":""Reversion Models""}","[]","MATRIX","TOP500","0"
"0","{""id"":""model"",""name"":""Model""}","0","{""id"":""analyst_revision_horizons"",""name"":""Multi Horizon Analyst Revision Signals""}","1","2026-07-01","1","Mean percentage change in analysts' current fiscal quarter earnings estimates over the past 90 days - short horizon","avg_estimate_change_pct_quarterly_eps_90d_short_4","2","DEU","{""id"":""model-reversion-models"",""name"":""Reversion Models""}","[]","MATRIX","TOP500","0"
"0","{""id"":""model"",""name"":""Model""}","0","{""id"":""analyst_revision_horizons"",""name"":""Multi Horizon Analyst Revision Signals""}","1","2026-07-01","1","Percentage change in the consensus mean estimate for current quarter revenue over the past 14 days, long-horizon signal","avg_estimate_change_pct_quarterly_revenue_14d_long_4","2","DEU","{""id"":""model-reversion-models"",""name"":""Reversion Models""}","[]","MATRIX","TOP500","0"
"0","{""id"":""model"",""name"":""Model""}","0","{""id"":""analyst_revision_horizons"",""name"":""Multi Horizon Analyst Revision Signals""}","1","2026-07-01","1","Average percentage change in analyst revenue estimates for the current quarter over the past 14 days (medium horizon).","avg_estimate_change_pct_quarterly_revenue_14d_medium_4","2","DEU","{""id"":""model-reversion-models"",""name"":""Reversion Models""}","[]","MATRIX","TOP500","0"
"0","{""id"":""model"",""name"":""Model""}","0","{""id"":""analyst_revision_horizons"",""name"":""Multi Horizon Analyst Revision Signals""}","1","2026-07-01","1","Mean percentage change in revenue estimates for the current fiscal quarter (FQ1) over the past 14 days, short-term horizon","avg_estimate_change_pct_quarterly_revenue_14d_short_4","2","DEU","{""id"":""model-reversion-models"",""name"":""Reversion Models""}","[]","MATRIX","TOP500","0"
"0","{""id"":""model"",""name"":""Model""}","0","{""id"":""analyst_revision_horizons"",""name"":""Multi Horizon Analyst Revision Signals""}","1","2026-07-01","1","Average percentage change in analyst revenue estimates for the current quarter over the past 30 days (long horizon).","avg_estimate_change_pct_quarterly_revenue_30d_long_4","2","DEU","{""id"":""model-reversion-models"",""name"":""Reversion Models""}","[]","MATRIX","TOP500","0"
"0","{""id"":""model"",""name"":""Model""}","0","{""id"":""analyst_revision_horizons"",""name"":""Multi Horizon Analyst Revision Signals""}","1","2026-07-01","1","Average percentage change in analyst estimates for revenue for the next fiscal quarter over the past 60 days, long-term horizon.","avg_estimate_change_pct_quarterly_revenue_60d_long_4","2","DEU","{""id"":""model-reversion-models"",""name"":""Reversion Models""}","[]","MATRIX","TOP500","0"
"0","{""id"":""model"",""name"":""Model""}","0","{""id"":""analyst_revision_horizons"",""name"":""Multi Horizon Analyst Revision Signals""}","1","2026-07-01","1","Mean percentage change in the current fiscal quarter (FQ1) revenue estimate over the past 60 days, medium-horizon component","avg_estimate_change_pct_quarterly_revenue_60d_medium_4","2","DEU","{""id"":""model-reversion-models"",""name"":""Reversion Models""}","[]","MATRIX","TOP500","0"
"0","{""id"":""model"",""name"":""Model""}","0","{""id"":""analyst_revision_horizons"",""name"":""Multi Horizon Analyst Revision Signals""}","1","2026-07-01","1","Mean percentage change in revenue estimates for the current fiscal quarter (FQ1) over the past 60 days, short-term horizon","avg_estimate_change_pct_quarterly_revenue_60d_short_4","2","DEU","{""id"":""model-reversion-models"",""name"":""Reversion Models""}","[]","MATRIX","TOP500","0"
"0","{""id"":""model"",""name"":""Model""}","0","{""id"":""analyst_revision_horizons"",""name"":""Multi Horizon Analyst Revision Signals""}","1","2026-07-01","1","Mean percentage change in the consensus revenue estimate for the current fiscal quarter (FQ1) over the past 7 days, medium horizon","avg_estimate_change_pct_quarterly_revenue_7d_medium_4","2","DEU","{""id"":""model-reversion-models"",""name"":""Reversion Models""}","[]","MATRIX","TOP500","0"
"0","{""id"":""model"",""name"":""Model""}","0","{""id"":""analyst_revision_horizons"",""name"":""Multi Horizon Analyst Revision Signals""}","1","2026-07-01","1","Mean percentage change in the consensus mean revenue estimate for the current fiscal quarter (FQ1) over the past 7 days; short-horizon component","avg_estimate_change_pct_quarterly_revenue_7d_short_4","2","DEU","{""id"":""model-reversion-models"",""name"":""Reversion Models""}","[]","MATRIX","TOP500","0"
"0","{""id"":""model"",""name"":""Model""}","0","{""id"":""analyst_revision_horizons"",""name"":""Multi Horizon Analyst Revision Signals""}","1","2026-07-01","1","Mean percentage change in analysts’ revenue estimates for the current fiscal quarter (FQ1) over the past 90 days, long‑term horizon","avg_estimate_change_pct_quarterly_revenue_90d_long_4","2","DEU","{""id"":""model-reversion-models"",""name"":""Reversion Models""}","[]","MATRIX","TOP500","0"
"0","{""id"":""model"",""name"":""Model""}","0","{""id"":""analyst_revision_horizons"",""name"":""Multi Horizon Analyst Revision Signals""}","1","2026-07-01","1","Average percentage change in analyst estimates for revenue for the next fiscal quarter over the past 90 days, medium-term horizon.","avg_estimate_change_pct_quarterly_revenue_90d_medium_4","2","DEU","{""id"":""model-reversion-models"",""name"":""Reversion Models""}","[]","MATRIX","TOP500","0"
"0","{""id"":""model"",""name"":""Model""}","0","{""id"":""analyst_revision_horizons"",""name"":""Multi Horizon Analyst Revision Signals""}","1","2026-07-01","1","Percentage change in the consensus mean estimate for current fiscal quarter (FQ1) revenue over the past 90 days, short-term horizon component","avg_estimate_change_pct_quarterly_revenue_90d_short_4","2","DEU","{""id"":""model-reversion-models"",""name"":""Reversion Models""}","[]","MATRIX","TOP500","0"
"0","{""id"":""model"",""name"":""Model""}","0","{""id"":""analyst_revision_horizons"",""name"":""Multi Horizon Analyst Revision Signals""}","1","2026-07-01","1","Average change in analyst recommendations over the past 14 days (medium horizon).","avg_recommendation_shift_14d_medium","2","DEU","{""id"":""model-reversion-models"",""name"":""Reversion Models""}","[]","MATRIX","TOP500","0"
"0","{""id"":""model"",""name"":""Model""}","0","{""id"":""analyst_revision_horizons"",""name"":""Multi Horizon Analyst Revision Signals""}","1","2026-07-01","1","Average change in analyst recommendations over the past 7 days (medium horizon).","avg_recommendation_shift_7d_medium","2","DEU","{""id"":""model-reversion-models"",""name"":""Reversion Models""}","[]","MATRIX","TOP500","0"
"0","{""id"":""model"",""name"":""Model""}","0","{""id"":""analyst_revision_horizons"",""name"":""Multi Horizon Analyst Revision Signals""}","1","2026-07-01","1","Average revision magnitude within a revision cluster for current quarter earnings, medium horizon.","avg_revisioncluster_revision_quarterly_eps_medium_2","2","DEU","{""id"":""model-reversion-models"",""name"":""Reversion Models""}","[]","MATRIX","TOP500","0"
"0","{""id"":""model"",""name"":""Model""}","0","{""id"":""analyst_revision_horizons"",""name"":""Multi Horizon Analyst Revision Signals""}","1","2026-07-01","1","Average revision magnitude within a revision cluster for current quarter earnings, short horizon.","avg_revisioncluster_revision_quarterly_eps_short_2","2","DEU","{""id"":""model-reversion-models"",""name"":""Reversion Models""}","[]","MATRIX","TOP500","0"
"0","{""id"":""model"",""name"":""Model""}","0","{""id"":""analyst_revision_horizons"",""name"":""Multi Horizon Analyst Revision Signals""}","1","2026-07-01","1","Industry-relative percentile of blended growth, long horizon","blended_growth_industry_percentile_long_term","2","DEU","{""id"":""model-reversion-models"",""name"":""Reversion Models""}","[]","MATRIX","TOP500","0"
"0","{""id"":""model"",""name"":""Model""}","0","{""id"":""analyst_revision_horizons"",""name"":""Multi Horizon Analyst Revision Signals""}","1","2026-07-01","1","Percentile rank of blended growth rate within the industry over a medium horizon.","blended_growth_industry_percentile_medium_term","2","DEU","{""id"":""model-reversion-models"",""name"":""Reversion Models""}","[]","MATRIX","TOP500","0"
"0","{""id"":""model"",""name"":""Model""}","0","{""id"":""analyst_revision_horizons"",""name"":""Multi Horizon Analyst Revision Signals""}","1","2026-07-01","1","Industry percentile rank of a blended growth measure (combining near- and long-term growth), short horizon","blended_growth_industry_percentile_short_term_2","2","DEU","{""id"":""model-reversion-models"",""name"":""Reversion Models""}","[]","MATRIX","TOP500","0"
"0","{""id"":""model"",""name"":""Model""}","0","{""id"":""analyst_revision_horizons"",""name"":""Multi Horizon Analyst Revision Signals""}","1","2026-07-01","1","Blended growth rate derived from SmartEstimate inputs, on a long horizon","blended_growth_rate_smartestimate_long_term_2","2","DEU","{""id"":""model-reversion-models"",""name"":""Reversion Models""}","[]","MATRIX","TOP500","0"
"0","{""id"":""model"",""name"":""Model""}","0","{""id"":""analyst_revision_horizons"",""name"":""Multi Horizon Analyst Revision Signals""}","1","2026-07-01","1","Blended growth rate derived from SmartEstimate inputs, on a medium horizon","blended_growth_rate_smartestimate_medium_term","2","DEU","{""id"":""model-reversion-models"",""name"":""Reversion Models""}","[]","MATRIX","TOP500","0"
"0","{""id"":""model"",""name"":""Model""}","0","{""id"":""analyst_revision_horizons"",""name"":""Multi Horizon Analyst Revision Signals""}","1","2026-07-01","1","Blended growth rate derived from SmartEstimate inputs, on a short horizon","blended_growth_rate_smartestimate_short_term","2","DEU","{""id"":""model-reversion-models"",""name"":""Reversion Models""}","[]","MATRIX","TOP500","0"
"0","{""id"":""model"",""name"":""Model""}","0","{""id"":""analyst_revision_horizons"",""name"":""Multi Horizon Analyst Revision Signals""}","1","2026-07-01","1","Sector percentile of a blended growth metric on the long horizon","blended_growth_sector_percentile_long_term","2","DEU","{""id"":""model-reversion-models"",""name"":""Reversion Models""}","[]","MATRIX","TOP500","0"
"0","{""id"":""model"",""name"":""Model""}","0","{""id"":""analyst_revision_horizons"",""name"":""Multi Horizon Analyst Revision Signals""}","1","2026-07-01","1","Sector percentile of a blended growth metric on the medium horizon","blended_growth_sector_percentile_medium_term","2","DEU","{""id"":""model-reversion-models"",""name"":""Reversion Models""}","[]","MATRIX","TOP500","0"
"0","{""id"":""model"",""name"":""Model""}","0","{""id"":""analyst_revision_horizons"",""name"":""Multi Horizon Analyst Revision Signals""}","1","2026-07-01","1","Percentile rank of blended growth rate within the sector over a short horizon.","blended_growth_sector_percentile_short_term","2","DEU","{""id"":""model-reversion-models"",""name"":""Reversion Models""}","[]","MATRIX","TOP500","0"
"0","{""id"":""model"",""name"":""Model""}","0","{""id"":""analyst_revision_horizons"",""name"":""Multi Horizon Analyst Revision Signals""}","1","2026-07-01","1","Flag indicating the presence of a bold analyst estimate for current quarter earnings, long horizon.","bold_estimate_flag_quarterly_eps_long_2","2","DEU","{""id"":""model-reversion-models"",""name"":""Reversion Models""}","[]","MATRIX","TOP500","0"
"0","{""id"":""model"",""name"":""Model""}","0","{""id"":""analyst_revision_horizons"",""name"":""Multi Horizon Analyst Revision Signals""}","1","2026-07-01","1","Flag indicating the presence of a bold analyst estimate for current quarter earnings, medium horizon.","bold_estimate_flag_quarterly_eps_medium_2","2","DEU","{""id"":""model-reversion-models"",""name"":""Reversion Models""}","[]","MATRIX","TOP500","0"
"0","{""id"":""model"",""name"":""Model""}","0","{""id"":""analyst_revision_horizons"",""name"":""Multi Horizon Analyst Revision Signals""}","1","2026-07-01","1","Flag indicating the presence of a bold analyst estimate for current quarter earnings, short horizon.","bold_estimate_flag_quarterly_eps_short_2","2","DEU","{""id"":""model-reversion-models"",""name"":""Reversion Models""}","[]","MATRIX","TOP500","0"
"0","{""id"":""model"",""name"":""Model""}","0","{""id"":""analyst_revision_horizons"",""name"":""Multi Horizon Analyst Revision Signals""}","1","2026-07-01","1","Percentile rank of the model score within the country, long horizon.","country_percentile_model_score_long","2","DEU","{""id"":""model-reversion-models"",""name"":""Reversion Models""}","[]","MATRIX","TOP500","0"
"0","{""id"":""model"",""name"":""Model""}","0","{""id"":""analyst_revision_horizons"",""name"":""Multi Horizon Analyst Revision Signals""}","1","2026-07-01","1","Percentile (0–100) rank of the security’s ARM score within its country peer group, medium horizon","country_percentile_rank_float_medium_term","2","DEU","{""id"":""model-reversion-models"",""name"":""Reversion Models""}","[]","MATRIX","TOP500","0"
"0","{""id"":""model"",""name"":""Model""}","0","{""id"":""analyst_revision_horizons"",""name"":""Multi Horizon Analyst Revision Signals""}","1","2026-07-01","1","Percentile (0–100) rank of the security’s ARM score within its country peer group, short horizon","country_percentile_rank_float_short_term","2","DEU","{""id"":""model-reversion-models"",""name"":""Reversion Models""}","[]","MATRIX","TOP500","0"
"0","{""id"":""model"",""name"":""Model""}","0","{""id"":""analyst_revision_horizons"",""name"":""Multi Horizon Analyst Revision Signals""}","1","2026-07-01","1","Percentile rank of a stock within its country over a long time frame.","country_percentile_rank_long_term","2","DEU","{""id"":""model-reversion-models"",""name"":""Reversion Models""}","[]","MATRIX","TOP500","0"
"0","{""id"":""model"",""name"":""Model""}","0","{""id"":""analyst_revision_horizons"",""name"":""Multi Horizon Analyst Revision Signals""}","1","2026-07-01","1","Country-level percentile rank of the ARM score (continuous float), long horizon","country_percentile_rank_long_term_4","2","DEU","{""id"":""model-reversion-models"",""name"":""Reversion Models""}","[]","MATRIX","TOP500","0"
"0","{""id"":""model"",""name"":""Model""}","0","{""id"":""analyst_revision_horizons"",""name"":""Multi Horizon Analyst Revision Signals""}","1","2026-07-01","1","Rank or percentile of the ARM score within the country universe, medium-term horizon","country_percentile_rank_medium_term_4","2","DEU","{""id"":""model-reversion-models"",""name"":""Reversion Models""}","[]","MATRIX","TOP500","0"
"0","{""id"":""model"",""name"":""Model""}","0","{""id"":""analyst_revision_horizons"",""name"":""Multi Horizon Analyst Revision Signals""}","1","2026-07-01","1","Percentile rank of a stock within its country over a short time frame.","country_percentile_rank_short_term","2","DEU","{""id"":""model-reversion-models"",""name"":""Reversion Models""}","[]","MATRIX","TOP500","0"
"0","{""id"":""model"",""name"":""Model""}","0","{""id"":""analyst_revision_horizons"",""name"":""Multi Horizon Analyst Revision Signals""}","1","2026-07-01","1","Percentile rank of a stock within its country based on the model score, short-term horizon.","country_percentile_rank_short_term_4","2","DEU","{""id"":""model-reversion-models"",""name"":""Reversion Models""}","[]","MATRIX","TOP500","0"
"0","{""id"":""model"",""name"":""Model""}","0","{""id"":""analyst_revision_horizons"",""name"":""Multi Horizon Analyst Revision Signals""}","1","2026-07-01","1","Number of bold analyst estimates below consensus for current quarter's earnings, long horizon.","count_negative_bold_estimates_quarterly_eps_long","2","DEU","{""id"":""model-reversion-models"",""name"":""Reversion Models""}","[]","MATRIX","TOP500","0"
"0","{""id"":""model"",""name"":""Model""}","0","{""id"":""analyst_revision_horizons"",""name"":""Multi Horizon Analyst Revision Signals""}","1","2026-07-01","1","Number of bold analyst estimates below consensus for current quarter's earnings, medium horizon.","count_negative_bold_estimates_quarterly_eps_medium","2","DEU","{""id"":""model-reversion-models"",""name"":""Reversion Models""}","[]","MATRIX","TOP500","0"
"0","{""id"":""model"",""name"":""Model""}","0","{""id"":""analyst_revision_horizons"",""name"":""Multi Horizon Analyst Revision Signals""}","1","2026-07-01","1","Number of negative bold analyst estimates for current quarter earnings, short horizon.","count_negative_bold_estimates_quarterly_eps_short_2","2","DEU","{""id"":""model-reversion-models"",""name"":""Reversion Models""}","[]","MATRIX","TOP500","0"
"0","{""id"":""model"",""name"":""Model""}","0","{""id"":""analyst_revision_horizons"",""name"":""Multi Horizon Analyst Revision Signals""}","1","2026-07-01","1","Number of positive bold analyst estimates for current quarter earnings, long horizon.","count_positive_bold_estimates_quarterly_eps_long_2","2","DEU","{""id"":""model-reversion-models"",""name"":""Reversion Models""}","[]","MATRIX","TOP500","0"
"0","{""id"":""model"",""name"":""Model""}","0","{""id"":""analyst_revision_horizons"",""name"":""Multi Horizon Analyst Revision Signals""}","1","2026-07-01","1","Number of bold analyst estimates above consensus for current quarter's earnings, medium horizon.","count_positive_bold_estimates_quarterly_eps_medium","2","DEU","{""id"":""model-reversion-models"",""name"":""Reversion Models""}","[]","MATRIX","TOP500","0"
"0","{""id"":""model"",""name"":""Model""}","0","{""id"":""analyst_revision_horizons"",""name"":""Multi Horizon Analyst Revision Signals""}","1","2026-07-01","1","Number of positive bold analyst estimates for current quarter earnings, short horizon.","count_positive_bold_estimates_quarterly_eps_short_2","2","DEU","{""id"":""model-reversion-models"",""name"":""Reversion Models""}","[]","MATRIX","TOP500","0"
"0","{""id"":""model"",""name"":""Model""}","0","{""id"":""analyst_revision_horizons"",""name"":""Multi Horizon Analyst Revision Signals""}","1","2026-07-01","1","Number of analysts in a revision cluster for current quarter's earnings, long horizon.","count_revisioncluster_analysts_quarterly_eps_long","2","DEU","{""id"":""model-reversion-models"",""name"":""Reversion Models""}","[]","MATRIX","TOP500","0"
"0","{""id"":""model"",""name"":""Model""}","0","{""id"":""analyst_revision_horizons"",""name"":""Multi Horizon Analyst Revision Signals""}","1","2026-07-01","1","Number of analysts participating in a revision cluster for current quarter earnings, medium horizon.","count_revisioncluster_analysts_quarterly_eps_medium_2","2","DEU","{""id"":""model-reversion-models"",""name"":""Reversion Models""}","[]","MATRIX","TOP500","0"
"0","{""id"":""model"",""name"":""Model""}","0","{""id"":""analyst_revision_horizons"",""name"":""Multi Horizon Analyst Revision Signals""}","1","2026-07-01","1","Number of analysts in a revision cluster for current quarter's earnings, short horizon.","count_revisioncluster_analysts_quarterly_eps_short","2","DEU","{""id"":""model-reversion-models"",""name"":""Reversion Models""}","[]","MATRIX","TOP500","0"
"0","{""id"":""model"",""name"":""Model""}","0","{""id"":""analyst_revision_horizons"",""name"":""Multi Horizon Analyst Revision Signals""}","1","2026-07-01","1","Number of analysts included in SmartEstimate for current quarter's earnings, long horizon.","count_smartestimate_analysts_quarterly_eps_long","2","DEU","{""id"":""model-reversion-models"",""name"":""Reversion Models""}","[]","MATRIX","TOP500","0"
"0","{""id"":""model"",""name"":""Model""}","0","{""id"":""analyst_revision_horizons"",""name"":""Multi Horizon Analyst Revision Signals""}","1","2026-07-01","1","Number of analysts included in SmartEstimate for current quarter earnings, medium horizon.","count_smartestimate_analysts_quarterly_eps_medium_2","2","DEU","{""id"":""model-reversion-models"",""name"":""Reversion Models""}","[]","MATRIX","TOP500","0"
"0","{""id"":""model"",""name"":""Model""}","0","{""id"":""analyst_revision_horizons"",""name"":""Multi Horizon Analyst Revision Signals""}","1","2026-07-01","1","Number of analysts included in SmartEstimate for current quarter's earnings, short horizon.","count_smartestimate_analysts_quarterly_eps_short","2","DEU","{""id"":""model-reversion-models"",""name"":""Reversion Models""}","[]","MATRIX","TOP500","0"
"0","{""id"":""model"",""name"":""Model""}","0","{""id"":""analyst_revision_horizons"",""name"":""Multi Horizon Analyst Revision Signals""}","1","2026-07-01","1","Industry percentile rank of this year’s EPS growth, long horizon","current_year_growth_industry_percentile_earnings_long","2","DEU","{""id"":""model-reversion-models"",""name"":""Reversion Models""}","[]","MATRIX","TOP500","0"
"0","{""id"":""model"",""name"":""Model""}","0","{""id"":""analyst_revision_horizons"",""name"":""Multi Horizon Analyst Revision Signals""}","1","2026-07-01","1","Percentile rank of current year earnings growth within the industry over a medium horizon.","current_year_growth_industry_percentile_earnings_medium","2","DEU","{""id"":""model-reversion-models"",""name"":""Reversion Models""}","[]","MATRIX","TOP500","0"
"0","{""id"":""model"",""name"":""Model""}","0","{""id"":""analyst_revision_horizons"",""name"":""Multi Horizon Analyst Revision Signals""}","1","2026-07-01","1","Percentile rank of current year earnings growth within the industry over a short horizon.","current_year_growth_industry_percentile_earnings_short","2","DEU","{""id"":""model-reversion-models"",""name"":""Reversion Models""}","[]","MATRIX","TOP500","0"
"0","{""id"":""model"",""name"":""Model""}","0","{""id"":""analyst_revision_horizons"",""name"":""Multi Horizon Analyst Revision Signals""}","1","2026-07-01","1","Sector percentile of earnings growth for this year, oriented to a long horizon","current_year_growth_sector_percentile_earnings_long","2","DEU","{""id"":""model-reversion-models"",""name"":""Reversion Models""}","[]","MATRIX","TOP500","0"
"0","{""id"":""model"",""name"":""Model""}","0","{""id"":""analyst_revision_horizons"",""name"":""Multi Horizon Analyst Revision Signals""}","1","2026-07-01","1","Growth This Year Sector Percentile based on earnings on medium horizon","current_year_growth_sector_percentile_earnings_medium","2","DEU","{""id"":""model-reversion-models"",""name"":""Reversion Models""}","[]","MATRIX","TOP500","0"
"0","{""id"":""model"",""name"":""Model""}","0","{""id"":""analyst_revision_horizons"",""name"":""Multi Horizon Analyst Revision Signals""}","1","2026-07-01","1","Percentile rank of current year earnings growth within sector, short horizon.","current_year_growth_sector_percentile_earnings_short_2","2","DEU","{""id"":""model-reversion-models"",""name"":""Reversion Models""}","[]","MATRIX","TOP500","0"
"0","{""id"":""model"",""name"":""Model""}","0","{""id"":""analyst_revision_horizons"",""name"":""Multi Horizon Analyst Revision Signals""}","1","2026-07-01","1","Scaling factor used for current quarter's earnings calculations, long horizon.","divisor_quarterly_eps_long","2","DEU","{""id"":""model-reversion-models"",""name"":""Reversion Models""}","[]","MATRIX","TOP500","0"
"0","{""id"":""model"",""name"":""Model""}","0","{""id"":""analyst_revision_horizons"",""name"":""Multi Horizon Analyst Revision Signals""}","1","2026-07-01","1","Scaling factor used for current quarter earnings calculations, medium horizon.","divisor_quarterly_eps_medium_2","2","DEU","{""id"":""model-reversion-models"",""name"":""Reversion Models""}","[]","MATRIX","TOP500","0"
"0","{""id"":""model"",""name"":""Model""}","0","{""id"":""analyst_revision_horizons"",""name"":""Multi Horizon Analyst Revision Signals""}","1","2026-07-01","1","Scaling factor used for current quarter earnings calculations, short horizon.","divisor_quarterly_eps_short_2","2","DEU","{""id"":""model-reversion-models"",""name"":""Reversion Models""}","[]","MATRIX","TOP500","0"
"0","{""id"":""model"",""name"":""Model""}","0","{""id"":""analyst_revision_horizons"",""name"":""Multi Horizon Analyst Revision Signals""}","1","2026-07-01","1","Percentile rank of earnings-to-price ratio for the current fiscal year within the industry, over a long horizon.","earnings_to_price_industry_percentile_fy1_long_term","2","DEU","{""id"":""model-reversion-models"",""name"":""Reversion Models""}","[]","MATRIX","TOP500","0"
"0","{""id"":""model"",""name"":""Model""}","0","{""id"":""analyst_revision_horizons"",""name"":""Multi Horizon Analyst Revision Signals""}","1","2026-07-01","1","Percentile ranking of earnings-to-price yield within industry for current fiscal year, medium horizon.","earnings_to_price_industry_percentile_fy1_medium_term_2","2","DEU","{""id"":""model-reversion-models"",""name"":""Reversion Models""}","[]","MATRIX","TOP500","0"
"0","{""id"":""model"",""name"":""Model""}","0","{""id"":""analyst_revision_horizons"",""name"":""Multi Horizon Analyst Revision Signals""}","1","2026-07-01","1","Industry percentile rank of earnings‑to‑price yield (E/P) based on FY1 earnings, short‑horizon component","earnings_to_price_industry_percentile_fy1_short_term","2","DEU","{""id"":""model-reversion-models"",""name"":""Reversion Models""}","[]","MATRIX","TOP500","0"
"0","{""id"":""model"",""name"":""Model""}","0","{""id"":""analyst_revision_horizons"",""name"":""Multi Horizon Analyst Revision Signals""}","1","2026-07-01","1","Percentile rank within the sector of forward earnings yield (E/P) based on FY1 estimates, on a long-term horizon","earnings_to_price_sector_percentile_fy1_long_term","2","DEU","{""id"":""model-reversion-models"",""name"":""Reversion Models""}","[]","MATRIX","TOP500","0"
"0","{""id"":""model"",""name"":""Model""}","0","{""id"":""analyst_revision_horizons"",""name"":""Multi Horizon Analyst Revision Signals""}","1","2026-07-01","1","Percentile rank of earnings-to-price ratio for the current fiscal year within the sector, over a medium horizon.","earnings_to_price_sector_percentile_fy1_medium_term","2","DEU","{""id"":""model-reversion-models"",""name"":""Reversion Models""}","[]","MATRIX","TOP500","0"
"0","{""id"":""model"",""name"":""Model""}","0","{""id"":""analyst_revision_horizons"",""name"":""Multi Horizon Analyst Revision Signals""}","1","2026-07-01","1","Sector percentile rank of earnings‑to‑price yield (E/P) based on FY1 earnings, short‑horizon component","earnings_to_price_sector_percentile_fy1_short_term","2","DEU","{""id"":""model-reversion-models"",""name"":""Reversion Models""}","[]","MATRIX","TOP500","0"
"0","{""id"":""model"",""name"":""Model""}","0","{""id"":""analyst_revision_horizons"",""name"":""Multi Horizon Analyst Revision Signals""}","1","2026-07-01","1","Earnings-to-price yield (E/P) computed using the SmartEstimate for the current fiscal year (FY1), evaluated on a long horizon","earnings_to_price_yield_smartestimate_fy1_long","2","DEU","{""id"":""model-reversion-models"",""name"":""Reversion Models""}","[]","MATRIX","TOP500","0"
"0","{""id"":""model"",""name"":""Model""}","0","{""id"":""analyst_revision_horizons"",""name"":""Multi Horizon Analyst Revision Signals""}","1","2026-07-01","1","Earnings-to-price yield (E/P) computed using the SmartEstimate for the current fiscal year (FY1), evaluated on a medium horizon","earnings_to_price_yield_smartestimate_fy1_medium","2","DEU","{""id"":""model-reversion-models"",""name"":""Reversion Models""}","[]","MATRIX","TOP500","0"
"0","{""id"":""model"",""name"":""Model""}","0","{""id"":""analyst_revision_horizons"",""name"":""Multi Horizon Analyst Revision Signals""}","1","2026-07-01","1","Earnings-to-price yield (E/P) computed using the SmartEstimate for the current fiscal year (FY1), evaluated on a short horizon","earnings_to_price_yield_smartestimate_fy1_short","2","DEU","{""id"":""model-reversion-models"",""name"":""Reversion Models""}","[]","MATRIX","TOP500","0"
"0","{""id"":""model"",""name"":""Model""}","0","{""id"":""analyst_revision_horizons"",""name"":""Multi Horizon Analyst Revision Signals""}","1","2026-07-01","1","Earnings yield using weighted analyst estimate for current fiscal year, short horizon.","earnings_to_price_yield_smartestimate_fy1_short_2","2","DEU","{""id"":""model-reversion-models"",""name"":""Reversion Models""}","[]","MATRIX","TOP500","0"
"0","{""id"":""model"",""name"":""Model""}","0","{""id"":""analyst_revision_horizons"",""name"":""Multi Horizon Analyst Revision Signals""}","1","2026-07-01","1","Earnings-to-price yield percentage based on forward 12-month SmartEstimate EPS, long-horizon","earnings_to_price_yield_weighted_f12m_long_3","2","DEU","{""id"":""model-reversion-models"",""name"":""Reversion Models""}","[]","MATRIX","TOP500","0"
"0","{""id"":""model"",""name"":""Model""}","0","{""id"":""analyst_revision_horizons"",""name"":""Multi Horizon Analyst Revision Signals""}","1","2026-07-01","1","Earnings yield in percent using SmartEstimate of forward 12-month EPS, medium-horizon version","earnings_to_price_yield_weighted_f12m_medium_3","2","DEU","{""id"":""model-reversion-models"",""name"":""Reversion Models""}","[]","MATRIX","TOP500","0"
"0","{""id"":""model"",""name"":""Model""}","0","{""id"":""analyst_revision_horizons"",""name"":""Multi Horizon Analyst Revision Signals""}","1","2026-07-01","1","Earnings yield (E/P) in percent using SmartEstimate of forward 12-month EPS, short-horizon version","earnings_to_price_yield_weighted_f12m_short_3","2","DEU","{""id"":""model-reversion-models"",""name"":""Reversion Models""}","[]","MATRIX","TOP500","0"
"0","{""id"":""model"",""name"":""Model""}","0","{""id"":""analyst_revision_horizons"",""name"":""Multi Horizon Analyst Revision Signals""}","1","2026-07-01","1","Earnings-to-price yield percentage using weighted analyst estimate for the current fiscal year, long horizon.","earnings_to_price_yield_weighted_fy1_long_3","2","DEU","{""id"":""model-reversion-models"",""name"":""Reversion Models""}","[]","MATRIX","TOP500","0"
"0","{""id"":""model"",""name"":""Model""}","0","{""id"":""analyst_revision_horizons"",""name"":""Multi Horizon Analyst Revision Signals""}","1","2026-07-01","1","Earnings-to-price yield percentage using FY1 SmartEstimate EPS, medium-horizon DHD component","earnings_to_price_yield_weighted_fy1_medium_3","2","DEU","{""id"":""model-reversion-models"",""name"":""Reversion Models""}","[]","MATRIX","TOP500","0"
"0","{""id"":""model"",""name"":""Model""}","0","{""id"":""analyst_revision_horizons"",""name"":""Multi Horizon Analyst Revision Signals""}","1","2026-07-01","1","Earnings-to-price yield percentage using FY1 SmartEstimate EPS, short-horizon DHD component","earnings_to_price_yield_weighted_fy1_short_3","2","DEU","{""id"":""model-reversion-models"",""name"":""Reversion Models""}","[]","MATRIX","TOP500","0"
"0","{""id"":""model"",""name"":""Model""}","0","{""id"":""analyst_revision_horizons"",""name"":""Multi Horizon Analyst Revision Signals""}","1","2026-07-01","1","Earnings-to-price yield percentage using weighted next year earnings estimate, long horizon.","earnings_to_price_yield_weighted_fy2_long_3","2","DEU","{""id"":""model-reversion-models"",""name"":""Reversion Models""}","[]","MATRIX","TOP500","0"
"0","{""id"":""model"",""name"":""Model""}","0","{""id"":""analyst_revision_horizons"",""name"":""Multi Horizon Analyst Revision Signals""}","1","2026-07-01","1","Earnings-to-price yield percentage based on SmartEstimate EPS for the next fiscal year, medium-horizon","earnings_to_price_yield_weighted_fy2_medium_3","2","DEU","{""id"":""model-reversion-models"",""name"":""Reversion Models""}","[]","MATRIX","TOP500","0"
"0","{""id"":""model"",""name"":""Model""}","0","{""id"":""analyst_revision_horizons"",""name"":""Multi Horizon Analyst Revision Signals""}","1","2026-07-01","1","Earnings-to-price yield percentage using weighted analyst estimate for the next fiscal year, short horizon.","earnings_to_price_yield_weighted_fy2_short_3","2","DEU","{""id"":""model-reversion-models"",""name"":""Reversion Models""}","[]","MATRIX","TOP500","0"
"0","{""id"":""model"",""name"":""Model""}","0","{""id"":""analyst_revision_horizons"",""name"":""Multi Horizon Analyst Revision Signals""}","1","2026-07-01","1","Industry percentile rank of earnings yield based on FY1 earnings, on a long horizon","earnings_yield_industry_percentile_fy1_long_term","2","DEU","{""id"":""model-reversion-models"",""name"":""Reversion Models""}","[]","MATRIX","TOP500","0"
"0","{""id"":""model"",""name"":""Model""}","0","{""id"":""analyst_revision_horizons"",""name"":""Multi Horizon Analyst Revision Signals""}","1","2026-07-01","1","Industry yield percentile for earnings in the current fiscal year, oriented to a medium horizon","earnings_yield_industry_percentile_fy1_medium_term","2","DEU","{""id"":""model-reversion-models"",""name"":""Reversion Models""}","[]","MATRIX","TOP500","0"
"0","{""id"":""model"",""name"":""Model""}","0","{""id"":""analyst_revision_horizons"",""name"":""Multi Horizon Analyst Revision Signals""}","1","2026-07-01","1","Industry percentile rank of earnings yield based on FY1 earnings, on a short horizon","earnings_yield_industry_percentile_fy1_short_term","2","DEU","{""id"":""model-reversion-models"",""name"":""Reversion Models""}","[]","MATRIX","TOP500","0"
"0","{""id"":""model"",""name"":""Model""}","0","{""id"":""analyst_revision_horizons"",""name"":""Multi Horizon Analyst Revision Signals""}","1","2026-07-01","1","Sector percentile rank of the company’s earnings yield (E/P) based on current fiscal year (FY1) earnings, long horizon","earnings_yield_sector_percentile_fy1_long_term_2","2","DEU","{""id"":""model-reversion-models"",""name"":""Reversion Models""}","[]","MATRIX","TOP500","0"
"0","{""id"":""model"",""name"":""Model""}","0","{""id"":""analyst_revision_horizons"",""name"":""Multi Horizon Analyst Revision Signals""}","1","2026-07-01","1","Percentile rank within the sector of earnings yield based on current fiscal year (FY1) earnings, on the medium horizon","earnings_yield_sector_percentile_fy1_medium_term","2","DEU","{""id"":""model-reversion-models"",""name"":""Reversion Models""}","[]","MATRIX","TOP500","0"
"0","{""id"":""model"",""name"":""Model""}","0","{""id"":""analyst_revision_horizons"",""name"":""Multi Horizon Analyst Revision Signals""}","1","2026-07-01","1","Sector percentile rank of earnings yield (E/P) based on FY1 earnings, short‑horizon component","earnings_yield_sector_percentile_fy1_short_term","2","DEU","{""id"":""model-reversion-models"",""name"":""Reversion Models""}","[]","MATRIX","TOP500","0"
"0","{""id"":""model"",""name"":""Model""}","0","{""id"":""analyst_revision_horizons"",""name"":""Multi Horizon Analyst Revision Signals""}","1","2026-07-01","1","Earnings yield based on FY1 SmartEstimate on the long horizon","earnings_yield_smartestimate_fy1_long_term","2","DEU","{""id"":""model-reversion-models"",""name"":""Reversion Models""}","[]","MATRIX","TOP500","0"
"0","{""id"":""model"",""name"":""Model""}","0","{""id"":""analyst_revision_horizons"",""name"":""Multi Horizon Analyst Revision Signals""}","1","2026-07-01","1","Earnings yield using SmartEstimate for the current fiscal year, over a medium horizon.","earnings_yield_smartestimate_fy1_medium_term","2","DEU","{""id"":""model-reversion-models"",""name"":""Reversion Models""}","[]","MATRIX","TOP500","0"
"0","{""id"":""model"",""name"":""Model""}","0","{""id"":""analyst_revision_horizons"",""name"":""Multi Horizon Analyst Revision Signals""}","1","2026-07-01","1","Normalized difference between the number of analysts raising and lowering current quarter earnings per share estimates over the past 30 days, long-term horizon.","estimate_diffusion_quarterly_eps_30d_long","2","DEU","{""id"":""model-reversion-models"",""name"":""Reversion Models""}","[]","MATRIX","TOP500","0"
"0","{""id"":""model"",""name"":""Model""}","0","{""id"":""analyst_revision_horizons"",""name"":""Multi Horizon Analyst Revision Signals""}","1","2026-07-01","1","Normalized difference between the number of analysts raising and lowering current quarter earnings per share estimates over the past 30 days, medium-term horizon.","estimate_diffusion_quarterly_eps_30d_medium","2","DEU","{""id"":""model-reversion-models"",""name"":""Reversion Models""}","[]","MATRIX","TOP500","0"
"0","{""id"":""model"",""name"":""Model""}","0","{""id"":""analyst_revision_horizons"",""name"":""Multi Horizon Analyst Revision Signals""}","1","2026-07-01","1","Normalized difference between the number of analysts raising and lowering current quarter earnings per share estimates over the past 30 days, short-term horizon.","estimate_diffusion_quarterly_eps_30d_short","2","DEU","{""id"":""model-reversion-models"",""name"":""Reversion Models""}","[]","MATRIX","TOP500","0"
"0","{""id"":""model"",""name"":""Model""}","0","{""id"":""analyst_revision_horizons"",""name"":""Multi Horizon Analyst Revision Signals""}","1","2026-07-01","1","Predicted difference between forecasted and consensus earnings for forward 12 months, short horizon.","expected_earnings_surprise_12m_short","2","DEU","{""id"":""model-reversion-models"",""name"":""Reversion Models""}","[]","MATRIX","TOP500","0"
"0","{""id"":""model"",""name"":""Model""}","0","{""id"":""analyst_revision_horizons"",""name"":""Multi Horizon Analyst Revision Signals""}","1","2026-07-01","1","Predicted percentage difference between forecasted and consensus earnings for forward 12 months, long horizon.","expected_earnings_surprise_pct_12m_long","2","DEU","{""id"":""model-reversion-models"",""name"":""Reversion Models""}","[]","MATRIX","TOP500","0"
"0","{""id"":""model"",""name"":""Model""}","0","{""id"":""analyst_revision_horizons"",""name"":""Multi Horizon Analyst Revision Signals""}","1","2026-07-01","1","Predicted percentage difference between forecasted and consensus earnings for forward 12 months, medium horizon.","expected_earnings_surprise_pct_12m_medium","2","DEU","{""id"":""model-reversion-models"",""name"":""Reversion Models""}","[]","MATRIX","TOP500","0"
"0","{""id"":""model"",""name"":""Model""}","0","{""id"":""analyst_revision_horizons"",""name"":""Multi Horizon Analyst Revision Signals""}","1","2026-07-01","1","Predicted percentage difference between forecasted and consensus earnings for forward 12 months, short horizon.","expected_earnings_surprise_pct_12m_short","2","DEU","{""id"":""model-reversion-models"",""name"":""Reversion Models""}","[]","MATRIX","TOP500","0"
"0","{""id"":""model"",""name"":""Model""}","0","{""id"":""analyst_revision_horizons"",""name"":""Multi Horizon Analyst Revision Signals""}","1","2026-07-01","1","Predicted percentage difference between forecasted and consensus earnings for the current fiscal year (medium horizon).","expected_earnings_surprise_pct_year1_medium","2","DEU","{""id"":""model-reversion-models"",""name"":""Reversion Models""}","[]","MATRIX","TOP500","0"
"0","{""id"":""model"",""name"":""Model""}","0","{""id"":""analyst_revision_horizons"",""name"":""Multi Horizon Analyst Revision Signals""}","1","2026-07-01","1","Predicted difference between forecasted and consensus EBITDA for forward 12 months, long horizon.","expected_ebitda_surprise_12m_long","2","DEU","{""id"":""model-reversion-models"",""name"":""Reversion Models""}","[]","MATRIX","TOP500","0"
"0","{""id"":""model"",""name"":""Model""}","0","{""id"":""analyst_revision_horizons"",""name"":""Multi Horizon Analyst Revision Signals""}","1","2026-07-01","1","Predicted difference between forecasted and consensus EBITDA for forward 12 months, medium horizon.","expected_ebitda_surprise_12m_medium","2","DEU","{""id"":""model-reversion-models"",""name"":""Reversion Models""}","[]","MATRIX","TOP500","0"
"0","{""id"":""model"",""name"":""Model""}","0","{""id"":""analyst_revision_horizons"",""name"":""Multi Horizon Analyst Revision Signals""}","1","2026-07-01","1","Predicted difference between forecasted and consensus EBITDA for forward 12 months, short horizon.","expected_ebitda_surprise_12m_short","2","DEU","{""id"":""model-reversion-models"",""name"":""Reversion Models""}","[]","MATRIX","TOP500","0"
"0","{""id"":""model"",""name"":""Model""}","0","{""id"":""analyst_revision_horizons"",""name"":""Multi Horizon Analyst Revision Signals""}","1","2026-07-01","1","Predicted percentage difference between forecasted and consensus EBITDA for forward 12 months, long horizon.","expected_ebitda_surprise_pct_12m_long","2","DEU","{""id"":""model-reversion-models"",""name"":""Reversion Models""}","[]","MATRIX","TOP500","0"
"0","{""id"":""model"",""name"":""Model""}","0","{""id"":""analyst_revision_horizons"",""name"":""Multi Horizon Analyst Revision Signals""}","1","2026-07-01","1","Predicted percentage difference between forecasted and consensus EBITDA for forward 12 months, medium horizon.","expected_ebitda_surprise_pct_12m_medium","2","DEU","{""id"":""model-reversion-models"",""name"":""Reversion Models""}","[]","MATRIX","TOP500","0"
"0","{""id"":""model"",""name"":""Model""}","0","{""id"":""analyst_revision_horizons"",""name"":""Multi Horizon Analyst Revision Signals""}","1","2026-07-01","1","Predicted percentage difference between forecasted and consensus EBITDA for the current fiscal year (medium horizon).","expected_ebitda_surprise_pct_year1_medium","2","DEU","{""id"":""model-reversion-models"",""name"":""Reversion Models""}","[]","MATRIX","TOP500","0"
"0","{""id"":""model"",""name"":""Model""}","0","{""id"":""analyst_revision_horizons"",""name"":""Multi Horizon Analyst Revision Signals""}","1","2026-07-01","1","Predicted percentage difference between forecasted and consensus EBITDA for the current fiscal year (short horizon).","expected_ebitda_surprise_pct_year1_short","2","DEU","{""id"":""model-reversion-models"",""name"":""Reversion Models""}","[]","MATRIX","TOP500","0"
"0","{""id"":""model"",""name"":""Model""}","0","{""id"":""analyst_revision_horizons"",""name"":""Multi Horizon Analyst Revision Signals""}","1","2026-07-01","1","Predicted difference between forecasted and consensus revenue for forward 12 months, long horizon.","expected_revenue_surprise_12m_long","2","DEU","{""id"":""model-reversion-models"",""name"":""Reversion Models""}","[]","MATRIX","TOP500","0"
"0","{""id"":""model"",""name"":""Model""}","0","{""id"":""analyst_revision_horizons"",""name"":""Multi Horizon Analyst Revision Signals""}","1","2026-07-01","1","Predicted difference between forecasted and consensus revenue for forward 12 months, short horizon.","expected_revenue_surprise_12m_short","2","DEU","{""id"":""model-reversion-models"",""name"":""Reversion Models""}","[]","MATRIX","TOP500","0"
"0","{""id"":""model"",""name"":""Model""}","0","{""id"":""analyst_revision_horizons"",""name"":""Multi Horizon Analyst Revision Signals""}","1","2026-07-01","1","Average model score over the last 5 days for a short horizon.","five_day_average_model_score_short_term","2","DEU","{""id"":""model-reversion-models"",""name"":""Reversion Models""}","[]","MATRIX","TOP500","0"
"0","{""id"":""model"",""name"":""Model""}","0","{""id"":""analyst_revision_horizons"",""name"":""Multi Horizon Analyst Revision Signals""}","1","2026-07-01","1","Average model score over the last 5 days, long-term horizon.","five_day_avg_model_score_long_term_3","2","DEU","{""id"":""model-reversion-models"",""name"":""Reversion Models""}","[]","MATRIX","TOP500","0"
"0","{""id"":""model"",""name"":""Model""}","0","{""id"":""analyst_revision_horizons"",""name"":""Multi Horizon Analyst Revision Signals""}","1","2026-07-01","1","Average model score over the last 5 days (short horizon).","five_day_avg_model_score_short_term_3","2","DEU","{""id"":""model-reversion-models"",""name"":""Reversion Models""}","[]","MATRIX","TOP500","0"
"0","{""id"":""model"",""name"":""Model""}","0","{""id"":""analyst_revision_horizons"",""name"":""Multi Horizon Analyst Revision Signals""}","1","2026-07-01","1","Historical growth rate over the past five years, measured over a long horizon.","five_year_historical_growth_rate_long_term","2","DEU","{""id"":""model-reversion-models"",""name"":""Reversion Models""}","[]","MATRIX","TOP500","0"
"0","{""id"":""model"",""name"":""Model""}","0","{""id"":""analyst_revision_horizons"",""name"":""Multi Horizon Analyst Revision Signals""}","1","2026-07-01","1","Historical growth rate over the past five years, measured over a medium horizon.","five_year_historical_growth_rate_medium_term","2","DEU","{""id"":""model-reversion-models"",""name"":""Reversion Models""}","[]","MATRIX","TOP500","0"
"0","{""id"":""model"",""name"":""Model""}","0","{""id"":""analyst_revision_horizons"",""name"":""Multi Horizon Analyst Revision Signals""}","1","2026-07-01","1","Historical growth rate over the past five years, measured over a short horizon.","five_year_historical_growth_rate_short_term","2","DEU","{""id"":""model-reversion-models"",""name"":""Reversion Models""}","[]","MATRIX","TOP500","0"
"0","{""id"":""model"",""name"":""Model""}","0","{""id"":""analyst_revision_horizons"",""name"":""Multi Horizon Analyst Revision Signals""}","1","2026-07-01","1","Predicted difference between forecasted and consensus earnings for current fiscal year, long horizon.","forecasted_earnings_surprise_fy1_long","2","DEU","{""id"":""model-reversion-models"",""name"":""Reversion Models""}","[]","MATRIX","TOP500","0"
"0","{""id"":""model"",""name"":""Model""}","0","{""id"":""analyst_revision_horizons"",""name"":""Multi Horizon Analyst Revision Signals""}","1","2026-07-01","1","Predicted difference between forecasted and consensus earnings for current fiscal year, medium horizon.","forecasted_earnings_surprise_fy1_medium","2","DEU","{""id"":""model-reversion-models"",""name"":""Reversion Models""}","[]","MATRIX","TOP500","0"
"0","{""id"":""model"",""name"":""Model""}","0","{""id"":""analyst_revision_horizons"",""name"":""Multi Horizon Analyst Revision Signals""}","1","2026-07-01","1","Predicted difference between forecasted and consensus earnings for next fiscal year, medium horizon.","forecasted_earnings_surprise_fy2_medium","2","DEU","{""id"":""model-reversion-models"",""name"":""Reversion Models""}","[]","MATRIX","TOP500","0"
"0","{""id"":""model"",""name"":""Model""}","0","{""id"":""analyst_revision_horizons"",""name"":""Multi Horizon Analyst Revision Signals""}","1","2026-07-01","1","Predicted difference between forecasted and consensus earnings for next fiscal year, short horizon.","forecasted_earnings_surprise_fy2_short","2","DEU","{""id"":""model-reversion-models"",""name"":""Reversion Models""}","[]","MATRIX","TOP500","0"
"0","{""id"":""model"",""name"":""Model""}","0","{""id"":""analyst_revision_horizons"",""name"":""Multi Horizon Analyst Revision Signals""}","1","2026-07-01","1","Predicted percentage difference between forecasted and consensus earnings for current fiscal year, long horizon.","forecasted_earnings_surprise_pct_fy1_long","2","DEU","{""id"":""model-reversion-models"",""name"":""Reversion Models""}","[]","MATRIX","TOP500","0"
"0","{""id"":""model"",""name"":""Model""}","0","{""id"":""analyst_revision_horizons"",""name"":""Multi Horizon Analyst Revision Signals""}","1","2026-07-01","1","Predicted percentage difference between forecasted and consensus earnings for next fiscal year, long horizon.","forecasted_earnings_surprise_pct_fy2_long","2","DEU","{""id"":""model-reversion-models"",""name"":""Reversion Models""}","[]","MATRIX","TOP500","0"
"0","{""id"":""model"",""name"":""Model""}","0","{""id"":""analyst_revision_horizons"",""name"":""Multi Horizon Analyst Revision Signals""}","1","2026-07-01","1","Predicted percentage difference between forecasted and consensus earnings for next fiscal year, short horizon.","forecasted_earnings_surprise_pct_fy2_short","2","DEU","{""id"":""model-reversion-models"",""name"":""Reversion Models""}","[]","MATRIX","TOP500","0"
"0","{""id"":""model"",""name"":""Model""}","0","{""id"":""analyst_revision_horizons"",""name"":""Multi Horizon Analyst Revision Signals""}","1","2026-07-01","1","Predicted percentage difference between forecasted and consensus earnings for next fiscal quarter, long horizon.","forecasted_earnings_surprise_pct_q2_long","2","DEU","{""id"":""model-reversion-models"",""name"":""Reversion Models""}","[]","MATRIX","TOP500","0"
"0","{""id"":""model"",""name"":""Model""}","0","{""id"":""analyst_revision_horizons"",""name"":""Multi Horizon Analyst Revision Signals""}","1","2026-07-01","1","Predicted percentage difference between forecasted and consensus earnings for next fiscal quarter, medium horizon.","forecasted_earnings_surprise_pct_q2_medium","2","DEU","{""id"":""model-reversion-models"",""name"":""Reversion Models""}","[]","MATRIX","TOP500","0"
"0","{""id"":""model"",""name"":""Model""}","0","{""id"":""analyst_revision_horizons"",""name"":""Multi Horizon Analyst Revision Signals""}","1","2026-07-01","1","Predicted percentage difference between forecasted and consensus earnings for next fiscal quarter, short horizon.","forecasted_earnings_surprise_pct_q2_short","2","DEU","{""id"":""model-reversion-models"",""name"":""Reversion Models""}","[]","MATRIX","TOP500","0"
"0","{""id"":""model"",""name"":""Model""}","0","{""id"":""analyst_revision_horizons"",""name"":""Multi Horizon Analyst Revision Signals""}","1","2026-07-01","1","Predicted difference between forecasted and consensus earnings for next fiscal quarter, long horizon.","forecasted_earnings_surprise_q2_long","2","DEU","{""id"":""model-reversion-models"",""name"":""Reversion Models""}","[]","MATRIX","TOP500","0"
"0","{""id"":""model"",""name"":""Model""}","0","{""id"":""analyst_revision_horizons"",""name"":""Multi Horizon Analyst Revision Signals""}","1","2026-07-01","1","Predicted difference between forecasted and consensus earnings for next fiscal quarter, short horizon.","forecasted_earnings_surprise_q2_short","2","DEU","{""id"":""model-reversion-models"",""name"":""Reversion Models""}","[]","MATRIX","TOP500","0"
"0","{""id"":""model"",""name"":""Model""}","0","{""id"":""analyst_revision_horizons"",""name"":""Multi Horizon Analyst Revision Signals""}","1","2026-07-01","1","Predicted percentage difference between forecasted and consensus EBITDA for the next 12 months (short horizon).","forecasted_ebitda_surprise_12m_short","2","DEU","{""id"":""model-reversion-models"",""name"":""Reversion Models""}","[]","MATRIX","TOP500","0"
"0","{""id"":""model"",""name"":""Model""}","0","{""id"":""analyst_revision_horizons"",""name"":""Multi Horizon Analyst Revision Signals""}","1","2026-07-01","1","Predicted difference between forecasted and consensus EBITDA for next fiscal year, long horizon.","forecasted_ebitda_surprise_fy2_long","2","DEU","{""id"":""model-reversion-models"",""name"":""Reversion Models""}","[]","MATRIX","TOP500","0"
"0","{""id"":""model"",""name"":""Model""}","0","{""id"":""analyst_revision_horizons"",""name"":""Multi Horizon Analyst Revision Signals""}","1","2026-07-01","1","Predicted percentage difference between forecasted and consensus EBITDA for current fiscal year, long horizon.","forecasted_ebitda_surprise_pct_fy1_long","2","DEU","{""id"":""model-reversion-models"",""name"":""Reversion Models""}","[]","MATRIX","TOP500","0"
"0","{""id"":""model"",""name"":""Model""}","0","{""id"":""analyst_revision_horizons"",""name"":""Multi Horizon Analyst Revision Signals""}","1","2026-07-01","1","Predicted percentage difference between forecasted and consensus EBITDA for next fiscal year, long horizon.","forecasted_ebitda_surprise_pct_fy2_long","2","DEU","{""id"":""model-reversion-models"",""name"":""Reversion Models""}","[]","MATRIX","TOP500","0"
"0","{""id"":""model"",""name"":""Model""}","0","{""id"":""analyst_revision_horizons"",""name"":""Multi Horizon Analyst Revision Signals""}","1","2026-07-01","1","Predicted percentage difference between forecasted and consensus EBITDA for next fiscal year, medium horizon.","forecasted_ebitda_surprise_pct_fy2_medium","2","DEU","{""id"":""model-reversion-models"",""name"":""Reversion Models""}","[]","MATRIX","TOP500","0"
"0","{""id"":""model"",""name"":""Model""}","0","{""id"":""analyst_revision_horizons"",""name"":""Multi Horizon Analyst Revision Signals""}","1","2026-07-01","1","Predicted percentage difference between forecasted and consensus EBITDA for next fiscal quarter, long horizon.","forecasted_ebitda_surprise_pct_q2_long","2","DEU","{""id"":""model-reversion-models"",""name"":""Reversion Models""}","[]","MATRIX","TOP500","0"
"0","{""id"":""model"",""name"":""Model""}","0","{""id"":""analyst_revision_horizons"",""name"":""Multi Horizon Analyst Revision Signals""}","1","2026-07-01","1","Predicted percentage difference between forecasted and consensus EBITDA for next fiscal quarter, medium horizon.","forecasted_ebitda_surprise_pct_q2_medium","2","DEU","{""id"":""model-reversion-models"",""name"":""Reversion Models""}","[]","MATRIX","TOP500","0"
"0","{""id"":""model"",""name"":""Model""}","0","{""id"":""analyst_revision_horizons"",""name"":""Multi Horizon Analyst Revision Signals""}","1","2026-07-01","1","Predicted difference between forecasted and consensus EBITDA for next fiscal quarter, medium horizon.","forecasted_ebitda_surprise_q2_medium","2","DEU","{""id"":""model-reversion-models"",""name"":""Reversion Models""}","[]","MATRIX","TOP500","0"
"0","{""id"":""model"",""name"":""Model""}","0","{""id"":""analyst_revision_horizons"",""name"":""Multi Horizon Analyst Revision Signals""}","1","2026-07-01","1","Predicted difference between forecasted and consensus EBITDA for next fiscal quarter, short horizon.","forecasted_ebitda_surprise_q2_short","2","DEU","{""id"":""model-reversion-models"",""name"":""Reversion Models""}","[]","MATRIX","TOP500","0"
"0","{""id"":""model"",""name"":""Model""}","0","{""id"":""analyst_revision_horizons"",""name"":""Multi Horizon Analyst Revision Signals""}","1","2026-07-01","1","Predicted difference between forecasted and consensus revenue for next fiscal year, long horizon.","forecasted_revenue_surprise_fy2_long","2","DEU","{""id"":""model-reversion-models"",""name"":""Reversion Models""}","[]","MATRIX","TOP500","0"
"0","{""id"":""model"",""name"":""Model""}","0","{""id"":""analyst_revision_horizons"",""name"":""Multi Horizon Analyst Revision Signals""}","1","2026-07-01","1","Predicted difference between forecasted and consensus revenue for next fiscal year, medium horizon.","forecasted_revenue_surprise_fy2_medium","2","DEU","{""id"":""model-reversion-models"",""name"":""Reversion Models""}","[]","MATRIX","TOP500","0"
"0","{""id"":""model"",""name"":""Model""}","0","{""id"":""analyst_revision_horizons"",""name"":""Multi Horizon Analyst Revision Signals""}","1","2026-07-01","1","Predicted difference between forecasted and consensus revenue for next fiscal year, short horizon.","forecasted_revenue_surprise_fy2_short","2","DEU","{""id"":""model-reversion-models"",""name"":""Reversion Models""}","[]","MATRIX","TOP500","0"
"0","{""id"":""model"",""name"":""Model""}","0","{""id"":""analyst_revision_horizons"",""name"":""Multi Horizon Analyst Revision Signals""}","1","2026-07-01","1","Predicted percentage difference between forecasted and consensus revenue for current fiscal year, long horizon.","forecasted_revenue_surprise_pct_fy1_long","2","DEU","{""id"":""model-reversion-models"",""name"":""Reversion Models""}","[]","MATRIX","TOP500","0"
"0","{""id"":""model"",""name"":""Model""}","0","{""id"":""analyst_revision_horizons"",""name"":""Multi Horizon Analyst Revision Signals""}","1","2026-07-01","1","Predicted percentage difference between forecasted and consensus revenue for current fiscal year, medium horizon.","forecasted_revenue_surprise_pct_fy1_medium","2","DEU","{""id"":""model-reversion-models"",""name"":""Reversion Models""}","[]","MATRIX","TOP500","0"
"0","{""id"":""model"",""name"":""Model""}","0","{""id"":""analyst_revision_horizons"",""name"":""Multi Horizon Analyst Revision Signals""}","1","2026-07-01","1","Predicted percentage difference between forecasted and consensus revenue for next fiscal year, long horizon.","forecasted_revenue_surprise_pct_fy2_long","2","DEU","{""id"":""model-reversion-models"",""name"":""Reversion Models""}","[]","MATRIX","TOP500","0"
"0","{""id"":""model"",""name"":""Model""}","0","{""id"":""analyst_revision_horizons"",""name"":""Multi Horizon Analyst Revision Signals""}","1","2026-07-01","1","Predicted percentage difference between forecasted and consensus revenue for next fiscal year, medium horizon.","forecasted_revenue_surprise_pct_fy2_medium","2","DEU","{""id"":""model-reversion-models"",""name"":""Reversion Models""}","[]","MATRIX","TOP500","0"
"0","{""id"":""model"",""name"":""Model""}","0","{""id"":""analyst_revision_horizons"",""name"":""Multi Horizon Analyst Revision Signals""}","1","2026-07-01","1","Predicted percentage difference between forecasted and consensus revenue for next fiscal quarter, medium horizon.","forecasted_revenue_surprise_pct_q2_medium","2","DEU","{""id"":""model-reversion-models"",""name"":""Reversion Models""}","[]","MATRIX","TOP500","0"
"0","{""id"":""model"",""name"":""Model""}","0","{""id"":""analyst_revision_horizons"",""name"":""Multi Horizon Analyst Revision Signals""}","1","2026-07-01","1","Predicted percentage difference between forecasted and consensus revenue for next fiscal quarter, short horizon.","forecasted_revenue_surprise_pct_q2_short","2","DEU","{""id"":""model-reversion-models"",""name"":""Reversion Models""}","[]","MATRIX","TOP500","0"
"0","{""id"":""model"",""name"":""Model""}","0","{""id"":""analyst_revision_horizons"",""name"":""Multi Horizon Analyst Revision Signals""}","1","2026-07-01","1","Predicted difference between forecasted and consensus revenue for next fiscal quarter, long horizon.","forecasted_revenue_surprise_q2_long","2","DEU","{""id"":""model-reversion-models"",""name"":""Reversion Models""}","[]","MATRIX","TOP500","0"
"0","{""id"":""model"",""name"":""Model""}","0","{""id"":""analyst_revision_horizons"",""name"":""Multi Horizon Analyst Revision Signals""}","1","2026-07-01","1","Predicted difference between forecasted and consensus revenue for next fiscal quarter, medium horizon.","forecasted_revenue_surprise_q2_medium","2","DEU","{""id"":""model-reversion-models"",""name"":""Reversion Models""}","[]","MATRIX","TOP500","0"
"0","{""id"":""model"",""name"":""Model""}","0","{""id"":""analyst_revision_horizons"",""name"":""Multi Horizon Analyst Revision Signals""}","1","2026-07-01","1","Predicted difference between forecasted and consensus revenue for next fiscal quarter, short horizon.","forecasted_revenue_surprise_q2_short","2","DEU","{""id"":""model-reversion-models"",""name"":""Reversion Models""}","[]","MATRIX","TOP500","0"
"0","{""id"":""model"",""name"":""Model""}","0","{""id"":""analyst_revision_horizons"",""name"":""Multi Horizon Analyst Revision Signals""}","1","2026-07-01","1","Predicted percent difference between forecast and consensus EBITDA for the current fiscal quarter, long horizon.","forecasted_surprise_pct_current_quarter_operating_long","2","DEU","{""id"":""model-reversion-models"",""name"":""Reversion Models""}","[]","MATRIX","TOP500","0"
"0","{""id"":""model"",""name"":""Model""}","0","{""id"":""analyst_revision_horizons"",""name"":""Multi Horizon Analyst Revision Signals""}","1","2026-07-01","1","Predicted percent difference between forecast and consensus revenue for the current fiscal year, short horizon.","forecasted_surprise_pct_current_year_sales_short","2","DEU","{""id"":""model-reversion-models"",""name"":""Reversion Models""}","[]","MATRIX","TOP500","0"
"0","{""id"":""model"",""name"":""Model""}","0","{""id"":""analyst_revision_horizons"",""name"":""Multi Horizon Analyst Revision Signals""}","1","2026-07-01","1","Predicted percent difference between forecast and consensus revenue for the next 12 months, long horizon.","forecasted_surprise_pct_next_12m_sales_long","2","DEU","{""id"":""model-reversion-models"",""name"":""Reversion Models""}","[]","MATRIX","TOP500","0"
"0","{""id"":""model"",""name"":""Model""}","0","{""id"":""analyst_revision_horizons"",""name"":""Multi Horizon Analyst Revision Signals""}","1","2026-07-01","1","Predicted percent difference between forecast and consensus revenue for the next 12 months, medium horizon.","forecasted_surprise_pct_next_12m_sales_medium","2","DEU","{""id"":""model-reversion-models"",""name"":""Reversion Models""}","[]","MATRIX","TOP500","0"
"0","{""id"":""model"",""name"":""Model""}","0","{""id"":""analyst_revision_horizons"",""name"":""Multi Horizon Analyst Revision Signals""}","1","2026-07-01","1","Predicted percent difference between forecast and consensus revenue for the next 12 months, short horizon.","forecasted_surprise_pct_next_12m_sales_short","2","DEU","{""id"":""model-reversion-models"",""name"":""Reversion Models""}","[]","MATRIX","TOP500","0"
"0","{""id"":""model"",""name"":""Model""}","0","{""id"":""analyst_revision_horizons"",""name"":""Multi Horizon Analyst Revision Signals""}","1","2026-07-01","1","Predicted percent difference between forecast and consensus EBITDA for the next fiscal quarter, short horizon.","forecasted_surprise_pct_next_quarter_operating_short","2","DEU","{""id"":""model-reversion-models"",""name"":""Reversion Models""}","[]","MATRIX","TOP500","0"
"0","{""id"":""model"",""name"":""Model""}","0","{""id"":""analyst_revision_horizons"",""name"":""Multi Horizon Analyst Revision Signals""}","1","2026-07-01","1","Predicted percent difference between forecast and consensus revenue for the next fiscal quarter, long horizon.","forecasted_surprise_pct_next_quarter_sales_long","2","DEU","{""id"":""model-reversion-models"",""name"":""Reversion Models""}","[]","MATRIX","TOP500","0"
"0","{""id"":""model"",""name"":""Model""}","0","{""id"":""analyst_revision_horizons"",""name"":""Multi Horizon Analyst Revision Signals""}","1","2026-07-01","1","Predicted percent difference between forecast and consensus EBITDA for the next fiscal year, short horizon.","forecasted_surprise_pct_next_year_operating_short","2","DEU","{""id"":""model-reversion-models"",""name"":""Reversion Models""}","[]","MATRIX","TOP500","0"
"0","{""id"":""model"",""name"":""Model""}","0","{""id"":""analyst_revision_horizons"",""name"":""Multi Horizon Analyst Revision Signals""}","1","2026-07-01","1","Predicted percent difference between forecast and consensus earnings for the next fiscal year, medium horizon.","forecasted_surprise_pct_next_year_profit_medium","2","DEU","{""id"":""model-reversion-models"",""name"":""Reversion Models""}","[]","MATRIX","TOP500","0"
"0","{""id"":""model"",""name"":""Model""}","0","{""id"":""analyst_revision_horizons"",""name"":""Multi Horizon Analyst Revision Signals""}","1","2026-07-01","1","Forward P/E ratio using the mean analyst estimate of next 12 months EPS, long-horizon version","forward_pe_mean_f12m_long_3","2","DEU","{""id"":""model-reversion-models"",""name"":""Reversion Models""}","[]","MATRIX","TOP500","0"
"0","{""id"":""model"",""name"":""Model""}","0","{""id"":""analyst_revision_horizons"",""name"":""Multi Horizon Analyst Revision Signals""}","1","2026-07-01","1","Forward 12-month price-to-earnings ratio based on the mean analyst estimate, on the medium horizon","forward_pe_mean_f12m_medium_3","2","DEU","{""id"":""model-reversion-models"",""name"":""Reversion Models""}","[]","MATRIX","TOP500","0"
"0","{""id"":""model"",""name"":""Model""}","0","{""id"":""analyst_revision_horizons"",""name"":""Multi Horizon Analyst Revision Signals""}","1","2026-07-01","1","Forward 12-month P/E using consensus mean EPS, short-horizon DHD component","forward_pe_mean_f12m_short_3","2","DEU","{""id"":""model-reversion-models"",""name"":""Reversion Models""}","[]","MATRIX","TOP500","0"
"0","{""id"":""model"",""name"":""Model""}","0","{""id"":""analyst_revision_horizons"",""name"":""Multi Horizon Analyst Revision Signals""}","1","2026-07-01","1","Forward price-to-earnings ratio for the current fiscal year (FY1) using mean analyst estimates, on the long horizon","forward_pe_mean_fy1_long_3","2","DEU","{""id"":""model-reversion-models"",""name"":""Reversion Models""}","[]","MATRIX","TOP500","0"
"0","{""id"":""model"",""name"":""Model""}","0","{""id"":""analyst_revision_horizons"",""name"":""Multi Horizon Analyst Revision Signals""}","1","2026-07-01","1","Forward Price-to-Earnings ratio based on the consensus mean FY1 EPS estimate, long horizon","forward_pe_mean_fy1_long_term","2","DEU","{""id"":""model-reversion-models"",""name"":""Reversion Models""}","[]","MATRIX","TOP500","0"
"0","{""id"":""model"",""name"":""Model""}","0","{""id"":""analyst_revision_horizons"",""name"":""Multi Horizon Analyst Revision Signals""}","1","2026-07-01","1","Forward price-to-earnings ratio using mean analyst estimate for the current fiscal year, medium horizon.","forward_pe_mean_fy1_medium_3","2","DEU","{""id"":""model-reversion-models"",""name"":""Reversion Models""}","[]","MATRIX","TOP500","0"
"0","{""id"":""model"",""name"":""Model""}","0","{""id"":""analyst_revision_horizons"",""name"":""Multi Horizon Analyst Revision Signals""}","1","2026-07-01","1","Forward price-to-earnings ratio using mean analyst estimate for FY1, medium horizon","forward_pe_mean_fy1_medium_term_2","2","DEU","{""id"":""model-reversion-models"",""name"":""Reversion Models""}","[]","MATRIX","TOP500","0"
"0","{""id"":""model"",""name"":""Model""}","0","{""id"":""analyst_revision_horizons"",""name"":""Multi Horizon Analyst Revision Signals""}","1","2026-07-01","1","Forward P/E using FY1 consensus mean EPS estimate","forward_pe_mean_fy1_short_3","2","DEU","{""id"":""model-reversion-models"",""name"":""Reversion Models""}","[]","MATRIX","TOP500","0"
"0","{""id"":""model"",""name"":""Model""}","0","{""id"":""analyst_revision_horizons"",""name"":""Multi Horizon Analyst Revision Signals""}","1","2026-07-01","1","Forward price-to-earnings ratio using mean analyst estimate for the current fiscal year, over a short horizon.","forward_pe_mean_fy1_short_term","2","DEU","{""id"":""model-reversion-models"",""name"":""Reversion Models""}","[]","MATRIX","TOP500","0"
"0","{""id"":""model"",""name"":""Model""}","0","{""id"":""analyst_revision_horizons"",""name"":""Multi Horizon Analyst Revision Signals""}","1","2026-07-01","1","Forward P/E using consensus mean FY2 EPS, long-horizon DHD component","forward_pe_mean_fy2_long_3","2","DEU","{""id"":""model-reversion-models"",""name"":""Reversion Models""}","[]","MATRIX","TOP500","0"
"0","{""id"":""model"",""name"":""Model""}","0","{""id"":""analyst_revision_horizons"",""name"":""Multi Horizon Analyst Revision Signals""}","1","2026-07-01","1","Forward price-to-earnings ratio using mean consensus FY2 EPS estimate, on the medium horizon","forward_pe_mean_fy2_medium_3","2","DEU","{""id"":""model-reversion-models"",""name"":""Reversion Models""}","[]","MATRIX","TOP500","0"
"0","{""id"":""model"",""name"":""Model""}","0","{""id"":""analyst_revision_horizons"",""name"":""Multi Horizon Analyst Revision Signals""}","1","2026-07-01","1","Forward price-to-earnings ratio using mean consensus FY2 EPS estimate, on the short horizon","forward_pe_mean_fy2_short_3","2","DEU","{""id"":""model-reversion-models"",""name"":""Reversion Models""}","[]","MATRIX","TOP500","0"
"0","{""id"":""model"",""name"":""Model""}","0","{""id"":""analyst_revision_horizons"",""name"":""Multi Horizon Analyst Revision Signals""}","1","2026-07-01","1","Forward price-to-earnings ratio based on SmartEstimate for the current fiscal year (FY1), on the long horizon","forward_pe_smartestimate_fy1_long_term","2","DEU","{""id"":""model-reversion-models"",""name"":""Reversion Models""}","[]","MATRIX","TOP500","0"
"0","{""id"":""model"",""name"":""Model""}","0","{""id"":""analyst_revision_horizons"",""name"":""Multi Horizon Analyst Revision Signals""}","1","2026-07-01","1","Forward Price-to-Earnings ratio based on SmartEstimate for FY1 EPS, medium horizon","forward_pe_smartestimate_fy1_medium_term","2","DEU","{""id"":""model-reversion-models"",""name"":""Reversion Models""}","[]","MATRIX","TOP500","0"
"0","{""id"":""model"",""name"":""Model""}","0","{""id"":""analyst_revision_horizons"",""name"":""Multi Horizon Analyst Revision Signals""}","1","2026-07-01","1","Forward price-to-earnings ratio using the FY1 SmartEstimate, on a short-term horizon","forward_pe_smartestimate_fy1_short_term","2","DEU","{""id"":""model-reversion-models"",""name"":""Reversion Models""}","[]","MATRIX","TOP500","0"
"0","{""id"":""model"",""name"":""Model""}","0","{""id"":""analyst_revision_horizons"",""name"":""Multi Horizon Analyst Revision Signals""}","1","2026-07-01","1","Forward price-to-earnings ratio using weighted analyst estimate for the next 12 months, long horizon.","forward_pe_weighted_f12m_long_2","2","DEU","{""id"":""model-reversion-models"",""name"":""Reversion Models""}","[]","MATRIX","TOP500","0"
"0","{""id"":""model"",""name"":""Model""}","0","{""id"":""analyst_revision_horizons"",""name"":""Multi Horizon Analyst Revision Signals""}","1","2026-07-01","1","Forward 12-month P/E using SmartEstimate for earnings, medium-horizon component","forward_pe_weighted_f12m_medium_3","2","DEU","{""id"":""model-reversion-models"",""name"":""Reversion Models""}","[]","MATRIX","TOP500","0"
"0","{""id"":""model"",""name"":""Model""}","0","{""id"":""analyst_revision_horizons"",""name"":""Multi Horizon Analyst Revision Signals""}","1","2026-07-01","1","Forward 12-month price-to-earnings ratio based on SmartEstimate, on the short horizon","forward_pe_weighted_f12m_short_3","2","DEU","{""id"":""model-reversion-models"",""name"":""Reversion Models""}","[]","MATRIX","TOP500","0"
"0","{""id"":""model"",""name"":""Model""}","0","{""id"":""analyst_revision_horizons"",""name"":""Multi Horizon Analyst Revision Signals""}","1","2026-07-01","1","Forward price-to-earnings ratio using SmartEstimate of current fiscal year EPS, long horizon","forward_pe_weighted_fy1_long_3","2","DEU","{""id"":""model-reversion-models"",""name"":""Reversion Models""}","[]","MATRIX","TOP500","0"
"0","{""id"":""model"",""name"":""Model""}","0","{""id"":""analyst_revision_horizons"",""name"":""Multi Horizon Analyst Revision Signals""}","1","2026-07-01","1","Forward P/E using the StarMine SmartEstimate EPS for the current fiscal year (FY1), medium-horizon component","forward_pe_weighted_fy1_medium_3","2","DEU","{""id"":""model-reversion-models"",""name"":""Reversion Models""}","[]","MATRIX","TOP500","0"
"0","{""id"":""model"",""name"":""Model""}","0","{""id"":""analyst_revision_horizons"",""name"":""Multi Horizon Analyst Revision Signals""}","1","2026-07-01","1","Forward P/E using FY1 SmartEstimate EPS, short-horizon DHD component","forward_pe_weighted_fy1_short_3","2","DEU","{""id"":""model-reversion-models"",""name"":""Reversion Models""}","[]","MATRIX","TOP500","0"
"0","{""id"":""model"",""name"":""Model""}","0","{""id"":""analyst_revision_horizons"",""name"":""Multi Horizon Analyst Revision Signals""}","1","2026-07-01","1","Forward P/E using FY2 SmartEstimate EPS","forward_pe_weighted_fy2_long_3","2","DEU","{""id"":""model-reversion-models"",""name"":""Reversion Models""}","[]","MATRIX","TOP500","0"
"0","{""id"":""model"",""name"":""Model""}","0","{""id"":""analyst_revision_horizons"",""name"":""Multi Horizon Analyst Revision Signals""}","1","2026-07-01","1","Forward P/E using SmartEstimate for next fiscal year earnings, medium-horizon component","forward_pe_weighted_fy2_medium_3","2","DEU","{""id"":""model-reversion-models"",""name"":""Reversion Models""}","[]","MATRIX","TOP500","0"
"0","{""id"":""model"",""name"":""Model""}","0","{""id"":""analyst_revision_horizons"",""name"":""Multi Horizon Analyst Revision Signals""}","1","2026-07-01","1","Forward P/E using SmartEstimate for next fiscal year earnings, short-horizon component","forward_pe_weighted_fy2_short_3","2","DEU","{""id"":""model-reversion-models"",""name"":""Reversion Models""}","[]","MATRIX","TOP500","0"
"0","{""id"":""model"",""name"":""Model""}","0","{""id"":""analyst_revision_horizons"",""name"":""Multi Horizon Analyst Revision Signals""}","1","2026-07-01","1","Percentile rank of the model score globally, long horizon.","global_percentile_model_score_long","2","DEU","{""id"":""model-reversion-models"",""name"":""Reversion Models""}","[]","MATRIX","TOP500","0"
"0","{""id"":""model"",""name"":""Model""}","0","{""id"":""analyst_revision_horizons"",""name"":""Multi Horizon Analyst Revision Signals""}","1","2026-07-01","1","Global percentile rank based on the ARM score, continuous value, medium horizon","global_percentile_rank_float_medium_term","2","DEU","{""id"":""model-reversion-models"",""name"":""Reversion Models""}","[]","MATRIX","TOP500","0"
"0","{""id"":""model"",""name"":""Model""}","0","{""id"":""analyst_revision_horizons"",""name"":""Multi Horizon Analyst Revision Signals""}","1","2026-07-01","1","Percentile rank of a stock globally based on the model score, long-term horizon.","global_percentile_rank_long_term_5","2","DEU","{""id"":""model-reversion-models"",""name"":""Reversion Models""}","[]","MATRIX","TOP500","0"
"0","{""id"":""model"",""name"":""Model""}","0","{""id"":""analyst_revision_horizons"",""name"":""Multi Horizon Analyst Revision Signals""}","1","2026-07-01","1","Percentile rank of a stock globally based on the model score, medium-term horizon.","global_percentile_rank_medium_term_5","2","DEU","{""id"":""model-reversion-models"",""name"":""Reversion Models""}","[]","MATRIX","TOP500","0"
"0","{""id"":""model"",""name"":""Model""}","0","{""id"":""analyst_revision_horizons"",""name"":""Multi Horizon Analyst Revision Signals""}","1","2026-07-01","1","Percentile rank of a stock globally based on the model score over a short horizon.","global_percentile_rank_short_term","2","DEU","{""id"":""model-reversion-models"",""name"":""Reversion Models""}","[]","MATRIX","TOP500","0"
"0","{""id"":""model"",""name"":""Model""}","0","{""id"":""analyst_revision_horizons"",""name"":""Multi Horizon Analyst Revision Signals""}","1","2026-07-01","1","Percentile rank of a stock globally based on the model score, short-term horizon.","global_percentile_rank_short_term_4","2","DEU","{""id"":""model-reversion-models"",""name"":""Reversion Models""}","[]","MATRIX","TOP500","0"
"0","{""id"":""model"",""name"":""Model""}","0","{""id"":""analyst_revision_horizons"",""name"":""Multi Horizon Analyst Revision Signals""}","1","2026-07-01","1","Global rank or percentile score of the ARM signal for the security (continuous FLOAT), assigned to the short horizon","global_percentile_rank_short_term_5","2","DEU","{""id"":""model-reversion-models"",""name"":""Reversion Models""}","[]","MATRIX","TOP500","0"
"0","{""id"":""model"",""name"":""Model""}","0","{""id"":""analyst_revision_horizons"",""name"":""Multi Horizon Analyst Revision Signals""}","1","2026-07-01","1","Growth rate of EBITDA from last year to this year using weighted analyst estimates, medium horizon.","growth_current_vs_prior_year_ebitda_weighted_medium","2","DEU","{""id"":""model-reversion-models"",""name"":""Reversion Models""}","[]","MATRIX","TOP500","0"
"0","{""id"":""model"",""name"":""Model""}","0","{""id"":""analyst_revision_horizons"",""name"":""Multi Horizon Analyst Revision Signals""}","1","2026-07-01","1","Growth rate of EBITDA from last year to this year using weighted analyst estimates, short horizon.","growth_current_vs_prior_year_ebitda_weighted_short","2","DEU","{""id"":""model-reversion-models"",""name"":""Reversion Models""}","[]","MATRIX","TOP500","0"
"0","{""id"":""model"",""name"":""Model""}","0","{""id"":""analyst_revision_horizons"",""name"":""Multi Horizon Analyst Revision Signals""}","1","2026-07-01","1","Growth rate of revenue from last year to this year using weighted analyst estimates, medium horizon.","growth_current_vs_prior_year_revenue_weighted_medium","2","DEU","{""id"":""model-reversion-models"",""name"":""Reversion Models""}","[]","MATRIX","TOP500","0"
"0","{""id"":""model"",""name"":""Model""}","0","{""id"":""analyst_revision_horizons"",""name"":""Multi Horizon Analyst Revision Signals""}","1","2026-07-01","1","Growth of earnings from trailing 12 months to forward 12 months based on SmartEstimate, on a long-term horizon","growth_f12m_vs_t12m_earnings_smartestimate_long","2","DEU","{""id"":""model-reversion-models"",""name"":""Reversion Models""}","[]","MATRIX","TOP500","0"
"0","{""id"":""model"",""name"":""Model""}","0","{""id"":""analyst_revision_horizons"",""name"":""Multi Horizon Analyst Revision Signals""}","1","2026-07-01","1","Growth from forward 12 months to trailing 12 months earnings based on SmartEstimate, on a medium horizon","growth_f12m_vs_t12m_earnings_smartestimate_medium","2","DEU","{""id"":""model-reversion-models"",""name"":""Reversion Models""}","[]","MATRIX","TOP500","0"
"0","{""id"":""model"",""name"":""Model""}","0","{""id"":""analyst_revision_horizons"",""name"":""Multi Horizon Analyst Revision Signals""}","1","2026-07-01","1","Growth from forward 12 months to trailing 12 months earnings based on SmartEstimate, on a short horizon","growth_f12m_vs_t12m_earnings_smartestimate_short","2","DEU","{""id"":""model-reversion-models"",""name"":""Reversion Models""}","[]","MATRIX","TOP500","0"
"0","{""id"":""model"",""name"":""Model""}","0","{""id"":""analyst_revision_horizons"",""name"":""Multi Horizon Analyst Revision Signals""}","1","2026-07-01","1","EPS growth from trailing 12 months to forward 24 months using SmartEstimate, long horizon","growth_f24m_vs_f12m_earnings_smartestimate_long","2","DEU","{""id"":""model-reversion-models"",""name"":""Reversion Models""}","[]","MATRIX","TOP500","0"
"0","{""id"":""model"",""name"":""Model""}","0","{""id"":""analyst_revision_horizons"",""name"":""Multi Horizon Analyst Revision Signals""}","1","2026-07-01","1","SmartEstimate-based earnings growth from forward 24 months vs trailing 12 months, medium horizon","growth_f24m_vs_f12m_earnings_smartestimate_medium","2","DEU","{""id"":""model-reversion-models"",""name"":""Reversion Models""}","[]","MATRIX","TOP500","0"
"0","{""id"":""model"",""name"":""Model""}","0","{""id"":""analyst_revision_horizons"",""name"":""Multi Horizon Analyst Revision Signals""}","1","2026-07-01","1","EPS growth from trailing 12 months to forward 24 months using SmartEstimate, short horizon","growth_f24m_vs_f12m_earnings_smartestimate_short","2","DEU","{""id"":""model-reversion-models"",""name"":""Reversion Models""}","[]","MATRIX","TOP500","0"
"0","{""id"":""model"",""name"":""Model""}","0","{""id"":""analyst_revision_horizons"",""name"":""Multi Horizon Analyst Revision Signals""}","1","2026-07-01","1","Growth rate of EBITDA from this year to next year using weighted analyst estimates, long horizon.","growth_next_vs_current_year_ebitda_weighted_long","2","DEU","{""id"":""model-reversion-models"",""name"":""Reversion Models""}","[]","MATRIX","TOP500","0"
"0","{""id"":""model"",""name"":""Model""}","0","{""id"":""analyst_revision_horizons"",""name"":""Multi Horizon Analyst Revision Signals""}","1","2026-07-01","1","Growth rate of revenue from this year to next year using weighted analyst estimates, short horizon.","growth_next_vs_current_year_revenue_weighted_short","2","DEU","{""id"":""model-reversion-models"",""name"":""Reversion Models""}","[]","MATRIX","TOP500","0"
"0","{""id"":""model"",""name"":""Model""}","0","{""id"":""analyst_revision_horizons"",""name"":""Multi Horizon Analyst Revision Signals""}","1","2026-07-01","1","Expected EPS growth from this year (FY1) to next year (FY2) using SmartEstimate, long horizon","growth_next_vs_this_year_earnings_smartestimate_long","2","DEU","{""id"":""model-reversion-models"",""name"":""Reversion Models""}","[]","MATRIX","TOP500","0"
"0","{""id"":""model"",""name"":""Model""}","0","{""id"":""analyst_revision_horizons"",""name"":""Multi Horizon Analyst Revision Signals""}","1","2026-07-01","1","Growth of earnings from this fiscal year to next fiscal year based on SmartEstimate, on a medium-term horizon","growth_next_vs_this_year_earnings_smartestimate_medium","2","DEU","{""id"":""model-reversion-models"",""name"":""Reversion Models""}","[]","MATRIX","TOP500","0"
"0","{""id"":""model"",""name"":""Model""}","0","{""id"":""analyst_revision_horizons"",""name"":""Multi Horizon Analyst Revision Signals""}","1","2026-07-01","1","Expected EPS growth from this year (FY1) to next year (FY2) using SmartEstimate, short horizon","growth_next_vs_this_year_earnings_smartestimate_short_2","2","DEU","{""id"":""model-reversion-models"",""name"":""Reversion Models""}","[]","MATRIX","TOP500","0"
"0","{""id"":""model"",""name"":""Model""}","0","{""id"":""analyst_revision_horizons"",""name"":""Multi Horizon Analyst Revision Signals""}","1","2026-07-01","1","Growth rate of weighted analyst earnings estimates comparing next fiscal year to this fiscal year, using a long-term horizon.","growth_next_vs_this_year_earnings_weighted_long_4","2","DEU","{""id"":""model-reversion-models"",""name"":""Reversion Models""}","[]","MATRIX","TOP500","0"
"0","{""id"":""model"",""name"":""Model""}","0","{""id"":""analyst_revision_horizons"",""name"":""Multi Horizon Analyst Revision Signals""}","1","2026-07-01","1","Growth rate of weighted analyst earnings estimate from this year to next year, medium horizon.","growth_next_vs_this_year_earnings_weighted_medium_3","2","DEU","{""id"":""model-reversion-models"",""name"":""Reversion Models""}","[]","MATRIX","TOP500","0"
"0","{""id"":""model"",""name"":""Model""}","0","{""id"":""analyst_revision_horizons"",""name"":""Multi Horizon Analyst Revision Signals""}","1","2026-07-01","1","Growth rate of weighted analyst earnings estimate from this year to next year, short horizon.","growth_next_vs_this_year_earnings_weighted_short_3","2","DEU","{""id"":""model-reversion-models"",""name"":""Reversion Models""}","[]","MATRIX","TOP500","0"
"0","{""id"":""model"",""name"":""Model""}","0","{""id"":""analyst_revision_horizons"",""name"":""Multi Horizon Analyst Revision Signals""}","1","2026-07-01","1","Growth rate of weighted analyst EBITDA estimate from this year to next year, medium horizon.","growth_next_vs_this_year_ebitda_weighted_medium_3","2","DEU","{""id"":""model-reversion-models"",""name"":""Reversion Models""}","[]","MATRIX","TOP500","0"
"0","{""id"":""model"",""name"":""Model""}","0","{""id"":""analyst_revision_horizons"",""name"":""Multi Horizon Analyst Revision Signals""}","1","2026-07-01","1","Growth rate of weighted analyst EBITDA estimate from this year to next year, short horizon.","growth_next_vs_this_year_ebitda_weighted_short_3","2","DEU","{""id"":""model-reversion-models"",""name"":""Reversion Models""}","[]","MATRIX","TOP500","0"
"0","{""id"":""model"",""name"":""Model""}","0","{""id"":""analyst_revision_horizons"",""name"":""Multi Horizon Analyst Revision Signals""}","1","2026-07-01","1","Growth rate of weighted analyst revenue estimate from this year to next year, long horizon.","growth_next_vs_this_year_revenue_weighted_long_3","2","DEU","{""id"":""model-reversion-models"",""name"":""Reversion Models""}","[]","MATRIX","TOP500","0"
"0","{""id"":""model"",""name"":""Model""}","0","{""id"":""analyst_revision_horizons"",""name"":""Multi Horizon Analyst Revision Signals""}","1","2026-07-01","1","Expected revenue growth from this fiscal year to next (FY2 vs FY1) based on SmartEstimate, medium-horizon DHD component","growth_next_vs_this_year_revenue_weighted_medium_3","2","DEU","{""id"":""model-reversion-models"",""name"":""Reversion Models""}","[]","MATRIX","TOP500","0"
"0","{""id"":""model"",""name"":""Model""}","0","{""id"":""analyst_revision_horizons"",""name"":""Multi Horizon Analyst Revision Signals""}","1","2026-07-01","1","EPS growth from last fiscal year to this fiscal year using SmartEstimate, long horizon","growth_this_vs_last_year_earnings_smartestimate_long","2","DEU","{""id"":""model-reversion-models"",""name"":""Reversion Models""}","[]","MATRIX","TOP500","0"
"0","{""id"":""model"",""name"":""Model""}","0","{""id"":""analyst_revision_horizons"",""name"":""Multi Horizon Analyst Revision Signals""}","1","2026-07-01","1","Growth rate of earnings from last fiscal year to this fiscal year based on SmartEstimate, on a medium-term horizon","growth_this_vs_last_year_earnings_smartestimate_medium","2","DEU","{""id"":""model-reversion-models"",""name"":""Reversion Models""}","[]","MATRIX","TOP500","0"
"0","{""id"":""model"",""name"":""Model""}","0","{""id"":""analyst_revision_horizons"",""name"":""Multi Horizon Analyst Revision Signals""}","1","2026-07-01","1","SmartEstimate growth rate from last year to this year earnings, short horizon","growth_this_vs_last_year_earnings_smartestimate_short","2","DEU","{""id"":""model-reversion-models"",""name"":""Reversion Models""}","[]","MATRIX","TOP500","0"
"0","{""id"":""model"",""name"":""Model""}","0","{""id"":""analyst_revision_horizons"",""name"":""Multi Horizon Analyst Revision Signals""}","1","2026-07-01","1","SmartEstimate Growth rate difference between This Year and Last Year earnings on long horizon","growth_this_vs_last_year_earnings_weighted_long_3","2","DEU","{""id"":""model-reversion-models"",""name"":""Reversion Models""}","[]","MATRIX","TOP500","0"
"0","{""id"":""model"",""name"":""Model""}","0","{""id"":""analyst_revision_horizons"",""name"":""Multi Horizon Analyst Revision Signals""}","1","2026-07-01","1","SmartEstimate-based year-over-year earnings growth (this fiscal year vs last year), on the medium horizon","growth_this_vs_last_year_earnings_weighted_medium_3","2","DEU","{""id"":""model-reversion-models"",""name"":""Reversion Models""}","[]","MATRIX","TOP500","0"
"0","{""id"":""model"",""name"":""Model""}","0","{""id"":""analyst_revision_horizons"",""name"":""Multi Horizon Analyst Revision Signals""}","1","2026-07-01","1","SmartEstimate growth rate from last fiscal year to this fiscal year for earnings (EPS), short horizon","growth_this_vs_last_year_earnings_weighted_short_4","2","DEU","{""id"":""model-reversion-models"",""name"":""Reversion Models""}","[]","MATRIX","TOP500","0"
"0","{""id"":""model"",""name"":""Model""}","0","{""id"":""analyst_revision_horizons"",""name"":""Multi Horizon Analyst Revision Signals""}","1","2026-07-01","1","Growth rate of weighted analyst EBITDA estimate from last year to this year, long horizon.","growth_this_vs_last_year_ebitda_weighted_long_3","2","DEU","{""id"":""model-reversion-models"",""name"":""Reversion Models""}","[]","MATRIX","TOP500","0"
"0","{""id"":""model"",""name"":""Model""}","0","{""id"":""analyst_revision_horizons"",""name"":""Multi Horizon Analyst Revision Signals""}","1","2026-07-01","1","Growth rate of weighted analyst revenue estimate from last year to this year, long horizon.","growth_this_vs_last_year_revenue_weighted_long_4","2","DEU","{""id"":""model-reversion-models"",""name"":""Reversion Models""}","[]","MATRIX","TOP500","0"
"0","{""id"":""model"",""name"":""Model""}","0","{""id"":""analyst_revision_horizons"",""name"":""Multi Horizon Analyst Revision Signals""}","1","2026-07-01","1","Growth rate of weighted analyst revenue estimate from last year to this year, short horizon.","growth_this_vs_last_year_revenue_weighted_short_4","2","DEU","{""id"":""model-reversion-models"",""name"":""Reversion Models""}","[]","MATRIX","TOP500","0"
"0","{""id"":""model"",""name"":""Model""}","0","{""id"":""analyst_revision_horizons"",""name"":""Multi Horizon Analyst Revision Signals""}","1","2026-07-01","1","Percentage change in the highest analyst estimate for current quarter earnings per share over the past 30 days, long-term horizon.","highest_estimate_change_quarterly_eps_30d_long","2","DEU","{""id"":""model-reversion-models"",""name"":""Reversion Models""}","[]","MATRIX","TOP500","0"
"0","{""id"":""model"",""name"":""Model""}","0","{""id"":""analyst_revision_horizons"",""name"":""Multi Horizon Analyst Revision Signals""}","1","2026-07-01","1","Percentage change in the highest analyst estimate for current quarter earnings per share over the past 30 days, medium-term horizon.","highest_estimate_change_quarterly_eps_30d_medium","2","DEU","{""id"":""model-reversion-models"",""name"":""Reversion Models""}","[]","MATRIX","TOP500","0"
"0","{""id"":""model"",""name"":""Model""}","0","{""id"":""analyst_revision_horizons"",""name"":""Multi Horizon Analyst Revision Signals""}","1","2026-07-01","1","Percentage change in the highest analyst estimate for current quarter earnings per share over the past 30 days, short-term horizon.","highest_estimate_change_quarterly_eps_30d_short","2","DEU","{""id"":""model-reversion-models"",""name"":""Reversion Models""}","[]","MATRIX","TOP500","0"
"0","{""id"":""model"",""name"":""Model""}","0","{""id"":""analyst_revision_horizons"",""name"":""Multi Horizon Analyst Revision Signals""}","1","2026-07-01","1","Highest analyst estimate for current quarter earnings per share from 30 days prior, long-term horizon.","highest_estimate_prior_quarterly_eps_30d_long","2","DEU","{""id"":""model-reversion-models"",""name"":""Reversion Models""}","[]","MATRIX","TOP500","0"
"0","{""id"":""model"",""name"":""Model""}","0","{""id"":""analyst_revision_horizons"",""name"":""Multi Horizon Analyst Revision Signals""}","1","2026-07-01","1","Highest analyst estimate for current quarter earnings per share from 30 days prior, medium-term horizon.","highest_estimate_prior_quarterly_eps_30d_medium","2","DEU","{""id"":""model-reversion-models"",""name"":""Reversion Models""}","[]","MATRIX","TOP500","0"
"0","{""id"":""model"",""name"":""Model""}","0","{""id"":""analyst_revision_horizons"",""name"":""Multi Horizon Analyst Revision Signals""}","1","2026-07-01","1","Highest analyst estimate for current quarter earnings per share from 30 days prior, short-term horizon.","highest_estimate_prior_quarterly_eps_30d_short","2","DEU","{""id"":""model-reversion-models"",""name"":""Reversion Models""}","[]","MATRIX","TOP500","0"
"0","{""id"":""model"",""name"":""Model""}","0","{""id"":""analyst_revision_horizons"",""name"":""Multi Horizon Analyst Revision Signals""}","1","2026-07-01","1","Price-to-earnings ratio using last fiscal year EPS, long horizon","last_fiscal_year_pe_long_3","2","DEU","{""id"":""model-reversion-models"",""name"":""Reversion Models""}","[]","MATRIX","TOP500","0"
"0","{""id"":""model"",""name"":""Model""}","0","{""id"":""analyst_revision_horizons"",""name"":""Multi Horizon Analyst Revision Signals""}","1","2026-07-01","1","Price-to-earnings ratio based on last fiscal year's earnings, long horizon","last_fiscal_year_pe_long_term","2","DEU","{""id"":""model-reversion-models"",""name"":""Reversion Models""}","[]","MATRIX","TOP500","0"
"0","{""id"":""model"",""name"":""Model""}","0","{""id"":""analyst_revision_horizons"",""name"":""Multi Horizon Analyst Revision Signals""}","1","2026-07-01","1","Price-to-earnings ratio based on last fiscal year's earnings, medium horizon.","last_fiscal_year_pe_medium_3","2","DEU","{""id"":""model-reversion-models"",""name"":""Reversion Models""}","[]","MATRIX","TOP500","0"
"0","{""id"":""model"",""name"":""Model""}","0","{""id"":""analyst_revision_horizons"",""name"":""Multi Horizon Analyst Revision Signals""}","1","2026-07-01","1","Price-to-earnings ratio using last fiscal year’s actual earnings, medium horizon","last_fiscal_year_pe_medium_term_2","2","DEU","{""id"":""model-reversion-models"",""name"":""Reversion Models""}","[]","MATRIX","TOP500","0"
"0","{""id"":""model"",""name"":""Model""}","0","{""id"":""analyst_revision_horizons"",""name"":""Multi Horizon Analyst Revision Signals""}","1","2026-07-01","1","Price-to-earnings ratio based on last fiscal year's earnings, short horizon.","last_fiscal_year_pe_short_3","2","DEU","{""id"":""model-reversion-models"",""name"":""Reversion Models""}","[]","MATRIX","TOP500","0"
"0","{""id"":""model"",""name"":""Model""}","0","{""id"":""analyst_revision_horizons"",""name"":""Multi Horizon Analyst Revision Signals""}","1","2026-07-01","1","Price-to-earnings ratio based on last fiscal year’s actual earnings, short horizon","last_fiscal_year_pe_short_term","2","DEU","{""id"":""model-reversion-models"",""name"":""Reversion Models""}","[]","MATRIX","TOP500","0"
"0","{""id"":""model"",""name"":""Model""}","0","{""id"":""analyst_revision_horizons"",""name"":""Multi Horizon Analyst Revision Signals""}","1","2026-07-01","1","Percentile rank within the industry for long-term growth, long horizon","long_term_growth_industry_percentile_long_term","2","DEU","{""id"":""model-reversion-models"",""name"":""Reversion Models""}","[]","MATRIX","TOP500","0"
"0","{""id"":""model"",""name"":""Model""}","0","{""id"":""analyst_revision_horizons"",""name"":""Multi Horizon Analyst Revision Signals""}","1","2026-07-01","1","Industry percentile of long-term growth estimates, medium horizon","long_term_growth_industry_percentile_medium_term_2","2","DEU","{""id"":""model-reversion-models"",""name"":""Reversion Models""}","[]","MATRIX","TOP500","0"
"0","{""id"":""model"",""name"":""Model""}","0","{""id"":""analyst_revision_horizons"",""name"":""Multi Horizon Analyst Revision Signals""}","1","2026-07-01","1","Industry-relative percentile of long-term growth, short horizon","long_term_growth_industry_percentile_short_term","2","DEU","{""id"":""model-reversion-models"",""name"":""Reversion Models""}","[]","MATRIX","TOP500","0"
"0","{""id"":""model"",""name"":""Model""}","0","{""id"":""analyst_revision_horizons"",""name"":""Multi Horizon Analyst Revision Signals""}","1","2026-07-01","1","Long Term Growth Percentile within Sector on long horizon","long_term_growth_sector_percentile_long_term","2","DEU","{""id"":""model-reversion-models"",""name"":""Reversion Models""}","[]","MATRIX","TOP500","0"
"0","{""id"":""model"",""name"":""Model""}","0","{""id"":""analyst_revision_horizons"",""name"":""Multi Horizon Analyst Revision Signals""}","1","2026-07-01","1","Percentile rank within the sector of the company’s long-term growth estimate, evaluated on a medium horizon","long_term_growth_sector_percentile_medium_term","2","DEU","{""id"":""model-reversion-models"",""name"":""Reversion Models""}","[]","MATRIX","TOP500","0"
"0","{""id"":""model"",""name"":""Model""}","0","{""id"":""analyst_revision_horizons"",""name"":""Multi Horizon Analyst Revision Signals""}","1","2026-07-01","1","Long-term growth percentile within the company’s sector on the short horizon","long_term_growth_sector_percentile_short_term","2","DEU","{""id"":""model-reversion-models"",""name"":""Reversion Models""}","[]","MATRIX","TOP500","0"
"0","{""id"":""model"",""name"":""Model""}","0","{""id"":""analyst_revision_horizons"",""name"":""Multi Horizon Analyst Revision Signals""}","1","2026-07-01","1","Percentage change in the lowest analyst estimate for current quarter earnings per share over the past 30 days, long-term horizon.","lowest_estimate_change_quarterly_eps_30d_long","2","DEU","{""id"":""model-reversion-models"",""name"":""Reversion Models""}","[]","MATRIX","TOP500","0"
"0","{""id"":""model"",""name"":""Model""}","0","{""id"":""analyst_revision_horizons"",""name"":""Multi Horizon Analyst Revision Signals""}","1","2026-07-01","1","Percentage change in the lowest analyst estimate for current quarter earnings per share over the past 30 days, medium-term horizon.","lowest_estimate_change_quarterly_eps_30d_medium","2","DEU","{""id"":""model-reversion-models"",""name"":""Reversion Models""}","[]","MATRIX","TOP500","0"
"0","{""id"":""model"",""name"":""Model""}","0","{""id"":""analyst_revision_horizons"",""name"":""Multi Horizon Analyst Revision Signals""}","1","2026-07-01","1","Percentage change in the lowest analyst estimate for current quarter earnings per share over the past 30 days, short-term horizon.","lowest_estimate_change_quarterly_eps_30d_short","2","DEU","{""id"":""model-reversion-models"",""name"":""Reversion Models""}","[]","MATRIX","TOP500","0"
"0","{""id"":""model"",""name"":""Model""}","0","{""id"":""analyst_revision_horizons"",""name"":""Multi Horizon Analyst Revision Signals""}","1","2026-07-01","1","Lowest analyst estimate for current quarter earnings per share from 30 days prior, long-term horizon.","lowest_estimate_prior_quarterly_eps_30d_long","2","DEU","{""id"":""model-reversion-models"",""name"":""Reversion Models""}","[]","MATRIX","TOP500","0"
"0","{""id"":""model"",""name"":""Model""}","0","{""id"":""analyst_revision_horizons"",""name"":""Multi Horizon Analyst Revision Signals""}","1","2026-07-01","1","Lowest analyst estimate for current quarter earnings per share from 30 days prior, medium-term horizon.","lowest_estimate_prior_quarterly_eps_30d_medium","2","DEU","{""id"":""model-reversion-models"",""name"":""Reversion Models""}","[]","MATRIX","TOP500","0"
"0","{""id"":""model"",""name"":""Model""}","0","{""id"":""analyst_revision_horizons"",""name"":""Multi Horizon Analyst Revision Signals""}","1","2026-07-01","1","Lowest analyst estimate for current quarter earnings per share from 30 days prior, short-term horizon.","lowest_estimate_prior_quarterly_eps_30d_short","2","DEU","{""id"":""model-reversion-models"",""name"":""Reversion Models""}","[]","MATRIX","TOP500","0"
"0","{""id"":""model"",""name"":""Model""}","0","{""id"":""analyst_revision_horizons"",""name"":""Multi Horizon Analyst Revision Signals""}","1","2026-07-01","1","Mean analyst estimate for current quarter earnings per share from 7 days prior, long-term horizon.","mean_analyst_estimate_prior_quarterly_eps_7d_long","2","DEU","{""id"":""model-reversion-models"",""name"":""Reversion Models""}","[]","MATRIX","TOP500","0"
"0","{""id"":""model"",""name"":""Model""}","0","{""id"":""analyst_revision_horizons"",""name"":""Multi Horizon Analyst Revision Signals""}","1","2026-07-01","1","Mean analyst estimate for current quarter earnings per share from 7 days prior, medium-term horizon.","mean_analyst_estimate_prior_quarterly_eps_7d_medium","2","DEU","{""id"":""model-reversion-models"",""name"":""Reversion Models""}","[]","MATRIX","TOP500","0"
"0","{""id"":""model"",""name"":""Model""}","0","{""id"":""analyst_revision_horizons"",""name"":""Multi Horizon Analyst Revision Signals""}","1","2026-07-01","1","Mean analyst estimate for current quarter earnings per share from 7 days prior, short-term horizon.","mean_analyst_estimate_prior_quarterly_eps_7d_short","2","DEU","{""id"":""model-reversion-models"",""name"":""Reversion Models""}","[]","MATRIX","TOP500","0"
"0","{""id"":""model"",""name"":""Model""}","0","{""id"":""analyst_revision_horizons"",""name"":""Multi Horizon Analyst Revision Signals""}","1","2026-07-01","1","Average change in analyst recommendations over the past 30 days (long horizon).","mean_analyst_recommendation_change_30d_long","2","DEU","{""id"":""model-reversion-models"",""name"":""Reversion Models""}","[]","MATRIX","TOP500","0"
"0","{""id"":""model"",""name"":""Model""}","0","{""id"":""analyst_revision_horizons"",""name"":""Multi Horizon Analyst Revision Signals""}","1","2026-07-01","1","Average change in analyst recommendations over the past 30 days (medium horizon).","mean_analyst_recommendation_change_30d_medium","2","DEU","{""id"":""model-reversion-models"",""name"":""Reversion Models""}","[]","MATRIX","TOP500","0"
"0","{""id"":""model"",""name"":""Model""}","0","{""id"":""analyst_revision_horizons"",""name"":""Multi Horizon Analyst Revision Signals""}","1","2026-07-01","1","Average change in analyst recommendations over the past 30 days (short horizon).","mean_analyst_recommendation_change_30d_short","2","DEU","{""id"":""model-reversion-models"",""name"":""Reversion Models""}","[]","MATRIX","TOP500","0"
"0","{""id"":""model"",""name"":""Model""}","0","{""id"":""analyst_revision_horizons"",""name"":""Multi Horizon Analyst Revision Signals""}","1","2026-07-01","1","Average analyst recommendation prior to the last 7 days (long horizon).","mean_analyst_recommendation_prior_7d_long","2","DEU","{""id"":""model-reversion-models"",""name"":""Reversion Models""}","[]","MATRIX","TOP500","0"
"0","{""id"":""model"",""name"":""Model""}","0","{""id"":""analyst_revision_horizons"",""name"":""Multi Horizon Analyst Revision Signals""}","1","2026-07-01","1","Average analyst recommendation prior to the last 7 days (medium horizon).","mean_analyst_recommendation_prior_7d_medium","2","DEU","{""id"":""model-reversion-models"",""name"":""Reversion Models""}","[]","MATRIX","TOP500","0"
"0","{""id"":""model"",""name"":""Model""}","0","{""id"":""analyst_revision_horizons"",""name"":""Multi Horizon Analyst Revision Signals""}","1","2026-07-01","1","Average analyst recommendation prior to the last 7 days (short horizon).","mean_analyst_recommendation_prior_7d_short","2","DEU","{""id"":""model-reversion-models"",""name"":""Reversion Models""}","[]","MATRIX","TOP500","0"
"0","{""id"":""model"",""name"":""Model""}","0","{""id"":""analyst_revision_horizons"",""name"":""Multi Horizon Analyst Revision Signals""}","1","2026-07-01","1","Average percentage revision in analyst earnings per share estimates for the current fiscal quarter over the past 30 days, long-term horizon.","mean_analyst_revision_quarterly_eps_30d_long","2","DEU","{""id"":""model-reversion-models"",""name"":""Reversion Models""}","[]","MATRIX","TOP500","0"
"0","{""id"":""model"",""name"":""Model""}","0","{""id"":""analyst_revision_horizons"",""name"":""Multi Horizon Analyst Revision Signals""}","1","2026-07-01","1","Average percentage revision in analyst earnings per share estimates for the current fiscal quarter over the past 30 days, medium-term horizon.","mean_analyst_revision_quarterly_eps_30d_medium","2","DEU","{""id"":""model-reversion-models"",""name"":""Reversion Models""}","[]","MATRIX","TOP500","0"
"0","{""id"":""model"",""name"":""Model""}","0","{""id"":""analyst_revision_horizons"",""name"":""Multi Horizon Analyst Revision Signals""}","1","2026-07-01","1","Average percentage revision in analyst earnings per share estimates for the current fiscal quarter over the past 30 days, short-term horizon.","mean_analyst_revision_quarterly_eps_30d_short","2","DEU","{""id"":""model-reversion-models"",""name"":""Reversion Models""}","[]","MATRIX","TOP500","0"
"0","{""id"":""model"",""name"":""Model""}","0","{""id"":""analyst_revision_horizons"",""name"":""Multi Horizon Analyst Revision Signals""}","1","2026-07-01","1","Change in the consensus mean FQ1 earnings estimate over the past 30 days, long horizon","mean_estimate_change_quarterly_eps_30d_long","2","DEU","{""id"":""model-reversion-models"",""name"":""Reversion Models""}","[]","MATRIX","TOP500","0"
"0","{""id"":""model"",""name"":""Model""}","0","{""id"":""analyst_revision_horizons"",""name"":""Multi Horizon Analyst Revision Signals""}","1","2026-07-01","1","Change in the consensus mean FQ1 earnings estimate over the past 30 days, medium horizon","mean_estimate_change_quarterly_eps_30d_medium","2","DEU","{""id"":""model-reversion-models"",""name"":""Reversion Models""}","[]","MATRIX","TOP500","0"
"0","{""id"":""model"",""name"":""Model""}","0","{""id"":""analyst_revision_horizons"",""name"":""Multi Horizon Analyst Revision Signals""}","1","2026-07-01","1","Change in the consensus mean FQ1 earnings estimate over the past 30 days, short horizon","mean_estimate_change_quarterly_eps_30d_short","2","DEU","{""id"":""model-reversion-models"",""name"":""Reversion Models""}","[]","MATRIX","TOP500","0"
"0","{""id"":""model"",""name"":""Model""}","0","{""id"":""analyst_revision_horizons"",""name"":""Multi Horizon Analyst Revision Signals""}","1","2026-07-01","1","Average revision magnitude by analysts in a revision cluster for current quarter's earnings, long horizon.","mean_revisioncluster_analysts_quarterly_eps_long","2","DEU","{""id"":""model-reversion-models"",""name"":""Reversion Models""}","[]","MATRIX","TOP500","0"
"0","{""id"":""model"",""name"":""Model""}","0","{""id"":""analyst_revision_horizons"",""name"":""Multi Horizon Analyst Revision Signals""}","1","2026-07-01","1","Mean estimate among analysts in a revision cluster for current quarter earnings, long horizon.","mean_revisioncluster_analysts_quarterly_eps_long_2","2","DEU","{""id"":""model-reversion-models"",""name"":""Reversion Models""}","[]","MATRIX","TOP500","0"
"0","{""id"":""model"",""name"":""Model""}","0","{""id"":""analyst_revision_horizons"",""name"":""Multi Horizon Analyst Revision Signals""}","1","2026-07-01","1","Average revision magnitude by analysts in a revision cluster for current quarter's earnings, medium horizon.","mean_revisioncluster_analysts_quarterly_eps_medium","2","DEU","{""id"":""model-reversion-models"",""name"":""Reversion Models""}","[]","MATRIX","TOP500","0"
"0","{""id"":""model"",""name"":""Model""}","0","{""id"":""analyst_revision_horizons"",""name"":""Multi Horizon Analyst Revision Signals""}","1","2026-07-01","1","Mean estimate among analysts in a revision cluster for current quarter earnings, medium horizon.","mean_revisioncluster_analysts_quarterly_eps_medium_2","2","DEU","{""id"":""model-reversion-models"",""name"":""Reversion Models""}","[]","MATRIX","TOP500","0"
"0","{""id"":""model"",""name"":""Model""}","0","{""id"":""analyst_revision_horizons"",""name"":""Multi Horizon Analyst Revision Signals""}","1","2026-07-01","1","Mean estimate among analysts in a revision cluster for current quarter earnings, short horizon.","mean_revisioncluster_analysts_quarterly_eps_short_2","2","DEU","{""id"":""model-reversion-models"",""name"":""Reversion Models""}","[]","MATRIX","TOP500","0"
"0","{""id"":""model"",""name"":""Model""}","0","{""id"":""analyst_revision_horizons"",""name"":""Multi Horizon Analyst Revision Signals""}","1","2026-07-01","1","Average percentage revision by analysts in a revision cluster for current quarter's earnings, long horizon.","mean_revisioncluster_revision_pct_quarterly_eps_long","2","DEU","{""id"":""model-reversion-models"",""name"":""Reversion Models""}","[]","MATRIX","TOP500","0"
"0","{""id"":""model"",""name"":""Model""}","0","{""id"":""analyst_revision_horizons"",""name"":""Multi Horizon Analyst Revision Signals""}","1","2026-07-01","1","Average percentage revision by analysts in a revision cluster for the current quarter's earnings over a short horizon.","mean_revisioncluster_revision_pct_quarterly_eps_short","2","DEU","{""id"":""model-reversion-models"",""name"":""Reversion Models""}","[]","MATRIX","TOP500","0"
"0","{""id"":""model"",""name"":""Model""}","0","{""id"":""analyst_revision_horizons"",""name"":""Multi Horizon Analyst Revision Signals""}","1","2026-07-01","1","Median historical forward 12‑month price-to-earnings ratio, long horizon","median_historical_f12m_pe_long_term","2","DEU","{""id"":""model-reversion-models"",""name"":""Reversion Models""}","[]","MATRIX","TOP500","0"
"0","{""id"":""model"",""name"":""Model""}","0","{""id"":""analyst_revision_horizons"",""name"":""Multi Horizon Analyst Revision Signals""}","1","2026-07-01","1","Historical median forward 12-month price-to-earnings ratio for the stock, on the medium horizon","median_historical_f12m_pe_medium_term","2","DEU","{""id"":""model-reversion-models"",""name"":""Reversion Models""}","[]","MATRIX","TOP500","0"
"0","{""id"":""model"",""name"":""Model""}","0","{""id"":""analyst_revision_horizons"",""name"":""Multi Horizon Analyst Revision Signals""}","1","2026-07-01","1","Median historical forward 12-month price-to-earnings ratio over a short horizon.","median_historical_f12m_pe_short_term","2","DEU","{""id"":""model-reversion-models"",""name"":""Reversion Models""}","[]","MATRIX","TOP500","0"
"0","{""id"":""model"",""name"":""Model""}","0","{""id"":""analyst_revision_horizons"",""name"":""Multi Horizon Analyst Revision Signals""}","1","2026-07-01","1","Median historical forward 12-month price-to-earnings ratio over a long horizon.","median_historical_f12m_price_to_earnings_long","2","DEU","{""id"":""model-reversion-models"",""name"":""Reversion Models""}","[]","MATRIX","TOP500","0"
"0","{""id"":""model"",""name"":""Model""}","0","{""id"":""analyst_revision_horizons"",""name"":""Multi Horizon Analyst Revision Signals""}","1","2026-07-01","1","Median historical forward 12-month price-to-earnings ratio over a medium horizon.","median_historical_f12m_price_to_earnings_medium","2","DEU","{""id"":""model-reversion-models"",""name"":""Reversion Models""}","[]","MATRIX","TOP500","0"
"0","{""id"":""model"",""name"":""Model""}","0","{""id"":""analyst_revision_horizons"",""name"":""Multi Horizon Analyst Revision Signals""}","1","2026-07-01","1","Median historical forward 12-month price-to-earnings ratio over a short horizon.","median_historical_f12m_price_to_earnings_short","2","DEU","{""id"":""model-reversion-models"",""name"":""Reversion Models""}","[]","MATRIX","TOP500","0"
"0","{""id"":""model"",""name"":""Model""}","0","{""id"":""analyst_revision_horizons"",""name"":""Multi Horizon Analyst Revision Signals""}","1","2026-07-01","1","Flag indicating new model-related activity detected, long horizon.","model_new_activity_flag_long","2","DEU","{""id"":""model-reversion-models"",""name"":""Reversion Models""}","[]","MATRIX","TOP500","0"
"0","{""id"":""model"",""name"":""Model""}","0","{""id"":""analyst_revision_horizons"",""name"":""Multi Horizon Analyst Revision Signals""}","1","2026-07-01","1","Flag indicating new model-related activity detected, medium horizon.","model_new_activity_flag_medium","2","DEU","{""id"":""model-reversion-models"",""name"":""Reversion Models""}","[]","MATRIX","TOP500","0"
"0","{""id"":""model"",""name"":""Model""}","0","{""id"":""analyst_revision_horizons"",""name"":""Multi Horizon Analyst Revision Signals""}","1","2026-07-01","1","Flag indicating new model-related activity detected, short horizon.","model_new_activity_flag_short","2","DEU","{""id"":""model-reversion-models"",""name"":""Reversion Models""}","[]","MATRIX","TOP500","0"
"0","{""id"":""model"",""name"":""Model""}","0","{""id"":""analyst_revision_horizons"",""name"":""Multi Horizon Analyst Revision Signals""}","1","2026-07-01","1","Average model score over the last 5 days, medium horizon.","model_score_5day_avg_medium","2","DEU","{""id"":""model-reversion-models"",""name"":""Reversion Models""}","[]","MATRIX","TOP500","0"
"0","{""id"":""model"",""name"":""Model""}","0","{""id"":""analyst_revision_horizons"",""name"":""Multi Horizon Analyst Revision Signals""}","1","2026-07-01","1","Change in model score over the past 1 day, long horizon.","model_score_change_1d_long","2","DEU","{""id"":""model-reversion-models"",""name"":""Reversion Models""}","[]","MATRIX","TOP500","0"
"0","{""id"":""model"",""name"":""Model""}","0","{""id"":""analyst_revision_horizons"",""name"":""Multi Horizon Analyst Revision Signals""}","1","2026-07-01","1","Change in model score over the past 1 day, medium horizon.","model_score_change_1d_medium","2","DEU","{""id"":""model-reversion-models"",""name"":""Reversion Models""}","[]","MATRIX","TOP500","0"
"0","{""id"":""model"",""name"":""Model""}","0","{""id"":""analyst_revision_horizons"",""name"":""Multi Horizon Analyst Revision Signals""}","1","2026-07-01","1","Change in model score over the past 1 day (short horizon).","model_score_change_1d_short_term_3","2","DEU","{""id"":""model-reversion-models"",""name"":""Reversion Models""}","[]","MATRIX","TOP500","0"
"0","{""id"":""model"",""name"":""Model""}","0","{""id"":""analyst_revision_horizons"",""name"":""Multi Horizon Analyst Revision Signals""}","1","2026-07-01","1","Change in model score over the past 30 days, long horizon.","model_score_change_30d_long","2","DEU","{""id"":""model-reversion-models"",""name"":""Reversion Models""}","[]","MATRIX","TOP500","0"
"0","{""id"":""model"",""name"":""Model""}","0","{""id"":""analyst_revision_horizons"",""name"":""Multi Horizon Analyst Revision Signals""}","1","2026-07-01","1","Change in model score over the past 30 days, medium-term horizon.","model_score_change_30d_medium_term_4","2","DEU","{""id"":""model-reversion-models"",""name"":""Reversion Models""}","[]","MATRIX","TOP500","0"
"0","{""id"":""model"",""name"":""Model""}","0","{""id"":""analyst_revision_horizons"",""name"":""Multi Horizon Analyst Revision Signals""}","1","2026-07-01","1","Change in model score over the past 30 days, short-term horizon.","model_score_change_30d_short_term_3","2","DEU","{""id"":""model-reversion-models"",""name"":""Reversion Models""}","[]","MATRIX","TOP500","0"
"0","{""id"":""model"",""name"":""Model""}","0","{""id"":""analyst_revision_horizons"",""name"":""Multi Horizon Analyst Revision Signals""}","1","2026-07-01","1","Change in model score over the past 3 days, long-term horizon.","model_score_change_3d_long_term_3","2","DEU","{""id"":""model-reversion-models"",""name"":""Reversion Models""}","[]","MATRIX","TOP500","0"
"0","{""id"":""model"",""name"":""Model""}","0","{""id"":""analyst_revision_horizons"",""name"":""Multi Horizon Analyst Revision Signals""}","1","2026-07-01","1","Change in model score over the past 3 days (medium horizon).","model_score_change_3d_medium_term_3","2","DEU","{""id"":""model-reversion-models"",""name"":""Reversion Models""}","[]","MATRIX","TOP500","0"
"0","{""id"":""model"",""name"":""Model""}","0","{""id"":""analyst_revision_horizons"",""name"":""Multi Horizon Analyst Revision Signals""}","1","2026-07-01","1","Change in the overall ARM score over the past 3 days, short‑term horizon","model_score_change_3d_short_term_3","2","DEU","{""id"":""model-reversion-models"",""name"":""Reversion Models""}","[]","MATRIX","TOP500","0"
"0","{""id"":""model"",""name"":""Model""}","0","{""id"":""analyst_revision_horizons"",""name"":""Multi Horizon Analyst Revision Signals""}","1","2026-07-01","1","Change in model score over the past 60 days (long horizon).","model_score_change_60d_long_term_3","2","DEU","{""id"":""model-reversion-models"",""name"":""Reversion Models""}","[]","MATRIX","TOP500","0"
"0","{""id"":""model"",""name"":""Model""}","0","{""id"":""analyst_revision_horizons"",""name"":""Multi Horizon Analyst Revision Signals""}","1","2026-07-01","1","Change in the model's percentile score over the past 60 days, medium-term horizon.","model_score_change_60d_medium_term_4","2","DEU","{""id"":""model-reversion-models"",""name"":""Reversion Models""}","[]","MATRIX","TOP500","0"
"0","{""id"":""model"",""name"":""Model""}","0","{""id"":""analyst_revision_horizons"",""name"":""Multi Horizon Analyst Revision Signals""}","1","2026-07-01","1","Change in model score over the past 60 days (short horizon).","model_score_change_60d_short_term_3","2","DEU","{""id"":""model-reversion-models"",""name"":""Reversion Models""}","[]","MATRIX","TOP500","0"
"0","{""id"":""model"",""name"":""Model""}","0","{""id"":""analyst_revision_horizons"",""name"":""Multi Horizon Analyst Revision Signals""}","1","2026-07-01","1","Change in model score over the past 7 days, long horizon.","model_score_change_7d_long","2","DEU","{""id"":""model-reversion-models"",""name"":""Reversion Models""}","[]","MATRIX","TOP500","0"
"0","{""id"":""model"",""name"":""Model""}","0","{""id"":""analyst_revision_horizons"",""name"":""Multi Horizon Analyst Revision Signals""}","1","2026-07-01","1","Change in model score over the past 7 days (medium horizon).","model_score_change_7d_medium_term_3","2","DEU","{""id"":""model-reversion-models"",""name"":""Reversion Models""}","[]","MATRIX","TOP500","0"
"0","{""id"":""model"",""name"":""Model""}","0","{""id"":""analyst_revision_horizons"",""name"":""Multi Horizon Analyst Revision Signals""}","1","2026-07-01","1","Change in the ARM score over the past 7 days; short-horizon component","model_score_change_7d_short_term_3","2","DEU","{""id"":""model-reversion-models"",""name"":""Reversion Models""}","[]","MATRIX","TOP500","0"
"0","{""id"":""model"",""name"":""Model""}","0","{""id"":""analyst_revision_horizons"",""name"":""Multi Horizon Analyst Revision Signals""}","1","2026-07-01","1","Change in model score over the past 90 days, long-term horizon.","model_score_change_90d_long_term_4","2","DEU","{""id"":""model-reversion-models"",""name"":""Reversion Models""}","[]","MATRIX","TOP500","0"
"0","{""id"":""model"",""name"":""Model""}","0","{""id"":""analyst_revision_horizons"",""name"":""Multi Horizon Analyst Revision Signals""}","1","2026-07-01","1","Change in model score over the past 90 days, medium horizon.","model_score_change_90d_medium","2","DEU","{""id"":""model-reversion-models"",""name"":""Reversion Models""}","[]","MATRIX","TOP500","0"
"0","{""id"":""model"",""name"":""Model""}","0","{""id"":""analyst_revision_horizons"",""name"":""Multi Horizon Analyst Revision Signals""}","1","2026-07-01","1","Change in the StarMine ARM composite score over the past 90 days, short-term horizon component","model_score_change_90d_short_term_3","2","DEU","{""id"":""model-reversion-models"",""name"":""Reversion Models""}","[]","MATRIX","TOP500","0"
"0","{""id"":""model"",""name"":""Model""}","0","{""id"":""analyst_revision_horizons"",""name"":""Multi Horizon Analyst Revision Signals""}","1","2026-07-01","1","Industry percentile rank of expected earnings growth for the next year, on a long horizon","next_year_growth_industry_percentile_earnings_long","2","DEU","{""id"":""model-reversion-models"",""name"":""Reversion Models""}","[]","MATRIX","TOP500","0"
"0","{""id"":""model"",""name"":""Model""}","0","{""id"":""analyst_revision_horizons"",""name"":""Multi Horizon Analyst Revision Signals""}","1","2026-07-01","1","Growth Next Year Industry Percentile based on earnings on medium horizon","next_year_growth_industry_percentile_earnings_medium","2","DEU","{""id"":""model-reversion-models"",""name"":""Reversion Models""}","[]","MATRIX","TOP500","0"
"0","{""id"":""model"",""name"":""Model""}","0","{""id"":""analyst_revision_horizons"",""name"":""Multi Horizon Analyst Revision Signals""}","1","2026-07-01","1","Industry percentile of next year’s earnings growth on the short horizon","next_year_growth_industry_percentile_earnings_short","2","DEU","{""id"":""model-reversion-models"",""name"":""Reversion Models""}","[]","MATRIX","TOP500","0"
"0","{""id"":""model"",""name"":""Model""}","0","{""id"":""analyst_revision_horizons"",""name"":""Multi Horizon Analyst Revision Signals""}","1","2026-07-01","1","Sector percentile rank of expected earnings growth for next fiscal year (FY2), long horizon","next_year_growth_sector_percentile_earnings_long","2","DEU","{""id"":""model-reversion-models"",""name"":""Reversion Models""}","[]","MATRIX","TOP500","0"
"0","{""id"":""model"",""name"":""Model""}","0","{""id"":""analyst_revision_horizons"",""name"":""Multi Horizon Analyst Revision Signals""}","1","2026-07-01","1","Sector percentile rank of next year’s expected EPS growth, medium horizon","next_year_growth_sector_percentile_earnings_medium","2","DEU","{""id"":""model-reversion-models"",""name"":""Reversion Models""}","[]","MATRIX","TOP500","0"
"0","{""id"":""model"",""name"":""Model""}","0","{""id"":""analyst_revision_horizons"",""name"":""Multi Horizon Analyst Revision Signals""}","1","2026-07-01","1","Sector percentile of next year’s earnings growth on the short horizon","next_year_growth_sector_percentile_earnings_short","2","DEU","{""id"":""model-reversion-models"",""name"":""Reversion Models""}","[]","MATRIX","TOP500","0"
"0","{""id"":""model"",""name"":""Model""}","0","{""id"":""analyst_revision_horizons"",""name"":""Multi Horizon Analyst Revision Signals""}","1","2026-07-01","1","Percentage change from the highest price in the past 52 weeks, long horizon.","pct_change_from_52week_high_long_term","2","DEU","{""id"":""model-reversion-models"",""name"":""Reversion Models""}","[]","MATRIX","TOP500","0"
"0","{""id"":""model"",""name"":""Model""}","0","{""id"":""analyst_revision_horizons"",""name"":""Multi Horizon Analyst Revision Signals""}","1","2026-07-01","1","Percentage change from the highest price in the past 52 weeks, medium horizon.","pct_change_from_52week_high_medium_term","2","DEU","{""id"":""model-reversion-models"",""name"":""Reversion Models""}","[]","MATRIX","TOP500","0"
"0","{""id"":""model"",""name"":""Model""}","0","{""id"":""analyst_revision_horizons"",""name"":""Multi Horizon Analyst Revision Signals""}","1","2026-07-01","1","Percentage change from the highest price in the past 52 weeks, short horizon.","pct_change_from_52week_high_short_term","2","DEU","{""id"":""model-reversion-models"",""name"":""Reversion Models""}","[]","MATRIX","TOP500","0"
"0","{""id"":""model"",""name"":""Model""}","0","{""id"":""analyst_revision_horizons"",""name"":""Multi Horizon Analyst Revision Signals""}","1","2026-07-01","1","Percentage change from the lowest price in the past 52 weeks, long horizon.","pct_change_from_52week_low_long_term","2","DEU","{""id"":""model-reversion-models"",""name"":""Reversion Models""}","[]","MATRIX","TOP500","0"
"0","{""id"":""model"",""name"":""Model""}","0","{""id"":""analyst_revision_horizons"",""name"":""Multi Horizon Analyst Revision Signals""}","1","2026-07-01","1","Percentage change from the lowest price in the past 52 weeks, medium horizon.","pct_change_from_52week_low_medium_term","2","DEU","{""id"":""model-reversion-models"",""name"":""Reversion Models""}","[]","MATRIX","TOP500","0"
"0","{""id"":""model"",""name"":""Model""}","0","{""id"":""analyst_revision_horizons"",""name"":""Multi Horizon Analyst Revision Signals""}","1","2026-07-01","1","Percentage change from the lowest price in the past 52 weeks, short horizon.","pct_change_from_52week_low_short_term","2","DEU","{""id"":""model-reversion-models"",""name"":""Reversion Models""}","[]","MATRIX","TOP500","0"
"0","{""id"":""model"",""name"":""Model""}","0","{""id"":""analyst_revision_horizons"",""name"":""Multi Horizon Analyst Revision Signals""}","1","2026-07-01","1","Percentage difference between current price and 200-day moving average, long horizon.","pct_diff_200day_moving_average_long_term","2","DEU","{""id"":""model-reversion-models"",""name"":""Reversion Models""}","[]","MATRIX","TOP500","0"
"0","{""id"":""model"",""name"":""Model""}","0","{""id"":""analyst_revision_horizons"",""name"":""Multi Horizon Analyst Revision Signals""}","1","2026-07-01","1","Percentage difference between current price and 200-day moving average, medium horizon.","pct_diff_200day_moving_average_medium_term","2","DEU","{""id"":""model-reversion-models"",""name"":""Reversion Models""}","[]","MATRIX","TOP500","0"
"0","{""id"":""model"",""name"":""Model""}","0","{""id"":""analyst_revision_horizons"",""name"":""Multi Horizon Analyst Revision Signals""}","1","2026-07-01","1","Percentage difference between current price and 200-day moving average, short horizon.","pct_diff_200day_moving_average_short_term","2","DEU","{""id"":""model-reversion-models"",""name"":""Reversion Models""}","[]","MATRIX","TOP500","0"
"0","{""id"":""model"",""name"":""Model""}","0","{""id"":""analyst_revision_horizons"",""name"":""Multi Horizon Analyst Revision Signals""}","1","2026-07-01","1","Percentage difference between current price and 50-day moving average, long horizon.","pct_diff_50day_moving_average_long_term","2","DEU","{""id"":""model-reversion-models"",""name"":""Reversion Models""}","[]","MATRIX","TOP500","0"
"0","{""id"":""model"",""name"":""Model""}","0","{""id"":""analyst_revision_horizons"",""name"":""Multi Horizon Analyst Revision Signals""}","1","2026-07-01","1","Percentage difference between current price and 50-day moving average, medium horizon.","pct_diff_50day_moving_average_medium_term","2","DEU","{""id"":""model-reversion-models"",""name"":""Reversion Models""}","[]","MATRIX","TOP500","0"
"0","{""id"":""model"",""name"":""Model""}","0","{""id"":""analyst_revision_horizons"",""name"":""Multi Horizon Analyst Revision Signals""}","1","2026-07-01","1","Percentage difference between current price and 50-day moving average, short horizon.","pct_diff_50day_moving_average_short_term","2","DEU","{""id"":""model-reversion-models"",""name"":""Reversion Models""}","[]","MATRIX","TOP500","0"
"0","{""id"":""model"",""name"":""Model""}","0","{""id"":""analyst_revision_horizons"",""name"":""Multi Horizon Analyst Revision Signals""}","1","2026-07-01","1","Percent difference between actual and predicted earnings per share for the most recent year, long-term horizon.","pct_diff_actual_vs_predicted_annual_eps_long","2","DEU","{""id"":""model-reversion-models"",""name"":""Reversion Models""}","[]","MATRIX","TOP500","0"
"0","{""id"":""model"",""name"":""Model""}","0","{""id"":""analyst_revision_horizons"",""name"":""Multi Horizon Analyst Revision Signals""}","1","2026-07-01","1","Percent difference between actual and predicted earnings per share for the most recent year, medium-term horizon.","pct_diff_actual_vs_predicted_annual_eps_medium","2","DEU","{""id"":""model-reversion-models"",""name"":""Reversion Models""}","[]","MATRIX","TOP500","0"
"0","{""id"":""model"",""name"":""Model""}","0","{""id"":""analyst_revision_horizons"",""name"":""Multi Horizon Analyst Revision Signals""}","1","2026-07-01","1","Percent difference between actual and predicted earnings per share for the most recent year, short-term horizon.","pct_diff_actual_vs_predicted_annual_eps_short","2","DEU","{""id"":""model-reversion-models"",""name"":""Reversion Models""}","[]","MATRIX","TOP500","0"
"0","{""id"":""model"",""name"":""Model""}","0","{""id"":""analyst_revision_horizons"",""name"":""Multi Horizon Analyst Revision Signals""}","1","2026-07-01","1","Percent difference between actual and predicted earnings per share for the most recent quarter, long-term horizon.","pct_diff_actual_vs_predicted_quarterly_eps_long","2","DEU","{""id"":""model-reversion-models"",""name"":""Reversion Models""}","[]","MATRIX","TOP500","0"
"0","{""id"":""model"",""name"":""Model""}","0","{""id"":""analyst_revision_horizons"",""name"":""Multi Horizon Analyst Revision Signals""}","1","2026-07-01","1","Percent difference between actual and predicted earnings per share for the most recent quarter, medium-term horizon.","pct_diff_actual_vs_predicted_quarterly_eps_medium","2","DEU","{""id"":""model-reversion-models"",""name"":""Reversion Models""}","[]","MATRIX","TOP500","0"
"0","{""id"":""model"",""name"":""Model""}","0","{""id"":""analyst_revision_horizons"",""name"":""Multi Horizon Analyst Revision Signals""}","1","2026-07-01","1","Percent difference between actual and predicted earnings per share for the most recent quarter, short-term horizon.","pct_diff_actual_vs_predicted_quarterly_eps_short","2","DEU","{""id"":""model-reversion-models"",""name"":""Reversion Models""}","[]","MATRIX","TOP500","0"
"0","{""id"":""model"",""name"":""Model""}","0","{""id"":""analyst_revision_horizons"",""name"":""Multi Horizon Analyst Revision Signals""}","1","2026-07-01","1","Difference between the current P/E ratio and the stock’s historical P/E level, on a long horizon","pct_diff_current_vs_historical_pe_long_term","2","DEU","{""id"":""model-reversion-models"",""name"":""Reversion Models""}","[]","MATRIX","TOP500","0"
"0","{""id"":""model"",""name"":""Model""}","0","{""id"":""analyst_revision_horizons"",""name"":""Multi Horizon Analyst Revision Signals""}","1","2026-07-01","1","Difference from Historical PE on a medium horizon","pct_diff_current_vs_historical_pe_medium_term","2","DEU","{""id"":""model-reversion-models"",""name"":""Reversion Models""}","[]","MATRIX","TOP500","0"
"0","{""id"":""model"",""name"":""Model""}","0","{""id"":""analyst_revision_horizons"",""name"":""Multi Horizon Analyst Revision Signals""}","1","2026-07-01","1","Difference from historical price-to-earnings ratio, short horizon","pct_diff_current_vs_historical_pe_short_term","2","DEU","{""id"":""model-reversion-models"",""name"":""Reversion Models""}","[]","MATRIX","TOP500","0"
"0","{""id"":""model"",""name"":""Model""}","0","{""id"":""analyst_revision_horizons"",""name"":""Multi Horizon Analyst Revision Signals""}","1","2026-07-01","1","Percentage difference between current and historical price-to-earnings ratio over a long horizon.","pct_diff_current_vs_historical_price_to_earnings_long","2","DEU","{""id"":""model-reversion-models"",""name"":""Reversion Models""}","[]","MATRIX","TOP500","0"
"0","{""id"":""model"",""name"":""Model""}","0","{""id"":""analyst_revision_horizons"",""name"":""Multi Horizon Analyst Revision Signals""}","1","2026-07-01","1","Percentage difference between current and historical price-to-earnings ratio over a medium horizon.","pct_diff_current_vs_historical_price_to_earnings_medium","2","DEU","{""id"":""model-reversion-models"",""name"":""Reversion Models""}","[]","MATRIX","TOP500","0"
"0","{""id"":""model"",""name"":""Model""}","0","{""id"":""analyst_revision_horizons"",""name"":""Multi Horizon Analyst Revision Signals""}","1","2026-07-01","1","Percentage difference between current and historical price-to-earnings ratio over a short horizon.","pct_diff_current_vs_historical_price_to_earnings_short","2","DEU","{""id"":""model-reversion-models"",""name"":""Reversion Models""}","[]","MATRIX","TOP500","0"
"0","{""id"":""model"",""name"":""Model""}","0","{""id"":""analyst_revision_horizons"",""name"":""Multi Horizon Analyst Revision Signals""}","1","2026-07-01","1","Percentile rank of the price/earnings-to-growth ratio within the industry for forward 12 months using SmartEstimate, over a long horizon.","peg_ratio_industry_percentile_f12m_long_term","2","DEU","{""id"":""model-reversion-models"",""name"":""Reversion Models""}","[]","MATRIX","TOP500","0"
"0","{""id"":""model"",""name"":""Model""}","0","{""id"":""analyst_revision_horizons"",""name"":""Multi Horizon Analyst Revision Signals""}","1","2026-07-01","1","Industry percentile rank of the PEG ratio computed using SmartEstimate-based forward 12-month earnings, medium horizon","peg_ratio_industry_percentile_f12m_medium_term","2","DEU","{""id"":""model-reversion-models"",""name"":""Reversion Models""}","[]","MATRIX","TOP500","0"
"0","{""id"":""model"",""name"":""Model""}","0","{""id"":""analyst_revision_horizons"",""name"":""Multi Horizon Analyst Revision Signals""}","1","2026-07-01","1","Industry percentile rank of the PEG ratio computed using SmartEstimate-based forward 12-month earnings, short horizon","peg_ratio_industry_percentile_f12m_short_term","2","DEU","{""id"":""model-reversion-models"",""name"":""Reversion Models""}","[]","MATRIX","TOP500","0"
"0","{""id"":""model"",""name"":""Model""}","0","{""id"":""analyst_revision_horizons"",""name"":""Multi Horizon Analyst Revision Signals""}","1","2026-07-01","1","Price/earnings-to-growth ratio using mean analyst estimate for the current fiscal year, over a long horizon.","peg_ratio_mean_fy1_long_term","2","DEU","{""id"":""model-reversion-models"",""name"":""Reversion Models""}","[]","MATRIX","TOP500","0"
"0","{""id"":""model"",""name"":""Model""}","0","{""id"":""analyst_revision_horizons"",""name"":""Multi Horizon Analyst Revision Signals""}","1","2026-07-01","1","Price/earnings-to-growth ratio using mean analyst estimate for the current fiscal year, over a medium horizon.","peg_ratio_mean_fy1_medium_term","2","DEU","{""id"":""model-reversion-models"",""name"":""Reversion Models""}","[]","MATRIX","TOP500","0"
"0","{""id"":""model"",""name"":""Model""}","0","{""id"":""analyst_revision_horizons"",""name"":""Multi Horizon Analyst Revision Signals""}","1","2026-07-01","1","Price/earnings-to-growth ratio using mean analyst estimate for current fiscal year, short horizon.","peg_ratio_mean_fy1_short_term_2","2","DEU","{""id"":""model-reversion-models"",""name"":""Reversion Models""}","[]","MATRIX","TOP500","0"
"0","{""id"":""model"",""name"":""Model""}","0","{""id"":""analyst_revision_horizons"",""name"":""Multi Horizon Analyst Revision Signals""}","1","2026-07-01","1","Sector percentile of the PEG ratio based on forward 12-month SmartEstimate on the long horizon","peg_ratio_sector_percentile_f12m_long_term","2","DEU","{""id"":""model-reversion-models"",""name"":""Reversion Models""}","[]","MATRIX","TOP500","0"
"0","{""id"":""model"",""name"":""Model""}","0","{""id"":""analyst_revision_horizons"",""name"":""Multi Horizon Analyst Revision Signals""}","1","2026-07-01","1","Sector percentile rank of the PEG ratio computed using SmartEstimate-based forward 12-month earnings, medium horizon","peg_ratio_sector_percentile_f12m_medium_term_2","2","DEU","{""id"":""model-reversion-models"",""name"":""Reversion Models""}","[]","MATRIX","TOP500","0"
"0","{""id"":""model"",""name"":""Model""}","0","{""id"":""analyst_revision_horizons"",""name"":""Multi Horizon Analyst Revision Signals""}","1","2026-07-01","1","Percentile rank within the sector of the SmartEstimate-based PEG ratio using forward 12-month metrics, on the short horizon","peg_ratio_sector_percentile_f12m_short_term","2","DEU","{""id"":""model-reversion-models"",""name"":""Reversion Models""}","[]","MATRIX","TOP500","0"
"0","{""id"":""model"",""name"":""Model""}","0","{""id"":""analyst_revision_horizons"",""name"":""Multi Horizon Analyst Revision Signals""}","1","2026-07-01","1","PEG ratio using the FY1 SmartEstimate (forward P/E divided by expected growth), on a long-term horizon","peg_ratio_smartestimate_fy1_long_term","2","DEU","{""id"":""model-reversion-models"",""name"":""Reversion Models""}","[]","MATRIX","TOP500","0"
"0","{""id"":""model"",""name"":""Model""}","0","{""id"":""analyst_revision_horizons"",""name"":""Multi Horizon Analyst Revision Signals""}","1","2026-07-01","1","Price/Earnings to Growth (PEG) ratio using SmartEstimate for the current fiscal year on a medium horizon","peg_ratio_smartestimate_fy1_medium_term_2","2","DEU","{""id"":""model-reversion-models"",""name"":""Reversion Models""}","[]","MATRIX","TOP500","0"
"0","{""id"":""model"",""name"":""Model""}","0","{""id"":""analyst_revision_horizons"",""name"":""Multi Horizon Analyst Revision Signals""}","1","2026-07-01","1","PEG ratio using the FY1 SmartEstimate (forward P/E divided by expected growth), on a short-term horizon","peg_ratio_smartestimate_fy1_short_term","2","DEU","{""id"":""model-reversion-models"",""name"":""Reversion Models""}","[]","MATRIX","TOP500","0"
"0","{""id"":""model"",""name"":""Model""}","0","{""id"":""analyst_revision_horizons"",""name"":""Multi Horizon Analyst Revision Signals""}","1","2026-07-01","1","Predicted difference between forecast and consensus EBITDA for the current fiscal year, long horizon.","predicted_surprise_current_year_operating_long","2","DEU","{""id"":""model-reversion-models"",""name"":""Reversion Models""}","[]","MATRIX","TOP500","0"
"0","{""id"":""model"",""name"":""Model""}","0","{""id"":""analyst_revision_horizons"",""name"":""Multi Horizon Analyst Revision Signals""}","1","2026-07-01","1","Predicted difference between forecast and consensus revenue for the current fiscal year, medium horizon.","predicted_surprise_current_year_sales_medium","2","DEU","{""id"":""model-reversion-models"",""name"":""Reversion Models""}","[]","MATRIX","TOP500","0"
"0","{""id"":""model"",""name"":""Model""}","0","{""id"":""analyst_revision_horizons"",""name"":""Multi Horizon Analyst Revision Signals""}","1","2026-07-01","1","Flag indicating the direction or significance of predicted earnings surprise for the current quarter, long horizon.","predicted_surprise_flag_quarterly_eps_long_2","2","DEU","{""id"":""model-reversion-models"",""name"":""Reversion Models""}","[]","MATRIX","TOP500","0"
"0","{""id"":""model"",""name"":""Model""}","0","{""id"":""analyst_revision_horizons"",""name"":""Multi Horizon Analyst Revision Signals""}","1","2026-07-01","1","Flag indicating the direction or significance of predicted earnings surprise for the current quarter, medium horizon.","predicted_surprise_flag_quarterly_eps_medium_2","2","DEU","{""id"":""model-reversion-models"",""name"":""Reversion Models""}","[]","MATRIX","TOP500","0"
"0","{""id"":""model"",""name"":""Model""}","0","{""id"":""analyst_revision_horizons"",""name"":""Multi Horizon Analyst Revision Signals""}","1","2026-07-01","1","Flag indicating direction or significance of predicted surprise for current quarter's earnings, short horizon.","predicted_surprise_flag_quarterly_eps_short","2","DEU","{""id"":""model-reversion-models"",""name"":""Reversion Models""}","[]","MATRIX","TOP500","0"
"0","{""id"":""model"",""name"":""Model""}","0","{""id"":""analyst_revision_horizons"",""name"":""Multi Horizon Analyst Revision Signals""}","1","2026-07-01","1","Predicted difference between forecast and consensus earnings for the next 12 months, long horizon.","predicted_surprise_next_12m_profit_long","2","DEU","{""id"":""model-reversion-models"",""name"":""Reversion Models""}","[]","MATRIX","TOP500","0"
"0","{""id"":""model"",""name"":""Model""}","0","{""id"":""analyst_revision_horizons"",""name"":""Multi Horizon Analyst Revision Signals""}","1","2026-07-01","1","Predicted difference between forecast and consensus earnings for the next 12 months, medium horizon.","predicted_surprise_next_12m_profit_medium","2","DEU","{""id"":""model-reversion-models"",""name"":""Reversion Models""}","[]","MATRIX","TOP500","0"
"0","{""id"":""model"",""name"":""Model""}","0","{""id"":""analyst_revision_horizons"",""name"":""Multi Horizon Analyst Revision Signals""}","1","2026-07-01","1","Predicted difference between forecast and consensus revenue for the next 12 months, medium horizon.","predicted_surprise_next_12m_sales_medium","2","DEU","{""id"":""model-reversion-models"",""name"":""Reversion Models""}","[]","MATRIX","TOP500","0"
"0","{""id"":""model"",""name"":""Model""}","0","{""id"":""analyst_revision_horizons"",""name"":""Multi Horizon Analyst Revision Signals""}","1","2026-07-01","1","Predicted difference between forecast and consensus EBITDA for the next fiscal quarter, long horizon.","predicted_surprise_next_quarter_operating_long","2","DEU","{""id"":""model-reversion-models"",""name"":""Reversion Models""}","[]","MATRIX","TOP500","0"
"0","{""id"":""model"",""name"":""Model""}","0","{""id"":""analyst_revision_horizons"",""name"":""Multi Horizon Analyst Revision Signals""}","1","2026-07-01","1","Predicted difference between forecast and consensus earnings for the next fiscal quarter, medium horizon.","predicted_surprise_next_quarter_profit_medium","2","DEU","{""id"":""model-reversion-models"",""name"":""Reversion Models""}","[]","MATRIX","TOP500","0"
"0","{""id"":""model"",""name"":""Model""}","0","{""id"":""analyst_revision_horizons"",""name"":""Multi Horizon Analyst Revision Signals""}","1","2026-07-01","1","Predicted difference between forecast and consensus EBITDA for the next fiscal year, medium horizon.","predicted_surprise_next_year_operating_medium","2","DEU","{""id"":""model-reversion-models"",""name"":""Reversion Models""}","[]","MATRIX","TOP500","0"
"0","{""id"":""model"",""name"":""Model""}","0","{""id"":""analyst_revision_horizons"",""name"":""Multi Horizon Analyst Revision Signals""}","1","2026-07-01","1","Predicted difference between forecast and consensus EBITDA for the next fiscal year, short horizon.","predicted_surprise_next_year_operating_short","2","DEU","{""id"":""model-reversion-models"",""name"":""Reversion Models""}","[]","MATRIX","TOP500","0"
"0","{""id"":""model"",""name"":""Model""}","0","{""id"":""analyst_revision_horizons"",""name"":""Multi Horizon Analyst Revision Signals""}","1","2026-07-01","1","Predicted difference between forecast and consensus earnings for the next fiscal year, long horizon.","predicted_surprise_next_year_profit_long","2","DEU","{""id"":""model-reversion-models"",""name"":""Reversion Models""}","[]","MATRIX","TOP500","0"
"0","{""id"":""model"",""name"":""Model""}","0","{""id"":""analyst_revision_horizons"",""name"":""Multi Horizon Analyst Revision Signals""}","1","2026-07-01","1","Percent difference between SmartEstimate and consensus for current quarter earnings, long horizon.","predicted_surprise_pct_quarterly_eps_long_2","2","DEU","{""id"":""model-reversion-models"",""name"":""Reversion Models""}","[]","MATRIX","TOP500","0"
"0","{""id"":""model"",""name"":""Model""}","0","{""id"":""analyst_revision_horizons"",""name"":""Multi Horizon Analyst Revision Signals""}","1","2026-07-01","1","Predicted surprise as a percent of consensus for current quarter's earnings over a medium horizon.","predicted_surprise_pct_quarterly_eps_medium","2","DEU","{""id"":""model-reversion-models"",""name"":""Reversion Models""}","[]","MATRIX","TOP500","0"
"0","{""id"":""model"",""name"":""Model""}","0","{""id"":""analyst_revision_horizons"",""name"":""Multi Horizon Analyst Revision Signals""}","1","2026-07-01","1","Predicted surprise as a percent of consensus for current quarter's earnings, short horizon.","predicted_surprise_pct_quarterly_eps_short_2","2","DEU","{""id"":""model-reversion-models"",""name"":""Reversion Models""}","[]","MATRIX","TOP500","0"
"0","{""id"":""model"",""name"":""Model""}","0","{""id"":""analyst_revision_horizons"",""name"":""Multi Horizon Analyst Revision Signals""}","1","2026-07-01","1","Predicted earnings surprise for current quarter, long horizon.","predicted_surprise_quarterly_eps_long_2","2","DEU","{""id"":""model-reversion-models"",""name"":""Reversion Models""}","[]","MATRIX","TOP500","0"
"0","{""id"":""model"",""name"":""Model""}","0","{""id"":""analyst_revision_horizons"",""name"":""Multi Horizon Analyst Revision Signals""}","1","2026-07-01","1","Predicted earnings surprise for current quarter, medium horizon.","predicted_surprise_quarterly_eps_medium_2","2","DEU","{""id"":""model-reversion-models"",""name"":""Reversion Models""}","[]","MATRIX","TOP500","0"
"0","{""id"":""model"",""name"":""Model""}","0","{""id"":""analyst_revision_horizons"",""name"":""Multi Horizon Analyst Revision Signals""}","1","2026-07-01","1","Predicted difference between SmartEstimate and consensus for current quarter's earnings over a short horizon.","predicted_surprise_quarterly_eps_short","2","DEU","{""id"":""model-reversion-models"",""name"":""Reversion Models""}","[]","MATRIX","TOP500","0"
"0","{""id"":""model"",""name"":""Model""}","0","{""id"":""analyst_revision_horizons"",""name"":""Multi Horizon Analyst Revision Signals""}","1","2026-07-01","1","Decimal value of the preferred earnings revision component, medium-term horizon.","preferred_earnings_revision_component_float_medium_term","2","DEU","{""id"":""model-reversion-models"",""name"":""Reversion Models""}","[]","MATRIX","TOP500","0"
"0","{""id"":""model"",""name"":""Model""}","0","{""id"":""analyst_revision_horizons"",""name"":""Multi Horizon Analyst Revision Signals""}","1","2026-07-01","1","Component of the analyst revision score derived from preferred earnings estimate changes (long horizon).","preferred_earnings_revision_component_long","2","DEU","{""id"":""model-reversion-models"",""name"":""Reversion Models""}","[]","MATRIX","TOP500","0"
"0","{""id"":""model"",""name"":""Model""}","0","{""id"":""analyst_revision_horizons"",""name"":""Multi Horizon Analyst Revision Signals""}","1","2026-07-01","1","Portion of the model score from revisions and predicted surprises in preferred earnings over a medium horizon.","preferred_earnings_revision_component_medium_term","2","DEU","{""id"":""model-reversion-models"",""name"":""Reversion Models""}","[]","MATRIX","TOP500","0"
"0","{""id"":""model"",""name"":""Model""}","0","{""id"":""analyst_revision_horizons"",""name"":""Multi Horizon Analyst Revision Signals""}","1","2026-07-01","1","Portion of the model score derived from revisions and predicted surprises in preferred earnings, medium-term horizon.","preferred_earnings_revision_component_medium_term_5","2","DEU","{""id"":""model-reversion-models"",""name"":""Reversion Models""}","[]","MATRIX","TOP500","0"
"0","{""id"":""model"",""name"":""Model""}","0","{""id"":""analyst_revision_horizons"",""name"":""Multi Horizon Analyst Revision Signals""}","1","2026-07-01","1","Component of the analyst revision score derived from preferred earnings estimate changes (short horizon).","preferred_earnings_revision_component_short","2","DEU","{""id"":""model-reversion-models"",""name"":""Reversion Models""}","[]","MATRIX","TOP500","0"
"0","{""id"":""model"",""name"":""Model""}","0","{""id"":""analyst_revision_horizons"",""name"":""Multi Horizon Analyst Revision Signals""}","1","2026-07-01","1","Model component reflecting analyst revisions and surprises in preferred earnings measures (short horizon).","preferred_earnings_revision_component_short_term_4","2","DEU","{""id"":""model-reversion-models"",""name"":""Reversion Models""}","[]","MATRIX","TOP500","0"
"0","{""id"":""model"",""name"":""Model""}","0","{""id"":""analyst_revision_horizons"",""name"":""Multi Horizon Analyst Revision Signals""}","1","2026-07-01","1","Portion of the model score derived from revisions and predicted surprises in preferred earnings, short-term horizon.","preferred_earnings_revision_component_short_term_41","2","DEU","{""id"":""model-reversion-models"",""name"":""Reversion Models""}","[]","MATRIX","TOP500","0"
"0","{""id"":""model"",""name"":""Model""}","0","{""id"":""analyst_revision_horizons"",""name"":""Multi Horizon Analyst Revision Signals""}","1","2026-07-01","1","The stock’s 30-day percentage price change; long-horizon component","price_change_30d_long_term","2","DEU","{""id"":""model-reversion-models"",""name"":""Reversion Models""}","[]","MATRIX","TOP500","0"
"0","{""id"":""model"",""name"":""Model""}","0","{""id"":""analyst_revision_horizons"",""name"":""Multi Horizon Analyst Revision Signals""}","1","2026-07-01","1","The stock’s percentage price change over the past 30 days","price_change_30d_medium_term","2","DEU","{""id"":""model-reversion-models"",""name"":""Reversion Models""}","[]","MATRIX","TOP500","0"
"0","{""id"":""model"",""name"":""Model""}","0","{""id"":""analyst_revision_horizons"",""name"":""Multi Horizon Analyst Revision Signals""}","1","2026-07-01","1","The stock’s 30-day percentage price change; short-horizon component","price_change_30d_short_term","2","DEU","{""id"":""model-reversion-models"",""name"":""Reversion Models""}","[]","MATRIX","TOP500","0"
"0","{""id"":""model"",""name"":""Model""}","0","{""id"":""analyst_revision_horizons"",""name"":""Multi Horizon Analyst Revision Signals""}","1","2026-07-01","1","The stock’s 30-day percentage price change relative to the ASX 100 index (stock return minus index return); long-horizon component","price_change_vs_asx100_30d_long_term","2","DEU","{""id"":""model-reversion-models"",""name"":""Reversion Models""}","[]","MATRIX","TOP500","0"
"0","{""id"":""model"",""name"":""Model""}","0","{""id"":""analyst_revision_horizons"",""name"":""Multi Horizon Analyst Revision Signals""}","1","2026-07-01","1","The stock’s 30-day percentage price change relative to the ASX 100 index; medium-horizon component","price_change_vs_asx100_30d_medium_term","2","DEU","{""id"":""model-reversion-models"",""name"":""Reversion Models""}","[]","MATRIX","TOP500","0"
"0","{""id"":""model"",""name"":""Model""}","0","{""id"":""analyst_revision_horizons"",""name"":""Multi Horizon Analyst Revision Signals""}","1","2026-07-01","1","Price change relative to ASX 100 index over 30 days, short horizon.","price_change_vs_asx100_30d_short_term","2","DEU","{""id"":""model-reversion-models"",""name"":""Reversion Models""}","[]","MATRIX","TOP500","0"
"0","{""id"":""model"",""name"":""Model""}","0","{""id"":""analyst_revision_horizons"",""name"":""Multi Horizon Analyst Revision Signals""}","1","2026-07-01","1","Price change relative to ASX 200 index over 30 days, long horizon.","price_change_vs_asx200_30d_long_term","2","DEU","{""id"":""model-reversion-models"",""name"":""Reversion Models""}","[]","MATRIX","TOP500","0"
"0","{""id"":""model"",""name"":""Model""}","0","{""id"":""analyst_revision_horizons"",""name"":""Multi Horizon Analyst Revision Signals""}","1","2026-07-01","1","30-day relative performance versus the ASX 200 index, measured as the stock’s percentage price change minus the index’s percentage change; medium-horizon component","price_change_vs_asx200_30d_medium_term","2","DEU","{""id"":""model-reversion-models"",""name"":""Reversion Models""}","[]","MATRIX","TOP500","0"
"0","{""id"":""model"",""name"":""Model""}","0","{""id"":""analyst_revision_horizons"",""name"":""Multi Horizon Analyst Revision Signals""}","1","2026-07-01","1","The stock’s 30-day percentage price change relative to the ASX 200 index; short-horizon component","price_change_vs_asx200_30d_short_term","2","DEU","{""id"":""model-reversion-models"",""name"":""Reversion Models""}","[]","MATRIX","TOP500","0"
"0","{""id"":""model"",""name"":""Model""}","0","{""id"":""analyst_revision_horizons"",""name"":""Multi Horizon Analyst Revision Signals""}","1","2026-07-01","1","Price change relative to ASX 300 index over 30 days, long horizon.","price_change_vs_asx300_30d_long_term","2","DEU","{""id"":""model-reversion-models"",""name"":""Reversion Models""}","[]","MATRIX","TOP500","0"
"0","{""id"":""model"",""name"":""Model""}","0","{""id"":""analyst_revision_horizons"",""name"":""Multi Horizon Analyst Revision Signals""}","1","2026-07-01","1","30-day relative performance versus the ASX 300 index, measured as the stock’s percentage price change minus the index’s percentage change; medium-horizon component","price_change_vs_asx300_30d_medium_term","2","DEU","{""id"":""model-reversion-models"",""name"":""Reversion Models""}","[]","MATRIX","TOP500","0"
"0","{""id"":""model"",""name"":""Model""}","0","{""id"":""analyst_revision_horizons"",""name"":""Multi Horizon Analyst Revision Signals""}","1","2026-07-01","1","Price change relative to ASX 300 index over 30 days, short horizon.","price_change_vs_asx300_30d_short_term","2","DEU","{""id"":""model-reversion-models"",""name"":""Reversion Models""}","[]","MATRIX","TOP500","0"
"0","{""id"":""model"",""name"":""Model""}","0","{""id"":""analyst_revision_horizons"",""name"":""Multi Horizon Analyst Revision Signals""}","1","2026-07-01","1","Price change relative to ASX All Ordinaries index over 30 days, long horizon.","price_change_vs_asx_all_ord_30d_long_term","2","DEU","{""id"":""model-reversion-models"",""name"":""Reversion Models""}","[]","MATRIX","TOP500","0"
"0","{""id"":""model"",""name"":""Model""}","0","{""id"":""analyst_revision_horizons"",""name"":""Multi Horizon Analyst Revision Signals""}","1","2026-07-01","1","30-day relative performance versus the ASX All Ordinaries index, measured as the stock’s percentage price change minus the index’s percentage change; medium-horizon component","price_change_vs_asx_all_ord_30d_medium_term","2","DEU","{""id"":""model-reversion-models"",""name"":""Reversion Models""}","[]","MATRIX","TOP500","0"
"0","{""id"":""model"",""name"":""Model""}","0","{""id"":""analyst_revision_horizons"",""name"":""Multi Horizon Analyst Revision Signals""}","1","2026-07-01","1","The stock’s 30-day percentage price change relative to the ASX All Ordinaries index; short-horizon component","price_change_vs_asx_all_ord_30d_short_term","2","DEU","{""id"":""model-reversion-models"",""name"":""Reversion Models""}","[]","MATRIX","TOP500","0"
"0","{""id"":""model"",""name"":""Model""}","0","{""id"":""analyst_revision_horizons"",""name"":""Multi Horizon Analyst Revision Signals""}","1","2026-07-01","1","The stock’s 30-day percentage price change relative to the CAC 40 index; long-horizon component","price_change_vs_cac40_30d_long_term","2","DEU","{""id"":""model-reversion-models"",""name"":""Reversion Models""}","[]","MATRIX","TOP500","0"
"0","{""id"":""model"",""name"":""Model""}","0","{""id"":""analyst_revision_horizons"",""name"":""Multi Horizon Analyst Revision Signals""}","1","2026-07-01","1","Price change relative to CAC 40 index over 30 days, medium horizon.","price_change_vs_cac40_30d_medium_term","2","DEU","{""id"":""model-reversion-models"",""name"":""Reversion Models""}","[]","MATRIX","TOP500","0"
"0","{""id"":""model"",""name"":""Model""}","0","{""id"":""analyst_revision_horizons"",""name"":""Multi Horizon Analyst Revision Signals""}","1","2026-07-01","1","The stock’s 30-day percentage price change relative to the CAC 40 index; short-horizon component","price_change_vs_cac40_30d_short_term","2","DEU","{""id"":""model-reversion-models"",""name"":""Reversion Models""}","[]","MATRIX","TOP500","0"
"0","{""id"":""model"",""name"":""Model""}","0","{""id"":""analyst_revision_horizons"",""name"":""Multi Horizon Analyst Revision Signals""}","1","2026-07-01","1","Price change relative to country benchmark over 30 days, long horizon.","price_change_vs_country_benchmark_30d_long_term","2","DEU","{""id"":""model-reversion-models"",""name"":""Reversion Models""}","[]","MATRIX","TOP500","0"
"0","{""id"":""model"",""name"":""Model""}","0","{""id"":""analyst_revision_horizons"",""name"":""Multi Horizon Analyst Revision Signals""}","1","2026-07-01","1","Price change relative to country benchmark over 30 days, medium horizon.","price_change_vs_country_benchmark_30d_medium_term","2","DEU","{""id"":""model-reversion-models"",""name"":""Reversion Models""}","[]","MATRIX","TOP500","0"
"0","{""id"":""model"",""name"":""Model""}","0","{""id"":""analyst_revision_horizons"",""name"":""Multi Horizon Analyst Revision Signals""}","1","2026-07-01","1","Price change relative to country benchmark over 30 days, short horizon.","price_change_vs_country_benchmark_30d_short_term","2","DEU","{""id"":""model-reversion-models"",""name"":""Reversion Models""}","[]","MATRIX","TOP500","0"
"0","{""id"":""model"",""name"":""Model""}","0","{""id"":""analyst_revision_horizons"",""name"":""Multi Horizon Analyst Revision Signals""}","1","2026-07-01","1","Price change relative to DJ STOXX 600 index over 30 days, long horizon.","price_change_vs_dj_stoxx600_30d_long_term","2","DEU","{""id"":""model-reversion-models"",""name"":""Reversion Models""}","[]","MATRIX","TOP500","0"
"0","{""id"":""model"",""name"":""Model""}","0","{""id"":""analyst_revision_horizons"",""name"":""Multi Horizon Analyst Revision Signals""}","1","2026-07-01","1","Price change relative to DJ STOXX 600 index over 30 days, medium horizon.","price_change_vs_dj_stoxx600_30d_medium_term","2","DEU","{""id"":""model-reversion-models"",""name"":""Reversion Models""}","[]","MATRIX","TOP500","0"
"0","{""id"":""model"",""name"":""Model""}","0","{""id"":""analyst_revision_horizons"",""name"":""Multi Horizon Analyst Revision Signals""}","1","2026-07-01","1","Price change relative to DJ STOXX 600 index over 30 days, short horizon.","price_change_vs_dj_stoxx600_30d_short_term","2","DEU","{""id"":""model-reversion-models"",""name"":""Reversion Models""}","[]","MATRIX","TOP500","0"
"0","{""id"":""model"",""name"":""Model""}","0","{""id"":""analyst_revision_horizons"",""name"":""Multi Horizon Analyst Revision Signals""}","1","2026-07-01","1","Percentage change in price relative to the MSCI Europe index over the past 30 days (long horizon).","price_change_vs_europe_index_30d_long_term","2","DEU","{""id"":""model-reversion-models"",""name"":""Reversion Models""}","[]","MATRIX","TOP500","0"
"0","{""id"":""model"",""name"":""Model""}","0","{""id"":""analyst_revision_horizons"",""name"":""Multi Horizon Analyst Revision Signals""}","1","2026-07-01","1","Price change relative to FTSE 100 index over 30 days, long horizon.","price_change_vs_ftse100_30d_long_term","2","DEU","{""id"":""model-reversion-models"",""name"":""Reversion Models""}","[]","MATRIX","TOP500","0"
"0","{""id"":""model"",""name"":""Model""}","0","{""id"":""analyst_revision_horizons"",""name"":""Multi Horizon Analyst Revision Signals""}","1","2026-07-01","1","The stock’s 30-day percentage price change relative to the FTSE 100 index; medium-horizon component","price_change_vs_ftse100_30d_medium_term","2","DEU","{""id"":""model-reversion-models"",""name"":""Reversion Models""}","[]","MATRIX","TOP500","0"
"0","{""id"":""model"",""name"":""Model""}","0","{""id"":""analyst_revision_horizons"",""name"":""Multi Horizon Analyst Revision Signals""}","1","2026-07-01","1","Stock’s 30-day return minus the FTSE 100’s 30-day return; short-horizon variant","price_change_vs_ftse100_30d_short_term","2","DEU","{""id"":""model-reversion-models"",""name"":""Reversion Models""}","[]","MATRIX","TOP500","0"
"0","{""id"":""model"",""name"":""Model""}","0","{""id"":""analyst_revision_horizons"",""name"":""Multi Horizon Analyst Revision Signals""}","1","2026-07-01","1","30-day relative performance versus the Hang Seng index, measured as the stock’s percentage price change minus the index’s percentage change; long-horizon component","price_change_vs_hang_seng_30d_long_term","2","DEU","{""id"":""model-reversion-models"",""name"":""Reversion Models""}","[]","MATRIX","TOP500","0"
"0","{""id"":""model"",""name"":""Model""}","0","{""id"":""analyst_revision_horizons"",""name"":""Multi Horizon Analyst Revision Signals""}","1","2026-07-01","1","Price change relative to Hang Seng index over 30 days, medium horizon.","price_change_vs_hang_seng_30d_medium_term","2","DEU","{""id"":""model-reversion-models"",""name"":""Reversion Models""}","[]","MATRIX","TOP500","0"
"0","{""id"":""model"",""name"":""Model""}","0","{""id"":""analyst_revision_horizons"",""name"":""Multi Horizon Analyst Revision Signals""}","1","2026-07-01","1","Price change relative to Hang Seng index over 30 days, short horizon.","price_change_vs_hang_seng_30d_short_term","2","DEU","{""id"":""model-reversion-models"",""name"":""Reversion Models""}","[]","MATRIX","TOP500","0"
"0","{""id"":""model"",""name"":""Model""}","0","{""id"":""analyst_revision_horizons"",""name"":""Multi Horizon Analyst Revision Signals""}","1","2026-07-01","1","Price change relative to industry benchmark over 30 days, long horizon.","price_change_vs_industry_benchmark_30d_long_term","2","DEU","{""id"":""model-reversion-models"",""name"":""Reversion Models""}","[]","MATRIX","TOP500","0"
"0","{""id"":""model"",""name"":""Model""}","0","{""id"":""analyst_revision_horizons"",""name"":""Multi Horizon Analyst Revision Signals""}","1","2026-07-01","1","Price change relative to industry benchmark over 30 days, medium horizon.","price_change_vs_industry_benchmark_30d_medium_term","2","DEU","{""id"":""model-reversion-models"",""name"":""Reversion Models""}","[]","MATRIX","TOP500","0"
"0","{""id"":""model"",""name"":""Model""}","0","{""id"":""analyst_revision_horizons"",""name"":""Multi Horizon Analyst Revision Signals""}","1","2026-07-01","1","Price change relative to industry benchmark over 30 days, short horizon.","price_change_vs_industry_benchmark_30d_short_term","2","DEU","{""id"":""model-reversion-models"",""name"":""Reversion Models""}","[]","MATRIX","TOP500","0"
"0","{""id"":""model"",""name"":""Model""}","0","{""id"":""analyst_revision_horizons"",""name"":""Multi Horizon Analyst Revision Signals""}","1","2026-07-01","1","30-day relative performance versus the JSE All Share index, measured as the stock’s percentage price change minus the index’s percentage change; long-horizon component","price_change_vs_jse_all_share_30d_long_term","2","DEU","{""id"":""model-reversion-models"",""name"":""Reversion Models""}","[]","MATRIX","TOP500","0"
"0","{""id"":""model"",""name"":""Model""}","0","{""id"":""analyst_revision_horizons"",""name"":""Multi Horizon Analyst Revision Signals""}","1","2026-07-01","1","Price change relative to JSE All Share index over 30 days, medium horizon.","price_change_vs_jse_all_share_30d_medium_term","2","DEU","{""id"":""model-reversion-models"",""name"":""Reversion Models""}","[]","MATRIX","TOP500","0"
"0","{""id"":""model"",""name"":""Model""}","0","{""id"":""analyst_revision_horizons"",""name"":""Multi Horizon Analyst Revision Signals""}","1","2026-07-01","1","Price change relative to JSE All Share index over 30 days, short horizon.","price_change_vs_jse_all_share_30d_short_term","2","DEU","{""id"":""model-reversion-models"",""name"":""Reversion Models""}","[]","MATRIX","TOP500","0"
"0","{""id"":""model"",""name"":""Model""}","0","{""id"":""analyst_revision_horizons"",""name"":""Multi Horizon Analyst Revision Signals""}","1","2026-07-01","1","Stock’s 30-day return minus the MSCI EAFE index’s 30-day return; long-horizon variant","price_change_vs_msci_eafe_30d_long_term","2","DEU","{""id"":""model-reversion-models"",""name"":""Reversion Models""}","[]","MATRIX","TOP500","0"
"0","{""id"":""model"",""name"":""Model""}","0","{""id"":""analyst_revision_horizons"",""name"":""Multi Horizon Analyst Revision Signals""}","1","2026-07-01","1","The stock’s 30-day percentage price change relative to the MSCI EAFE index; medium-horizon component","price_change_vs_msci_eafe_30d_medium_term","2","DEU","{""id"":""model-reversion-models"",""name"":""Reversion Models""}","[]","MATRIX","TOP500","0"
"0","{""id"":""model"",""name"":""Model""}","0","{""id"":""analyst_revision_horizons"",""name"":""Multi Horizon Analyst Revision Signals""}","1","2026-07-01","1","Stock’s 30-day return minus the MSCI EAFE index’s 30-day return; short-horizon variant","price_change_vs_msci_eafe_30d_short_term","2","DEU","{""id"":""model-reversion-models"",""name"":""Reversion Models""}","[]","MATRIX","TOP500","0"
"0","{""id"":""model"",""name"":""Model""}","0","{""id"":""analyst_revision_horizons"",""name"":""Multi Horizon Analyst Revision Signals""}","1","2026-07-01","1","Price change relative to MSCI Emerging Markets index over 30 days, long horizon.","price_change_vs_msci_emf_30d_long_term","2","DEU","{""id"":""model-reversion-models"",""name"":""Reversion Models""}","[]","MATRIX","TOP500","0"
"0","{""id"":""model"",""name"":""Model""}","0","{""id"":""analyst_revision_horizons"",""name"":""Multi Horizon Analyst Revision Signals""}","1","2026-07-01","1","Price change relative to MSCI Emerging Markets index over 30 days, medium horizon.","price_change_vs_msci_emf_30d_medium_term","2","DEU","{""id"":""model-reversion-models"",""name"":""Reversion Models""}","[]","MATRIX","TOP500","0"
"0","{""id"":""model"",""name"":""Model""}","0","{""id"":""analyst_revision_horizons"",""name"":""Multi Horizon Analyst Revision Signals""}","1","2026-07-01","1","Price change relative to MSCI Emerging Markets index over 30 days, short horizon.","price_change_vs_msci_emf_30d_short_term","2","DEU","{""id"":""model-reversion-models"",""name"":""Reversion Models""}","[]","MATRIX","TOP500","0"
"0","{""id"":""model"",""name"":""Model""}","0","{""id"":""analyst_revision_horizons"",""name"":""Multi Horizon Analyst Revision Signals""}","1","2026-07-01","1","30-day relative performance versus the MSCI Europe index, measured as the stock’s percentage price change minus the index’s percentage change; medium-horizon component","price_change_vs_msci_europe_30d_medium_term","2","DEU","{""id"":""model-reversion-models"",""name"":""Reversion Models""}","[]","MATRIX","TOP500","0"
"0","{""id"":""model"",""name"":""Model""}","0","{""id"":""analyst_revision_horizons"",""name"":""Multi Horizon Analyst Revision Signals""}","1","2026-07-01","1","30-day relative performance versus the MSCI Europe index, measured as the stock’s percentage price change minus the index’s percentage change; short-horizon component","price_change_vs_msci_europe_30d_short_term","2","DEU","{""id"":""model-reversion-models"",""name"":""Reversion Models""}","[]","MATRIX","TOP500","0"
"0","{""id"":""model"",""name"":""Model""}","0","{""id"":""analyst_revision_horizons"",""name"":""Multi Horizon Analyst Revision Signals""}","1","2026-07-01","1","30-day relative performance versus the MSCI Pacific ex Japan index, measured as the stock’s percentage price change minus the index’s percentage change; long-horizon component","price_change_vs_msci_pac_ex_jp_30d_long_term","2","DEU","{""id"":""model-reversion-models"",""name"":""Reversion Models""}","[]","MATRIX","TOP500","0"
"0","{""id"":""model"",""name"":""Model""}","0","{""id"":""analyst_revision_horizons"",""name"":""Multi Horizon Analyst Revision Signals""}","1","2026-07-01","1","Price change relative to MSCI Pacific ex Japan index over 30 days, medium horizon.","price_change_vs_msci_pac_ex_jp_30d_medium_term","2","DEU","{""id"":""model-reversion-models"",""name"":""Reversion Models""}","[]","MATRIX","TOP500","0"
"0","{""id"":""model"",""name"":""Model""}","0","{""id"":""analyst_revision_horizons"",""name"":""Multi Horizon Analyst Revision Signals""}","1","2026-07-01","1","Price change relative to MSCI Pacific ex Japan index over 30 days, short horizon.","price_change_vs_msci_pac_ex_jp_30d_short_term","2","DEU","{""id"":""model-reversion-models"",""name"":""Reversion Models""}","[]","MATRIX","TOP500","0"
"0","{""id"":""model"",""name"":""Model""}","0","{""id"":""analyst_revision_horizons"",""name"":""Multi Horizon Analyst Revision Signals""}","1","2026-07-01","1","30-day relative performance versus the Russell 1000 Growth index, measured as the stock’s percentage price change minus the index’s percentage change; long-horizon component","price_change_vs_r1000_growth_30d_long_term","2","DEU","{""id"":""model-reversion-models"",""name"":""Reversion Models""}","[]","MATRIX","TOP500","0"
"0","{""id"":""model"",""name"":""Model""}","0","{""id"":""analyst_revision_horizons"",""name"":""Multi Horizon Analyst Revision Signals""}","1","2026-07-01","1","30-day relative performance versus the Russell 1000 Growth index, measured as the stock’s percentage price change minus the index’s percentage change; medium-horizon component","price_change_vs_r1000_growth_30d_medium_term","2","DEU","{""id"":""model-reversion-models"",""name"":""Reversion Models""}","[]","MATRIX","TOP500","0"
"0","{""id"":""model"",""name"":""Model""}","0","{""id"":""analyst_revision_horizons"",""name"":""Multi Horizon Analyst Revision Signals""}","1","2026-07-01","1","30-day relative performance versus the Russell 1000 Growth index, measured as the stock’s percentage price change minus the index’s percentage change; short-horizon component","price_change_vs_r1000_growth_30d_short_term","2","DEU","{""id"":""model-reversion-models"",""name"":""Reversion Models""}","[]","MATRIX","TOP500","0"
"0","{""id"":""model"",""name"":""Model""}","0","{""id"":""analyst_revision_horizons"",""name"":""Multi Horizon Analyst Revision Signals""}","1","2026-07-01","1","The stock’s 30-day percentage price change relative to the Russell 2000 index; long-horizon component","price_change_vs_russell_2000_30d_long_term","2","DEU","{""id"":""model-reversion-models"",""name"":""Reversion Models""}","[]","MATRIX","TOP500","0"
"0","{""id"":""model"",""name"":""Model""}","0","{""id"":""analyst_revision_horizons"",""name"":""Multi Horizon Analyst Revision Signals""}","1","2026-07-01","1","Price change relative to Russell 2000 index over 30 days, medium horizon.","price_change_vs_russell_2000_30d_medium_term","2","DEU","{""id"":""model-reversion-models"",""name"":""Reversion Models""}","[]","MATRIX","TOP500","0"
"0","{""id"":""model"",""name"":""Model""}","0","{""id"":""analyst_revision_horizons"",""name"":""Multi Horizon Analyst Revision Signals""}","1","2026-07-01","1","Stock’s 30-day return minus the Russell 2000’s 30-day return; short-horizon variant","price_change_vs_russell_2000_30d_short_term","2","DEU","{""id"":""model-reversion-models"",""name"":""Reversion Models""}","[]","MATRIX","TOP500","0"
"0","{""id"":""model"",""name"":""Model""}","0","{""id"":""analyst_revision_horizons"",""name"":""Multi Horizon Analyst Revision Signals""}","1","2026-07-01","1","Price change relative to Russell Midcap index over 30 days, long horizon.","price_change_vs_russell_midcap_30d_long_term","2","DEU","{""id"":""model-reversion-models"",""name"":""Reversion Models""}","[]","MATRIX","TOP500","0"
"0","{""id"":""model"",""name"":""Model""}","0","{""id"":""analyst_revision_horizons"",""name"":""Multi Horizon Analyst Revision Signals""}","1","2026-07-01","1","Price change relative to Russell Midcap index over 30 days, medium horizon.","price_change_vs_russell_midcap_30d_medium_term","2","DEU","{""id"":""model-reversion-models"",""name"":""Reversion Models""}","[]","MATRIX","TOP500","0"
"0","{""id"":""model"",""name"":""Model""}","0","{""id"":""analyst_revision_horizons"",""name"":""Multi Horizon Analyst Revision Signals""}","1","2026-07-01","1","The stock’s 30-day percentage price change relative to the Russell Midcap index; short-horizon component","price_change_vs_russell_midcap_30d_short_term","2","DEU","{""id"":""model-reversion-models"",""name"":""Reversion Models""}","[]","MATRIX","TOP500","0"
"0","{""id"":""model"",""name"":""Model""}","0","{""id"":""analyst_revision_horizons"",""name"":""Multi Horizon Analyst Revision Signals""}","1","2026-07-01","1","Price change relative to S&P 400 index over 30 days, long horizon.","price_change_vs_sp400_30d_long_term","2","DEU","{""id"":""model-reversion-models"",""name"":""Reversion Models""}","[]","MATRIX","TOP500","0"
"0","{""id"":""model"",""name"":""Model""}","0","{""id"":""analyst_revision_horizons"",""name"":""Multi Horizon Analyst Revision Signals""}","1","2026-07-01","1","Price change relative to S&P 400 index over 30 days, medium horizon.","price_change_vs_sp400_30d_medium_term","2","DEU","{""id"":""model-reversion-models"",""name"":""Reversion Models""}","[]","MATRIX","TOP500","0"
"0","{""id"":""model"",""name"":""Model""}","0","{""id"":""analyst_revision_horizons"",""name"":""Multi Horizon Analyst Revision Signals""}","1","2026-07-01","1","The stock’s 30-day percentage price change relative to the S&P 400 (MidCap) index; short-horizon component","price_change_vs_sp400_30d_short_term","2","DEU","{""id"":""model-reversion-models"",""name"":""Reversion Models""}","[]","MATRIX","TOP500","0"
"0","{""id"":""model"",""name"":""Model""}","0","{""id"":""analyst_revision_horizons"",""name"":""Multi Horizon Analyst Revision Signals""}","1","2026-07-01","1","Stock’s 30-day return minus the S&P 500’s 30-day return; long-horizon variant","price_change_vs_sp500_30d_long_term","2","DEU","{""id"":""model-reversion-models"",""name"":""Reversion Models""}","[]","MATRIX","TOP500","0"
"0","{""id"":""model"",""name"":""Model""}","0","{""id"":""analyst_revision_horizons"",""name"":""Multi Horizon Analyst Revision Signals""}","1","2026-07-01","1","30-day relative performance versus the S&P 500 index, measured as the stock’s percentage price change minus the index’s percentage change; medium-horizon component","price_change_vs_sp500_30d_medium_term","2","DEU","{""id"":""model-reversion-models"",""name"":""Reversion Models""}","[]","MATRIX","TOP500","0"
"0","{""id"":""model"",""name"":""Model""}","0","{""id"":""analyst_revision_horizons"",""name"":""Multi Horizon Analyst Revision Signals""}","1","2026-07-01","1","Price change relative to S&P 500 index over 30 days, short horizon.","price_change_vs_sp500_30d_short_term","2","DEU","{""id"":""model-reversion-models"",""name"":""Reversion Models""}","[]","MATRIX","TOP500","0"
"0","{""id"":""model"",""name"":""Model""}","0","{""id"":""analyst_revision_horizons"",""name"":""Multi Horizon Analyst Revision Signals""}","1","2026-07-01","1","Price change relative to S&P 600 index over 30 days, long horizon.","price_change_vs_sp600_30d_long_term","2","DEU","{""id"":""model-reversion-models"",""name"":""Reversion Models""}","[]","MATRIX","TOP500","0"
"0","{""id"":""model"",""name"":""Model""}","0","{""id"":""analyst_revision_horizons"",""name"":""Multi Horizon Analyst Revision Signals""}","1","2026-07-01","1","The stock’s 30-day percentage price change relative to the S&P 600 (SmallCap) index; medium-horizon component","price_change_vs_sp600_30d_medium_term","2","DEU","{""id"":""model-reversion-models"",""name"":""Reversion Models""}","[]","MATRIX","TOP500","0"
"0","{""id"":""model"",""name"":""Model""}","0","{""id"":""analyst_revision_horizons"",""name"":""Multi Horizon Analyst Revision Signals""}","1","2026-07-01","1","Price change relative to S&P 600 index over 30 days, short horizon.","price_change_vs_sp600_30d_short_term","2","DEU","{""id"":""model-reversion-models"",""name"":""Reversion Models""}","[]","MATRIX","TOP500","0"
"0","{""id"":""model"",""name"":""Model""}","0","{""id"":""analyst_revision_horizons"",""name"":""Multi Horizon Analyst Revision Signals""}","1","2026-07-01","1","Price change relative to TOPIX index over 30 days, long horizon.","price_change_vs_topix_30d_long_term","2","DEU","{""id"":""model-reversion-models"",""name"":""Reversion Models""}","[]","MATRIX","TOP500","0"
"0","{""id"":""model"",""name"":""Model""}","0","{""id"":""analyst_revision_horizons"",""name"":""Multi Horizon Analyst Revision Signals""}","1","2026-07-01","1","Price change relative to TOPIX index over 30 days, medium horizon.","price_change_vs_topix_30d_medium_term","2","DEU","{""id"":""model-reversion-models"",""name"":""Reversion Models""}","[]","MATRIX","TOP500","0"
"0","{""id"":""model"",""name"":""Model""}","0","{""id"":""analyst_revision_horizons"",""name"":""Multi Horizon Analyst Revision Signals""}","1","2026-07-01","1","The stock’s 30-day percentage price change relative to the TOPIX (Japan) index; short-horizon component","price_change_vs_topix_30d_short_term","2","DEU","{""id"":""model-reversion-models"",""name"":""Reversion Models""}","[]","MATRIX","TOP500","0"
"0","{""id"":""model"",""name"":""Model""}","0","{""id"":""analyst_revision_horizons"",""name"":""Multi Horizon Analyst Revision Signals""}","1","2026-07-01","1","Price change relative to TSX Composite index over 30 days, long horizon.","price_change_vs_tsx_composite_30d_long_term","2","DEU","{""id"":""model-reversion-models"",""name"":""Reversion Models""}","[]","MATRIX","TOP500","0"
"0","{""id"":""model"",""name"":""Model""}","0","{""id"":""analyst_revision_horizons"",""name"":""Multi Horizon Analyst Revision Signals""}","1","2026-07-01","1","Stock’s 30-day return minus the S&P/TSX Composite index’s 30-day return; medium-horizon variant","price_change_vs_tsx_composite_30d_medium_term","2","DEU","{""id"":""model-reversion-models"",""name"":""Reversion Models""}","[]","MATRIX","TOP500","0"
"0","{""id"":""model"",""name"":""Model""}","0","{""id"":""analyst_revision_horizons"",""name"":""Multi Horizon Analyst Revision Signals""}","1","2026-07-01","1","The stock’s 30-day percentage price change relative to the TSX Composite index; short-horizon component","price_change_vs_tsx_composite_30d_short_term","2","DEU","{""id"":""model-reversion-models"",""name"":""Reversion Models""}","[]","MATRIX","TOP500","0"
"0","{""id"":""model"",""name"":""Model""}","0","{""id"":""analyst_revision_horizons"",""name"":""Multi Horizon Analyst Revision Signals""}","1","2026-07-01","1","Ratio of price to mean analyst earnings estimate for the current fiscal year, short horizon.","price_to_estimate_ratio_current_year_profit_short","2","DEU","{""id"":""model-reversion-models"",""name"":""Reversion Models""}","[]","MATRIX","TOP500","0"
"0","{""id"":""model"",""name"":""Model""}","0","{""id"":""analyst_revision_horizons"",""name"":""Multi Horizon Analyst Revision Signals""}","1","2026-07-01","1","Ratio of price to mean analyst EBITDA estimate for the next 12 months, long horizon.","price_to_estimate_ratio_next_12m_operating_long","2","DEU","{""id"":""model-reversion-models"",""name"":""Reversion Models""}","[]","MATRIX","TOP500","0"
"0","{""id"":""model"",""name"":""Model""}","0","{""id"":""analyst_revision_horizons"",""name"":""Multi Horizon Analyst Revision Signals""}","1","2026-07-01","1","Ratio of price to mean analyst EBITDA estimate for the next 12 months, medium horizon.","price_to_estimate_ratio_next_12m_operating_medium","2","DEU","{""id"":""model-reversion-models"",""name"":""Reversion Models""}","[]","MATRIX","TOP500","0"
"0","{""id"":""model"",""name"":""Model""}","0","{""id"":""analyst_revision_horizons"",""name"":""Multi Horizon Analyst Revision Signals""}","1","2026-07-01","1","Ratio of price to mean analyst EBITDA estimate for the next 12 months, short horizon.","price_to_estimate_ratio_next_12m_operating_short","2","DEU","{""id"":""model-reversion-models"",""name"":""Reversion Models""}","[]","MATRIX","TOP500","0"
"0","{""id"":""model"",""name"":""Model""}","0","{""id"":""analyst_revision_horizons"",""name"":""Multi Horizon Analyst Revision Signals""}","1","2026-07-01","1","Ratio of price to mean analyst revenue estimate for the next 12 months, medium horizon.","price_to_estimate_ratio_next_12m_sales_medium","2","DEU","{""id"":""model-reversion-models"",""name"":""Reversion Models""}","[]","MATRIX","TOP500","0"
"0","{""id"":""model"",""name"":""Model""}","0","{""id"":""analyst_revision_horizons"",""name"":""Multi Horizon Analyst Revision Signals""}","1","2026-07-01","1","Ratio of price to mean analyst revenue estimate for the next 12 months, short horizon.","price_to_estimate_ratio_next_12m_sales_short","2","DEU","{""id"":""model-reversion-models"",""name"":""Reversion Models""}","[]","MATRIX","TOP500","0"
"0","{""id"":""model"",""name"":""Model""}","0","{""id"":""analyst_revision_horizons"",""name"":""Multi Horizon Analyst Revision Signals""}","1","2026-07-01","1","Ratio of price to mean analyst earnings estimate for the next fiscal year, long horizon.","price_to_estimate_ratio_next_year_profit_long","2","DEU","{""id"":""model-reversion-models"",""name"":""Reversion Models""}","[]","MATRIX","TOP500","0"
"0","{""id"":""model"",""name"":""Model""}","0","{""id"":""analyst_revision_horizons"",""name"":""Multi Horizon Analyst Revision Signals""}","1","2026-07-01","1","Mean estimated price-to-earnings (P/E) ratio based on FY1 earnings, long-horizon component","price_to_mean_estimate_current_year_earnings_long","2","DEU","{""id"":""model-reversion-models"",""name"":""Reversion Models""}","[]","MATRIX","TOP500","0"
"0","{""id"":""model"",""name"":""Model""}","0","{""id"":""analyst_revision_horizons"",""name"":""Multi Horizon Analyst Revision Signals""}","1","2026-07-01","1","Ratio of current price to mean analyst EBITDA estimate for the current fiscal year (long horizon).","price_to_mean_estimate_current_year_ebitda_long","2","DEU","{""id"":""model-reversion-models"",""name"":""Reversion Models""}","[]","MATRIX","TOP500","0"
"0","{""id"":""model"",""name"":""Model""}","0","{""id"":""analyst_revision_horizons"",""name"":""Multi Horizon Analyst Revision Signals""}","1","2026-07-01","1","Ratio of current price to mean analyst EBITDA estimate for the current fiscal year (short horizon).","price_to_mean_estimate_current_year_ebitda_short","2","DEU","{""id"":""model-reversion-models"",""name"":""Reversion Models""}","[]","MATRIX","TOP500","0"
"0","{""id"":""model"",""name"":""Model""}","0","{""id"":""analyst_revision_horizons"",""name"":""Multi Horizon Analyst Revision Signals""}","1","2026-07-01","1","Ratio of current price to mean analyst earnings estimate for the forward 12 months (long horizon).","price_to_mean_estimate_f12m_earnings_long_term_4","2","DEU","{""id"":""model-reversion-models"",""name"":""Reversion Models""}","[]","MATRIX","TOP500","0"
"0","{""id"":""model"",""name"":""Model""}","0","{""id"":""analyst_revision_horizons"",""name"":""Multi Horizon Analyst Revision Signals""}","1","2026-07-01","1","Ratio of current price to mean analyst estimate for forward 12-month earnings, medium-term horizon.","price_to_mean_estimate_f12m_earnings_medium_3","2","DEU","{""id"":""model-reversion-models"",""name"":""Reversion Models""}","[]","MATRIX","TOP500","0"
"0","{""id"":""model"",""name"":""Model""}","0","{""id"":""analyst_revision_horizons"",""name"":""Multi Horizon Analyst Revision Signals""}","1","2026-07-01","1","Ratio of current price to mean analyst earnings estimate for the forward 12 months (short horizon).","price_to_mean_estimate_f12m_earnings_short_term_3","2","DEU","{""id"":""model-reversion-models"",""name"":""Reversion Models""}","[]","MATRIX","TOP500","0"
"0","{""id"":""model"",""name"":""Model""}","0","{""id"":""analyst_revision_horizons"",""name"":""Multi Horizon Analyst Revision Signals""}","1","2026-07-01","1","Ratio of current price to mean analyst revenue estimate for the forward 12 months (long horizon).","price_to_mean_estimate_f12m_revenue_long_term_3","2","DEU","{""id"":""model-reversion-models"",""name"":""Reversion Models""}","[]","MATRIX","TOP500","0"
"0","{""id"":""model"",""name"":""Model""}","0","{""id"":""analyst_revision_horizons"",""name"":""Multi Horizon Analyst Revision Signals""}","1","2026-07-01","1","Mean estimated price-to-earnings ratio for FY1 earnings, long horizon","price_to_mean_estimate_fy1_earnings_long_term_2","2","DEU","{""id"":""model-reversion-models"",""name"":""Reversion Models""}","[]","MATRIX","TOP500","0"
"0","{""id"":""model"",""name"":""Model""}","0","{""id"":""analyst_revision_horizons"",""name"":""Multi Horizon Analyst Revision Signals""}","1","2026-07-01","1","Mean estimated price-to-earnings ratio for the current fiscal year (FY1), medium-term horizon","price_to_mean_estimate_fy1_earnings_medium_4","2","DEU","{""id"":""model-reversion-models"",""name"":""Reversion Models""}","[]","MATRIX","TOP500","0"
"0","{""id"":""model"",""name"":""Model""}","0","{""id"":""analyst_revision_horizons"",""name"":""Multi Horizon Analyst Revision Signals""}","1","2026-07-01","1","Mean Estimated Price-to-Earnings Ratio for the current fiscal year on the medium horizon","price_to_mean_estimate_fy1_earnings_medium_term_2","2","DEU","{""id"":""model-reversion-models"",""name"":""Reversion Models""}","[]","MATRIX","TOP500","0"
"0","{""id"":""model"",""name"":""Model""}","0","{""id"":""analyst_revision_horizons"",""name"":""Multi Horizon Analyst Revision Signals""}","1","2026-07-01","1","Forward price-to-earnings ratio using the consensus mean FY1 earnings estimate, on a short-term horizon","price_to_mean_estimate_fy1_earnings_short_term","2","DEU","{""id"":""model-reversion-models"",""name"":""Reversion Models""}","[]","MATRIX","TOP500","0"
"0","{""id"":""model"",""name"":""Model""}","0","{""id"":""analyst_revision_horizons"",""name"":""Multi Horizon Analyst Revision Signals""}","1","2026-07-01","1","Ratio of current price to mean analyst estimate for EBITDA for the next fiscal year, medium-term horizon.","price_to_mean_estimate_fy1_ebitda_medium_4","2","DEU","{""id"":""model-reversion-models"",""name"":""Reversion Models""}","[]","MATRIX","TOP500","0"
"0","{""id"":""model"",""name"":""Model""}","0","{""id"":""analyst_revision_horizons"",""name"":""Multi Horizon Analyst Revision Signals""}","1","2026-07-01","1","Ratio of current price to mean analyst earnings estimate for the next fiscal year (medium horizon).","price_to_mean_estimate_next_year2_earnings_medium_term","2","DEU","{""id"":""model-reversion-models"",""name"":""Reversion Models""}","[]","MATRIX","TOP500","0"
"0","{""id"":""model"",""name"":""Model""}","0","{""id"":""analyst_revision_horizons"",""name"":""Multi Horizon Analyst Revision Signals""}","1","2026-07-01","1","Ratio of current price to mean analyst estimate for earnings for the second next fiscal year, short-term horizon.","price_to_mean_estimate_next_year2_earnings_short_4","2","DEU","{""id"":""model-reversion-models"",""name"":""Reversion Models""}","[]","MATRIX","TOP500","0"
"0","{""id"":""model"",""name"":""Model""}","0","{""id"":""analyst_revision_horizons"",""name"":""Multi Horizon Analyst Revision Signals""}","1","2026-07-01","1","Ratio of current price to mean analyst EBITDA estimate for the next fiscal year (long horizon).","price_to_mean_estimate_next_year2_ebitda_long_term","2","DEU","{""id"":""model-reversion-models"",""name"":""Reversion Models""}","[]","MATRIX","TOP500","0"
"0","{""id"":""model"",""name"":""Model""}","0","{""id"":""analyst_revision_horizons"",""name"":""Multi Horizon Analyst Revision Signals""}","1","2026-07-01","1","Ratio of current price to mean analyst EBITDA estimate for the next fiscal year (medium horizon).","price_to_mean_estimate_next_year2_ebitda_medium_term_3","2","DEU","{""id"":""model-reversion-models"",""name"":""Reversion Models""}","[]","MATRIX","TOP500","0"
"0","{""id"":""model"",""name"":""Model""}","0","{""id"":""analyst_revision_horizons"",""name"":""Multi Horizon Analyst Revision Signals""}","1","2026-07-01","1","Ratio of current price to mean analyst estimate for EBITDA for the second next fiscal year, short-term horizon.","price_to_mean_estimate_next_year2_ebitda_short_4","2","DEU","{""id"":""model-reversion-models"",""name"":""Reversion Models""}","[]","MATRIX","TOP500","0"
"0","{""id"":""model"",""name"":""Model""}","0","{""id"":""analyst_revision_horizons"",""name"":""Multi Horizon Analyst Revision Signals""}","1","2026-07-01","1","Ratio of current price to mean analyst estimate for revenue for the second next fiscal year, long-term horizon.","price_to_mean_estimate_next_year2_revenue_long_4","2","DEU","{""id"":""model-reversion-models"",""name"":""Reversion Models""}","[]","MATRIX","TOP500","0"
"0","{""id"":""model"",""name"":""Model""}","0","{""id"":""analyst_revision_horizons"",""name"":""Multi Horizon Analyst Revision Signals""}","1","2026-07-01","1","Ratio of current price to mean analyst revenue estimate for the next fiscal year (medium horizon).","price_to_mean_estimate_next_year2_revenue_medium_term_3","2","DEU","{""id"":""model-reversion-models"",""name"":""Reversion Models""}","[]","MATRIX","TOP500","0"
"0","{""id"":""model"",""name"":""Model""}","0","{""id"":""analyst_revision_horizons"",""name"":""Multi Horizon Analyst Revision Signals""}","1","2026-07-01","1","Ratio of current price to mean analyst estimate for revenue for the second next fiscal year, short-term horizon.","price_to_mean_estimate_next_year2_revenue_short_4","2","DEU","{""id"":""model-reversion-models"",""name"":""Reversion Models""}","[]","MATRIX","TOP500","0"
"0","{""id"":""model"",""name"":""Model""}","0","{""id"":""analyst_revision_horizons"",""name"":""Multi Horizon Analyst Revision Signals""}","1","2026-07-01","1","Ratio of current price to mean analyst estimate for revenue for the next fiscal year, long-term horizon.","price_to_mean_estimate_next_year_revenue_long_4","2","DEU","{""id"":""model-reversion-models"",""name"":""Reversion Models""}","[]","MATRIX","TOP500","0"
"0","{""id"":""model"",""name"":""Model""}","0","{""id"":""analyst_revision_horizons"",""name"":""Multi Horizon Analyst Revision Signals""}","1","2026-07-01","1","Ratio of current price to mean analyst estimate for revenue for the next fiscal year, medium-term horizon.","price_to_mean_estimate_next_year_revenue_medium_4","2","DEU","{""id"":""model-reversion-models"",""name"":""Reversion Models""}","[]","MATRIX","TOP500","0"
"0","{""id"":""model"",""name"":""Model""}","0","{""id"":""analyst_revision_horizons"",""name"":""Multi Horizon Analyst Revision Signals""}","1","2026-07-01","1","Ratio of current price to mean analyst estimate for revenue for the next fiscal year, short-term horizon.","price_to_mean_estimate_next_year_revenue_short_4","2","DEU","{""id"":""model-reversion-models"",""name"":""Reversion Models""}","[]","MATRIX","TOP500","0"
"0","{""id"":""model"",""name"":""Model""}","0","{""id"":""analyst_revision_horizons"",""name"":""Multi Horizon Analyst Revision Signals""}","1","2026-07-01","1","Ratio of share price to weighted analyst estimate for current fiscal year earnings, long horizon.","price_to_smartestimate_fy1_earnings_long_term_2","2","DEU","{""id"":""model-reversion-models"",""name"":""Reversion Models""}","[]","MATRIX","TOP500","0"
"0","{""id"":""model"",""name"":""Model""}","0","{""id"":""analyst_revision_horizons"",""name"":""Multi Horizon Analyst Revision Signals""}","1","2026-07-01","1","Forward P/E using the SmartEstimate for FY1 earnings, medium horizon","price_to_smartestimate_fy1_earnings_medium_term","2","DEU","{""id"":""model-reversion-models"",""name"":""Reversion Models""}","[]","MATRIX","TOP500","0"
"0","{""id"":""model"",""name"":""Model""}","0","{""id"":""analyst_revision_horizons"",""name"":""Multi Horizon Analyst Revision Signals""}","1","2026-07-01","1","Forward Price-to-Earnings ratio using SmartEstimate for FY1 EPS, short horizon","price_to_smartestimate_fy1_earnings_short_term","2","DEU","{""id"":""model-reversion-models"",""name"":""Reversion Models""}","[]","MATRIX","TOP500","0"
"0","{""id"":""model"",""name"":""Model""}","0","{""id"":""analyst_revision_horizons"",""name"":""Multi Horizon Analyst Revision Signals""}","1","2026-07-01","1","Ratio of stock price to weighted analyst estimate of earnings for the forward 12 months, long horizon.","price_to_weighted_estimate_f12m_earnings_long_3","2","DEU","{""id"":""model-reversion-models"",""name"":""Reversion Models""}","[]","MATRIX","TOP500","0"
"0","{""id"":""model"",""name"":""Model""}","0","{""id"":""analyst_revision_horizons"",""name"":""Multi Horizon Analyst Revision Signals""}","1","2026-07-01","1","Ratio of stock price to weighted analyst estimate of earnings for the forward 12 months, medium horizon.","price_to_weighted_estimate_f12m_earnings_medium_3","2","DEU","{""id"":""model-reversion-models"",""name"":""Reversion Models""}","[]","MATRIX","TOP500","0"
"0","{""id"":""model"",""name"":""Model""}","0","{""id"":""analyst_revision_horizons"",""name"":""Multi Horizon Analyst Revision Signals""}","1","2026-07-01","1","Ratio of share price to forward 12-month weighted earnings estimate, short horizon.","price_to_weighted_estimate_f12m_earnings_short_2","2","DEU","{""id"":""model-reversion-models"",""name"":""Reversion Models""}","[]","MATRIX","TOP500","0"
"0","{""id"":""model"",""name"":""Model""}","0","{""id"":""analyst_revision_horizons"",""name"":""Multi Horizon Analyst Revision Signals""}","1","2026-07-01","1","Ratio of share price to forward 12-month weighted EBITDA estimate, long horizon.","price_to_weighted_estimate_f12m_ebitda_long_3","2","DEU","{""id"":""model-reversion-models"",""name"":""Reversion Models""}","[]","MATRIX","TOP500","0"
"0","{""id"":""model"",""name"":""Model""}","0","{""id"":""analyst_revision_horizons"",""name"":""Multi Horizon Analyst Revision Signals""}","1","2026-07-01","1","Ratio of stock price to weighted analyst estimate of EBITDA for the forward 12 months, medium horizon.","price_to_weighted_estimate_f12m_ebitda_medium_3","2","DEU","{""id"":""model-reversion-models"",""name"":""Reversion Models""}","[]","MATRIX","TOP500","0"
"0","{""id"":""model"",""name"":""Model""}","0","{""id"":""analyst_revision_horizons"",""name"":""Multi Horizon Analyst Revision Signals""}","1","2026-07-01","1","Ratio of stock price to weighted analyst estimate of EBITDA for the forward 12 months, short horizon.","price_to_weighted_estimate_f12m_ebitda_short_3","2","DEU","{""id"":""model-reversion-models"",""name"":""Reversion Models""}","[]","MATRIX","TOP500","0"
"0","{""id"":""model"",""name"":""Model""}","0","{""id"":""analyst_revision_horizons"",""name"":""Multi Horizon Analyst Revision Signals""}","1","2026-07-01","1","Ratio of stock price to weighted analyst estimate of revenue for the forward 12 months, long horizon.","price_to_weighted_estimate_f12m_revenue_long_4","2","DEU","{""id"":""model-reversion-models"",""name"":""Reversion Models""}","[]","MATRIX","TOP500","0"
"0","{""id"":""model"",""name"":""Model""}","0","{""id"":""analyst_revision_horizons"",""name"":""Multi Horizon Analyst Revision Signals""}","1","2026-07-01","1","Ratio of stock price to weighted analyst estimate of revenue for the forward 12 months, medium horizon.","price_to_weighted_estimate_f12m_revenue_medium_4","2","DEU","{""id"":""model-reversion-models"",""name"":""Reversion Models""}","[]","MATRIX","TOP500","0"
"0","{""id"":""model"",""name"":""Model""}","0","{""id"":""analyst_revision_horizons"",""name"":""Multi Horizon Analyst Revision Signals""}","1","2026-07-01","1","Ratio of stock price to weighted analyst estimate of revenue for the forward 12 months, short horizon.","price_to_weighted_estimate_f12m_revenue_short_3","2","DEU","{""id"":""model-reversion-models"",""name"":""Reversion Models""}","[]","MATRIX","TOP500","0"
"0","{""id"":""model"",""name"":""Model""}","0","{""id"":""analyst_revision_horizons"",""name"":""Multi Horizon Analyst Revision Signals""}","1","2026-07-01","1","Forward P/E ratio based on FY1 SmartEstimate EPS (price divided by SmartEstimate FY1 earnings per share), long-horizon version","price_to_weighted_estimate_fy1_earnings_long_4","2","DEU","{""id"":""model-reversion-models"",""name"":""Reversion Models""}","[]","MATRIX","TOP500","0"
"0","{""id"":""model"",""name"":""Model""}","0","{""id"":""analyst_revision_horizons"",""name"":""Multi Horizon Analyst Revision Signals""}","1","2026-07-01","1","Ratio of stock price to weighted analyst estimate of earnings for the current fiscal year, medium horizon.","price_to_weighted_estimate_fy1_earnings_medium_3","2","DEU","{""id"":""model-reversion-models"",""name"":""Reversion Models""}","[]","MATRIX","TOP500","0"
"0","{""id"":""model"",""name"":""Model""}","0","{""id"":""analyst_revision_horizons"",""name"":""Multi Horizon Analyst Revision Signals""}","1","2026-07-01","1","Ratio of share price to the weighted analyst earnings estimate for the current fiscal year, short-term component.","price_to_weighted_estimate_fy1_earnings_short_3","2","DEU","{""id"":""model-reversion-models"",""name"":""Reversion Models""}","[]","MATRIX","TOP500","0"
"0","{""id"":""model"",""name"":""Model""}","0","{""id"":""analyst_revision_horizons"",""name"":""Multi Horizon Analyst Revision Signals""}","1","2026-07-01","1","Ratio of stock price to weighted analyst estimate of EBITDA for the current fiscal year, long horizon.","price_to_weighted_estimate_fy1_ebitda_long_3","2","DEU","{""id"":""model-reversion-models"",""name"":""Reversion Models""}","[]","MATRIX","TOP500","0"
"0","{""id"":""model"",""name"":""Model""}","0","{""id"":""analyst_revision_horizons"",""name"":""Multi Horizon Analyst Revision Signals""}","1","2026-07-01","1","Ratio of share price to weighted EBITDA estimate for the current fiscal year, medium horizon.","price_to_weighted_estimate_fy1_ebitda_medium_3","2","DEU","{""id"":""model-reversion-models"",""name"":""Reversion Models""}","[]","MATRIX","TOP500","0"
"0","{""id"":""model"",""name"":""Model""}","0","{""id"":""analyst_revision_horizons"",""name"":""Multi Horizon Analyst Revision Signals""}","1","2026-07-01","1","Ratio of share price to weighted EBITDA estimate for the current fiscal year, short horizon.","price_to_weighted_estimate_fy1_ebitda_short_4","2","DEU","{""id"":""model-reversion-models"",""name"":""Reversion Models""}","[]","MATRIX","TOP500","0"
"0","{""id"":""model"",""name"":""Model""}","0","{""id"":""analyst_revision_horizons"",""name"":""Multi Horizon Analyst Revision Signals""}","1","2026-07-01","1","Ratio of stock price to weighted analyst estimate of revenue for the current fiscal year, long horizon.","price_to_weighted_estimate_fy1_revenue_long_3","2","DEU","{""id"":""model-reversion-models"",""name"":""Reversion Models""}","[]","MATRIX","TOP500","0"
"0","{""id"":""model"",""name"":""Model""}","0","{""id"":""analyst_revision_horizons"",""name"":""Multi Horizon Analyst Revision Signals""}","1","2026-07-01","1","Ratio of stock price to weighted analyst estimate of revenue for the current fiscal year, medium horizon.","price_to_weighted_estimate_fy1_revenue_medium_3","2","DEU","{""id"":""model-reversion-models"",""name"":""Reversion Models""}","[]","MATRIX","TOP500","0"
"0","{""id"":""model"",""name"":""Model""}","0","{""id"":""analyst_revision_horizons"",""name"":""Multi Horizon Analyst Revision Signals""}","1","2026-07-01","1","Ratio of stock price to weighted analyst estimate of revenue for the current fiscal year, short horizon.","price_to_weighted_estimate_fy1_revenue_short_3","2","DEU","{""id"":""model-reversion-models"",""name"":""Reversion Models""}","[]","MATRIX","TOP500","0"
"0","{""id"":""model"",""name"":""Model""}","0","{""id"":""analyst_revision_horizons"",""name"":""Multi Horizon Analyst Revision Signals""}","1","2026-07-01","1","Ratio of share price to weighted earnings estimate for the next fiscal year, long horizon.","price_to_weighted_estimate_next_year2_earnings_long_2","2","DEU","{""id"":""model-reversion-models"",""name"":""Reversion Models""}","[]","MATRIX","TOP500","0"
"0","{""id"":""model"",""name"":""Model""}","0","{""id"":""analyst_revision_horizons"",""name"":""Multi Horizon Analyst Revision Signals""}","1","2026-07-01","1","Ratio of share price to weighted earnings estimate for the next fiscal year, medium horizon.","price_to_weighted_estimate_next_year2_earnings_medium_3","2","DEU","{""id"":""model-reversion-models"",""name"":""Reversion Models""}","[]","MATRIX","TOP500","0"
"0","{""id"":""model"",""name"":""Model""}","0","{""id"":""analyst_revision_horizons"",""name"":""Multi Horizon Analyst Revision Signals""}","1","2026-07-01","1","Ratio of stock price to weighted analyst estimate of earnings for the next fiscal year, short horizon.","price_to_weighted_estimate_next_year2_earnings_short_3","2","DEU","{""id"":""model-reversion-models"",""name"":""Reversion Models""}","[]","MATRIX","TOP500","0"
"0","{""id"":""model"",""name"":""Model""}","0","{""id"":""analyst_revision_horizons"",""name"":""Multi Horizon Analyst Revision Signals""}","1","2026-07-01","1","Ratio of stock price to weighted analyst estimate of EBITDA for the next fiscal year, long horizon.","price_to_weighted_estimate_next_year2_ebitda_long_3","2","DEU","{""id"":""model-reversion-models"",""name"":""Reversion Models""}","[]","MATRIX","TOP500","0"
"0","{""id"":""model"",""name"":""Model""}","0","{""id"":""analyst_revision_horizons"",""name"":""Multi Horizon Analyst Revision Signals""}","1","2026-07-01","1","Ratio of share price to weighted EBITDA estimate for the next fiscal year, medium horizon.","price_to_weighted_estimate_next_year2_ebitda_medium_2","2","DEU","{""id"":""model-reversion-models"",""name"":""Reversion Models""}","[]","MATRIX","TOP500","0"
"0","{""id"":""model"",""name"":""Model""}","0","{""id"":""analyst_revision_horizons"",""name"":""Multi Horizon Analyst Revision Signals""}","1","2026-07-01","1","Ratio of stock price to weighted analyst estimate of EBITDA for the next fiscal year, short horizon.","price_to_weighted_estimate_next_year2_ebitda_short_3","2","DEU","{""id"":""model-reversion-models"",""name"":""Reversion Models""}","[]","MATRIX","TOP500","0"
"0","{""id"":""model"",""name"":""Model""}","0","{""id"":""analyst_revision_horizons"",""name"":""Multi Horizon Analyst Revision Signals""}","1","2026-07-01","1","Ratio of share price to weighted revenue estimate for the next fiscal year, long horizon.","price_to_weighted_estimate_next_year2_revenue_long_3","2","DEU","{""id"":""model-reversion-models"",""name"":""Reversion Models""}","[]","MATRIX","TOP500","0"
"0","{""id"":""model"",""name"":""Model""}","0","{""id"":""analyst_revision_horizons"",""name"":""Multi Horizon Analyst Revision Signals""}","1","2026-07-01","1","Ratio of share price to weighted revenue estimate for the next fiscal year, medium horizon.","price_to_weighted_estimate_next_year2_revenue_medium_3","2","DEU","{""id"":""model-reversion-models"",""name"":""Reversion Models""}","[]","MATRIX","TOP500","0"
"0","{""id"":""model"",""name"":""Model""}","0","{""id"":""analyst_revision_horizons"",""name"":""Multi Horizon Analyst Revision Signals""}","1","2026-07-01","1","Ratio of share price to weighted revenue estimate for the next fiscal year, short horizon.","price_to_weighted_estimate_next_year2_revenue_short_3","2","DEU","{""id"":""model-reversion-models"",""name"":""Reversion Models""}","[]","MATRIX","TOP500","0"
"0","{""id"":""model"",""name"":""Model""}","0","{""id"":""analyst_revision_horizons"",""name"":""Multi Horizon Analyst Revision Signals""}","1","2026-07-01","1","Predicted percentage difference between forecasted and consensus earnings for the current quarter (long horizon).","projected_earnings_surprise_quarter_long","2","DEU","{""id"":""model-reversion-models"",""name"":""Reversion Models""}","[]","MATRIX","TOP500","0"
"0","{""id"":""model"",""name"":""Model""}","0","{""id"":""analyst_revision_horizons"",""name"":""Multi Horizon Analyst Revision Signals""}","1","2026-07-01","1","Predicted difference between forecasted and consensus earnings for the current quarter (long horizon).","projected_earnings_surprise_quarter_long2","2","DEU","{""id"":""model-reversion-models"",""name"":""Reversion Models""}","[]","MATRIX","TOP500","0"
"0","{""id"":""model"",""name"":""Model""}","0","{""id"":""analyst_revision_horizons"",""name"":""Multi Horizon Analyst Revision Signals""}","1","2026-07-01","1","Predicted difference between forecasted and consensus EBITDA for the current quarter (medium horizon).","projected_ebitda_surprise_quarter_medium","2","DEU","{""id"":""model-reversion-models"",""name"":""Reversion Models""}","[]","MATRIX","TOP500","0"
"0","{""id"":""model"",""name"":""Model""}","0","{""id"":""analyst_revision_horizons"",""name"":""Multi Horizon Analyst Revision Signals""}","1","2026-07-01","1","Predicted difference between forecasted and consensus EBITDA for the current fiscal year (medium horizon).","projected_ebitda_surprise_year1_medium","2","DEU","{""id"":""model-reversion-models"",""name"":""Reversion Models""}","[]","MATRIX","TOP500","0"
"0","{""id"":""model"",""name"":""Model""}","0","{""id"":""analyst_revision_horizons"",""name"":""Multi Horizon Analyst Revision Signals""}","1","2026-07-01","1","Predicted difference between forecasted and consensus EBITDA for the current fiscal year (short horizon).","projected_ebitda_surprise_year1_short","2","DEU","{""id"":""model-reversion-models"",""name"":""Reversion Models""}","[]","MATRIX","TOP500","0"
"0","{""id"":""model"",""name"":""Model""}","0","{""id"":""analyst_revision_horizons"",""name"":""Multi Horizon Analyst Revision Signals""}","1","2026-07-01","1","Component of the analyst revision score based on changes in analyst recommendations (long horizon).","recommendation_change_component_long","2","DEU","{""id"":""model-reversion-models"",""name"":""Reversion Models""}","[]","MATRIX","TOP500","0"
"0","{""id"":""model"",""name"":""Model""}","0","{""id"":""analyst_revision_horizons"",""name"":""Multi Horizon Analyst Revision Signals""}","1","2026-07-01","1","Model component based on changes in analyst buy/sell/hold recommendations (long horizon).","recommendation_change_component_long_term_5","2","DEU","{""id"":""model-reversion-models"",""name"":""Reversion Models""}","[]","MATRIX","TOP500","0"
"0","{""id"":""model"",""name"":""Model""}","0","{""id"":""analyst_revision_horizons"",""name"":""Multi Horizon Analyst Revision Signals""}","1","2026-07-01","1","ARM sub-score capturing analyst recommendation momentum, continuous component value, long-term horizon","recommendation_change_component_long_term_6","2","DEU","{""id"":""model-reversion-models"",""name"":""Reversion Models""}","[]","MATRIX","TOP500","0"
"0","{""id"":""model"",""name"":""Model""}","0","{""id"":""analyst_revision_horizons"",""name"":""Multi Horizon Analyst Revision Signals""}","1","2026-07-01","1","Component of the analyst revision score based on changes in analyst recommendations (medium horizon).","recommendation_change_component_medium","2","DEU","{""id"":""model-reversion-models"",""name"":""Reversion Models""}","[]","MATRIX","TOP500","0"
"0","{""id"":""model"",""name"":""Model""}","0","{""id"":""analyst_revision_horizons"",""name"":""Multi Horizon Analyst Revision Signals""}","1","2026-07-01","1","The recommendations-change component (subscore) of the ARM model for the medium-term horizon","recommendation_change_component_medium_term_4","2","DEU","{""id"":""model-reversion-models"",""name"":""Reversion Models""}","[]","MATRIX","TOP500","0"
"0","{""id"":""model"",""name"":""Model""}","0","{""id"":""analyst_revision_horizons"",""name"":""Multi Horizon Analyst Revision Signals""}","1","2026-07-01","1","Model component based on changes in analyst buy/sell/hold recommendations (medium horizon).","recommendation_change_component_medium_term_5","2","DEU","{""id"":""model-reversion-models"",""name"":""Reversion Models""}","[]","MATRIX","TOP500","0"
"0","{""id"":""model"",""name"":""Model""}","0","{""id"":""analyst_revision_horizons"",""name"":""Multi Horizon Analyst Revision Signals""}","1","2026-07-01","1","Component of the analyst revision score based on changes in analyst recommendations (short horizon).","recommendation_change_component_short","2","DEU","{""id"":""model-reversion-models"",""name"":""Reversion Models""}","[]","MATRIX","TOP500","0"
"0","{""id"":""model"",""name"":""Model""}","0","{""id"":""analyst_revision_horizons"",""name"":""Multi Horizon Analyst Revision Signals""}","1","2026-07-01","1","Portion of the model score based on changes in analyst recommendations, short-term horizon.","recommendation_change_component_short_term_4","2","DEU","{""id"":""model-reversion-models"",""name"":""Reversion Models""}","[]","MATRIX","TOP500","0"
"0","{""id"":""model"",""name"":""Model""}","0","{""id"":""analyst_revision_horizons"",""name"":""Multi Horizon Analyst Revision Signals""}","1","2026-07-01","1","Decimal representation of a stock's percentile rank within its region based on model score (long horizon).","regional_percentile_rank_decimal_long_term_3","2","DEU","{""id"":""model-reversion-models"",""name"":""Reversion Models""}","[]","MATRIX","TOP500","0"
"0","{""id"":""model"",""name"":""Model""}","0","{""id"":""analyst_revision_horizons"",""name"":""Multi Horizon Analyst Revision Signals""}","1","2026-07-01","1","Decimal representation of a stock's percentile rank within its region based on model score (medium horizon).","regional_percentile_rank_decimal_medium_term_3","2","DEU","{""id"":""model-reversion-models"",""name"":""Reversion Models""}","[]","MATRIX","TOP500","0"
"0","{""id"":""model"",""name"":""Model""}","0","{""id"":""analyst_revision_horizons"",""name"":""Multi Horizon Analyst Revision Signals""}","1","2026-07-01","1","Decimal representation of a stock's percentile rank within its region over a short horizon.","regional_percentile_rank_decimal_short_term","2","DEU","{""id"":""model-reversion-models"",""name"":""Reversion Models""}","[]","MATRIX","TOP500","0"
"0","{""id"":""model"",""name"":""Model""}","0","{""id"":""analyst_revision_horizons"",""name"":""Multi Horizon Analyst Revision Signals""}","1","2026-07-01","1","Decimal representation of a stock's percentile rank within its region based on model score (short horizon).","regional_percentile_rank_decimal_short_term_3","2","DEU","{""id"":""model-reversion-models"",""name"":""Reversion Models""}","[]","MATRIX","TOP500","0"
"0","{""id"":""model"",""name"":""Model""}","0","{""id"":""analyst_revision_horizons"",""name"":""Multi Horizon Analyst Revision Signals""}","1","2026-07-01","1","Decimal value of the revenue revision component, medium-term horizon.","revenue_revision_component_float_medium_term","2","DEU","{""id"":""model-reversion-models"",""name"":""Reversion Models""}","[]","MATRIX","TOP500","0"
"0","{""id"":""model"",""name"":""Model""}","0","{""id"":""analyst_revision_horizons"",""name"":""Multi Horizon Analyst Revision Signals""}","1","2026-07-01","1","Component of the overall score derived from revenue estimate revisions and predicted surprises over a long horizon.","revenue_revision_component_long_term","2","DEU","{""id"":""model-reversion-models"",""name"":""Reversion Models""}","[]","MATRIX","TOP500","0"
"0","{""id"":""model"",""name"":""Model""}","0","{""id"":""analyst_revision_horizons"",""name"":""Multi Horizon Analyst Revision Signals""}","1","2026-07-01","1","Portion of the model score derived from revenue estimate revisions and predicted surprises, long-term horizon.","revenue_revision_component_long_term_3","2","DEU","{""id"":""model-reversion-models"",""name"":""Reversion Models""}","[]","MATRIX","TOP500","0"
"0","{""id"":""model"",""name"":""Model""}","0","{""id"":""analyst_revision_horizons"",""name"":""Multi Horizon Analyst Revision Signals""}","1","2026-07-01","1","Model component reflecting analyst revisions and surprises in revenue measures (long horizon).","revenue_revision_component_long_term_5","2","DEU","{""id"":""model-reversion-models"",""name"":""Reversion Models""}","[]","MATRIX","TOP500","0"
"0","{""id"":""model"",""name"":""Model""}","0","{""id"":""analyst_revision_horizons"",""name"":""Multi Horizon Analyst Revision Signals""}","1","2026-07-01","1","Component of the analyst revision score derived from revenue estimate changes (medium horizon).","revenue_revision_component_medium","2","DEU","{""id"":""model-reversion-models"",""name"":""Reversion Models""}","[]","MATRIX","TOP500","0"
"0","{""id"":""model"",""name"":""Model""}","0","{""id"":""analyst_revision_horizons"",""name"":""Multi Horizon Analyst Revision Signals""}","1","2026-07-01","1","Model component reflecting analyst revisions and surprises in revenue measures (medium horizon).","revenue_revision_component_medium_term_3","2","DEU","{""id"":""model-reversion-models"",""name"":""Reversion Models""}","[]","MATRIX","TOP500","0"
"0","{""id"":""model"",""name"":""Model""}","0","{""id"":""analyst_revision_horizons"",""name"":""Multi Horizon Analyst Revision Signals""}","1","2026-07-01","1","Component of the analyst revision score derived from revenue estimate changes (short horizon).","revenue_revision_component_short","2","DEU","{""id"":""model-reversion-models"",""name"":""Reversion Models""}","[]","MATRIX","TOP500","0"
"0","{""id"":""model"",""name"":""Model""}","0","{""id"":""analyst_revision_horizons"",""name"":""Multi Horizon Analyst Revision Signals""}","1","2026-07-01","1","The revenue revisions component (subscore) of the ARM model for the short-term horizon","revenue_revision_component_short_term_4","2","DEU","{""id"":""model-reversion-models"",""name"":""Reversion Models""}","[]","MATRIX","TOP500","0"
"0","{""id"":""model"",""name"":""Model""}","0","{""id"":""analyst_revision_horizons"",""name"":""Multi Horizon Analyst Revision Signals""}","1","2026-07-01","1","Model score component based on revisions and surprises in primary earnings, float value, long horizon.","score_component_primary_profit_float_long","2","DEU","{""id"":""model-reversion-models"",""name"":""Reversion Models""}","[]","MATRIX","TOP500","0"
"0","{""id"":""model"",""name"":""Model""}","0","{""id"":""analyst_revision_horizons"",""name"":""Multi Horizon Analyst Revision Signals""}","1","2026-07-01","1","Model score component based on revisions and surprises in primary earnings, long horizon.","score_component_primary_profit_long","2","DEU","{""id"":""model-reversion-models"",""name"":""Reversion Models""}","[]","MATRIX","TOP500","0"
"0","{""id"":""model"",""name"":""Model""}","0","{""id"":""analyst_revision_horizons"",""name"":""Multi Horizon Analyst Revision Signals""}","1","2026-07-01","1","Model score component based on changes in analyst recommendations, short horizon.","score_component_recommendation_short","2","DEU","{""id"":""model-reversion-models"",""name"":""Reversion Models""}","[]","MATRIX","TOP500","0"
"0","{""id"":""model"",""name"":""Model""}","0","{""id"":""analyst_revision_horizons"",""name"":""Multi Horizon Analyst Revision Signals""}","1","2026-07-01","1","Model score component based on revisions and surprises in revenue, float value, short horizon.","score_component_sales_float_short","2","DEU","{""id"":""model-reversion-models"",""name"":""Reversion Models""}","[]","MATRIX","TOP500","0"
"0","{""id"":""model"",""name"":""Model""}","0","{""id"":""analyst_revision_horizons"",""name"":""Multi Horizon Analyst Revision Signals""}","1","2026-07-01","1","Model score component based on revisions and surprises in secondary earnings, short horizon.","score_component_secondary_profit_short","2","DEU","{""id"":""model-reversion-models"",""name"":""Reversion Models""}","[]","MATRIX","TOP500","0"
"0","{""id"":""model"",""name"":""Model""}","0","{""id"":""analyst_revision_horizons"",""name"":""Multi Horizon Analyst Revision Signals""}","1","2026-07-01","1","Component of the analyst revision score derived from secondary earnings estimate changes (long horizon).","secondary_earnings_revision_component_long","2","DEU","{""id"":""model-reversion-models"",""name"":""Reversion Models""}","[]","MATRIX","TOP500","0"
"0","{""id"":""model"",""name"":""Model""}","0","{""id"":""analyst_revision_horizons"",""name"":""Multi Horizon Analyst Revision Signals""}","1","2026-07-01","1","Portion of the model score derived from revisions and predicted surprises in secondary earnings, long-term horizon.","secondary_earnings_revision_component_long_term_5","2","DEU","{""id"":""model-reversion-models"",""name"":""Reversion Models""}","[]","MATRIX","TOP500","0"
"0","{""id"":""model"",""name"":""Model""}","0","{""id"":""analyst_revision_horizons"",""name"":""Multi Horizon Analyst Revision Signals""}","1","2026-07-01","1","Model component reflecting analyst revisions and surprises in secondary earnings measures (long horizon).","secondary_earnings_revision_component_long_term_51","2","DEU","{""id"":""model-reversion-models"",""name"":""Reversion Models""}","[]","MATRIX","TOP500","0"
"0","{""id"":""model"",""name"":""Model""}","0","{""id"":""analyst_revision_horizons"",""name"":""Multi Horizon Analyst Revision Signals""}","1","2026-07-01","1","Component of the analyst revision score derived from secondary earnings estimate changes (medium horizon).","secondary_earnings_revision_component_medium","2","DEU","{""id"":""model-reversion-models"",""name"":""Reversion Models""}","[]","MATRIX","TOP500","0"
"0","{""id"":""model"",""name"":""Model""}","0","{""id"":""analyst_revision_horizons"",""name"":""Multi Horizon Analyst Revision Signals""}","1","2026-07-01","1","Model component reflecting analyst revisions and surprises in secondary earnings measures (medium horizon).","secondary_earnings_revision_component_medium_term_5","2","DEU","{""id"":""model-reversion-models"",""name"":""Reversion Models""}","[]","MATRIX","TOP500","0"
"0","{""id"":""model"",""name"":""Model""}","0","{""id"":""analyst_revision_horizons"",""name"":""Multi Horizon Analyst Revision Signals""}","1","2026-07-01","1","Medium-term component of the model score based on secondary earnings revisions and surprises.","secondary_earnings_revision_component_medium_term_51","2","DEU","{""id"":""model-reversion-models"",""name"":""Reversion Models""}","[]","MATRIX","TOP500","0"
"0","{""id"":""model"",""name"":""Model""}","0","{""id"":""analyst_revision_horizons"",""name"":""Multi Horizon Analyst Revision Signals""}","1","2026-07-01","1","Component of the analyst revision score derived from secondary earnings estimate changes (short horizon).","secondary_earnings_revision_component_short","2","DEU","{""id"":""model-reversion-models"",""name"":""Reversion Models""}","[]","MATRIX","TOP500","0"
"0","{""id"":""model"",""name"":""Model""}","0","{""id"":""analyst_revision_horizons"",""name"":""Multi Horizon Analyst Revision Signals""}","1","2026-07-01","1","Model component reflecting analyst revisions and surprises in secondary earnings measures (short horizon).","secondary_earnings_revision_component_short_term_5","2","DEU","{""id"":""model-reversion-models"",""name"":""Reversion Models""}","[]","MATRIX","TOP500","0"
"0","{""id"":""model"",""name"":""Model""}","0","{""id"":""analyst_revision_horizons"",""name"":""Multi Horizon Analyst Revision Signals""}","1","2026-07-01","1","Percent difference between actual and predicted annual earnings per share over the last 60 days, long-term horizon.","sixty_day_pct_diff_actual_vs_predicted_annual_eps_long","2","DEU","{""id"":""model-reversion-models"",""name"":""Reversion Models""}","[]","MATRIX","TOP500","0"
"0","{""id"":""model"",""name"":""Model""}","0","{""id"":""analyst_revision_horizons"",""name"":""Multi Horizon Analyst Revision Signals""}","1","2026-07-01","1","Percent difference between actual and predicted annual earnings per share over the last 60 days, medium-term horizon.","sixty_day_pct_diff_actual_vs_predicted_annual_eps_medium","2","DEU","{""id"":""model-reversion-models"",""name"":""Reversion Models""}","[]","MATRIX","TOP500","0"
"0","{""id"":""model"",""name"":""Model""}","0","{""id"":""analyst_revision_horizons"",""name"":""Multi Horizon Analyst Revision Signals""}","1","2026-07-01","1","Percent difference between actual and predicted annual earnings per share over the last 60 days, short-term horizon.","sixty_day_pct_diff_actual_vs_predicted_annual_eps_short","2","DEU","{""id"":""model-reversion-models"",""name"":""Reversion Models""}","[]","MATRIX","TOP500","0"
"0","{""id"":""model"",""name"":""Model""}","0","{""id"":""analyst_revision_horizons"",""name"":""Multi Horizon Analyst Revision Signals""}","1","2026-07-01","1","Percent difference between actual and predicted quarterly earnings per share over the last 60 days, long-term horizon.","sixty_day_pct_diff_actual_vs_predicted_quarterly_eps_long","2","DEU","{""id"":""model-reversion-models"",""name"":""Reversion Models""}","[]","MATRIX","TOP500","0"
"0","{""id"":""model"",""name"":""Model""}","0","{""id"":""analyst_revision_horizons"",""name"":""Multi Horizon Analyst Revision Signals""}","1","2026-07-01","1","Percent difference between actual and predicted quarterly earnings per share over the last 60 days, medium-term horizon.","sixty_day_pct_diff_actual_vs_predicted_quarterly_eps_medium","2","DEU","{""id"":""model-reversion-models"",""name"":""Reversion Models""}","[]","MATRIX","TOP500","0"
"0","{""id"":""model"",""name"":""Model""}","0","{""id"":""analyst_revision_horizons"",""name"":""Multi Horizon Analyst Revision Signals""}","1","2026-07-01","1","Percent difference between actual and predicted quarterly earnings per share over the last 60 days, short-term horizon.","sixty_day_pct_diff_actual_vs_predicted_quarterly_eps_short","2","DEU","{""id"":""model-reversion-models"",""name"":""Reversion Models""}","[]","MATRIX","TOP500","0"
"0","{""id"":""model"",""name"":""Model""}","0","{""id"":""analyst_revision_horizons"",""name"":""Multi Horizon Analyst Revision Signals""}","1","2026-07-01","1","Change in the FQ1 earnings SmartEstimate over the past 30 days (current minus 30 days ago), long-horizon component","smartestimate_change_quarterly_eps_30d_long","2","DEU","{""id"":""model-reversion-models"",""name"":""Reversion Models""}","[]","MATRIX","TOP500","0"
"0","{""id"":""model"",""name"":""Model""}","0","{""id"":""analyst_revision_horizons"",""name"":""Multi Horizon Analyst Revision Signals""}","1","2026-07-01","1","Change in the FQ1 earnings SmartEstimate over the past 30 days (current minus 30 days ago), medium-horizon component","smartestimate_change_quarterly_eps_30d_medium_2","2","DEU","{""id"":""model-reversion-models"",""name"":""Reversion Models""}","[]","MATRIX","TOP500","0"
"0","{""id"":""model"",""name"":""Model""}","0","{""id"":""analyst_revision_horizons"",""name"":""Multi Horizon Analyst Revision Signals""}","1","2026-07-01","1","Change in the FQ1 earnings SmartEstimate over the past 30 days (short horizon)","smartestimate_change_quarterly_eps_30d_short","2","DEU","{""id"":""model-reversion-models"",""name"":""Reversion Models""}","[]","MATRIX","TOP500","0"
"0","{""id"":""model"",""name"":""Model""}","0","{""id"":""analyst_revision_horizons"",""name"":""Multi Horizon Analyst Revision Signals""}","1","2026-07-01","1","SmartEstimate for current quarter's earnings as of 7 days prior, long horizon.","smartestimate_prior_quarterly_eps_7d_long","2","DEU","{""id"":""model-reversion-models"",""name"":""Reversion Models""}","[]","MATRIX","TOP500","0"
"0","{""id"":""model"",""name"":""Model""}","0","{""id"":""analyst_revision_horizons"",""name"":""Multi Horizon Analyst Revision Signals""}","1","2026-07-01","1","SmartEstimate for current quarter earnings prior to 7 days ago, medium horizon.","smartestimate_prior_quarterly_eps_7d_medium_2","2","DEU","{""id"":""model-reversion-models"",""name"":""Reversion Models""}","[]","MATRIX","TOP500","0"
"0","{""id"":""model"",""name"":""Model""}","0","{""id"":""analyst_revision_horizons"",""name"":""Multi Horizon Analyst Revision Signals""}","1","2026-07-01","1","SmartEstimate for current quarter earnings prior to 7 days ago, short horizon.","smartestimate_prior_quarterly_eps_7d_short_2","2","DEU","{""id"":""model-reversion-models"",""name"":""Reversion Models""}","[]","MATRIX","TOP500","0"
"0","{""id"":""model"",""name"":""Model""}","0","{""id"":""analyst_revision_horizons"",""name"":""Multi Horizon Analyst Revision Signals""}","1","2026-07-01","1","StarMine SmartEstimate (weighted consensus) for the company’s FQ1 earnings, long-horizon component","smartestimate_quarterly_eps_long_2","2","DEU","{""id"":""model-reversion-models"",""name"":""Reversion Models""}","[]","MATRIX","TOP500","0"
"0","{""id"":""model"",""name"":""Model""}","0","{""id"":""analyst_revision_horizons"",""name"":""Multi Horizon Analyst Revision Signals""}","1","2026-07-01","1","StarMine SmartEstimate (weighted consensus) for the company’s FQ1 earnings, medium-horizon component","smartestimate_quarterly_eps_medium_2","2","DEU","{""id"":""model-reversion-models"",""name"":""Reversion Models""}","[]","MATRIX","TOP500","0"
"0","{""id"":""model"",""name"":""Model""}","0","{""id"":""analyst_revision_horizons"",""name"":""Multi Horizon Analyst Revision Signals""}","1","2026-07-01","1","SmartEstimate value for current quarter's earnings, short horizon.","smartestimate_quarterly_eps_short","2","DEU","{""id"":""model-reversion-models"",""name"":""Reversion Models""}","[]","MATRIX","TOP500","0"
"0","{""id"":""model"",""name"":""Model""}","0","{""id"":""analyst_revision_horizons"",""name"":""Multi Horizon Analyst Revision Signals""}","1","2026-07-01","1","Standard deviation of analyst estimates in a revision cluster for current quarter's earnings, long horizon.","stddev_revisioncluster_analysts_quarterly_eps_long","2","DEU","{""id"":""model-reversion-models"",""name"":""Reversion Models""}","[]","MATRIX","TOP500","0"
"0","{""id"":""model"",""name"":""Model""}","0","{""id"":""analyst_revision_horizons"",""name"":""Multi Horizon Analyst Revision Signals""}","1","2026-07-01","1","Standard deviation of analyst estimates in a revision cluster for current quarter's earnings, medium horizon.","stddev_revisioncluster_analysts_quarterly_eps_medium","2","DEU","{""id"":""model-reversion-models"",""name"":""Reversion Models""}","[]","MATRIX","TOP500","0"
"0","{""id"":""model"",""name"":""Model""}","0","{""id"":""analyst_revision_horizons"",""name"":""Multi Horizon Analyst Revision Signals""}","1","2026-07-01","1","Standard deviation of estimates among analysts in a revision cluster for current quarter earnings, short horizon.","stddev_revisioncluster_analysts_quarterly_eps_short_2","2","DEU","{""id"":""model-reversion-models"",""name"":""Reversion Models""}","[]","MATRIX","TOP500","0"
"0","{""id"":""model"",""name"":""Model""}","0","{""id"":""analyst_revision_horizons"",""name"":""Multi Horizon Analyst Revision Signals""}","1","2026-07-01","1","Standard deviation of analyst estimates included in SmartEstimate for current quarter earnings, long horizon.","stddev_smartestimate_analysts_quarterly_eps_long_2","2","DEU","{""id"":""model-reversion-models"",""name"":""Reversion Models""}","[]","MATRIX","TOP500","0"
"0","{""id"":""model"",""name"":""Model""}","0","{""id"":""analyst_revision_horizons"",""name"":""Multi Horizon Analyst Revision Signals""}","1","2026-07-01","1","Standard deviation of analyst estimates included in SmartEstimate for current quarter earnings, medium horizon.","stddev_smartestimate_analysts_quarterly_eps_medium_2","2","DEU","{""id"":""model-reversion-models"",""name"":""Reversion Models""}","[]","MATRIX","TOP500","0"
"0","{""id"":""model"",""name"":""Model""}","0","{""id"":""analyst_revision_horizons"",""name"":""Multi Horizon Analyst Revision Signals""}","1","2026-07-01","1","Standard deviation of analyst estimates in SmartEstimate for current quarter's earnings, short horizon.","stddev_smartestimate_analysts_quarterly_eps_short","2","DEU","{""id"":""model-reversion-models"",""name"":""Reversion Models""}","[]","MATRIX","TOP500","0"
"0","{""id"":""model"",""name"":""Model""}","0","{""id"":""analyst_revision_horizons"",""name"":""Multi Horizon Analyst Revision Signals""}","1","2026-07-01","1","Percentile rank of the stock within its country based on analyst revision metrics (medium horizon).","stock_country_percentile_rank_medium","2","DEU","{""id"":""model-reversion-models"",""name"":""Reversion Models""}","[]","MATRIX","TOP500","0"
"0","{""id"":""model"",""name"":""Model""}","0","{""id"":""analyst_revision_horizons"",""name"":""Multi Horizon Analyst Revision Signals""}","1","2026-07-01","1","Percentile rank of the stock globally based on analyst revision metrics (long horizon).","stock_global_percentile_rank_long","2","DEU","{""id"":""model-reversion-models"",""name"":""Reversion Models""}","[]","MATRIX","TOP500","0"
"0","{""id"":""model"",""name"":""Model""}","0","{""id"":""analyst_revision_horizons"",""name"":""Multi Horizon Analyst Revision Signals""}","1","2026-07-01","1","Percentile rank of the stock globally based on analyst revision metrics (medium horizon).","stock_global_percentile_rank_medium","2","DEU","{""id"":""model-reversion-models"",""name"":""Reversion Models""}","[]","MATRIX","TOP500","0"
"0","{""id"":""model"",""name"":""Model""}","0","{""id"":""analyst_revision_horizons"",""name"":""Multi Horizon Analyst Revision Signals""}","1","2026-07-01","1","Decimal representation of the stock's rank within its region based on analyst revision metrics (long horizon).","stock_region_rank_decimal_long","2","DEU","{""id"":""model-reversion-models"",""name"":""Reversion Models""}","[]","MATRIX","TOP500","0"
"0","{""id"":""model"",""name"":""Model""}","0","{""id"":""analyst_revision_horizons"",""name"":""Multi Horizon Analyst Revision Signals""}","1","2026-07-01","1","Decimal representation of the stock's rank within its region based on analyst revision metrics (medium horizon).","stock_region_rank_decimal_medium","2","DEU","{""id"":""model-reversion-models"",""name"":""Reversion Models""}","[]","MATRIX","TOP500","0"
"0","{""id"":""model"",""name"":""Model""}","0","{""id"":""analyst_revision_horizons"",""name"":""Multi Horizon Analyst Revision Signals""}","1","2026-07-01","1","Flag indicating suspect data in any earnings-related field, long horizon.","suspect_data_flag_any_earnings_long","2","DEU","{""id"":""model-reversion-models"",""name"":""Reversion Models""}","[]","MATRIX","TOP500","0"
"0","{""id"":""model"",""name"":""Model""}","0","{""id"":""analyst_revision_horizons"",""name"":""Multi Horizon Analyst Revision Signals""}","1","2026-07-01","1","Flag indicating suspect data in any earnings field, medium horizon.","suspect_data_flag_any_earnings_medium_2","2","DEU","{""id"":""model-reversion-models"",""name"":""Reversion Models""}","[]","MATRIX","TOP500","0"
"0","{""id"":""model"",""name"":""Model""}","0","{""id"":""analyst_revision_horizons"",""name"":""Multi Horizon Analyst Revision Signals""}","1","2026-07-01","1","Flag indicating suspect data in any earnings field, short horizon.","suspect_data_flag_any_earnings_short_2","2","DEU","{""id"":""model-reversion-models"",""name"":""Reversion Models""}","[]","MATRIX","TOP500","0"
"0","{""id"":""model"",""name"":""Model""}","0","{""id"":""analyst_revision_horizons"",""name"":""Multi Horizon Analyst Revision Signals""}","1","2026-07-01","1","Indicator flag for potentially unreliable data in the model, long horizon.","suspect_data_flag_model_long","2","DEU","{""id"":""model-reversion-models"",""name"":""Reversion Models""}","[]","MATRIX","TOP500","0"
"0","{""id"":""model"",""name"":""Model""}","0","{""id"":""analyst_revision_horizons"",""name"":""Multi Horizon Analyst Revision Signals""}","1","2026-07-01","1","Indicator flag for potentially unreliable data in the model, medium horizon.","suspect_data_flag_model_medium","2","DEU","{""id"":""model-reversion-models"",""name"":""Reversion Models""}","[]","MATRIX","TOP500","0"
"0","{""id"":""model"",""name"":""Model""}","0","{""id"":""analyst_revision_horizons"",""name"":""Multi Horizon Analyst Revision Signals""}","1","2026-07-01","1","Flag indicating suspect data in model fields, short horizon.","suspect_data_flag_model_short_2","2","DEU","{""id"":""model-reversion-models"",""name"":""Reversion Models""}","[]","MATRIX","TOP500","0"
"0","{""id"":""model"",""name"":""Model""}","0","{""id"":""analyst_revision_horizons"",""name"":""Multi Horizon Analyst Revision Signals""}","1","2026-07-01","1","Flag indicating suspect data in current quarter's earnings, long horizon.","suspect_data_flag_quarterly_eps_long","2","DEU","{""id"":""model-reversion-models"",""name"":""Reversion Models""}","[]","MATRIX","TOP500","0"
"0","{""id"":""model"",""name"":""Model""}","0","{""id"":""analyst_revision_horizons"",""name"":""Multi Horizon Analyst Revision Signals""}","1","2026-07-01","1","Flag indicating suspect data in current quarter earnings field, medium horizon.","suspect_data_flag_quarterly_eps_medium_2","2","DEU","{""id"":""model-reversion-models"",""name"":""Reversion Models""}","[]","MATRIX","TOP500","0"
"0","{""id"":""model"",""name"":""Model""}","0","{""id"":""analyst_revision_horizons"",""name"":""Multi Horizon Analyst Revision Signals""}","1","2026-07-01","1","Flag indicating suspect data in current quarter's earnings, short horizon.","suspect_data_flag_quarterly_eps_short","2","DEU","{""id"":""model-reversion-models"",""name"":""Reversion Models""}","[]","MATRIX","TOP500","0"
"0","{""id"":""model"",""name"":""Model""}","0","{""id"":""analyst_revision_horizons"",""name"":""Multi Horizon Analyst Revision Signals""}","1","2026-07-01","1","Change in the model score over the past 30 days, measured over a medium horizon.","thirty_day_model_score_change_medium_term","2","DEU","{""id"":""model-reversion-models"",""name"":""Reversion Models""}","[]","MATRIX","TOP500","0"
"0","{""id"":""model"",""name"":""Model""}","0","{""id"":""analyst_revision_horizons"",""name"":""Multi Horizon Analyst Revision Signals""}","1","2026-07-01","1","Trailing four quarters price-to-earnings ratio, long-horizon component","trailing_four_quarter_pe_long_3","2","DEU","{""id"":""model-reversion-models"",""name"":""Reversion Models""}","[]","MATRIX","TOP500","0"
"0","{""id"":""model"",""name"":""Model""}","0","{""id"":""analyst_revision_horizons"",""name"":""Multi Horizon Analyst Revision Signals""}","1","2026-07-01","1","Trailing four quarters price-to-earnings ratio on the long horizon","trailing_four_quarter_pe_long_term","2","DEU","{""id"":""model-reversion-models"",""name"":""Reversion Models""}","[]","MATRIX","TOP500","0"
"0","{""id"":""model"",""name"":""Model""}","0","{""id"":""analyst_revision_horizons"",""name"":""Multi Horizon Analyst Revision Signals""}","1","2026-07-01","1","Trailing 4 quarters price-to-earnings ratio, presented as a medium-horizon signal","trailing_four_quarter_pe_medium_3","2","DEU","{""id"":""model-reversion-models"",""name"":""Reversion Models""}","[]","MATRIX","TOP500","0"
"0","{""id"":""model"",""name"":""Model""}","0","{""id"":""analyst_revision_horizons"",""name"":""Multi Horizon Analyst Revision Signals""}","1","2026-07-01","1","Trailing 4 Quarters Price-to-Earnings on medium horizon","trailing_four_quarter_pe_medium_term","2","DEU","{""id"":""model-reversion-models"",""name"":""Reversion Models""}","[]","MATRIX","TOP500","0"
"0","{""id"":""model"",""name"":""Model""}","0","{""id"":""analyst_revision_horizons"",""name"":""Multi Horizon Analyst Revision Signals""}","1","2026-07-01","1","Trailing four quarters price-to-earnings ratio, short-horizon DHD component","trailing_four_quarter_pe_short_3","2","DEU","{""id"":""model-reversion-models"",""name"":""Reversion Models""}","[]","MATRIX","TOP500","0"
"0","{""id"":""model"",""name"":""Model""}","0","{""id"":""analyst_revision_horizons"",""name"":""Multi Horizon Analyst Revision Signals""}","1","2026-07-01","1","Trailing 4 Quarters Price-to-Earnings on short horizon","trailing_four_quarter_pe_short_term","2","DEU","{""id"":""model-reversion-models"",""name"":""Reversion Models""}","[]","MATRIX","TOP500","0"
"0","{""id"":""model"",""name"":""Model""}","0","{""id"":""analyst_revision_horizons"",""name"":""Multi Horizon Analyst Revision Signals""}","1","2026-07-01","1","StarMine SmartEstimate of earnings (EPS) for the current fiscal year (FY1); medium-horizon signal","weighted_estimate_current_year_earnings_medium_3","2","DEU","{""id"":""model-reversion-models"",""name"":""Reversion Models""}","[]","MATRIX","TOP500","0"
"0","{""id"":""model"",""name"":""Model""}","0","{""id"":""analyst_revision_horizons"",""name"":""Multi Horizon Analyst Revision Signals""}","1","2026-07-01","1","StarMine SmartEstimate for current fiscal year (FY1) EBITDA, short-horizon component","weighted_estimate_current_year_ebitda_short_2","2","DEU","{""id"":""model-reversion-models"",""name"":""Reversion Models""}","[]","MATRIX","TOP500","0"
"0","{""id"":""model"",""name"":""Model""}","0","{""id"":""analyst_revision_horizons"",""name"":""Multi Horizon Analyst Revision Signals""}","1","2026-07-01","1","Weighted analyst revenue estimate for the current fiscal year, long horizon.","weighted_estimate_current_year_revenue_long_3","2","DEU","{""id"":""model-reversion-models"",""name"":""Reversion Models""}","[]","MATRIX","TOP500","0"
"0","{""id"":""model"",""name"":""Model""}","0","{""id"":""analyst_revision_horizons"",""name"":""Multi Horizon Analyst Revision Signals""}","1","2026-07-01","1","StarMine SmartEstimate of earnings for the forward 12 months (F12M), on the long horizon","weighted_estimate_f12m_earnings_long_3","2","DEU","{""id"":""model-reversion-models"",""name"":""Reversion Models""}","[]","MATRIX","TOP500","0"
"0","{""id"":""model"",""name"":""Model""}","0","{""id"":""analyst_revision_horizons"",""name"":""Multi Horizon Analyst Revision Signals""}","1","2026-07-01","1","Weighted analyst forecast of earnings for the forward 12 months, medium horizon.","weighted_estimate_f12m_earnings_medium_3","2","DEU","{""id"":""model-reversion-models"",""name"":""Reversion Models""}","[]","MATRIX","TOP500","0"
"0","{""id"":""model"",""name"":""Model""}","0","{""id"":""analyst_revision_horizons"",""name"":""Multi Horizon Analyst Revision Signals""}","1","2026-07-01","1","Weighted analyst forecast of earnings for the forward 12 months, short horizon.","weighted_estimate_f12m_earnings_short_3","2","DEU","{""id"":""model-reversion-models"",""name"":""Reversion Models""}","[]","MATRIX","TOP500","0"
"0","{""id"":""model"",""name"":""Model""}","0","{""id"":""analyst_revision_horizons"",""name"":""Multi Horizon Analyst Revision Signals""}","1","2026-07-01","1","Weighted analyst forecast of EBITDA for the forward 12 months, long horizon.","weighted_estimate_f12m_ebitda_long_3","2","DEU","{""id"":""model-reversion-models"",""name"":""Reversion Models""}","[]","MATRIX","TOP500","0"
"0","{""id"":""model"",""name"":""Model""}","0","{""id"":""analyst_revision_horizons"",""name"":""Multi Horizon Analyst Revision Signals""}","1","2026-07-01","1","SmartEstimate of EBITDA for the forward 12 months","weighted_estimate_f12m_ebitda_medium_2","2","DEU","{""id"":""model-reversion-models"",""name"":""Reversion Models""}","[]","MATRIX","TOP500","0"
"0","{""id"":""model"",""name"":""Model""}","0","{""id"":""analyst_revision_horizons"",""name"":""Multi Horizon Analyst Revision Signals""}","1","2026-07-01","1","Weighted analyst forecast of EBITDA for the forward 12 months, short horizon.","weighted_estimate_f12m_ebitda_short_3","2","DEU","{""id"":""model-reversion-models"",""name"":""Reversion Models""}","[]","MATRIX","TOP500","0"
"0","{""id"":""model"",""name"":""Model""}","0","{""id"":""analyst_revision_horizons"",""name"":""Multi Horizon Analyst Revision Signals""}","1","2026-07-01","1","Weighted analyst forecast of revenue for the forward 12 months, long horizon.","weighted_estimate_f12m_revenue_long_3","2","DEU","{""id"":""model-reversion-models"",""name"":""Reversion Models""}","[]","MATRIX","TOP500","0"
"0","{""id"":""model"",""name"":""Model""}","0","{""id"":""analyst_revision_horizons"",""name"":""Multi Horizon Analyst Revision Signals""}","1","2026-07-01","1","Weighted analyst forecast of revenue for the forward 12 months, medium horizon.","weighted_estimate_f12m_revenue_medium_4","2","DEU","{""id"":""model-reversion-models"",""name"":""Reversion Models""}","[]","MATRIX","TOP500","0"
"0","{""id"":""model"",""name"":""Model""}","0","{""id"":""analyst_revision_horizons"",""name"":""Multi Horizon Analyst Revision Signals""}","1","2026-07-01","1","SmartEstimate of revenue for the forward 12 months","weighted_estimate_f12m_revenue_short_4","2","DEU","{""id"":""model-reversion-models"",""name"":""Reversion Models""}","[]","MATRIX","TOP500","0"
"0","{""id"":""model"",""name"":""Model""}","0","{""id"":""analyst_revision_horizons"",""name"":""Multi Horizon Analyst Revision Signals""}","1","2026-07-01","1","SmartEstimate EPS for the current fiscal year, long-horizon","weighted_estimate_fy1_earnings_long_3","2","DEU","{""id"":""model-reversion-models"",""name"":""Reversion Models""}","[]","MATRIX","TOP500","0"
"0","{""id"":""model"",""name"":""Model""}","0","{""id"":""analyst_revision_horizons"",""name"":""Multi Horizon Analyst Revision Signals""}","1","2026-07-01","1","SmartEstimate of earnings for the current fiscal year, short-horizon component","weighted_estimate_fy1_earnings_short_3","2","DEU","{""id"":""model-reversion-models"",""name"":""Reversion Models""}","[]","MATRIX","TOP500","0"
"0","{""id"":""model"",""name"":""Model""}","0","{""id"":""analyst_revision_horizons"",""name"":""Multi Horizon Analyst Revision Signals""}","1","2026-07-01","1","SmartEstimate value for current fiscal year EBITDA, long-horizon DHD component","weighted_estimate_fy1_ebitda_long_3","2","DEU","{""id"":""model-reversion-models"",""name"":""Reversion Models""}","[]","MATRIX","TOP500","0"
"0","{""id"":""model"",""name"":""Model""}","0","{""id"":""analyst_revision_horizons"",""name"":""Multi Horizon Analyst Revision Signals""}","1","2026-07-01","1","StarMine SmartEstimate for current fiscal year (FY1) EBITDA, medium-horizon component","weighted_estimate_fy1_ebitda_medium_3","2","DEU","{""id"":""model-reversion-models"",""name"":""Reversion Models""}","[]","MATRIX","TOP500","0"
"0","{""id"":""model"",""name"":""Model""}","0","{""id"":""analyst_revision_horizons"",""name"":""Multi Horizon Analyst Revision Signals""}","1","2026-07-01","1","SmartEstimate (confidence-weighted consensus) of revenue for the current fiscal year (FY1), medium-horizon signal","weighted_estimate_fy1_revenue_medium_3","2","DEU","{""id"":""model-reversion-models"",""name"":""Reversion Models""}","[]","MATRIX","TOP500","0"
"0","{""id"":""model"",""name"":""Model""}","0","{""id"":""analyst_revision_horizons"",""name"":""Multi Horizon Analyst Revision Signals""}","1","2026-07-01","1","StarMine SmartEstimate for current fiscal year (FY1) revenue, short-horizon component","weighted_estimate_fy1_revenue_short_3","2","DEU","{""id"":""model-reversion-models"",""name"":""Reversion Models""}","[]","MATRIX","TOP500","0"
"0","{""id"":""model"",""name"":""Model""}","0","{""id"":""analyst_revision_horizons"",""name"":""Multi Horizon Analyst Revision Signals""}","1","2026-07-01","1","StarMine SmartEstimate of earnings (EPS) for next fiscal quarter (FQ2); long-horizon signal","weighted_estimate_next_quarter2_earnings_long_3","2","DEU","{""id"":""model-reversion-models"",""name"":""Reversion Models""}","[]","MATRIX","TOP500","0"
"0","{""id"":""model"",""name"":""Model""}","0","{""id"":""analyst_revision_horizons"",""name"":""Multi Horizon Analyst Revision Signals""}","1","2026-07-01","1","StarMine SmartEstimate of earnings for the next fiscal quarter (FQ2), on the medium horizon","weighted_estimate_next_quarter2_earnings_medium_3","2","DEU","{""id"":""model-reversion-models"",""name"":""Reversion Models""}","[]","MATRIX","TOP500","0"
"0","{""id"":""model"",""name"":""Model""}","0","{""id"":""analyst_revision_horizons"",""name"":""Multi Horizon Analyst Revision Signals""}","1","2026-07-01","1","SmartEstimate of EPS for the next fiscal quarter (FQ2)","weighted_estimate_next_quarter2_earnings_short_3","2","DEU","{""id"":""model-reversion-models"",""name"":""Reversion Models""}","[]","MATRIX","TOP500","0"
"0","{""id"":""model"",""name"":""Model""}","0","{""id"":""analyst_revision_horizons"",""name"":""Multi Horizon Analyst Revision Signals""}","1","2026-07-01","1","Weighted analyst forecast of EBITDA for the next fiscal quarter, long horizon.","weighted_estimate_next_quarter2_ebitda_long_3","2","DEU","{""id"":""model-reversion-models"",""name"":""Reversion Models""}","[]","MATRIX","TOP500","0"
"0","{""id"":""model"",""name"":""Model""}","0","{""id"":""analyst_revision_horizons"",""name"":""Multi Horizon Analyst Revision Signals""}","1","2026-07-01","1","Weighted analyst forecast of EBITDA for the next fiscal quarter, medium horizon.","weighted_estimate_next_quarter2_ebitda_medium_3","2","DEU","{""id"":""model-reversion-models"",""name"":""Reversion Models""}","[]","MATRIX","TOP500","0"
"0","{""id"":""model"",""name"":""Model""}","0","{""id"":""analyst_revision_horizons"",""name"":""Multi Horizon Analyst Revision Signals""}","1","2026-07-01","1","SmartEstimate for next fiscal quarter (FQ2) EBITDA, short-horizon version","weighted_estimate_next_quarter2_ebitda_short_3","2","DEU","{""id"":""model-reversion-models"",""name"":""Reversion Models""}","[]","MATRIX","TOP500","0"
"0","{""id"":""model"",""name"":""Model""}","0","{""id"":""analyst_revision_horizons"",""name"":""Multi Horizon Analyst Revision Signals""}","1","2026-07-01","1","StarMine SmartEstimate of revenue for the next fiscal quarter (FQ2), on the long horizon","weighted_estimate_next_quarter2_revenue_long_3","2","DEU","{""id"":""model-reversion-models"",""name"":""Reversion Models""}","[]","MATRIX","TOP500","0"
"0","{""id"":""model"",""name"":""Model""}","0","{""id"":""analyst_revision_horizons"",""name"":""Multi Horizon Analyst Revision Signals""}","1","2026-07-01","1","Weighted analyst revenue estimate for the second upcoming fiscal quarter, medium horizon.","weighted_estimate_next_quarter2_revenue_medium_3","2","DEU","{""id"":""model-reversion-models"",""name"":""Reversion Models""}","[]","MATRIX","TOP500","0"
"0","{""id"":""model"",""name"":""Model""}","0","{""id"":""analyst_revision_horizons"",""name"":""Multi Horizon Analyst Revision Signals""}","1","2026-07-01","1","SmartEstimate for next fiscal quarter (FQ2) revenue, short-horizon version","weighted_estimate_next_quarter2_revenue_short_3","2","DEU","{""id"":""model-reversion-models"",""name"":""Reversion Models""}","[]","MATRIX","TOP500","0"
"0","{""id"":""model"",""name"":""Model""}","0","{""id"":""analyst_revision_horizons"",""name"":""Multi Horizon Analyst Revision Signals""}","1","2026-07-01","1","SmartEstimate of EBITDA for the current fiscal quarter, medium-horizon","weighted_estimate_next_quarter_ebitda_medium_3","2","DEU","{""id"":""model-reversion-models"",""name"":""Reversion Models""}","[]","MATRIX","TOP500","0"
"0","{""id"":""model"",""name"":""Model""}","0","{""id"":""analyst_revision_horizons"",""name"":""Multi Horizon Analyst Revision Signals""}","1","2026-07-01","1","SmartEstimate of revenue for the current fiscal quarter, medium-horizon component","weighted_estimate_next_quarter_revenue_medium_2","2","DEU","{""id"":""model-reversion-models"",""name"":""Reversion Models""}","[]","MATRIX","TOP500","0"
"0","{""id"":""model"",""name"":""Model""}","0","{""id"":""analyst_revision_horizons"",""name"":""Multi Horizon Analyst Revision Signals""}","1","2026-07-01","1","Weighted analyst revenue estimate for the upcoming fiscal quarter, short horizon.","weighted_estimate_next_quarter_revenue_short_2","2","DEU","{""id"":""model-reversion-models"",""name"":""Reversion Models""}","[]","MATRIX","TOP500","0"
"0","{""id"":""model"",""name"":""Model""}","0","{""id"":""analyst_revision_horizons"",""name"":""Multi Horizon Analyst Revision Signals""}","1","2026-07-01","1","SmartEstimate EPS for the next fiscal year, long-horizon","weighted_estimate_next_year2_earnings_long_3","2","DEU","{""id"":""model-reversion-models"",""name"":""Reversion Models""}","[]","MATRIX","TOP500","0"
"0","{""id"":""model"",""name"":""Model""}","0","{""id"":""analyst_revision_horizons"",""name"":""Multi Horizon Analyst Revision Signals""}","1","2026-07-01","1","StarMine SmartEstimate of earnings (EPS) for next fiscal year (FY2); medium-horizon signal","weighted_estimate_next_year2_earnings_medium_3","2","DEU","{""id"":""model-reversion-models"",""name"":""Reversion Models""}","[]","MATRIX","TOP500","0"
"0","{""id"":""model"",""name"":""Model""}","0","{""id"":""analyst_revision_horizons"",""name"":""Multi Horizon Analyst Revision Signals""}","1","2026-07-01","1","Weighted analyst earnings estimate for the next fiscal year, short horizon.","weighted_estimate_next_year2_earnings_short_3","2","DEU","{""id"":""model-reversion-models"",""name"":""Reversion Models""}","[]","MATRIX","TOP500","0"
"0","{""id"":""model"",""name"":""Model""}","0","{""id"":""analyst_revision_horizons"",""name"":""Multi Horizon Analyst Revision Signals""}","1","2026-07-01","1","SmartEstimate (refined consensus) for next fiscal year EBITDA, long horizon","weighted_estimate_next_year2_ebitda_long_3","2","DEU","{""id"":""model-reversion-models"",""name"":""Reversion Models""}","[]","MATRIX","TOP500","0"
"0","{""id"":""model"",""name"":""Model""}","0","{""id"":""analyst_revision_horizons"",""name"":""Multi Horizon Analyst Revision Signals""}","1","2026-07-01","1","Weighted analyst EBITDA estimate for the next fiscal year, medium horizon.","weighted_estimate_next_year2_ebitda_medium_3","2","DEU","{""id"":""model-reversion-models"",""name"":""Reversion Models""}","[]","MATRIX","TOP500","0"
"0","{""id"":""model"",""name"":""Model""}","0","{""id"":""analyst_revision_horizons"",""name"":""Multi Horizon Analyst Revision Signals""}","1","2026-07-01","1","Weighted analyst EBITDA estimate for the next fiscal year, short horizon.","weighted_estimate_next_year2_ebitda_short_4","2","DEU","{""id"":""model-reversion-models"",""name"":""Reversion Models""}","[]","MATRIX","TOP500","0"
"0","{""id"":""model"",""name"":""Model""}","0","{""id"":""analyst_revision_horizons"",""name"":""Multi Horizon Analyst Revision Signals""}","1","2026-07-01","1","Weighted analyst forecast of revenue for the next fiscal year, long horizon.","weighted_estimate_next_year2_revenue_long_3","2","DEU","{""id"":""model-reversion-models"",""name"":""Reversion Models""}","[]","MATRIX","TOP500","0"
"0","{""id"":""model"",""name"":""Model""}","0","{""id"":""analyst_revision_horizons"",""name"":""Multi Horizon Analyst Revision Signals""}","1","2026-07-01","1","SmartEstimate of revenue for next fiscal year (FY2)","weighted_estimate_next_year2_revenue_medium_3","2","DEU","{""id"":""model-reversion-models"",""name"":""Reversion Models""}","[]","MATRIX","TOP500","0"
"0","{""id"":""model"",""name"":""Model""}","0","{""id"":""analyst_revision_horizons"",""name"":""Multi Horizon Analyst Revision Signals""}","1","2026-07-01","1","SmartEstimate value for next fiscal year revenue, short-horizon DHD component","weighted_estimate_next_year2_revenue_short_3","2","DEU","{""id"":""model-reversion-models"",""name"":""Reversion Models""}","[]","MATRIX","TOP500","0"
"0","{""id"":""model"",""name"":""Model""}","0","{""id"":""analyst_revision_horizons"",""name"":""Multi Horizon Analyst Revision Signals""}","1","2026-07-01","1","SmartEstimate EPS for the current fiscal quarter, long-horizon","weighted_estimate_quarterly_earnings_long_3","2","DEU","{""id"":""model-reversion-models"",""name"":""Reversion Models""}","[]","MATRIX","TOP500","0"
"0","{""id"":""model"",""name"":""Model""}","0","{""id"":""analyst_revision_horizons"",""name"":""Multi Horizon Analyst Revision Signals""}","1","2026-07-01","1","SmartEstimate EPS for the current fiscal quarter, medium-horizon","weighted_estimate_quarterly_earnings_medium_3","2","DEU","{""id"":""model-reversion-models"",""name"":""Reversion Models""}","[]","MATRIX","TOP500","0"
"0","{""id"":""model"",""name"":""Model""}","0","{""id"":""analyst_revision_horizons"",""name"":""Multi Horizon Analyst Revision Signals""}","1","2026-07-01","1","StarMine SmartEstimate of earnings for the current fiscal quarter (FQ1), on the short horizon","weighted_estimate_quarterly_earnings_short_3","2","DEU","{""id"":""model-reversion-models"",""name"":""Reversion Models""}","[]","MATRIX","TOP500","0"
"0","{""id"":""model"",""name"":""Model""}","0","{""id"":""analyst_revision_horizons"",""name"":""Multi Horizon Analyst Revision Signals""}","1","2026-07-01","1","Weighted analyst forecast of EBITDA for the current fiscal quarter, long horizon.","weighted_estimate_quarterly_ebitda_long_3","2","DEU","{""id"":""model-reversion-models"",""name"":""Reversion Models""}","[]","MATRIX","TOP500","0"
"0","{""id"":""model"",""name"":""Model""}","0","{""id"":""analyst_revision_horizons"",""name"":""Multi Horizon Analyst Revision Signals""}","1","2026-07-01","1","Weighted analyst forecast of EBITDA for the current fiscal quarter, short horizon.","weighted_estimate_quarterly_ebitda_short_3","2","DEU","{""id"":""model-reversion-models"",""name"":""Reversion Models""}","[]","MATRIX","TOP500","0"
"0","{""id"":""model"",""name"":""Model""}","0","{""id"":""analyst_revision_horizons"",""name"":""Multi Horizon Analyst Revision Signals""}","1","2026-07-01","1","Weighted analyst forecast of revenue for the current fiscal quarter, long horizon.","weighted_estimate_quarterly_revenue_long_3","2","DEU","{""id"":""model-reversion-models"",""name"":""Reversion Models""}","[]","MATRIX","TOP500","0"
