"alphaCount","category","coverage","dataset","dateCoverage","dateCreated","delay","description","id","pyramidMultiplier","region","subcategory","themes","type","universe","userCount"
"0","{""id"":""analyst"",""name"":""Analyst""}","0","{""id"":""analyst15"",""name"":""Earnings forecasts""}","1","2026-07-01","1","The weighted 1-month percent change of 12-month forward dividend per share (DPS) estimation aggregated within GICS group grouping.","anl15_dps_gr_12_m_1m_chg","2","DEU","{""id"":""analyst-analyst-estimates"",""name"":""Analyst Estimates""}","[]","MATRIX","TOP500","0"
"0","{""id"":""analyst"",""name"":""Analyst""}","0","{""id"":""analyst15"",""name"":""Earnings forecasts""}","1","2026-07-01","1","The weighted 3-month percent change of 12-month forward dividend per share (DPS) estimation aggregated within GICS group grouping.","anl15_dps_gr_12_m_3m_chg","2","DEU","{""id"":""analyst-analyst-estimates"",""name"":""Analyst Estimates""}","[]","MATRIX","TOP500","0"
"0","{""id"":""analyst"",""name"":""Analyst""}","0","{""id"":""analyst15"",""name"":""Earnings forecasts""}","1","2026-07-01","1","Group-level weighted six-month percent change in the 12-month forward dividend per share (DPS) consensus for USA constituents","anl15_dps_gr_12_m_6m_chg","2","DEU","{""id"":""analyst-analyst-estimates"",""name"":""Analyst Estimates""}","[]","MATRIX","TOP500","0"
"0","{""id"":""analyst"",""name"":""Analyst""}","0","{""id"":""analyst15"",""name"":""Earnings forecasts""}","1","2026-07-01","1","The number of companies with a 12 month forward mean dividend per share (DPS) estimation within GICS group grouping.","anl15_dps_gr_12_m_cos","2","DEU","{""id"":""analyst-analyst-estimates"",""name"":""Analyst Estimates""}","[]","MATRIX","TOP500","0"
"0","{""id"":""analyst"",""name"":""Analyst""}","0","{""id"":""analyst15"",""name"":""Earnings forecasts""}","1","2026-07-01","1","Number of companies whose forward 12-month DPS consensus decreased over the past month at the group level for USA","anl15_dps_gr_12_m_cos_dn","2","DEU","{""id"":""analyst-analyst-estimates"",""name"":""Analyst Estimates""}","[]","MATRIX","TOP500","0"
"0","{""id"":""analyst"",""name"":""Analyst""}","0","{""id"":""analyst15"",""name"":""Earnings forecasts""}","1","2026-07-01","1","Number of companies whose forward 12-month DPS consensus increased over the past month at the group level for USA","anl15_dps_gr_12_m_cos_up","2","DEU","{""id"":""analyst-analyst-estimates"",""name"":""Analyst Estimates""}","[]","MATRIX","TOP500","0"
"0","{""id"":""analyst"",""name"":""Analyst""}","0","{""id"":""analyst15"",""name"":""Earnings forecasts""}","1","2026-07-01","1","The 12-month forward pro-rated total number of estimates within GICS group grouping.","anl15_dps_gr_12_m_ests","2","DEU","{""id"":""analyst-analyst-estimates"",""name"":""Analyst Estimates""}","[]","MATRIX","TOP500","0"
"0","{""id"":""analyst"",""name"":""Analyst""}","0","{""id"":""analyst15"",""name"":""Earnings forecasts""}","1","2026-07-01","1","Pro-rated number of 12-month forward DPS estimates lowered since last month at the group level","anl15_dps_gr_12_m_ests_dn","2","DEU","{""id"":""analyst-analyst-estimates"",""name"":""Analyst Estimates""}","[]","MATRIX","TOP500","0"
"0","{""id"":""analyst"",""name"":""Analyst""}","0","{""id"":""analyst15"",""name"":""Earnings forecasts""}","1","2026-07-01","1","Pro-rated number of 12-month forward estimates raised since last month, aggregated at group level","anl15_dps_gr_12_m_ests_up","2","DEU","{""id"":""analyst-analyst-estimates"",""name"":""Analyst Estimates""}","[]","MATRIX","TOP500","0"
"0","{""id"":""analyst"",""name"":""Analyst""}","0","{""id"":""analyst15"",""name"":""Earnings forecasts""}","1","2026-07-01","1","The weighted 12-month forward year-over-year growth of dividend per share (DPS) estimation aggregated within GICS group grouping.","anl15_dps_gr_12_m_gro","2","DEU","{""id"":""analyst-analyst-estimates"",""name"":""Analyst Estimates""}","[]","MATRIX","TOP500","0"
"0","{""id"":""analyst"",""name"":""Analyst""}","0","{""id"":""analyst15"",""name"":""Earnings forecasts""}","1","2026-07-01","1","Weighted average forward 12-month dividends per share (DPS) at the group level for USA","anl15_dps_gr_12_m_mean","2","DEU","{""id"":""analyst-analyst-estimates"",""name"":""Analyst Estimates""}","[]","MATRIX","TOP500","0"
"0","{""id"":""analyst"",""name"":""Analyst""}","0","{""id"":""analyst15"",""name"":""Earnings forecasts""}","1","2026-07-01","1","Weighted average price‑to‑earnings ratio based on 12‑month forward earnings aggregated at the group level","anl15_dps_gr_12_m_pe","2","DEU","{""id"":""analyst-analyst-estimates"",""name"":""Analyst Estimates""}","[]","MATRIX","TOP500","0"
"0","{""id"":""analyst"",""name"":""Analyst""}","0","{""id"":""analyst15"",""name"":""Earnings forecasts""}","1","2026-07-01","1","Weighted average standard deviation of 12-month forward EPS forecasts, aggregated at group level","anl15_dps_gr_12_m_st_dev","2","DEU","{""id"":""analyst-analyst-estimates"",""name"":""Analyst Estimates""}","[]","MATRIX","TOP500","0"
"0","{""id"":""analyst"",""name"":""Analyst""}","0","{""id"":""analyst15"",""name"":""Earnings forecasts""}","1","2026-07-01","1","The total of 12-month forward dividend per share (DPS) estimation aggregated within GICS group grouping.","anl15_dps_gr_12_m_total","2","DEU","{""id"":""analyst-analyst-estimates"",""name"":""Analyst Estimates""}","[]","MATRIX","TOP500","0"
"0","{""id"":""analyst"",""name"":""Analyst""}","0","{""id"":""analyst15"",""name"":""Earnings forecasts""}","1","2026-07-01","1","Weighted average trailing 12-month dividends per share (DPS) at the group level for USA","anl15_dps_gr_12_m_tr_mean","2","DEU","{""id"":""analyst-analyst-estimates"",""name"":""Analyst Estimates""}","[]","MATRIX","TOP500","0"
"0","{""id"":""analyst"",""name"":""Analyst""}","0","{""id"":""analyst15"",""name"":""Earnings forecasts""}","1","2026-07-01","1","Weighted one-month percent change in 18-month forward DPS forecasts, using a constant sample, aggregated at the group level","anl15_dps_gr_18_m_1m_chg","2","DEU","{""id"":""analyst-analyst-estimates"",""name"":""Analyst Estimates""}","[]","MATRIX","TOP500","0"
"0","{""id"":""analyst"",""name"":""Analyst""}","0","{""id"":""analyst15"",""name"":""Earnings forecasts""}","1","2026-07-01","1","Weighted three-month percent change in 18-month forward DPS forecasts, using a constant sample, aggregated at the group level","anl15_dps_gr_18_m_3m_chg","2","DEU","{""id"":""analyst-analyst-estimates"",""name"":""Analyst Estimates""}","[]","MATRIX","TOP500","0"
"0","{""id"":""analyst"",""name"":""Analyst""}","0","{""id"":""analyst15"",""name"":""Earnings forecasts""}","1","2026-07-01","1","The weighted 6-month percent change of 18-month forward dividend per share (DPS) estimation aggregated within GICS group grouping.","anl15_dps_gr_18_m_6m_chg","2","DEU","{""id"":""analyst-analyst-estimates"",""name"":""Analyst Estimates""}","[]","MATRIX","TOP500","0"
"0","{""id"":""analyst"",""name"":""Analyst""}","0","{""id"":""analyst15"",""name"":""Earnings forecasts""}","1","2026-07-01","1","The number of companies with an 18-month forward mean dividend per share (DPS) estimation within GICS group grouping.","anl15_dps_gr_18_m_cos","2","DEU","{""id"":""analyst-analyst-estimates"",""name"":""Analyst Estimates""}","[]","MATRIX","TOP500","0"
"0","{""id"":""analyst"",""name"":""Analyst""}","0","{""id"":""analyst15"",""name"":""Earnings forecasts""}","1","2026-07-01","1","The number of companies for which 18-month forward mean dividend per share (DPS) estimation has been lowered from last month within GICS group grouping.","anl15_dps_gr_18_m_cos_dn","2","DEU","{""id"":""analyst-analyst-estimates"",""name"":""Analyst Estimates""}","[]","MATRIX","TOP500","0"
"0","{""id"":""analyst"",""name"":""Analyst""}","0","{""id"":""analyst15"",""name"":""Earnings forecasts""}","1","2026-07-01","1","The number of companies for which 18-month forward mean dividend per share (DPS) estimation has been raised from last month within GICS group grouping.","anl15_dps_gr_18_m_cos_up","2","DEU","{""id"":""analyst-analyst-estimates"",""name"":""Analyst Estimates""}","[]","MATRIX","TOP500","0"
"0","{""id"":""analyst"",""name"":""Analyst""}","0","{""id"":""analyst15"",""name"":""Earnings forecasts""}","1","2026-07-01","1","Number of estimates for the forward 18-month period at the group level","anl15_dps_gr_18_m_ests","2","DEU","{""id"":""analyst-analyst-estimates"",""name"":""Analyst Estimates""}","[]","MATRIX","TOP500","0"
"0","{""id"":""analyst"",""name"":""Analyst""}","0","{""id"":""analyst15"",""name"":""Earnings forecasts""}","1","2026-07-01","1","Number of DPS estimates with negative revisions over the trailing 18‑month period, aggregated at the global group level","anl15_dps_gr_18_m_ests_dn","2","DEU","{""id"":""analyst-analyst-estimates"",""name"":""Analyst Estimates""}","[]","MATRIX","TOP500","0"
"0","{""id"":""analyst"",""name"":""Analyst""}","0","{""id"":""analyst15"",""name"":""Earnings forecasts""}","1","2026-07-01","1","Number of DPS estimates with positive revisions over the trailing 18‑month period, aggregated at the global group level","anl15_dps_gr_18_m_ests_up","2","DEU","{""id"":""analyst-analyst-estimates"",""name"":""Analyst Estimates""}","[]","MATRIX","TOP500","0"
"0","{""id"":""analyst"",""name"":""Analyst""}","0","{""id"":""analyst15"",""name"":""Earnings forecasts""}","1","2026-07-01","1","The weighted 18-month forward year-over-year growth of dividend per share (DPS) estimation aggregated within GICS group grouping.","anl15_dps_gr_18_m_gro","2","DEU","{""id"":""analyst-analyst-estimates"",""name"":""Analyst Estimates""}","[]","MATRIX","TOP500","0"
"0","{""id"":""analyst"",""name"":""Analyst""}","0","{""id"":""analyst15"",""name"":""Earnings forecasts""}","1","2026-07-01","1","Group-level weighted average of the 18-month forward dividend per share (DPS) consensus for USA constituents","anl15_dps_gr_18_m_mean","2","DEU","{""id"":""analyst-analyst-estimates"",""name"":""Analyst Estimates""}","[]","MATRIX","TOP500","0"
"0","{""id"":""analyst"",""name"":""Analyst""}","0","{""id"":""analyst15"",""name"":""Earnings forecasts""}","1","2026-07-01","1","Weighted average price-to-earnings (P/E) ratio based on 18-month forward EPS, aggregated at group level","anl15_dps_gr_18_m_pe","2","DEU","{""id"":""analyst-analyst-estimates"",""name"":""Analyst Estimates""}","[]","MATRIX","TOP500","0"
"0","{""id"":""analyst"",""name"":""Analyst""}","0","{""id"":""analyst15"",""name"":""Earnings forecasts""}","1","2026-07-01","1","Group-level weighted average standard deviation of 18-month forward DPS forecasts across USA constituents","anl15_dps_gr_18_m_st_dev","2","DEU","{""id"":""analyst-analyst-estimates"",""name"":""Analyst Estimates""}","[]","MATRIX","TOP500","0"
"0","{""id"":""analyst"",""name"":""Analyst""}","0","{""id"":""analyst15"",""name"":""Earnings forecasts""}","1","2026-07-01","1","The total of 18-month forward dividend per share (DPS) estimation aggregated within GICS group grouping.","anl15_dps_gr_18_m_total","2","DEU","{""id"":""analyst-analyst-estimates"",""name"":""Analyst Estimates""}","[]","MATRIX","TOP500","0"
"0","{""id"":""analyst"",""name"":""Analyst""}","0","{""id"":""analyst15"",""name"":""Earnings forecasts""}","1","2026-07-01","1","The weighted year-over-year growth of dividend per share (DPS) estimation for the current calendarized fiscal year aggregated within GICS group grouping.","anl15_dps_gr_cal_fy0_gro","2","DEU","{""id"":""analyst-analyst-estimates"",""name"":""Analyst Estimates""}","[]","MATRIX","TOP500","0"
"0","{""id"":""analyst"",""name"":""Analyst""}","0","{""id"":""analyst15"",""name"":""Earnings forecasts""}","1","2026-07-01","1","Group-level weighted average price-to-earnings ratio for calendarized Fiscal Year 0","anl15_dps_gr_cal_fy0_pe","2","DEU","{""id"":""analyst-analyst-estimates"",""name"":""Analyst Estimates""}","[]","MATRIX","TOP500","0"
"0","{""id"":""analyst"",""name"":""Analyst""}","0","{""id"":""analyst15"",""name"":""Earnings forecasts""}","1","2026-07-01","1","The total of dividend per share (DPS) estimation for the current calendarized fiscal year aggregated within GICS group grouping.","anl15_dps_gr_cal_fy0_total","2","DEU","{""id"":""analyst-analyst-estimates"",""name"":""Analyst Estimates""}","[]","MATRIX","TOP500","0"
"0","{""id"":""analyst"",""name"":""Analyst""}","0","{""id"":""analyst15"",""name"":""Earnings forecasts""}","1","2026-07-01","1","The weighted average of dividend per share (DPS) estimation for the current calendarized fiscal year aggregated within GICS group grouping.","anl15_dps_gr_cal_fy0_val","2","DEU","{""id"":""analyst-analyst-estimates"",""name"":""Analyst Estimates""}","[]","MATRIX","TOP500","0"
"0","{""id"":""analyst"",""name"":""Analyst""}","0","{""id"":""analyst15"",""name"":""Earnings forecasts""}","1","2026-07-01","1","Weighted one-month percent change in DPS consensus forecasts for calendarized Fiscal Year 1 (constant sample) at the group level in the USA","anl15_dps_gr_cal_fy1_1m_chg","2","DEU","{""id"":""analyst-analyst-estimates"",""name"":""Analyst Estimates""}","[]","MATRIX","TOP500","0"
"0","{""id"":""analyst"",""name"":""Analyst""}","0","{""id"":""analyst15"",""name"":""Earnings forecasts""}","1","2026-07-01","1","Weighted three-month percent change in DPS consensus forecasts for calendarized Fiscal Year 1 (constant sample) at the group level in the USA","anl15_dps_gr_cal_fy1_3m_chg","2","DEU","{""id"":""analyst-analyst-estimates"",""name"":""Analyst Estimates""}","[]","MATRIX","TOP500","0"
"0","{""id"":""analyst"",""name"":""Analyst""}","0","{""id"":""analyst15"",""name"":""Earnings forecasts""}","1","2026-07-01","1","Weighted six-month percent change in DPS consensus forecasts for calendarized Fiscal Year 1 (constant sample) at the group level in the USA","anl15_dps_gr_cal_fy1_6m_chg","2","DEU","{""id"":""analyst-analyst-estimates"",""name"":""Analyst Estimates""}","[]","MATRIX","TOP500","0"
"0","{""id"":""analyst"",""name"":""Analyst""}","0","{""id"":""analyst15"",""name"":""Earnings forecasts""}","1","2026-07-01","1","Group-level count of contributing analyst estimates (coverage) for the FY1 DPS consensus","anl15_dps_gr_cal_fy1_cos","2","DEU","{""id"":""analyst-analyst-estimates"",""name"":""Analyst Estimates""}","[]","MATRIX","TOP500","0"
"0","{""id"":""analyst"",""name"":""Analyst""}","0","{""id"":""analyst15"",""name"":""Earnings forecasts""}","1","2026-07-01","1","Total number of FY1 DPS analyst estimates aggregated at the group level in Europe","anl15_dps_gr_cal_fy1_ests","2","DEU","{""id"":""analyst-analyst-estimates"",""name"":""Analyst Estimates""}","[]","MATRIX","TOP500","0"
"0","{""id"":""analyst"",""name"":""Analyst""}","0","{""id"":""analyst15"",""name"":""Earnings forecasts""}","1","2026-07-01","1","The weighted year-over-year growth of dividend per share (DPS) estimation for the calendarized 1 fiscal year aggregated within GICS group grouping.","anl15_dps_gr_cal_fy1_gro","2","DEU","{""id"":""analyst-analyst-estimates"",""name"":""Analyst Estimates""}","[]","MATRIX","TOP500","0"
"0","{""id"":""analyst"",""name"":""Analyst""}","0","{""id"":""analyst15"",""name"":""Earnings forecasts""}","1","2026-07-01","1","The weighted average of dividend per share (DPS) estimation for the calendarized 1 fiscal year aggregated within GICS group grouping.","anl15_dps_gr_cal_fy1_mean","2","DEU","{""id"":""analyst-analyst-estimates"",""name"":""Analyst Estimates""}","[]","MATRIX","TOP500","0"
"0","{""id"":""analyst"",""name"":""Analyst""}","0","{""id"":""analyst15"",""name"":""Earnings forecasts""}","1","2026-07-01","1","Weighted average price-to-earnings (P/E) ratio for calendarized Fiscal Year 1, aggregated at sector level","anl15_dps_gr_cal_fy1_pe","2","DEU","{""id"":""analyst-analyst-estimates"",""name"":""Analyst Estimates""}","[]","MATRIX","TOP500","0"
"0","{""id"":""analyst"",""name"":""Analyst""}","0","{""id"":""analyst15"",""name"":""Earnings forecasts""}","1","2026-07-01","1","The weighted average standard deviation of dividend per share (DPS) estimation for the calendarized 1 fiscal year aggregated within GICS group grouping.","anl15_dps_gr_cal_fy1_st_dev","2","DEU","{""id"":""analyst-analyst-estimates"",""name"":""Analyst Estimates""}","[]","MATRIX","TOP500","0"
"0","{""id"":""analyst"",""name"":""Analyst""}","0","{""id"":""analyst15"",""name"":""Earnings forecasts""}","1","2026-07-01","1","The total of dividend per share (DPS) estimation for the calendarized 1 fiscal year aggregated within GICS group grouping.","anl15_dps_gr_cal_fy1_total","2","DEU","{""id"":""analyst-analyst-estimates"",""name"":""Analyst Estimates""}","[]","MATRIX","TOP500","0"
"0","{""id"":""analyst"",""name"":""Analyst""}","0","{""id"":""analyst15"",""name"":""Earnings forecasts""}","1","2026-07-01","1","One-month percent change in the calendarized FY2 dividends per share (DPS) consensus at the group aggregation for USA, weighted using a constant sample and computed point-in-time with as-of-date constituents","anl15_dps_gr_cal_fy2_1m_chg","2","DEU","{""id"":""analyst-analyst-estimates"",""name"":""Analyst Estimates""}","[]","MATRIX","TOP500","0"
"0","{""id"":""analyst"",""name"":""Analyst""}","0","{""id"":""analyst15"",""name"":""Earnings forecasts""}","1","2026-07-01","1","The weighted 3-month percent change of dividend per share (DPS) estimation for the calendarized 2 fiscal years aggregated within GICS group grouping.","anl15_dps_gr_cal_fy2_3m_chg","2","DEU","{""id"":""analyst-analyst-estimates"",""name"":""Analyst Estimates""}","[]","MATRIX","TOP500","0"
"0","{""id"":""analyst"",""name"":""Analyst""}","0","{""id"":""analyst15"",""name"":""Earnings forecasts""}","1","2026-07-01","1","The weighted 6-month percent change of dividend per share (DPS) estimation for the calendarized 2 fiscal year aggregated within GICS group grouping.","anl15_dps_gr_cal_fy2_6m_chg","2","DEU","{""id"":""analyst-analyst-estimates"",""name"":""Analyst Estimates""}","[]","MATRIX","TOP500","0"
"0","{""id"":""analyst"",""name"":""Analyst""}","0","{""id"":""analyst15"",""name"":""Earnings forecasts""}","1","2026-07-01","1","Consensus DPS estimate for calendarized Fiscal Year 2 at the subindustry level","anl15_dps_gr_cal_fy2_cos","2","DEU","{""id"":""analyst-analyst-estimates"",""name"":""Analyst Estimates""}","[]","MATRIX","TOP500","0"
"0","{""id"":""analyst"",""name"":""Analyst""}","0","{""id"":""analyst15"",""name"":""Earnings forecasts""}","1","2026-07-01","1","Total number of analyst DPS estimates for calendarized FY2 across USA companies in the industry group","anl15_dps_gr_cal_fy2_ests","2","DEU","{""id"":""analyst-analyst-estimates"",""name"":""Analyst Estimates""}","[]","MATRIX","TOP500","0"
"0","{""id"":""analyst"",""name"":""Analyst""}","0","{""id"":""analyst15"",""name"":""Earnings forecasts""}","1","2026-07-01","1","Weighted year-over-year growth in DPS for calendarized FY2 across USA companies in the industry group","anl15_dps_gr_cal_fy2_gro","2","DEU","{""id"":""analyst-analyst-estimates"",""name"":""Analyst Estimates""}","[]","MATRIX","TOP500","0"
"0","{""id"":""analyst"",""name"":""Analyst""}","0","{""id"":""analyst15"",""name"":""Earnings forecasts""}","1","2026-07-01","1","Weighted average DPS consensus for calendarized Fiscal Year 2 at the group level in the USA","anl15_dps_gr_cal_fy2_mean","2","DEU","{""id"":""analyst-analyst-estimates"",""name"":""Analyst Estimates""}","[]","MATRIX","TOP500","0"
"0","{""id"":""analyst"",""name"":""Analyst""}","0","{""id"":""analyst15"",""name"":""Earnings forecasts""}","1","2026-07-01","1","The weighted average price/earnings ratio based on EPS estimation for the calendarized 2 fiscal years aggregated within GICS group grouping.","anl15_dps_gr_cal_fy2_pe","2","DEU","{""id"":""analyst-analyst-estimates"",""name"":""Analyst Estimates""}","[]","MATRIX","TOP500","0"
"0","{""id"":""analyst"",""name"":""Analyst""}","0","{""id"":""analyst15"",""name"":""Earnings forecasts""}","1","2026-07-01","1","The weighted average standard deviation of dividend per share (DPS) estimation for the calendarized 2 fiscal years aggregated within GICS group grouping.","anl15_dps_gr_cal_fy2_st_dev","2","DEU","{""id"":""analyst-analyst-estimates"",""name"":""Analyst Estimates""}","[]","MATRIX","TOP500","0"
"0","{""id"":""analyst"",""name"":""Analyst""}","0","{""id"":""analyst15"",""name"":""Earnings forecasts""}","1","2026-07-01","1","The total of dividend per share (DPS) estimation for the calendarized 2 fiscal year aggregated within GICS group grouping.","anl15_dps_gr_cal_fy2_total","2","DEU","{""id"":""analyst-analyst-estimates"",""name"":""Analyst Estimates""}","[]","MATRIX","TOP500","0"
"0","{""id"":""analyst"",""name"":""Analyst""}","0","{""id"":""analyst15"",""name"":""Earnings forecasts""}","1","2026-07-01","1","Group-level weighted one-month percent change in calendarized Fiscal Year 3 dividend per share forecasts, using a constant sample","anl15_dps_gr_cal_fy3_1m_chg","2","DEU","{""id"":""analyst-analyst-estimates"",""name"":""Analyst Estimates""}","[]","MATRIX","TOP500","0"
"0","{""id"":""analyst"",""name"":""Analyst""}","0","{""id"":""analyst15"",""name"":""Earnings forecasts""}","1","2026-07-01","1","Weighted three-month percent change in calendarized fiscal year 3 dividends per share (DPS) consensus at the group level for USA, using point-in-time constituents","anl15_dps_gr_cal_fy3_3m_chg","2","DEU","{""id"":""analyst-analyst-estimates"",""name"":""Analyst Estimates""}","[]","MATRIX","TOP500","0"
"0","{""id"":""analyst"",""name"":""Analyst""}","0","{""id"":""analyst15"",""name"":""Earnings forecasts""}","1","2026-07-01","1","Weighted six-month percent change in calendarized fiscal year 3 dividends per share (DPS) consensus at the group level for USA, using point-in-time constituents","anl15_dps_gr_cal_fy3_6m_chg","2","DEU","{""id"":""analyst-analyst-estimates"",""name"":""Analyst Estimates""}","[]","MATRIX","TOP500","0"
"0","{""id"":""analyst"",""name"":""Analyst""}","0","{""id"":""analyst15"",""name"":""Earnings forecasts""}","1","2026-07-01","1","Consensus coverage count for calendarized FY3 dividends per share (DPS) at the group aggregation for USA (number of companies with an FY3 DPS estimate)","anl15_dps_gr_cal_fy3_cos","2","DEU","{""id"":""analyst-analyst-estimates"",""name"":""Analyst Estimates""}","[]","MATRIX","TOP500","0"
"0","{""id"":""analyst"",""name"":""Analyst""}","0","{""id"":""analyst15"",""name"":""Earnings forecasts""}","1","2026-07-01","1","Number of analyst DPS estimates for calendarized Fiscal Year 3 at the group level","anl15_dps_gr_cal_fy3_ests","2","DEU","{""id"":""analyst-analyst-estimates"",""name"":""Analyst Estimates""}","[]","MATRIX","TOP500","0"
"0","{""id"":""analyst"",""name"":""Analyst""}","0","{""id"":""analyst15"",""name"":""Earnings forecasts""}","1","2026-07-01","1","The weighted year-over-year growth of dividend per share (DPS) estimation for the calendarized 3 fiscal years aggregated within GICS group grouping.","anl15_dps_gr_cal_fy3_gro","2","DEU","{""id"":""analyst-analyst-estimates"",""name"":""Analyst Estimates""}","[]","MATRIX","TOP500","0"
"0","{""id"":""analyst"",""name"":""Analyst""}","0","{""id"":""analyst15"",""name"":""Earnings forecasts""}","1","2026-07-01","1","Weighted average calendarized FY3 dividends per share (DPS) consensus at the group aggregation for USA, computed point-in-time with as-of-date constituents","anl15_dps_gr_cal_fy3_mean","2","DEU","{""id"":""analyst-analyst-estimates"",""name"":""Analyst Estimates""}","[]","MATRIX","TOP500","0"
"0","{""id"":""analyst"",""name"":""Analyst""}","0","{""id"":""analyst15"",""name"":""Earnings forecasts""}","1","2026-07-01","1","The weighted average price/earnings ratio based on EPS estimation for the calendarized 3 fiscal years aggregated within GICS group grouping.","anl15_dps_gr_cal_fy3_pe","2","DEU","{""id"":""analyst-analyst-estimates"",""name"":""Analyst Estimates""}","[]","MATRIX","TOP500","0"
"0","{""id"":""analyst"",""name"":""Analyst""}","0","{""id"":""analyst15"",""name"":""Earnings forecasts""}","1","2026-07-01","1","The weighted average standard deviation of dividend per share (DPS) estimation for the calendarized 3 fiscal years aggregated within GICS group grouping.","anl15_dps_gr_cal_fy3_st_dev","2","DEU","{""id"":""analyst-analyst-estimates"",""name"":""Analyst Estimates""}","[]","MATRIX","TOP500","0"
"0","{""id"":""analyst"",""name"":""Analyst""}","0","{""id"":""analyst15"",""name"":""Earnings forecasts""}","1","2026-07-01","1","The total of dividend per share (DPS) estimation for the calendarized 3 fiscal years aggregated within GICS group grouping.","anl15_dps_gr_cal_fy3_total","2","DEU","{""id"":""analyst-analyst-estimates"",""name"":""Analyst Estimates""}","[]","MATRIX","TOP500","0"
"0","{""id"":""analyst"",""name"":""Analyst""}","0","{""id"":""analyst15"",""name"":""Earnings forecasts""}","1","2026-07-01","1","The number of companies for which Dividend Per Share (DPS) estimation for the calendarized 1 fiscal year has been lowered from last month within GICS group grouping.","anl15_dps_gr_fy1_cos_dn","2","DEU","{""id"":""analyst-analyst-estimates"",""name"":""Analyst Estimates""}","[]","MATRIX","TOP500","0"
"0","{""id"":""analyst"",""name"":""Analyst""}","0","{""id"":""analyst15"",""name"":""Earnings forecasts""}","1","2026-07-01","1","The number of companies for which dividend per share (DPS) estimation for the calendarized 1 fiscal year has been raised from last month within GICS group grouping.","anl15_dps_gr_fy1_cos_up","2","DEU","{""id"":""analyst-analyst-estimates"",""name"":""Analyst Estimates""}","[]","MATRIX","TOP500","0"
"0","{""id"":""analyst"",""name"":""Analyst""}","0","{""id"":""analyst15"",""name"":""Earnings forecasts""}","1","2026-07-01","1","Number of FY1 DPS estimates lowered since last month at the group level","anl15_dps_gr_fy1_ests_dn","2","DEU","{""id"":""analyst-analyst-estimates"",""name"":""Analyst Estimates""}","[]","MATRIX","TOP500","0"
"0","{""id"":""analyst"",""name"":""Analyst""}","0","{""id"":""analyst15"",""name"":""Earnings forecasts""}","1","2026-07-01","1","Group-level number of FY1 DPS estimates raised since last month in China","anl15_dps_gr_fy1_ests_up","2","DEU","{""id"":""analyst-analyst-estimates"",""name"":""Analyst Estimates""}","[]","MATRIX","TOP500","0"
"0","{""id"":""analyst"",""name"":""Analyst""}","0","{""id"":""analyst15"",""name"":""Earnings forecasts""}","1","2026-07-01","1","Number of USA companies in the industry group whose calendarized FY2 DPS consensus (mean) has been lowered since last month","anl15_dps_gr_fy2_cos_dn","2","DEU","{""id"":""analyst-analyst-estimates"",""name"":""Analyst Estimates""}","[]","MATRIX","TOP500","0"
"0","{""id"":""analyst"",""name"":""Analyst""}","0","{""id"":""analyst15"",""name"":""Earnings forecasts""}","1","2026-07-01","1","Number of companies in the group whose calendarized FY2 DPS consensus has been revised up since last month (breadth of upward revisions) in the USA","anl15_dps_gr_fy2_cos_up","2","DEU","{""id"":""analyst-analyst-estimates"",""name"":""Analyst Estimates""}","[]","MATRIX","TOP500","0"
"0","{""id"":""analyst"",""name"":""Analyst""}","0","{""id"":""analyst15"",""name"":""Earnings forecasts""}","1","2026-07-01","1","Number of individual FY2 DPS estimates that were revised downward since last month across USA companies in the industry group","anl15_dps_gr_fy2_ests_dn","2","DEU","{""id"":""analyst-analyst-estimates"",""name"":""Analyst Estimates""}","[]","MATRIX","TOP500","0"
"0","{""id"":""analyst"",""name"":""Analyst""}","0","{""id"":""analyst15"",""name"":""Earnings forecasts""}","1","2026-07-01","1","Number of individual FY2 DPS estimates that were revised upward since last month across USA companies in the industry group","anl15_dps_gr_fy2_ests_up","2","DEU","{""id"":""analyst-analyst-estimates"",""name"":""Analyst Estimates""}","[]","MATRIX","TOP500","0"
"0","{""id"":""analyst"",""name"":""Analyst""}","0","{""id"":""analyst15"",""name"":""Earnings forecasts""}","1","2026-07-01","1","Number of companies whose calendarized FY3 dividends per share (DPS) consensus has been lowered since last month at the group aggregation for USA","anl15_dps_gr_fy3_cos_dn","2","DEU","{""id"":""analyst-analyst-estimates"",""name"":""Analyst Estimates""}","[]","MATRIX","TOP500","0"
"0","{""id"":""analyst"",""name"":""Analyst""}","0","{""id"":""analyst15"",""name"":""Earnings forecasts""}","1","2026-07-01","1","Number of companies whose calendarized FY3 dividends per share (DPS) consensus has been raised since last month at the group aggregation for USA","anl15_dps_gr_fy3_cos_up","2","DEU","{""id"":""analyst-analyst-estimates"",""name"":""Analyst Estimates""}","[]","MATRIX","TOP500","0"
"0","{""id"":""analyst"",""name"":""Analyst""}","0","{""id"":""analyst15"",""name"":""Earnings forecasts""}","1","2026-07-01","1","Number of calendarized Fiscal Year 3 DPS estimates that were lowered since last month, aggregated at the group level in the Americas","anl15_dps_gr_fy3_ests_dn","2","DEU","{""id"":""analyst-analyst-estimates"",""name"":""Analyst Estimates""}","[]","MATRIX","TOP500","0"
"0","{""id"":""analyst"",""name"":""Analyst""}","0","{""id"":""analyst15"",""name"":""Earnings forecasts""}","1","2026-07-01","1","Group-level number of calendarized Fiscal Year 3 DPS estimates raised since last month","anl15_dps_gr_fy3_ests_up","2","DEU","{""id"":""analyst-analyst-estimates"",""name"":""Analyst Estimates""}","[]","MATRIX","TOP500","0"
"0","{""id"":""analyst"",""name"":""Analyst""}","0","{""id"":""analyst15"",""name"":""Earnings forecasts""}","1","2026-07-01","1","Weighted one‑month percent change in the 12‑month forward DPS consensus, using a constant sample, at the industry level","anl15_dps_ind_12_m_1m_chg","2","DEU","{""id"":""analyst-analyst-estimates"",""name"":""Analyst Estimates""}","[]","MATRIX","TOP500","0"
"0","{""id"":""analyst"",""name"":""Analyst""}","0","{""id"":""analyst15"",""name"":""Earnings forecasts""}","1","2026-07-01","1","Industry-level weighted three-month percent change in the 12-month forward dividend per share (DPS) consensus for USA constituents","anl15_dps_ind_12_m_3m_chg","2","DEU","{""id"":""analyst-analyst-estimates"",""name"":""Analyst Estimates""}","[]","MATRIX","TOP500","0"
"0","{""id"":""analyst"",""name"":""Analyst""}","0","{""id"":""analyst15"",""name"":""Earnings forecasts""}","1","2026-07-01","1","Industry-level weighted six-month percent change in the 12-month forward dividend per share (DPS) consensus for USA constituents","anl15_dps_ind_12_m_6m_chg","2","DEU","{""id"":""analyst-analyst-estimates"",""name"":""Analyst Estimates""}","[]","MATRIX","TOP500","0"
"0","{""id"":""analyst"",""name"":""Analyst""}","0","{""id"":""analyst15"",""name"":""Earnings forecasts""}","1","2026-07-01","1","The number of companies with a 12-month forward mean dividend per share (DPS) estimation within GICS industry grouping.","anl15_dps_ind_12_m_cos","2","DEU","{""id"":""analyst-analyst-estimates"",""name"":""Analyst Estimates""}","[]","MATRIX","TOP500","0"
"0","{""id"":""analyst"",""name"":""Analyst""}","0","{""id"":""analyst15"",""name"":""Earnings forecasts""}","1","2026-07-01","1","Number of companies whose forward 12-month DPS consensus decreased over the past month at the industry level for USA","anl15_dps_ind_12_m_cos_dn","2","DEU","{""id"":""analyst-analyst-estimates"",""name"":""Analyst Estimates""}","[]","MATRIX","TOP500","0"
"0","{""id"":""analyst"",""name"":""Analyst""}","0","{""id"":""analyst15"",""name"":""Earnings forecasts""}","1","2026-07-01","1","The number of companies for which 12-month forward mean dividend per share (DPS) estimation has been raised from last month within GICS industry grouping.","anl15_dps_ind_12_m_cos_up","2","DEU","{""id"":""analyst-analyst-estimates"",""name"":""Analyst Estimates""}","[]","MATRIX","TOP500","0"
"0","{""id"":""analyst"",""name"":""Analyst""}","0","{""id"":""analyst15"",""name"":""Earnings forecasts""}","1","2026-07-01","1","Number of estimates for the trailing 12-month period aggregated at the industry level","anl15_dps_ind_12_m_ests","2","DEU","{""id"":""analyst-analyst-estimates"",""name"":""Analyst Estimates""}","[]","MATRIX","TOP500","0"
"0","{""id"":""analyst"",""name"":""Analyst""}","0","{""id"":""analyst15"",""name"":""Earnings forecasts""}","1","2026-07-01","1","Pro-rated number of 12-month forward estimates lowered since last month, aggregated at industry level","anl15_dps_ind_12_m_ests_dn","2","DEU","{""id"":""analyst-analyst-estimates"",""name"":""Analyst Estimates""}","[]","MATRIX","TOP500","0"
"0","{""id"":""analyst"",""name"":""Analyst""}","0","{""id"":""analyst15"",""name"":""Earnings forecasts""}","1","2026-07-01","1","Pro-rated number of 12-month forward DPS estimates raised since last month at the industry level in the Americas","anl15_dps_ind_12_m_ests_up","2","DEU","{""id"":""analyst-analyst-estimates"",""name"":""Analyst Estimates""}","[]","MATRIX","TOP500","0"
"0","{""id"":""analyst"",""name"":""Analyst""}","0","{""id"":""analyst15"",""name"":""Earnings forecasts""}","1","2026-07-01","1","The weighted 12-month forward year-over-year growth of dividend per share (DPS) estimation aggregated within GICS industry grouping.","anl15_dps_ind_12_m_gro","2","DEU","{""id"":""analyst-analyst-estimates"",""name"":""Analyst Estimates""}","[]","MATRIX","TOP500","0"
"0","{""id"":""analyst"",""name"":""Analyst""}","0","{""id"":""analyst15"",""name"":""Earnings forecasts""}","1","2026-07-01","1","Weighted average forward 12-month dividends per share (DPS) at the industry level for USA","anl15_dps_ind_12_m_mean","2","DEU","{""id"":""analyst-analyst-estimates"",""name"":""Analyst Estimates""}","[]","MATRIX","TOP500","0"
"0","{""id"":""analyst"",""name"":""Analyst""}","0","{""id"":""analyst15"",""name"":""Earnings forecasts""}","1","2026-07-01","1","Weighted average Price to Earnings ratio based on 12-month forward earnings, aggregated at industry level","anl15_dps_ind_12_m_pe","2","DEU","{""id"":""analyst-analyst-estimates"",""name"":""Analyst Estimates""}","[]","MATRIX","TOP500","0"
"0","{""id"":""analyst"",""name"":""Analyst""}","0","{""id"":""analyst15"",""name"":""Earnings forecasts""}","1","2026-07-01","1","The weighted average standard deviation of 12-month forward dividend per share (DPS) estimation aggregated within GICS industry grouping.","anl15_dps_ind_12_m_st_dev","2","DEU","{""id"":""analyst-analyst-estimates"",""name"":""Analyst Estimates""}","[]","MATRIX","TOP500","0"
"0","{""id"":""analyst"",""name"":""Analyst""}","0","{""id"":""analyst15"",""name"":""Earnings forecasts""}","1","2026-07-01","1","The total of 12-month forward dividend per share (DPS) estimation aggregated within GICS industry grouping.","anl15_dps_ind_12_m_total","2","DEU","{""id"":""analyst-analyst-estimates"",""name"":""Analyst Estimates""}","[]","MATRIX","TOP500","0"
"0","{""id"":""analyst"",""name"":""Analyst""}","0","{""id"":""analyst15"",""name"":""Earnings forecasts""}","1","2026-07-01","1","Weighted average trailing 12-month dividends per share (DPS) at the industry level for USA","anl15_dps_ind_12_m_tr_mean","2","DEU","{""id"":""analyst-analyst-estimates"",""name"":""Analyst Estimates""}","[]","MATRIX","TOP500","0"
"0","{""id"":""analyst"",""name"":""Analyst""}","0","{""id"":""analyst15"",""name"":""Earnings forecasts""}","1","2026-07-01","1","Weighted one-month percent change in 18-month forward DPS forecasts, using a constant sample, aggregated at the industry level","anl15_dps_ind_18_m_1m_chg","2","DEU","{""id"":""analyst-analyst-estimates"",""name"":""Analyst Estimates""}","[]","MATRIX","TOP500","0"
"0","{""id"":""analyst"",""name"":""Analyst""}","0","{""id"":""analyst15"",""name"":""Earnings forecasts""}","1","2026-07-01","1","Weighted three-month percent change in 18-month forward DPS forecasts, using a constant sample, aggregated at the industry level","anl15_dps_ind_18_m_3m_chg","2","DEU","{""id"":""analyst-analyst-estimates"",""name"":""Analyst Estimates""}","[]","MATRIX","TOP500","0"
"0","{""id"":""analyst"",""name"":""Analyst""}","0","{""id"":""analyst15"",""name"":""Earnings forecasts""}","1","2026-07-01","1","The weighted 6-month percent change of 18-month forward dividend per share (DPS) estimation aggregated within GICS industry grouping.","anl15_dps_ind_18_m_6m_chg","2","DEU","{""id"":""analyst-analyst-estimates"",""name"":""Analyst Estimates""}","[]","MATRIX","TOP500","0"
"0","{""id"":""analyst"",""name"":""Analyst""}","0","{""id"":""analyst15"",""name"":""Earnings forecasts""}","1","2026-07-01","1","The number of companies with an 18-month forward mean dividend per share (DPS) estimation within GICS industry grouping.","anl15_dps_ind_18_m_cos","2","DEU","{""id"":""analyst-analyst-estimates"",""name"":""Analyst Estimates""}","[]","MATRIX","TOP500","0"
"0","{""id"":""analyst"",""name"":""Analyst""}","0","{""id"":""analyst15"",""name"":""Earnings forecasts""}","1","2026-07-01","1","The number of companies for which 18-month forward mean dividend per share (DPS) estimation has been lowered from last month within GICS industry grouping.","anl15_dps_ind_18_m_cos_dn","2","DEU","{""id"":""analyst-analyst-estimates"",""name"":""Analyst Estimates""}","[]","MATRIX","TOP500","0"
"0","{""id"":""analyst"",""name"":""Analyst""}","0","{""id"":""analyst15"",""name"":""Earnings forecasts""}","1","2026-07-01","1","Industry-level number of companies whose 18-month forward mean DPS was raised since last month","anl15_dps_ind_18_m_cos_up","2","DEU","{""id"":""analyst-analyst-estimates"",""name"":""Analyst Estimates""}","[]","MATRIX","TOP500","0"
"0","{""id"":""analyst"",""name"":""Analyst""}","0","{""id"":""analyst15"",""name"":""Earnings forecasts""}","1","2026-07-01","1","Number of estimates for the forward 18-month period at the industry level","anl15_dps_ind_18_m_ests","2","DEU","{""id"":""analyst-analyst-estimates"",""name"":""Analyst Estimates""}","[]","MATRIX","TOP500","0"
"0","{""id"":""analyst"",""name"":""Analyst""}","0","{""id"":""analyst15"",""name"":""Earnings forecasts""}","1","2026-07-01","1","Number of DPS estimates with negative revisions over the trailing 18‑month period, aggregated at the global industry level","anl15_dps_ind_18_m_ests_dn","2","DEU","{""id"":""analyst-analyst-estimates"",""name"":""Analyst Estimates""}","[]","MATRIX","TOP500","0"
"0","{""id"":""analyst"",""name"":""Analyst""}","0","{""id"":""analyst15"",""name"":""Earnings forecasts""}","1","2026-07-01","1","Number of 18-month forward DPS estimates raised (positive revisions) since last month at the industry level in the Americas","anl15_dps_ind_18_m_ests_up","2","DEU","{""id"":""analyst-analyst-estimates"",""name"":""Analyst Estimates""}","[]","MATRIX","TOP500","0"
"0","{""id"":""analyst"",""name"":""Analyst""}","0","{""id"":""analyst15"",""name"":""Earnings forecasts""}","1","2026-07-01","1","The weighted 18-month forward year-over-year growth of dividend per share (DPS) estimation aggregated within GICS industry grouping.","anl15_dps_ind_18_m_gro","2","DEU","{""id"":""analyst-analyst-estimates"",""name"":""Analyst Estimates""}","[]","MATRIX","TOP500","0"
"0","{""id"":""analyst"",""name"":""Analyst""}","0","{""id"":""analyst15"",""name"":""Earnings forecasts""}","1","2026-07-01","1","Industry-level weighted average of the 18-month forward dividend per share (DPS) consensus for USA constituents","anl15_dps_ind_18_m_mean","2","DEU","{""id"":""analyst-analyst-estimates"",""name"":""Analyst Estimates""}","[]","MATRIX","TOP500","0"
"0","{""id"":""analyst"",""name"":""Analyst""}","0","{""id"":""analyst15"",""name"":""Earnings forecasts""}","1","2026-07-01","1","Weighted average price/earnings ratio based on 18‑month forward earnings aggregated at the industry level","anl15_dps_ind_18_m_pe","2","DEU","{""id"":""analyst-analyst-estimates"",""name"":""Analyst Estimates""}","[]","MATRIX","TOP500","0"
"0","{""id"":""analyst"",""name"":""Analyst""}","0","{""id"":""analyst15"",""name"":""Earnings forecasts""}","1","2026-07-01","1","Industry-level weighted average standard deviation of 18-month forward DPS forecasts across USA constituents","anl15_dps_ind_18_m_st_dev","2","DEU","{""id"":""analyst-analyst-estimates"",""name"":""Analyst Estimates""}","[]","MATRIX","TOP500","0"
"0","{""id"":""analyst"",""name"":""Analyst""}","0","{""id"":""analyst15"",""name"":""Earnings forecasts""}","1","2026-07-01","1","The total of 18-month forward dividend per share (DPS) estimation aggregated within GICS industry grouping.","anl15_dps_ind_18_m_total","2","DEU","{""id"":""analyst-analyst-estimates"",""name"":""Analyst Estimates""}","[]","MATRIX","TOP500","0"
"0","{""id"":""analyst"",""name"":""Analyst""}","0","{""id"":""analyst15"",""name"":""Earnings forecasts""}","1","2026-07-01","1","Industry-level weighted year-over-year growth in dividends per share for calendarized Fiscal Year 0","anl15_dps_ind_cal_fy0_gro","2","DEU","{""id"":""analyst-analyst-estimates"",""name"":""Analyst Estimates""}","[]","MATRIX","TOP500","0"
"0","{""id"":""analyst"",""name"":""Analyst""}","0","{""id"":""analyst15"",""name"":""Earnings forecasts""}","1","2026-07-01","1","Industry-level weighted average price-to-earnings ratio for calendarized Fiscal Year 0","anl15_dps_ind_cal_fy0_pe","2","DEU","{""id"":""analyst-analyst-estimates"",""name"":""Analyst Estimates""}","[]","MATRIX","TOP500","0"
"0","{""id"":""analyst"",""name"":""Analyst""}","0","{""id"":""analyst15"",""name"":""Earnings forecasts""}","1","2026-07-01","1","The total of dividend per share (DPS) estimation for the current calendarized fiscal year aggregated within GICS industry grouping.","anl15_dps_ind_cal_fy0_total","2","DEU","{""id"":""analyst-analyst-estimates"",""name"":""Analyst Estimates""}","[]","MATRIX","TOP500","0"
"0","{""id"":""analyst"",""name"":""Analyst""}","0","{""id"":""analyst15"",""name"":""Earnings forecasts""}","1","2026-07-01","1","The weighted average of dividend per share(DPS) estimation for the current calendarized fiscal year aggregated within GICS industry grouping.","anl15_dps_ind_cal_fy0_val","2","DEU","{""id"":""analyst-analyst-estimates"",""name"":""Analyst Estimates""}","[]","MATRIX","TOP500","0"
"0","{""id"":""analyst"",""name"":""Analyst""}","0","{""id"":""analyst15"",""name"":""Earnings forecasts""}","1","2026-07-01","1","Weighted one-month percent change in DPS consensus forecasts for calendarized Fiscal Year 1 (constant sample) at the industry level in the USA","anl15_dps_ind_cal_fy1_1m_chg","2","DEU","{""id"":""analyst-analyst-estimates"",""name"":""Analyst Estimates""}","[]","MATRIX","TOP500","0"
"0","{""id"":""analyst"",""name"":""Analyst""}","0","{""id"":""analyst15"",""name"":""Earnings forecasts""}","1","2026-07-01","1","Weighted three-month percent change in DPS consensus forecasts for calendarized Fiscal Year 1 (constant sample) at the industry level in the USA","anl15_dps_ind_cal_fy1_3m_chg","2","DEU","{""id"":""analyst-analyst-estimates"",""name"":""Analyst Estimates""}","[]","MATRIX","TOP500","0"
"0","{""id"":""analyst"",""name"":""Analyst""}","0","{""id"":""analyst15"",""name"":""Earnings forecasts""}","1","2026-07-01","1","Weighted six-month percent change in DPS consensus forecasts for calendarized Fiscal Year 1 (constant sample) at the industry level in the USA","anl15_dps_ind_cal_fy1_6m_chg","2","DEU","{""id"":""analyst-analyst-estimates"",""name"":""Analyst Estimates""}","[]","MATRIX","TOP500","0"
"0","{""id"":""analyst"",""name"":""Analyst""}","0","{""id"":""analyst15"",""name"":""Earnings forecasts""}","1","2026-07-01","1","Consensus DPS estimate for calendarized Fiscal Year 1 at the industry level","anl15_dps_ind_cal_fy1_cos","2","DEU","{""id"":""analyst-analyst-estimates"",""name"":""Analyst Estimates""}","[]","MATRIX","TOP500","0"
"0","{""id"":""analyst"",""name"":""Analyst""}","0","{""id"":""analyst15"",""name"":""Earnings forecasts""}","1","2026-07-01","1","Industry-level total number of analyst DPS estimates for calendarized Fiscal Year 1","anl15_dps_ind_cal_fy1_ests","2","DEU","{""id"":""analyst-analyst-estimates"",""name"":""Analyst Estimates""}","[]","MATRIX","TOP500","0"
"0","{""id"":""analyst"",""name"":""Analyst""}","0","{""id"":""analyst15"",""name"":""Earnings forecasts""}","1","2026-07-01","1","Weighted year-over-year growth in DPS consensus for calendarized Fiscal Year 1 at the industry level in the USA","anl15_dps_ind_cal_fy1_gro","2","DEU","{""id"":""analyst-analyst-estimates"",""name"":""Analyst Estimates""}","[]","MATRIX","TOP500","0"
"0","{""id"":""analyst"",""name"":""Analyst""}","0","{""id"":""analyst15"",""name"":""Earnings forecasts""}","1","2026-07-01","1","The weighted average of dividend per share (DPS) estimation for the calendarized 1 fiscal year aggregated within GICS industry grouping.","anl15_dps_ind_cal_fy1_mean","2","DEU","{""id"":""analyst-analyst-estimates"",""name"":""Analyst Estimates""}","[]","MATRIX","TOP500","0"
"0","{""id"":""analyst"",""name"":""Analyst""}","0","{""id"":""analyst15"",""name"":""Earnings forecasts""}","1","2026-07-01","1","Weighted average price-to-earnings (P/E) ratio for calendarized Fiscal Year 1, aggregated at sector level","anl15_dps_ind_cal_fy1_pe","2","DEU","{""id"":""analyst-analyst-estimates"",""name"":""Analyst Estimates""}","[]","MATRIX","TOP500","0"
"0","{""id"":""analyst"",""name"":""Analyst""}","0","{""id"":""analyst15"",""name"":""Earnings forecasts""}","1","2026-07-01","1","The weighted average standard deviation of dividend per share (DPS) estimation for the calendarized 1 fiscal year aggregated within GICS industry grouping.","anl15_dps_ind_cal_fy1_st_dev","2","DEU","{""id"":""analyst-analyst-estimates"",""name"":""Analyst Estimates""}","[]","MATRIX","TOP500","0"
"0","{""id"":""analyst"",""name"":""Analyst""}","0","{""id"":""analyst15"",""name"":""Earnings forecasts""}","1","2026-07-01","1","Total earnings for the calendarized Fiscal Year 1 period, aggregated at industry level","anl15_dps_ind_cal_fy1_total","2","DEU","{""id"":""analyst-analyst-estimates"",""name"":""Analyst Estimates""}","[]","MATRIX","TOP500","0"
"0","{""id"":""analyst"",""name"":""Analyst""}","0","{""id"":""analyst15"",""name"":""Earnings forecasts""}","1","2026-07-01","1","One-month percent change in the calendarized FY2 dividends per share (DPS) consensus at the industry aggregation for USA, weighted using a constant sample and computed point-in-time with as-of-date constituents","anl15_dps_ind_cal_fy2_1m_chg","2","DEU","{""id"":""analyst-analyst-estimates"",""name"":""Analyst Estimates""}","[]","MATRIX","TOP500","0"
"0","{""id"":""analyst"",""name"":""Analyst""}","0","{""id"":""analyst15"",""name"":""Earnings forecasts""}","1","2026-07-01","1","Three-month percent change in the calendarized FY2 dividends per share (DPS) consensus at the industry aggregation for USA, weighted using a constant sample and computed point-in-time with as-of-date constituents","anl15_dps_ind_cal_fy2_3m_chg","2","DEU","{""id"":""analyst-analyst-estimates"",""name"":""Analyst Estimates""}","[]","MATRIX","TOP500","0"
"0","{""id"":""analyst"",""name"":""Analyst""}","0","{""id"":""analyst15"",""name"":""Earnings forecasts""}","1","2026-07-01","1","Six-month percent change in the calendarized FY2 dividends per share (DPS) consensus at the industry aggregation for USA, weighted using a constant sample and computed point-in-time with as-of-date constituents","anl15_dps_ind_cal_fy2_6m_chg","2","DEU","{""id"":""analyst-analyst-estimates"",""name"":""Analyst Estimates""}","[]","MATRIX","TOP500","0"
"0","{""id"":""analyst"",""name"":""Analyst""}","0","{""id"":""analyst15"",""name"":""Earnings forecasts""}","1","2026-07-01","1","Consensus DPS estimate for calendarized Fiscal Year 2 at the subindustry level","anl15_dps_ind_cal_fy2_cos","2","DEU","{""id"":""analyst-analyst-estimates"",""name"":""Analyst Estimates""}","[]","MATRIX","TOP500","0"
"0","{""id"":""analyst"",""name"":""Analyst""}","0","{""id"":""analyst15"",""name"":""Earnings forecasts""}","1","2026-07-01","1","Total number of analyst DPS estimates for calendarized FY2 across USA companies in the industry","anl15_dps_ind_cal_fy2_ests","2","DEU","{""id"":""analyst-analyst-estimates"",""name"":""Analyst Estimates""}","[]","MATRIX","TOP500","0"
"0","{""id"":""analyst"",""name"":""Analyst""}","0","{""id"":""analyst15"",""name"":""Earnings forecasts""}","1","2026-07-01","1","Weighted year-over-year growth in DPS for calendarized FY2 across USA companies in the industry","anl15_dps_ind_cal_fy2_gro","2","DEU","{""id"":""analyst-analyst-estimates"",""name"":""Analyst Estimates""}","[]","MATRIX","TOP500","0"
"0","{""id"":""analyst"",""name"":""Analyst""}","0","{""id"":""analyst15"",""name"":""Earnings forecasts""}","1","2026-07-01","1","Weighted average DPS consensus for calendarized Fiscal Year 2 at the industry level in the USA","anl15_dps_ind_cal_fy2_mean","2","DEU","{""id"":""analyst-analyst-estimates"",""name"":""Analyst Estimates""}","[]","MATRIX","TOP500","0"
"0","{""id"":""analyst"",""name"":""Analyst""}","0","{""id"":""analyst15"",""name"":""Earnings forecasts""}","1","2026-07-01","1","Weighted average Price/Earnings ratio for calendarized FY2 across USA companies in the industry","anl15_dps_ind_cal_fy2_pe","2","DEU","{""id"":""analyst-analyst-estimates"",""name"":""Analyst Estimates""}","[]","MATRIX","TOP500","0"
"0","{""id"":""analyst"",""name"":""Analyst""}","0","{""id"":""analyst15"",""name"":""Earnings forecasts""}","1","2026-07-01","1","The weighted average standard deviation of dividend per share (DPS) estimation for the calendarized 2 fiscal years aggregated within GICS industry grouping.","anl15_dps_ind_cal_fy2_st_dev","2","DEU","{""id"":""analyst-analyst-estimates"",""name"":""Analyst Estimates""}","[]","MATRIX","TOP500","0"
"0","{""id"":""analyst"",""name"":""Analyst""}","0","{""id"":""analyst15"",""name"":""Earnings forecasts""}","1","2026-07-01","1","The total of dividend per share (DPS) estimation for the calendarized 2 fiscal year aggregated within GICS industry grouping.","anl15_dps_ind_cal_fy2_total","2","DEU","{""id"":""analyst-analyst-estimates"",""name"":""Analyst Estimates""}","[]","MATRIX","TOP500","0"
"0","{""id"":""analyst"",""name"":""Analyst""}","0","{""id"":""analyst15"",""name"":""Earnings forecasts""}","1","2026-07-01","1","Weighted one-month percent change in calendarized FY3 DPS forecasts (constant sample) at the industry level in the Americas","anl15_dps_ind_cal_fy3_1m_chg","2","DEU","{""id"":""analyst-analyst-estimates"",""name"":""Analyst Estimates""}","[]","MATRIX","TOP500","0"
"0","{""id"":""analyst"",""name"":""Analyst""}","0","{""id"":""analyst15"",""name"":""Earnings forecasts""}","1","2026-07-01","1","Weighted three-month percent change in calendarized fiscal year 3 dividends per share (DPS) consensus at the industry level for USA, using point-in-time constituents","anl15_dps_ind_cal_fy3_3m_chg","2","DEU","{""id"":""analyst-analyst-estimates"",""name"":""Analyst Estimates""}","[]","MATRIX","TOP500","0"
"0","{""id"":""analyst"",""name"":""Analyst""}","0","{""id"":""analyst15"",""name"":""Earnings forecasts""}","1","2026-07-01","1","Weighted six-month percent change in calendarized fiscal year 3 dividends per share (DPS) consensus at the industry level for USA, using point-in-time constituents","anl15_dps_ind_cal_fy3_6m_chg","2","DEU","{""id"":""analyst-analyst-estimates"",""name"":""Analyst Estimates""}","[]","MATRIX","TOP500","0"
"0","{""id"":""analyst"",""name"":""Analyst""}","0","{""id"":""analyst15"",""name"":""Earnings forecasts""}","1","2026-07-01","1","Consensus coverage count for calendarized FY3 dividends per share (DPS) at the industry aggregation for USA (number of companies with an FY3 DPS estimate)","anl15_dps_ind_cal_fy3_cos","2","DEU","{""id"":""analyst-analyst-estimates"",""name"":""Analyst Estimates""}","[]","MATRIX","TOP500","0"
"0","{""id"":""analyst"",""name"":""Analyst""}","0","{""id"":""analyst15"",""name"":""Earnings forecasts""}","1","2026-07-01","1","Number of dividend per share estimates for calendarized Fiscal Year 3 aggregated at industry level in China","anl15_dps_ind_cal_fy3_ests","2","DEU","{""id"":""analyst-analyst-estimates"",""name"":""Analyst Estimates""}","[]","MATRIX","TOP500","0"
"0","{""id"":""analyst"",""name"":""Analyst""}","0","{""id"":""analyst15"",""name"":""Earnings forecasts""}","1","2026-07-01","1","Weighted year-over-year growth in DPS for calendarized Fiscal Year 3 at the industry level in the Americas","anl15_dps_ind_cal_fy3_gro","2","DEU","{""id"":""analyst-analyst-estimates"",""name"":""Analyst Estimates""}","[]","MATRIX","TOP500","0"
"0","{""id"":""analyst"",""name"":""Analyst""}","0","{""id"":""analyst15"",""name"":""Earnings forecasts""}","1","2026-07-01","1","The weighted average of dividend per share (DPS) estimation for the calendarized 3 fiscal year aggregated within GICS industry grouping.","anl15_dps_ind_cal_fy3_mean","2","DEU","{""id"":""analyst-analyst-estimates"",""name"":""Analyst Estimates""}","[]","MATRIX","TOP500","0"
"0","{""id"":""analyst"",""name"":""Analyst""}","0","{""id"":""analyst15"",""name"":""Earnings forecasts""}","1","2026-07-01","1","Weighted average price-to-earnings (P/E) ratio for calendarized Fiscal Year 3, aggregated at industry level","anl15_dps_ind_cal_fy3_pe","2","DEU","{""id"":""analyst-analyst-estimates"",""name"":""Analyst Estimates""}","[]","MATRIX","TOP500","0"
"0","{""id"":""analyst"",""name"":""Analyst""}","0","{""id"":""analyst15"",""name"":""Earnings forecasts""}","1","2026-07-01","1","The weighted average standard deviation of dividend per share (DPS) estimation for the calendarized 3 fiscal years aggregated within GICS industry grouping.","anl15_dps_ind_cal_fy3_st_dev","2","DEU","{""id"":""analyst-analyst-estimates"",""name"":""Analyst Estimates""}","[]","MATRIX","TOP500","0"
"0","{""id"":""analyst"",""name"":""Analyst""}","0","{""id"":""analyst15"",""name"":""Earnings forecasts""}","1","2026-07-01","1","The total of dividend per share (DPS) estimation for the calendarized 3 fiscal years aggregated within GICS industry grouping.","anl15_dps_ind_cal_fy3_total","2","DEU","{""id"":""analyst-analyst-estimates"",""name"":""Analyst Estimates""}","[]","MATRIX","TOP500","0"
"0","{""id"":""analyst"",""name"":""Analyst""}","0","{""id"":""analyst15"",""name"":""Earnings forecasts""}","1","2026-07-01","1","Industry-level number of companies whose calendarized FY1 mean DPS was lowered since last month","anl15_dps_ind_fy1_cos_dn","2","DEU","{""id"":""analyst-analyst-estimates"",""name"":""Analyst Estimates""}","[]","MATRIX","TOP500","0"
"0","{""id"":""analyst"",""name"":""Analyst""}","0","{""id"":""analyst15"",""name"":""Earnings forecasts""}","1","2026-07-01","1","The number of companies for which dividend per share (DPS) estimation for the calendarized 1 fiscal year has been raised from last month within GICS industry grouping.","anl15_dps_ind_fy1_cos_up","2","DEU","{""id"":""analyst-analyst-estimates"",""name"":""Analyst Estimates""}","[]","MATRIX","TOP500","0"
"0","{""id"":""analyst"",""name"":""Analyst""}","0","{""id"":""analyst15"",""name"":""Earnings forecasts""}","1","2026-07-01","1","Number of calendarized Fiscal Year 1 DPS estimates lowered since last month aggregated at the industry level","anl15_dps_ind_fy1_ests_dn","2","DEU","{""id"":""analyst-analyst-estimates"",""name"":""Analyst Estimates""}","[]","MATRIX","TOP500","0"
"0","{""id"":""analyst"",""name"":""Analyst""}","0","{""id"":""analyst15"",""name"":""Earnings forecasts""}","1","2026-07-01","1","Number of FY1 DPS analyst estimates revised upward over the past month, aggregated at the industry level in Europe","anl15_dps_ind_fy1_ests_up","2","DEU","{""id"":""analyst-analyst-estimates"",""name"":""Analyst Estimates""}","[]","MATRIX","TOP500","0"
"0","{""id"":""analyst"",""name"":""Analyst""}","0","{""id"":""analyst15"",""name"":""Earnings forecasts""}","1","2026-07-01","1","Number of USA companies in the industry whose calendarized FY2 DPS consensus (mean) has been lowered since last month","anl15_dps_ind_fy2_cos_dn","2","DEU","{""id"":""analyst-analyst-estimates"",""name"":""Analyst Estimates""}","[]","MATRIX","TOP500","0"
"0","{""id"":""analyst"",""name"":""Analyst""}","0","{""id"":""analyst15"",""name"":""Earnings forecasts""}","1","2026-07-01","1","Number of companies in the industry whose calendarized FY2 DPS consensus has been revised up since last month (breadth of upward revisions) in the USA","anl15_dps_ind_fy2_cos_up","2","DEU","{""id"":""analyst-analyst-estimates"",""name"":""Analyst Estimates""}","[]","MATRIX","TOP500","0"
"0","{""id"":""analyst"",""name"":""Analyst""}","0","{""id"":""analyst15"",""name"":""Earnings forecasts""}","1","2026-07-01","1","Number of individual FY2 DPS estimates that were revised downward since last month across USA companies in the industry","anl15_dps_ind_fy2_ests_dn","2","DEU","{""id"":""analyst-analyst-estimates"",""name"":""Analyst Estimates""}","[]","MATRIX","TOP500","0"
"0","{""id"":""analyst"",""name"":""Analyst""}","0","{""id"":""analyst15"",""name"":""Earnings forecasts""}","1","2026-07-01","1","Number of individual FY2 DPS estimates that were revised upward since last month across USA companies in the industry","anl15_dps_ind_fy2_ests_up","2","DEU","{""id"":""analyst-analyst-estimates"",""name"":""Analyst Estimates""}","[]","MATRIX","TOP500","0"
"0","{""id"":""analyst"",""name"":""Analyst""}","0","{""id"":""analyst15"",""name"":""Earnings forecasts""}","1","2026-07-01","1","Number of companies whose calendarized FY3 dividends per share (DPS) consensus has been lowered since last month at the industry aggregation for USA","anl15_dps_ind_fy3_cos_dn","2","DEU","{""id"":""analyst-analyst-estimates"",""name"":""Analyst Estimates""}","[]","MATRIX","TOP500","0"
"0","{""id"":""analyst"",""name"":""Analyst""}","0","{""id"":""analyst15"",""name"":""Earnings forecasts""}","1","2026-07-01","1","Number of companies whose calendarized FY3 dividends per share (DPS) consensus has been raised since last month at the industry aggregation for USA","anl15_dps_ind_fy3_cos_up","2","DEU","{""id"":""analyst-analyst-estimates"",""name"":""Analyst Estimates""}","[]","MATRIX","TOP500","0"
"0","{""id"":""analyst"",""name"":""Analyst""}","0","{""id"":""analyst15"",""name"":""Earnings forecasts""}","1","2026-07-01","1","Industry-level number of calendarized FY3 DPS estimates lowered since last month","anl15_dps_ind_fy3_ests_dn","2","DEU","{""id"":""analyst-analyst-estimates"",""name"":""Analyst Estimates""}","[]","MATRIX","TOP500","0"
"0","{""id"":""analyst"",""name"":""Analyst""}","0","{""id"":""analyst15"",""name"":""Earnings forecasts""}","1","2026-07-01","1","Industry-level number of calendarized FY3 DPS estimates raised since last month in China","anl15_dps_ind_fy3_ests_up","2","DEU","{""id"":""analyst-analyst-estimates"",""name"":""Analyst Estimates""}","[]","MATRIX","TOP500","0"
"0","{""id"":""analyst"",""name"":""Analyst""}","0","{""id"":""analyst15"",""name"":""Earnings forecasts""}","1","2026-07-01","1","Sector-level weighted one-month percent change in 12-month forward dividend per share forecasts","anl15_dps_s_12_m_1m_chg","2","DEU","{""id"":""analyst-analyst-estimates"",""name"":""Analyst Estimates""}","[]","MATRIX","TOP500","0"
"0","{""id"":""analyst"",""name"":""Analyst""}","0","{""id"":""analyst15"",""name"":""Earnings forecasts""}","1","2026-07-01","1","The weighted 3-month percent change of 12-month forward dividend per share (DPS) estimation aggregated within GICS sector grouping.","anl15_dps_s_12_m_3m_chg","2","DEU","{""id"":""analyst-analyst-estimates"",""name"":""Analyst Estimates""}","[]","MATRIX","TOP500","0"
"0","{""id"":""analyst"",""name"":""Analyst""}","0","{""id"":""analyst15"",""name"":""Earnings forecasts""}","1","2026-07-01","1","The weighted 6-month percent change of 12-month forward dividend per share (DPS) estimation aggregated within GICS sector grouping.","anl15_dps_s_12_m_6m_chg","2","DEU","{""id"":""analyst-analyst-estimates"",""name"":""Analyst Estimates""}","[]","MATRIX","TOP500","0"
"0","{""id"":""analyst"",""name"":""Analyst""}","0","{""id"":""analyst15"",""name"":""Earnings forecasts""}","1","2026-07-01","1","The number of companies with a 12-month forward mean dividend per share (DPS) estimation within GICS sector grouping.","anl15_dps_s_12_m_cos","2","DEU","{""id"":""analyst-analyst-estimates"",""name"":""Analyst Estimates""}","[]","MATRIX","TOP500","0"
"0","{""id"":""analyst"",""name"":""Analyst""}","0","{""id"":""analyst15"",""name"":""Earnings forecasts""}","1","2026-07-01","1","Number of companies whose forward 12-month DPS consensus decreased over the past month at the sector level for USA","anl15_dps_s_12_m_cos_dn","2","DEU","{""id"":""analyst-analyst-estimates"",""name"":""Analyst Estimates""}","[]","MATRIX","TOP500","0"
"0","{""id"":""analyst"",""name"":""Analyst""}","0","{""id"":""analyst15"",""name"":""Earnings forecasts""}","1","2026-07-01","1","Number of companies whose forward 12-month DPS consensus increased over the past month at the sector level for USA","anl15_dps_s_12_m_cos_up","2","DEU","{""id"":""analyst-analyst-estimates"",""name"":""Analyst Estimates""}","[]","MATRIX","TOP500","0"
"0","{""id"":""analyst"",""name"":""Analyst""}","0","{""id"":""analyst15"",""name"":""Earnings forecasts""}","1","2026-07-01","1","Sector-level number of 12-month forward DPS estimates (pro-rated total) in China","anl15_dps_s_12_m_ests","2","DEU","{""id"":""analyst-analyst-estimates"",""name"":""Analyst Estimates""}","[]","MATRIX","TOP500","0"
"0","{""id"":""analyst"",""name"":""Analyst""}","0","{""id"":""analyst15"",""name"":""Earnings forecasts""}","1","2026-07-01","1","12-month forward number of DPS estimates lowered since last month at the sector level in the Americas","anl15_dps_s_12_m_ests_dn","2","DEU","{""id"":""analyst-analyst-estimates"",""name"":""Analyst Estimates""}","[]","MATRIX","TOP500","0"
"0","{""id"":""analyst"",""name"":""Analyst""}","0","{""id"":""analyst15"",""name"":""Earnings forecasts""}","1","2026-07-01","1","Pro-rated number of forward 12-month DPS estimates raised since last month, aggregated at the sector level in the Americas","anl15_dps_s_12_m_ests_up","2","DEU","{""id"":""analyst-analyst-estimates"",""name"":""Analyst Estimates""}","[]","MATRIX","TOP500","0"
"0","{""id"":""analyst"",""name"":""Analyst""}","0","{""id"":""analyst15"",""name"":""Earnings forecasts""}","1","2026-07-01","1","The weighted 12-month forward year-over-year growth of dividend per share (DPS) estimation aggregated within GICS sector grouping.","anl15_dps_s_12_m_gro","2","DEU","{""id"":""analyst-analyst-estimates"",""name"":""Analyst Estimates""}","[]","MATRIX","TOP500","0"
"0","{""id"":""analyst"",""name"":""Analyst""}","0","{""id"":""analyst15"",""name"":""Earnings forecasts""}","1","2026-07-01","1","Weighted average forward 12-month dividends per share (DPS) at the sector level for USA","anl15_dps_s_12_m_mean","2","DEU","{""id"":""analyst-analyst-estimates"",""name"":""Analyst Estimates""}","[]","MATRIX","TOP500","0"
"0","{""id"":""analyst"",""name"":""Analyst""}","0","{""id"":""analyst15"",""name"":""Earnings forecasts""}","1","2026-07-01","1","Weighted average price‑to‑earnings ratio based on 12‑month forward earnings aggregated at the sector level","anl15_dps_s_12_m_pe","2","DEU","{""id"":""analyst-analyst-estimates"",""name"":""Analyst Estimates""}","[]","MATRIX","TOP500","0"
"0","{""id"":""analyst"",""name"":""Analyst""}","0","{""id"":""analyst15"",""name"":""Earnings forecasts""}","1","2026-07-01","1","The weighted average standard deviation of 12-month forward dividend per share (DPS) estimation aggregated within GICS sector grouping.","anl15_dps_s_12_m_st_dev","2","DEU","{""id"":""analyst-analyst-estimates"",""name"":""Analyst Estimates""}","[]","MATRIX","TOP500","0"
"0","{""id"":""analyst"",""name"":""Analyst""}","0","{""id"":""analyst15"",""name"":""Earnings forecasts""}","1","2026-07-01","1","The total of 12-month forward dividend per share (DPS) estimation aggregated within GICS sector grouping.","anl15_dps_s_12_m_total","2","DEU","{""id"":""analyst-analyst-estimates"",""name"":""Analyst Estimates""}","[]","MATRIX","TOP500","0"
"0","{""id"":""analyst"",""name"":""Analyst""}","0","{""id"":""analyst15"",""name"":""Earnings forecasts""}","1","2026-07-01","1","Weighted average trailing 12-month dividends per share (DPS) at the sector level for USA","anl15_dps_s_12_m_tr_mean","2","DEU","{""id"":""analyst-analyst-estimates"",""name"":""Analyst Estimates""}","[]","MATRIX","TOP500","0"
"0","{""id"":""analyst"",""name"":""Analyst""}","0","{""id"":""analyst15"",""name"":""Earnings forecasts""}","1","2026-07-01","1","Weighted one-month percent change in 18-month forward DPS forecasts, using a constant sample, aggregated at the sector level","anl15_dps_s_18_m_1m_chg","2","DEU","{""id"":""analyst-analyst-estimates"",""name"":""Analyst Estimates""}","[]","MATRIX","TOP500","0"
"0","{""id"":""analyst"",""name"":""Analyst""}","0","{""id"":""analyst15"",""name"":""Earnings forecasts""}","1","2026-07-01","1","Weighted three-month percent change in 18-month forward DPS forecasts, using a constant sample, aggregated at the sector level","anl15_dps_s_18_m_3m_chg","2","DEU","{""id"":""analyst-analyst-estimates"",""name"":""Analyst Estimates""}","[]","MATRIX","TOP500","0"
"0","{""id"":""analyst"",""name"":""Analyst""}","0","{""id"":""analyst15"",""name"":""Earnings forecasts""}","1","2026-07-01","1","Weighted six-month percent change in 18-month forward DPS forecasts, using a constant sample, aggregated at the sector level","anl15_dps_s_18_m_6m_chg","2","DEU","{""id"":""analyst-analyst-estimates"",""name"":""Analyst Estimates""}","[]","MATRIX","TOP500","0"
"0","{""id"":""analyst"",""name"":""Analyst""}","0","{""id"":""analyst15"",""name"":""Earnings forecasts""}","1","2026-07-01","1","The number of companies with an 18-month forward mean dividend per share (DPS) estimation within GICS sector grouping.","anl15_dps_s_18_m_cos","2","DEU","{""id"":""analyst-analyst-estimates"",""name"":""Analyst Estimates""}","[]","MATRIX","TOP500","0"
"0","{""id"":""analyst"",""name"":""Analyst""}","0","{""id"":""analyst15"",""name"":""Earnings forecasts""}","1","2026-07-01","1","The number of companies for which 18-month forward mean dividend per share (DPS) estimation has been lowered from last month within GICS sector grouping.","anl15_dps_s_18_m_cos_dn","2","DEU","{""id"":""analyst-analyst-estimates"",""name"":""Analyst Estimates""}","[]","MATRIX","TOP500","0"
"0","{""id"":""analyst"",""name"":""Analyst""}","0","{""id"":""analyst15"",""name"":""Earnings forecasts""}","1","2026-07-01","1","Number of companies whose 18-month forward DPS consensus mean increased since last month at the sector level in the Americas","anl15_dps_s_18_m_cos_up","2","DEU","{""id"":""analyst-analyst-estimates"",""name"":""Analyst Estimates""}","[]","MATRIX","TOP500","0"
"0","{""id"":""analyst"",""name"":""Analyst""}","0","{""id"":""analyst15"",""name"":""Earnings forecasts""}","1","2026-07-01","1","Number of analyst estimates contributing to the 18-month forward DPS consensus, aggregated at the sector level","anl15_dps_s_18_m_ests","2","DEU","{""id"":""analyst-analyst-estimates"",""name"":""Analyst Estimates""}","[]","MATRIX","TOP500","0"
"0","{""id"":""analyst"",""name"":""Analyst""}","0","{""id"":""analyst15"",""name"":""Earnings forecasts""}","1","2026-07-01","1","Number of DPS estimates with negative revisions over the trailing 18‑month period, aggregated at the global sector level","anl15_dps_s_18_m_ests_dn","2","DEU","{""id"":""analyst-analyst-estimates"",""name"":""Analyst Estimates""}","[]","MATRIX","TOP500","0"
"0","{""id"":""analyst"",""name"":""Analyst""}","0","{""id"":""analyst15"",""name"":""Earnings forecasts""}","1","2026-07-01","1","Number of DPS estimates with positive revisions over the trailing 18‑month period, aggregated at the global sector level","anl15_dps_s_18_m_ests_up","2","DEU","{""id"":""analyst-analyst-estimates"",""name"":""Analyst Estimates""}","[]","MATRIX","TOP500","0"
"0","{""id"":""analyst"",""name"":""Analyst""}","0","{""id"":""analyst15"",""name"":""Earnings forecasts""}","1","2026-07-01","1","The weighted 18-month forward year-over-year growth of dividend per share (DPS) estimation aggregated within GICS sector grouping.","anl15_dps_s_18_m_gro","2","DEU","{""id"":""analyst-analyst-estimates"",""name"":""Analyst Estimates""}","[]","MATRIX","TOP500","0"
"0","{""id"":""analyst"",""name"":""Analyst""}","0","{""id"":""analyst15"",""name"":""Earnings forecasts""}","1","2026-07-01","1","Sector-level weighted average of the 18-month forward dividend per share (DPS) consensus for USA constituents","anl15_dps_s_18_m_mean","2","DEU","{""id"":""analyst-analyst-estimates"",""name"":""Analyst Estimates""}","[]","MATRIX","TOP500","0"
"0","{""id"":""analyst"",""name"":""Analyst""}","0","{""id"":""analyst15"",""name"":""Earnings forecasts""}","1","2026-07-01","1","The weighted average price/earnings ratio based on 18-month forward EPS estimation aggregated within GICS sector grouping.","anl15_dps_s_18_m_pe","2","DEU","{""id"":""analyst-analyst-estimates"",""name"":""Analyst Estimates""}","[]","MATRIX","TOP500","0"
"0","{""id"":""analyst"",""name"":""Analyst""}","0","{""id"":""analyst15"",""name"":""Earnings forecasts""}","1","2026-07-01","1","Sector-level weighted average standard deviation of 18-month forward DPS forecasts across USA constituents","anl15_dps_s_18_m_st_dev","2","DEU","{""id"":""analyst-analyst-estimates"",""name"":""Analyst Estimates""}","[]","MATRIX","TOP500","0"
"0","{""id"":""analyst"",""name"":""Analyst""}","0","{""id"":""analyst15"",""name"":""Earnings forecasts""}","1","2026-07-01","1","The total of 18-month forward dividend per share (DPS) estimation aggregated within GICS sector grouping.","anl15_dps_s_18_m_total","2","DEU","{""id"":""analyst-analyst-estimates"",""name"":""Analyst Estimates""}","[]","MATRIX","TOP500","0"
"0","{""id"":""analyst"",""name"":""Analyst""}","0","{""id"":""analyst15"",""name"":""Earnings forecasts""}","1","2026-07-01","1","The weighted year-over-year growth of dividend per share (DPS) estimation for the current calendarized fiscal year aggregated within GICS sector grouping.","anl15_dps_s_cal_fy0_gro","2","DEU","{""id"":""analyst-analyst-estimates"",""name"":""Analyst Estimates""}","[]","MATRIX","TOP500","0"
"0","{""id"":""analyst"",""name"":""Analyst""}","0","{""id"":""analyst15"",""name"":""Earnings forecasts""}","1","2026-07-01","1","Price-to-Earnings ratio for the current calendarized fiscal year aggregated at sector level","anl15_dps_s_cal_fy0_pe","2","DEU","{""id"":""analyst-analyst-estimates"",""name"":""Analyst Estimates""}","[]","MATRIX","TOP500","0"
"0","{""id"":""analyst"",""name"":""Analyst""}","0","{""id"":""analyst15"",""name"":""Earnings forecasts""}","1","2026-07-01","1","Total earnings for the calendarized Fiscal Year 0 period (sum of EPS times shares), aggregated at sector level","anl15_dps_s_cal_fy0_total","2","DEU","{""id"":""analyst-analyst-estimates"",""name"":""Analyst Estimates""}","[]","MATRIX","TOP500","0"
"0","{""id"":""analyst"",""name"":""Analyst""}","0","{""id"":""analyst15"",""name"":""Earnings forecasts""}","1","2026-07-01","1","The weighted average of dividend per share (DPS) estimation for the current calendarized fiscal year aggregated within GICS sector grouping.","anl15_dps_s_cal_fy0_val","2","DEU","{""id"":""analyst-analyst-estimates"",""name"":""Analyst Estimates""}","[]","MATRIX","TOP500","0"
"0","{""id"":""analyst"",""name"":""Analyst""}","0","{""id"":""analyst15"",""name"":""Earnings forecasts""}","1","2026-07-01","1","Weighted one-month percent change in DPS consensus forecasts for calendarized Fiscal Year 1 (constant sample) at the sector level in the USA","anl15_dps_s_cal_fy1_1m_chg","2","DEU","{""id"":""analyst-analyst-estimates"",""name"":""Analyst Estimates""}","[]","MATRIX","TOP500","0"
"0","{""id"":""analyst"",""name"":""Analyst""}","0","{""id"":""analyst15"",""name"":""Earnings forecasts""}","1","2026-07-01","1","Weighted three-month percent change in DPS consensus forecasts for calendarized Fiscal Year 1 (constant sample) at the sector level in the USA","anl15_dps_s_cal_fy1_3m_chg","2","DEU","{""id"":""analyst-analyst-estimates"",""name"":""Analyst Estimates""}","[]","MATRIX","TOP500","0"
"0","{""id"":""analyst"",""name"":""Analyst""}","0","{""id"":""analyst15"",""name"":""Earnings forecasts""}","1","2026-07-01","1","Weighted six-month percent change in DPS consensus forecasts for calendarized Fiscal Year 1 (constant sample) at the sector level in the USA","anl15_dps_s_cal_fy1_6m_chg","2","DEU","{""id"":""analyst-analyst-estimates"",""name"":""Analyst Estimates""}","[]","MATRIX","TOP500","0"
"0","{""id"":""analyst"",""name"":""Analyst""}","0","{""id"":""analyst15"",""name"":""Earnings forecasts""}","1","2026-07-01","1","Sector-level count of contributing analyst estimates (coverage) for the FY1 DPS consensus","anl15_dps_s_cal_fy1_cos","2","DEU","{""id"":""analyst-analyst-estimates"",""name"":""Analyst Estimates""}","[]","MATRIX","TOP500","0"
"0","{""id"":""analyst"",""name"":""Analyst""}","0","{""id"":""analyst15"",""name"":""Earnings forecasts""}","1","2026-07-01","1","Total number of Fiscal Year 1 estimates, aggregated at sector level","anl15_dps_s_cal_fy1_ests","2","DEU","{""id"":""analyst-analyst-estimates"",""name"":""Analyst Estimates""}","[]","MATRIX","TOP500","0"
"0","{""id"":""analyst"",""name"":""Analyst""}","0","{""id"":""analyst15"",""name"":""Earnings forecasts""}","1","2026-07-01","1","Sector-level weighted year-over-year growth in dividend per share for calendarized Fiscal Year 1","anl15_dps_s_cal_fy1_gro","2","DEU","{""id"":""analyst-analyst-estimates"",""name"":""Analyst Estimates""}","[]","MATRIX","TOP500","0"
"0","{""id"":""analyst"",""name"":""Analyst""}","0","{""id"":""analyst15"",""name"":""Earnings forecasts""}","1","2026-07-01","1","Sector-level weighted average DPS for calendarized Fiscal Year 1 in Japan","anl15_dps_s_cal_fy1_mean","2","DEU","{""id"":""analyst-analyst-estimates"",""name"":""Analyst Estimates""}","[]","MATRIX","TOP500","0"
"0","{""id"":""analyst"",""name"":""Analyst""}","0","{""id"":""analyst15"",""name"":""Earnings forecasts""}","1","2026-07-01","1","Weighted average price-to-earnings (P/E) ratio for calendarized Fiscal Year 1, aggregated at sector level","anl15_dps_s_cal_fy1_pe","2","DEU","{""id"":""analyst-analyst-estimates"",""name"":""Analyst Estimates""}","[]","MATRIX","TOP500","0"
"0","{""id"":""analyst"",""name"":""Analyst""}","0","{""id"":""analyst15"",""name"":""Earnings forecasts""}","1","2026-07-01","1","The weighted average standard deviation of dividend per share (DPS) estimation for the calendarized 1 fiscal year aggregated within GICS sector grouping.","anl15_dps_s_cal_fy1_st_dev","2","DEU","{""id"":""analyst-analyst-estimates"",""name"":""Analyst Estimates""}","[]","MATRIX","TOP500","0"
"0","{""id"":""analyst"",""name"":""Analyst""}","0","{""id"":""analyst15"",""name"":""Earnings forecasts""}","1","2026-07-01","1","The total of dividend per share (DPS) estimation for the calendarized 1 fiscal year aggregated within GICS sector grouping.","anl15_dps_s_cal_fy1_total","2","DEU","{""id"":""analyst-analyst-estimates"",""name"":""Analyst Estimates""}","[]","MATRIX","TOP500","0"
"0","{""id"":""analyst"",""name"":""Analyst""}","0","{""id"":""analyst15"",""name"":""Earnings forecasts""}","1","2026-07-01","1","Weighted one-month percent change in calendarized FY2 DPS consensus forecasts using a constant sample, aggregated at the sector level for USA","anl15_dps_s_cal_fy2_1m_chg","2","DEU","{""id"":""analyst-analyst-estimates"",""name"":""Analyst Estimates""}","[]","MATRIX","TOP500","0"
"0","{""id"":""analyst"",""name"":""Analyst""}","0","{""id"":""analyst15"",""name"":""Earnings forecasts""}","1","2026-07-01","1","Three-month percent change in the calendarized FY2 dividends per share (DPS) consensus at the sector aggregation for USA, weighted using a constant sample and computed point-in-time with as-of-date constituents","anl15_dps_s_cal_fy2_3m_chg","2","DEU","{""id"":""analyst-analyst-estimates"",""name"":""Analyst Estimates""}","[]","MATRIX","TOP500","0"
"0","{""id"":""analyst"",""name"":""Analyst""}","0","{""id"":""analyst15"",""name"":""Earnings forecasts""}","1","2026-07-01","1","Six-month percent change in the calendarized FY2 dividends per share (DPS) consensus at the sector aggregation for USA, weighted using a constant sample and computed point-in-time with as-of-date constituents","anl15_dps_s_cal_fy2_6m_chg","2","DEU","{""id"":""analyst-analyst-estimates"",""name"":""Analyst Estimates""}","[]","MATRIX","TOP500","0"
"0","{""id"":""analyst"",""name"":""Analyst""}","0","{""id"":""analyst15"",""name"":""Earnings forecasts""}","1","2026-07-01","1","Consensus DPS estimate for calendarized Fiscal Year 2 at the subindustry level","anl15_dps_s_cal_fy2_cos","2","DEU","{""id"":""analyst-analyst-estimates"",""name"":""Analyst Estimates""}","[]","MATRIX","TOP500","0"
"0","{""id"":""analyst"",""name"":""Analyst""}","0","{""id"":""analyst15"",""name"":""Earnings forecasts""}","1","2026-07-01","1","Total number of analyst DPS estimates for calendarized FY2 across USA companies in the sector","anl15_dps_s_cal_fy2_ests","2","DEU","{""id"":""analyst-analyst-estimates"",""name"":""Analyst Estimates""}","[]","MATRIX","TOP500","0"
"0","{""id"":""analyst"",""name"":""Analyst""}","0","{""id"":""analyst15"",""name"":""Earnings forecasts""}","1","2026-07-01","1","The weighted year-over-year growth of dividend per share (DPS) estimation for the calendarized 2 fiscal years aggregated within GICS sector grouping.","anl15_dps_s_cal_fy2_gro","2","DEU","{""id"":""analyst-analyst-estimates"",""name"":""Analyst Estimates""}","[]","MATRIX","TOP500","0"
"0","{""id"":""analyst"",""name"":""Analyst""}","0","{""id"":""analyst15"",""name"":""Earnings forecasts""}","1","2026-07-01","1","Weighted average DPS consensus for calendarized Fiscal Year 2 at the sector level in the USA","anl15_dps_s_cal_fy2_mean","2","DEU","{""id"":""analyst-analyst-estimates"",""name"":""Analyst Estimates""}","[]","MATRIX","TOP500","0"
"0","{""id"":""analyst"",""name"":""Analyst""}","0","{""id"":""analyst15"",""name"":""Earnings forecasts""}","1","2026-07-01","1","Weighted average Price/Earnings ratio for calendarized FY2 across USA companies in the sector","anl15_dps_s_cal_fy2_pe","2","DEU","{""id"":""analyst-analyst-estimates"",""name"":""Analyst Estimates""}","[]","MATRIX","TOP500","0"
"0","{""id"":""analyst"",""name"":""Analyst""}","0","{""id"":""analyst15"",""name"":""Earnings forecasts""}","1","2026-07-01","1","The weighted average standard deviation of dividend per share (DPS) estimation for the calendarized 2 fiscal year aggregated within GICS sector grouping.","anl15_dps_s_cal_fy2_st_dev","2","DEU","{""id"":""analyst-analyst-estimates"",""name"":""Analyst Estimates""}","[]","MATRIX","TOP500","0"
"0","{""id"":""analyst"",""name"":""Analyst""}","0","{""id"":""analyst15"",""name"":""Earnings forecasts""}","1","2026-07-01","1","The total of dividend per share (DPS) estimation for the calendarized 2 fiscal years aggregated within GICS sector grouping.","anl15_dps_s_cal_fy2_total","2","DEU","{""id"":""analyst-analyst-estimates"",""name"":""Analyst Estimates""}","[]","MATRIX","TOP500","0"
"0","{""id"":""analyst"",""name"":""Analyst""}","0","{""id"":""analyst15"",""name"":""Earnings forecasts""}","1","2026-07-01","1","Weighted one-month percent change in calendarized FY3 DPS forecasts (constant sample) at the sector level in the Americas","anl15_dps_s_cal_fy3_1m_chg","2","DEU","{""id"":""analyst-analyst-estimates"",""name"":""Analyst Estimates""}","[]","MATRIX","TOP500","0"
"0","{""id"":""analyst"",""name"":""Analyst""}","0","{""id"":""analyst15"",""name"":""Earnings forecasts""}","1","2026-07-01","1","Weighted three-month percent change in earnings forecasts for calendarized Fiscal Year 3, using a constant sample, aggregated at sector level","anl15_dps_s_cal_fy3_3m_chg","2","DEU","{""id"":""analyst-analyst-estimates"",""name"":""Analyst Estimates""}","[]","MATRIX","TOP500","0"
"0","{""id"":""analyst"",""name"":""Analyst""}","0","{""id"":""analyst15"",""name"":""Earnings forecasts""}","1","2026-07-01","1","Weighted six-month percent change in calendarized fiscal year 3 dividends per share (DPS) consensus at the sector level for USA, using point-in-time constituents","anl15_dps_s_cal_fy3_6m_chg","2","DEU","{""id"":""analyst-analyst-estimates"",""name"":""Analyst Estimates""}","[]","MATRIX","TOP500","0"
"0","{""id"":""analyst"",""name"":""Analyst""}","0","{""id"":""analyst15"",""name"":""Earnings forecasts""}","1","2026-07-01","1","Consensus coverage count for calendarized FY3 dividends per share (DPS) at the sector aggregation for USA (number of companies with an FY3 DPS estimate)","anl15_dps_s_cal_fy3_cos","2","DEU","{""id"":""analyst-analyst-estimates"",""name"":""Analyst Estimates""}","[]","MATRIX","TOP500","0"
"0","{""id"":""analyst"",""name"":""Analyst""}","0","{""id"":""analyst15"",""name"":""Earnings forecasts""}","1","2026-07-01","1","Sector-level number of analyst DPS estimates for calendarized Fiscal Year 3","anl15_dps_s_cal_fy3_ests","2","DEU","{""id"":""analyst-analyst-estimates"",""name"":""Analyst Estimates""}","[]","MATRIX","TOP500","0"
"0","{""id"":""analyst"",""name"":""Analyst""}","0","{""id"":""analyst15"",""name"":""Earnings forecasts""}","1","2026-07-01","1","Sector-level weighted year-over-year growth in dividend per share for calendarized Fiscal Year 3","anl15_dps_s_cal_fy3_gro","2","DEU","{""id"":""analyst-analyst-estimates"",""name"":""Analyst Estimates""}","[]","MATRIX","TOP500","0"
"0","{""id"":""analyst"",""name"":""Analyst""}","0","{""id"":""analyst15"",""name"":""Earnings forecasts""}","1","2026-07-01","1","Weighted average calendarized FY3 dividends per share (DPS) consensus at the sector aggregation for USA, computed point-in-time with as-of-date constituents","anl15_dps_s_cal_fy3_mean","2","DEU","{""id"":""analyst-analyst-estimates"",""name"":""Analyst Estimates""}","[]","MATRIX","TOP500","0"
"0","{""id"":""analyst"",""name"":""Analyst""}","0","{""id"":""analyst15"",""name"":""Earnings forecasts""}","1","2026-07-01","1","The weighted average price/earnings ratio based on EPS estimation for the calendarized 3 fiscal years aggregated within GICS sector grouping.","anl15_dps_s_cal_fy3_pe","2","DEU","{""id"":""analyst-analyst-estimates"",""name"":""Analyst Estimates""}","[]","MATRIX","TOP500","0"
"0","{""id"":""analyst"",""name"":""Analyst""}","0","{""id"":""analyst15"",""name"":""Earnings forecasts""}","1","2026-07-01","1","The weighted average standard deviation of dividend per share (DPS) estimation for the calendarized 3 fiscal years aggregated within GICS sector grouping.","anl15_dps_s_cal_fy3_st_dev","2","DEU","{""id"":""analyst-analyst-estimates"",""name"":""Analyst Estimates""}","[]","MATRIX","TOP500","0"
"0","{""id"":""analyst"",""name"":""Analyst""}","0","{""id"":""analyst15"",""name"":""Earnings forecasts""}","1","2026-07-01","1","The total of dividend per share (DPS) estimation for the calendarized 3 fiscal years aggregated within GICS sector grouping.","anl15_dps_s_cal_fy3_total","2","DEU","{""id"":""analyst-analyst-estimates"",""name"":""Analyst Estimates""}","[]","MATRIX","TOP500","0"
"0","{""id"":""analyst"",""name"":""Analyst""}","0","{""id"":""analyst15"",""name"":""Earnings forecasts""}","1","2026-07-01","1","Number of companies for which calendarized Fiscal Year 1 mean has been lowered since last month, aggregated at sector level","anl15_dps_s_fy1_cos_dn","2","DEU","{""id"":""analyst-analyst-estimates"",""name"":""Analyst Estimates""}","[]","MATRIX","TOP500","0"
"0","{""id"":""analyst"",""name"":""Analyst""}","0","{""id"":""analyst15"",""name"":""Earnings forecasts""}","1","2026-07-01","1","The number of companies for which dividend per share (DPS) estimation for the calendarized 1 fiscal year has been raised from last month within GICS sector grouping.","anl15_dps_s_fy1_cos_up","2","DEU","{""id"":""analyst-analyst-estimates"",""name"":""Analyst Estimates""}","[]","MATRIX","TOP500","0"
"0","{""id"":""analyst"",""name"":""Analyst""}","0","{""id"":""analyst15"",""name"":""Earnings forecasts""}","1","2026-07-01","1","Number of Fiscal Year 1 DPS estimates lowered since last month at the sector level in the Americas","anl15_dps_s_fy1_ests_dn","2","DEU","{""id"":""analyst-analyst-estimates"",""name"":""Analyst Estimates""}","[]","MATRIX","TOP500","0"
"0","{""id"":""analyst"",""name"":""Analyst""}","0","{""id"":""analyst15"",""name"":""Earnings forecasts""}","1","2026-07-01","1","Sector-level number of FY1 DPS estimates raised since last month in China","anl15_dps_s_fy1_ests_up","2","DEU","{""id"":""analyst-analyst-estimates"",""name"":""Analyst Estimates""}","[]","MATRIX","TOP500","0"
"0","{""id"":""analyst"",""name"":""Analyst""}","0","{""id"":""analyst15"",""name"":""Earnings forecasts""}","1","2026-07-01","1","Number of USA companies in the sector whose calendarized FY2 DPS consensus (mean) has been lowered since last month","anl15_dps_s_fy2_cos_dn","2","DEU","{""id"":""analyst-analyst-estimates"",""name"":""Analyst Estimates""}","[]","MATRIX","TOP500","0"
"0","{""id"":""analyst"",""name"":""Analyst""}","0","{""id"":""analyst15"",""name"":""Earnings forecasts""}","1","2026-07-01","1","Number of companies in the sector whose calendarized FY2 DPS consensus has been revised up since last month (breadth of upward revisions) in the USA","anl15_dps_s_fy2_cos_up","2","DEU","{""id"":""analyst-analyst-estimates"",""name"":""Analyst Estimates""}","[]","MATRIX","TOP500","0"
"0","{""id"":""analyst"",""name"":""Analyst""}","0","{""id"":""analyst15"",""name"":""Earnings forecasts""}","1","2026-07-01","1","Number of individual FY2 DPS estimates that were revised downward since last month across USA companies in the sector","anl15_dps_s_fy2_ests_dn","2","DEU","{""id"":""analyst-analyst-estimates"",""name"":""Analyst Estimates""}","[]","MATRIX","TOP500","0"
"0","{""id"":""analyst"",""name"":""Analyst""}","0","{""id"":""analyst15"",""name"":""Earnings forecasts""}","1","2026-07-01","1","Count of unique IDs of industry participants. Industry stands for an aggregate view of all  equity clearance activity for the date, symbol, and transaction type in question.","anl15_dps_s_fy2_ests_up","2","DEU","{""id"":""analyst-analyst-estimates"",""name"":""Analyst Estimates""}","[]","MATRIX","TOP500","0"
"0","{""id"":""analyst"",""name"":""Analyst""}","0","{""id"":""analyst15"",""name"":""Earnings forecasts""}","1","2026-07-01","1","Number of companies whose calendarized FY3 dividends per share (DPS) consensus has been lowered since last month at the sector aggregation for USA","anl15_dps_s_fy3_cos_dn","2","DEU","{""id"":""analyst-analyst-estimates"",""name"":""Analyst Estimates""}","[]","MATRIX","TOP500","0"
"0","{""id"":""analyst"",""name"":""Analyst""}","0","{""id"":""analyst15"",""name"":""Earnings forecasts""}","1","2026-07-01","1","Number of companies whose calendarized FY3 dividends per share (DPS) consensus has been raised since last month at the sector aggregation for USA","anl15_dps_s_fy3_cos_up","2","DEU","{""id"":""analyst-analyst-estimates"",""name"":""Analyst Estimates""}","[]","MATRIX","TOP500","0"
"0","{""id"":""analyst"",""name"":""Analyst""}","0","{""id"":""analyst15"",""name"":""Earnings forecasts""}","1","2026-07-01","1","Number of calendarized Fiscal Year 3 DPS estimates that were lowered since last month, aggregated at the sector level in the Americas","anl15_dps_s_fy3_ests_dn","2","DEU","{""id"":""analyst-analyst-estimates"",""name"":""Analyst Estimates""}","[]","MATRIX","TOP500","0"
"0","{""id"":""analyst"",""name"":""Analyst""}","0","{""id"":""analyst15"",""name"":""Earnings forecasts""}","1","2026-07-01","1","Sector-level number of calendarized FY3 DPS estimates raised since last month","anl15_dps_s_fy3_ests_up","2","DEU","{""id"":""analyst-analyst-estimates"",""name"":""Analyst Estimates""}","[]","MATRIX","TOP500","0"
"0","{""id"":""analyst"",""name"":""Analyst""}","0","{""id"":""analyst15"",""name"":""Earnings forecasts""}","1","2026-07-01","1","Weighted one-month percent change in 12-month forward EPS forecasts, aggregated at the industry group level for Europe","anl15_ebg_gr_12_m_1m_chg","2","DEU","{""id"":""analyst-analyst-estimates"",""name"":""Analyst Estimates""}","[]","MATRIX","TOP500","0"
"0","{""id"":""analyst"",""name"":""Analyst""}","0","{""id"":""analyst15"",""name"":""Earnings forecasts""}","1","2026-07-01","1","Weighted three-month percent change in 12-month forward EPS forecasts, aggregated at the industry group level for Europe","anl15_ebg_gr_12_m_3m_chg","2","DEU","{""id"":""analyst-analyst-estimates"",""name"":""Analyst Estimates""}","[]","MATRIX","TOP500","0"
"0","{""id"":""analyst"",""name"":""Analyst""}","0","{""id"":""analyst15"",""name"":""Earnings forecasts""}","1","2026-07-01","1","Weighted six-month percent change in 12-month forward EPS forecasts, aggregated at the industry group level for Europe","anl15_ebg_gr_12_m_6m_chg","2","DEU","{""id"":""analyst-analyst-estimates"",""name"":""Analyst Estimates""}","[]","MATRIX","TOP500","0"
"0","{""id"":""analyst"",""name"":""Analyst""}","0","{""id"":""analyst15"",""name"":""Earnings forecasts""}","1","2026-07-01","1","The number of companies with a 12 month forward mean earnings per share before goodwill(EBG) estimation within GICS group grouping.","anl15_ebg_gr_12_m_cos","2","DEU","{""id"":""analyst-analyst-estimates"",""name"":""Analyst Estimates""}","[]","MATRIX","TOP500","0"
"0","{""id"":""analyst"",""name"":""Analyst""}","0","{""id"":""analyst15"",""name"":""Earnings forecasts""}","1","2026-07-01","1","The number of companies for which 12 month forward mean earnings per share before goodwill(EBG) estimation has been lowered from last month within GICS group grouping.","anl15_ebg_gr_12_m_cos_dn","2","DEU","{""id"":""analyst-analyst-estimates"",""name"":""Analyst Estimates""}","[]","MATRIX","TOP500","0"
"0","{""id"":""analyst"",""name"":""Analyst""}","0","{""id"":""analyst15"",""name"":""Earnings forecasts""}","1","2026-07-01","1","The number of companies for which 12 month forward mean earnings per share before goodwill(EBG) estimation has been raised from last month within GICS group grouping.","anl15_ebg_gr_12_m_cos_up","2","DEU","{""id"":""analyst-analyst-estimates"",""name"":""Analyst Estimates""}","[]","MATRIX","TOP500","0"
"0","{""id"":""analyst"",""name"":""Analyst""}","0","{""id"":""analyst15"",""name"":""Earnings forecasts""}","1","2026-07-01","1","The 12 month forward pro-rated total number of estimates within GICS group grouping.","anl15_ebg_gr_12_m_ests","2","DEU","{""id"":""analyst-analyst-estimates"",""name"":""Analyst Estimates""}","[]","MATRIX","TOP500","0"
"0","{""id"":""analyst"",""name"":""Analyst""}","0","{""id"":""analyst15"",""name"":""Earnings forecasts""}","1","2026-07-01","1","Pro-rated number of 12-month forward earnings estimates that were lowered since last month, aggregated at the industry group level for Europe","anl15_ebg_gr_12_m_ests_dn","2","DEU","{""id"":""analyst-analyst-estimates"",""name"":""Analyst Estimates""}","[]","MATRIX","TOP500","0"
"0","{""id"":""analyst"",""name"":""Analyst""}","0","{""id"":""analyst15"",""name"":""Earnings forecasts""}","1","2026-07-01","1","The 12 month forward pro-rated total number of estimates which have been raised since last month within GICS group grouping.","anl15_ebg_gr_12_m_ests_up","2","DEU","{""id"":""analyst-analyst-estimates"",""name"":""Analyst Estimates""}","[]","MATRIX","TOP500","0"
"0","{""id"":""analyst"",""name"":""Analyst""}","0","{""id"":""analyst15"",""name"":""Earnings forecasts""}","1","2026-07-01","1","The weighted 12 month forward year over year growth of earnings per share before goodwill(EBG) estimation aggregated within GICS group grouping.","anl15_ebg_gr_12_m_gro","2","DEU","{""id"":""analyst-analyst-estimates"",""name"":""Analyst Estimates""}","[]","MATRIX","TOP500","0"
"0","{""id"":""analyst"",""name"":""Analyst""}","0","{""id"":""analyst15"",""name"":""Earnings forecasts""}","1","2026-07-01","1","Weighted average forward 12 months EPS (earnings per share) at the group level for Europe","anl15_ebg_gr_12_m_mean","2","DEU","{""id"":""analyst-analyst-estimates"",""name"":""Analyst Estimates""}","[]","MATRIX","TOP500","0"
"0","{""id"":""analyst"",""name"":""Analyst""}","0","{""id"":""analyst15"",""name"":""Earnings forecasts""}","1","2026-07-01","1","The total market capitalization for the companies aggregated within GICS group grouping with a 12 month forward mean price estimation.","anl15_ebg_gr_12_m_mktcap","2","DEU","{""id"":""analyst-analyst-estimates"",""name"":""Analyst Estimates""}","[]","MATRIX","TOP500","0"
"0","{""id"":""analyst"",""name"":""Analyst""}","0","{""id"":""analyst15"",""name"":""Earnings forecasts""}","1","2026-07-01","1","Weighted average price-to-earnings ratio based on 12-month forward EPS, aggregated at the industry group level for Europe","anl15_ebg_gr_12_m_pe","2","DEU","{""id"":""analyst-analyst-estimates"",""name"":""Analyst Estimates""}","[]","MATRIX","TOP500","0"
"0","{""id"":""analyst"",""name"":""Analyst""}","0","{""id"":""analyst15"",""name"":""Earnings forecasts""}","1","2026-07-01","1","The weighted average standard deviation of 12 month forward earnings per share before goodwill(EBG) estimation aggregated within GICS group grouping.","anl15_ebg_gr_12_m_st_dev","2","DEU","{""id"":""analyst-analyst-estimates"",""name"":""Analyst Estimates""}","[]","MATRIX","TOP500","0"
"0","{""id"":""analyst"",""name"":""Analyst""}","0","{""id"":""analyst15"",""name"":""Earnings forecasts""}","1","2026-07-01","1","The total of 12 month forward earnings estimation aggregated within GICS group grouping.","anl15_ebg_gr_12_m_total","2","DEU","{""id"":""analyst-analyst-estimates"",""name"":""Analyst Estimates""}","[]","MATRIX","TOP500","0"
"0","{""id"":""analyst"",""name"":""Analyst""}","0","{""id"":""analyst15"",""name"":""Earnings forecasts""}","1","2026-07-01","1","Weighted average trailing 12 months EPS (earnings per share) at the group level for Europe","anl15_ebg_gr_12_m_tr_mean","2","DEU","{""id"":""analyst-analyst-estimates"",""name"":""Analyst Estimates""}","[]","MATRIX","TOP500","0"
"0","{""id"":""analyst"",""name"":""Analyst""}","0","{""id"":""analyst15"",""name"":""Earnings forecasts""}","1","2026-07-01","1","Weighted one-month percent change in the 18-month forward earnings forecasts (constant sample), aggregated at the group level for Europe","anl15_ebg_gr_18_m_1m_chg","2","DEU","{""id"":""analyst-analyst-estimates"",""name"":""Analyst Estimates""}","[]","MATRIX","TOP500","0"
"0","{""id"":""analyst"",""name"":""Analyst""}","0","{""id"":""analyst15"",""name"":""Earnings forecasts""}","1","2026-07-01","1","Weighted three-month percent change in the 18-month forward earnings forecasts (constant sample), aggregated at the group level for Europe","anl15_ebg_gr_18_m_3m_chg","2","DEU","{""id"":""analyst-analyst-estimates"",""name"":""Analyst Estimates""}","[]","MATRIX","TOP500","0"
"0","{""id"":""analyst"",""name"":""Analyst""}","0","{""id"":""analyst15"",""name"":""Earnings forecasts""}","1","2026-07-01","1","Weighted six-month percent change in the 18-month forward earnings forecasts (constant sample), aggregated at the group level for Europe","anl15_ebg_gr_18_m_6m_chg","2","DEU","{""id"":""analyst-analyst-estimates"",""name"":""Analyst Estimates""}","[]","MATRIX","TOP500","0"
"0","{""id"":""analyst"",""name"":""Analyst""}","0","{""id"":""analyst15"",""name"":""Earnings forecasts""}","1","2026-07-01","1","The number of companies with a 18 month forward mean earnings per share before goodwill(EBG) estimation within GICS group grouping.","anl15_ebg_gr_18_m_cos","2","DEU","{""id"":""analyst-analyst-estimates"",""name"":""Analyst Estimates""}","[]","MATRIX","TOP500","0"
"0","{""id"":""analyst"",""name"":""Analyst""}","0","{""id"":""analyst15"",""name"":""Earnings forecasts""}","1","2026-07-01","1","The number of companies for which 18 month forward mean earnings per share before goodwill(EBG) estimation has been lowered from last month within GICS group grouping.","anl15_ebg_gr_18_m_cos_dn","2","DEU","{""id"":""analyst-analyst-estimates"",""name"":""Analyst Estimates""}","[]","MATRIX","TOP500","0"
"0","{""id"":""analyst"",""name"":""Analyst""}","0","{""id"":""analyst15"",""name"":""Earnings forecasts""}","1","2026-07-01","1","The number of companies for which 18 month forward mean earnings per share before goodwill(EBG) estimation has been raised from last month within GICS group grouping.","anl15_ebg_gr_18_m_cos_up","2","DEU","{""id"":""analyst-analyst-estimates"",""name"":""Analyst Estimates""}","[]","MATRIX","TOP500","0"
"0","{""id"":""analyst"",""name"":""Analyst""}","0","{""id"":""analyst15"",""name"":""Earnings forecasts""}","1","2026-07-01","1","The 18 month forward pro-rated total number of estimates within GICS group grouping.","anl15_ebg_gr_18_m_ests","2","DEU","{""id"":""analyst-analyst-estimates"",""name"":""Analyst Estimates""}","[]","MATRIX","TOP500","0"
"0","{""id"":""analyst"",""name"":""Analyst""}","0","{""id"":""analyst15"",""name"":""Earnings forecasts""}","1","2026-07-01","1","Number of analyst estimates with negative revisions over the trailing 18 months, aggregated at the group level for Europe","anl15_ebg_gr_18_m_ests_dn","2","DEU","{""id"":""analyst-analyst-estimates"",""name"":""Analyst Estimates""}","[]","MATRIX","TOP500","0"
"0","{""id"":""analyst"",""name"":""Analyst""}","0","{""id"":""analyst15"",""name"":""Earnings forecasts""}","1","2026-07-01","1","Number of analyst estimates with positive revisions over the trailing 18 months, aggregated at the group level for Europe","anl15_ebg_gr_18_m_ests_up","2","DEU","{""id"":""analyst-analyst-estimates"",""name"":""Analyst Estimates""}","[]","MATRIX","TOP500","0"
"0","{""id"":""analyst"",""name"":""Analyst""}","0","{""id"":""analyst15"",""name"":""Earnings forecasts""}","1","2026-07-01","1","Weighted 18-month forward earnings growth, aggregated at the group level for Europe","anl15_ebg_gr_18_m_gro","2","DEU","{""id"":""analyst-analyst-estimates"",""name"":""Analyst Estimates""}","[]","MATRIX","TOP500","0"
"0","{""id"":""analyst"",""name"":""Analyst""}","0","{""id"":""analyst15"",""name"":""Earnings forecasts""}","1","2026-07-01","1","The weighted average of 18 month forward earnings per share before goodwill(EBG) estimation aggregated within GICS group grouping.","anl15_ebg_gr_18_m_mean","2","DEU","{""id"":""analyst-analyst-estimates"",""name"":""Analyst Estimates""}","[]","MATRIX","TOP500","0"
"0","{""id"":""analyst"",""name"":""Analyst""}","0","{""id"":""analyst15"",""name"":""Earnings forecasts""}","1","2026-07-01","1","Total market capitalization of companies included in the aggregate with an 18-month forward mean, aggregated at the group level for Europe","anl15_ebg_gr_18_m_mktcap","2","DEU","{""id"":""analyst-analyst-estimates"",""name"":""Analyst Estimates""}","[]","MATRIX","TOP500","0"
"0","{""id"":""analyst"",""name"":""Analyst""}","0","{""id"":""analyst15"",""name"":""Earnings forecasts""}","1","2026-07-01","1","Weighted average price/earnings ratio based on 18-month forward earnings, aggregated at the group level for Europe","anl15_ebg_gr_18_m_pe","2","DEU","{""id"":""analyst-analyst-estimates"",""name"":""Analyst Estimates""}","[]","MATRIX","TOP500","0"
"0","{""id"":""analyst"",""name"":""Analyst""}","0","{""id"":""analyst15"",""name"":""Earnings forecasts""}","1","2026-07-01","1","The weighted average standard deviation of 18 month forward earnings per share before goodwill(EBG) estimation aggregated within GICS group grouping.","anl15_ebg_gr_18_m_st_dev","2","DEU","{""id"":""analyst-analyst-estimates"",""name"":""Analyst Estimates""}","[]","MATRIX","TOP500","0"
"0","{""id"":""analyst"",""name"":""Analyst""}","0","{""id"":""analyst15"",""name"":""Earnings forecasts""}","1","2026-07-01","1","The total of 18 month forward earnings estimation aggregated within GICS group grouping.","anl15_ebg_gr_18_m_total","2","DEU","{""id"":""analyst-analyst-estimates"",""name"":""Analyst Estimates""}","[]","MATRIX","TOP500","0"
"0","{""id"":""analyst"",""name"":""Analyst""}","0","{""id"":""analyst15"",""name"":""Earnings forecasts""}","1","2026-07-01","1","The weighted year over year growth of earnings per share before goodwill(EBG) estimation for the current calendarized fiscal year aggregated within GICS group grouping.","anl15_ebg_gr_cal_fy0_gro","2","DEU","{""id"":""analyst-analyst-estimates"",""name"":""Analyst Estimates""}","[]","MATRIX","TOP500","0"
"0","{""id"":""analyst"",""name"":""Analyst""}","0","{""id"":""analyst15"",""name"":""Earnings forecasts""}","1","2026-07-01","1","The weighted average price/earnings ratio based on earnings per share before goodwill(EBG) estimation for the current calendarized fiscal year aggregated within GICS group grouping.","anl15_ebg_gr_cal_fy0_pe","2","DEU","{""id"":""analyst-analyst-estimates"",""name"":""Analyst Estimates""}","[]","MATRIX","TOP500","0"
"0","{""id"":""analyst"",""name"":""Analyst""}","0","{""id"":""analyst15"",""name"":""Earnings forecasts""}","1","2026-07-01","1","The total of earnings estimation for the current calendarized fiscal year aggregated within GICS group grouping.","anl15_ebg_gr_cal_fy0_total","2","DEU","{""id"":""analyst-analyst-estimates"",""name"":""Analyst Estimates""}","[]","MATRIX","TOP500","0"
"0","{""id"":""analyst"",""name"":""Analyst""}","0","{""id"":""analyst15"",""name"":""Earnings forecasts""}","1","2026-07-01","1","The weighted average of earnings per share before goodwill(EBG) estimation for the current calendarized fiscal year aggregated within GICS group grouping.","anl15_ebg_gr_cal_fy0_val","2","DEU","{""id"":""analyst-analyst-estimates"",""name"":""Analyst Estimates""}","[]","MATRIX","TOP500","0"
"0","{""id"":""analyst"",""name"":""Analyst""}","0","{""id"":""analyst15"",""name"":""Earnings forecasts""}","1","2026-07-01","1","Weighted one-month percent change in calendarized Fiscal Year 1 EBG earnings forecasts using a constant sample, aggregated at the group level for Europe","anl15_ebg_gr_cal_fy1_1m_chg","2","DEU","{""id"":""analyst-analyst-estimates"",""name"":""Analyst Estimates""}","[]","MATRIX","TOP500","0"
"0","{""id"":""analyst"",""name"":""Analyst""}","0","{""id"":""analyst15"",""name"":""Earnings forecasts""}","1","2026-07-01","1","Weighted three-month percent change in calendarized Fiscal Year 1 EBG earnings forecasts using a constant sample, aggregated at the group level for Europe","anl15_ebg_gr_cal_fy1_3m_chg","2","DEU","{""id"":""analyst-analyst-estimates"",""name"":""Analyst Estimates""}","[]","MATRIX","TOP500","0"
"0","{""id"":""analyst"",""name"":""Analyst""}","0","{""id"":""analyst15"",""name"":""Earnings forecasts""}","1","2026-07-01","1","Weighted six-month percent change in calendarized Fiscal Year 1 EBG earnings forecasts using a constant sample, aggregated at the group level for Europe","anl15_ebg_gr_cal_fy1_6m_chg","2","DEU","{""id"":""analyst-analyst-estimates"",""name"":""Analyst Estimates""}","[]","MATRIX","TOP500","0"
"0","{""id"":""analyst"",""name"":""Analyst""}","0","{""id"":""analyst15"",""name"":""Earnings forecasts""}","1","2026-07-01","1","The number of companies with a calendarized one fiscal year earnings per share before goodwill(EBG) estimation within GICS group grouping.","anl15_ebg_gr_cal_fy1_cos","2","DEU","{""id"":""analyst-analyst-estimates"",""name"":""Analyst Estimates""}","[]","MATRIX","TOP500","0"
"0","{""id"":""analyst"",""name"":""Analyst""}","0","{""id"":""analyst15"",""name"":""Earnings forecasts""}","1","2026-07-01","1","The total number of calendarized one fiscal year earnings per share before goodwill(EBG) estimation within GICS group grouping.","anl15_ebg_gr_cal_fy1_ests","2","DEU","{""id"":""analyst-analyst-estimates"",""name"":""Analyst Estimates""}","[]","MATRIX","TOP500","0"
"0","{""id"":""analyst"",""name"":""Analyst""}","0","{""id"":""analyst15"",""name"":""Earnings forecasts""}","1","2026-07-01","1","Year-over-year growth in the EBG earnings measure for calendarized Fiscal Year 1, aggregated and weighted at the group level for Europe","anl15_ebg_gr_cal_fy1_gro","2","DEU","{""id"":""analyst-analyst-estimates"",""name"":""Analyst Estimates""}","[]","MATRIX","TOP500","0"
"0","{""id"":""analyst"",""name"":""Analyst""}","0","{""id"":""analyst15"",""name"":""Earnings forecasts""}","1","2026-07-01","1","The weighted average of earnings per share before goodwill(EBG) estimation for the calendarized one fiscal year aggregated within GICS group grouping.","anl15_ebg_gr_cal_fy1_mean","2","DEU","{""id"":""analyst-analyst-estimates"",""name"":""Analyst Estimates""}","[]","MATRIX","TOP500","0"
"0","{""id"":""analyst"",""name"":""Analyst""}","0","{""id"":""analyst15"",""name"":""Earnings forecasts""}","1","2026-07-01","1","The total market capitalization for the companies aggregated within GICS group grouping with a calendarized one fiscal year mean price estimation.","anl15_ebg_gr_cal_fy1_mktcap","2","DEU","{""id"":""analyst-analyst-estimates"",""name"":""Analyst Estimates""}","[]","MATRIX","TOP500","0"
"0","{""id"":""analyst"",""name"":""Analyst""}","0","{""id"":""analyst15"",""name"":""Earnings forecasts""}","1","2026-07-01","1","The weighted average price/earnings ratio based on earnings per share before goodwill(EBG) estimation for the calendarized one fiscal year aggregated within GICS group grouping.","anl15_ebg_gr_cal_fy1_pe","2","DEU","{""id"":""analyst-analyst-estimates"",""name"":""Analyst Estimates""}","[]","MATRIX","TOP500","0"
"0","{""id"":""analyst"",""name"":""Analyst""}","0","{""id"":""analyst15"",""name"":""Earnings forecasts""}","1","2026-07-01","1","The weighted average standard deviation of earnings per share before goodwill(EBG) estimation for the calendarized one fiscal year aggregated within GICS group grouping.","anl15_ebg_gr_cal_fy1_st_dev","2","DEU","{""id"":""analyst-analyst-estimates"",""name"":""Analyst Estimates""}","[]","MATRIX","TOP500","0"
"0","{""id"":""analyst"",""name"":""Analyst""}","0","{""id"":""analyst15"",""name"":""Earnings forecasts""}","1","2026-07-01","1","The total of earnings estimation for the calendarized one fiscal year aggregated within GICS group grouping.","anl15_ebg_gr_cal_fy1_total","2","DEU","{""id"":""analyst-analyst-estimates"",""name"":""Analyst Estimates""}","[]","MATRIX","TOP500","0"
"0","{""id"":""analyst"",""name"":""Analyst""}","0","{""id"":""analyst15"",""name"":""Earnings forecasts""}","1","2026-07-01","1","The weighted one month percent change of earnings per share before goodwill(EBG) estimation for the calendarized two fiscal year aggregated within GICS group grouping.","anl15_ebg_gr_cal_fy2_1m_chg","2","DEU","{""id"":""analyst-analyst-estimates"",""name"":""Analyst Estimates""}","[]","MATRIX","TOP500","0"
"0","{""id"":""analyst"",""name"":""Analyst""}","0","{""id"":""analyst15"",""name"":""Earnings forecasts""}","1","2026-07-01","1","The weighted three month percent change of earnings per share before goodwill(EBG) estimation for the calendarized two fiscal year aggregated within GICS group grouping.","anl15_ebg_gr_cal_fy2_3m_chg","2","DEU","{""id"":""analyst-analyst-estimates"",""name"":""Analyst Estimates""}","[]","MATRIX","TOP500","0"
"0","{""id"":""analyst"",""name"":""Analyst""}","0","{""id"":""analyst15"",""name"":""Earnings forecasts""}","1","2026-07-01","1","The weighted six month percent change of earnings per share before goodwill(EBG) estimation for the calendarized two fiscal year aggregated within GICS group grouping.","anl15_ebg_gr_cal_fy2_6m_chg","2","DEU","{""id"":""analyst-analyst-estimates"",""name"":""Analyst Estimates""}","[]","MATRIX","TOP500","0"
"0","{""id"":""analyst"",""name"":""Analyst""}","0","{""id"":""analyst15"",""name"":""Earnings forecasts""}","1","2026-07-01","1","The number of companies with a calendarized two fiscal year earnings per share before goodwill(EBG) estimation within GICS group grouping.","anl15_ebg_gr_cal_fy2_cos","2","DEU","{""id"":""analyst-analyst-estimates"",""name"":""Analyst Estimates""}","[]","MATRIX","TOP500","0"
"0","{""id"":""analyst"",""name"":""Analyst""}","0","{""id"":""analyst15"",""name"":""Earnings forecasts""}","1","2026-07-01","1","The total number of calendarized two fiscal year earnings per share before goodwill(EBG) estimation within GICS group grouping.","anl15_ebg_gr_cal_fy2_ests","2","DEU","{""id"":""analyst-analyst-estimates"",""name"":""Analyst Estimates""}","[]","MATRIX","TOP500","0"
"0","{""id"":""analyst"",""name"":""Analyst""}","0","{""id"":""analyst15"",""name"":""Earnings forecasts""}","1","2026-07-01","1","The weighted year over year growth of earnings per share before goodwill(EBG) estimation for the calendarized two fiscal year aggregated within GICS group grouping.","anl15_ebg_gr_cal_fy2_gro","2","DEU","{""id"":""analyst-analyst-estimates"",""name"":""Analyst Estimates""}","[]","MATRIX","TOP500","0"
"0","{""id"":""analyst"",""name"":""Analyst""}","0","{""id"":""analyst15"",""name"":""Earnings forecasts""}","1","2026-07-01","1","The weighted average of earnings per share before goodwill(EBG) estimation for the calendarized two fiscal year aggregated within GICS group grouping.","anl15_ebg_gr_cal_fy2_mean","2","DEU","{""id"":""analyst-analyst-estimates"",""name"":""Analyst Estimates""}","[]","MATRIX","TOP500","0"
"0","{""id"":""analyst"",""name"":""Analyst""}","0","{""id"":""analyst15"",""name"":""Earnings forecasts""}","1","2026-07-01","1","The total market capitalization for the companies aggregated within GICS group grouping with a calendarized two fiscal year mean price estimation.","anl15_ebg_gr_cal_fy2_mktcap","2","DEU","{""id"":""analyst-analyst-estimates"",""name"":""Analyst Estimates""}","[]","MATRIX","TOP500","0"
"0","{""id"":""analyst"",""name"":""Analyst""}","0","{""id"":""analyst15"",""name"":""Earnings forecasts""}","1","2026-07-01","1","Weighted average price-to-earnings ratio for calendarized Fiscal Year 2, aggregated at the group level for Europe","anl15_ebg_gr_cal_fy2_pe","2","DEU","{""id"":""analyst-analyst-estimates"",""name"":""Analyst Estimates""}","[]","MATRIX","TOP500","0"
"0","{""id"":""analyst"",""name"":""Analyst""}","0","{""id"":""analyst15"",""name"":""Earnings forecasts""}","1","2026-07-01","1","The weighted average standard deviation of earnings per share before goodwill(EBG) estimation for the calendarized two fiscal year aggregated within GICS group grouping.","anl15_ebg_gr_cal_fy2_st_dev","2","DEU","{""id"":""analyst-analyst-estimates"",""name"":""Analyst Estimates""}","[]","MATRIX","TOP500","0"
"0","{""id"":""analyst"",""name"":""Analyst""}","0","{""id"":""analyst15"",""name"":""Earnings forecasts""}","1","2026-07-01","1","The total of earnings estimation for the calendarized two fiscal year aggregated within GICS group grouping.","anl15_ebg_gr_cal_fy2_total","2","DEU","{""id"":""analyst-analyst-estimates"",""name"":""Analyst Estimates""}","[]","MATRIX","TOP500","0"
"0","{""id"":""analyst"",""name"":""Analyst""}","0","{""id"":""analyst15"",""name"":""Earnings forecasts""}","1","2026-07-01","1","Weighted one-month percent change in calendarized FY3 earnings forecasts (constant sample), aggregated at the group level for Europe","anl15_ebg_gr_cal_fy3_1m_chg","2","DEU","{""id"":""analyst-analyst-estimates"",""name"":""Analyst Estimates""}","[]","MATRIX","TOP500","0"
"0","{""id"":""analyst"",""name"":""Analyst""}","0","{""id"":""analyst15"",""name"":""Earnings forecasts""}","1","2026-07-01","1","Weighted three-month percent change in calendarized FY3 earnings forecasts (constant sample), aggregated at the group level for Europe","anl15_ebg_gr_cal_fy3_3m_chg","2","DEU","{""id"":""analyst-analyst-estimates"",""name"":""Analyst Estimates""}","[]","MATRIX","TOP500","0"
"0","{""id"":""analyst"",""name"":""Analyst""}","0","{""id"":""analyst15"",""name"":""Earnings forecasts""}","1","2026-07-01","1","Weighted six-month percent change in calendarized FY3 earnings forecasts (constant sample), aggregated at the group level for Europe","anl15_ebg_gr_cal_fy3_6m_chg","2","DEU","{""id"":""analyst-analyst-estimates"",""name"":""Analyst Estimates""}","[]","MATRIX","TOP500","0"
"0","{""id"":""analyst"",""name"":""Analyst""}","0","{""id"":""analyst15"",""name"":""Earnings forecasts""}","1","2026-07-01","1","The number of companies with a calendarized three fiscal year earnings per share before goodwill(EBG) estimation within GICS group grouping.","anl15_ebg_gr_cal_fy3_cos","2","DEU","{""id"":""analyst-analyst-estimates"",""name"":""Analyst Estimates""}","[]","MATRIX","TOP500","0"
"0","{""id"":""analyst"",""name"":""Analyst""}","0","{""id"":""analyst15"",""name"":""Earnings forecasts""}","1","2026-07-01","1","The total number of calendarized three fiscal year earnings per share before goodwill(EBG) estimation within GICS group grouping.","anl15_ebg_gr_cal_fy3_ests","2","DEU","{""id"":""analyst-analyst-estimates"",""name"":""Analyst Estimates""}","[]","MATRIX","TOP500","0"
"0","{""id"":""analyst"",""name"":""Analyst""}","0","{""id"":""analyst15"",""name"":""Earnings forecasts""}","1","2026-07-01","1","Weighted year-over-year earnings growth based on calendarized FY3 consensus, aggregated at the group level for Europe","anl15_ebg_gr_cal_fy3_gro","2","DEU","{""id"":""analyst-analyst-estimates"",""name"":""Analyst Estimates""}","[]","MATRIX","TOP500","0"
"0","{""id"":""analyst"",""name"":""Analyst""}","0","{""id"":""analyst15"",""name"":""Earnings forecasts""}","1","2026-07-01","1","The weighted average of earnings per share before goodwill(EBG) estimation for the calendarized three fiscal year aggregated within GICS group grouping.","anl15_ebg_gr_cal_fy3_mean","2","DEU","{""id"":""analyst-analyst-estimates"",""name"":""Analyst Estimates""}","[]","MATRIX","TOP500","0"
"0","{""id"":""analyst"",""name"":""Analyst""}","0","{""id"":""analyst15"",""name"":""Earnings forecasts""}","1","2026-07-01","1","The total market capitalization for the companies aggregated within GICS group grouping with a calendarized three fiscal year mean price estimation.","anl15_ebg_gr_cal_fy3_mktcap","2","DEU","{""id"":""analyst-analyst-estimates"",""name"":""Analyst Estimates""}","[]","MATRIX","TOP500","0"
"0","{""id"":""analyst"",""name"":""Analyst""}","0","{""id"":""analyst15"",""name"":""Earnings forecasts""}","1","2026-07-01","1","Weighted average Price-to-Earnings ratio based on calendarized FY3 EPS consensus, aggregated at the group level for Europe","anl15_ebg_gr_cal_fy3_pe","2","DEU","{""id"":""analyst-analyst-estimates"",""name"":""Analyst Estimates""}","[]","MATRIX","TOP500","0"
"0","{""id"":""analyst"",""name"":""Analyst""}","0","{""id"":""analyst15"",""name"":""Earnings forecasts""}","1","2026-07-01","1","The weighted average standard deviation of earnings per share before goodwill(EBG) estimation for the calendarized three fiscal year aggregated within GICS group grouping.","anl15_ebg_gr_cal_fy3_st_dev","2","DEU","{""id"":""analyst-analyst-estimates"",""name"":""Analyst Estimates""}","[]","MATRIX","TOP500","0"
"0","{""id"":""analyst"",""name"":""Analyst""}","0","{""id"":""analyst15"",""name"":""Earnings forecasts""}","1","2026-07-01","1","The total of earnings estimation for the calendarized three fiscal year aggregated within GICS group grouping.","anl15_ebg_gr_cal_fy3_total","2","DEU","{""id"":""analyst-analyst-estimates"",""name"":""Analyst Estimates""}","[]","MATRIX","TOP500","0"
"0","{""id"":""analyst"",""name"":""Analyst""}","0","{""id"":""analyst15"",""name"":""Earnings forecasts""}","1","2026-07-01","1","Weighted average dividend yield (based on Indicated Annual Dividend) for the group aggregate in Europe","anl15_ebg_gr_divyld","2","DEU","{""id"":""analyst-analyst-estimates"",""name"":""Analyst Estimates""}","[]","MATRIX","TOP500","0"
"0","{""id"":""analyst"",""name"":""Analyst""}","0","{""id"":""analyst15"",""name"":""Earnings forecasts""}","1","2026-07-01","1","The number of companies for which indicated annual dividend data is available within GICS group grouping.","anl15_ebg_gr_div_cos","2","DEU","{""id"":""analyst-analyst-estimates"",""name"":""Analyst Estimates""}","[]","MATRIX","TOP500","0"
"0","{""id"":""analyst"",""name"":""Analyst""}","0","{""id"":""analyst15"",""name"":""Earnings forecasts""}","1","2026-07-01","1","The number of companies for which earnings per share before goodwill(EBG) estimation for the calendarized one fiscal year has been lowered from last month within GICS group grouping.","anl15_ebg_gr_fy1_cos_dn","2","DEU","{""id"":""analyst-analyst-estimates"",""name"":""Analyst Estimates""}","[]","MATRIX","TOP500","0"
"0","{""id"":""analyst"",""name"":""Analyst""}","0","{""id"":""analyst15"",""name"":""Earnings forecasts""}","1","2026-07-01","1","The number of companies for which earnings per share before goodwill(EBG) estimation for the calendarized one fiscal year has been raised from last month within GICS group grouping.","anl15_ebg_gr_fy1_cos_up","2","DEU","{""id"":""analyst-analyst-estimates"",""name"":""Analyst Estimates""}","[]","MATRIX","TOP500","0"
"0","{""id"":""analyst"",""name"":""Analyst""}","0","{""id"":""analyst15"",""name"":""Earnings forecasts""}","1","2026-07-01","1","The total number of earnings per share before goodwill(EBG) estimation for the calendarized one fiscal year which have been lowered since last month within GICS group grouping.","anl15_ebg_gr_fy1_ests_dn","2","DEU","{""id"":""analyst-analyst-estimates"",""name"":""Analyst Estimates""}","[]","MATRIX","TOP500","0"
"0","{""id"":""analyst"",""name"":""Analyst""}","0","{""id"":""analyst15"",""name"":""Earnings forecasts""}","1","2026-07-01","1","The total number of earnings per share before goodwill(EBG) estimation for the calendarized one fiscal year which have been raised since last month within GICS group grouping.","anl15_ebg_gr_fy1_ests_up","2","DEU","{""id"":""analyst-analyst-estimates"",""name"":""Analyst Estimates""}","[]","MATRIX","TOP500","0"
"0","{""id"":""analyst"",""name"":""Analyst""}","0","{""id"":""analyst15"",""name"":""Earnings forecasts""}","1","2026-07-01","1","The number of companies for which earnings per share before goodwill(EBG) estimation for the calendarized two fiscal year has been lowered from last month within GICS group grouping.","anl15_ebg_gr_fy2_cos_dn","2","DEU","{""id"":""analyst-analyst-estimates"",""name"":""Analyst Estimates""}","[]","MATRIX","TOP500","0"
"0","{""id"":""analyst"",""name"":""Analyst""}","0","{""id"":""analyst15"",""name"":""Earnings forecasts""}","1","2026-07-01","1","The number of companies for which earnings per share before goodwill(EBG) estimation for the calendarized two fiscal year has been raised from last month within GICS group grouping.","anl15_ebg_gr_fy2_cos_up","2","DEU","{""id"":""analyst-analyst-estimates"",""name"":""Analyst Estimates""}","[]","MATRIX","TOP500","0"
"0","{""id"":""analyst"",""name"":""Analyst""}","0","{""id"":""analyst15"",""name"":""Earnings forecasts""}","1","2026-07-01","1","The total number of earnings per share before goodwill(EBG) estimation for the calendarized two fiscal year which have been lowered since last month within GICS group grouping.","anl15_ebg_gr_fy2_ests_dn","2","DEU","{""id"":""analyst-analyst-estimates"",""name"":""Analyst Estimates""}","[]","MATRIX","TOP500","0"
"0","{""id"":""analyst"",""name"":""Analyst""}","0","{""id"":""analyst15"",""name"":""Earnings forecasts""}","1","2026-07-01","1","The total number of earnings per share before goodwill(EBG) estimation for the calendarized two fiscal year which have been raised since last month within GICS group grouping.","anl15_ebg_gr_fy2_ests_up","2","DEU","{""id"":""analyst-analyst-estimates"",""name"":""Analyst Estimates""}","[]","MATRIX","TOP500","0"
"0","{""id"":""analyst"",""name"":""Analyst""}","0","{""id"":""analyst15"",""name"":""Earnings forecasts""}","1","2026-07-01","1","The number of companies for which earnings per share before goodwill(EBG) estimation for the calendarized three fiscal year has been lowered from last month within GICS group grouping.","anl15_ebg_gr_fy3_cos_dn","2","DEU","{""id"":""analyst-analyst-estimates"",""name"":""Analyst Estimates""}","[]","MATRIX","TOP500","0"
"0","{""id"":""analyst"",""name"":""Analyst""}","0","{""id"":""analyst15"",""name"":""Earnings forecasts""}","1","2026-07-01","1","The number of companies for which earnings per share before goodwill(EBG) estimation for the calendarized three fiscal year has been raised from last month within GICS group grouping.","anl15_ebg_gr_fy3_cos_up","2","DEU","{""id"":""analyst-analyst-estimates"",""name"":""Analyst Estimates""}","[]","MATRIX","TOP500","0"
"0","{""id"":""analyst"",""name"":""Analyst""}","0","{""id"":""analyst15"",""name"":""Earnings forecasts""}","1","2026-07-01","1","Number of calendarized Fiscal Year 3 analyst estimates revised downward since the prior month, aggregated at the group level for Europe","anl15_ebg_gr_fy3_ests_dn","2","DEU","{""id"":""analyst-analyst-estimates"",""name"":""Analyst Estimates""}","[]","MATRIX","TOP500","0"
"0","{""id"":""analyst"",""name"":""Analyst""}","0","{""id"":""analyst15"",""name"":""Earnings forecasts""}","1","2026-07-01","1","The total number of earnings per share before goodwill(EBG) estimation for the calendarized three fiscal year which have been raised since last month within GICS group grouping.","anl15_ebg_gr_fy3_ests_up","2","DEU","{""id"":""analyst-analyst-estimates"",""name"":""Analyst Estimates""}","[]","MATRIX","TOP500","0"
"0","{""id"":""analyst"",""name"":""Analyst""}","0","{""id"":""analyst15"",""name"":""Earnings forecasts""}","1","2026-07-01","1","Weighted annual EPS growth rate over the past five years (loglinear regression of last five years of annual EPS) for the group aggregate in Europe","anl15_ebg_gr_hist_eps_gro","2","DEU","{""id"":""analyst-analyst-estimates"",""name"":""Analyst Estimates""}","[]","MATRIX","TOP500","0"
"0","{""id"":""analyst"",""name"":""Analyst""}","0","{""id"":""analyst15"",""name"":""Earnings forecasts""}","1","2026-07-01","1","Weighted one-month percent change in long-term growth (LTG) forecasts at the group level for Europe","anl15_ebg_gr_ltg_1m_chg","2","DEU","{""id"":""analyst-analyst-estimates"",""name"":""Analyst Estimates""}","[]","MATRIX","TOP500","0"
"0","{""id"":""analyst"",""name"":""Analyst""}","0","{""id"":""analyst15"",""name"":""Earnings forecasts""}","1","2026-07-01","1","Weighted three-month percent change in long-term growth (LTG) forecasts at the group level for Europe","anl15_ebg_gr_ltg_3m_chg","2","DEU","{""id"":""analyst-analyst-estimates"",""name"":""Analyst Estimates""}","[]","MATRIX","TOP500","0"
"0","{""id"":""analyst"",""name"":""Analyst""}","0","{""id"":""analyst15"",""name"":""Earnings forecasts""}","1","2026-07-01","1","Weighted six-month percent change in long-term growth (LTG) forecasts at the group level for Europe","anl15_ebg_gr_ltg_6m_chg","2","DEU","{""id"":""analyst-analyst-estimates"",""name"":""Analyst Estimates""}","[]","MATRIX","TOP500","0"
"0","{""id"":""analyst"",""name"":""Analyst""}","0","{""id"":""analyst15"",""name"":""Earnings forecasts""}","1","2026-07-01","1","The number of companies with a long term growth earnings per share before goodwill(EBG) estimation within GICS group grouping.","anl15_ebg_gr_ltg_cos","2","DEU","{""id"":""analyst-analyst-estimates"",""name"":""Analyst Estimates""}","[]","MATRIX","TOP500","0"
"0","{""id"":""analyst"",""name"":""Analyst""}","0","{""id"":""analyst15"",""name"":""Earnings forecasts""}","1","2026-07-01","1","Number of companies whose long-term growth (LTG) median has been lowered since last month at the group level within the Europe aggregation","anl15_ebg_gr_ltg_cos_dn","2","DEU","{""id"":""analyst-analyst-estimates"",""name"":""Analyst Estimates""}","[]","MATRIX","TOP500","0"
"0","{""id"":""analyst"",""name"":""Analyst""}","0","{""id"":""analyst15"",""name"":""Earnings forecasts""}","1","2026-07-01","1","Number of companies whose long-term growth (LTG) median has been raised since last month at the group level within the Europe aggregation","anl15_ebg_gr_ltg_cos_up","2","DEU","{""id"":""analyst-analyst-estimates"",""name"":""Analyst Estimates""}","[]","MATRIX","TOP500","0"
"0","{""id"":""analyst"",""name"":""Analyst""}","0","{""id"":""analyst15"",""name"":""Earnings forecasts""}","1","2026-07-01","1","The total number of long term growth earnings per share before goodwill(EBG) estimation within GICS group grouping.","anl15_ebg_gr_ltg_ests","2","DEU","{""id"":""analyst-analyst-estimates"",""name"":""Analyst Estimates""}","[]","MATRIX","TOP500","0"
"0","{""id"":""analyst"",""name"":""Analyst""}","0","{""id"":""analyst15"",""name"":""Earnings forecasts""}","1","2026-07-01","1","Number of long-term growth (LTG) estimates that were revised downward since last month, aggregated at the group level for Europe","anl15_ebg_gr_ltg_ests_dn","2","DEU","{""id"":""analyst-analyst-estimates"",""name"":""Analyst Estimates""}","[]","MATRIX","TOP500","0"
"0","{""id"":""analyst"",""name"":""Analyst""}","0","{""id"":""analyst15"",""name"":""Earnings forecasts""}","1","2026-07-01","1","Number of individual long-term growth (LTG) estimates raised since last month at the group level within the Europe aggregation","anl15_ebg_gr_ltg_ests_up","2","DEU","{""id"":""analyst-analyst-estimates"",""name"":""Analyst Estimates""}","[]","MATRIX","TOP500","0"
"0","{""id"":""analyst"",""name"":""Analyst""}","0","{""id"":""analyst15"",""name"":""Earnings forecasts""}","1","2026-07-01","1","The weighted average of long term growth earnings per share before goodwill(EBG) estimation aggregated within GICS group grouping.","anl15_ebg_gr_ltg_mdn","2","DEU","{""id"":""analyst-analyst-estimates"",""name"":""Analyst Estimates""}","[]","MATRIX","TOP500","0"
"0","{""id"":""analyst"",""name"":""Analyst""}","0","{""id"":""analyst15"",""name"":""Earnings forecasts""}","1","2026-07-01","1","Total market capitalization of companies with long-term growth (LTG) forecasts at the group level for Europe","anl15_ebg_gr_ltg_mktcap","2","DEU","{""id"":""analyst-analyst-estimates"",""name"":""Analyst Estimates""}","[]","MATRIX","TOP500","0"
"0","{""id"":""analyst"",""name"":""Analyst""}","0","{""id"":""analyst15"",""name"":""Earnings forecasts""}","1","2026-07-01","1","The weighted average standard deviation of long term growth earnings per share before goodwill(EBG) estimation aggregated within GICS group grouping.","anl15_ebg_gr_ltg_st_dev","2","DEU","{""id"":""analyst-analyst-estimates"",""name"":""Analyst Estimates""}","[]","MATRIX","TOP500","0"
"0","{""id"":""analyst"",""name"":""Analyst""}","0","{""id"":""analyst15"",""name"":""Earnings forecasts""}","1","2026-07-01","1","Weighted average price per share for companies in the group aggregate in Europe","anl15_ebg_gr_prc","2","DEU","{""id"":""analyst-analyst-estimates"",""name"":""Analyst Estimates""}","[]","MATRIX","TOP500","0"
"0","{""id"":""analyst"",""name"":""Analyst""}","0","{""id"":""analyst15"",""name"":""Earnings forecasts""}","1","2026-07-01","1","Weighted one-month percent change in 12-month forward EPS forecasts, aggregated at the industry level for Europe","anl15_ebg_ind_12_m_1m_chg","2","DEU","{""id"":""analyst-analyst-estimates"",""name"":""Analyst Estimates""}","[]","MATRIX","TOP500","0"
"0","{""id"":""analyst"",""name"":""Analyst""}","0","{""id"":""analyst15"",""name"":""Earnings forecasts""}","1","2026-07-01","1","Weighted three-month percent change in 12-month forward EPS forecasts, aggregated at the industry level for Europe","anl15_ebg_ind_12_m_3m_chg","2","DEU","{""id"":""analyst-analyst-estimates"",""name"":""Analyst Estimates""}","[]","MATRIX","TOP500","0"
"0","{""id"":""analyst"",""name"":""Analyst""}","0","{""id"":""analyst15"",""name"":""Earnings forecasts""}","1","2026-07-01","1","Weighted six-month percent change in 12-month forward EPS forecasts, aggregated at the industry level for Europe","anl15_ebg_ind_12_m_6m_chg","2","DEU","{""id"":""analyst-analyst-estimates"",""name"":""Analyst Estimates""}","[]","MATRIX","TOP500","0"
"0","{""id"":""analyst"",""name"":""Analyst""}","0","{""id"":""analyst15"",""name"":""Earnings forecasts""}","1","2026-07-01","1","The number of companies with a 12 month forward mean earnings per share before goodwill(EBG) estimation within GICS industry grouping.","anl15_ebg_ind_12_m_cos","2","DEU","{""id"":""analyst-analyst-estimates"",""name"":""Analyst Estimates""}","[]","MATRIX","TOP500","0"
"0","{""id"":""analyst"",""name"":""Analyst""}","0","{""id"":""analyst15"",""name"":""Earnings forecasts""}","1","2026-07-01","1","The number of companies for which 12 month forward mean earnings per share before goodwill(EBG) estimation has been lowered from last month within GICS industry grouping.","anl15_ebg_ind_12_m_cos_dn","2","DEU","{""id"":""analyst-analyst-estimates"",""name"":""Analyst Estimates""}","[]","MATRIX","TOP500","0"
"0","{""id"":""analyst"",""name"":""Analyst""}","0","{""id"":""analyst15"",""name"":""Earnings forecasts""}","1","2026-07-01","1","The number of companies for which 12 month forward mean earnings per share before goodwill(EBG) estimation has been raised from last month within GICS industry grouping.","anl15_ebg_ind_12_m_cos_up","2","DEU","{""id"":""analyst-analyst-estimates"",""name"":""Analyst Estimates""}","[]","MATRIX","TOP500","0"
"0","{""id"":""analyst"",""name"":""Analyst""}","0","{""id"":""analyst15"",""name"":""Earnings forecasts""}","1","2026-07-01","1","The 12 month forward pro-rated total number of estimates within GICS industry grouping.","anl15_ebg_ind_12_m_ests","2","DEU","{""id"":""analyst-analyst-estimates"",""name"":""Analyst Estimates""}","[]","MATRIX","TOP500","0"
"0","{""id"":""analyst"",""name"":""Analyst""}","0","{""id"":""analyst15"",""name"":""Earnings forecasts""}","1","2026-07-01","1","Pro-rated number of 12-month forward earnings estimates that were lowered since last month, aggregated at the industry level for Europe","anl15_ebg_ind_12_m_ests_dn","2","DEU","{""id"":""analyst-analyst-estimates"",""name"":""Analyst Estimates""}","[]","MATRIX","TOP500","0"
"0","{""id"":""analyst"",""name"":""Analyst""}","0","{""id"":""analyst15"",""name"":""Earnings forecasts""}","1","2026-07-01","1","The 12 month forward pro-rated total number of estimates which have been raised since last month within GICS industry grouping.","anl15_ebg_ind_12_m_ests_up","2","DEU","{""id"":""analyst-analyst-estimates"",""name"":""Analyst Estimates""}","[]","MATRIX","TOP500","0"
"0","{""id"":""analyst"",""name"":""Analyst""}","0","{""id"":""analyst15"",""name"":""Earnings forecasts""}","1","2026-07-01","1","The weighted 12 month forward year over year growth of earnings per share before goodwill(EBG) estimation aggregated within GICS industry grouping.","anl15_ebg_ind_12_m_gro","2","DEU","{""id"":""analyst-analyst-estimates"",""name"":""Analyst Estimates""}","[]","MATRIX","TOP500","0"
"0","{""id"":""analyst"",""name"":""Analyst""}","0","{""id"":""analyst15"",""name"":""Earnings forecasts""}","1","2026-07-01","1","Weighted average forward 12 months EPS (earnings per share) at the industry level for Europe","anl15_ebg_ind_12_m_mean","2","DEU","{""id"":""analyst-analyst-estimates"",""name"":""Analyst Estimates""}","[]","MATRIX","TOP500","0"
"0","{""id"":""analyst"",""name"":""Analyst""}","0","{""id"":""analyst15"",""name"":""Earnings forecasts""}","1","2026-07-01","1","The total market capitalization for the companies aggregated within GICS industry grouping with a 12 month forward mean price estimation.","anl15_ebg_ind_12_m_mktcap","2","DEU","{""id"":""analyst-analyst-estimates"",""name"":""Analyst Estimates""}","[]","MATRIX","TOP500","0"
"0","{""id"":""analyst"",""name"":""Analyst""}","0","{""id"":""analyst15"",""name"":""Earnings forecasts""}","1","2026-07-01","1","Weighted average price-to-earnings ratio based on 12-month forward EPS, aggregated at the industry level for Europe","anl15_ebg_ind_12_m_pe","2","DEU","{""id"":""analyst-analyst-estimates"",""name"":""Analyst Estimates""}","[]","MATRIX","TOP500","0"
"0","{""id"":""analyst"",""name"":""Analyst""}","0","{""id"":""analyst15"",""name"":""Earnings forecasts""}","1","2026-07-01","1","The weighted average standard deviation of 12 month forward earnings per share before goodwill(EBG) estimation aggregated within GICS industry grouping.","anl15_ebg_ind_12_m_st_dev","2","DEU","{""id"":""analyst-analyst-estimates"",""name"":""Analyst Estimates""}","[]","MATRIX","TOP500","0"
"0","{""id"":""analyst"",""name"":""Analyst""}","0","{""id"":""analyst15"",""name"":""Earnings forecasts""}","1","2026-07-01","1","The total of 12 month forward earnings estimation aggregated within GICS industry grouping.","anl15_ebg_ind_12_m_total","2","DEU","{""id"":""analyst-analyst-estimates"",""name"":""Analyst Estimates""}","[]","MATRIX","TOP500","0"
"0","{""id"":""analyst"",""name"":""Analyst""}","0","{""id"":""analyst15"",""name"":""Earnings forecasts""}","1","2026-07-01","1","Weighted average trailing 12 months EPS (earnings per share) at the industry level for Europe","anl15_ebg_ind_12_m_tr_mean","2","DEU","{""id"":""analyst-analyst-estimates"",""name"":""Analyst Estimates""}","[]","MATRIX","TOP500","0"
"0","{""id"":""analyst"",""name"":""Analyst""}","0","{""id"":""analyst15"",""name"":""Earnings forecasts""}","1","2026-07-01","1","Weighted one-month percent change in the 18-month forward earnings forecasts (constant sample), aggregated at the industry level for Europe","anl15_ebg_ind_18_m_1m_chg","2","DEU","{""id"":""analyst-analyst-estimates"",""name"":""Analyst Estimates""}","[]","MATRIX","TOP500","0"
"0","{""id"":""analyst"",""name"":""Analyst""}","0","{""id"":""analyst15"",""name"":""Earnings forecasts""}","1","2026-07-01","1","Weighted three-month percent change in the 18-month forward earnings forecasts (constant sample), aggregated at the industry level for Europe","anl15_ebg_ind_18_m_3m_chg","2","DEU","{""id"":""analyst-analyst-estimates"",""name"":""Analyst Estimates""}","[]","MATRIX","TOP500","0"
"0","{""id"":""analyst"",""name"":""Analyst""}","0","{""id"":""analyst15"",""name"":""Earnings forecasts""}","1","2026-07-01","1","Weighted six-month percent change in the 18-month forward earnings forecasts (constant sample), aggregated at the industry level for Europe","anl15_ebg_ind_18_m_6m_chg","2","DEU","{""id"":""analyst-analyst-estimates"",""name"":""Analyst Estimates""}","[]","MATRIX","TOP500","0"
"0","{""id"":""analyst"",""name"":""Analyst""}","0","{""id"":""analyst15"",""name"":""Earnings forecasts""}","1","2026-07-01","1","The number of companies with a 18 month forward mean earnings per share before goodwill(EBG) estimation within GICS industry grouping.","anl15_ebg_ind_18_m_cos","2","DEU","{""id"":""analyst-analyst-estimates"",""name"":""Analyst Estimates""}","[]","MATRIX","TOP500","0"
"0","{""id"":""analyst"",""name"":""Analyst""}","0","{""id"":""analyst15"",""name"":""Earnings forecasts""}","1","2026-07-01","1","The number of companies for which 18 month forward mean earnings per share before goodwill(EBG) estimation has been lowered from last month within GICS industry grouping.","anl15_ebg_ind_18_m_cos_dn","2","DEU","{""id"":""analyst-analyst-estimates"",""name"":""Analyst Estimates""}","[]","MATRIX","TOP500","0"
"0","{""id"":""analyst"",""name"":""Analyst""}","0","{""id"":""analyst15"",""name"":""Earnings forecasts""}","1","2026-07-01","1","The number of companies for which 18 month forward mean earnings per share before goodwill(EBG) estimation has been raised from last month within GICS industry grouping.","anl15_ebg_ind_18_m_cos_up","2","DEU","{""id"":""analyst-analyst-estimates"",""name"":""Analyst Estimates""}","[]","MATRIX","TOP500","0"
"0","{""id"":""analyst"",""name"":""Analyst""}","0","{""id"":""analyst15"",""name"":""Earnings forecasts""}","1","2026-07-01","1","The 18 month forward pro-rated total number of estimates within GICS industry grouping.","anl15_ebg_ind_18_m_ests","2","DEU","{""id"":""analyst-analyst-estimates"",""name"":""Analyst Estimates""}","[]","MATRIX","TOP500","0"
"0","{""id"":""analyst"",""name"":""Analyst""}","0","{""id"":""analyst15"",""name"":""Earnings forecasts""}","1","2026-07-01","1","Number of analyst estimates with negative revisions over the trailing 18 months, aggregated at the industry level for Europe","anl15_ebg_ind_18_m_ests_dn","2","DEU","{""id"":""analyst-analyst-estimates"",""name"":""Analyst Estimates""}","[]","MATRIX","TOP500","0"
"0","{""id"":""analyst"",""name"":""Analyst""}","0","{""id"":""analyst15"",""name"":""Earnings forecasts""}","1","2026-07-01","1","Number of analyst estimates with positive revisions over the trailing 18 months, aggregated at the industry level for Europe","anl15_ebg_ind_18_m_ests_up","2","DEU","{""id"":""analyst-analyst-estimates"",""name"":""Analyst Estimates""}","[]","MATRIX","TOP500","0"
"0","{""id"":""analyst"",""name"":""Analyst""}","0","{""id"":""analyst15"",""name"":""Earnings forecasts""}","1","2026-07-01","1","Weighted 18-month forward earnings growth, aggregated at the industry level for Europe","anl15_ebg_ind_18_m_gro","2","DEU","{""id"":""analyst-analyst-estimates"",""name"":""Analyst Estimates""}","[]","MATRIX","TOP500","0"
"0","{""id"":""analyst"",""name"":""Analyst""}","0","{""id"":""analyst15"",""name"":""Earnings forecasts""}","1","2026-07-01","1","The weighted average of 18 month forward earnings per share before goodwill(EBG) estimation aggregated within GICS industry grouping.","anl15_ebg_ind_18_m_mean","2","DEU","{""id"":""analyst-analyst-estimates"",""name"":""Analyst Estimates""}","[]","MATRIX","TOP500","0"
"0","{""id"":""analyst"",""name"":""Analyst""}","0","{""id"":""analyst15"",""name"":""Earnings forecasts""}","1","2026-07-01","1","Total market capitalization of companies included in the aggregate with an 18-month forward mean, aggregated at the industry level for Europe","anl15_ebg_ind_18_m_mktcap","2","DEU","{""id"":""analyst-analyst-estimates"",""name"":""Analyst Estimates""}","[]","MATRIX","TOP500","0"
"0","{""id"":""analyst"",""name"":""Analyst""}","0","{""id"":""analyst15"",""name"":""Earnings forecasts""}","1","2026-07-01","1","Weighted average price/earnings ratio based on 18-month forward earnings, aggregated at the industry level for Europe","anl15_ebg_ind_18_m_pe","2","DEU","{""id"":""analyst-analyst-estimates"",""name"":""Analyst Estimates""}","[]","MATRIX","TOP500","0"
"0","{""id"":""analyst"",""name"":""Analyst""}","0","{""id"":""analyst15"",""name"":""Earnings forecasts""}","1","2026-07-01","1","The weighted average standard deviation of 18 month forward earnings per share before goodwill(EBG) estimation aggregated within GICS industry grouping.","anl15_ebg_ind_18_m_st_dev","2","DEU","{""id"":""analyst-analyst-estimates"",""name"":""Analyst Estimates""}","[]","MATRIX","TOP500","0"
"0","{""id"":""analyst"",""name"":""Analyst""}","0","{""id"":""analyst15"",""name"":""Earnings forecasts""}","1","2026-07-01","1","The total of 18 month forward earnings estimation aggregated within GICS industry grouping.","anl15_ebg_ind_18_m_total","2","DEU","{""id"":""analyst-analyst-estimates"",""name"":""Analyst Estimates""}","[]","MATRIX","TOP500","0"
"0","{""id"":""analyst"",""name"":""Analyst""}","0","{""id"":""analyst15"",""name"":""Earnings forecasts""}","1","2026-07-01","1","The weighted year over year growth of earnings per share before goodwill(EBG) estimation for the current calendarized fiscal year aggregated within GICS industry grouping.","anl15_ebg_ind_cal_fy0_gro","2","DEU","{""id"":""analyst-analyst-estimates"",""name"":""Analyst Estimates""}","[]","MATRIX","TOP500","0"
"0","{""id"":""analyst"",""name"":""Analyst""}","0","{""id"":""analyst15"",""name"":""Earnings forecasts""}","1","2026-07-01","1","The weighted average price/earnings ratio based on earnings per share before goodwill(EBG) estimation for the current calendarized fiscal year aggregated within GICS industry grouping.","anl15_ebg_ind_cal_fy0_pe","2","DEU","{""id"":""analyst-analyst-estimates"",""name"":""Analyst Estimates""}","[]","MATRIX","TOP500","0"
"0","{""id"":""analyst"",""name"":""Analyst""}","0","{""id"":""analyst15"",""name"":""Earnings forecasts""}","1","2026-07-01","1","Industry-level total earnings for calendarized Fiscal Year 0 (sum of EPS times shares across constituents)","anl15_ebg_ind_cal_fy0_total","2","DEU","{""id"":""analyst-analyst-estimates"",""name"":""Analyst Estimates""}","[]","MATRIX","TOP500","0"
"0","{""id"":""analyst"",""name"":""Analyst""}","0","{""id"":""analyst15"",""name"":""Earnings forecasts""}","1","2026-07-01","1","The weighted average of earnings per share before goodwill(EBG) estimation for the current calendarized fiscal year aggregated within GICS industry grouping.","anl15_ebg_ind_cal_fy0_val","2","DEU","{""id"":""analyst-analyst-estimates"",""name"":""Analyst Estimates""}","[]","MATRIX","TOP500","0"
"0","{""id"":""analyst"",""name"":""Analyst""}","0","{""id"":""analyst15"",""name"":""Earnings forecasts""}","1","2026-07-01","1","Weighted one-month percent change in calendarized Fiscal Year 1 EBG earnings forecasts using a constant sample, aggregated at the industry level for Europe","anl15_ebg_ind_cal_fy1_1m_chg","2","DEU","{""id"":""analyst-analyst-estimates"",""name"":""Analyst Estimates""}","[]","MATRIX","TOP500","0"
"0","{""id"":""analyst"",""name"":""Analyst""}","0","{""id"":""analyst15"",""name"":""Earnings forecasts""}","1","2026-07-01","1","Weighted three-month percent change in calendarized Fiscal Year 1 EBG earnings forecasts using a constant sample, aggregated at the industry level for Europe","anl15_ebg_ind_cal_fy1_3m_chg","2","DEU","{""id"":""analyst-analyst-estimates"",""name"":""Analyst Estimates""}","[]","MATRIX","TOP500","0"
"0","{""id"":""analyst"",""name"":""Analyst""}","0","{""id"":""analyst15"",""name"":""Earnings forecasts""}","1","2026-07-01","1","Weighted six-month percent change in calendarized Fiscal Year 1 EBG earnings forecasts using a constant sample, aggregated at the industry level for Europe","anl15_ebg_ind_cal_fy1_6m_chg","2","DEU","{""id"":""analyst-analyst-estimates"",""name"":""Analyst Estimates""}","[]","MATRIX","TOP500","0"
"0","{""id"":""analyst"",""name"":""Analyst""}","0","{""id"":""analyst15"",""name"":""Earnings forecasts""}","1","2026-07-01","1","The number of companies with a calendarized one fiscal year earnings per share before goodwill(EBG) estimation within GICS industry grouping.","anl15_ebg_ind_cal_fy1_cos","2","DEU","{""id"":""analyst-analyst-estimates"",""name"":""Analyst Estimates""}","[]","MATRIX","TOP500","0"
"0","{""id"":""analyst"",""name"":""Analyst""}","0","{""id"":""analyst15"",""name"":""Earnings forecasts""}","1","2026-07-01","1","The total number of calendarized one fiscal year earnings per share before goodwill(EBG) estimation within GICS industry grouping.","anl15_ebg_ind_cal_fy1_ests","2","DEU","{""id"":""analyst-analyst-estimates"",""name"":""Analyst Estimates""}","[]","MATRIX","TOP500","0"
"0","{""id"":""analyst"",""name"":""Analyst""}","0","{""id"":""analyst15"",""name"":""Earnings forecasts""}","1","2026-07-01","1","Year-over-year growth in the EBG earnings measure for calendarized Fiscal Year 1, aggregated and weighted at the industry level for Europe","anl15_ebg_ind_cal_fy1_gro","2","DEU","{""id"":""analyst-analyst-estimates"",""name"":""Analyst Estimates""}","[]","MATRIX","TOP500","0"
"0","{""id"":""analyst"",""name"":""Analyst""}","0","{""id"":""analyst15"",""name"":""Earnings forecasts""}","1","2026-07-01","1","Industry-level weighted average EPS for the calendarized Fiscal Year 1 period","anl15_ebg_ind_cal_fy1_mean","2","DEU","{""id"":""analyst-analyst-estimates"",""name"":""Analyst Estimates""}","[]","MATRIX","TOP500","0"
"0","{""id"":""analyst"",""name"":""Analyst""}","0","{""id"":""analyst15"",""name"":""Earnings forecasts""}","1","2026-07-01","1","The total market capitalization for the companies aggregated within GICS industry grouping with a calendarized one fiscal year mean price estimation.","anl15_ebg_ind_cal_fy1_mktcap","2","DEU","{""id"":""analyst-analyst-estimates"",""name"":""Analyst Estimates""}","[]","MATRIX","TOP500","0"
"0","{""id"":""analyst"",""name"":""Analyst""}","0","{""id"":""analyst15"",""name"":""Earnings forecasts""}","1","2026-07-01","1","The weighted average price/earnings ratio based on earnings per share before goodwill(EBG) estimation for the calendarized one fiscal year aggregated within GICS industry grouping.","anl15_ebg_ind_cal_fy1_pe","2","DEU","{""id"":""analyst-analyst-estimates"",""name"":""Analyst Estimates""}","[]","MATRIX","TOP500","0"
"0","{""id"":""analyst"",""name"":""Analyst""}","0","{""id"":""analyst15"",""name"":""Earnings forecasts""}","1","2026-07-01","1","The weighted average standard deviation of earnings per share before goodwill(EBG) estimation for the calendarized one fiscal year aggregated within GICS industry grouping.","anl15_ebg_ind_cal_fy1_st_dev","2","DEU","{""id"":""analyst-analyst-estimates"",""name"":""Analyst Estimates""}","[]","MATRIX","TOP500","0"
"0","{""id"":""analyst"",""name"":""Analyst""}","0","{""id"":""analyst15"",""name"":""Earnings forecasts""}","1","2026-07-01","1","The total of earnings estimation for the calendarized one fiscal year aggregated within GICS industry grouping.","anl15_ebg_ind_cal_fy1_total","2","DEU","{""id"":""analyst-analyst-estimates"",""name"":""Analyst Estimates""}","[]","MATRIX","TOP500","0"
"0","{""id"":""analyst"",""name"":""Analyst""}","0","{""id"":""analyst15"",""name"":""Earnings forecasts""}","1","2026-07-01","1","Weighted one-month percentage change in FY2 earnings forecasts (constant sample), aggregated at the industry level for Europe","anl15_ebg_ind_cal_fy2_1m_chg","2","DEU","{""id"":""analyst-analyst-estimates"",""name"":""Analyst Estimates""}","[]","MATRIX","TOP500","0"
"0","{""id"":""analyst"",""name"":""Analyst""}","0","{""id"":""analyst15"",""name"":""Earnings forecasts""}","1","2026-07-01","1","Weighted three-month percentage change in FY2 earnings forecasts (constant sample), aggregated at the industry level for Europe","anl15_ebg_ind_cal_fy2_3m_chg","2","DEU","{""id"":""analyst-analyst-estimates"",""name"":""Analyst Estimates""}","[]","MATRIX","TOP500","0"
"0","{""id"":""analyst"",""name"":""Analyst""}","0","{""id"":""analyst15"",""name"":""Earnings forecasts""}","1","2026-07-01","1","Weighted six-month percentage change in FY2 earnings forecasts (constant sample), aggregated at the industry level for Europe","anl15_ebg_ind_cal_fy2_6m_chg","2","DEU","{""id"":""analyst-analyst-estimates"",""name"":""Analyst Estimates""}","[]","MATRIX","TOP500","0"
"0","{""id"":""analyst"",""name"":""Analyst""}","0","{""id"":""analyst15"",""name"":""Earnings forecasts""}","1","2026-07-01","1","The number of companies with a calendarized two fiscal year earnings per share before goodwill(EBG) estimation within GICS industry grouping.","anl15_ebg_ind_cal_fy2_cos","2","DEU","{""id"":""analyst-analyst-estimates"",""name"":""Analyst Estimates""}","[]","MATRIX","TOP500","0"
"0","{""id"":""analyst"",""name"":""Analyst""}","0","{""id"":""analyst15"",""name"":""Earnings forecasts""}","1","2026-07-01","1","The total number of calendarized two fiscal year earnings per share before goodwill(EBG) estimation within GICS industry grouping.","anl15_ebg_ind_cal_fy2_ests","2","DEU","{""id"":""analyst-analyst-estimates"",""name"":""Analyst Estimates""}","[]","MATRIX","TOP500","0"
"0","{""id"":""analyst"",""name"":""Analyst""}","0","{""id"":""analyst15"",""name"":""Earnings forecasts""}","1","2026-07-01","1","The weighted year over year growth of earnings per share before goodwill(EBG) estimation for the calendarized two fiscal year aggregated within GICS industry grouping.","anl15_ebg_ind_cal_fy2_gro","2","DEU","{""id"":""analyst-analyst-estimates"",""name"":""Analyst Estimates""}","[]","MATRIX","TOP500","0"
"0","{""id"":""analyst"",""name"":""Analyst""}","0","{""id"":""analyst15"",""name"":""Earnings forecasts""}","1","2026-07-01","1","The weighted average of earnings per share before goodwill(EBG) estimation for the calendarized two fiscal year aggregated within GICS industry grouping.","anl15_ebg_ind_cal_fy2_mean","2","DEU","{""id"":""analyst-analyst-estimates"",""name"":""Analyst Estimates""}","[]","MATRIX","TOP500","0"
"0","{""id"":""analyst"",""name"":""Analyst""}","0","{""id"":""analyst15"",""name"":""Earnings forecasts""}","1","2026-07-01","1","The total market capitalization for the companies aggregated within GICS industry grouping with a calendarized two fiscal year mean price estimation.","anl15_ebg_ind_cal_fy2_mktcap","2","DEU","{""id"":""analyst-analyst-estimates"",""name"":""Analyst Estimates""}","[]","MATRIX","TOP500","0"
"0","{""id"":""analyst"",""name"":""Analyst""}","0","{""id"":""analyst15"",""name"":""Earnings forecasts""}","1","2026-07-01","1","Weighted average price-to-earnings ratio for calendarized Fiscal Year 2, aggregated at the industry level for Europe","anl15_ebg_ind_cal_fy2_pe","2","DEU","{""id"":""analyst-analyst-estimates"",""name"":""Analyst Estimates""}","[]","MATRIX","TOP500","0"
"0","{""id"":""analyst"",""name"":""Analyst""}","0","{""id"":""analyst15"",""name"":""Earnings forecasts""}","1","2026-07-01","1","The weighted average standard deviation of earnings per share before goodwill(EBG) estimation for the calendarized two fiscal year aggregated within GICS industry grouping.","anl15_ebg_ind_cal_fy2_st_dev","2","DEU","{""id"":""analyst-analyst-estimates"",""name"":""Analyst Estimates""}","[]","MATRIX","TOP500","0"
"0","{""id"":""analyst"",""name"":""Analyst""}","0","{""id"":""analyst15"",""name"":""Earnings forecasts""}","1","2026-07-01","1","The total of earnings estimation for the calendarized two fiscal year aggregated within GICS industry grouping.","anl15_ebg_ind_cal_fy2_total","2","DEU","{""id"":""analyst-analyst-estimates"",""name"":""Analyst Estimates""}","[]","MATRIX","TOP500","0"
"0","{""id"":""analyst"",""name"":""Analyst""}","0","{""id"":""analyst15"",""name"":""Earnings forecasts""}","1","2026-07-01","1","Weighted one-month percent change in calendarized FY3 earnings forecasts (constant sample), aggregated at the industry level for Europe","anl15_ebg_ind_cal_fy3_1m_chg","2","DEU","{""id"":""analyst-analyst-estimates"",""name"":""Analyst Estimates""}","[]","MATRIX","TOP500","0"
"0","{""id"":""analyst"",""name"":""Analyst""}","0","{""id"":""analyst15"",""name"":""Earnings forecasts""}","1","2026-07-01","1","Weighted three-month percent change in calendarized FY3 earnings forecasts (constant sample), aggregated at the industry level for Europe","anl15_ebg_ind_cal_fy3_3m_chg","2","DEU","{""id"":""analyst-analyst-estimates"",""name"":""Analyst Estimates""}","[]","MATRIX","TOP500","0"
"0","{""id"":""analyst"",""name"":""Analyst""}","0","{""id"":""analyst15"",""name"":""Earnings forecasts""}","1","2026-07-01","1","Weighted six-month percent change in calendarized FY3 earnings forecasts (constant sample), aggregated at the industry level for Europe","anl15_ebg_ind_cal_fy3_6m_chg","2","DEU","{""id"":""analyst-analyst-estimates"",""name"":""Analyst Estimates""}","[]","MATRIX","TOP500","0"
"0","{""id"":""analyst"",""name"":""Analyst""}","0","{""id"":""analyst15"",""name"":""Earnings forecasts""}","1","2026-07-01","1","The number of companies with a calendarized three fiscal year earnings per share before goodwill(EBG) estimation within GICS industry grouping.","anl15_ebg_ind_cal_fy3_cos","2","DEU","{""id"":""analyst-analyst-estimates"",""name"":""Analyst Estimates""}","[]","MATRIX","TOP500","0"
"0","{""id"":""analyst"",""name"":""Analyst""}","0","{""id"":""analyst15"",""name"":""Earnings forecasts""}","1","2026-07-01","1","The total number of calendarized three fiscal year earnings per share before goodwill(EBG) estimation within GICS industry grouping.","anl15_ebg_ind_cal_fy3_ests","2","DEU","{""id"":""analyst-analyst-estimates"",""name"":""Analyst Estimates""}","[]","MATRIX","TOP500","0"
"0","{""id"":""analyst"",""name"":""Analyst""}","0","{""id"":""analyst15"",""name"":""Earnings forecasts""}","1","2026-07-01","1","Weighted year-over-year earnings growth based on calendarized FY3 consensus, aggregated at the industry level for Europe","anl15_ebg_ind_cal_fy3_gro","2","DEU","{""id"":""analyst-analyst-estimates"",""name"":""Analyst Estimates""}","[]","MATRIX","TOP500","0"
"0","{""id"":""analyst"",""name"":""Analyst""}","0","{""id"":""analyst15"",""name"":""Earnings forecasts""}","1","2026-07-01","1","The weighted average of earnings per share before goodwill(EBG) estimation for the calendarized three fiscal year aggregated within GICS industry grouping.","anl15_ebg_ind_cal_fy3_mean","2","DEU","{""id"":""analyst-analyst-estimates"",""name"":""Analyst Estimates""}","[]","MATRIX","TOP500","0"
"0","{""id"":""analyst"",""name"":""Analyst""}","0","{""id"":""analyst15"",""name"":""Earnings forecasts""}","1","2026-07-01","1","The total market capitalization for the companies aggregated within GICS industry grouping with a calendarized three fiscal year mean price estimation.","anl15_ebg_ind_cal_fy3_mktcap","2","DEU","{""id"":""analyst-analyst-estimates"",""name"":""Analyst Estimates""}","[]","MATRIX","TOP500","0"
"0","{""id"":""analyst"",""name"":""Analyst""}","0","{""id"":""analyst15"",""name"":""Earnings forecasts""}","1","2026-07-01","1","Weighted average Price-to-Earnings ratio based on calendarized FY3 EPS consensus, aggregated at the industry level for Europe","anl15_ebg_ind_cal_fy3_pe","2","DEU","{""id"":""analyst-analyst-estimates"",""name"":""Analyst Estimates""}","[]","MATRIX","TOP500","0"
"0","{""id"":""analyst"",""name"":""Analyst""}","0","{""id"":""analyst15"",""name"":""Earnings forecasts""}","1","2026-07-01","1","The weighted average standard deviation of earnings per share before goodwill(EBG) estimation for the calendarized three fiscal year aggregated within GICS industry grouping.","anl15_ebg_ind_cal_fy3_st_dev","2","DEU","{""id"":""analyst-analyst-estimates"",""name"":""Analyst Estimates""}","[]","MATRIX","TOP500","0"
"0","{""id"":""analyst"",""name"":""Analyst""}","0","{""id"":""analyst15"",""name"":""Earnings forecasts""}","1","2026-07-01","1","The total of earnings estimation for the calendarized three fiscal year aggregated within GICS industry grouping.","anl15_ebg_ind_cal_fy3_total","2","DEU","{""id"":""analyst-analyst-estimates"",""name"":""Analyst Estimates""}","[]","MATRIX","TOP500","0"
"0","{""id"":""analyst"",""name"":""Analyst""}","0","{""id"":""analyst15"",""name"":""Earnings forecasts""}","1","2026-07-01","1","Weighted average dividend yield (based on Indicated Annual Dividend) for the industry aggregate in Europe","anl15_ebg_ind_divyld","2","DEU","{""id"":""analyst-analyst-estimates"",""name"":""Analyst Estimates""}","[]","MATRIX","TOP500","0"
"0","{""id"":""analyst"",""name"":""Analyst""}","0","{""id"":""analyst15"",""name"":""Earnings forecasts""}","1","2026-07-01","1","The number of companies for which indicated annual dividend data is available within GICS industry grouping.","anl15_ebg_ind_div_cos","2","DEU","{""id"":""analyst-analyst-estimates"",""name"":""Analyst Estimates""}","[]","MATRIX","TOP500","0"
"0","{""id"":""analyst"",""name"":""Analyst""}","0","{""id"":""analyst15"",""name"":""Earnings forecasts""}","1","2026-07-01","1","The number of companies for which earnings per share before goodwill(EBG) estimation for the calendarized one fiscal year has been lowered from last month within GICS industry grouping.","anl15_ebg_ind_fy1_cos_dn","2","DEU","{""id"":""analyst-analyst-estimates"",""name"":""Analyst Estimates""}","[]","MATRIX","TOP500","0"
"0","{""id"":""analyst"",""name"":""Analyst""}","0","{""id"":""analyst15"",""name"":""Earnings forecasts""}","1","2026-07-01","1","The number of companies for which earnings per share before goodwill(EBG) estimation for the calendarized one fiscal year has been raised from last month within GICS industry grouping.","anl15_ebg_ind_fy1_cos_up","2","DEU","{""id"":""analyst-analyst-estimates"",""name"":""Analyst Estimates""}","[]","MATRIX","TOP500","0"
"0","{""id"":""analyst"",""name"":""Analyst""}","0","{""id"":""analyst15"",""name"":""Earnings forecasts""}","1","2026-07-01","1","The total number of earnings per share before goodwill(EBG) estimation for the calendarized one fiscal year which have been lowered since last month within GICS industry grouping.","anl15_ebg_ind_fy1_ests_dn","2","DEU","{""id"":""analyst-analyst-estimates"",""name"":""Analyst Estimates""}","[]","MATRIX","TOP500","0"
"0","{""id"":""analyst"",""name"":""Analyst""}","0","{""id"":""analyst15"",""name"":""Earnings forecasts""}","1","2026-07-01","1","The total number of earnings per share before goodwill(EBG) estimation for the calendarized one fiscal year which have been raised since last month within GICS industry grouping.","anl15_ebg_ind_fy1_ests_up","2","DEU","{""id"":""analyst-analyst-estimates"",""name"":""Analyst Estimates""}","[]","MATRIX","TOP500","0"
"0","{""id"":""analyst"",""name"":""Analyst""}","0","{""id"":""analyst15"",""name"":""Earnings forecasts""}","1","2026-07-01","1","The number of companies for which earnings per share before goodwill(EBG) estimation for the calendarized two fiscal year has been lowered from last month within GICS industry grouping.","anl15_ebg_ind_fy2_cos_dn","2","DEU","{""id"":""analyst-analyst-estimates"",""name"":""Analyst Estimates""}","[]","MATRIX","TOP500","0"
"0","{""id"":""analyst"",""name"":""Analyst""}","0","{""id"":""analyst15"",""name"":""Earnings forecasts""}","1","2026-07-01","1","The number of companies for which earnings per share before goodwill(EBG) estimation for the calendarized two fiscal year has been raised from last month within GICS industry grouping.","anl15_ebg_ind_fy2_cos_up","2","DEU","{""id"":""analyst-analyst-estimates"",""name"":""Analyst Estimates""}","[]","MATRIX","TOP500","0"
"0","{""id"":""analyst"",""name"":""Analyst""}","0","{""id"":""analyst15"",""name"":""Earnings forecasts""}","1","2026-07-01","1","The total number of earnings per share before goodwill(EBG) estimation for the calendarized two fiscal year which have been lowered since last month within GICS industry grouping.","anl15_ebg_ind_fy2_ests_dn","2","DEU","{""id"":""analyst-analyst-estimates"",""name"":""Analyst Estimates""}","[]","MATRIX","TOP500","0"
"0","{""id"":""analyst"",""name"":""Analyst""}","0","{""id"":""analyst15"",""name"":""Earnings forecasts""}","1","2026-07-01","1","The total number of earnings per share before goodwill(EBG) estimation for the calendarized two fiscal year which have been raised since last month within GICS industry grouping.","anl15_ebg_ind_fy2_ests_up","2","DEU","{""id"":""analyst-analyst-estimates"",""name"":""Analyst Estimates""}","[]","MATRIX","TOP500","0"
"0","{""id"":""analyst"",""name"":""Analyst""}","0","{""id"":""analyst15"",""name"":""Earnings forecasts""}","1","2026-07-01","1","The number of companies for which earnings per share before goodwill(EBG) estimation for the calendarized three fiscal year has been lowered from last month within GICS industry grouping.","anl15_ebg_ind_fy3_cos_dn","2","DEU","{""id"":""analyst-analyst-estimates"",""name"":""Analyst Estimates""}","[]","MATRIX","TOP500","0"
"0","{""id"":""analyst"",""name"":""Analyst""}","0","{""id"":""analyst15"",""name"":""Earnings forecasts""}","1","2026-07-01","1","The number of companies for which earnings per share before goodwill(EBG) estimation for the calendarized three fiscal year has been raised from last month within GICS industry grouping.","anl15_ebg_ind_fy3_cos_up","2","DEU","{""id"":""analyst-analyst-estimates"",""name"":""Analyst Estimates""}","[]","MATRIX","TOP500","0"
"0","{""id"":""analyst"",""name"":""Analyst""}","0","{""id"":""analyst15"",""name"":""Earnings forecasts""}","1","2026-07-01","1","Number of calendarized Fiscal Year 3 analyst estimates revised downward since the prior month, aggregated at the industry level for Europe","anl15_ebg_ind_fy3_ests_dn","2","DEU","{""id"":""analyst-analyst-estimates"",""name"":""Analyst Estimates""}","[]","MATRIX","TOP500","0"
"0","{""id"":""analyst"",""name"":""Analyst""}","0","{""id"":""analyst15"",""name"":""Earnings forecasts""}","1","2026-07-01","1","The total number of earnings per share before goodwill(EBG) estimation for the calendarized three fiscal year which have been raised since last month within GICS industry grouping.","anl15_ebg_ind_fy3_ests_up","2","DEU","{""id"":""analyst-analyst-estimates"",""name"":""Analyst Estimates""}","[]","MATRIX","TOP500","0"
"0","{""id"":""analyst"",""name"":""Analyst""}","0","{""id"":""analyst15"",""name"":""Earnings forecasts""}","1","2026-07-01","1","Weighted annual EPS growth rate over the past five years (loglinear regression of last five years of annual EPS) for the industry aggregate in Europe","anl15_ebg_ind_hist_eps_gro","2","DEU","{""id"":""analyst-analyst-estimates"",""name"":""Analyst Estimates""}","[]","MATRIX","TOP500","0"
"0","{""id"":""analyst"",""name"":""Analyst""}","0","{""id"":""analyst15"",""name"":""Earnings forecasts""}","1","2026-07-01","1","Weighted one-month percent change in long-term growth (LTG) forecasts at the industry level for Europe","anl15_ebg_ind_ltg_1m_chg","2","DEU","{""id"":""analyst-analyst-estimates"",""name"":""Analyst Estimates""}","[]","MATRIX","TOP500","0"
"0","{""id"":""analyst"",""name"":""Analyst""}","0","{""id"":""analyst15"",""name"":""Earnings forecasts""}","1","2026-07-01","1","Weighted three-month percent change in long-term growth (LTG) forecasts at the industry level for Europe","anl15_ebg_ind_ltg_3m_chg","2","DEU","{""id"":""analyst-analyst-estimates"",""name"":""Analyst Estimates""}","[]","MATRIX","TOP500","0"
"0","{""id"":""analyst"",""name"":""Analyst""}","0","{""id"":""analyst15"",""name"":""Earnings forecasts""}","1","2026-07-01","1","Weighted six-month percent change in long-term growth (LTG) forecasts at the industry level for Europe","anl15_ebg_ind_ltg_6m_chg","2","DEU","{""id"":""analyst-analyst-estimates"",""name"":""Analyst Estimates""}","[]","MATRIX","TOP500","0"
"0","{""id"":""analyst"",""name"":""Analyst""}","0","{""id"":""analyst15"",""name"":""Earnings forecasts""}","1","2026-07-01","1","The number of companies with a long term growth earnings per share before goodwill(EBG) estimation within GICS industry grouping.","anl15_ebg_ind_ltg_cos","2","DEU","{""id"":""analyst-analyst-estimates"",""name"":""Analyst Estimates""}","[]","MATRIX","TOP500","0"
"0","{""id"":""analyst"",""name"":""Analyst""}","0","{""id"":""analyst15"",""name"":""Earnings forecasts""}","1","2026-07-01","1","Number of companies whose long-term growth (LTG) median has been lowered since last month at the industry level within the Europe aggregation","anl15_ebg_ind_ltg_cos_dn","2","DEU","{""id"":""analyst-analyst-estimates"",""name"":""Analyst Estimates""}","[]","MATRIX","TOP500","0"
"0","{""id"":""analyst"",""name"":""Analyst""}","0","{""id"":""analyst15"",""name"":""Earnings forecasts""}","1","2026-07-01","1","Number of companies whose long-term growth (LTG) median has been raised since last month at the industry level within the Europe aggregation","anl15_ebg_ind_ltg_cos_up","2","DEU","{""id"":""analyst-analyst-estimates"",""name"":""Analyst Estimates""}","[]","MATRIX","TOP500","0"
"0","{""id"":""analyst"",""name"":""Analyst""}","0","{""id"":""analyst15"",""name"":""Earnings forecasts""}","1","2026-07-01","1","The total number of long term growth earnings per share before goodwill(EBG) estimation within GICS industry grouping.","anl15_ebg_ind_ltg_ests","2","DEU","{""id"":""analyst-analyst-estimates"",""name"":""Analyst Estimates""}","[]","MATRIX","TOP500","0"
"0","{""id"":""analyst"",""name"":""Analyst""}","0","{""id"":""analyst15"",""name"":""Earnings forecasts""}","1","2026-07-01","1","Number of long-term growth (LTG) estimates that were revised downward since last month, aggregated at the industry level for Europe","anl15_ebg_ind_ltg_ests_dn","2","DEU","{""id"":""analyst-analyst-estimates"",""name"":""Analyst Estimates""}","[]","MATRIX","TOP500","0"
"0","{""id"":""analyst"",""name"":""Analyst""}","0","{""id"":""analyst15"",""name"":""Earnings forecasts""}","1","2026-07-01","1","Number of individual long-term growth (LTG) estimates raised since last month at the industry level within the Europe aggregation","anl15_ebg_ind_ltg_ests_up","2","DEU","{""id"":""analyst-analyst-estimates"",""name"":""Analyst Estimates""}","[]","MATRIX","TOP500","0"
"0","{""id"":""analyst"",""name"":""Analyst""}","0","{""id"":""analyst15"",""name"":""Earnings forecasts""}","1","2026-07-01","1","The weighted average of long term growth earnings per share before goodwill(EBG) estimation aggregated within GICS industry grouping.","anl15_ebg_ind_ltg_mdn","2","DEU","{""id"":""analyst-analyst-estimates"",""name"":""Analyst Estimates""}","[]","MATRIX","TOP500","0"
"0","{""id"":""analyst"",""name"":""Analyst""}","0","{""id"":""analyst15"",""name"":""Earnings forecasts""}","1","2026-07-01","1","Total market capitalization of companies with long-term growth (LTG) forecasts at the industry level for Europe","anl15_ebg_ind_ltg_mktcap","2","DEU","{""id"":""analyst-analyst-estimates"",""name"":""Analyst Estimates""}","[]","MATRIX","TOP500","0"
"0","{""id"":""analyst"",""name"":""Analyst""}","0","{""id"":""analyst15"",""name"":""Earnings forecasts""}","1","2026-07-01","1","The weighted average standard deviation of long term growth earnings per share before goodwill(EBG) estimation aggregated within GICS industry grouping.","anl15_ebg_ind_ltg_st_dev","2","DEU","{""id"":""analyst-analyst-estimates"",""name"":""Analyst Estimates""}","[]","MATRIX","TOP500","0"
"0","{""id"":""analyst"",""name"":""Analyst""}","0","{""id"":""analyst15"",""name"":""Earnings forecasts""}","1","2026-07-01","1","Weighted average price per share for companies in the industry aggregate in Europe","anl15_ebg_ind_prc","2","DEU","{""id"":""analyst-analyst-estimates"",""name"":""Analyst Estimates""}","[]","MATRIX","TOP500","0"
"0","{""id"":""analyst"",""name"":""Analyst""}","0","{""id"":""analyst15"",""name"":""Earnings forecasts""}","1","2026-07-01","1","Weighted one-month percent change in 12-month forward EPS forecasts, aggregated at the sector level for Europe","anl15_ebg_s_12_m_1m_chg","2","DEU","{""id"":""analyst-analyst-estimates"",""name"":""Analyst Estimates""}","[]","MATRIX","TOP500","0"
"0","{""id"":""analyst"",""name"":""Analyst""}","0","{""id"":""analyst15"",""name"":""Earnings forecasts""}","1","2026-07-01","1","Weighted three-month percent change in 12-month forward EPS forecasts, aggregated at the sector level for Europe","anl15_ebg_s_12_m_3m_chg","2","DEU","{""id"":""analyst-analyst-estimates"",""name"":""Analyst Estimates""}","[]","MATRIX","TOP500","0"
"0","{""id"":""analyst"",""name"":""Analyst""}","0","{""id"":""analyst15"",""name"":""Earnings forecasts""}","1","2026-07-01","1","Weighted six-month percent change in 12-month forward EPS forecasts, aggregated at the sector level for Europe","anl15_ebg_s_12_m_6m_chg","2","DEU","{""id"":""analyst-analyst-estimates"",""name"":""Analyst Estimates""}","[]","MATRIX","TOP500","0"
"0","{""id"":""analyst"",""name"":""Analyst""}","0","{""id"":""analyst15"",""name"":""Earnings forecasts""}","1","2026-07-01","1","The number of companies with a 12 month forward mean earnings per share before goodwill(EBG) estimation within GICS sector grouping.","anl15_ebg_s_12_m_cos","2","DEU","{""id"":""analyst-analyst-estimates"",""name"":""Analyst Estimates""}","[]","MATRIX","TOP500","0"
"0","{""id"":""analyst"",""name"":""Analyst""}","0","{""id"":""analyst15"",""name"":""Earnings forecasts""}","1","2026-07-01","1","The number of companies for which 12 month forward mean earnings per share before goodwill(EBG) estimation has been lowered from last month within GICS sector grouping.","anl15_ebg_s_12_m_cos_dn","2","DEU","{""id"":""analyst-analyst-estimates"",""name"":""Analyst Estimates""}","[]","MATRIX","TOP500","0"
"0","{""id"":""analyst"",""name"":""Analyst""}","0","{""id"":""analyst15"",""name"":""Earnings forecasts""}","1","2026-07-01","1","The number of companies for which 12 month forward mean earnings per share before goodwill(EBG) estimation has been raised from last month within GICS sector grouping.","anl15_ebg_s_12_m_cos_up","2","DEU","{""id"":""analyst-analyst-estimates"",""name"":""Analyst Estimates""}","[]","MATRIX","TOP500","0"
"0","{""id"":""analyst"",""name"":""Analyst""}","0","{""id"":""analyst15"",""name"":""Earnings forecasts""}","1","2026-07-01","1","The 12 month forward pro-rated total number of estimates within GICS sector grouping.","anl15_ebg_s_12_m_ests","2","DEU","{""id"":""analyst-analyst-estimates"",""name"":""Analyst Estimates""}","[]","MATRIX","TOP500","0"
"0","{""id"":""analyst"",""name"":""Analyst""}","0","{""id"":""analyst15"",""name"":""Earnings forecasts""}","1","2026-07-01","1","The 12 month forward pro-rated total number of estimates which have been lowered since last month within GICS sector grouping.","anl15_ebg_s_12_m_ests_dn","2","DEU","{""id"":""analyst-analyst-estimates"",""name"":""Analyst Estimates""}","[]","MATRIX","TOP500","0"
"0","{""id"":""analyst"",""name"":""Analyst""}","0","{""id"":""analyst15"",""name"":""Earnings forecasts""}","1","2026-07-01","1","The 12 month forward pro-rated total number of estimates which have been raised since last month within GICS sector grouping.","anl15_ebg_s_12_m_ests_up","2","DEU","{""id"":""analyst-analyst-estimates"",""name"":""Analyst Estimates""}","[]","MATRIX","TOP500","0"
"0","{""id"":""analyst"",""name"":""Analyst""}","0","{""id"":""analyst15"",""name"":""Earnings forecasts""}","1","2026-07-01","1","The weighted 12 month forward year over year growth of earnings per share before goodwill(EBG) estimation aggregated within GICS sector grouping.","anl15_ebg_s_12_m_gro","2","DEU","{""id"":""analyst-analyst-estimates"",""name"":""Analyst Estimates""}","[]","MATRIX","TOP500","0"
"0","{""id"":""analyst"",""name"":""Analyst""}","0","{""id"":""analyst15"",""name"":""Earnings forecasts""}","1","2026-07-01","1","Weighted average forward 12 months EPS (earnings per share) at the sector level for Europe","anl15_ebg_s_12_m_mean","2","DEU","{""id"":""analyst-analyst-estimates"",""name"":""Analyst Estimates""}","[]","MATRIX","TOP500","0"
"0","{""id"":""analyst"",""name"":""Analyst""}","0","{""id"":""analyst15"",""name"":""Earnings forecasts""}","1","2026-07-01","1","The total market capitalization for the companies aggregated within GICS sector grouping with a 12 month forward mean price estimation.","anl15_ebg_s_12_m_mktcap","2","DEU","{""id"":""analyst-analyst-estimates"",""name"":""Analyst Estimates""}","[]","MATRIX","TOP500","0"
"0","{""id"":""analyst"",""name"":""Analyst""}","0","{""id"":""analyst15"",""name"":""Earnings forecasts""}","1","2026-07-01","1","Weighted average price-to-earnings ratio based on 12-month forward EPS, aggregated at the sector level for Europe","anl15_ebg_s_12_m_pe","2","DEU","{""id"":""analyst-analyst-estimates"",""name"":""Analyst Estimates""}","[]","MATRIX","TOP500","0"
"0","{""id"":""analyst"",""name"":""Analyst""}","0","{""id"":""analyst15"",""name"":""Earnings forecasts""}","1","2026-07-01","1","The weighted average standard deviation of 12 month forward earnings per share before goodwill(EBG) estimation aggregated within GICS sector grouping.","anl15_ebg_s_12_m_st_dev","2","DEU","{""id"":""analyst-analyst-estimates"",""name"":""Analyst Estimates""}","[]","MATRIX","TOP500","0"
"0","{""id"":""analyst"",""name"":""Analyst""}","0","{""id"":""analyst15"",""name"":""Earnings forecasts""}","1","2026-07-01","1","The total of 12 month forward earnings estimation aggregated within GICS sector grouping.","anl15_ebg_s_12_m_total","2","DEU","{""id"":""analyst-analyst-estimates"",""name"":""Analyst Estimates""}","[]","MATRIX","TOP500","0"
"0","{""id"":""analyst"",""name"":""Analyst""}","0","{""id"":""analyst15"",""name"":""Earnings forecasts""}","1","2026-07-01","1","Weighted average trailing 12 months EPS (earnings per share) at the sector level for Europe","anl15_ebg_s_12_m_tr_mean","2","DEU","{""id"":""analyst-analyst-estimates"",""name"":""Analyst Estimates""}","[]","MATRIX","TOP500","0"
"0","{""id"":""analyst"",""name"":""Analyst""}","0","{""id"":""analyst15"",""name"":""Earnings forecasts""}","1","2026-07-01","1","Weighted one-month percent change in the 18-month forward earnings forecasts (constant sample), aggregated at the sector level for Europe","anl15_ebg_s_18_m_1m_chg","2","DEU","{""id"":""analyst-analyst-estimates"",""name"":""Analyst Estimates""}","[]","MATRIX","TOP500","0"
"0","{""id"":""analyst"",""name"":""Analyst""}","0","{""id"":""analyst15"",""name"":""Earnings forecasts""}","1","2026-07-01","1","Weighted three-month percent change in the 18-month forward earnings forecasts (constant sample), aggregated at the sector level for Europe","anl15_ebg_s_18_m_3m_chg","2","DEU","{""id"":""analyst-analyst-estimates"",""name"":""Analyst Estimates""}","[]","MATRIX","TOP500","0"
"0","{""id"":""analyst"",""name"":""Analyst""}","0","{""id"":""analyst15"",""name"":""Earnings forecasts""}","1","2026-07-01","1","Weighted six-month percent change in the 18-month forward earnings forecasts (constant sample), aggregated at the sector level for Europe","anl15_ebg_s_18_m_6m_chg","2","DEU","{""id"":""analyst-analyst-estimates"",""name"":""Analyst Estimates""}","[]","MATRIX","TOP500","0"
"0","{""id"":""analyst"",""name"":""Analyst""}","0","{""id"":""analyst15"",""name"":""Earnings forecasts""}","1","2026-07-01","1","The number of companies with a 18 month forward mean earnings per share before goodwill(EBG) estimation within GICS sector grouping.","anl15_ebg_s_18_m_cos","2","DEU","{""id"":""analyst-analyst-estimates"",""name"":""Analyst Estimates""}","[]","MATRIX","TOP500","0"
"0","{""id"":""analyst"",""name"":""Analyst""}","0","{""id"":""analyst15"",""name"":""Earnings forecasts""}","1","2026-07-01","1","The number of companies for which 18 month forward mean earnings per share before goodwill(EBG) estimation has been lowered from last month within GICS sector grouping.","anl15_ebg_s_18_m_cos_dn","2","DEU","{""id"":""analyst-analyst-estimates"",""name"":""Analyst Estimates""}","[]","MATRIX","TOP500","0"
"0","{""id"":""analyst"",""name"":""Analyst""}","0","{""id"":""analyst15"",""name"":""Earnings forecasts""}","1","2026-07-01","1","The number of companies for which 18 month forward mean earnings per share before goodwill(EBG) estimation has been raised from last month within GICS sector grouping.","anl15_ebg_s_18_m_cos_up","2","DEU","{""id"":""analyst-analyst-estimates"",""name"":""Analyst Estimates""}","[]","MATRIX","TOP500","0"
"0","{""id"":""analyst"",""name"":""Analyst""}","0","{""id"":""analyst15"",""name"":""Earnings forecasts""}","1","2026-07-01","1","The 18 month forward pro-rated total number of estimates within GICS sector grouping.","anl15_ebg_s_18_m_ests","2","DEU","{""id"":""analyst-analyst-estimates"",""name"":""Analyst Estimates""}","[]","MATRIX","TOP500","0"
"0","{""id"":""analyst"",""name"":""Analyst""}","0","{""id"":""analyst15"",""name"":""Earnings forecasts""}","1","2026-07-01","1","Number of analyst estimates with negative revisions over the trailing 18 months, aggregated at the sector level for Europe","anl15_ebg_s_18_m_ests_dn","2","DEU","{""id"":""analyst-analyst-estimates"",""name"":""Analyst Estimates""}","[]","MATRIX","TOP500","0"
"0","{""id"":""analyst"",""name"":""Analyst""}","0","{""id"":""analyst15"",""name"":""Earnings forecasts""}","1","2026-07-01","1","The 18 month forward pro-rated total number of estimates which have been raised since last month within GICS sector grouping.","anl15_ebg_s_18_m_ests_up","2","DEU","{""id"":""analyst-analyst-estimates"",""name"":""Analyst Estimates""}","[]","MATRIX","TOP500","0"
"0","{""id"":""analyst"",""name"":""Analyst""}","0","{""id"":""analyst15"",""name"":""Earnings forecasts""}","1","2026-07-01","1","Weighted 18-month forward earnings growth, aggregated at the sector level for Europe","anl15_ebg_s_18_m_gro","2","DEU","{""id"":""analyst-analyst-estimates"",""name"":""Analyst Estimates""}","[]","MATRIX","TOP500","0"
"0","{""id"":""analyst"",""name"":""Analyst""}","0","{""id"":""analyst15"",""name"":""Earnings forecasts""}","1","2026-07-01","1","The weighted average of 18 month forward earnings per share before goodwill(EBG) estimation aggregated within GICS sector grouping.","anl15_ebg_s_18_m_mean","2","DEU","{""id"":""analyst-analyst-estimates"",""name"":""Analyst Estimates""}","[]","MATRIX","TOP500","0"
"0","{""id"":""analyst"",""name"":""Analyst""}","0","{""id"":""analyst15"",""name"":""Earnings forecasts""}","1","2026-07-01","1","Total market capitalization of companies included in the aggregate with an 18-month forward mean, aggregated at the sector level for Europe","anl15_ebg_s_18_m_mktcap","2","DEU","{""id"":""analyst-analyst-estimates"",""name"":""Analyst Estimates""}","[]","MATRIX","TOP500","0"
"0","{""id"":""analyst"",""name"":""Analyst""}","0","{""id"":""analyst15"",""name"":""Earnings forecasts""}","1","2026-07-01","1","Weighted average price/earnings ratio based on 18-month forward earnings, aggregated at the sector level for Europe","anl15_ebg_s_18_m_pe","2","DEU","{""id"":""analyst-analyst-estimates"",""name"":""Analyst Estimates""}","[]","MATRIX","TOP500","0"
"0","{""id"":""analyst"",""name"":""Analyst""}","0","{""id"":""analyst15"",""name"":""Earnings forecasts""}","1","2026-07-01","1","The weighted average standard deviation of 18 month forward earnings per share before goodwill(EBG) estimation aggregated within GICS sector grouping.","anl15_ebg_s_18_m_st_dev","2","DEU","{""id"":""analyst-analyst-estimates"",""name"":""Analyst Estimates""}","[]","MATRIX","TOP500","0"
"0","{""id"":""analyst"",""name"":""Analyst""}","0","{""id"":""analyst15"",""name"":""Earnings forecasts""}","1","2026-07-01","1","The total of 18 month forward earnings estimation aggregated within GICS sector grouping.","anl15_ebg_s_18_m_total","2","DEU","{""id"":""analyst-analyst-estimates"",""name"":""Analyst Estimates""}","[]","MATRIX","TOP500","0"
"0","{""id"":""analyst"",""name"":""Analyst""}","0","{""id"":""analyst15"",""name"":""Earnings forecasts""}","1","2026-07-01","1","The weighted year over year growth of earnings per share before goodwill(EBG) estimation for the current calendarized fiscal year aggregated within GICS sector grouping.","anl15_ebg_s_cal_fy0_gro","2","DEU","{""id"":""analyst-analyst-estimates"",""name"":""Analyst Estimates""}","[]","MATRIX","TOP500","0"
"0","{""id"":""analyst"",""name"":""Analyst""}","0","{""id"":""analyst15"",""name"":""Earnings forecasts""}","1","2026-07-01","1","The weighted average price/earnings ratio based on earnings per share before goodwill(EBG) estimation for the current calendarized fiscal year aggregated within GICS sector grouping.","anl15_ebg_s_cal_fy0_pe","2","DEU","{""id"":""analyst-analyst-estimates"",""name"":""Analyst Estimates""}","[]","MATRIX","TOP500","0"
"0","{""id"":""analyst"",""name"":""Analyst""}","0","{""id"":""analyst15"",""name"":""Earnings forecasts""}","1","2026-07-01","1","Sector-level total earnings for calendarized Fiscal Year 0 (sum of EPS times shares across constituents)","anl15_ebg_s_cal_fy0_total","2","DEU","{""id"":""analyst-analyst-estimates"",""name"":""Analyst Estimates""}","[]","MATRIX","TOP500","0"
"0","{""id"":""analyst"",""name"":""Analyst""}","0","{""id"":""analyst15"",""name"":""Earnings forecasts""}","1","2026-07-01","1","The weighted average of earnings per share before goodwill(EBG) estimation for the current calendarized fiscal year aggregated within GICS sector grouping.","anl15_ebg_s_cal_fy0_val","2","DEU","{""id"":""analyst-analyst-estimates"",""name"":""Analyst Estimates""}","[]","MATRIX","TOP500","0"
"0","{""id"":""analyst"",""name"":""Analyst""}","0","{""id"":""analyst15"",""name"":""Earnings forecasts""}","1","2026-07-01","1","Weighted one-month percent change in calendarized Fiscal Year 1 EBG earnings forecasts using a constant sample, aggregated at the sector level for Europe","anl15_ebg_s_cal_fy1_1m_chg","2","DEU","{""id"":""analyst-analyst-estimates"",""name"":""Analyst Estimates""}","[]","MATRIX","TOP500","0"
"0","{""id"":""analyst"",""name"":""Analyst""}","0","{""id"":""analyst15"",""name"":""Earnings forecasts""}","1","2026-07-01","1","Weighted three-month percent change in calendarized Fiscal Year 1 EBG earnings forecasts using a constant sample, aggregated at the sector level for Europe","anl15_ebg_s_cal_fy1_3m_chg","2","DEU","{""id"":""analyst-analyst-estimates"",""name"":""Analyst Estimates""}","[]","MATRIX","TOP500","0"
"0","{""id"":""analyst"",""name"":""Analyst""}","0","{""id"":""analyst15"",""name"":""Earnings forecasts""}","1","2026-07-01","1","Weighted six-month percent change in calendarized Fiscal Year 1 EBG earnings forecasts using a constant sample, aggregated at the sector level for Europe","anl15_ebg_s_cal_fy1_6m_chg","2","DEU","{""id"":""analyst-analyst-estimates"",""name"":""Analyst Estimates""}","[]","MATRIX","TOP500","0"
"0","{""id"":""analyst"",""name"":""Analyst""}","0","{""id"":""analyst15"",""name"":""Earnings forecasts""}","1","2026-07-01","1","The number of companies with a calendarized one fiscal year earnings per share before goodwill(EBG) estimation within GICS sector grouping.","anl15_ebg_s_cal_fy1_cos","2","DEU","{""id"":""analyst-analyst-estimates"",""name"":""Analyst Estimates""}","[]","MATRIX","TOP500","0"
"0","{""id"":""analyst"",""name"":""Analyst""}","0","{""id"":""analyst15"",""name"":""Earnings forecasts""}","1","2026-07-01","1","The total number of calendarized one fiscal year earnings per share before goodwill(EBG) estimation within GICS sector grouping.","anl15_ebg_s_cal_fy1_ests","2","DEU","{""id"":""analyst-analyst-estimates"",""name"":""Analyst Estimates""}","[]","MATRIX","TOP500","0"
"0","{""id"":""analyst"",""name"":""Analyst""}","0","{""id"":""analyst15"",""name"":""Earnings forecasts""}","1","2026-07-01","1","The weighted year over year growth of earnings per share before goodwill(EBG) estimation for the calendarized one fiscal year aggregated within GICS sector grouping.","anl15_ebg_s_cal_fy1_gro","2","DEU","{""id"":""analyst-analyst-estimates"",""name"":""Analyst Estimates""}","[]","MATRIX","TOP500","0"
"0","{""id"":""analyst"",""name"":""Analyst""}","0","{""id"":""analyst15"",""name"":""Earnings forecasts""}","1","2026-07-01","1","Sector-level weighted average EPS for the calendarized Fiscal Year 1 period","anl15_ebg_s_cal_fy1_mean","2","DEU","{""id"":""analyst-analyst-estimates"",""name"":""Analyst Estimates""}","[]","MATRIX","TOP500","0"
"0","{""id"":""analyst"",""name"":""Analyst""}","0","{""id"":""analyst15"",""name"":""Earnings forecasts""}","1","2026-07-01","1","The total market capitalization for the companies aggregated within GICS sector grouping with a calendarized one fiscal year mean price estimation.","anl15_ebg_s_cal_fy1_mktcap","2","DEU","{""id"":""analyst-analyst-estimates"",""name"":""Analyst Estimates""}","[]","MATRIX","TOP500","0"
"0","{""id"":""analyst"",""name"":""Analyst""}","0","{""id"":""analyst15"",""name"":""Earnings forecasts""}","1","2026-07-01","1","The weighted average price/earnings ratio based on earnings per share before goodwill(EBG) estimation for the calendarized one fiscal year aggregated within GICS sector grouping.","anl15_ebg_s_cal_fy1_pe","2","DEU","{""id"":""analyst-analyst-estimates"",""name"":""Analyst Estimates""}","[]","MATRIX","TOP500","0"
"0","{""id"":""analyst"",""name"":""Analyst""}","0","{""id"":""analyst15"",""name"":""Earnings forecasts""}","1","2026-07-01","1","The weighted average standard deviation of earnings per share before goodwill(EBG) estimation for the calendarized one fiscal year aggregated within GICS sector grouping.","anl15_ebg_s_cal_fy1_st_dev","2","DEU","{""id"":""analyst-analyst-estimates"",""name"":""Analyst Estimates""}","[]","MATRIX","TOP500","0"
"0","{""id"":""analyst"",""name"":""Analyst""}","0","{""id"":""analyst15"",""name"":""Earnings forecasts""}","1","2026-07-01","1","The total of earnings estimation for the calendarized one fiscal year aggregated within GICS sector grouping.","anl15_ebg_s_cal_fy1_total","2","DEU","{""id"":""analyst-analyst-estimates"",""name"":""Analyst Estimates""}","[]","MATRIX","TOP500","0"
"0","{""id"":""analyst"",""name"":""Analyst""}","0","{""id"":""analyst15"",""name"":""Earnings forecasts""}","1","2026-07-01","1","Weighted one-month percentage change in FY2 earnings forecasts (constant sample), aggregated at the sector level for Europe","anl15_ebg_s_cal_fy2_1m_chg","2","DEU","{""id"":""analyst-analyst-estimates"",""name"":""Analyst Estimates""}","[]","MATRIX","TOP500","0"
"0","{""id"":""analyst"",""name"":""Analyst""}","0","{""id"":""analyst15"",""name"":""Earnings forecasts""}","1","2026-07-01","1","Weighted three-month percentage change in FY2 earnings forecasts (constant sample), aggregated at the sector level for Europe","anl15_ebg_s_cal_fy2_3m_chg","2","DEU","{""id"":""analyst-analyst-estimates"",""name"":""Analyst Estimates""}","[]","MATRIX","TOP500","0"
"0","{""id"":""analyst"",""name"":""Analyst""}","0","{""id"":""analyst15"",""name"":""Earnings forecasts""}","1","2026-07-01","1","Weighted six-month percentage change in FY2 earnings forecasts (constant sample), aggregated at the sector level for Europe","anl15_ebg_s_cal_fy2_6m_chg","2","DEU","{""id"":""analyst-analyst-estimates"",""name"":""Analyst Estimates""}","[]","MATRIX","TOP500","0"
"0","{""id"":""analyst"",""name"":""Analyst""}","0","{""id"":""analyst15"",""name"":""Earnings forecasts""}","1","2026-07-01","1","The number of companies with a calendarized two fiscal year earnings per share before goodwill(EBG) estimation within GICS sector grouping.","anl15_ebg_s_cal_fy2_cos","2","DEU","{""id"":""analyst-analyst-estimates"",""name"":""Analyst Estimates""}","[]","MATRIX","TOP500","0"
"0","{""id"":""analyst"",""name"":""Analyst""}","0","{""id"":""analyst15"",""name"":""Earnings forecasts""}","1","2026-07-01","1","The total number of calendarized two fiscal year earnings per share before goodwill(EBG) estimation within GICS sector grouping.","anl15_ebg_s_cal_fy2_ests","2","DEU","{""id"":""analyst-analyst-estimates"",""name"":""Analyst Estimates""}","[]","MATRIX","TOP500","0"
"0","{""id"":""analyst"",""name"":""Analyst""}","0","{""id"":""analyst15"",""name"":""Earnings forecasts""}","1","2026-07-01","1","Weighted year-over-year earnings growth for calendarized Fiscal Year 2, aggregated at the sector level for Europe","anl15_ebg_s_cal_fy2_gro","2","DEU","{""id"":""analyst-analyst-estimates"",""name"":""Analyst Estimates""}","[]","MATRIX","TOP500","0"
"0","{""id"":""analyst"",""name"":""Analyst""}","0","{""id"":""analyst15"",""name"":""Earnings forecasts""}","1","2026-07-01","1","The weighted average of earnings per share before goodwill(EBG) estimation for the calendarized two fiscal year aggregated within GICS sector grouping.","anl15_ebg_s_cal_fy2_mean","2","DEU","{""id"":""analyst-analyst-estimates"",""name"":""Analyst Estimates""}","[]","MATRIX","TOP500","0"
"0","{""id"":""analyst"",""name"":""Analyst""}","0","{""id"":""analyst15"",""name"":""Earnings forecasts""}","1","2026-07-01","1","The total market capitalization for the companies aggregated within GICS sector grouping with a calendarized two fiscal year mean price estimation.","anl15_ebg_s_cal_fy2_mktcap","2","DEU","{""id"":""analyst-analyst-estimates"",""name"":""Analyst Estimates""}","[]","MATRIX","TOP500","0"
"0","{""id"":""analyst"",""name"":""Analyst""}","0","{""id"":""analyst15"",""name"":""Earnings forecasts""}","1","2026-07-01","1","The weighted average price/earnings ratio based on earnings per share before goodwill(EBG) estimation for the calendarized two fiscal year aggregated within GICS sector grouping.","anl15_ebg_s_cal_fy2_pe","2","DEU","{""id"":""analyst-analyst-estimates"",""name"":""Analyst Estimates""}","[]","MATRIX","TOP500","0"
"0","{""id"":""analyst"",""name"":""Analyst""}","0","{""id"":""analyst15"",""name"":""Earnings forecasts""}","1","2026-07-01","1","The weighted average standard deviation of earnings per share before goodwill(EBG) estimation for the calendarized two fiscal year aggregated within GICS sector grouping.","anl15_ebg_s_cal_fy2_st_dev","2","DEU","{""id"":""analyst-analyst-estimates"",""name"":""Analyst Estimates""}","[]","MATRIX","TOP500","0"
"0","{""id"":""analyst"",""name"":""Analyst""}","0","{""id"":""analyst15"",""name"":""Earnings forecasts""}","1","2026-07-01","1","The total of earnings estimation for the calendarized two fiscal year aggregated within GICS sector grouping.","anl15_ebg_s_cal_fy2_total","2","DEU","{""id"":""analyst-analyst-estimates"",""name"":""Analyst Estimates""}","[]","MATRIX","TOP500","0"
"0","{""id"":""analyst"",""name"":""Analyst""}","0","{""id"":""analyst15"",""name"":""Earnings forecasts""}","1","2026-07-01","1","Weighted one-month percent change in calendarized FY3 earnings forecasts (constant sample), aggregated at the sector level for Europe","anl15_ebg_s_cal_fy3_1m_chg","2","DEU","{""id"":""analyst-analyst-estimates"",""name"":""Analyst Estimates""}","[]","MATRIX","TOP500","0"
"0","{""id"":""analyst"",""name"":""Analyst""}","0","{""id"":""analyst15"",""name"":""Earnings forecasts""}","1","2026-07-01","1","Weighted three-month percent change in calendarized FY3 earnings forecasts (constant sample), aggregated at the sector level for Europe","anl15_ebg_s_cal_fy3_3m_chg","2","DEU","{""id"":""analyst-analyst-estimates"",""name"":""Analyst Estimates""}","[]","MATRIX","TOP500","0"
"0","{""id"":""analyst"",""name"":""Analyst""}","0","{""id"":""analyst15"",""name"":""Earnings forecasts""}","1","2026-07-01","1","Weighted six-month percent change in calendarized FY3 earnings forecasts (constant sample), aggregated at the sector level for Europe","anl15_ebg_s_cal_fy3_6m_chg","2","DEU","{""id"":""analyst-analyst-estimates"",""name"":""Analyst Estimates""}","[]","MATRIX","TOP500","0"
"0","{""id"":""analyst"",""name"":""Analyst""}","0","{""id"":""analyst15"",""name"":""Earnings forecasts""}","1","2026-07-01","1","The number of companies with a calendarized three fiscal year earnings per share before goodwill(EBG) estimation within GICS sector grouping.","anl15_ebg_s_cal_fy3_cos","2","DEU","{""id"":""analyst-analyst-estimates"",""name"":""Analyst Estimates""}","[]","MATRIX","TOP500","0"
"0","{""id"":""analyst"",""name"":""Analyst""}","0","{""id"":""analyst15"",""name"":""Earnings forecasts""}","1","2026-07-01","1","The total number of calendarized three fiscal year earnings per share before goodwill(EBG) estimation within GICS sector grouping.","anl15_ebg_s_cal_fy3_ests","2","DEU","{""id"":""analyst-analyst-estimates"",""name"":""Analyst Estimates""}","[]","MATRIX","TOP500","0"
"0","{""id"":""analyst"",""name"":""Analyst""}","0","{""id"":""analyst15"",""name"":""Earnings forecasts""}","1","2026-07-01","1","Weighted year-over-year earnings growth based on calendarized FY3 consensus, aggregated at the sector level for Europe","anl15_ebg_s_cal_fy3_gro","2","DEU","{""id"":""analyst-analyst-estimates"",""name"":""Analyst Estimates""}","[]","MATRIX","TOP500","0"
"0","{""id"":""analyst"",""name"":""Analyst""}","0","{""id"":""analyst15"",""name"":""Earnings forecasts""}","1","2026-07-01","1","Weighted average EPS for calendarized Fiscal Year 3, aggregated at the sector level for Europe","anl15_ebg_s_cal_fy3_mean","2","DEU","{""id"":""analyst-analyst-estimates"",""name"":""Analyst Estimates""}","[]","MATRIX","TOP500","0"
"0","{""id"":""analyst"",""name"":""Analyst""}","0","{""id"":""analyst15"",""name"":""Earnings forecasts""}","1","2026-07-01","1","The total market capitalization for the companies aggregated within GICS sector grouping with a calendarized three fiscal year mean price estimation.","anl15_ebg_s_cal_fy3_mktcap","2","DEU","{""id"":""analyst-analyst-estimates"",""name"":""Analyst Estimates""}","[]","MATRIX","TOP500","0"
"0","{""id"":""analyst"",""name"":""Analyst""}","0","{""id"":""analyst15"",""name"":""Earnings forecasts""}","1","2026-07-01","1","Weighted average Price-to-Earnings ratio based on calendarized FY3 EPS consensus, aggregated at the sector level for Europe","anl15_ebg_s_cal_fy3_pe","2","DEU","{""id"":""analyst-analyst-estimates"",""name"":""Analyst Estimates""}","[]","MATRIX","TOP500","0"
"0","{""id"":""analyst"",""name"":""Analyst""}","0","{""id"":""analyst15"",""name"":""Earnings forecasts""}","1","2026-07-01","1","The weighted average standard deviation of earnings per share before goodwill(EBG) estimation for the calendarized three fiscal year aggregated within GICS sector grouping.","anl15_ebg_s_cal_fy3_st_dev","2","DEU","{""id"":""analyst-analyst-estimates"",""name"":""Analyst Estimates""}","[]","MATRIX","TOP500","0"
"0","{""id"":""analyst"",""name"":""Analyst""}","0","{""id"":""analyst15"",""name"":""Earnings forecasts""}","1","2026-07-01","1","The total of earnings estimation for the calendarized three fiscal year aggregated within GICS sector grouping.","anl15_ebg_s_cal_fy3_total","2","DEU","{""id"":""analyst-analyst-estimates"",""name"":""Analyst Estimates""}","[]","MATRIX","TOP500","0"
"0","{""id"":""analyst"",""name"":""Analyst""}","0","{""id"":""analyst15"",""name"":""Earnings forecasts""}","1","2026-07-01","1","Weighted average dividend yield (based on Indicated Annual Dividend) for the sector aggregate in Europe","anl15_ebg_s_divyld","2","DEU","{""id"":""analyst-analyst-estimates"",""name"":""Analyst Estimates""}","[]","MATRIX","TOP500","0"
"0","{""id"":""analyst"",""name"":""Analyst""}","0","{""id"":""analyst15"",""name"":""Earnings forecasts""}","1","2026-07-01","1","The number of companies for which indicated annual dividend data is available within GICS sector grouping.","anl15_ebg_s_div_cos","2","DEU","{""id"":""analyst-analyst-estimates"",""name"":""Analyst Estimates""}","[]","MATRIX","TOP500","0"
"0","{""id"":""analyst"",""name"":""Analyst""}","0","{""id"":""analyst15"",""name"":""Earnings forecasts""}","1","2026-07-01","1","The number of companies for which earnings per share before goodwill(EBG) estimation for the calendarized one fiscal year has been lowered from last month within GICS sector grouping.","anl15_ebg_s_fy1_cos_dn","2","DEU","{""id"":""analyst-analyst-estimates"",""name"":""Analyst Estimates""}","[]","MATRIX","TOP500","0"
"0","{""id"":""analyst"",""name"":""Analyst""}","0","{""id"":""analyst15"",""name"":""Earnings forecasts""}","1","2026-07-01","1","The number of companies for which earnings per share before goodwill(EBG) estimation for the calendarized one fiscal year has been raised from last month within GICS sector grouping.","anl15_ebg_s_fy1_cos_up","2","DEU","{""id"":""analyst-analyst-estimates"",""name"":""Analyst Estimates""}","[]","MATRIX","TOP500","0"
"0","{""id"":""analyst"",""name"":""Analyst""}","0","{""id"":""analyst15"",""name"":""Earnings forecasts""}","1","2026-07-01","1","The total number of earnings per share before goodwill(EBG) estimation for the calendarized one fiscal year which have been lowered since last month within GICS sector grouping.","anl15_ebg_s_fy1_ests_dn","2","DEU","{""id"":""analyst-analyst-estimates"",""name"":""Analyst Estimates""}","[]","MATRIX","TOP500","0"
"0","{""id"":""analyst"",""name"":""Analyst""}","0","{""id"":""analyst15"",""name"":""Earnings forecasts""}","1","2026-07-01","1","The total number of earnings per share before goodwill(EBG) estimation for the calendarized one fiscal year which have been raised since last month within GICS sector grouping.","anl15_ebg_s_fy1_ests_up","2","DEU","{""id"":""analyst-analyst-estimates"",""name"":""Analyst Estimates""}","[]","MATRIX","TOP500","0"
"0","{""id"":""analyst"",""name"":""Analyst""}","0","{""id"":""analyst15"",""name"":""Earnings forecasts""}","1","2026-07-01","1","The number of companies for which earnings per share before goodwill(EBG) estimation for the calendarized two fiscal year has been lowered from last month within GICS sector grouping.","anl15_ebg_s_fy2_cos_dn","2","DEU","{""id"":""analyst-analyst-estimates"",""name"":""Analyst Estimates""}","[]","MATRIX","TOP500","0"
"0","{""id"":""analyst"",""name"":""Analyst""}","0","{""id"":""analyst15"",""name"":""Earnings forecasts""}","1","2026-07-01","1","The number of companies for which earnings per share before goodwill(EBG) estimation for the calendarized two fiscal year has been raised from last month within GICS sector grouping.","anl15_ebg_s_fy2_cos_up","2","DEU","{""id"":""analyst-analyst-estimates"",""name"":""Analyst Estimates""}","[]","MATRIX","TOP500","0"
"0","{""id"":""analyst"",""name"":""Analyst""}","0","{""id"":""analyst15"",""name"":""Earnings forecasts""}","1","2026-07-01","1","The total number of earnings per share before goodwill(EBG) estimation for the calendarized two fiscal year which have been lowered since last month within GICS sector grouping.","anl15_ebg_s_fy2_ests_dn","2","DEU","{""id"":""analyst-analyst-estimates"",""name"":""Analyst Estimates""}","[]","MATRIX","TOP500","0"
"0","{""id"":""analyst"",""name"":""Analyst""}","0","{""id"":""analyst15"",""name"":""Earnings forecasts""}","1","2026-07-01","1","The total number of earnings per share before goodwill(EBG) estimation for the calendarized two fiscal year which have been raised since last month within GICS sector grouping.","anl15_ebg_s_fy2_ests_up","2","DEU","{""id"":""analyst-analyst-estimates"",""name"":""Analyst Estimates""}","[]","MATRIX","TOP500","0"
"0","{""id"":""analyst"",""name"":""Analyst""}","0","{""id"":""analyst15"",""name"":""Earnings forecasts""}","1","2026-07-01","1","The number of companies for which earnings per share before goodwill(EBG) estimation for the calendarized three fiscal year has been lowered from last month within GICS sector grouping.","anl15_ebg_s_fy3_cos_dn","2","DEU","{""id"":""analyst-analyst-estimates"",""name"":""Analyst Estimates""}","[]","MATRIX","TOP500","0"
"0","{""id"":""analyst"",""name"":""Analyst""}","0","{""id"":""analyst15"",""name"":""Earnings forecasts""}","1","2026-07-01","1","The number of companies for which earnings per share before goodwill(EBG) estimation for the calendarized three fiscal year has been raised from last month within GICS sector grouping.","anl15_ebg_s_fy3_cos_up","2","DEU","{""id"":""analyst-analyst-estimates"",""name"":""Analyst Estimates""}","[]","MATRIX","TOP500","0"
"0","{""id"":""analyst"",""name"":""Analyst""}","0","{""id"":""analyst15"",""name"":""Earnings forecasts""}","1","2026-07-01","1","The total number of earnings per share before goodwill(EBG) estimation for the calendarized three fiscal year which have been lowered since last month within GICS sector grouping.","anl15_ebg_s_fy3_ests_dn","2","DEU","{""id"":""analyst-analyst-estimates"",""name"":""Analyst Estimates""}","[]","MATRIX","TOP500","0"
"0","{""id"":""analyst"",""name"":""Analyst""}","0","{""id"":""analyst15"",""name"":""Earnings forecasts""}","1","2026-07-01","1","The total number of earnings per share before goodwill(EBG) estimation for the calendarized three fiscal year which have been raised since last month within GICS sector grouping.","anl15_ebg_s_fy3_ests_up","2","DEU","{""id"":""analyst-analyst-estimates"",""name"":""Analyst Estimates""}","[]","MATRIX","TOP500","0"
"0","{""id"":""analyst"",""name"":""Analyst""}","0","{""id"":""analyst15"",""name"":""Earnings forecasts""}","1","2026-07-01","1","Weighted annual EPS growth rate over the past five years (loglinear regression of last five years of annual EPS) for the sector aggregate in Europe","anl15_ebg_s_hist_eps_gro","2","DEU","{""id"":""analyst-analyst-estimates"",""name"":""Analyst Estimates""}","[]","MATRIX","TOP500","0"
"0","{""id"":""analyst"",""name"":""Analyst""}","0","{""id"":""analyst15"",""name"":""Earnings forecasts""}","1","2026-07-01","1","Weighted one-month percent change in long-term growth (LTG) forecasts at the sector level for Europe","anl15_ebg_s_ltg_1m_chg","2","DEU","{""id"":""analyst-analyst-estimates"",""name"":""Analyst Estimates""}","[]","MATRIX","TOP500","0"
"0","{""id"":""analyst"",""name"":""Analyst""}","0","{""id"":""analyst15"",""name"":""Earnings forecasts""}","1","2026-07-01","1","Weighted three-month percent change in long-term growth (LTG) forecasts at the sector level for Europe","anl15_ebg_s_ltg_3m_chg","2","DEU","{""id"":""analyst-analyst-estimates"",""name"":""Analyst Estimates""}","[]","MATRIX","TOP500","0"
"0","{""id"":""analyst"",""name"":""Analyst""}","0","{""id"":""analyst15"",""name"":""Earnings forecasts""}","1","2026-07-01","1","Weighted six-month percent change in long-term growth (LTG) forecasts at the sector level for Europe","anl15_ebg_s_ltg_6m_chg","2","DEU","{""id"":""analyst-analyst-estimates"",""name"":""Analyst Estimates""}","[]","MATRIX","TOP500","0"
"0","{""id"":""analyst"",""name"":""Analyst""}","0","{""id"":""analyst15"",""name"":""Earnings forecasts""}","1","2026-07-01","1","The number of companies with a long term growth earnings per share before goodwill(EBG) estimation within GICS sector grouping.","anl15_ebg_s_ltg_cos","2","DEU","{""id"":""analyst-analyst-estimates"",""name"":""Analyst Estimates""}","[]","MATRIX","TOP500","0"
"0","{""id"":""analyst"",""name"":""Analyst""}","0","{""id"":""analyst15"",""name"":""Earnings forecasts""}","1","2026-07-01","1","Number of companies whose long-term growth (LTG) median has been lowered since last month at the sector level within the Europe aggregation","anl15_ebg_s_ltg_cos_dn","2","DEU","{""id"":""analyst-analyst-estimates"",""name"":""Analyst Estimates""}","[]","MATRIX","TOP500","0"
"0","{""id"":""analyst"",""name"":""Analyst""}","0","{""id"":""analyst15"",""name"":""Earnings forecasts""}","1","2026-07-01","1","Number of companies whose long-term growth (LTG) median has been raised since last month at the sector level within the Europe aggregation","anl15_ebg_s_ltg_cos_up","2","DEU","{""id"":""analyst-analyst-estimates"",""name"":""Analyst Estimates""}","[]","MATRIX","TOP500","0"
"0","{""id"":""analyst"",""name"":""Analyst""}","0","{""id"":""analyst15"",""name"":""Earnings forecasts""}","1","2026-07-01","1","The total number of long term growth earnings per share before goodwill(EBG) estimation within GICS sector grouping.","anl15_ebg_s_ltg_ests","2","DEU","{""id"":""analyst-analyst-estimates"",""name"":""Analyst Estimates""}","[]","MATRIX","TOP500","0"
"0","{""id"":""analyst"",""name"":""Analyst""}","0","{""id"":""analyst15"",""name"":""Earnings forecasts""}","1","2026-07-01","1","Number of individual long-term growth (LTG) estimates lowered since last month at the sector level within the Europe aggregation","anl15_ebg_s_ltg_ests_dn","2","DEU","{""id"":""analyst-analyst-estimates"",""name"":""Analyst Estimates""}","[]","MATRIX","TOP500","0"
"0","{""id"":""analyst"",""name"":""Analyst""}","0","{""id"":""analyst15"",""name"":""Earnings forecasts""}","1","2026-07-01","1","Number of individual long-term growth (LTG) estimates raised since last month at the sector level within the Europe aggregation","anl15_ebg_s_ltg_ests_up","2","DEU","{""id"":""analyst-analyst-estimates"",""name"":""Analyst Estimates""}","[]","MATRIX","TOP500","0"
"0","{""id"":""analyst"",""name"":""Analyst""}","0","{""id"":""analyst15"",""name"":""Earnings forecasts""}","1","2026-07-01","1","The weighted average of long term growth earnings per share before goodwill(EBG) estimation aggregated within GICS sector grouping.","anl15_ebg_s_ltg_mdn","2","DEU","{""id"":""analyst-analyst-estimates"",""name"":""Analyst Estimates""}","[]","MATRIX","TOP500","0"
"0","{""id"":""analyst"",""name"":""Analyst""}","0","{""id"":""analyst15"",""name"":""Earnings forecasts""}","1","2026-07-01","1","Total market capitalization of companies with long-term growth (LTG) forecasts at the sector level for Europe","anl15_ebg_s_ltg_mktcap","2","DEU","{""id"":""analyst-analyst-estimates"",""name"":""Analyst Estimates""}","[]","MATRIX","TOP500","0"
"0","{""id"":""analyst"",""name"":""Analyst""}","0","{""id"":""analyst15"",""name"":""Earnings forecasts""}","1","2026-07-01","1","The weighted average standard deviation of long term growth earnings per share before goodwill(EBG) estimation aggregated within GICS sector grouping.","anl15_ebg_s_ltg_st_dev","2","DEU","{""id"":""analyst-analyst-estimates"",""name"":""Analyst Estimates""}","[]","MATRIX","TOP500","0"
"0","{""id"":""analyst"",""name"":""Analyst""}","0","{""id"":""analyst15"",""name"":""Earnings forecasts""}","1","2026-07-01","1","Weighted average price per share for companies in the sector aggregate in Europe","anl15_ebg_s_prc","2","DEU","{""id"":""analyst-analyst-estimates"",""name"":""Analyst Estimates""}","[]","MATRIX","TOP500","0"
"0","{""id"":""analyst"",""name"":""Analyst""}","0","{""id"":""analyst15"",""name"":""Earnings forecasts""}","1","2026-07-01","1","The percentage of market capitalization for the group based on twelve-month forward data using earnings before goodwill.","ebg_group_12mo_marketcap_percent","2","DEU","{""id"":""analyst-analyst-estimates"",""name"":""Analyst Estimates""}","[]","MATRIX","TOP500","0"
"0","{""id"":""analyst"",""name"":""Analyst""}","0","{""id"":""analyst15"",""name"":""Earnings forecasts""}","1","2026-07-01","1","The percentage of market capitalization for the group based on eighteen-month forward data using earnings before goodwill.","ebg_group_18mo_marketcap_percent","2","DEU","{""id"":""analyst-analyst-estimates"",""name"":""Analyst Estimates""}","[]","MATRIX","TOP500","0"
"0","{""id"":""analyst"",""name"":""Analyst""}","0","{""id"":""analyst15"",""name"":""Earnings forecasts""}","1","2026-07-01","1","The percentage of market capitalization for the group in calendarized fiscal year 2 based on earnings before goodwill.","ebg_group_fy2_marketcap_percent","2","DEU","{""id"":""analyst-analyst-estimates"",""name"":""Analyst Estimates""}","[]","MATRIX","TOP500","0"
"0","{""id"":""analyst"",""name"":""Analyst""}","0","{""id"":""analyst15"",""name"":""Earnings forecasts""}","1","2026-07-01","1","The percentage of market capitalization for the group in calendarized fiscal year 3 based on earnings before goodwill.","ebg_group_fy3_marketcap_percent","2","DEU","{""id"":""analyst-analyst-estimates"",""name"":""Analyst Estimates""}","[]","MATRIX","TOP500","0"
"0","{""id"":""analyst"",""name"":""Analyst""}","0","{""id"":""analyst15"",""name"":""Earnings forecasts""}","1","2026-07-01","1","The yield on a local 10-year government bond for the group's region, based on earnings before goodwill.","ebg_group_government_bond_yield","2","DEU","{""id"":""analyst-analyst-estimates"",""name"":""Analyst Estimates""}","[]","MATRIX","TOP500","0"
"0","{""id"":""analyst"",""name"":""Analyst""}","0","{""id"":""analyst15"",""name"":""Earnings forecasts""}","1","2026-07-01","1","The percentage of market capitalization for the group based on long-term growth forecasts using earnings before goodwill.","ebg_group_longterm_growth_marketcap_percent","2","DEU","{""id"":""analyst-analyst-estimates"",""name"":""Analyst Estimates""}","[]","MATRIX","TOP500","0"
"0","{""id"":""analyst"",""name"":""Analyst""}","0","{""id"":""analyst15"",""name"":""Earnings forecasts""}","1","2026-07-01","1","The percentage of market capitalization for the industry based on twelve-month forward data using earnings before goodwill.","ebg_industry_12mo_marketcap_percent","2","DEU","{""id"":""analyst-analyst-estimates"",""name"":""Analyst Estimates""}","[]","MATRIX","TOP500","0"
"0","{""id"":""analyst"",""name"":""Analyst""}","0","{""id"":""analyst15"",""name"":""Earnings forecasts""}","1","2026-07-01","1","The percentage of market capitalization for the industry based on eighteen-month forward data using earnings before goodwill.","ebg_industry_18mo_marketcap_percent","2","DEU","{""id"":""analyst-analyst-estimates"",""name"":""Analyst Estimates""}","[]","MATRIX","TOP500","0"
"0","{""id"":""analyst"",""name"":""Analyst""}","0","{""id"":""analyst15"",""name"":""Earnings forecasts""}","1","2026-07-01","1","The percentage of market capitalization for the industry in calendarized fiscal year 2 based on earnings before goodwill.","ebg_industry_fy2_marketcap_percent","2","DEU","{""id"":""analyst-analyst-estimates"",""name"":""Analyst Estimates""}","[]","MATRIX","TOP500","0"
"0","{""id"":""analyst"",""name"":""Analyst""}","0","{""id"":""analyst15"",""name"":""Earnings forecasts""}","1","2026-07-01","1","The percentage of market capitalization for the industry in calendarized fiscal year 3 based on earnings before goodwill.","ebg_industry_fy3_marketcap_percent","2","DEU","{""id"":""analyst-analyst-estimates"",""name"":""Analyst Estimates""}","[]","MATRIX","TOP500","0"
"0","{""id"":""analyst"",""name"":""Analyst""}","0","{""id"":""analyst15"",""name"":""Earnings forecasts""}","1","2026-07-01","1","The yield on a local 10-year government bond for the industry's region, based on earnings before goodwill.","ebg_industry_government_bond_yield","2","DEU","{""id"":""analyst-analyst-estimates"",""name"":""Analyst Estimates""}","[]","MATRIX","TOP500","0"
"0","{""id"":""analyst"",""name"":""Analyst""}","0","{""id"":""analyst15"",""name"":""Earnings forecasts""}","1","2026-07-01","1","The percentage of market capitalization for the industry based on long-term growth forecasts using earnings before goodwill.","ebg_industry_longterm_growth_marketcap_percent","2","DEU","{""id"":""analyst-analyst-estimates"",""name"":""Analyst Estimates""}","[]","MATRIX","TOP500","0"
"0","{""id"":""analyst"",""name"":""Analyst""}","0","{""id"":""analyst15"",""name"":""Earnings forecasts""}","1","2026-07-01","1","The percentage of market capitalization for the sector based on twelve-month forward data using earnings before goodwill.","ebg_sector_12mo_marketcap_percent","2","DEU","{""id"":""analyst-analyst-estimates"",""name"":""Analyst Estimates""}","[]","MATRIX","TOP500","0"
"0","{""id"":""analyst"",""name"":""Analyst""}","0","{""id"":""analyst15"",""name"":""Earnings forecasts""}","1","2026-07-01","1","The percentage of market capitalization for the sector based on eighteen-month forward data using earnings before goodwill.","ebg_sector_18mo_marketcap_percent","2","DEU","{""id"":""analyst-analyst-estimates"",""name"":""Analyst Estimates""}","[]","MATRIX","TOP500","0"
"0","{""id"":""analyst"",""name"":""Analyst""}","0","{""id"":""analyst15"",""name"":""Earnings forecasts""}","1","2026-07-01","1","The percentage of market capitalization for the sector in calendarized fiscal year 2 based on earnings before goodwill.","ebg_sector_fy2_marketcap_percent","2","DEU","{""id"":""analyst-analyst-estimates"",""name"":""Analyst Estimates""}","[]","MATRIX","TOP500","0"
"0","{""id"":""analyst"",""name"":""Analyst""}","0","{""id"":""analyst15"",""name"":""Earnings forecasts""}","1","2026-07-01","1","The percentage of market capitalization for the sector in calendarized fiscal year 3 based on earnings before goodwill.","ebg_sector_fy3_marketcap_percent","2","DEU","{""id"":""analyst-analyst-estimates"",""name"":""Analyst Estimates""}","[]","MATRIX","TOP500","0"
"0","{""id"":""analyst"",""name"":""Analyst""}","0","{""id"":""analyst15"",""name"":""Earnings forecasts""}","1","2026-07-01","1","The yield on a local 10-year government bond for the sector's region, based on earnings before goodwill.","ebg_sector_government_bond_yield","2","DEU","{""id"":""analyst-analyst-estimates"",""name"":""Analyst Estimates""}","[]","MATRIX","TOP500","0"
"0","{""id"":""analyst"",""name"":""Analyst""}","0","{""id"":""analyst15"",""name"":""Earnings forecasts""}","1","2026-07-01","1","The percentage of market capitalization for the sector based on long-term growth forecasts using earnings before goodwill.","ebg_sector_longterm_growth_marketcap_percent","2","DEU","{""id"":""analyst-analyst-estimates"",""name"":""Analyst Estimates""}","[]","MATRIX","TOP500","0"
"0","{""id"":""analyst"",""name"":""Analyst""}","0","{""id"":""analyst15"",""name"":""Earnings forecasts""}","1","2026-07-01","1","The currency in which sector-level dividend per share is reported (non-GICS version).","sector_dividend_currency_code_nogics","2","DEU","{""id"":""analyst-analyst-estimates"",""name"":""Analyst Estimates""}","[]","MATRIX","TOP500","0"
"0","{""id"":""analyst"",""name"":""Analyst""}","0","{""id"":""analyst15"",""name"":""Earnings forecasts""}","1","2026-07-01","1","The calendarized fiscal year-end date for the current period in sector dividend per share aggregates (non-GICS version).","sector_dividend_fy0_end_date_nogics","2","DEU","{""id"":""analyst-analyst-estimates"",""name"":""Analyst Estimates""}","[]","SYMBOL","TOP500","0"
"0","{""id"":""analyst"",""name"":""Analyst""}","0","{""id"":""analyst15"",""name"":""Earnings forecasts""}","1","2026-07-01","1","The reporting period for sector-level dividend per share aggregates (non-GICS version).","sector_dividend_stat_period_nogics","2","DEU","{""id"":""analyst-analyst-estimates"",""name"":""Analyst Estimates""}","[]","SYMBOL","TOP500","0"
"0","{""id"":""analyst"",""name"":""Analyst""}","0","{""id"":""analyst15"",""name"":""Earnings forecasts""}","1","2026-07-01","1","The currency in which sector-level earnings per share before goodwill is reported.","sector_ebg_currency_code","2","DEU","{""id"":""analyst-analyst-estimates"",""name"":""Analyst Estimates""}","[]","MATRIX","TOP500","0"
"0","{""id"":""analyst"",""name"":""Analyst""}","0","{""id"":""analyst15"",""name"":""Earnings forecasts""}","1","2026-07-01","1","The calendarized fiscal year-end date for the current period in sector earnings per share before goodwill aggregates.","sector_ebg_fy0_end_date","2","DEU","{""id"":""analyst-analyst-estimates"",""name"":""Analyst Estimates""}","[]","SYMBOL","TOP500","0"
"0","{""id"":""analyst"",""name"":""Analyst""}","0","{""id"":""analyst15"",""name"":""Earnings forecasts""}","1","2026-07-01","1","The reporting period for sector-level earnings per share before goodwill aggregates.","sector_ebg_stat_period","2","DEU","{""id"":""analyst-analyst-estimates"",""name"":""Analyst Estimates""}","[]","SYMBOL","TOP500","0"
