"alphaCount","category","coverage","dataset","dateCoverage","dateCreated","delay","description","id","pyramidMultiplier","region","subcategory","themes","type","universe","userCount"
"0","{""id"":""analyst"",""name"":""Analyst""}","0.1797","{""id"":""analyst7"",""name"":""Broker Estimates""}","1","2026-07-01","1","actual cash flow per share regarding the last 4 quarters","act_12m_cps_value","2","DEU","{""id"":""analyst-analyst-estimates"",""name"":""Analyst Estimates""}","[]","MATRIX","TOP500","0"
"0","{""id"":""analyst"",""name"":""Analyst""}","0.3768","{""id"":""analyst7"",""name"":""Broker Estimates""}","1","2026-07-01","1","actual earnings per share regarding the last 4 quarters","act_12m_eps_value","2","DEU","{""id"":""analyst-analyst-estimates"",""name"":""Analyst Estimates""}","[]","MATRIX","TOP500","0"
"0","{""id"":""analyst"",""name"":""Analyst""}","0.3333","{""id"":""analyst7"",""name"":""Broker Estimates""}","1","2026-07-01","1","actual net profit as reported regarding the last 4 quarters","act_12m_ner_value","2","DEU","{""id"":""analyst-analyst-estimates"",""name"":""Analyst Estimates""}","[]","MATRIX","TOP500","0"
"0","{""id"":""analyst"",""name"":""Analyst""}","0.4028","{""id"":""analyst7"",""name"":""Broker Estimates""}","1","2026-07-01","1","actual net income regarding the last 4 quarters","act_12m_net_value","2","DEU","{""id"":""analyst-analyst-estimates"",""name"":""Analyst Estimates""}","[]","MATRIX","TOP500","0"
"0","{""id"":""analyst"",""name"":""Analyst""}","0.283","{""id"":""analyst7"",""name"":""Broker Estimates""}","1","2026-07-01","1","actual pretax profit as reported regarding the last 4 quarters","act_12m_prr_value","2","DEU","{""id"":""analyst-analyst-estimates"",""name"":""Analyst Estimates""}","[]","MATRIX","TOP500","0"
"0","{""id"":""analyst"",""name"":""Analyst""}","0.4786","{""id"":""analyst7"",""name"":""Broker Estimates""}","1","2026-07-01","1","actual sales/revenue regarding the last 4 quarters","act_12m_sal_value","2","DEU","{""id"":""analyst-analyst-estimates"",""name"":""Analyst Estimates""}","[]","MATRIX","TOP500","0"
"0","{""id"":""analyst"",""name"":""Analyst""}","1","{""id"":""analyst7"",""name"":""Broker Estimates""}","1","2026-07-01","1","Number of estimates used for surprise calculation of actual capital expenditure regarding the last quarter","act_q_cpx_surprisenum","2","DEU","{""id"":""analyst-analyst-estimates"",""name"":""Analyst Estimates""}","[]","MATRIX","TOP500","0"
"0","{""id"":""analyst"",""name"":""Analyst""}","0.6004","{""id"":""analyst7"",""name"":""Broker Estimates""}","1","2026-07-01","1","Mean surprise (actual - estimate) of actual EBIT regarding the last quarter","act_q_ebi_surprisemean","2","DEU","{""id"":""analyst-analyst-estimates"",""name"":""Analyst Estimates""}","[]","MATRIX","TOP500","0"
"0","{""id"":""analyst"",""name"":""Analyst""}","1","{""id"":""analyst7"",""name"":""Broker Estimates""}","1","2026-07-01","1","Number of estimates used for surprise calculation of actual EBIT regarding the last quarter","act_q_ebi_surprisenum","2","DEU","{""id"":""analyst-analyst-estimates"",""name"":""Analyst Estimates""}","[]","MATRIX","TOP500","0"
"0","{""id"":""analyst"",""name"":""Analyst""}","0.4973","{""id"":""analyst7"",""name"":""Broker Estimates""}","1","2026-07-01","1","Standard deviation of surprise (actual - estimate) of actual EBIT regarding the last quarter","act_q_ebi_surprisestd","2","DEU","{""id"":""analyst-analyst-estimates"",""name"":""Analyst Estimates""}","[]","MATRIX","TOP500","0"
"0","{""id"":""analyst"",""name"":""Analyst""}","0.4953","{""id"":""analyst7"",""name"":""Broker Estimates""}","1","2026-07-01","1","actual EBIT regarding the last quarter","act_q_ebi_value","2","DEU","{""id"":""analyst-analyst-estimates"",""name"":""Analyst Estimates""}","[]","MATRIX","TOP500","0"
"0","{""id"":""analyst"",""name"":""Analyst""}","0.6","{""id"":""analyst7"",""name"":""Broker Estimates""}","1","2026-07-01","1","Mean surprise (actual - estimate) of actual earnings per share regarding the last quarter","act_q_eps_surprisemean","2","DEU","{""id"":""analyst-analyst-estimates"",""name"":""Analyst Estimates""}","[]","MATRIX","TOP500","0"
"0","{""id"":""analyst"",""name"":""Analyst""}","1","{""id"":""analyst7"",""name"":""Broker Estimates""}","1","2026-07-01","1","Number of estimates used for surprise calculation of actual earnings per share regarding the last quarter","act_q_eps_surprisenum","2","DEU","{""id"":""analyst-analyst-estimates"",""name"":""Analyst Estimates""}","[]","MATRIX","TOP500","0"
"0","{""id"":""analyst"",""name"":""Analyst""}","0.4929","{""id"":""analyst7"",""name"":""Broker Estimates""}","1","2026-07-01","1","Standard deviation of surprise (actual - estimate) of actual earnings per share regarding the last quarter","act_q_eps_surprisestd","2","DEU","{""id"":""analyst-analyst-estimates"",""name"":""Analyst Estimates""}","[]","MATRIX","TOP500","0"
"0","{""id"":""analyst"",""name"":""Analyst""}","0.4907","{""id"":""analyst7"",""name"":""Broker Estimates""}","1","2026-07-01","1","actual earnings per share regarding the last quarter","act_q_eps_value","2","DEU","{""id"":""analyst-analyst-estimates"",""name"":""Analyst Estimates""}","[]","MATRIX","TOP500","0"
"0","{""id"":""analyst"",""name"":""Analyst""}","1","{""id"":""analyst7"",""name"":""Broker Estimates""}","1","2026-07-01","1","Number of estimates used for surprise calculation of actual free cash flow per share regarding the last quarter","act_q_fcf_surprisenum","2","DEU","{""id"":""analyst-analyst-estimates"",""name"":""Analyst Estimates""}","[]","MATRIX","TOP500","0"
"0","{""id"":""analyst"",""name"":""Analyst""}","0.5323","{""id"":""analyst7"",""name"":""Broker Estimates""}","1","2026-07-01","1","Mean surprise (actual - estimate) of actual GAAP earnings per share regarding the last quarter","act_q_gps_surprisemean","2","DEU","{""id"":""analyst-analyst-estimates"",""name"":""Analyst Estimates""}","[]","MATRIX","TOP500","0"
"0","{""id"":""analyst"",""name"":""Analyst""}","1","{""id"":""analyst7"",""name"":""Broker Estimates""}","1","2026-07-01","1","Number of estimates used for surprise calculation of actual GAAP earnings per share regarding the last quarter","act_q_gps_surprisenum","2","DEU","{""id"":""analyst-analyst-estimates"",""name"":""Analyst Estimates""}","[]","MATRIX","TOP500","0"
"0","{""id"":""analyst"",""name"":""Analyst""}","0.4009","{""id"":""analyst7"",""name"":""Broker Estimates""}","1","2026-07-01","1","Standard deviation of surprise (actual - estimate) of actual GAAP earnings per share regarding the last quarter","act_q_gps_surprisestd","2","DEU","{""id"":""analyst-analyst-estimates"",""name"":""Analyst Estimates""}","[]","MATRIX","TOP500","0"
"0","{""id"":""analyst"",""name"":""Analyst""}","0.4538","{""id"":""analyst7"",""name"":""Broker Estimates""}","1","2026-07-01","1","actual GAAP earnings per share regarding the last quarter","act_q_gps_value","2","DEU","{""id"":""analyst-analyst-estimates"",""name"":""Analyst Estimates""}","[]","MATRIX","TOP500","0"
"0","{""id"":""analyst"",""name"":""Analyst""}","0.5399","{""id"":""analyst7"",""name"":""Broker Estimates""}","1","2026-07-01","1","Mean surprise (actual - estimate) of actual net profit as reported regarding the last quarter","act_q_ner_surprisemean","2","DEU","{""id"":""analyst-analyst-estimates"",""name"":""Analyst Estimates""}","[]","MATRIX","TOP500","0"
"0","{""id"":""analyst"",""name"":""Analyst""}","1","{""id"":""analyst7"",""name"":""Broker Estimates""}","1","2026-07-01","1","Number of estimates used for surprise calculation of actual net profit as reported regarding the last quarter","act_q_ner_surprisenum","2","DEU","{""id"":""analyst-analyst-estimates"",""name"":""Analyst Estimates""}","[]","MATRIX","TOP500","0"
"0","{""id"":""analyst"",""name"":""Analyst""}","0.4191","{""id"":""analyst7"",""name"":""Broker Estimates""}","1","2026-07-01","1","Standard deviation of surprise (actual - estimate) of actual net profit as reported regarding the last quarter","act_q_ner_surprisestd","2","DEU","{""id"":""analyst-analyst-estimates"",""name"":""Analyst Estimates""}","[]","MATRIX","TOP500","0"
"0","{""id"":""analyst"",""name"":""Analyst""}","0.4705","{""id"":""analyst7"",""name"":""Broker Estimates""}","1","2026-07-01","1","actual net profit as reported regarding the last quarter","act_q_ner_value","2","DEU","{""id"":""analyst-analyst-estimates"",""name"":""Analyst Estimates""}","[]","MATRIX","TOP500","0"
"0","{""id"":""analyst"",""name"":""Analyst""}","0.5604","{""id"":""analyst7"",""name"":""Broker Estimates""}","1","2026-07-01","1","Mean surprise (actual - estimate) of actual pre-tax profit regarding the last quarter","act_q_pre_surprisemean","2","DEU","{""id"":""analyst-analyst-estimates"",""name"":""Analyst Estimates""}","[]","MATRIX","TOP500","0"
"0","{""id"":""analyst"",""name"":""Analyst""}","1","{""id"":""analyst7"",""name"":""Broker Estimates""}","1","2026-07-01","1","Number of estimates used for surprise calculation of actual pre-tax profit regarding the last quarter","act_q_pre_surprisenum","2","DEU","{""id"":""analyst-analyst-estimates"",""name"":""Analyst Estimates""}","[]","MATRIX","TOP500","0"
"0","{""id"":""analyst"",""name"":""Analyst""}","0.4264","{""id"":""analyst7"",""name"":""Broker Estimates""}","1","2026-07-01","1","Standard deviation of surprise (actual - estimate) of actual pre-tax profit regarding the last quarter","act_q_pre_surprisestd","2","DEU","{""id"":""analyst-analyst-estimates"",""name"":""Analyst Estimates""}","[]","MATRIX","TOP500","0"
"0","{""id"":""analyst"",""name"":""Analyst""}","0.3944","{""id"":""analyst7"",""name"":""Broker Estimates""}","1","2026-07-01","1","actual pre-tax profit regarding the last quarter","act_q_pre_value","2","DEU","{""id"":""analyst-analyst-estimates"",""name"":""Analyst Estimates""}","[]","MATRIX","TOP500","0"
"0","{""id"":""analyst"",""name"":""Analyst""}","1","{""id"":""analyst7"",""name"":""Broker Estimates""}","1","2026-07-01","1","Number of estimates used for surprise calculation of actual return on equity in percent regarding the last quarter","act_q_roe_surprisenum","2","DEU","{""id"":""analyst-analyst-estimates"",""name"":""Analyst Estimates""}","[]","MATRIX","TOP500","0"
"0","{""id"":""analyst"",""name"":""Analyst""}","0.7241","{""id"":""analyst7"",""name"":""Broker Estimates""}","1","2026-07-01","1","Highest analyst estimate of book value per share regarding the next 4 quarters","est_12m_bps_high","2","DEU","{""id"":""analyst-analyst-estimates"",""name"":""Analyst Estimates""}","[]","MATRIX","TOP500","0"
"0","{""id"":""analyst"",""name"":""Analyst""}","0.6906","{""id"":""analyst7"",""name"":""Broker Estimates""}","1","2026-07-01","1","Highest analyst estimate of book value per share regarding the next 4 quarters, made in the past 3 months","est_12m_bps_high_3mth_ago","2","DEU","{""id"":""analyst-analyst-estimates"",""name"":""Analyst Estimates""}","[]","MATRIX","TOP500","0"
"0","{""id"":""analyst"",""name"":""Analyst""}","0.6941","{""id"":""analyst7"",""name"":""Broker Estimates""}","1","2026-07-01","1","Highest analyst estimate of book value per share regarding the next 4 quarters, made in past 4 weeks","est_12m_bps_high_4wks_ago","2","DEU","{""id"":""analyst-analyst-estimates"",""name"":""Analyst Estimates""}","[]","MATRIX","TOP500","0"
"0","{""id"":""analyst"",""name"":""Analyst""}","0.7241","{""id"":""analyst7"",""name"":""Broker Estimates""}","1","2026-07-01","1","Lowest analyst estimate of book value per share regarding the next 4 quarters","est_12m_bps_low","2","DEU","{""id"":""analyst-analyst-estimates"",""name"":""Analyst Estimates""}","[]","MATRIX","TOP500","0"
"0","{""id"":""analyst"",""name"":""Analyst""}","1","{""id"":""analyst7"",""name"":""Broker Estimates""}","1","2026-07-01","1","Count of unique IDs of industry participants. Industry stands for an aggregate view of all  equity clearance activity for the date, symbol, and transaction type in question.","est_12m_bps_lowerednum_1mth","2","DEU","{""id"":""analyst-analyst-estimates"",""name"":""Analyst Estimates""}","[]","MATRIX","TOP500","0"
"0","{""id"":""analyst"",""name"":""Analyst""}","1","{""id"":""analyst7"",""name"":""Broker Estimates""}","1","2026-07-01","1","Number of lowered analyst estimates of book value per share regarding the next 4 quarters, where old and new estimates were made in the past 4 weeks","est_12m_bps_lowerednum_4wks","2","DEU","{""id"":""analyst-analyst-estimates"",""name"":""Analyst Estimates""}","[]","MATRIX","TOP500","0"
"0","{""id"":""analyst"",""name"":""Analyst""}","1","{""id"":""analyst7"",""name"":""Broker Estimates""}","1","2026-07-01","1","Count of unique IDs of industry participants. Industry stands for an aggregate view of all  equity clearance activity for the date, symbol, and transaction type in question.","est_12m_bps_lowered_1wk","2","DEU","{""id"":""analyst-analyst-estimates"",""name"":""Analyst Estimates""}","[]","MATRIX","TOP500","0"
"0","{""id"":""analyst"",""name"":""Analyst""}","0.6906","{""id"":""analyst7"",""name"":""Broker Estimates""}","1","2026-07-01","1","Lowest analyst estimate of book value per share regarding the next 4 quarters, made in past 3 months","est_12m_bps_low_3mth_ago","2","DEU","{""id"":""analyst-analyst-estimates"",""name"":""Analyst Estimates""}","[]","MATRIX","TOP500","0"
"0","{""id"":""analyst"",""name"":""Analyst""}","0.6941","{""id"":""analyst7"",""name"":""Broker Estimates""}","1","2026-07-01","1","Lowest analyst estimate of book value per share regarding the next 4 quarters, made in the past 4 weeks","est_12m_bps_low_4wks_ago","2","DEU","{""id"":""analyst-analyst-estimates"",""name"":""Analyst Estimates""}","[]","MATRIX","TOP500","0"
"0","{""id"":""analyst"",""name"":""Analyst""}","0.7241","{""id"":""analyst7"",""name"":""Broker Estimates""}","1","2026-07-01","1","Mean analyst estimate of book value per share regarding the next 4 quarters","est_12m_bps_mean","2","DEU","{""id"":""analyst-analyst-estimates"",""name"":""Analyst Estimates""}","[]","MATRIX","TOP500","0"
"0","{""id"":""analyst"",""name"":""Analyst""}","0.6885","{""id"":""analyst7"",""name"":""Broker Estimates""}","1","2026-07-01","1","Mean analyst estimate of book value per share regarding the next 4 quarters, made in the last 28 days","est_12m_bps_mean_28d","2","DEU","{""id"":""analyst-analyst-estimates"",""name"":""Analyst Estimates""}","[]","MATRIX","TOP500","0"
"0","{""id"":""analyst"",""name"":""Analyst""}","0.6906","{""id"":""analyst7"",""name"":""Broker Estimates""}","1","2026-07-01","1","Mean analyst estimate of book value per share regarding the next 4 quarters, made in past 3 months","est_12m_bps_mean_3mth_ago","2","DEU","{""id"":""analyst-analyst-estimates"",""name"":""Analyst Estimates""}","[]","MATRIX","TOP500","0"
"0","{""id"":""analyst"",""name"":""Analyst""}","0.6941","{""id"":""analyst7"",""name"":""Broker Estimates""}","1","2026-07-01","1","Mean analyst estimate of book value per share regarding the next 4 quarters, made in the past 4 weeks","est_12m_bps_mean_4wks_ago","2","DEU","{""id"":""analyst-analyst-estimates"",""name"":""Analyst Estimates""}","[]","MATRIX","TOP500","0"
"0","{""id"":""analyst"",""name"":""Analyst""}","0.7241","{""id"":""analyst7"",""name"":""Broker Estimates""}","1","2026-07-01","1","Median analyst estimate of book value per share regarding the next 4 quarters","est_12m_bps_median","2","DEU","{""id"":""analyst-analyst-estimates"",""name"":""Analyst Estimates""}","[]","MATRIX","TOP500","0"
"0","{""id"":""analyst"",""name"":""Analyst""}","0.6906","{""id"":""analyst7"",""name"":""Broker Estimates""}","1","2026-07-01","1","Median analyst estimate of book value per share regarding the next 4 quarters, made in the past 3 months","est_12m_bps_median_3mth_ago","2","DEU","{""id"":""analyst-analyst-estimates"",""name"":""Analyst Estimates""}","[]","MATRIX","TOP500","0"
"0","{""id"":""analyst"",""name"":""Analyst""}","0.6941","{""id"":""analyst7"",""name"":""Broker Estimates""}","1","2026-07-01","1","Median analyst estimate of book value per share regarding the next 4 quarters, made in past 4 weeks","est_12m_bps_median_4wks_ago","2","DEU","{""id"":""analyst-analyst-estimates"",""name"":""Analyst Estimates""}","[]","MATRIX","TOP500","0"
"0","{""id"":""analyst"",""name"":""Analyst""}","1","{""id"":""analyst7"",""name"":""Broker Estimates""}","1","2026-07-01","1","Number of analyst estimates of book value per share regarding the next 4 quarters","est_12m_bps_num","2","DEU","{""id"":""analyst-analyst-estimates"",""name"":""Analyst Estimates""}","[]","MATRIX","TOP500","0"
"0","{""id"":""analyst"",""name"":""Analyst""}","1","{""id"":""analyst7"",""name"":""Broker Estimates""}","1","2026-07-01","1","Number of analyst estimates of book value per share regarding the next 4 quarters, made in the last 28 days","est_12m_bps_num_28d","2","DEU","{""id"":""analyst-analyst-estimates"",""name"":""Analyst Estimates""}","[]","MATRIX","TOP500","0"
"0","{""id"":""analyst"",""name"":""Analyst""}","1","{""id"":""analyst7"",""name"":""Broker Estimates""}","1","2026-07-01","1","Number of analyst estimates of book value per share regarding the next 4 quarters, made in the past 3 months","est_12m_bps_num_3mth_ago","2","DEU","{""id"":""analyst-analyst-estimates"",""name"":""Analyst Estimates""}","[]","MATRIX","TOP500","0"
"0","{""id"":""analyst"",""name"":""Analyst""}","1","{""id"":""analyst7"",""name"":""Broker Estimates""}","1","2026-07-01","1","Number of analyst estimates of book value per share regarding the next 4 quarters, where old and new estimates were made in the past 4 weeks","est_12m_bps_num_4wks_ago","2","DEU","{""id"":""analyst-analyst-estimates"",""name"":""Analyst Estimates""}","[]","MATRIX","TOP500","0"
"0","{""id"":""analyst"",""name"":""Analyst""}","1","{""id"":""analyst7"",""name"":""Broker Estimates""}","1","2026-07-01","1","Number of raised analyst estimates of book value per share regarding the next 4 quarters, compared to the last monthly update","est_12m_bps_raisednum_1mth","2","DEU","{""id"":""analyst-analyst-estimates"",""name"":""Analyst Estimates""}","[]","MATRIX","TOP500","0"
"0","{""id"":""analyst"",""name"":""Analyst""}","1","{""id"":""analyst7"",""name"":""Broker Estimates""}","1","2026-07-01","1","Number of raised analyst estimates of book value per share regarding the next 4 quarters, where old and new estimates were made in past 4 weeks","est_12m_bps_raisednum_4wks","2","DEU","{""id"":""analyst-analyst-estimates"",""name"":""Analyst Estimates""}","[]","MATRIX","TOP500","0"
"0","{""id"":""analyst"",""name"":""Analyst""}","1","{""id"":""analyst7"",""name"":""Broker Estimates""}","1","2026-07-01","1","Number of raised analyst estimates of book value per share regarding the next 4 quarters, compared to the last weekly update","est_12m_bps_raised_1wk","2","DEU","{""id"":""analyst-analyst-estimates"",""name"":""Analyst Estimates""}","[]","MATRIX","TOP500","0"
"0","{""id"":""analyst"",""name"":""Analyst""}","0.6351","{""id"":""analyst7"",""name"":""Broker Estimates""}","1","2026-07-01","1","Standard deviation of analyst estimates of book value per share regarding the next 4 quarters","est_12m_bps_std","2","DEU","{""id"":""analyst-analyst-estimates"",""name"":""Analyst Estimates""}","[]","MATRIX","TOP500","0"
"0","{""id"":""analyst"",""name"":""Analyst""}","0.5517","{""id"":""analyst7"",""name"":""Broker Estimates""}","1","2026-07-01","1","Standard deviation of the analyst estimates of book value per share regarding the next 4 quarters, made in the last 28 days","est_12m_bps_std_28d","2","DEU","{""id"":""analyst-analyst-estimates"",""name"":""Analyst Estimates""}","[]","MATRIX","TOP500","0"
"0","{""id"":""analyst"",""name"":""Analyst""}","0.6113","{""id"":""analyst7"",""name"":""Broker Estimates""}","1","2026-07-01","1","Standard deviation of the analyst estimate of book value per share regarding the next 4 quarters, made in past 3 months","est_12m_bps_std_3mth_ago","2","DEU","{""id"":""analyst-analyst-estimates"",""name"":""Analyst Estimates""}","[]","MATRIX","TOP500","0"
"0","{""id"":""analyst"",""name"":""Analyst""}","0.6093","{""id"":""analyst7"",""name"":""Broker Estimates""}","1","2026-07-01","1","Standard deviation of the analyst estimates of book value per share regarding the next 4 quarters, made in the past 4 weeks","est_12m_bps_std_4wks_ago","2","DEU","{""id"":""analyst-analyst-estimates"",""name"":""Analyst Estimates""}","[]","MATRIX","TOP500","0"
"0","{""id"":""analyst"",""name"":""Analyst""}","0.7118","{""id"":""analyst7"",""name"":""Broker Estimates""}","1","2026-07-01","1","Highest analyst estimate of cash flow per share regarding the next 4 quarters","est_12m_cps_high","2","DEU","{""id"":""analyst-analyst-estimates"",""name"":""Analyst Estimates""}","[]","MATRIX","TOP500","0"
"0","{""id"":""analyst"",""name"":""Analyst""}","0.6768","{""id"":""analyst7"",""name"":""Broker Estimates""}","1","2026-07-01","1","Highest analyst estimate of cash flow per share regarding the next 4 quarters, made in past 3 months","est_12m_cps_high_3mth_ago","2","DEU","{""id"":""analyst-analyst-estimates"",""name"":""Analyst Estimates""}","[]","MATRIX","TOP500","0"
"0","{""id"":""analyst"",""name"":""Analyst""}","0.6808","{""id"":""analyst7"",""name"":""Broker Estimates""}","1","2026-07-01","1","Highest analyst estimate of cash flow per share regarding the next 4 quarters, made in the past 4 weeks","est_12m_cps_high_4wks_ago","2","DEU","{""id"":""analyst-analyst-estimates"",""name"":""Analyst Estimates""}","[]","MATRIX","TOP500","0"
"0","{""id"":""analyst"",""name"":""Analyst""}","0.7118","{""id"":""analyst7"",""name"":""Broker Estimates""}","1","2026-07-01","1","Lowest analyst estimate of cash flow per share regarding the next 4 quarters","est_12m_cps_low","2","DEU","{""id"":""analyst-analyst-estimates"",""name"":""Analyst Estimates""}","[]","MATRIX","TOP500","0"
"0","{""id"":""analyst"",""name"":""Analyst""}","1","{""id"":""analyst7"",""name"":""Broker Estimates""}","1","2026-07-01","1","Count of unique IDs of industry participants. Industry stands for an aggregate view of all  equity clearance activity for the date, symbol, and transaction type in question.","est_12m_cps_lowerednum_1mth","2","DEU","{""id"":""analyst-analyst-estimates"",""name"":""Analyst Estimates""}","[]","MATRIX","TOP500","0"
"0","{""id"":""analyst"",""name"":""Analyst""}","1","{""id"":""analyst7"",""name"":""Broker Estimates""}","1","2026-07-01","1","Number of lowered analyst estimates of cash flow per share regarding the next 4 quarters, where old and new estimates were made in the past 4 weeks","est_12m_cps_lowerednum_4wks","2","DEU","{""id"":""analyst-analyst-estimates"",""name"":""Analyst Estimates""}","[]","MATRIX","TOP500","0"
"0","{""id"":""analyst"",""name"":""Analyst""}","1","{""id"":""analyst7"",""name"":""Broker Estimates""}","1","2026-07-01","1","Count of unique IDs of industry participants. Industry stands for an aggregate view of all  equity clearance activity for the date, symbol, and transaction type in question.","est_12m_cps_lowered_1wk","2","DEU","{""id"":""analyst-analyst-estimates"",""name"":""Analyst Estimates""}","[]","MATRIX","TOP500","0"
"0","{""id"":""analyst"",""name"":""Analyst""}","0.6768","{""id"":""analyst7"",""name"":""Broker Estimates""}","1","2026-07-01","1","Lowest analyst estimate of cash flow per share regarding the next 4 quarters, made in past 3 months","est_12m_cps_low_3mth_ago","2","DEU","{""id"":""analyst-analyst-estimates"",""name"":""Analyst Estimates""}","[]","MATRIX","TOP500","0"
"0","{""id"":""analyst"",""name"":""Analyst""}","0.6808","{""id"":""analyst7"",""name"":""Broker Estimates""}","1","2026-07-01","1","Lowest analyst estimate of cash flow per share regarding the next 4 quarters, made in the past 4 weeks","est_12m_cps_low_4wks_ago","2","DEU","{""id"":""analyst-analyst-estimates"",""name"":""Analyst Estimates""}","[]","MATRIX","TOP500","0"
"0","{""id"":""analyst"",""name"":""Analyst""}","0.7118","{""id"":""analyst7"",""name"":""Broker Estimates""}","1","2026-07-01","1","Mean analyst estimate of cash flow per share regarding the next 4 quarters","est_12m_cps_mean","2","DEU","{""id"":""analyst-analyst-estimates"",""name"":""Analyst Estimates""}","[]","MATRIX","TOP500","0"
"0","{""id"":""analyst"",""name"":""Analyst""}","0.6581","{""id"":""analyst7"",""name"":""Broker Estimates""}","1","2026-07-01","1","Mean analyst estimate of cash flow per share regarding the next 4 quarters, made in the last 28 days","est_12m_cps_mean_28d","2","DEU","{""id"":""analyst-analyst-estimates"",""name"":""Analyst Estimates""}","[]","MATRIX","TOP500","0"
"0","{""id"":""analyst"",""name"":""Analyst""}","0.6768","{""id"":""analyst7"",""name"":""Broker Estimates""}","1","2026-07-01","1","Mean analyst estimate of cash flow per share regarding the next 4 quarters, made in the past 3 months","est_12m_cps_mean_3mth_ago","2","DEU","{""id"":""analyst-analyst-estimates"",""name"":""Analyst Estimates""}","[]","MATRIX","TOP500","0"
"0","{""id"":""analyst"",""name"":""Analyst""}","0.6808","{""id"":""analyst7"",""name"":""Broker Estimates""}","1","2026-07-01","1","Mean analyst estimate of cash flow per share regarding the next 4 quarters, made in past 4 weeks","est_12m_cps_mean_4wks_ago","2","DEU","{""id"":""analyst-analyst-estimates"",""name"":""Analyst Estimates""}","[]","MATRIX","TOP500","0"
"0","{""id"":""analyst"",""name"":""Analyst""}","0.7118","{""id"":""analyst7"",""name"":""Broker Estimates""}","1","2026-07-01","1","Median analyst estimate of cash flow per share regarding the next 4 quarters","est_12m_cps_median","2","DEU","{""id"":""analyst-analyst-estimates"",""name"":""Analyst Estimates""}","[]","MATRIX","TOP500","0"
"0","{""id"":""analyst"",""name"":""Analyst""}","0.6768","{""id"":""analyst7"",""name"":""Broker Estimates""}","1","2026-07-01","1","Median analyst estimate of cash flow per share regarding the next 4 quarters, made in the past 3 months","est_12m_cps_median_3mth_ago","2","DEU","{""id"":""analyst-analyst-estimates"",""name"":""Analyst Estimates""}","[]","MATRIX","TOP500","0"
"0","{""id"":""analyst"",""name"":""Analyst""}","0.6808","{""id"":""analyst7"",""name"":""Broker Estimates""}","1","2026-07-01","1","Median analyst estimate of cash flow per share regarding the next 4 quarters, made in past 4 weeks","est_12m_cps_median_4wks_ago","2","DEU","{""id"":""analyst-analyst-estimates"",""name"":""Analyst Estimates""}","[]","MATRIX","TOP500","0"
"0","{""id"":""analyst"",""name"":""Analyst""}","1","{""id"":""analyst7"",""name"":""Broker Estimates""}","1","2026-07-01","1","Number of analyst estimates of cash flow per share regarding the next 4 quarters","est_12m_cps_num","2","DEU","{""id"":""analyst-analyst-estimates"",""name"":""Analyst Estimates""}","[]","MATRIX","TOP500","0"
"0","{""id"":""analyst"",""name"":""Analyst""}","1","{""id"":""analyst7"",""name"":""Broker Estimates""}","1","2026-07-01","1","Number of analyst estimates of cash flow per share regarding the next 4 quarters, made in the last 28 days","est_12m_cps_num_28d","2","DEU","{""id"":""analyst-analyst-estimates"",""name"":""Analyst Estimates""}","[]","MATRIX","TOP500","0"
"0","{""id"":""analyst"",""name"":""Analyst""}","1","{""id"":""analyst7"",""name"":""Broker Estimates""}","1","2026-07-01","1","Number of analyst estimates of cash flow per share regarding the next 4 quarters, made in past 3 months","est_12m_cps_num_3mth_ago","2","DEU","{""id"":""analyst-analyst-estimates"",""name"":""Analyst Estimates""}","[]","MATRIX","TOP500","0"
"0","{""id"":""analyst"",""name"":""Analyst""}","1","{""id"":""analyst7"",""name"":""Broker Estimates""}","1","2026-07-01","1","Number of analyst estimates of cash flow per share regarding the next 4 quarters, where old and new estimates were made in the past 4 weeks","est_12m_cps_num_4wks_ago","2","DEU","{""id"":""analyst-analyst-estimates"",""name"":""Analyst Estimates""}","[]","MATRIX","TOP500","0"
"0","{""id"":""analyst"",""name"":""Analyst""}","1","{""id"":""analyst7"",""name"":""Broker Estimates""}","1","2026-07-01","1","Number of raised analyst estimates of cash flow per share regarding the next 4 quarters, compared to the last monthly update","est_12m_cps_raisednum_1mth","2","DEU","{""id"":""analyst-analyst-estimates"",""name"":""Analyst Estimates""}","[]","MATRIX","TOP500","0"
"0","{""id"":""analyst"",""name"":""Analyst""}","1","{""id"":""analyst7"",""name"":""Broker Estimates""}","1","2026-07-01","1","Number of raised analyst estimates of cash flow per share regarding the next 4 quarters, where old and new estimates were made in the past 4 weeks","est_12m_cps_raisednum_4wks","2","DEU","{""id"":""analyst-analyst-estimates"",""name"":""Analyst Estimates""}","[]","MATRIX","TOP500","0"
"0","{""id"":""analyst"",""name"":""Analyst""}","1","{""id"":""analyst7"",""name"":""Broker Estimates""}","1","2026-07-01","1","Number of raised analyst estimates of cash flow per share regarding the next 4 quarters, compared to the last weekly update","est_12m_cps_raised_1wk","2","DEU","{""id"":""analyst-analyst-estimates"",""name"":""Analyst Estimates""}","[]","MATRIX","TOP500","0"
"0","{""id"":""analyst"",""name"":""Analyst""}","0.5767","{""id"":""analyst7"",""name"":""Broker Estimates""}","1","2026-07-01","1","Standard deviation of analyst estimates of cash flow per share regarding the next 4 quarters","est_12m_cps_std","2","DEU","{""id"":""analyst-analyst-estimates"",""name"":""Analyst Estimates""}","[]","MATRIX","TOP500","0"
"0","{""id"":""analyst"",""name"":""Analyst""}","0.4807","{""id"":""analyst7"",""name"":""Broker Estimates""}","1","2026-07-01","1","Standard deviation of the analyst estimate of cash flow per share regarding the next 4 quarters, made in the last 28 days","est_12m_cps_std_28d","2","DEU","{""id"":""analyst-analyst-estimates"",""name"":""Analyst Estimates""}","[]","MATRIX","TOP500","0"
"0","{""id"":""analyst"",""name"":""Analyst""}","0.5574","{""id"":""analyst7"",""name"":""Broker Estimates""}","1","2026-07-01","1","Standard deviation of the analyst estimate of cash flow per share regarding the next 4 quarters, made in past 3 months","est_12m_cps_std_3mth_ago","2","DEU","{""id"":""analyst-analyst-estimates"",""name"":""Analyst Estimates""}","[]","MATRIX","TOP500","0"
"0","{""id"":""analyst"",""name"":""Analyst""}","0.5526","{""id"":""analyst7"",""name"":""Broker Estimates""}","1","2026-07-01","1","Standard deviation of the analyst estimate of cash flow per share regarding the next 4 quarters, made in the past 4 weeks","est_12m_cps_std_4wks_ago","2","DEU","{""id"":""analyst-analyst-estimates"",""name"":""Analyst Estimates""}","[]","MATRIX","TOP500","0"
"0","{""id"":""analyst"",""name"":""Analyst""}","0.4827","{""id"":""analyst7"",""name"":""Broker Estimates""}","1","2026-07-01","1","Highest analyst estimate of cash earnings per share regarding the next 4 quarters","est_12m_csh_high","2","DEU","{""id"":""analyst-analyst-estimates"",""name"":""Analyst Estimates""}","[]","MATRIX","TOP500","0"
"0","{""id"":""analyst"",""name"":""Analyst""}","0.4402","{""id"":""analyst7"",""name"":""Broker Estimates""}","1","2026-07-01","1","Highest analyst estimate of cash earnings per share regarding the next 4 quarters, made in the past 3 months","est_12m_csh_high_3mth_ago","2","DEU","{""id"":""analyst-analyst-estimates"",""name"":""Analyst Estimates""}","[]","MATRIX","TOP500","0"
"0","{""id"":""analyst"",""name"":""Analyst""}","0.4538","{""id"":""analyst7"",""name"":""Broker Estimates""}","1","2026-07-01","1","Highest analyst estimate of cash earnings per share regarding the next 4 quarters, made in the past 4 weeks","est_12m_csh_high_4wks_ago","2","DEU","{""id"":""analyst-analyst-estimates"",""name"":""Analyst Estimates""}","[]","MATRIX","TOP500","0"
"0","{""id"":""analyst"",""name"":""Analyst""}","0.4827","{""id"":""analyst7"",""name"":""Broker Estimates""}","1","2026-07-01","1","Lowest analyst estimate of cash earnings per share regarding the next 4 quarters","est_12m_csh_low","2","DEU","{""id"":""analyst-analyst-estimates"",""name"":""Analyst Estimates""}","[]","MATRIX","TOP500","0"
"0","{""id"":""analyst"",""name"":""Analyst""}","1","{""id"":""analyst7"",""name"":""Broker Estimates""}","1","2026-07-01","1","Count of unique IDs of industry participants. Industry stands for an aggregate view of all  equity clearance activity for the date, symbol, and transaction type in question.","est_12m_csh_lowerednum_1mth","2","DEU","{""id"":""analyst-analyst-estimates"",""name"":""Analyst Estimates""}","[]","MATRIX","TOP500","0"
"0","{""id"":""analyst"",""name"":""Analyst""}","1","{""id"":""analyst7"",""name"":""Broker Estimates""}","1","2026-07-01","1","Number of lowered analyst estimates of cash earnings per share regarding the next 4 quarters, where old and new estimates were made in the past 4 weeks","est_12m_csh_lowerednum_4wks","2","DEU","{""id"":""analyst-analyst-estimates"",""name"":""Analyst Estimates""}","[]","MATRIX","TOP500","0"
"0","{""id"":""analyst"",""name"":""Analyst""}","1","{""id"":""analyst7"",""name"":""Broker Estimates""}","1","2026-07-01","1","Count of unique IDs of industry participants. Industry stands for an aggregate view of all  equity clearance activity for the date, symbol, and transaction type in question.","est_12m_csh_lowered_1wk","2","DEU","{""id"":""analyst-analyst-estimates"",""name"":""Analyst Estimates""}","[]","MATRIX","TOP500","0"
"0","{""id"":""analyst"",""name"":""Analyst""}","0.4402","{""id"":""analyst7"",""name"":""Broker Estimates""}","1","2026-07-01","1","Lowest analyst estimate of cash earnings per share regarding the next 4 quarters, made in the past 3 months","est_12m_csh_low_3mth_ago","2","DEU","{""id"":""analyst-analyst-estimates"",""name"":""Analyst Estimates""}","[]","MATRIX","TOP500","0"
"0","{""id"":""analyst"",""name"":""Analyst""}","0.4538","{""id"":""analyst7"",""name"":""Broker Estimates""}","1","2026-07-01","1","Lowest analyst estimate of cash earnings per share regarding the next 4 quarters, made in past 4 weeks","est_12m_csh_low_4wks_ago","2","DEU","{""id"":""analyst-analyst-estimates"",""name"":""Analyst Estimates""}","[]","MATRIX","TOP500","0"
"0","{""id"":""analyst"",""name"":""Analyst""}","0.4827","{""id"":""analyst7"",""name"":""Broker Estimates""}","1","2026-07-01","1","Mean analyst estimate of cash earnings per share regarding the next 4 quarters","est_12m_csh_mean","2","DEU","{""id"":""analyst-analyst-estimates"",""name"":""Analyst Estimates""}","[]","MATRIX","TOP500","0"
"0","{""id"":""analyst"",""name"":""Analyst""}","0.4262","{""id"":""analyst7"",""name"":""Broker Estimates""}","1","2026-07-01","1","Mean analyst estimate of cash earnings per share regarding the next 4 quarters, made in the last 28 days","est_12m_csh_mean_28d","2","DEU","{""id"":""analyst-analyst-estimates"",""name"":""Analyst Estimates""}","[]","MATRIX","TOP500","0"
"0","{""id"":""analyst"",""name"":""Analyst""}","0.4402","{""id"":""analyst7"",""name"":""Broker Estimates""}","1","2026-07-01","1","Mean analyst estimate of cash earnings per share regarding the next 4 quarters, made in the past 3 months","est_12m_csh_mean_3mth_ago","2","DEU","{""id"":""analyst-analyst-estimates"",""name"":""Analyst Estimates""}","[]","MATRIX","TOP500","0"
"0","{""id"":""analyst"",""name"":""Analyst""}","0.4538","{""id"":""analyst7"",""name"":""Broker Estimates""}","1","2026-07-01","1","Mean analyst estimate of cash earnings per share regarding the next 4 quarters, made in the past 4 weeks","est_12m_csh_mean_4wks_ago","2","DEU","{""id"":""analyst-analyst-estimates"",""name"":""Analyst Estimates""}","[]","MATRIX","TOP500","0"
"0","{""id"":""analyst"",""name"":""Analyst""}","0.4827","{""id"":""analyst7"",""name"":""Broker Estimates""}","1","2026-07-01","1","Median analyst estimate of cash earnings per share regarding the next 4 quarters","est_12m_csh_median","2","DEU","{""id"":""analyst-analyst-estimates"",""name"":""Analyst Estimates""}","[]","MATRIX","TOP500","0"
"0","{""id"":""analyst"",""name"":""Analyst""}","0.4402","{""id"":""analyst7"",""name"":""Broker Estimates""}","1","2026-07-01","1","Median analyst estimate of cash earnings per share regarding the next 4 quarters, made in the past 3 months","est_12m_csh_median_3mth_ago","2","DEU","{""id"":""analyst-analyst-estimates"",""name"":""Analyst Estimates""}","[]","MATRIX","TOP500","0"
"0","{""id"":""analyst"",""name"":""Analyst""}","0.4538","{""id"":""analyst7"",""name"":""Broker Estimates""}","1","2026-07-01","1","Median analyst estimate of cash earnings per share regarding the next 4 quarters, made in past 4 weeks","est_12m_csh_median_4wks_ago","2","DEU","{""id"":""analyst-analyst-estimates"",""name"":""Analyst Estimates""}","[]","MATRIX","TOP500","0"
"0","{""id"":""analyst"",""name"":""Analyst""}","1","{""id"":""analyst7"",""name"":""Broker Estimates""}","1","2026-07-01","1","Number of analyst estimates of cash earnings per share regarding the next 4 quarters","est_12m_csh_num","2","DEU","{""id"":""analyst-analyst-estimates"",""name"":""Analyst Estimates""}","[]","MATRIX","TOP500","0"
"0","{""id"":""analyst"",""name"":""Analyst""}","1","{""id"":""analyst7"",""name"":""Broker Estimates""}","1","2026-07-01","1","Number of analyst estimates of cash earnings per share regarding the next 4 quarters, made in the last 28 days","est_12m_csh_num_28d","2","DEU","{""id"":""analyst-analyst-estimates"",""name"":""Analyst Estimates""}","[]","MATRIX","TOP500","0"
"0","{""id"":""analyst"",""name"":""Analyst""}","1","{""id"":""analyst7"",""name"":""Broker Estimates""}","1","2026-07-01","1","Number of analyst estimates of cash earnings per share regarding the next 4 quarters, made in the past 3 months","est_12m_csh_num_3mth_ago","2","DEU","{""id"":""analyst-analyst-estimates"",""name"":""Analyst Estimates""}","[]","MATRIX","TOP500","0"
"0","{""id"":""analyst"",""name"":""Analyst""}","1","{""id"":""analyst7"",""name"":""Broker Estimates""}","1","2026-07-01","1","Number of analyst estimates of cash earnings per share regarding the next 4 quarters, where old and new estimates were made in past 4 weeks","est_12m_csh_num_4wks_ago","2","DEU","{""id"":""analyst-analyst-estimates"",""name"":""Analyst Estimates""}","[]","MATRIX","TOP500","0"
"0","{""id"":""analyst"",""name"":""Analyst""}","1","{""id"":""analyst7"",""name"":""Broker Estimates""}","1","2026-07-01","1","Number of raised analyst estimates of cash earnings per share regarding the next 4 quarters, compared to the last monthly update","est_12m_csh_raisednum_1mth","2","DEU","{""id"":""analyst-analyst-estimates"",""name"":""Analyst Estimates""}","[]","MATRIX","TOP500","0"
"0","{""id"":""analyst"",""name"":""Analyst""}","1","{""id"":""analyst7"",""name"":""Broker Estimates""}","1","2026-07-01","1","Number of raised analyst estimates of cash earnings per share regarding the next 4 quarters, where old and new estimates were made in the past 4 weeks","est_12m_csh_raisednum_4wks","2","DEU","{""id"":""analyst-analyst-estimates"",""name"":""Analyst Estimates""}","[]","MATRIX","TOP500","0"
"0","{""id"":""analyst"",""name"":""Analyst""}","1","{""id"":""analyst7"",""name"":""Broker Estimates""}","1","2026-07-01","1","Number of raised analyst estimates of cash earnings per share regarding the next 4 quarters, compared to last weekly update","est_12m_csh_raised_1wk","2","DEU","{""id"":""analyst-analyst-estimates"",""name"":""Analyst Estimates""}","[]","MATRIX","TOP500","0"
"0","{""id"":""analyst"",""name"":""Analyst""}","0.1714","{""id"":""analyst7"",""name"":""Broker Estimates""}","1","2026-07-01","1","Standard deviation of analyst estimates of cash earnings per share regarding the next 4 quarters","est_12m_csh_std","2","DEU","{""id"":""analyst-analyst-estimates"",""name"":""Analyst Estimates""}","[]","MATRIX","TOP500","0"
"0","{""id"":""analyst"",""name"":""Analyst""}","0.1571","{""id"":""analyst7"",""name"":""Broker Estimates""}","1","2026-07-01","1","Standard deviation of the analyst estimate of cash earnings per share regarding the next 4 quarters, made in the past 3 months","est_12m_csh_std_3mth_ago","2","DEU","{""id"":""analyst-analyst-estimates"",""name"":""Analyst Estimates""}","[]","MATRIX","TOP500","0"
"0","{""id"":""analyst"",""name"":""Analyst""}","0.1485","{""id"":""analyst7"",""name"":""Broker Estimates""}","1","2026-07-01","1","Standard deviation of the analyst estimates of cash earnings per share regarding the next 4 quarters, made in past 4 weeks","est_12m_csh_std_4wks_ago","2","DEU","{""id"":""analyst-analyst-estimates"",""name"":""Analyst Estimates""}","[]","MATRIX","TOP500","0"
"0","{""id"":""analyst"",""name"":""Analyst""}","0.7351","{""id"":""analyst7"",""name"":""Broker Estimates""}","1","2026-07-01","1","Highest analyst estimate of dividend per share regarding the next 4 quarters","est_12m_dps_high","2","DEU","{""id"":""analyst-analyst-estimates"",""name"":""Analyst Estimates""}","[]","MATRIX","TOP500","0"
"0","{""id"":""analyst"",""name"":""Analyst""}","0.7062","{""id"":""analyst7"",""name"":""Broker Estimates""}","1","2026-07-01","1","Highest analyst estimate of dividend per share regarding the next 4 quarters, made in past 3 months","est_12m_dps_high_3mth_ago","2","DEU","{""id"":""analyst-analyst-estimates"",""name"":""Analyst Estimates""}","[]","MATRIX","TOP500","0"
"0","{""id"":""analyst"",""name"":""Analyst""}","0.7086","{""id"":""analyst7"",""name"":""Broker Estimates""}","1","2026-07-01","1","Highest analyst estimate of dividend per share regarding the next 4 quarters, made in past 4 weeks","est_12m_dps_high_4wks_ago","2","DEU","{""id"":""analyst-analyst-estimates"",""name"":""Analyst Estimates""}","[]","MATRIX","TOP500","0"
"0","{""id"":""analyst"",""name"":""Analyst""}","0.7351","{""id"":""analyst7"",""name"":""Broker Estimates""}","1","2026-07-01","1","Lowest analyst estimate of dividend per share regarding the next 4 quarters","est_12m_dps_low","2","DEU","{""id"":""analyst-analyst-estimates"",""name"":""Analyst Estimates""}","[]","MATRIX","TOP500","0"
"0","{""id"":""analyst"",""name"":""Analyst""}","1","{""id"":""analyst7"",""name"":""Broker Estimates""}","1","2026-07-01","1","Count of unique IDs of industry participants. Industry stands for an aggregate view of all  equity clearance activity for the date, symbol, and transaction type in question.","est_12m_dps_lowerednum_1mth","2","DEU","{""id"":""analyst-analyst-estimates"",""name"":""Analyst Estimates""}","[]","MATRIX","TOP500","0"
"0","{""id"":""analyst"",""name"":""Analyst""}","1","{""id"":""analyst7"",""name"":""Broker Estimates""}","1","2026-07-01","1","Number of lowered analyst estimates of dividend per share regarding the next 4 quarters, where old and new estimates were made in the past 4 weeks","est_12m_dps_lowerednum_4wks","2","DEU","{""id"":""analyst-analyst-estimates"",""name"":""Analyst Estimates""}","[]","MATRIX","TOP500","0"
"0","{""id"":""analyst"",""name"":""Analyst""}","1","{""id"":""analyst7"",""name"":""Broker Estimates""}","1","2026-07-01","1","Count of unique IDs of industry participants. Industry stands for an aggregate view of all  equity clearance activity for the date, symbol, and transaction type in question.","est_12m_dps_lowered_1wk","2","DEU","{""id"":""analyst-analyst-estimates"",""name"":""Analyst Estimates""}","[]","MATRIX","TOP500","0"
"0","{""id"":""analyst"",""name"":""Analyst""}","0.7062","{""id"":""analyst7"",""name"":""Broker Estimates""}","1","2026-07-01","1","Lowest analyst estimate of dividend per share regarding the next 4 quarters, made in the past 3 months","est_12m_dps_low_3mth_ago","2","DEU","{""id"":""analyst-analyst-estimates"",""name"":""Analyst Estimates""}","[]","MATRIX","TOP500","0"
"0","{""id"":""analyst"",""name"":""Analyst""}","0.7086","{""id"":""analyst7"",""name"":""Broker Estimates""}","1","2026-07-01","1","Lowest analyst estimate of dividend per share regarding the next 4 quarters, made in the past 4 weeks","est_12m_dps_low_4wks_ago","2","DEU","{""id"":""analyst-analyst-estimates"",""name"":""Analyst Estimates""}","[]","MATRIX","TOP500","0"
"0","{""id"":""analyst"",""name"":""Analyst""}","0.7351","{""id"":""analyst7"",""name"":""Broker Estimates""}","1","2026-07-01","1","Mean analyst estimate of dividend per share regarding the next 4 quarters","est_12m_dps_mean","2","DEU","{""id"":""analyst-analyst-estimates"",""name"":""Analyst Estimates""}","[]","MATRIX","TOP500","0"
"0","{""id"":""analyst"",""name"":""Analyst""}","0.6482","{""id"":""analyst7"",""name"":""Broker Estimates""}","1","2026-07-01","1","Mean analyst estimate of dividend per share regarding the next 4 quarters, made in the last 28 days","est_12m_dps_mean_28d","2","DEU","{""id"":""analyst-analyst-estimates"",""name"":""Analyst Estimates""}","[]","MATRIX","TOP500","0"
"0","{""id"":""analyst"",""name"":""Analyst""}","0.7062","{""id"":""analyst7"",""name"":""Broker Estimates""}","1","2026-07-01","1","Mean analyst estimate of dividend per share regarding the next 4 quarters, made in the past 3 months","est_12m_dps_mean_3mth_ago","2","DEU","{""id"":""analyst-analyst-estimates"",""name"":""Analyst Estimates""}","[]","MATRIX","TOP500","0"
"0","{""id"":""analyst"",""name"":""Analyst""}","0.7086","{""id"":""analyst7"",""name"":""Broker Estimates""}","1","2026-07-01","1","Mean analyst estimate of dividend per share regarding the next 4 quarters, made in past 4 weeks","est_12m_dps_mean_4wks_ago","2","DEU","{""id"":""analyst-analyst-estimates"",""name"":""Analyst Estimates""}","[]","MATRIX","TOP500","0"
"0","{""id"":""analyst"",""name"":""Analyst""}","0.7351","{""id"":""analyst7"",""name"":""Broker Estimates""}","1","2026-07-01","1","Median analyst estimate of dividend per share regarding the next 4 quarters","est_12m_dps_median","2","DEU","{""id"":""analyst-analyst-estimates"",""name"":""Analyst Estimates""}","[]","MATRIX","TOP500","0"
"0","{""id"":""analyst"",""name"":""Analyst""}","0.7062","{""id"":""analyst7"",""name"":""Broker Estimates""}","1","2026-07-01","1","Median analyst estimate of dividend per share regarding the next 4 quarters, made in the past 3 months","est_12m_dps_median_3mth_ago","2","DEU","{""id"":""analyst-analyst-estimates"",""name"":""Analyst Estimates""}","[]","MATRIX","TOP500","0"
"0","{""id"":""analyst"",""name"":""Analyst""}","0.7086","{""id"":""analyst7"",""name"":""Broker Estimates""}","1","2026-07-01","1","Median analyst estimate of dividend per share regarding the next 4 quarters, made in the past 4 weeks","est_12m_dps_median_4wks_ago","2","DEU","{""id"":""analyst-analyst-estimates"",""name"":""Analyst Estimates""}","[]","MATRIX","TOP500","0"
"0","{""id"":""analyst"",""name"":""Analyst""}","1","{""id"":""analyst7"",""name"":""Broker Estimates""}","1","2026-07-01","1","Number of analyst estimates of dividend per share regarding the next 4 quarters","est_12m_dps_num","2","DEU","{""id"":""analyst-analyst-estimates"",""name"":""Analyst Estimates""}","[]","MATRIX","TOP500","0"
"0","{""id"":""analyst"",""name"":""Analyst""}","1","{""id"":""analyst7"",""name"":""Broker Estimates""}","1","2026-07-01","1","Number of analyst estimates of dividend per share regarding the next 4 quarters, made in the last 28 days","est_12m_dps_num_28d","2","DEU","{""id"":""analyst-analyst-estimates"",""name"":""Analyst Estimates""}","[]","MATRIX","TOP500","0"
"0","{""id"":""analyst"",""name"":""Analyst""}","1","{""id"":""analyst7"",""name"":""Broker Estimates""}","1","2026-07-01","1","Number of analyst estimates of dividend per share regarding the next 4 quarters, made in past 3 months","est_12m_dps_num_3mth_ago","2","DEU","{""id"":""analyst-analyst-estimates"",""name"":""Analyst Estimates""}","[]","MATRIX","TOP500","0"
"0","{""id"":""analyst"",""name"":""Analyst""}","1","{""id"":""analyst7"",""name"":""Broker Estimates""}","1","2026-07-01","1","Number of analyst estimates of dividend per share regarding the next 4 quarters, where old and new estimates were made in the past 4 weeks","est_12m_dps_num_4wks_ago","2","DEU","{""id"":""analyst-analyst-estimates"",""name"":""Analyst Estimates""}","[]","MATRIX","TOP500","0"
"0","{""id"":""analyst"",""name"":""Analyst""}","1","{""id"":""analyst7"",""name"":""Broker Estimates""}","1","2026-07-01","1","Number of raised analyst estimates of dividend per share regarding the next 4 quarters, compared to the last monthly update","est_12m_dps_raisednum_1mth","2","DEU","{""id"":""analyst-analyst-estimates"",""name"":""Analyst Estimates""}","[]","MATRIX","TOP500","0"
"0","{""id"":""analyst"",""name"":""Analyst""}","1","{""id"":""analyst7"",""name"":""Broker Estimates""}","1","2026-07-01","1","Number of raised analyst estimates of dividend per share regarding the next 4 quarters, where old and new estimates were made in the past 4 weeks","est_12m_dps_raisednum_4wks","2","DEU","{""id"":""analyst-analyst-estimates"",""name"":""Analyst Estimates""}","[]","MATRIX","TOP500","0"
"0","{""id"":""analyst"",""name"":""Analyst""}","1","{""id"":""analyst7"",""name"":""Broker Estimates""}","1","2026-07-01","1","Number of raised analyst estimates of dividend per share regarding the next 4 quarters, compared to the last weekly update","est_12m_dps_raised_1wk","2","DEU","{""id"":""analyst-analyst-estimates"",""name"":""Analyst Estimates""}","[]","MATRIX","TOP500","0"
"0","{""id"":""analyst"",""name"":""Analyst""}","0.6941","{""id"":""analyst7"",""name"":""Broker Estimates""}","1","2026-07-01","1","Standard deviation of analyst estimate of dividend per share regarding the next 4 quarters","est_12m_dps_std","2","DEU","{""id"":""analyst-analyst-estimates"",""name"":""Analyst Estimates""}","[]","MATRIX","TOP500","0"
"0","{""id"":""analyst"",""name"":""Analyst""}","0.4753","{""id"":""analyst7"",""name"":""Broker Estimates""}","1","2026-07-01","1","Standard deviation of the analyst estimates of dividend per share regarding the next 4 quarters, made in the last 28 days","est_12m_dps_std_28d","2","DEU","{""id"":""analyst-analyst-estimates"",""name"":""Analyst Estimates""}","[]","MATRIX","TOP500","0"
"0","{""id"":""analyst"",""name"":""Analyst""}","0.6701","{""id"":""analyst7"",""name"":""Broker Estimates""}","1","2026-07-01","1","Standard deviation of the analyst estimates of dividend per share regarding the next 4 quarters, made in the past 3 months","est_12m_dps_std_3mth_ago","2","DEU","{""id"":""analyst-analyst-estimates"",""name"":""Analyst Estimates""}","[]","MATRIX","TOP500","0"
"0","{""id"":""analyst"",""name"":""Analyst""}","0.6694","{""id"":""analyst7"",""name"":""Broker Estimates""}","1","2026-07-01","1","Standard deviation of the analyst estimate of dividend per share regarding the next 4 quarters, made in the past 4 weeks","est_12m_dps_std_4wks_ago","2","DEU","{""id"":""analyst-analyst-estimates"",""name"":""Analyst Estimates""}","[]","MATRIX","TOP500","0"
"0","{""id"":""analyst"",""name"":""Analyst""}","0.7323","{""id"":""analyst7"",""name"":""Broker Estimates""}","1","2026-07-01","1","Highest analyst estimate of EBIT regarding the next 4 quarters","est_12m_ebi_high","2","DEU","{""id"":""analyst-analyst-estimates"",""name"":""Analyst Estimates""}","[]","MATRIX","TOP500","0"
"0","{""id"":""analyst"",""name"":""Analyst""}","0.7048","{""id"":""analyst7"",""name"":""Broker Estimates""}","1","2026-07-01","1","Highest analyst estimate of EBIT regarding the next 4 quarters, made in the past 3 months","est_12m_ebi_high_3mth_ago","2","DEU","{""id"":""analyst-analyst-estimates"",""name"":""Analyst Estimates""}","[]","MATRIX","TOP500","0"
"0","{""id"":""analyst"",""name"":""Analyst""}","0.7055","{""id"":""analyst7"",""name"":""Broker Estimates""}","1","2026-07-01","1","Highest analyst estimate of EBIT regarding the next 4 quarters, made in the past 4 weeks","est_12m_ebi_high_4wks_ago","2","DEU","{""id"":""analyst-analyst-estimates"",""name"":""Analyst Estimates""}","[]","MATRIX","TOP500","0"
"0","{""id"":""analyst"",""name"":""Analyst""}","0.7323","{""id"":""analyst7"",""name"":""Broker Estimates""}","1","2026-07-01","1","Lowest analyst estimate of EBIT regarding the next 4 quarters","est_12m_ebi_low","2","DEU","{""id"":""analyst-analyst-estimates"",""name"":""Analyst Estimates""}","[]","MATRIX","TOP500","0"
"0","{""id"":""analyst"",""name"":""Analyst""}","1","{""id"":""analyst7"",""name"":""Broker Estimates""}","1","2026-07-01","1","Count of unique IDs of industry participants. Industry stands for an aggregate view of all  equity clearance activity for the date, symbol, and transaction type in question.","est_12m_ebi_lowerednum_1mth","2","DEU","{""id"":""analyst-analyst-estimates"",""name"":""Analyst Estimates""}","[]","MATRIX","TOP500","0"
"0","{""id"":""analyst"",""name"":""Analyst""}","1","{""id"":""analyst7"",""name"":""Broker Estimates""}","1","2026-07-01","1","Number of lowered analyst estimates of EBIT regarding the next 4 quarters, where old and new estimates were made in the past 4 weeks","est_12m_ebi_lowerednum_4wks","2","DEU","{""id"":""analyst-analyst-estimates"",""name"":""Analyst Estimates""}","[]","MATRIX","TOP500","0"
"0","{""id"":""analyst"",""name"":""Analyst""}","1","{""id"":""analyst7"",""name"":""Broker Estimates""}","1","2026-07-01","1","Count of unique IDs of industry participants. Industry stands for an aggregate view of all  equity clearance activity for the date, symbol, and transaction type in question.","est_12m_ebi_lowered_1wk","2","DEU","{""id"":""analyst-analyst-estimates"",""name"":""Analyst Estimates""}","[]","MATRIX","TOP500","0"
"0","{""id"":""analyst"",""name"":""Analyst""}","0.7048","{""id"":""analyst7"",""name"":""Broker Estimates""}","1","2026-07-01","1","Lowest analyst estimate of EBIT regarding the next 4 quarters, made in past 3 months","est_12m_ebi_low_3mth_ago","2","DEU","{""id"":""analyst-analyst-estimates"",""name"":""Analyst Estimates""}","[]","MATRIX","TOP500","0"
"0","{""id"":""analyst"",""name"":""Analyst""}","0.7055","{""id"":""analyst7"",""name"":""Broker Estimates""}","1","2026-07-01","1","Lowest analyst estimate of EBIT regarding the next 4 quarters, made in the past 4 weeks","est_12m_ebi_low_4wks_ago","2","DEU","{""id"":""analyst-analyst-estimates"",""name"":""Analyst Estimates""}","[]","MATRIX","TOP500","0"
"0","{""id"":""analyst"",""name"":""Analyst""}","0.7323","{""id"":""analyst7"",""name"":""Broker Estimates""}","1","2026-07-01","1","Mean analyst estimate of EBIT regarding the next 4 quarters","est_12m_ebi_mean","2","DEU","{""id"":""analyst-analyst-estimates"",""name"":""Analyst Estimates""}","[]","MATRIX","TOP500","0"
"0","{""id"":""analyst"",""name"":""Analyst""}","0.7002","{""id"":""analyst7"",""name"":""Broker Estimates""}","1","2026-07-01","1","Mean analyst estimate of EBIT regarding the next 4 quarters, made in the last 28 days","est_12m_ebi_mean_28d","2","DEU","{""id"":""analyst-analyst-estimates"",""name"":""Analyst Estimates""}","[]","MATRIX","TOP500","0"
"0","{""id"":""analyst"",""name"":""Analyst""}","0.7048","{""id"":""analyst7"",""name"":""Broker Estimates""}","1","2026-07-01","1","Mean analyst estimate of EBIT regarding the next 4 quarters, made in the past 3 months","est_12m_ebi_mean_3mth_ago","2","DEU","{""id"":""analyst-analyst-estimates"",""name"":""Analyst Estimates""}","[]","MATRIX","TOP500","0"
"0","{""id"":""analyst"",""name"":""Analyst""}","0.7055","{""id"":""analyst7"",""name"":""Broker Estimates""}","1","2026-07-01","1","Mean analyst estimate of EBIT regarding the next 4 quarters, made in past 4 weeks","est_12m_ebi_mean_4wks_ago","2","DEU","{""id"":""analyst-analyst-estimates"",""name"":""Analyst Estimates""}","[]","MATRIX","TOP500","0"
"0","{""id"":""analyst"",""name"":""Analyst""}","0.7323","{""id"":""analyst7"",""name"":""Broker Estimates""}","1","2026-07-01","1","Median analyst estimate of EBIT regarding the next 4 quarters","est_12m_ebi_median","2","DEU","{""id"":""analyst-analyst-estimates"",""name"":""Analyst Estimates""}","[]","MATRIX","TOP500","0"
"0","{""id"":""analyst"",""name"":""Analyst""}","0.7048","{""id"":""analyst7"",""name"":""Broker Estimates""}","1","2026-07-01","1","Median analyst estimate of EBIT regarding the next 4 quarters, made in the past 3 months","est_12m_ebi_median_3mth_ago","2","DEU","{""id"":""analyst-analyst-estimates"",""name"":""Analyst Estimates""}","[]","MATRIX","TOP500","0"
"0","{""id"":""analyst"",""name"":""Analyst""}","0.7055","{""id"":""analyst7"",""name"":""Broker Estimates""}","1","2026-07-01","1","Median analyst estimate of EBIT regarding the next 4 quarters, made in the past 4 weeks","est_12m_ebi_median_4wks_ago","2","DEU","{""id"":""analyst-analyst-estimates"",""name"":""Analyst Estimates""}","[]","MATRIX","TOP500","0"
"0","{""id"":""analyst"",""name"":""Analyst""}","1","{""id"":""analyst7"",""name"":""Broker Estimates""}","1","2026-07-01","1","Number of analyst estimates of EBIT regarding the next 4 quarters","est_12m_ebi_num","2","DEU","{""id"":""analyst-analyst-estimates"",""name"":""Analyst Estimates""}","[]","MATRIX","TOP500","0"
"0","{""id"":""analyst"",""name"":""Analyst""}","1","{""id"":""analyst7"",""name"":""Broker Estimates""}","1","2026-07-01","1","Number of analyst estimates of EBIT regarding the next 4 quarters, made in the last 28 days","est_12m_ebi_num_28d","2","DEU","{""id"":""analyst-analyst-estimates"",""name"":""Analyst Estimates""}","[]","MATRIX","TOP500","0"
"0","{""id"":""analyst"",""name"":""Analyst""}","1","{""id"":""analyst7"",""name"":""Broker Estimates""}","1","2026-07-01","1","Number of analyst estimates of EBIT regarding the next 4 quarters, made in the past 3 months","est_12m_ebi_num_3mth_ago","2","DEU","{""id"":""analyst-analyst-estimates"",""name"":""Analyst Estimates""}","[]","MATRIX","TOP500","0"
"0","{""id"":""analyst"",""name"":""Analyst""}","1","{""id"":""analyst7"",""name"":""Broker Estimates""}","1","2026-07-01","1","Number of analyst estimates of EBIT regarding the next 4 quarters, where old and new estimates were made in the past 4 weeks","est_12m_ebi_num_4wks_ago","2","DEU","{""id"":""analyst-analyst-estimates"",""name"":""Analyst Estimates""}","[]","MATRIX","TOP500","0"
"0","{""id"":""analyst"",""name"":""Analyst""}","1","{""id"":""analyst7"",""name"":""Broker Estimates""}","1","2026-07-01","1","Number of raised analyst estimates of EBIT regarding the next 4 quarters, compared to last monthly update","est_12m_ebi_raisednum_1mth","2","DEU","{""id"":""analyst-analyst-estimates"",""name"":""Analyst Estimates""}","[]","MATRIX","TOP500","0"
"0","{""id"":""analyst"",""name"":""Analyst""}","1","{""id"":""analyst7"",""name"":""Broker Estimates""}","1","2026-07-01","1","Number of raised analyst estimates of EBIT regarding the next 4 quarters, where old and new estimates were made in past 4 weeks","est_12m_ebi_raisednum_4wks","2","DEU","{""id"":""analyst-analyst-estimates"",""name"":""Analyst Estimates""}","[]","MATRIX","TOP500","0"
"0","{""id"":""analyst"",""name"":""Analyst""}","1","{""id"":""analyst7"",""name"":""Broker Estimates""}","1","2026-07-01","1","Number of raised analyst estimates of EBIT regarding the next 4 quarters, compared to the last weekly update","est_12m_ebi_raised_1wk","2","DEU","{""id"":""analyst-analyst-estimates"",""name"":""Analyst Estimates""}","[]","MATRIX","TOP500","0"
"0","{""id"":""analyst"",""name"":""Analyst""}","0.6909","{""id"":""analyst7"",""name"":""Broker Estimates""}","1","2026-07-01","1","Standard deviation of analyst estimates of EBIT regarding the next 4 quarters","est_12m_ebi_std","2","DEU","{""id"":""analyst-analyst-estimates"",""name"":""Analyst Estimates""}","[]","MATRIX","TOP500","0"
"0","{""id"":""analyst"",""name"":""Analyst""}","0.6205","{""id"":""analyst7"",""name"":""Broker Estimates""}","1","2026-07-01","1","Standard deviation of the analyst estimates of EBIT regarding the next 4 quarters, made in the last 28 days","est_12m_ebi_std_28d","2","DEU","{""id"":""analyst-analyst-estimates"",""name"":""Analyst Estimates""}","[]","MATRIX","TOP500","0"
"0","{""id"":""analyst"",""name"":""Analyst""}","0.6711","{""id"":""analyst7"",""name"":""Broker Estimates""}","1","2026-07-01","1","Standard deviation of the analyst estimate of EBIT regarding the next 4 quarters, made in the past 3 months","est_12m_ebi_std_3mth_ago","2","DEU","{""id"":""analyst-analyst-estimates"",""name"":""Analyst Estimates""}","[]","MATRIX","TOP500","0"
"0","{""id"":""analyst"",""name"":""Analyst""}","0.6709","{""id"":""analyst7"",""name"":""Broker Estimates""}","1","2026-07-01","1","Standard deviation of the analyst estimates of EBIT regarding the next 4 quarters, made in past 4 weeks","est_12m_ebi_std_4wks_ago","2","DEU","{""id"":""analyst-analyst-estimates"",""name"":""Analyst Estimates""}","[]","MATRIX","TOP500","0"
"0","{""id"":""analyst"",""name"":""Analyst""}","0.7289","{""id"":""analyst7"",""name"":""Broker Estimates""}","1","2026-07-01","1","Highest analyst estimate of EBITDA regarding the next 4 quarters","est_12m_ebt_high","2","DEU","{""id"":""analyst-analyst-estimates"",""name"":""Analyst Estimates""}","[]","MATRIX","TOP500","0"
"0","{""id"":""analyst"",""name"":""Analyst""}","0.6975","{""id"":""analyst7"",""name"":""Broker Estimates""}","1","2026-07-01","1","Highest analyst estimate of EBITDA regarding the next 4 quarters, made in the past 3 months","est_12m_ebt_high_3mth_ago","2","DEU","{""id"":""analyst-analyst-estimates"",""name"":""Analyst Estimates""}","[]","MATRIX","TOP500","0"
"0","{""id"":""analyst"",""name"":""Analyst""}","0.7003","{""id"":""analyst7"",""name"":""Broker Estimates""}","1","2026-07-01","1","Highest analyst estimate of EBITDA regarding the next 4 quarters, made in the past 4 weeks","est_12m_ebt_high_4wks_ago","2","DEU","{""id"":""analyst-analyst-estimates"",""name"":""Analyst Estimates""}","[]","MATRIX","TOP500","0"
"0","{""id"":""analyst"",""name"":""Analyst""}","0.7289","{""id"":""analyst7"",""name"":""Broker Estimates""}","1","2026-07-01","1","Lowest analyst estimate of EBITDA regarding the next 4 quarters","est_12m_ebt_low","2","DEU","{""id"":""analyst-analyst-estimates"",""name"":""Analyst Estimates""}","[]","MATRIX","TOP500","0"
"0","{""id"":""analyst"",""name"":""Analyst""}","1","{""id"":""analyst7"",""name"":""Broker Estimates""}","1","2026-07-01","1","Count of unique IDs of industry participants. Industry stands for an aggregate view of all  equity clearance activity for the date, symbol, and transaction type in question.","est_12m_ebt_lowerednum_1mth","2","DEU","{""id"":""analyst-analyst-estimates"",""name"":""Analyst Estimates""}","[]","MATRIX","TOP500","0"
"0","{""id"":""analyst"",""name"":""Analyst""}","1","{""id"":""analyst7"",""name"":""Broker Estimates""}","1","2026-07-01","1","Number of lowered analyst estimate of EBITDA regarding the next 4 quarters, where old and new estimate were made in past 4 weeks","est_12m_ebt_lowerednum_4wks","2","DEU","{""id"":""analyst-analyst-estimates"",""name"":""Analyst Estimates""}","[]","MATRIX","TOP500","0"
"0","{""id"":""analyst"",""name"":""Analyst""}","1","{""id"":""analyst7"",""name"":""Broker Estimates""}","1","2026-07-01","1","Count of unique IDs of industry participants. Industry stands for an aggregate view of all  equity clearance activity for the date, symbol, and transaction type in question.","est_12m_ebt_lowered_1wk","2","DEU","{""id"":""analyst-analyst-estimates"",""name"":""Analyst Estimates""}","[]","MATRIX","TOP500","0"
"0","{""id"":""analyst"",""name"":""Analyst""}","0.6975","{""id"":""analyst7"",""name"":""Broker Estimates""}","1","2026-07-01","1","Lowest analyst estimate of EBITDA regarding the next 4 quarters, made in the past 3 months","est_12m_ebt_low_3mth_ago","2","DEU","{""id"":""analyst-analyst-estimates"",""name"":""Analyst Estimates""}","[]","MATRIX","TOP500","0"
"0","{""id"":""analyst"",""name"":""Analyst""}","0.7003","{""id"":""analyst7"",""name"":""Broker Estimates""}","1","2026-07-01","1","Lowest analyst estimate of EBITDA regarding the next 4 quarters, made in the past 4 weeks","est_12m_ebt_low_4wks_ago","2","DEU","{""id"":""analyst-analyst-estimates"",""name"":""Analyst Estimates""}","[]","MATRIX","TOP500","0"
"0","{""id"":""analyst"",""name"":""Analyst""}","0.7289","{""id"":""analyst7"",""name"":""Broker Estimates""}","1","2026-07-01","1","Mean analyst estimate of EBITDA regarding the next 4 quarters","est_12m_ebt_mean","2","DEU","{""id"":""analyst-analyst-estimates"",""name"":""Analyst Estimates""}","[]","MATRIX","TOP500","0"
"0","{""id"":""analyst"",""name"":""Analyst""}","0.6857","{""id"":""analyst7"",""name"":""Broker Estimates""}","1","2026-07-01","1","Mean analyst estimate of EBITDA regarding the next 4 quarters, made in the last 28 days","est_12m_ebt_mean_28d","2","DEU","{""id"":""analyst-analyst-estimates"",""name"":""Analyst Estimates""}","[]","MATRIX","TOP500","0"
"0","{""id"":""analyst"",""name"":""Analyst""}","0.6975","{""id"":""analyst7"",""name"":""Broker Estimates""}","1","2026-07-01","1","Mean analyst estimate of EBITDA regarding the next 4 quarters, made in the past 3 months","est_12m_ebt_mean_3mth_ago","2","DEU","{""id"":""analyst-analyst-estimates"",""name"":""Analyst Estimates""}","[]","MATRIX","TOP500","0"
"0","{""id"":""analyst"",""name"":""Analyst""}","0.7003","{""id"":""analyst7"",""name"":""Broker Estimates""}","1","2026-07-01","1","Mean analyst estimate of EBITDA regarding the next 4 quarters, made in past 4 weeks","est_12m_ebt_mean_4wks_ago","2","DEU","{""id"":""analyst-analyst-estimates"",""name"":""Analyst Estimates""}","[]","MATRIX","TOP500","0"
"0","{""id"":""analyst"",""name"":""Analyst""}","0.7289","{""id"":""analyst7"",""name"":""Broker Estimates""}","1","2026-07-01","1","Median analyst estimate of EBITDA regarding the next 4 quarters","est_12m_ebt_median","2","DEU","{""id"":""analyst-analyst-estimates"",""name"":""Analyst Estimates""}","[]","MATRIX","TOP500","0"
"0","{""id"":""analyst"",""name"":""Analyst""}","0.6975","{""id"":""analyst7"",""name"":""Broker Estimates""}","1","2026-07-01","1","Median analyst estimate of EBITDA regarding the next 4 quarters, made in the past 3 months","est_12m_ebt_median_3mth_ago","2","DEU","{""id"":""analyst-analyst-estimates"",""name"":""Analyst Estimates""}","[]","MATRIX","TOP500","0"
"0","{""id"":""analyst"",""name"":""Analyst""}","0.7003","{""id"":""analyst7"",""name"":""Broker Estimates""}","1","2026-07-01","1","Median analyst estimate of EBITDA regarding the next 4 quarters, made in past 4 weeks","est_12m_ebt_median_4wks_ago","2","DEU","{""id"":""analyst-analyst-estimates"",""name"":""Analyst Estimates""}","[]","MATRIX","TOP500","0"
"0","{""id"":""analyst"",""name"":""Analyst""}","1","{""id"":""analyst7"",""name"":""Broker Estimates""}","1","2026-07-01","1","Number of analyst estimates of EBITDA regarding the next 4 quarters","est_12m_ebt_num","2","DEU","{""id"":""analyst-analyst-estimates"",""name"":""Analyst Estimates""}","[]","MATRIX","TOP500","0"
"0","{""id"":""analyst"",""name"":""Analyst""}","1","{""id"":""analyst7"",""name"":""Broker Estimates""}","1","2026-07-01","1","Number of analyst estimates of EBITDA regarding the next 4 quarters, made in the last 28 days","est_12m_ebt_num_28d","2","DEU","{""id"":""analyst-analyst-estimates"",""name"":""Analyst Estimates""}","[]","MATRIX","TOP500","0"
"0","{""id"":""analyst"",""name"":""Analyst""}","1","{""id"":""analyst7"",""name"":""Broker Estimates""}","1","2026-07-01","1","Number of analyst estimates of EBITDA regarding the next 4 quarters, made in the past 3 months","est_12m_ebt_num_3mth_ago","2","DEU","{""id"":""analyst-analyst-estimates"",""name"":""Analyst Estimates""}","[]","MATRIX","TOP500","0"
"0","{""id"":""analyst"",""name"":""Analyst""}","1","{""id"":""analyst7"",""name"":""Broker Estimates""}","1","2026-07-01","1","Number of analyst estimates of EBITDA regarding the next 4 quarters, where old and new estimates were made in the past 4 weeks","est_12m_ebt_num_4wks_ago","2","DEU","{""id"":""analyst-analyst-estimates"",""name"":""Analyst Estimates""}","[]","MATRIX","TOP500","0"
"0","{""id"":""analyst"",""name"":""Analyst""}","1","{""id"":""analyst7"",""name"":""Broker Estimates""}","1","2026-07-01","1","Number of raised analyst estimates of EBITDA regarding the next 4 quarters, compared to the last monthly update","est_12m_ebt_raisednum_1mth","2","DEU","{""id"":""analyst-analyst-estimates"",""name"":""Analyst Estimates""}","[]","MATRIX","TOP500","0"
"0","{""id"":""analyst"",""name"":""Analyst""}","1","{""id"":""analyst7"",""name"":""Broker Estimates""}","1","2026-07-01","1","Number of raised analyst estimates of EBITDA regarding the next 4 quarters, where old and new estimates were made in past 4 weeks","est_12m_ebt_raisednum_4wks","2","DEU","{""id"":""analyst-analyst-estimates"",""name"":""Analyst Estimates""}","[]","MATRIX","TOP500","0"
"0","{""id"":""analyst"",""name"":""Analyst""}","1","{""id"":""analyst7"",""name"":""Broker Estimates""}","1","2026-07-01","1","Number of raised analyst estimates of EBITDA regarding the next 4 quarters, compared to the last weekly update","est_12m_ebt_raised_1wk","2","DEU","{""id"":""analyst-analyst-estimates"",""name"":""Analyst Estimates""}","[]","MATRIX","TOP500","0"
"0","{""id"":""analyst"",""name"":""Analyst""}","0.6627","{""id"":""analyst7"",""name"":""Broker Estimates""}","1","2026-07-01","1","Standard deviation of analyst estimates of EBITDA regarding the next 4 quarters","est_12m_ebt_std","2","DEU","{""id"":""analyst-analyst-estimates"",""name"":""Analyst Estimates""}","[]","MATRIX","TOP500","0"
"0","{""id"":""analyst"",""name"":""Analyst""}","0.5894","{""id"":""analyst7"",""name"":""Broker Estimates""}","1","2026-07-01","1","Standard deviation of the analyst estimate of EBITDA regarding the next 4 quarters, made in the last 28 days","est_12m_ebt_std_28d","2","DEU","{""id"":""analyst-analyst-estimates"",""name"":""Analyst Estimates""}","[]","MATRIX","TOP500","0"
"0","{""id"":""analyst"",""name"":""Analyst""}","0.6418","{""id"":""analyst7"",""name"":""Broker Estimates""}","1","2026-07-01","1","Standard deviation of the analyst estimates of EBITDA regarding the next 4 quarters, made in the past 3 months","est_12m_ebt_std_3mth_ago","2","DEU","{""id"":""analyst-analyst-estimates"",""name"":""Analyst Estimates""}","[]","MATRIX","TOP500","0"
"0","{""id"":""analyst"",""name"":""Analyst""}","0.6406","{""id"":""analyst7"",""name"":""Broker Estimates""}","1","2026-07-01","1","Standard deviation of the analyst estimate of EBITDA regarding the next 4 quarters, made in the past 4 weeks","est_12m_ebt_std_4wks_ago","2","DEU","{""id"":""analyst-analyst-estimates"",""name"":""Analyst Estimates""}","[]","MATRIX","TOP500","0"
"0","{""id"":""analyst"",""name"":""Analyst""}","0.686","{""id"":""analyst7"",""name"":""Broker Estimates""}","1","2026-07-01","1","Highest analyst estimate of enterprise value regarding the next 4 quarters","est_12m_ent_high","2","DEU","{""id"":""analyst-analyst-estimates"",""name"":""Analyst Estimates""}","[]","MATRIX","TOP500","0"
"0","{""id"":""analyst"",""name"":""Analyst""}","0.6495","{""id"":""analyst7"",""name"":""Broker Estimates""}","1","2026-07-01","1","Highest analyst estimate of enterprise value regarding the next 4 quarters, made in the past 3 months","est_12m_ent_high_3mth_ago","2","DEU","{""id"":""analyst-analyst-estimates"",""name"":""Analyst Estimates""}","[]","MATRIX","TOP500","0"
"0","{""id"":""analyst"",""name"":""Analyst""}","0.6542","{""id"":""analyst7"",""name"":""Broker Estimates""}","1","2026-07-01","1","Highest analyst estimate of enterprise value regarding the next 4 quarters, made in the past 4 weeks","est_12m_ent_high_4wks_ago","2","DEU","{""id"":""analyst-analyst-estimates"",""name"":""Analyst Estimates""}","[]","MATRIX","TOP500","0"
"0","{""id"":""analyst"",""name"":""Analyst""}","0.686","{""id"":""analyst7"",""name"":""Broker Estimates""}","1","2026-07-01","1","Lowest analyst estimate of enterprise value regarding the next 4 quarters","est_12m_ent_low","2","DEU","{""id"":""analyst-analyst-estimates"",""name"":""Analyst Estimates""}","[]","MATRIX","TOP500","0"
"0","{""id"":""analyst"",""name"":""Analyst""}","1","{""id"":""analyst7"",""name"":""Broker Estimates""}","1","2026-07-01","1","Number of lowered analyst estimate of enterprise value regarding the next 4 quarters, since last monthly update","est_12m_ent_lowerednum_1mth","2","DEU","{""id"":""analyst-analyst-estimates"",""name"":""Analyst Estimates""}","[]","MATRIX","TOP500","0"
"0","{""id"":""analyst"",""name"":""Analyst""}","1","{""id"":""analyst7"",""name"":""Broker Estimates""}","1","2026-07-01","1","Number of lowered analyst estimates of enterprise value regarding the next 4 quarters, where old and new estimates were made in past 4 weeks","est_12m_ent_lowerednum_4wks","2","DEU","{""id"":""analyst-analyst-estimates"",""name"":""Analyst Estimates""}","[]","MATRIX","TOP500","0"
"0","{""id"":""analyst"",""name"":""Analyst""}","1","{""id"":""analyst7"",""name"":""Broker Estimates""}","1","2026-07-01","1","Number of lowered analyst estimates of enterprise value regarding the next 4 quarters, since the last weekly update","est_12m_ent_lowered_1wk","2","DEU","{""id"":""analyst-analyst-estimates"",""name"":""Analyst Estimates""}","[]","MATRIX","TOP500","0"
"0","{""id"":""analyst"",""name"":""Analyst""}","0.6495","{""id"":""analyst7"",""name"":""Broker Estimates""}","1","2026-07-01","1","Lowest analyst estimate of enterprise value regarding the next 4 quarters, made in past 3 months","est_12m_ent_low_3mth_ago","2","DEU","{""id"":""analyst-analyst-estimates"",""name"":""Analyst Estimates""}","[]","MATRIX","TOP500","0"
"0","{""id"":""analyst"",""name"":""Analyst""}","0.6542","{""id"":""analyst7"",""name"":""Broker Estimates""}","1","2026-07-01","1","Lowest analyst estimate of enterprise value regarding the next 4 quarters, made in past 4 weeks","est_12m_ent_low_4wks_ago","2","DEU","{""id"":""analyst-analyst-estimates"",""name"":""Analyst Estimates""}","[]","MATRIX","TOP500","0"
"0","{""id"":""analyst"",""name"":""Analyst""}","0.686","{""id"":""analyst7"",""name"":""Broker Estimates""}","1","2026-07-01","1","Mean analyst estimate of enterprise value regarding the next 4 quarters","est_12m_ent_mean","2","DEU","{""id"":""analyst-analyst-estimates"",""name"":""Analyst Estimates""}","[]","MATRIX","TOP500","0"
"0","{""id"":""analyst"",""name"":""Analyst""}","0.6518","{""id"":""analyst7"",""name"":""Broker Estimates""}","1","2026-07-01","1","Mean analyst estimate of enterprise value regarding the next 4 quarters, made in the last 28 days","est_12m_ent_mean_28d","2","DEU","{""id"":""analyst-analyst-estimates"",""name"":""Analyst Estimates""}","[]","MATRIX","TOP500","0"
"0","{""id"":""analyst"",""name"":""Analyst""}","0.6495","{""id"":""analyst7"",""name"":""Broker Estimates""}","1","2026-07-01","1","Mean analyst estimate of enterprise value regarding the next 4 quarters, made in the past 3 months","est_12m_ent_mean_3mth_ago","2","DEU","{""id"":""analyst-analyst-estimates"",""name"":""Analyst Estimates""}","[]","MATRIX","TOP500","0"
"0","{""id"":""analyst"",""name"":""Analyst""}","0.6542","{""id"":""analyst7"",""name"":""Broker Estimates""}","1","2026-07-01","1","Mean analyst estimate of enterprise value regarding the next 4 quarters, made in the past 4 weeks","est_12m_ent_mean_4wks_ago","2","DEU","{""id"":""analyst-analyst-estimates"",""name"":""Analyst Estimates""}","[]","MATRIX","TOP500","0"
"0","{""id"":""analyst"",""name"":""Analyst""}","0.686","{""id"":""analyst7"",""name"":""Broker Estimates""}","1","2026-07-01","1","Median analyst estimate of enterprise value regarding the next 4 quarters","est_12m_ent_median","2","DEU","{""id"":""analyst-analyst-estimates"",""name"":""Analyst Estimates""}","[]","MATRIX","TOP500","0"
"0","{""id"":""analyst"",""name"":""Analyst""}","0.6495","{""id"":""analyst7"",""name"":""Broker Estimates""}","1","2026-07-01","1","Median analyst estimate of enterprise value regarding the next 4 quarters, made in the past 3 months","est_12m_ent_median_3mth_ago","2","DEU","{""id"":""analyst-analyst-estimates"",""name"":""Analyst Estimates""}","[]","MATRIX","TOP500","0"
"0","{""id"":""analyst"",""name"":""Analyst""}","0.6542","{""id"":""analyst7"",""name"":""Broker Estimates""}","1","2026-07-01","1","Median analyst estimate of enterprise value regarding the next 4 quarters, made in past 4 weeks","est_12m_ent_median_4wks_ago","2","DEU","{""id"":""analyst-analyst-estimates"",""name"":""Analyst Estimates""}","[]","MATRIX","TOP500","0"
"0","{""id"":""analyst"",""name"":""Analyst""}","1","{""id"":""analyst7"",""name"":""Broker Estimates""}","1","2026-07-01","1","Number of analyst estimates of enterprise value regarding the next 4 quarters","est_12m_ent_num","2","DEU","{""id"":""analyst-analyst-estimates"",""name"":""Analyst Estimates""}","[]","MATRIX","TOP500","0"
"0","{""id"":""analyst"",""name"":""Analyst""}","1","{""id"":""analyst7"",""name"":""Broker Estimates""}","1","2026-07-01","1","Number of analyst estimates of enterprise value regarding the next 4 quarters, made in the last 28 days","est_12m_ent_num_28d","2","DEU","{""id"":""analyst-analyst-estimates"",""name"":""Analyst Estimates""}","[]","MATRIX","TOP500","0"
"0","{""id"":""analyst"",""name"":""Analyst""}","1","{""id"":""analyst7"",""name"":""Broker Estimates""}","1","2026-07-01","1","Number of analyst estimates of enterprise value regarding the next 4 quarters, made in the past 3 months","est_12m_ent_num_3mth_ago","2","DEU","{""id"":""analyst-analyst-estimates"",""name"":""Analyst Estimates""}","[]","MATRIX","TOP500","0"
"0","{""id"":""analyst"",""name"":""Analyst""}","1","{""id"":""analyst7"",""name"":""Broker Estimates""}","1","2026-07-01","1","Number of analyst estimates of enterprise value regarding the next 4 quarters, where old and new estimates were made in the past 4 weeks","est_12m_ent_num_4wks_ago","2","DEU","{""id"":""analyst-analyst-estimates"",""name"":""Analyst Estimates""}","[]","MATRIX","TOP500","0"
"0","{""id"":""analyst"",""name"":""Analyst""}","1","{""id"":""analyst7"",""name"":""Broker Estimates""}","1","2026-07-01","1","Number of raised analyst estimates of enterprise value regarding the next 4 quarters, compared to the last monthly update","est_12m_ent_raisednum_1mth","2","DEU","{""id"":""analyst-analyst-estimates"",""name"":""Analyst Estimates""}","[]","MATRIX","TOP500","0"
"0","{""id"":""analyst"",""name"":""Analyst""}","1","{""id"":""analyst7"",""name"":""Broker Estimates""}","1","2026-07-01","1","Number of raised analyst estimates of enterprise value regarding the next 4 quarters, where old and new estimates were made in the past 4 weeks","est_12m_ent_raisednum_4wks","2","DEU","{""id"":""analyst-analyst-estimates"",""name"":""Analyst Estimates""}","[]","MATRIX","TOP500","0"
"0","{""id"":""analyst"",""name"":""Analyst""}","1","{""id"":""analyst7"",""name"":""Broker Estimates""}","1","2026-07-01","1","Number of raised analyst estimates of enterprise value regarding the next 4 quarters, compared to the last weekly update","est_12m_ent_raised_1wk","2","DEU","{""id"":""analyst-analyst-estimates"",""name"":""Analyst Estimates""}","[]","MATRIX","TOP500","0"
"0","{""id"":""analyst"",""name"":""Analyst""}","0.5388","{""id"":""analyst7"",""name"":""Broker Estimates""}","1","2026-07-01","1","Standard deviation of analyst estimates of enterprise value regarding the next 4 quarters","est_12m_ent_std","2","DEU","{""id"":""analyst-analyst-estimates"",""name"":""Analyst Estimates""}","[]","MATRIX","TOP500","0"
"0","{""id"":""analyst"",""name"":""Analyst""}","0.5051","{""id"":""analyst7"",""name"":""Broker Estimates""}","1","2026-07-01","1","Standard deviation of the analyst estimate of enterprise value regarding the next 4 quarters, made in the last 28 days","est_12m_ent_std_28d","2","DEU","{""id"":""analyst-analyst-estimates"",""name"":""Analyst Estimates""}","[]","MATRIX","TOP500","0"
"0","{""id"":""analyst"",""name"":""Analyst""}","0.5373","{""id"":""analyst7"",""name"":""Broker Estimates""}","1","2026-07-01","1","Standard deviation of the analyst estimate of enterprise value regarding the next 4 quarters, made in the past 3 months","est_12m_ent_std_3mth_ago","2","DEU","{""id"":""analyst-analyst-estimates"",""name"":""Analyst Estimates""}","[]","MATRIX","TOP500","0"
"0","{""id"":""analyst"",""name"":""Analyst""}","0.5346","{""id"":""analyst7"",""name"":""Broker Estimates""}","1","2026-07-01","1","Standard deviation of the analyst estimate of enterprise value regarding the next 4 quarters, made in the past 4 weeks","est_12m_ent_std_4wks_ago","2","DEU","{""id"":""analyst-analyst-estimates"",""name"":""Analyst Estimates""}","[]","MATRIX","TOP500","0"
"0","{""id"":""analyst"",""name"":""Analyst""}","0.7199","{""id"":""analyst7"",""name"":""Broker Estimates""}","1","2026-07-01","1","Highest analyst estimate of GAAP earnings per share regarding the next 4 quarters","est_12m_gps_high","2","DEU","{""id"":""analyst-analyst-estimates"",""name"":""Analyst Estimates""}","[]","MATRIX","TOP500","0"
"0","{""id"":""analyst"",""name"":""Analyst""}","0.6817","{""id"":""analyst7"",""name"":""Broker Estimates""}","1","2026-07-01","1","Highest analyst estimate of GAAP earnings per share regarding the next 4 quarters, made in past 3 months","est_12m_gps_high_3mth_ago","2","DEU","{""id"":""analyst-analyst-estimates"",""name"":""Analyst Estimates""}","[]","MATRIX","TOP500","0"
"0","{""id"":""analyst"",""name"":""Analyst""}","0.6845","{""id"":""analyst7"",""name"":""Broker Estimates""}","1","2026-07-01","1","Highest analyst estimate of GAAP earnings per share regarding the next 4 quarters, made in the past 4 weeks","est_12m_gps_high_4wks_ago","2","DEU","{""id"":""analyst-analyst-estimates"",""name"":""Analyst Estimates""}","[]","MATRIX","TOP500","0"
"0","{""id"":""analyst"",""name"":""Analyst""}","0.7199","{""id"":""analyst7"",""name"":""Broker Estimates""}","1","2026-07-01","1","Lowest analyst estimate of GAAP earnings per share regarding the next 4 quarters","est_12m_gps_low","2","DEU","{""id"":""analyst-analyst-estimates"",""name"":""Analyst Estimates""}","[]","MATRIX","TOP500","0"
"0","{""id"":""analyst"",""name"":""Analyst""}","1","{""id"":""analyst7"",""name"":""Broker Estimates""}","1","2026-07-01","1","Count of unique IDs of industry participants. Industry stands for an aggregate view of all  equity clearance activity for the date, symbol, and transaction type in question.","est_12m_gps_lowerednum_1mth","2","DEU","{""id"":""analyst-analyst-estimates"",""name"":""Analyst Estimates""}","[]","MATRIX","TOP500","0"
"0","{""id"":""analyst"",""name"":""Analyst""}","1","{""id"":""analyst7"",""name"":""Broker Estimates""}","1","2026-07-01","1","Number of lowered analyst estimates of GAAP earnings per share regarding the next 4 quarters, where old and new estimates were made in the past 4 weeks","est_12m_gps_lowerednum_4wks","2","DEU","{""id"":""analyst-analyst-estimates"",""name"":""Analyst Estimates""}","[]","MATRIX","TOP500","0"
"0","{""id"":""analyst"",""name"":""Analyst""}","1","{""id"":""analyst7"",""name"":""Broker Estimates""}","1","2026-07-01","1","Count of unique IDs of industry participants. Industry stands for an aggregate view of all  equity clearance activity for the date, symbol, and transaction type in question.","est_12m_gps_lowered_1wk","2","DEU","{""id"":""analyst-analyst-estimates"",""name"":""Analyst Estimates""}","[]","MATRIX","TOP500","0"
"0","{""id"":""analyst"",""name"":""Analyst""}","0.6817","{""id"":""analyst7"",""name"":""Broker Estimates""}","1","2026-07-01","1","Lowest analyst estimate of GAAP earnings per share regarding the next 4 quarters, made in the past 3 months","est_12m_gps_low_3mth_ago","2","DEU","{""id"":""analyst-analyst-estimates"",""name"":""Analyst Estimates""}","[]","MATRIX","TOP500","0"
"0","{""id"":""analyst"",""name"":""Analyst""}","0.6845","{""id"":""analyst7"",""name"":""Broker Estimates""}","1","2026-07-01","1","Lowest analyst estimate of GAAP earnings per share regarding the next 4 quarters, made in the past 4 weeks","est_12m_gps_low_4wks_ago","2","DEU","{""id"":""analyst-analyst-estimates"",""name"":""Analyst Estimates""}","[]","MATRIX","TOP500","0"
"0","{""id"":""analyst"",""name"":""Analyst""}","0.7199","{""id"":""analyst7"",""name"":""Broker Estimates""}","1","2026-07-01","1","Mean analyst estimate of GAAP earnings per share regarding the next 4 quarters","est_12m_gps_mean","2","DEU","{""id"":""analyst-analyst-estimates"",""name"":""Analyst Estimates""}","[]","MATRIX","TOP500","0"
"0","{""id"":""analyst"",""name"":""Analyst""}","0.6769","{""id"":""analyst7"",""name"":""Broker Estimates""}","1","2026-07-01","1","Mean analyst estimate of GAAP earnings per share regarding the next 4 quarters, made in the last 28 days","est_12m_gps_mean_28d","2","DEU","{""id"":""analyst-analyst-estimates"",""name"":""Analyst Estimates""}","[]","MATRIX","TOP500","0"
"0","{""id"":""analyst"",""name"":""Analyst""}","0.6817","{""id"":""analyst7"",""name"":""Broker Estimates""}","1","2026-07-01","1","Mean analyst estimate of GAAP earnings per share regarding the next 4 quarters, made in the past 3 months","est_12m_gps_mean_3mth_ago","2","DEU","{""id"":""analyst-analyst-estimates"",""name"":""Analyst Estimates""}","[]","MATRIX","TOP500","0"
"0","{""id"":""analyst"",""name"":""Analyst""}","0.6845","{""id"":""analyst7"",""name"":""Broker Estimates""}","1","2026-07-01","1","Mean analyst estimate of GAAP earnings per share regarding the next 4 quarters, made in past 4 weeks","est_12m_gps_mean_4wks_ago","2","DEU","{""id"":""analyst-analyst-estimates"",""name"":""Analyst Estimates""}","[]","MATRIX","TOP500","0"
"0","{""id"":""analyst"",""name"":""Analyst""}","0.7199","{""id"":""analyst7"",""name"":""Broker Estimates""}","1","2026-07-01","1","Median analyst estimate of GAAP earnings per share regarding the next 4 quarters","est_12m_gps_median","2","DEU","{""id"":""analyst-analyst-estimates"",""name"":""Analyst Estimates""}","[]","MATRIX","TOP500","0"
"0","{""id"":""analyst"",""name"":""Analyst""}","0.6817","{""id"":""analyst7"",""name"":""Broker Estimates""}","1","2026-07-01","1","Median analyst estimate of GAAP earnings per share regarding the next 4 quarters, made in the past 3 months","est_12m_gps_median_3mth_ago","2","DEU","{""id"":""analyst-analyst-estimates"",""name"":""Analyst Estimates""}","[]","MATRIX","TOP500","0"
"0","{""id"":""analyst"",""name"":""Analyst""}","0.6845","{""id"":""analyst7"",""name"":""Broker Estimates""}","1","2026-07-01","1","Median analyst estimate of GAAP earnings per share regarding the next 4 quarters, made in past 4 weeks","est_12m_gps_median_4wks_ago","2","DEU","{""id"":""analyst-analyst-estimates"",""name"":""Analyst Estimates""}","[]","MATRIX","TOP500","0"
"0","{""id"":""analyst"",""name"":""Analyst""}","1","{""id"":""analyst7"",""name"":""Broker Estimates""}","1","2026-07-01","1","Number of analyst estimates of GAAP earnings per share regarding the next 4 quarters","est_12m_gps_num","2","DEU","{""id"":""analyst-analyst-estimates"",""name"":""Analyst Estimates""}","[]","MATRIX","TOP500","0"
"0","{""id"":""analyst"",""name"":""Analyst""}","1","{""id"":""analyst7"",""name"":""Broker Estimates""}","1","2026-07-01","1","Number of analyst estimates of GAAP earnings per share regarding the next 4 quarters, made in the last 28 days","est_12m_gps_num_28d","2","DEU","{""id"":""analyst-analyst-estimates"",""name"":""Analyst Estimates""}","[]","MATRIX","TOP500","0"
"0","{""id"":""analyst"",""name"":""Analyst""}","1","{""id"":""analyst7"",""name"":""Broker Estimates""}","1","2026-07-01","1","Number of analyst estimates of GAAP earnings per share regarding the next 4 quarters, made in past 3 months","est_12m_gps_num_3mth_ago","2","DEU","{""id"":""analyst-analyst-estimates"",""name"":""Analyst Estimates""}","[]","MATRIX","TOP500","0"
"0","{""id"":""analyst"",""name"":""Analyst""}","1","{""id"":""analyst7"",""name"":""Broker Estimates""}","1","2026-07-01","1","Number of analyst estimates of GAAP earnings per share regarding the next 4 quarters, where old and new estimates were made in the past 4 weeks","est_12m_gps_num_4wks_ago","2","DEU","{""id"":""analyst-analyst-estimates"",""name"":""Analyst Estimates""}","[]","MATRIX","TOP500","0"
"0","{""id"":""analyst"",""name"":""Analyst""}","1","{""id"":""analyst7"",""name"":""Broker Estimates""}","1","2026-07-01","1","Number of raised analyst estimates of GAAP earnings per share regarding the next 4 quarters, compared to the last monthly update","est_12m_gps_raisednum_1mth","2","DEU","{""id"":""analyst-analyst-estimates"",""name"":""Analyst Estimates""}","[]","MATRIX","TOP500","0"
"0","{""id"":""analyst"",""name"":""Analyst""}","1","{""id"":""analyst7"",""name"":""Broker Estimates""}","1","2026-07-01","1","Number of raised analyst estimates of GAAP earnings per share regarding the next 4 quarters, where old and new estimates were made in the past 4 weeks","est_12m_gps_raisednum_4wks","2","DEU","{""id"":""analyst-analyst-estimates"",""name"":""Analyst Estimates""}","[]","MATRIX","TOP500","0"
"0","{""id"":""analyst"",""name"":""Analyst""}","1","{""id"":""analyst7"",""name"":""Broker Estimates""}","1","2026-07-01","1","Number of raised analyst estimates of GAAP earnings per share regarding the next 4 quarters, compared to the last weekly update","est_12m_gps_raised_1wk","2","DEU","{""id"":""analyst-analyst-estimates"",""name"":""Analyst Estimates""}","[]","MATRIX","TOP500","0"
"0","{""id"":""analyst"",""name"":""Analyst""}","0.6761","{""id"":""analyst7"",""name"":""Broker Estimates""}","1","2026-07-01","1","Standard deviation of analyst estimates of GAAP earnings per share regarding the next 4 quarters","est_12m_gps_std","2","DEU","{""id"":""analyst-analyst-estimates"",""name"":""Analyst Estimates""}","[]","MATRIX","TOP500","0"
"0","{""id"":""analyst"",""name"":""Analyst""}","0.5862","{""id"":""analyst7"",""name"":""Broker Estimates""}","1","2026-07-01","1","Standard deviation of the analyst estimate of GAAP earnings per share regarding the next 4 quarters, made in the last 28 days","est_12m_gps_std_28d","2","DEU","{""id"":""analyst-analyst-estimates"",""name"":""Analyst Estimates""}","[]","MATRIX","TOP500","0"
"0","{""id"":""analyst"",""name"":""Analyst""}","0.6417","{""id"":""analyst7"",""name"":""Broker Estimates""}","1","2026-07-01","1","Standard deviation of the analyst estimate of GAAP earnings per share regarding the next 4 quarters, made in the past 3 months","est_12m_gps_std_3mth_ago","2","DEU","{""id"":""analyst-analyst-estimates"",""name"":""Analyst Estimates""}","[]","MATRIX","TOP500","0"
"0","{""id"":""analyst"",""name"":""Analyst""}","0.6388","{""id"":""analyst7"",""name"":""Broker Estimates""}","1","2026-07-01","1","Standard deviation of the analyst estimate of GAAP earnings per share regarding the next 4 quarters, made in the past 4 weeks","est_12m_gps_std_4wks_ago","2","DEU","{""id"":""analyst-analyst-estimates"",""name"":""Analyst Estimates""}","[]","MATRIX","TOP500","0"
"0","{""id"":""analyst"",""name"":""Analyst""}","0.6245","{""id"":""analyst7"",""name"":""Broker Estimates""}","1","2026-07-01","1","Highest analyst estimate of gross margin in percent regarding the next 4 quarters","est_12m_grm_high","2","DEU","{""id"":""analyst-analyst-estimates"",""name"":""Analyst Estimates""}","[]","MATRIX","TOP500","0"
"0","{""id"":""analyst"",""name"":""Analyst""}","0.584","{""id"":""analyst7"",""name"":""Broker Estimates""}","1","2026-07-01","1","Highest analyst estimate of gross margin in percent regarding the next 4 quarters, made in the past 3 months","est_12m_grm_high_3mth_ago","2","DEU","{""id"":""analyst-analyst-estimates"",""name"":""Analyst Estimates""}","[]","MATRIX","TOP500","0"
"0","{""id"":""analyst"",""name"":""Analyst""}","0.5902","{""id"":""analyst7"",""name"":""Broker Estimates""}","1","2026-07-01","1","Highest analyst estimate of gross margin in percent regarding the next 4 quarters, made in the past 4 weeks","est_12m_grm_high_4wks_ago","2","DEU","{""id"":""analyst-analyst-estimates"",""name"":""Analyst Estimates""}","[]","MATRIX","TOP500","0"
"0","{""id"":""analyst"",""name"":""Analyst""}","0.6245","{""id"":""analyst7"",""name"":""Broker Estimates""}","1","2026-07-01","1","Lowest analyst estimate of gross margin in percent regarding the next 4 quarters","est_12m_grm_low","2","DEU","{""id"":""analyst-analyst-estimates"",""name"":""Analyst Estimates""}","[]","MATRIX","TOP500","0"
"0","{""id"":""analyst"",""name"":""Analyst""}","1","{""id"":""analyst7"",""name"":""Broker Estimates""}","1","2026-07-01","1","Count of unique IDs of industry participants. Industry stands for an aggregate view of all  equity clearance activity for the date, symbol, and transaction type in question.","est_12m_grm_lowerednum_1mth","2","DEU","{""id"":""analyst-analyst-estimates"",""name"":""Analyst Estimates""}","[]","MATRIX","TOP500","0"
"0","{""id"":""analyst"",""name"":""Analyst""}","1","{""id"":""analyst7"",""name"":""Broker Estimates""}","1","2026-07-01","1","Number of lowered analyst estimates of gross margin in percent regarding the next 4 quarters, where old and new estimates were made in the past 4 weeks","est_12m_grm_lowerednum_4wks","2","DEU","{""id"":""analyst-analyst-estimates"",""name"":""Analyst Estimates""}","[]","MATRIX","TOP500","0"
"0","{""id"":""analyst"",""name"":""Analyst""}","1","{""id"":""analyst7"",""name"":""Broker Estimates""}","1","2026-07-01","1","Number of lowered analyst estimate of gross margin in percent regarding the next 4 quarters, since last weekly update","est_12m_grm_lowered_1wk","2","DEU","{""id"":""analyst-analyst-estimates"",""name"":""Analyst Estimates""}","[]","MATRIX","TOP500","0"
"0","{""id"":""analyst"",""name"":""Analyst""}","0.584","{""id"":""analyst7"",""name"":""Broker Estimates""}","1","2026-07-01","1","Lowest analyst estimate of gross margin in percent regarding the next 4 quarters, made in the past 3 months","est_12m_grm_low_3mth_ago","2","DEU","{""id"":""analyst-analyst-estimates"",""name"":""Analyst Estimates""}","[]","MATRIX","TOP500","0"
"0","{""id"":""analyst"",""name"":""Analyst""}","0.5902","{""id"":""analyst7"",""name"":""Broker Estimates""}","1","2026-07-01","1","Lowest analyst estimate of gross margin in percent regarding the next 4 quarters, made in the past 4 weeks","est_12m_grm_low_4wks_ago","2","DEU","{""id"":""analyst-analyst-estimates"",""name"":""Analyst Estimates""}","[]","MATRIX","TOP500","0"
"0","{""id"":""analyst"",""name"":""Analyst""}","0.6245","{""id"":""analyst7"",""name"":""Broker Estimates""}","1","2026-07-01","1","Mean analyst estimate of gross margin in percent regarding the next 4 quarters","est_12m_grm_mean","2","DEU","{""id"":""analyst-analyst-estimates"",""name"":""Analyst Estimates""}","[]","MATRIX","TOP500","0"
"0","{""id"":""analyst"",""name"":""Analyst""}","0.5694","{""id"":""analyst7"",""name"":""Broker Estimates""}","1","2026-07-01","1","Mean analyst estimate of gross margin in percent regarding the next 4 quarters, made in the last 28 days","est_12m_grm_mean_28d","2","DEU","{""id"":""analyst-analyst-estimates"",""name"":""Analyst Estimates""}","[]","MATRIX","TOP500","0"
"0","{""id"":""analyst"",""name"":""Analyst""}","0.584","{""id"":""analyst7"",""name"":""Broker Estimates""}","1","2026-07-01","1","Mean analyst estimate of gross margin in percent regarding the next 4 quarters, made in past 3 months","est_12m_grm_mean_3mth_ago","2","DEU","{""id"":""analyst-analyst-estimates"",""name"":""Analyst Estimates""}","[]","MATRIX","TOP500","0"
"0","{""id"":""analyst"",""name"":""Analyst""}","0.5902","{""id"":""analyst7"",""name"":""Broker Estimates""}","1","2026-07-01","1","Mean analyst estimate of gross margin in percent regarding the next 4 quarters, made in the past 4 weeks","est_12m_grm_mean_4wks_ago","2","DEU","{""id"":""analyst-analyst-estimates"",""name"":""Analyst Estimates""}","[]","MATRIX","TOP500","0"
"0","{""id"":""analyst"",""name"":""Analyst""}","0.6245","{""id"":""analyst7"",""name"":""Broker Estimates""}","1","2026-07-01","1","Median analyst estimate of gross margin in percent regarding the next 4 quarters","est_12m_grm_median","2","DEU","{""id"":""analyst-analyst-estimates"",""name"":""Analyst Estimates""}","[]","MATRIX","TOP500","0"
"0","{""id"":""analyst"",""name"":""Analyst""}","0.584","{""id"":""analyst7"",""name"":""Broker Estimates""}","1","2026-07-01","1","Median analyst estimate of gross margin in percent regarding the next 4 quarters, made in past 3 months","est_12m_grm_median_3mth_ago","2","DEU","{""id"":""analyst-analyst-estimates"",""name"":""Analyst Estimates""}","[]","MATRIX","TOP500","0"
"0","{""id"":""analyst"",""name"":""Analyst""}","0.5902","{""id"":""analyst7"",""name"":""Broker Estimates""}","1","2026-07-01","1","Median analyst estimate of gross margin in percent regarding the next 4 quarters, made in the past 4 weeks","est_12m_grm_median_4wks_ago","2","DEU","{""id"":""analyst-analyst-estimates"",""name"":""Analyst Estimates""}","[]","MATRIX","TOP500","0"
"0","{""id"":""analyst"",""name"":""Analyst""}","1","{""id"":""analyst7"",""name"":""Broker Estimates""}","1","2026-07-01","1","Number of analyst estimates of gross margin in percent regarding the next 4 quarters","est_12m_grm_num","2","DEU","{""id"":""analyst-analyst-estimates"",""name"":""Analyst Estimates""}","[]","MATRIX","TOP500","0"
"0","{""id"":""analyst"",""name"":""Analyst""}","1","{""id"":""analyst7"",""name"":""Broker Estimates""}","1","2026-07-01","1","Number of analyst estimates of gross margin in percent regarding the next 4 quarters, made in the last 28 days","est_12m_grm_num_28d","2","DEU","{""id"":""analyst-analyst-estimates"",""name"":""Analyst Estimates""}","[]","MATRIX","TOP500","0"
"0","{""id"":""analyst"",""name"":""Analyst""}","1","{""id"":""analyst7"",""name"":""Broker Estimates""}","1","2026-07-01","1","Number of analyst estimates of gross margin in percent regarding the next 4 quarters, made in the past 3 months","est_12m_grm_num_3mth_ago","2","DEU","{""id"":""analyst-analyst-estimates"",""name"":""Analyst Estimates""}","[]","MATRIX","TOP500","0"
"0","{""id"":""analyst"",""name"":""Analyst""}","1","{""id"":""analyst7"",""name"":""Broker Estimates""}","1","2026-07-01","1","Number of analyst estimates of gross margin in percent regarding the next 4 quarters, where old and new estimates were made in the past 4 weeks","est_12m_grm_num_4wks_ago","2","DEU","{""id"":""analyst-analyst-estimates"",""name"":""Analyst Estimates""}","[]","MATRIX","TOP500","0"
"0","{""id"":""analyst"",""name"":""Analyst""}","1","{""id"":""analyst7"",""name"":""Broker Estimates""}","1","2026-07-01","1","Number of raised analyst estimates of gross margin in percent regarding the next 4 quarters, compared to the last monthly update","est_12m_grm_raisednum_1mth","2","DEU","{""id"":""analyst-analyst-estimates"",""name"":""Analyst Estimates""}","[]","MATRIX","TOP500","0"
"0","{""id"":""analyst"",""name"":""Analyst""}","1","{""id"":""analyst7"",""name"":""Broker Estimates""}","1","2026-07-01","1","Number of raised analyst estimates of gross margin in percent regarding the next 4 quarters, where old and new estimates were made in the past 4 weeks","est_12m_grm_raisednum_4wks","2","DEU","{""id"":""analyst-analyst-estimates"",""name"":""Analyst Estimates""}","[]","MATRIX","TOP500","0"
"0","{""id"":""analyst"",""name"":""Analyst""}","1","{""id"":""analyst7"",""name"":""Broker Estimates""}","1","2026-07-01","1","Number of raised analyst estimates of gross margin in percent regarding the next 4 quarters, compared to the last weekly update","est_12m_grm_raised_1wk","2","DEU","{""id"":""analyst-analyst-estimates"",""name"":""Analyst Estimates""}","[]","MATRIX","TOP500","0"
"0","{""id"":""analyst"",""name"":""Analyst""}","0.4481","{""id"":""analyst7"",""name"":""Broker Estimates""}","1","2026-07-01","1","Standard deviation of analyst estimates of gross margin in percent regarding the next 4 quarters","est_12m_grm_std","2","DEU","{""id"":""analyst-analyst-estimates"",""name"":""Analyst Estimates""}","[]","MATRIX","TOP500","0"
"0","{""id"":""analyst"",""name"":""Analyst""}","0.3373","{""id"":""analyst7"",""name"":""Broker Estimates""}","1","2026-07-01","1","Standard deviation of the analyst estimates of gross margin in percent regarding the next 4 quarters, made in the last 28 days","est_12m_grm_std_28d","2","DEU","{""id"":""analyst-analyst-estimates"",""name"":""Analyst Estimates""}","[]","MATRIX","TOP500","0"
"0","{""id"":""analyst"",""name"":""Analyst""}","0.451","{""id"":""analyst7"",""name"":""Broker Estimates""}","1","2026-07-01","1","Standard deviation of the analyst estimates of gross margin in percent regarding the next 4 quarters, made in past 3 months","est_12m_grm_std_3mth_ago","2","DEU","{""id"":""analyst-analyst-estimates"",""name"":""Analyst Estimates""}","[]","MATRIX","TOP500","0"
"0","{""id"":""analyst"",""name"":""Analyst""}","0.4457","{""id"":""analyst7"",""name"":""Broker Estimates""}","1","2026-07-01","1","Standard deviation of the analyst estimate of gross margin in percent regarding the next 4 quarters, made in the past 4 weeks","est_12m_grm_std_4wks_ago","2","DEU","{""id"":""analyst-analyst-estimates"",""name"":""Analyst Estimates""}","[]","MATRIX","TOP500","0"
"0","{""id"":""analyst"",""name"":""Analyst""}","0.6869","{""id"":""analyst7"",""name"":""Broker Estimates""}","1","2026-07-01","1","Highest analyst estimate of net asset value regarding the next 4 quarters","est_12m_nav_high","2","DEU","{""id"":""analyst-analyst-estimates"",""name"":""Analyst Estimates""}","[]","MATRIX","TOP500","0"
"0","{""id"":""analyst"",""name"":""Analyst""}","0.6717","{""id"":""analyst7"",""name"":""Broker Estimates""}","1","2026-07-01","1","Highest analyst estimate of net asset value regarding the next 4 quarters, made in past 3 months","est_12m_nav_high_3mth_ago","2","DEU","{""id"":""analyst-analyst-estimates"",""name"":""Analyst Estimates""}","[]","MATRIX","TOP500","0"
"0","{""id"":""analyst"",""name"":""Analyst""}","0.6755","{""id"":""analyst7"",""name"":""Broker Estimates""}","1","2026-07-01","1","Highest analyst estimate of net asset value regarding the next 4 quarters, made in the past 4 weeks","est_12m_nav_high_4wks_ago","2","DEU","{""id"":""analyst-analyst-estimates"",""name"":""Analyst Estimates""}","[]","MATRIX","TOP500","0"
"0","{""id"":""analyst"",""name"":""Analyst""}","0.6869","{""id"":""analyst7"",""name"":""Broker Estimates""}","1","2026-07-01","1","Lowest analyst estimate of net asset value regarding the next 4 quarters","est_12m_nav_low","2","DEU","{""id"":""analyst-analyst-estimates"",""name"":""Analyst Estimates""}","[]","MATRIX","TOP500","0"
"0","{""id"":""analyst"",""name"":""Analyst""}","1","{""id"":""analyst7"",""name"":""Broker Estimates""}","1","2026-07-01","1","Count of unique IDs of industry participants. Industry stands for an aggregate view of all  equity clearance activity for the date, symbol, and transaction type in question.","est_12m_nav_lowerednum_1mth","2","DEU","{""id"":""analyst-analyst-estimates"",""name"":""Analyst Estimates""}","[]","MATRIX","TOP500","0"
"0","{""id"":""analyst"",""name"":""Analyst""}","1","{""id"":""analyst7"",""name"":""Broker Estimates""}","1","2026-07-01","1","Number of lowered analyst estimates of net asset value regarding the next 4 quarters, where old and new estimates were made in past 4 weeks","est_12m_nav_lowerednum_4wks","2","DEU","{""id"":""analyst-analyst-estimates"",""name"":""Analyst Estimates""}","[]","MATRIX","TOP500","0"
"0","{""id"":""analyst"",""name"":""Analyst""}","1","{""id"":""analyst7"",""name"":""Broker Estimates""}","1","2026-07-01","1","Count of unique IDs of industry participants. Industry stands for an aggregate view of all  equity clearance activity for the date, symbol, and transaction type in question.","est_12m_nav_lowered_1wk","2","DEU","{""id"":""analyst-analyst-estimates"",""name"":""Analyst Estimates""}","[]","MATRIX","TOP500","0"
"0","{""id"":""analyst"",""name"":""Analyst""}","0.6717","{""id"":""analyst7"",""name"":""Broker Estimates""}","1","2026-07-01","1","Lowest analyst estimate of net asset value regarding the next 4 quarters, made in the past 3 months","est_12m_nav_low_3mth_ago","2","DEU","{""id"":""analyst-analyst-estimates"",""name"":""Analyst Estimates""}","[]","MATRIX","TOP500","0"
"0","{""id"":""analyst"",""name"":""Analyst""}","0.6755","{""id"":""analyst7"",""name"":""Broker Estimates""}","1","2026-07-01","1","Lowest analyst estimate of net asset value regarding the next 4 quarters, made in the past 4 weeks","est_12m_nav_low_4wks_ago","2","DEU","{""id"":""analyst-analyst-estimates"",""name"":""Analyst Estimates""}","[]","MATRIX","TOP500","0"
"0","{""id"":""analyst"",""name"":""Analyst""}","0.6869","{""id"":""analyst7"",""name"":""Broker Estimates""}","1","2026-07-01","1","Mean analyst estimate of net asset value regarding the next 4 quarters","est_12m_nav_mean","2","DEU","{""id"":""analyst-analyst-estimates"",""name"":""Analyst Estimates""}","[]","MATRIX","TOP500","0"
"0","{""id"":""analyst"",""name"":""Analyst""}","0.665","{""id"":""analyst7"",""name"":""Broker Estimates""}","1","2026-07-01","1","Mean analyst estimate of net asset value regarding the next 4 quarters, made in the last 28 days","est_12m_nav_mean_28d","2","DEU","{""id"":""analyst-analyst-estimates"",""name"":""Analyst Estimates""}","[]","MATRIX","TOP500","0"
"0","{""id"":""analyst"",""name"":""Analyst""}","0.6717","{""id"":""analyst7"",""name"":""Broker Estimates""}","1","2026-07-01","1","Mean analyst estimate of net asset value regarding the next 4 quarters, made in past 3 months","est_12m_nav_mean_3mth_ago","2","DEU","{""id"":""analyst-analyst-estimates"",""name"":""Analyst Estimates""}","[]","MATRIX","TOP500","0"
"0","{""id"":""analyst"",""name"":""Analyst""}","0.6755","{""id"":""analyst7"",""name"":""Broker Estimates""}","1","2026-07-01","1","Mean analyst estimate of net asset value regarding the next 4 quarters, made in the past 4 weeks","est_12m_nav_mean_4wks_ago","2","DEU","{""id"":""analyst-analyst-estimates"",""name"":""Analyst Estimates""}","[]","MATRIX","TOP500","0"
"0","{""id"":""analyst"",""name"":""Analyst""}","0.6869","{""id"":""analyst7"",""name"":""Broker Estimates""}","1","2026-07-01","1","Median analyst estimate of net asset value regarding the next 4 quarters","est_12m_nav_median","2","DEU","{""id"":""analyst-analyst-estimates"",""name"":""Analyst Estimates""}","[]","MATRIX","TOP500","0"
"0","{""id"":""analyst"",""name"":""Analyst""}","0.6717","{""id"":""analyst7"",""name"":""Broker Estimates""}","1","2026-07-01","1","Median analyst estimate of net asset value regarding the next 4 quarters, made in the past 3 months","est_12m_nav_median_3mth_ago","2","DEU","{""id"":""analyst-analyst-estimates"",""name"":""Analyst Estimates""}","[]","MATRIX","TOP500","0"
"0","{""id"":""analyst"",""name"":""Analyst""}","0.6755","{""id"":""analyst7"",""name"":""Broker Estimates""}","1","2026-07-01","1","Median analyst estimate of net asset value regarding the next 4 quarters, made in the past 4 weeks","est_12m_nav_median_4wks_ago","2","DEU","{""id"":""analyst-analyst-estimates"",""name"":""Analyst Estimates""}","[]","MATRIX","TOP500","0"
"0","{""id"":""analyst"",""name"":""Analyst""}","1","{""id"":""analyst7"",""name"":""Broker Estimates""}","1","2026-07-01","1","Number of analyst estimates of net asset value regarding the next 4 quarters","est_12m_nav_num","2","DEU","{""id"":""analyst-analyst-estimates"",""name"":""Analyst Estimates""}","[]","MATRIX","TOP500","0"
"0","{""id"":""analyst"",""name"":""Analyst""}","1","{""id"":""analyst7"",""name"":""Broker Estimates""}","1","2026-07-01","1","Number of analyst estimates of net asset value regarding the next 4 quarters, made in the last 28 days","est_12m_nav_num_28d","2","DEU","{""id"":""analyst-analyst-estimates"",""name"":""Analyst Estimates""}","[]","MATRIX","TOP500","0"
"0","{""id"":""analyst"",""name"":""Analyst""}","1","{""id"":""analyst7"",""name"":""Broker Estimates""}","1","2026-07-01","1","Number of analyst estimates of net asset value regarding the next 4 quarters, made in the past 3 months","est_12m_nav_num_3mth_ago","2","DEU","{""id"":""analyst-analyst-estimates"",""name"":""Analyst Estimates""}","[]","MATRIX","TOP500","0"
"0","{""id"":""analyst"",""name"":""Analyst""}","1","{""id"":""analyst7"",""name"":""Broker Estimates""}","1","2026-07-01","1","Number of analyst estimates of net asset value regarding the next 4 quarters, where old and new estimates were made in the past 4 weeks","est_12m_nav_num_4wks_ago","2","DEU","{""id"":""analyst-analyst-estimates"",""name"":""Analyst Estimates""}","[]","MATRIX","TOP500","0"
"0","{""id"":""analyst"",""name"":""Analyst""}","1","{""id"":""analyst7"",""name"":""Broker Estimates""}","1","2026-07-01","1","Number of raised analyst estimates of net asset value regarding the next 4 quarters, compared to the last monthly update","est_12m_nav_raisednum_1mth","2","DEU","{""id"":""analyst-analyst-estimates"",""name"":""Analyst Estimates""}","[]","MATRIX","TOP500","0"
"0","{""id"":""analyst"",""name"":""Analyst""}","1","{""id"":""analyst7"",""name"":""Broker Estimates""}","1","2026-07-01","1","Number of raised analyst estimates of net asset value regarding the next 4 quarters, where old and new estimates were made in past 4 weeks","est_12m_nav_raisednum_4wks","2","DEU","{""id"":""analyst-analyst-estimates"",""name"":""Analyst Estimates""}","[]","MATRIX","TOP500","0"
"0","{""id"":""analyst"",""name"":""Analyst""}","1","{""id"":""analyst7"",""name"":""Broker Estimates""}","1","2026-07-01","1","Number of raised analyst estimate of net asset value regarding the next 4 quarters, compared to last weekly update","est_12m_nav_raised_1wk","2","DEU","{""id"":""analyst-analyst-estimates"",""name"":""Analyst Estimates""}","[]","MATRIX","TOP500","0"
"0","{""id"":""analyst"",""name"":""Analyst""}","0.5967","{""id"":""analyst7"",""name"":""Broker Estimates""}","1","2026-07-01","1","Standard deviation of analyst estimates of net asset value regarding the next 4 quarters","est_12m_nav_std","2","DEU","{""id"":""analyst-analyst-estimates"",""name"":""Analyst Estimates""}","[]","MATRIX","TOP500","0"
"0","{""id"":""analyst"",""name"":""Analyst""}","0.5258","{""id"":""analyst7"",""name"":""Broker Estimates""}","1","2026-07-01","1","Standard deviation of the analyst estimate of net asset value regarding the next 4 quarters, made in the last 28 days","est_12m_nav_std_28d","2","DEU","{""id"":""analyst-analyst-estimates"",""name"":""Analyst Estimates""}","[]","MATRIX","TOP500","0"
"0","{""id"":""analyst"",""name"":""Analyst""}","0.5934","{""id"":""analyst7"",""name"":""Broker Estimates""}","1","2026-07-01","1","Standard deviation of the analyst estimates of net asset value regarding the next 4 quarters, made in the past 3 months","est_12m_nav_std_3mth_ago","2","DEU","{""id"":""analyst-analyst-estimates"",""name"":""Analyst Estimates""}","[]","MATRIX","TOP500","0"
"0","{""id"":""analyst"",""name"":""Analyst""}","0.587","{""id"":""analyst7"",""name"":""Broker Estimates""}","1","2026-07-01","1","Standard deviation of the analyst estimate of net asset value regarding the next 4 quarters, made in the past 4 weeks","est_12m_nav_std_4wks_ago","2","DEU","{""id"":""analyst-analyst-estimates"",""name"":""Analyst Estimates""}","[]","MATRIX","TOP500","0"
"0","{""id"":""analyst"",""name"":""Analyst""}","0.7341","{""id"":""analyst7"",""name"":""Broker Estimates""}","1","2026-07-01","1","Highest analyst estimate of net income regarding the next 4 quarters","est_12m_net_high","2","DEU","{""id"":""analyst-analyst-estimates"",""name"":""Analyst Estimates""}","[]","MATRIX","TOP500","0"
"0","{""id"":""analyst"",""name"":""Analyst""}","0.7095","{""id"":""analyst7"",""name"":""Broker Estimates""}","1","2026-07-01","1","Highest analyst estimate of net income regarding the next 4 quarters, made in past 3 months","est_12m_net_high_3mth_ago","2","DEU","{""id"":""analyst-analyst-estimates"",""name"":""Analyst Estimates""}","[]","MATRIX","TOP500","0"
"0","{""id"":""analyst"",""name"":""Analyst""}","0.7102","{""id"":""analyst7"",""name"":""Broker Estimates""}","1","2026-07-01","1","Highest analyst estimate of net income regarding the next 4 quarters, made in the past 4 weeks","est_12m_net_high_4wks_ago","2","DEU","{""id"":""analyst-analyst-estimates"",""name"":""Analyst Estimates""}","[]","MATRIX","TOP500","0"
"0","{""id"":""analyst"",""name"":""Analyst""}","0.7341","{""id"":""analyst7"",""name"":""Broker Estimates""}","1","2026-07-01","1","Lowest analyst estimate of net income regarding the next 4 quarters","est_12m_net_low","2","DEU","{""id"":""analyst-analyst-estimates"",""name"":""Analyst Estimates""}","[]","MATRIX","TOP500","0"
"0","{""id"":""analyst"",""name"":""Analyst""}","1","{""id"":""analyst7"",""name"":""Broker Estimates""}","1","2026-07-01","1","Count of unique IDs of industry participants. Industry stands for an aggregate view of all  equity clearance activity for the date, symbol, and transaction type in question.","est_12m_net_lowerednum_1mth","2","DEU","{""id"":""analyst-analyst-estimates"",""name"":""Analyst Estimates""}","[]","MATRIX","TOP500","0"
"0","{""id"":""analyst"",""name"":""Analyst""}","1","{""id"":""analyst7"",""name"":""Broker Estimates""}","1","2026-07-01","1","Number of lowered analyst estimates of net income regarding the next 4 quarters, where old and new estimates were made in the past 4 weeks","est_12m_net_lowerednum_4wks","2","DEU","{""id"":""analyst-analyst-estimates"",""name"":""Analyst Estimates""}","[]","MATRIX","TOP500","0"
"0","{""id"":""analyst"",""name"":""Analyst""}","1","{""id"":""analyst7"",""name"":""Broker Estimates""}","1","2026-07-01","1","Count of unique IDs of industry participants. Industry stands for an aggregate view of all  equity clearance activity for the date, symbol, and transaction type in question.","est_12m_net_lowered_1wk","2","DEU","{""id"":""analyst-analyst-estimates"",""name"":""Analyst Estimates""}","[]","MATRIX","TOP500","0"
"0","{""id"":""analyst"",""name"":""Analyst""}","0.7095","{""id"":""analyst7"",""name"":""Broker Estimates""}","1","2026-07-01","1","Lowest analyst estimate of net income regarding the next 4 quarters, made in the past 3 months","est_12m_net_low_3mth_ago","2","DEU","{""id"":""analyst-analyst-estimates"",""name"":""Analyst Estimates""}","[]","MATRIX","TOP500","0"
"0","{""id"":""analyst"",""name"":""Analyst""}","0.7102","{""id"":""analyst7"",""name"":""Broker Estimates""}","1","2026-07-01","1","Lowest analyst estimate of net income regarding the next 4 quarters, made in the past 4 weeks","est_12m_net_low_4wks_ago","2","DEU","{""id"":""analyst-analyst-estimates"",""name"":""Analyst Estimates""}","[]","MATRIX","TOP500","0"
"0","{""id"":""analyst"",""name"":""Analyst""}","0.7341","{""id"":""analyst7"",""name"":""Broker Estimates""}","1","2026-07-01","1","Mean analyst estimate of net income regarding the next 4 quarters","est_12m_net_mean","2","DEU","{""id"":""analyst-analyst-estimates"",""name"":""Analyst Estimates""}","[]","MATRIX","TOP500","0"
"0","{""id"":""analyst"",""name"":""Analyst""}","0.7024","{""id"":""analyst7"",""name"":""Broker Estimates""}","1","2026-07-01","1","Mean analyst estimate of net income regarding the next 4 quarters, made in the last 28 days","est_12m_net_mean_28d","2","DEU","{""id"":""analyst-analyst-estimates"",""name"":""Analyst Estimates""}","[]","MATRIX","TOP500","0"
"0","{""id"":""analyst"",""name"":""Analyst""}","0.7095","{""id"":""analyst7"",""name"":""Broker Estimates""}","1","2026-07-01","1","Mean analyst estimate of net income regarding the next 4 quarters, made in the past 3 months","est_12m_net_mean_3mth_ago","2","DEU","{""id"":""analyst-analyst-estimates"",""name"":""Analyst Estimates""}","[]","MATRIX","TOP500","0"
"0","{""id"":""analyst"",""name"":""Analyst""}","0.7102","{""id"":""analyst7"",""name"":""Broker Estimates""}","1","2026-07-01","1","Mean analyst estimate of net income regarding the next 4 quarters, made in past 4 weeks","est_12m_net_mean_4wks_ago","2","DEU","{""id"":""analyst-analyst-estimates"",""name"":""Analyst Estimates""}","[]","MATRIX","TOP500","0"
"0","{""id"":""analyst"",""name"":""Analyst""}","0.7341","{""id"":""analyst7"",""name"":""Broker Estimates""}","1","2026-07-01","1","Median analyst estimate of net income regarding the next 4 quarters","est_12m_net_median","2","DEU","{""id"":""analyst-analyst-estimates"",""name"":""Analyst Estimates""}","[]","MATRIX","TOP500","0"
"0","{""id"":""analyst"",""name"":""Analyst""}","0.7095","{""id"":""analyst7"",""name"":""Broker Estimates""}","1","2026-07-01","1","Median analyst estimate of net income regarding the next 4 quarters, made in the past 3 months","est_12m_net_median_3mth_ago","2","DEU","{""id"":""analyst-analyst-estimates"",""name"":""Analyst Estimates""}","[]","MATRIX","TOP500","0"
"0","{""id"":""analyst"",""name"":""Analyst""}","0.7102","{""id"":""analyst7"",""name"":""Broker Estimates""}","1","2026-07-01","1","Median analyst estimate of net income regarding the next 4 quarters, made in the past 4 weeks","est_12m_net_median_4wks_ago","2","DEU","{""id"":""analyst-analyst-estimates"",""name"":""Analyst Estimates""}","[]","MATRIX","TOP500","0"
"0","{""id"":""analyst"",""name"":""Analyst""}","1","{""id"":""analyst7"",""name"":""Broker Estimates""}","1","2026-07-01","1","Number of analyst estimates of net income regarding the next 4 quarters","est_12m_net_num","2","DEU","{""id"":""analyst-analyst-estimates"",""name"":""Analyst Estimates""}","[]","MATRIX","TOP500","0"
"0","{""id"":""analyst"",""name"":""Analyst""}","1","{""id"":""analyst7"",""name"":""Broker Estimates""}","1","2026-07-01","1","Number of analyst estimates of net income regarding the next 4 quarters, made in the last 28 days","est_12m_net_num_28d","2","DEU","{""id"":""analyst-analyst-estimates"",""name"":""Analyst Estimates""}","[]","MATRIX","TOP500","0"
"0","{""id"":""analyst"",""name"":""Analyst""}","1","{""id"":""analyst7"",""name"":""Broker Estimates""}","1","2026-07-01","1","Number of analyst estimates of net income regarding the next 4 quarters, made in the past 3 months","est_12m_net_num_3mth_ago","2","DEU","{""id"":""analyst-analyst-estimates"",""name"":""Analyst Estimates""}","[]","MATRIX","TOP500","0"
"0","{""id"":""analyst"",""name"":""Analyst""}","1","{""id"":""analyst7"",""name"":""Broker Estimates""}","1","2026-07-01","1","Number of analyst estimates of net income regarding the next 4 quarters, where old and new estimates were made in the past 4 weeks","est_12m_net_num_4wks_ago","2","DEU","{""id"":""analyst-analyst-estimates"",""name"":""Analyst Estimates""}","[]","MATRIX","TOP500","0"
"0","{""id"":""analyst"",""name"":""Analyst""}","1","{""id"":""analyst7"",""name"":""Broker Estimates""}","1","2026-07-01","1","Number of raised analyst estimates of net income regarding the next 4 quarters, compared to the last monthly update","est_12m_net_raisednum_1mth","2","DEU","{""id"":""analyst-analyst-estimates"",""name"":""Analyst Estimates""}","[]","MATRIX","TOP500","0"
"0","{""id"":""analyst"",""name"":""Analyst""}","1","{""id"":""analyst7"",""name"":""Broker Estimates""}","1","2026-07-01","1","Number of raised analyst estimates of net income regarding the next 4 quarters, where old and new estimates were made in past 4 weeks","est_12m_net_raisednum_4wks","2","DEU","{""id"":""analyst-analyst-estimates"",""name"":""Analyst Estimates""}","[]","MATRIX","TOP500","0"
"0","{""id"":""analyst"",""name"":""Analyst""}","1","{""id"":""analyst7"",""name"":""Broker Estimates""}","1","2026-07-01","1","Number of raised analyst estimates of net income regarding the next 4 quarters, compared to the last weekly update","est_12m_net_raised_1wk","2","DEU","{""id"":""analyst-analyst-estimates"",""name"":""Analyst Estimates""}","[]","MATRIX","TOP500","0"
"0","{""id"":""analyst"",""name"":""Analyst""}","0.6948","{""id"":""analyst7"",""name"":""Broker Estimates""}","1","2026-07-01","1","Standard deviation of analyst estimate of net income regarding the next 4 quarters","est_12m_net_std","2","DEU","{""id"":""analyst-analyst-estimates"",""name"":""Analyst Estimates""}","[]","MATRIX","TOP500","0"
"0","{""id"":""analyst"",""name"":""Analyst""}","0.6252","{""id"":""analyst7"",""name"":""Broker Estimates""}","1","2026-07-01","1","Standard deviation of the analyst estimate of net income regarding the next 4 quarters, made in the last 28 days","est_12m_net_std_28d","2","DEU","{""id"":""analyst-analyst-estimates"",""name"":""Analyst Estimates""}","[]","MATRIX","TOP500","0"
"0","{""id"":""analyst"",""name"":""Analyst""}","0.6747","{""id"":""analyst7"",""name"":""Broker Estimates""}","1","2026-07-01","1","Standard deviation of the analyst estimate of net income regarding the next 4 quarters, made in the past 3 months","est_12m_net_std_3mth_ago","2","DEU","{""id"":""analyst-analyst-estimates"",""name"":""Analyst Estimates""}","[]","MATRIX","TOP500","0"
"0","{""id"":""analyst"",""name"":""Analyst""}","0.6748","{""id"":""analyst7"",""name"":""Broker Estimates""}","1","2026-07-01","1","Standard deviation of the analyst estimate of net income regarding the next 4 quarters, made in the past 4 weeks","est_12m_net_std_4wks_ago","2","DEU","{""id"":""analyst-analyst-estimates"",""name"":""Analyst Estimates""}","[]","MATRIX","TOP500","0"
"0","{""id"":""analyst"",""name"":""Analyst""}","0.6456","{""id"":""analyst7"",""name"":""Broker Estimates""}","1","2026-07-01","1","Highest analyst estimate of operating profit regarding the next 4 quarters","est_12m_opr_high","2","DEU","{""id"":""analyst-analyst-estimates"",""name"":""Analyst Estimates""}","[]","MATRIX","TOP500","0"
"0","{""id"":""analyst"",""name"":""Analyst""}","0.4969","{""id"":""analyst7"",""name"":""Broker Estimates""}","1","2026-07-01","1","Highest analyst estimate of operating profit regarding the next 4 quarters, made in the past 3 months","est_12m_opr_high_3mth_ago","2","DEU","{""id"":""analyst-analyst-estimates"",""name"":""Analyst Estimates""}","[]","MATRIX","TOP500","0"
"0","{""id"":""analyst"",""name"":""Analyst""}","0.5144","{""id"":""analyst7"",""name"":""Broker Estimates""}","1","2026-07-01","1","Highest analyst estimate of operating profit regarding the next 4 quarters, made in the past 4 weeks","est_12m_opr_high_4wks_ago","2","DEU","{""id"":""analyst-analyst-estimates"",""name"":""Analyst Estimates""}","[]","MATRIX","TOP500","0"
"0","{""id"":""analyst"",""name"":""Analyst""}","0.6456","{""id"":""analyst7"",""name"":""Broker Estimates""}","1","2026-07-01","1","Lowest analyst estimate of operating profit regarding the next 4 quarters","est_12m_opr_low","2","DEU","{""id"":""analyst-analyst-estimates"",""name"":""Analyst Estimates""}","[]","MATRIX","TOP500","0"
"0","{""id"":""analyst"",""name"":""Analyst""}","1","{""id"":""analyst7"",""name"":""Broker Estimates""}","1","2026-07-01","1","Count of unique IDs of industry participants. Industry stands for an aggregate view of all  equity clearance activity for the date, symbol, and transaction type in question.","est_12m_opr_lowerednum_1mth","2","DEU","{""id"":""analyst-analyst-estimates"",""name"":""Analyst Estimates""}","[]","MATRIX","TOP500","0"
"0","{""id"":""analyst"",""name"":""Analyst""}","1","{""id"":""analyst7"",""name"":""Broker Estimates""}","1","2026-07-01","1","Number of lowered analyst estimates of operating profit regarding the next 4 quarters, where old and new estimates were made in the past 4 weeks","est_12m_opr_lowerednum_4wks","2","DEU","{""id"":""analyst-analyst-estimates"",""name"":""Analyst Estimates""}","[]","MATRIX","TOP500","0"
"0","{""id"":""analyst"",""name"":""Analyst""}","1","{""id"":""analyst7"",""name"":""Broker Estimates""}","1","2026-07-01","1","Count of unique IDs of industry participants. Industry stands for an aggregate view of all  equity clearance activity for the date, symbol, and transaction type in question.","est_12m_opr_lowered_1wk","2","DEU","{""id"":""analyst-analyst-estimates"",""name"":""Analyst Estimates""}","[]","MATRIX","TOP500","0"
"0","{""id"":""analyst"",""name"":""Analyst""}","0.4969","{""id"":""analyst7"",""name"":""Broker Estimates""}","1","2026-07-01","1","Lowest analyst estimate of operating profit regarding the next 4 quarters, made in past 3 months","est_12m_opr_low_3mth_ago","2","DEU","{""id"":""analyst-analyst-estimates"",""name"":""Analyst Estimates""}","[]","MATRIX","TOP500","0"
"0","{""id"":""analyst"",""name"":""Analyst""}","0.5144","{""id"":""analyst7"",""name"":""Broker Estimates""}","1","2026-07-01","1","Lowest analyst estimate of operating profit regarding the next 4 quarters, made in past 4 weeks","est_12m_opr_low_4wks_ago","2","DEU","{""id"":""analyst-analyst-estimates"",""name"":""Analyst Estimates""}","[]","MATRIX","TOP500","0"
"0","{""id"":""analyst"",""name"":""Analyst""}","0.6456","{""id"":""analyst7"",""name"":""Broker Estimates""}","1","2026-07-01","1","Mean analyst estimate of operating profit regarding the next 4 quarters","est_12m_opr_mean","2","DEU","{""id"":""analyst-analyst-estimates"",""name"":""Analyst Estimates""}","[]","MATRIX","TOP500","0"
"0","{""id"":""analyst"",""name"":""Analyst""}","0.4803","{""id"":""analyst7"",""name"":""Broker Estimates""}","1","2026-07-01","1","Mean analyst estimate of operating profit regarding the next 4 quarters, made in the last 28 days","est_12m_opr_mean_28d","2","DEU","{""id"":""analyst-analyst-estimates"",""name"":""Analyst Estimates""}","[]","MATRIX","TOP500","0"
"0","{""id"":""analyst"",""name"":""Analyst""}","0.4969","{""id"":""analyst7"",""name"":""Broker Estimates""}","1","2026-07-01","1","Mean analyst estimate of operating profit regarding the next 4 quarters, made in past 3 months","est_12m_opr_mean_3mth_ago","2","DEU","{""id"":""analyst-analyst-estimates"",""name"":""Analyst Estimates""}","[]","MATRIX","TOP500","0"
"0","{""id"":""analyst"",""name"":""Analyst""}","0.5144","{""id"":""analyst7"",""name"":""Broker Estimates""}","1","2026-07-01","1","Mean analyst estimate of operating profit regarding the next 4 quarters, made in the past 4 weeks","est_12m_opr_mean_4wks_ago","2","DEU","{""id"":""analyst-analyst-estimates"",""name"":""Analyst Estimates""}","[]","MATRIX","TOP500","0"
"0","{""id"":""analyst"",""name"":""Analyst""}","0.6456","{""id"":""analyst7"",""name"":""Broker Estimates""}","1","2026-07-01","1","Median analyst estimate of operating profit regarding the next 4 quarters","est_12m_opr_median","2","DEU","{""id"":""analyst-analyst-estimates"",""name"":""Analyst Estimates""}","[]","MATRIX","TOP500","0"
"0","{""id"":""analyst"",""name"":""Analyst""}","0.4969","{""id"":""analyst7"",""name"":""Broker Estimates""}","1","2026-07-01","1","Median analyst estimate of operating profit regarding the next 4 quarters, made in the past 3 months","est_12m_opr_median_3mth_ago","2","DEU","{""id"":""analyst-analyst-estimates"",""name"":""Analyst Estimates""}","[]","MATRIX","TOP500","0"
"0","{""id"":""analyst"",""name"":""Analyst""}","0.5144","{""id"":""analyst7"",""name"":""Broker Estimates""}","1","2026-07-01","1","Median analyst estimate of operating profit regarding the next 4 quarters, made in the past 4 weeks","est_12m_opr_median_4wks_ago","2","DEU","{""id"":""analyst-analyst-estimates"",""name"":""Analyst Estimates""}","[]","MATRIX","TOP500","0"
"0","{""id"":""analyst"",""name"":""Analyst""}","1","{""id"":""analyst7"",""name"":""Broker Estimates""}","1","2026-07-01","1","Number of analyst estimates of operating profit regarding the next 4 quarters","est_12m_opr_num","2","DEU","{""id"":""analyst-analyst-estimates"",""name"":""Analyst Estimates""}","[]","MATRIX","TOP500","0"
"0","{""id"":""analyst"",""name"":""Analyst""}","1","{""id"":""analyst7"",""name"":""Broker Estimates""}","1","2026-07-01","1","Number of analyst estimates of operating profit regarding the next 4 quarters, made in the last 28 days","est_12m_opr_num_28d","2","DEU","{""id"":""analyst-analyst-estimates"",""name"":""Analyst Estimates""}","[]","MATRIX","TOP500","0"
"0","{""id"":""analyst"",""name"":""Analyst""}","1","{""id"":""analyst7"",""name"":""Broker Estimates""}","1","2026-07-01","1","Number of analyst estimates of operating profit regarding the next 4 quarters, made in the past 3 months","est_12m_opr_num_3mth_ago","2","DEU","{""id"":""analyst-analyst-estimates"",""name"":""Analyst Estimates""}","[]","MATRIX","TOP500","0"
"0","{""id"":""analyst"",""name"":""Analyst""}","1","{""id"":""analyst7"",""name"":""Broker Estimates""}","1","2026-07-01","1","Number of analyst estimates of operating profit regarding the next 4 quarters, where old and new estimates were made in the past 4 weeks","est_12m_opr_num_4wks_ago","2","DEU","{""id"":""analyst-analyst-estimates"",""name"":""Analyst Estimates""}","[]","MATRIX","TOP500","0"
"0","{""id"":""analyst"",""name"":""Analyst""}","1","{""id"":""analyst7"",""name"":""Broker Estimates""}","1","2026-07-01","1","Number of raised analyst estimates of operating profit regarding the next 4 quarters, compared to the last monthly update","est_12m_opr_raisednum_1mth","2","DEU","{""id"":""analyst-analyst-estimates"",""name"":""Analyst Estimates""}","[]","MATRIX","TOP500","0"
"0","{""id"":""analyst"",""name"":""Analyst""}","1","{""id"":""analyst7"",""name"":""Broker Estimates""}","1","2026-07-01","1","Number of raised analyst estimates of operating profit regarding the next 4 quarters, where old and new estimates were made in the past 4 weeks","est_12m_opr_raisednum_4wks","2","DEU","{""id"":""analyst-analyst-estimates"",""name"":""Analyst Estimates""}","[]","MATRIX","TOP500","0"
"0","{""id"":""analyst"",""name"":""Analyst""}","1","{""id"":""analyst7"",""name"":""Broker Estimates""}","1","2026-07-01","1","Number of raised analyst estimates of operating profit regarding the next 4 quarters, compared to the last weekly update","est_12m_opr_raised_1wk","2","DEU","{""id"":""analyst-analyst-estimates"",""name"":""Analyst Estimates""}","[]","MATRIX","TOP500","0"
"0","{""id"":""analyst"",""name"":""Analyst""}","0.2848","{""id"":""analyst7"",""name"":""Broker Estimates""}","1","2026-07-01","1","Standard deviation of analyst estimates of operating profit regarding the next 4 quarters","est_12m_opr_std","2","DEU","{""id"":""analyst-analyst-estimates"",""name"":""Analyst Estimates""}","[]","MATRIX","TOP500","0"
"0","{""id"":""analyst"",""name"":""Analyst""}","0.1698","{""id"":""analyst7"",""name"":""Broker Estimates""}","1","2026-07-01","1","Standard deviation of the analyst estimate of operating profit regarding the next 4 quarters, made in the last 28 days","est_12m_opr_std_28d","2","DEU","{""id"":""analyst-analyst-estimates"",""name"":""Analyst Estimates""}","[]","MATRIX","TOP500","0"
"0","{""id"":""analyst"",""name"":""Analyst""}","0.257","{""id"":""analyst7"",""name"":""Broker Estimates""}","1","2026-07-01","1","Standard deviation of the analyst estimates of operating profit regarding the next 4 quarters, made in past 3 months","est_12m_opr_std_3mth_ago","2","DEU","{""id"":""analyst-analyst-estimates"",""name"":""Analyst Estimates""}","[]","MATRIX","TOP500","0"
"0","{""id"":""analyst"",""name"":""Analyst""}","0.2398","{""id"":""analyst7"",""name"":""Broker Estimates""}","1","2026-07-01","1","Standard deviation of the analyst estimate of operating profit regarding the next 4 quarters, made in past 4 weeks","est_12m_opr_std_4wks_ago","2","DEU","{""id"":""analyst-analyst-estimates"",""name"":""Analyst Estimates""}","[]","MATRIX","TOP500","0"
"0","{""id"":""analyst"",""name"":""Analyst""}","0.7321","{""id"":""analyst7"",""name"":""Broker Estimates""}","1","2026-07-01","1","Highest analyst estimate of pre-tax profit regarding the next 4 quarters","est_12m_pre_high","2","DEU","{""id"":""analyst-analyst-estimates"",""name"":""Analyst Estimates""}","[]","MATRIX","TOP500","0"
"0","{""id"":""analyst"",""name"":""Analyst""}","0.7046","{""id"":""analyst7"",""name"":""Broker Estimates""}","1","2026-07-01","1","Highest analyst estimate of pre-tax profit regarding the next 4 quarters, made in the past 3 months","est_12m_pre_high_3mth_ago","2","DEU","{""id"":""analyst-analyst-estimates"",""name"":""Analyst Estimates""}","[]","MATRIX","TOP500","0"
"0","{""id"":""analyst"",""name"":""Analyst""}","0.7066","{""id"":""analyst7"",""name"":""Broker Estimates""}","1","2026-07-01","1","Highest analyst estimate of pre-tax profit regarding the next 4 quarters, made in past 4 weeks","est_12m_pre_high_4wks_ago","2","DEU","{""id"":""analyst-analyst-estimates"",""name"":""Analyst Estimates""}","[]","MATRIX","TOP500","0"
"0","{""id"":""analyst"",""name"":""Analyst""}","0.7321","{""id"":""analyst7"",""name"":""Broker Estimates""}","1","2026-07-01","1","Lowest analyst estimate of pre-tax profit regarding the next 4 quarters","est_12m_pre_low","2","DEU","{""id"":""analyst-analyst-estimates"",""name"":""Analyst Estimates""}","[]","MATRIX","TOP500","0"
"0","{""id"":""analyst"",""name"":""Analyst""}","1","{""id"":""analyst7"",""name"":""Broker Estimates""}","1","2026-07-01","1","Count of unique IDs of industry participants. Industry stands for an aggregate view of all  equity clearance activity for the date, symbol, and transaction type in question.","est_12m_pre_lowerednum_1mth","2","DEU","{""id"":""analyst-analyst-estimates"",""name"":""Analyst Estimates""}","[]","MATRIX","TOP500","0"
"0","{""id"":""analyst"",""name"":""Analyst""}","1","{""id"":""analyst7"",""name"":""Broker Estimates""}","1","2026-07-01","1","Number of lowered analyst estimates of pre-tax profit regarding the next 4 quarters, where old and new estimates were made in the past 4 weeks","est_12m_pre_lowerednum_4wks","2","DEU","{""id"":""analyst-analyst-estimates"",""name"":""Analyst Estimates""}","[]","MATRIX","TOP500","0"
"0","{""id"":""analyst"",""name"":""Analyst""}","1","{""id"":""analyst7"",""name"":""Broker Estimates""}","1","2026-07-01","1","Count of unique IDs of industry participants. Industry stands for an aggregate view of all  equity clearance activity for the date, symbol, and transaction type in question.","est_12m_pre_lowered_1wk","2","DEU","{""id"":""analyst-analyst-estimates"",""name"":""Analyst Estimates""}","[]","MATRIX","TOP500","0"
"0","{""id"":""analyst"",""name"":""Analyst""}","0.7046","{""id"":""analyst7"",""name"":""Broker Estimates""}","1","2026-07-01","1","Lowest analyst estimate of pre-tax profit regarding the next 4 quarters, made in the past 3 months","est_12m_pre_low_3mth_ago","2","DEU","{""id"":""analyst-analyst-estimates"",""name"":""Analyst Estimates""}","[]","MATRIX","TOP500","0"
"0","{""id"":""analyst"",""name"":""Analyst""}","0.7066","{""id"":""analyst7"",""name"":""Broker Estimates""}","1","2026-07-01","1","Lowest analyst estimate of pre-tax profit regarding the next 4 quarters, made in the past 4 weeks","est_12m_pre_low_4wks_ago","2","DEU","{""id"":""analyst-analyst-estimates"",""name"":""Analyst Estimates""}","[]","MATRIX","TOP500","0"
"0","{""id"":""analyst"",""name"":""Analyst""}","0.7321","{""id"":""analyst7"",""name"":""Broker Estimates""}","1","2026-07-01","1","Mean analyst estimate of pre-tax profit regarding the next 4 quarters","est_12m_pre_mean","2","DEU","{""id"":""analyst-analyst-estimates"",""name"":""Analyst Estimates""}","[]","MATRIX","TOP500","0"
"0","{""id"":""analyst"",""name"":""Analyst""}","0.6987","{""id"":""analyst7"",""name"":""Broker Estimates""}","1","2026-07-01","1","Mean analyst estimate of pre-tax profit regarding the next 4 quarters, made in the last 28 days","est_12m_pre_mean_28d","2","DEU","{""id"":""analyst-analyst-estimates"",""name"":""Analyst Estimates""}","[]","MATRIX","TOP500","0"
"0","{""id"":""analyst"",""name"":""Analyst""}","0.7046","{""id"":""analyst7"",""name"":""Broker Estimates""}","1","2026-07-01","1","Mean analyst estimate of pre-tax profit regarding the next 4 quarters, made in the past 3 months","est_12m_pre_mean_3mth_ago","2","DEU","{""id"":""analyst-analyst-estimates"",""name"":""Analyst Estimates""}","[]","MATRIX","TOP500","0"
"0","{""id"":""analyst"",""name"":""Analyst""}","0.7066","{""id"":""analyst7"",""name"":""Broker Estimates""}","1","2026-07-01","1","Mean analyst estimate of pre-tax profit regarding the next 4 quarters, made in the past 4 weeks","est_12m_pre_mean_4wks_ago","2","DEU","{""id"":""analyst-analyst-estimates"",""name"":""Analyst Estimates""}","[]","MATRIX","TOP500","0"
"0","{""id"":""analyst"",""name"":""Analyst""}","0.7321","{""id"":""analyst7"",""name"":""Broker Estimates""}","1","2026-07-01","1","Median analyst estimate of pre-tax profit regarding the next 4 quarters","est_12m_pre_median","2","DEU","{""id"":""analyst-analyst-estimates"",""name"":""Analyst Estimates""}","[]","MATRIX","TOP500","0"
"0","{""id"":""analyst"",""name"":""Analyst""}","0.7046","{""id"":""analyst7"",""name"":""Broker Estimates""}","1","2026-07-01","1","Median analyst estimate of pre-tax profit regarding the next 4 quarters, made in the past 3 months","est_12m_pre_median_3mth_ago","2","DEU","{""id"":""analyst-analyst-estimates"",""name"":""Analyst Estimates""}","[]","MATRIX","TOP500","0"
"0","{""id"":""analyst"",""name"":""Analyst""}","0.7066","{""id"":""analyst7"",""name"":""Broker Estimates""}","1","2026-07-01","1","Median analyst estimate of pre-tax profit regarding the next 4 quarters, made in the past 4 weeks","est_12m_pre_median_4wks_ago","2","DEU","{""id"":""analyst-analyst-estimates"",""name"":""Analyst Estimates""}","[]","MATRIX","TOP500","0"
"0","{""id"":""analyst"",""name"":""Analyst""}","1","{""id"":""analyst7"",""name"":""Broker Estimates""}","1","2026-07-01","1","Number of analyst estimates of pre-tax profit regarding the next 4 quarters","est_12m_pre_num","2","DEU","{""id"":""analyst-analyst-estimates"",""name"":""Analyst Estimates""}","[]","MATRIX","TOP500","0"
"0","{""id"":""analyst"",""name"":""Analyst""}","1","{""id"":""analyst7"",""name"":""Broker Estimates""}","1","2026-07-01","1","Number of analyst estimates of pre-tax profit regarding the next 4 quarters, made in the last 28 days","est_12m_pre_num_28d","2","DEU","{""id"":""analyst-analyst-estimates"",""name"":""Analyst Estimates""}","[]","MATRIX","TOP500","0"
"0","{""id"":""analyst"",""name"":""Analyst""}","1","{""id"":""analyst7"",""name"":""Broker Estimates""}","1","2026-07-01","1","Number of analyst estimates of pre-tax profit regarding the next 4 quarters, made in the past 3 months","est_12m_pre_num_3mth_ago","2","DEU","{""id"":""analyst-analyst-estimates"",""name"":""Analyst Estimates""}","[]","MATRIX","TOP500","0"
"0","{""id"":""analyst"",""name"":""Analyst""}","1","{""id"":""analyst7"",""name"":""Broker Estimates""}","1","2026-07-01","1","Number of analyst estimates of pre-tax profit regarding the next 4 quarters, where old and new estimates were made in the past 4 weeks","est_12m_pre_num_4wks_ago","2","DEU","{""id"":""analyst-analyst-estimates"",""name"":""Analyst Estimates""}","[]","MATRIX","TOP500","0"
"0","{""id"":""analyst"",""name"":""Analyst""}","1","{""id"":""analyst7"",""name"":""Broker Estimates""}","1","2026-07-01","1","Number of raised analyst estimates of pre-tax profit regarding the next 4 quarters, compared to the last monthly update","est_12m_pre_raisednum_1mth","2","DEU","{""id"":""analyst-analyst-estimates"",""name"":""Analyst Estimates""}","[]","MATRIX","TOP500","0"
"0","{""id"":""analyst"",""name"":""Analyst""}","1","{""id"":""analyst7"",""name"":""Broker Estimates""}","1","2026-07-01","1","Number of raised analyst estimates of pre-tax profit regarding the next 4 quarters, where old and new estimates were made in the past 4 weeks","est_12m_pre_raisednum_4wks","2","DEU","{""id"":""analyst-analyst-estimates"",""name"":""Analyst Estimates""}","[]","MATRIX","TOP500","0"
"0","{""id"":""analyst"",""name"":""Analyst""}","1","{""id"":""analyst7"",""name"":""Broker Estimates""}","1","2026-07-01","1","Number of raised analyst estimates of pre-tax profit regarding the next 4 quarters, compared to last weekly update","est_12m_pre_raised_1wk","2","DEU","{""id"":""analyst-analyst-estimates"",""name"":""Analyst Estimates""}","[]","MATRIX","TOP500","0"
"0","{""id"":""analyst"",""name"":""Analyst""}","0.6857","{""id"":""analyst7"",""name"":""Broker Estimates""}","1","2026-07-01","1","Standard deviation of analyst estimates of pre-tax profit regarding the next 4 quarters","est_12m_pre_std","2","DEU","{""id"":""analyst-analyst-estimates"",""name"":""Analyst Estimates""}","[]","MATRIX","TOP500","0"
"0","{""id"":""analyst"",""name"":""Analyst""}","0.6126","{""id"":""analyst7"",""name"":""Broker Estimates""}","1","2026-07-01","1","Standard deviation of the analyst estimate of pre-tax profit regarding the next 4 quarters, made in the last 28 days","est_12m_pre_std_28d","2","DEU","{""id"":""analyst-analyst-estimates"",""name"":""Analyst Estimates""}","[]","MATRIX","TOP500","0"
"0","{""id"":""analyst"",""name"":""Analyst""}","0.6644","{""id"":""analyst7"",""name"":""Broker Estimates""}","1","2026-07-01","1","Standard deviation of the analyst estimate of pre-tax profit regarding the next 4 quarters, made in the past 3 months","est_12m_pre_std_3mth_ago","2","DEU","{""id"":""analyst-analyst-estimates"",""name"":""Analyst Estimates""}","[]","MATRIX","TOP500","0"
"0","{""id"":""analyst"",""name"":""Analyst""}","0.6646","{""id"":""analyst7"",""name"":""Broker Estimates""}","1","2026-07-01","1","Standard deviation of the analyst estimate of pre-tax profit regarding the next 4 quarters, made in past 4 weeks","est_12m_pre_std_4wks_ago","2","DEU","{""id"":""analyst-analyst-estimates"",""name"":""Analyst Estimates""}","[]","MATRIX","TOP500","0"
"0","{""id"":""analyst"",""name"":""Analyst""}","0.6194","{""id"":""analyst7"",""name"":""Broker Estimates""}","1","2026-07-01","1","Highest analyst estimate of return on assets in percent regarding the next 4 quarters","est_12m_roa_high","2","DEU","{""id"":""analyst-analyst-estimates"",""name"":""Analyst Estimates""}","[]","MATRIX","TOP500","0"
"0","{""id"":""analyst"",""name"":""Analyst""}","0.6011","{""id"":""analyst7"",""name"":""Broker Estimates""}","1","2026-07-01","1","Highest analyst estimate of return on assets in percent regarding the next 4 quarters, made in the past 3 months","est_12m_roa_high_3mth_ago","2","DEU","{""id"":""analyst-analyst-estimates"",""name"":""Analyst Estimates""}","[]","MATRIX","TOP500","0"
"0","{""id"":""analyst"",""name"":""Analyst""}","0.6092","{""id"":""analyst7"",""name"":""Broker Estimates""}","1","2026-07-01","1","Highest analyst estimate of return on assets in percent regarding the next 4 quarters, made in the past 4 weeks","est_12m_roa_high_4wks_ago","2","DEU","{""id"":""analyst-analyst-estimates"",""name"":""Analyst Estimates""}","[]","MATRIX","TOP500","0"
"0","{""id"":""analyst"",""name"":""Analyst""}","0.6194","{""id"":""analyst7"",""name"":""Broker Estimates""}","1","2026-07-01","1","Lowest analyst estimate of return on assets in percent regarding the next 4 quarters","est_12m_roa_low","2","DEU","{""id"":""analyst-analyst-estimates"",""name"":""Analyst Estimates""}","[]","MATRIX","TOP500","0"
"0","{""id"":""analyst"",""name"":""Analyst""}","1","{""id"":""analyst7"",""name"":""Broker Estimates""}","1","2026-07-01","1","Count of unique IDs of industry participants. Industry stands for an aggregate view of all  equity clearance activity for the date, symbol, and transaction type in question.","est_12m_roa_lowerednum_1mth","2","DEU","{""id"":""analyst-analyst-estimates"",""name"":""Analyst Estimates""}","[]","MATRIX","TOP500","0"
"0","{""id"":""analyst"",""name"":""Analyst""}","1","{""id"":""analyst7"",""name"":""Broker Estimates""}","1","2026-07-01","1","Number of lowered analyst estimates of return on assets in percent regarding the next 4 quarters, where old and new estimates were made in the past 4 weeks","est_12m_roa_lowerednum_4wks","2","DEU","{""id"":""analyst-analyst-estimates"",""name"":""Analyst Estimates""}","[]","MATRIX","TOP500","0"
"0","{""id"":""analyst"",""name"":""Analyst""}","1","{""id"":""analyst7"",""name"":""Broker Estimates""}","1","2026-07-01","1","Count of unique IDs of industry participants. Industry stands for an aggregate view of all  equity clearance activity for the date, symbol, and transaction type in question.","est_12m_roa_lowered_1wk","2","DEU","{""id"":""analyst-analyst-estimates"",""name"":""Analyst Estimates""}","[]","MATRIX","TOP500","0"
"0","{""id"":""analyst"",""name"":""Analyst""}","0.6011","{""id"":""analyst7"",""name"":""Broker Estimates""}","1","2026-07-01","1","Lowest analyst estimate of return on assets in percent regarding the next 4 quarters, made in the past 3 months","est_12m_roa_low_3mth_ago","2","DEU","{""id"":""analyst-analyst-estimates"",""name"":""Analyst Estimates""}","[]","MATRIX","TOP500","0"
"0","{""id"":""analyst"",""name"":""Analyst""}","0.6092","{""id"":""analyst7"",""name"":""Broker Estimates""}","1","2026-07-01","1","Lowest analyst estimate of return on assets in percent regarding the next 4 quarters, made in the past 4 weeks","est_12m_roa_low_4wks_ago","2","DEU","{""id"":""analyst-analyst-estimates"",""name"":""Analyst Estimates""}","[]","MATRIX","TOP500","0"
"0","{""id"":""analyst"",""name"":""Analyst""}","0.6194","{""id"":""analyst7"",""name"":""Broker Estimates""}","1","2026-07-01","1","Mean analyst estimate of return on assets in percent regarding the next 4 quarters","est_12m_roa_mean","2","DEU","{""id"":""analyst-analyst-estimates"",""name"":""Analyst Estimates""}","[]","MATRIX","TOP500","0"
"0","{""id"":""analyst"",""name"":""Analyst""}","0.5903","{""id"":""analyst7"",""name"":""Broker Estimates""}","1","2026-07-01","1","Mean analyst estimate of return on assets in percent regarding the next 4 quarters, made in the last 28 days","est_12m_roa_mean_28d","2","DEU","{""id"":""analyst-analyst-estimates"",""name"":""Analyst Estimates""}","[]","MATRIX","TOP500","0"
"0","{""id"":""analyst"",""name"":""Analyst""}","0.6011","{""id"":""analyst7"",""name"":""Broker Estimates""}","1","2026-07-01","1","Mean analyst estimate of return on assets in percent regarding the next 4 quarters, made in the past 3 months","est_12m_roa_mean_3mth_ago","2","DEU","{""id"":""analyst-analyst-estimates"",""name"":""Analyst Estimates""}","[]","MATRIX","TOP500","0"
"0","{""id"":""analyst"",""name"":""Analyst""}","0.6092","{""id"":""analyst7"",""name"":""Broker Estimates""}","1","2026-07-01","1","Mean analyst estimate of return on assets in percent regarding the next 4 quarters, made in the past 4 weeks","est_12m_roa_mean_4wks_ago","2","DEU","{""id"":""analyst-analyst-estimates"",""name"":""Analyst Estimates""}","[]","MATRIX","TOP500","0"
"0","{""id"":""analyst"",""name"":""Analyst""}","0.6194","{""id"":""analyst7"",""name"":""Broker Estimates""}","1","2026-07-01","1","Median analyst estimate of return on assets in percent regarding the next 4 quarters","est_12m_roa_median","2","DEU","{""id"":""analyst-analyst-estimates"",""name"":""Analyst Estimates""}","[]","MATRIX","TOP500","0"
"0","{""id"":""analyst"",""name"":""Analyst""}","0.6011","{""id"":""analyst7"",""name"":""Broker Estimates""}","1","2026-07-01","1","Median analyst estimate of return on assets in percent regarding the next 4 quarters, made in the past 3 months","est_12m_roa_median_3mth_ago","2","DEU","{""id"":""analyst-analyst-estimates"",""name"":""Analyst Estimates""}","[]","MATRIX","TOP500","0"
"0","{""id"":""analyst"",""name"":""Analyst""}","0.6092","{""id"":""analyst7"",""name"":""Broker Estimates""}","1","2026-07-01","1","Median analyst estimate of return on assets in percent regarding the next 4 quarters, made in past 4 weeks","est_12m_roa_median_4wks_ago","2","DEU","{""id"":""analyst-analyst-estimates"",""name"":""Analyst Estimates""}","[]","MATRIX","TOP500","0"
"0","{""id"":""analyst"",""name"":""Analyst""}","1","{""id"":""analyst7"",""name"":""Broker Estimates""}","1","2026-07-01","1","Number of analyst estimates of return on assets in percent regarding the next 4 quarters","est_12m_roa_num","2","DEU","{""id"":""analyst-analyst-estimates"",""name"":""Analyst Estimates""}","[]","MATRIX","TOP500","0"
"0","{""id"":""analyst"",""name"":""Analyst""}","1","{""id"":""analyst7"",""name"":""Broker Estimates""}","1","2026-07-01","1","Number of analyst estimates of return on assets in percent regarding the next 4 quarters, made in the last 28 days","est_12m_roa_num_28d","2","DEU","{""id"":""analyst-analyst-estimates"",""name"":""Analyst Estimates""}","[]","MATRIX","TOP500","0"
"0","{""id"":""analyst"",""name"":""Analyst""}","1","{""id"":""analyst7"",""name"":""Broker Estimates""}","1","2026-07-01","1","Number of analyst estimates of return on assets in percent regarding the next 4 quarters, made in the past 3 months","est_12m_roa_num_3mth_ago","2","DEU","{""id"":""analyst-analyst-estimates"",""name"":""Analyst Estimates""}","[]","MATRIX","TOP500","0"
"0","{""id"":""analyst"",""name"":""Analyst""}","1","{""id"":""analyst7"",""name"":""Broker Estimates""}","1","2026-07-01","1","Number of analyst estimates of return on assets in percent regarding the next 4 quarters, where old and new estimates were made in the past 4 weeks","est_12m_roa_num_4wks_ago","2","DEU","{""id"":""analyst-analyst-estimates"",""name"":""Analyst Estimates""}","[]","MATRIX","TOP500","0"
"0","{""id"":""analyst"",""name"":""Analyst""}","1","{""id"":""analyst7"",""name"":""Broker Estimates""}","1","2026-07-01","1","Number of raised analyst estimates of return on assets in percent regarding the next 4 quarters, compared to the last monthly update","est_12m_roa_raisednum_1mth","2","DEU","{""id"":""analyst-analyst-estimates"",""name"":""Analyst Estimates""}","[]","MATRIX","TOP500","0"
"0","{""id"":""analyst"",""name"":""Analyst""}","1","{""id"":""analyst7"",""name"":""Broker Estimates""}","1","2026-07-01","1","Number of raised analyst estimates of return on assets in percent regarding the next 4 quarters, where old and new estimates were made in the past 4 weeks","est_12m_roa_raisednum_4wks","2","DEU","{""id"":""analyst-analyst-estimates"",""name"":""Analyst Estimates""}","[]","MATRIX","TOP500","0"
"0","{""id"":""analyst"",""name"":""Analyst""}","1","{""id"":""analyst7"",""name"":""Broker Estimates""}","1","2026-07-01","1","Number of raised analyst estimates of return on assets in percent regarding the next 4 quarters, compared to the last weekly update","est_12m_roa_raised_1wk","2","DEU","{""id"":""analyst-analyst-estimates"",""name"":""Analyst Estimates""}","[]","MATRIX","TOP500","0"
"0","{""id"":""analyst"",""name"":""Analyst""}","0.3788","{""id"":""analyst7"",""name"":""Broker Estimates""}","1","2026-07-01","1","Standard deviation of analyst estimates of return on assets in percent regarding the next 4 quarters","est_12m_roa_std","2","DEU","{""id"":""analyst-analyst-estimates"",""name"":""Analyst Estimates""}","[]","MATRIX","TOP500","0"
"0","{""id"":""analyst"",""name"":""Analyst""}","0.2937","{""id"":""analyst7"",""name"":""Broker Estimates""}","1","2026-07-01","1","Standard deviation of the analyst estimate of return on assets in percent regarding the next 4 quarters, made in the last 28 days","est_12m_roa_std_28d","2","DEU","{""id"":""analyst-analyst-estimates"",""name"":""Analyst Estimates""}","[]","MATRIX","TOP500","0"
"0","{""id"":""analyst"",""name"":""Analyst""}","0.3734","{""id"":""analyst7"",""name"":""Broker Estimates""}","1","2026-07-01","1","Standard deviation of the analyst estimate of return on assets in percent regarding the next 4 quarters, made in past 3 months","est_12m_roa_std_3mth_ago","2","DEU","{""id"":""analyst-analyst-estimates"",""name"":""Analyst Estimates""}","[]","MATRIX","TOP500","0"
"0","{""id"":""analyst"",""name"":""Analyst""}","0.3714","{""id"":""analyst7"",""name"":""Broker Estimates""}","1","2026-07-01","1","Standard deviation of the analyst estimate of return on assets in percent regarding the next 4 quarters, made in the past 4 weeks","est_12m_roa_std_4wks_ago","2","DEU","{""id"":""analyst-analyst-estimates"",""name"":""Analyst Estimates""}","[]","MATRIX","TOP500","0"
"0","{""id"":""analyst"",""name"":""Analyst""}","0.736","{""id"":""analyst7"",""name"":""Broker Estimates""}","1","2026-07-01","1","Highest analyst estimate of sales/revenue regarding the next 4 quarters","est_12m_sal_high","2","DEU","{""id"":""analyst-analyst-estimates"",""name"":""Analyst Estimates""}","[]","MATRIX","TOP500","0"
"0","{""id"":""analyst"",""name"":""Analyst""}","0.7099","{""id"":""analyst7"",""name"":""Broker Estimates""}","1","2026-07-01","1","Highest analyst estimate of sales/revenue regarding the next 4 quarters, made in the past 3 months","est_12m_sal_high_3mth_ago","2","DEU","{""id"":""analyst-analyst-estimates"",""name"":""Analyst Estimates""}","[]","MATRIX","TOP500","0"
"0","{""id"":""analyst"",""name"":""Analyst""}","0.711","{""id"":""analyst7"",""name"":""Broker Estimates""}","1","2026-07-01","1","Highest analyst estimate of sales/revenue regarding the next 4 quarters, made in the past 4 weeks","est_12m_sal_high_4wks_ago","2","DEU","{""id"":""analyst-analyst-estimates"",""name"":""Analyst Estimates""}","[]","MATRIX","TOP500","0"
"0","{""id"":""analyst"",""name"":""Analyst""}","0.736","{""id"":""analyst7"",""name"":""Broker Estimates""}","1","2026-07-01","1","Lowest analyst estimate of sales/revenue regarding the next 4 quarters","est_12m_sal_low","2","DEU","{""id"":""analyst-analyst-estimates"",""name"":""Analyst Estimates""}","[]","MATRIX","TOP500","0"
"0","{""id"":""analyst"",""name"":""Analyst""}","1","{""id"":""analyst7"",""name"":""Broker Estimates""}","1","2026-07-01","1","Count of unique IDs of industry participants. Industry stands for an aggregate view of all  equity clearance activity for the date, symbol, and transaction type in question.","est_12m_sal_lowerednum_1mth","2","DEU","{""id"":""analyst-analyst-estimates"",""name"":""Analyst Estimates""}","[]","MATRIX","TOP500","0"
"0","{""id"":""analyst"",""name"":""Analyst""}","1","{""id"":""analyst7"",""name"":""Broker Estimates""}","1","2026-07-01","1","Number of lowered analyst estimates of sales/revenue regarding the next 4 quarters, where old and new estimates were made in the past 4 weeks","est_12m_sal_lowerednum_4wks","2","DEU","{""id"":""analyst-analyst-estimates"",""name"":""Analyst Estimates""}","[]","MATRIX","TOP500","0"
"0","{""id"":""analyst"",""name"":""Analyst""}","1","{""id"":""analyst7"",""name"":""Broker Estimates""}","1","2026-07-01","1","Count of unique IDs of industry participants. Industry stands for an aggregate view of all  equity clearance activity for the date, symbol, and transaction type in question.","est_12m_sal_lowered_1wk","2","DEU","{""id"":""analyst-analyst-estimates"",""name"":""Analyst Estimates""}","[]","MATRIX","TOP500","0"
"0","{""id"":""analyst"",""name"":""Analyst""}","0.7099","{""id"":""analyst7"",""name"":""Broker Estimates""}","1","2026-07-01","1","Lowest analyst estimate of sales/revenue regarding the next 4 quarters, made in the past 3 months","est_12m_sal_low_3mth_ago","2","DEU","{""id"":""analyst-analyst-estimates"",""name"":""Analyst Estimates""}","[]","MATRIX","TOP500","0"
"0","{""id"":""analyst"",""name"":""Analyst""}","0.711","{""id"":""analyst7"",""name"":""Broker Estimates""}","1","2026-07-01","1","Lowest analyst estimate of sales/revenue regarding the next 4 quarters, made in the past 4 weeks","est_12m_sal_low_4wks_ago","2","DEU","{""id"":""analyst-analyst-estimates"",""name"":""Analyst Estimates""}","[]","MATRIX","TOP500","0"
"0","{""id"":""analyst"",""name"":""Analyst""}","0.736","{""id"":""analyst7"",""name"":""Broker Estimates""}","1","2026-07-01","1","Mean analyst estimate of sales/revenue regarding the next 4 quarters","est_12m_sal_mean","2","DEU","{""id"":""analyst-analyst-estimates"",""name"":""Analyst Estimates""}","[]","MATRIX","TOP500","0"
"0","{""id"":""analyst"",""name"":""Analyst""}","0.7024","{""id"":""analyst7"",""name"":""Broker Estimates""}","1","2026-07-01","1","Mean analyst estimate of sales/revenue regarding the next 4 quarters, made in the last 28 days","est_12m_sal_mean_28d","2","DEU","{""id"":""analyst-analyst-estimates"",""name"":""Analyst Estimates""}","[]","MATRIX","TOP500","0"
"0","{""id"":""analyst"",""name"":""Analyst""}","0.7099","{""id"":""analyst7"",""name"":""Broker Estimates""}","1","2026-07-01","1","Mean analyst estimate of sales/revenue regarding the next 4 quarters, made in past 3 months","est_12m_sal_mean_3mth_ago","2","DEU","{""id"":""analyst-analyst-estimates"",""name"":""Analyst Estimates""}","[]","MATRIX","TOP500","0"
"0","{""id"":""analyst"",""name"":""Analyst""}","0.711","{""id"":""analyst7"",""name"":""Broker Estimates""}","1","2026-07-01","1","Mean analyst estimate of sales/revenue regarding the next 4 quarters, made in the past 4 weeks","est_12m_sal_mean_4wks_ago","2","DEU","{""id"":""analyst-analyst-estimates"",""name"":""Analyst Estimates""}","[]","MATRIX","TOP500","0"
"0","{""id"":""analyst"",""name"":""Analyst""}","0.736","{""id"":""analyst7"",""name"":""Broker Estimates""}","1","2026-07-01","1","Median analyst estimate of sales/revenue regarding the next 4 quarters","est_12m_sal_median","2","DEU","{""id"":""analyst-analyst-estimates"",""name"":""Analyst Estimates""}","[]","MATRIX","TOP500","0"
"0","{""id"":""analyst"",""name"":""Analyst""}","0.7099","{""id"":""analyst7"",""name"":""Broker Estimates""}","1","2026-07-01","1","Median analyst estimate of sales/revenue regarding the next 4 quarters, made in past 3 months","est_12m_sal_median_3mth_ago","2","DEU","{""id"":""analyst-analyst-estimates"",""name"":""Analyst Estimates""}","[]","MATRIX","TOP500","0"
"0","{""id"":""analyst"",""name"":""Analyst""}","0.711","{""id"":""analyst7"",""name"":""Broker Estimates""}","1","2026-07-01","1","Median analyst estimate of sales/revenue regarding the next 4 quarters, made in the past 4 weeks","est_12m_sal_median_4wks_ago","2","DEU","{""id"":""analyst-analyst-estimates"",""name"":""Analyst Estimates""}","[]","MATRIX","TOP500","0"
"0","{""id"":""analyst"",""name"":""Analyst""}","1","{""id"":""analyst7"",""name"":""Broker Estimates""}","1","2026-07-01","1","Number of analyst estimates of sales/revenue regarding the next 4 quarters","est_12m_sal_num","2","DEU","{""id"":""analyst-analyst-estimates"",""name"":""Analyst Estimates""}","[]","MATRIX","TOP500","0"
"0","{""id"":""analyst"",""name"":""Analyst""}","1","{""id"":""analyst7"",""name"":""Broker Estimates""}","1","2026-07-01","1","Number of analyst estimates of sales/revenue regarding the next 4 quarters, made in the last 28 days","est_12m_sal_num_28d","2","DEU","{""id"":""analyst-analyst-estimates"",""name"":""Analyst Estimates""}","[]","MATRIX","TOP500","0"
"0","{""id"":""analyst"",""name"":""Analyst""}","1","{""id"":""analyst7"",""name"":""Broker Estimates""}","1","2026-07-01","1","Number of analyst estimates of sales/revenue regarding the next 4 quarters, made in the past 3 months","est_12m_sal_num_3mth_ago","2","DEU","{""id"":""analyst-analyst-estimates"",""name"":""Analyst Estimates""}","[]","MATRIX","TOP500","0"
"0","{""id"":""analyst"",""name"":""Analyst""}","1","{""id"":""analyst7"",""name"":""Broker Estimates""}","1","2026-07-01","1","Number of analyst estimates of sales/revenue regarding the next 4 quarters, where old and new estimates were made in the past 4 weeks","est_12m_sal_num_4wks_ago","2","DEU","{""id"":""analyst-analyst-estimates"",""name"":""Analyst Estimates""}","[]","MATRIX","TOP500","0"
"0","{""id"":""analyst"",""name"":""Analyst""}","1","{""id"":""analyst7"",""name"":""Broker Estimates""}","1","2026-07-01","1","Number of raised analyst estimates of sales/revenue regarding the next 4 quarters, compared to the last monthly update","est_12m_sal_raisednum_1mth","2","DEU","{""id"":""analyst-analyst-estimates"",""name"":""Analyst Estimates""}","[]","MATRIX","TOP500","0"
"0","{""id"":""analyst"",""name"":""Analyst""}","1","{""id"":""analyst7"",""name"":""Broker Estimates""}","1","2026-07-01","1","Number of raised analyst estimates of sales/revenue regarding the next 4 quarters, where old and new estimates were made in past 4 weeks","est_12m_sal_raisednum_4wks","2","DEU","{""id"":""analyst-analyst-estimates"",""name"":""Analyst Estimates""}","[]","MATRIX","TOP500","0"
"0","{""id"":""analyst"",""name"":""Analyst""}","1","{""id"":""analyst7"",""name"":""Broker Estimates""}","1","2026-07-01","1","Number of raised analyst estimates of sales/revenue regarding the next 4 quarters, compared to the last weekly update","est_12m_sal_raised_1wk","2","DEU","{""id"":""analyst-analyst-estimates"",""name"":""Analyst Estimates""}","[]","MATRIX","TOP500","0"
"0","{""id"":""analyst"",""name"":""Analyst""}","0.6985","{""id"":""analyst7"",""name"":""Broker Estimates""}","1","2026-07-01","1","Standard deviation of analyst estimates of sales/revenue regarding the next 4 quarters","est_12m_sal_std","2","DEU","{""id"":""analyst-analyst-estimates"",""name"":""Analyst Estimates""}","[]","MATRIX","TOP500","0"
"0","{""id"":""analyst"",""name"":""Analyst""}","0.6242","{""id"":""analyst7"",""name"":""Broker Estimates""}","1","2026-07-01","1","Standard deviation of the analyst estimate of sales/revenue regarding the next 4 quarters, made in the last 28 days","est_12m_sal_std_28d","2","DEU","{""id"":""analyst-analyst-estimates"",""name"":""Analyst Estimates""}","[]","MATRIX","TOP500","0"
"0","{""id"":""analyst"",""name"":""Analyst""}","0.6775","{""id"":""analyst7"",""name"":""Broker Estimates""}","1","2026-07-01","1","Standard deviation of the analyst estimate of sales/revenue regarding the next 4 quarters, made in the past 3 months","est_12m_sal_std_3mth_ago","2","DEU","{""id"":""analyst-analyst-estimates"",""name"":""Analyst Estimates""}","[]","MATRIX","TOP500","0"
"0","{""id"":""analyst"",""name"":""Analyst""}","0.6773","{""id"":""analyst7"",""name"":""Broker Estimates""}","1","2026-07-01","1","Standard deviation of the analyst estimate of sales/revenue regarding the next 4 quarters, made in the past 4 weeks","est_12m_sal_std_4wks_ago","2","DEU","{""id"":""analyst-analyst-estimates"",""name"":""Analyst Estimates""}","[]","MATRIX","TOP500","0"
"0","{""id"":""analyst"",""name"":""Analyst""}","0.529","{""id"":""analyst7"",""name"":""Broker Estimates""}","1","2026-07-01","1","Highest analyst estimate of tangible book value per share regarding the next 4 quarters","est_12m_tbv_high","2","DEU","{""id"":""analyst-analyst-estimates"",""name"":""Analyst Estimates""}","[]","MATRIX","TOP500","0"
"0","{""id"":""analyst"",""name"":""Analyst""}","0.4855","{""id"":""analyst7"",""name"":""Broker Estimates""}","1","2026-07-01","1","Highest analyst estimate of tangible book value per share regarding the next 4 quarters, made in the past 3 months","est_12m_tbv_high_3mth_ago","2","DEU","{""id"":""analyst-analyst-estimates"",""name"":""Analyst Estimates""}","[]","MATRIX","TOP500","0"
"0","{""id"":""analyst"",""name"":""Analyst""}","0.4938","{""id"":""analyst7"",""name"":""Broker Estimates""}","1","2026-07-01","1","Highest analyst estimate of tangible book value per share regarding the next 4 quarters, made in the past 4 weeks","est_12m_tbv_high_4wks_ago","2","DEU","{""id"":""analyst-analyst-estimates"",""name"":""Analyst Estimates""}","[]","MATRIX","TOP500","0"
"0","{""id"":""analyst"",""name"":""Analyst""}","0.529","{""id"":""analyst7"",""name"":""Broker Estimates""}","1","2026-07-01","1","Lowest analyst estimate of tangible book value per share regarding the next 4 quarters","est_12m_tbv_low","2","DEU","{""id"":""analyst-analyst-estimates"",""name"":""Analyst Estimates""}","[]","MATRIX","TOP500","0"
"0","{""id"":""analyst"",""name"":""Analyst""}","1","{""id"":""analyst7"",""name"":""Broker Estimates""}","1","2026-07-01","1","Count of unique IDs of industry participants. Industry stands for an aggregate view of all  equity clearance activity for the date, symbol, and transaction type in question.","est_12m_tbv_lowerednum_1mth","2","DEU","{""id"":""analyst-analyst-estimates"",""name"":""Analyst Estimates""}","[]","MATRIX","TOP500","0"
"0","{""id"":""analyst"",""name"":""Analyst""}","1","{""id"":""analyst7"",""name"":""Broker Estimates""}","1","2026-07-01","1","Number of lowered analyst estimate of tangible book value per share regarding the next 4 quarters, where old and new estimate were made in past 4 weeks","est_12m_tbv_lowerednum_4wks","2","DEU","{""id"":""analyst-analyst-estimates"",""name"":""Analyst Estimates""}","[]","MATRIX","TOP500","0"
"0","{""id"":""analyst"",""name"":""Analyst""}","1","{""id"":""analyst7"",""name"":""Broker Estimates""}","1","2026-07-01","1","Number of lowered analyst estimate of tangible book value per share regarding the next 4 quarters, since last weekly update","est_12m_tbv_lowered_1wk","2","DEU","{""id"":""analyst-analyst-estimates"",""name"":""Analyst Estimates""}","[]","MATRIX","TOP500","0"
"0","{""id"":""analyst"",""name"":""Analyst""}","0.4855","{""id"":""analyst7"",""name"":""Broker Estimates""}","1","2026-07-01","1","Lowest analyst estimate of tangible book value per share regarding the next 4 quarters, made in the past 3 months","est_12m_tbv_low_3mth_ago","2","DEU","{""id"":""analyst-analyst-estimates"",""name"":""Analyst Estimates""}","[]","MATRIX","TOP500","0"
"0","{""id"":""analyst"",""name"":""Analyst""}","0.4938","{""id"":""analyst7"",""name"":""Broker Estimates""}","1","2026-07-01","1","Lowest analyst estimate of tangible book value per share regarding the next 4 quarters, made in the past 4 weeks","est_12m_tbv_low_4wks_ago","2","DEU","{""id"":""analyst-analyst-estimates"",""name"":""Analyst Estimates""}","[]","MATRIX","TOP500","0"
"0","{""id"":""analyst"",""name"":""Analyst""}","0.529","{""id"":""analyst7"",""name"":""Broker Estimates""}","1","2026-07-01","1","Mean analyst estimate of tangible book value per share regarding the next 4 quarters","est_12m_tbv_mean","2","DEU","{""id"":""analyst-analyst-estimates"",""name"":""Analyst Estimates""}","[]","MATRIX","TOP500","0"
"0","{""id"":""analyst"",""name"":""Analyst""}","0.4703","{""id"":""analyst7"",""name"":""Broker Estimates""}","1","2026-07-01","1","Mean analyst estimate of tangible book value per share regarding the next 4 quarters, made in the last 28 days","est_12m_tbv_mean_28d","2","DEU","{""id"":""analyst-analyst-estimates"",""name"":""Analyst Estimates""}","[]","MATRIX","TOP500","0"
"0","{""id"":""analyst"",""name"":""Analyst""}","0.4855","{""id"":""analyst7"",""name"":""Broker Estimates""}","1","2026-07-01","1","Mean analyst estimate of tangible book value per share regarding the next 4 quarters, made in past 3 months","est_12m_tbv_mean_3mth_ago","2","DEU","{""id"":""analyst-analyst-estimates"",""name"":""Analyst Estimates""}","[]","MATRIX","TOP500","0"
"0","{""id"":""analyst"",""name"":""Analyst""}","0.4938","{""id"":""analyst7"",""name"":""Broker Estimates""}","1","2026-07-01","1","Mean analyst estimate of tangible book value per share regarding the next 4 quarters, made in the past 4 weeks","est_12m_tbv_mean_4wks_ago","2","DEU","{""id"":""analyst-analyst-estimates"",""name"":""Analyst Estimates""}","[]","MATRIX","TOP500","0"
"0","{""id"":""analyst"",""name"":""Analyst""}","0.529","{""id"":""analyst7"",""name"":""Broker Estimates""}","1","2026-07-01","1","Median analyst estimate of tangible book value per share regarding the next 4 quarters","est_12m_tbv_median","2","DEU","{""id"":""analyst-analyst-estimates"",""name"":""Analyst Estimates""}","[]","MATRIX","TOP500","0"
"0","{""id"":""analyst"",""name"":""Analyst""}","0.4855","{""id"":""analyst7"",""name"":""Broker Estimates""}","1","2026-07-01","1","Median analyst estimate of tangible book value per share regarding the next 4 quarters, made in past 3 months","est_12m_tbv_median_3mth_ago","2","DEU","{""id"":""analyst-analyst-estimates"",""name"":""Analyst Estimates""}","[]","MATRIX","TOP500","0"
"0","{""id"":""analyst"",""name"":""Analyst""}","0.4938","{""id"":""analyst7"",""name"":""Broker Estimates""}","1","2026-07-01","1","Median analyst estimate of tangible book value per share regarding the next 4 quarters, made in past 4 weeks","est_12m_tbv_median_4wks_ago","2","DEU","{""id"":""analyst-analyst-estimates"",""name"":""Analyst Estimates""}","[]","MATRIX","TOP500","0"
"0","{""id"":""analyst"",""name"":""Analyst""}","1","{""id"":""analyst7"",""name"":""Broker Estimates""}","1","2026-07-01","1","Number of analyst estimates of tangible book value per share regarding the next 4 quarters","est_12m_tbv_num","2","DEU","{""id"":""analyst-analyst-estimates"",""name"":""Analyst Estimates""}","[]","MATRIX","TOP500","0"
"0","{""id"":""analyst"",""name"":""Analyst""}","1","{""id"":""analyst7"",""name"":""Broker Estimates""}","1","2026-07-01","1","Number of analyst estimates of tangible book value per share regarding the next 4 quarters, made in the last 28 days","est_12m_tbv_num_28d","2","DEU","{""id"":""analyst-analyst-estimates"",""name"":""Analyst Estimates""}","[]","MATRIX","TOP500","0"
"0","{""id"":""analyst"",""name"":""Analyst""}","1","{""id"":""analyst7"",""name"":""Broker Estimates""}","1","2026-07-01","1","Number of analyst estimates of tangible book value per share regarding the next 4 quarters, made in the past 3 months","est_12m_tbv_num_3mth_ago","2","DEU","{""id"":""analyst-analyst-estimates"",""name"":""Analyst Estimates""}","[]","MATRIX","TOP500","0"
"0","{""id"":""analyst"",""name"":""Analyst""}","1","{""id"":""analyst7"",""name"":""Broker Estimates""}","1","2026-07-01","1","Number of analyst estimates of tangible book value per share regarding the next 4 quarters, where old and new estimates were made in the past 4 weeks","est_12m_tbv_num_4wks_ago","2","DEU","{""id"":""analyst-analyst-estimates"",""name"":""Analyst Estimates""}","[]","MATRIX","TOP500","0"
"0","{""id"":""analyst"",""name"":""Analyst""}","1","{""id"":""analyst7"",""name"":""Broker Estimates""}","1","2026-07-01","1","Number of raised analyst estimates of tangible book value per share regarding the next 4 quarters, compared to the last monthly update","est_12m_tbv_raisednum_1mth","2","DEU","{""id"":""analyst-analyst-estimates"",""name"":""Analyst Estimates""}","[]","MATRIX","TOP500","0"
"0","{""id"":""analyst"",""name"":""Analyst""}","1","{""id"":""analyst7"",""name"":""Broker Estimates""}","1","2026-07-01","1","Number of raised analyst estimates of tangible book value per share regarding the next 4 quarters, where old and new estimates were made in past 4 weeks","est_12m_tbv_raisednum_4wks","2","DEU","{""id"":""analyst-analyst-estimates"",""name"":""Analyst Estimates""}","[]","MATRIX","TOP500","0"
"0","{""id"":""analyst"",""name"":""Analyst""}","1","{""id"":""analyst7"",""name"":""Broker Estimates""}","1","2026-07-01","1","Number of raised analyst estimates of tangible book value per share regarding the next 4 quarters, compared to the last weekly update","est_12m_tbv_raised_1wk","2","DEU","{""id"":""analyst-analyst-estimates"",""name"":""Analyst Estimates""}","[]","MATRIX","TOP500","0"
"0","{""id"":""analyst"",""name"":""Analyst""}","0.1368","{""id"":""analyst7"",""name"":""Broker Estimates""}","1","2026-07-01","1","Standard deviation of analyst estimate of tangible book value per share regarding the next 4 quarters","est_12m_tbv_std","2","DEU","{""id"":""analyst-analyst-estimates"",""name"":""Analyst Estimates""}","[]","MATRIX","TOP500","0"
"0","{""id"":""analyst"",""name"":""Analyst""}","0.1455","{""id"":""analyst7"",""name"":""Broker Estimates""}","1","2026-07-01","1","Standard deviation of the analyst estimates of tangible book value per share regarding the next 4 quarters, made in the past 3 months","est_12m_tbv_std_3mth_ago","2","DEU","{""id"":""analyst-analyst-estimates"",""name"":""Analyst Estimates""}","[]","MATRIX","TOP500","0"
"0","{""id"":""analyst"",""name"":""Analyst""}","0.1359","{""id"":""analyst7"",""name"":""Broker Estimates""}","1","2026-07-01","1","Standard deviation of the analyst estimate of tangible book value per share regarding the next 4 quarters, made in the past 4 weeks","est_12m_tbv_std_4wks_ago","2","DEU","{""id"":""analyst-analyst-estimates"",""name"":""Analyst Estimates""}","[]","MATRIX","TOP500","0"
"0","{""id"":""analyst"",""name"":""Analyst""}","0.3549","{""id"":""analyst7"",""name"":""Broker Estimates""}","1","2026-07-01","1","Highest analyst estimate of dividend per share regarding the next quarter","est_q_dps_high","2","DEU","{""id"":""analyst-analyst-estimates"",""name"":""Analyst Estimates""}","[]","MATRIX","TOP500","0"
"0","{""id"":""analyst"",""name"":""Analyst""}","0.292","{""id"":""analyst7"",""name"":""Broker Estimates""}","1","2026-07-01","1","Highest analyst estimate of dividend per share regarding the next quarter, made in past 3 months","est_q_dps_high_3mth_ago","2","DEU","{""id"":""analyst-analyst-estimates"",""name"":""Analyst Estimates""}","[]","MATRIX","TOP500","0"
"0","{""id"":""analyst"",""name"":""Analyst""}","0.3077","{""id"":""analyst7"",""name"":""Broker Estimates""}","1","2026-07-01","1","Highest analyst estimate of dividend per share regarding the next quarter, made in past 4 weeks","est_q_dps_high_4wks_ago","2","DEU","{""id"":""analyst-analyst-estimates"",""name"":""Analyst Estimates""}","[]","MATRIX","TOP500","0"
"0","{""id"":""analyst"",""name"":""Analyst""}","0.3549","{""id"":""analyst7"",""name"":""Broker Estimates""}","1","2026-07-01","1","Lowest analyst estimate of dividend per share regarding the next quarter","est_q_dps_low","2","DEU","{""id"":""analyst-analyst-estimates"",""name"":""Analyst Estimates""}","[]","MATRIX","TOP500","0"
"0","{""id"":""analyst"",""name"":""Analyst""}","1","{""id"":""analyst7"",""name"":""Broker Estimates""}","1","2026-07-01","1","Count of unique IDs of industry participants. Industry stands for an aggregate view of all  equity clearance activity for the date, symbol, and transaction type in question.","est_q_dps_lowerednum_1mth","2","DEU","{""id"":""analyst-analyst-estimates"",""name"":""Analyst Estimates""}","[]","MATRIX","TOP500","0"
"0","{""id"":""analyst"",""name"":""Analyst""}","1","{""id"":""analyst7"",""name"":""Broker Estimates""}","1","2026-07-01","1","Number of lowered analyst estimates of dividend per share regarding the next quarter, where old and new estimates were made in past 4 weeks","est_q_dps_lowerednum_4wks","2","DEU","{""id"":""analyst-analyst-estimates"",""name"":""Analyst Estimates""}","[]","MATRIX","TOP500","0"
"0","{""id"":""analyst"",""name"":""Analyst""}","1","{""id"":""analyst7"",""name"":""Broker Estimates""}","1","2026-07-01","1","Count of unique IDs of industry participants. Industry stands for an aggregate view of all  equity clearance activity for the date, symbol, and transaction type in question.","est_q_dps_lowered_1wk","2","DEU","{""id"":""analyst-analyst-estimates"",""name"":""Analyst Estimates""}","[]","MATRIX","TOP500","0"
"0","{""id"":""analyst"",""name"":""Analyst""}","0.292","{""id"":""analyst7"",""name"":""Broker Estimates""}","1","2026-07-01","1","Lowest analyst estimate of dividend per share regarding the next quarter, made in past 3 months","est_q_dps_low_3mth_ago","2","DEU","{""id"":""analyst-analyst-estimates"",""name"":""Analyst Estimates""}","[]","MATRIX","TOP500","0"
"0","{""id"":""analyst"",""name"":""Analyst""}","0.3077","{""id"":""analyst7"",""name"":""Broker Estimates""}","1","2026-07-01","1","Lowest analyst estimate of dividend per share regarding the next quarter, made in the past 4 weeks","est_q_dps_low_4wks_ago","2","DEU","{""id"":""analyst-analyst-estimates"",""name"":""Analyst Estimates""}","[]","MATRIX","TOP500","0"
"0","{""id"":""analyst"",""name"":""Analyst""}","0.3549","{""id"":""analyst7"",""name"":""Broker Estimates""}","1","2026-07-01","1","Mean analyst estimate of dividend per share regarding the next quarter","est_q_dps_mean","2","DEU","{""id"":""analyst-analyst-estimates"",""name"":""Analyst Estimates""}","[]","MATRIX","TOP500","0"
"0","{""id"":""analyst"",""name"":""Analyst""}","0.292","{""id"":""analyst7"",""name"":""Broker Estimates""}","1","2026-07-01","1","Mean analyst estimate of dividend per share regarding the next quarter, made in past 3 months","est_q_dps_mean_3mth_ago","2","DEU","{""id"":""analyst-analyst-estimates"",""name"":""Analyst Estimates""}","[]","MATRIX","TOP500","0"
"0","{""id"":""analyst"",""name"":""Analyst""}","0.3077","{""id"":""analyst7"",""name"":""Broker Estimates""}","1","2026-07-01","1","Mean analyst estimate of dividend per share regarding the next quarter, made in the past 4 weeks","est_q_dps_mean_4wks_ago","2","DEU","{""id"":""analyst-analyst-estimates"",""name"":""Analyst Estimates""}","[]","MATRIX","TOP500","0"
"0","{""id"":""analyst"",""name"":""Analyst""}","0.3549","{""id"":""analyst7"",""name"":""Broker Estimates""}","1","2026-07-01","1","Median analyst estimate of dividend per share regarding the next quarter","est_q_dps_median","2","DEU","{""id"":""analyst-analyst-estimates"",""name"":""Analyst Estimates""}","[]","MATRIX","TOP500","0"
"0","{""id"":""analyst"",""name"":""Analyst""}","0.292","{""id"":""analyst7"",""name"":""Broker Estimates""}","1","2026-07-01","1","Median analyst estimate of dividend per share regarding the next quarter, made in the past 3 months","est_q_dps_median_3mth_ago","2","DEU","{""id"":""analyst-analyst-estimates"",""name"":""Analyst Estimates""}","[]","MATRIX","TOP500","0"
"0","{""id"":""analyst"",""name"":""Analyst""}","0.3077","{""id"":""analyst7"",""name"":""Broker Estimates""}","1","2026-07-01","1","Median analyst estimate of dividend per share regarding the next quarter, made in past 4 weeks","est_q_dps_median_4wks_ago","2","DEU","{""id"":""analyst-analyst-estimates"",""name"":""Analyst Estimates""}","[]","MATRIX","TOP500","0"
"0","{""id"":""analyst"",""name"":""Analyst""}","1","{""id"":""analyst7"",""name"":""Broker Estimates""}","1","2026-07-01","1","Number of analyst estimates of dividend per share regarding the next quarter","est_q_dps_num","2","DEU","{""id"":""analyst-analyst-estimates"",""name"":""Analyst Estimates""}","[]","MATRIX","TOP500","0"
"0","{""id"":""analyst"",""name"":""Analyst""}","1","{""id"":""analyst7"",""name"":""Broker Estimates""}","1","2026-07-01","1","Number of analyst estimates of dividend per share regarding the next quarter, made in the last 28 days","est_q_dps_num_28d","2","DEU","{""id"":""analyst-analyst-estimates"",""name"":""Analyst Estimates""}","[]","MATRIX","TOP500","0"
"0","{""id"":""analyst"",""name"":""Analyst""}","1","{""id"":""analyst7"",""name"":""Broker Estimates""}","1","2026-07-01","1","Number of analyst estimates of dividend per share regarding the next quarter, made in past 3 months","est_q_dps_num_3mth_ago","2","DEU","{""id"":""analyst-analyst-estimates"",""name"":""Analyst Estimates""}","[]","MATRIX","TOP500","0"
"0","{""id"":""analyst"",""name"":""Analyst""}","1","{""id"":""analyst7"",""name"":""Broker Estimates""}","1","2026-07-01","1","Number of analyst estimates of dividend per share regarding the next quarter, where old and new estimates were made in the past 4 weeks","est_q_dps_num_4wks_ago","2","DEU","{""id"":""analyst-analyst-estimates"",""name"":""Analyst Estimates""}","[]","MATRIX","TOP500","0"
"0","{""id"":""analyst"",""name"":""Analyst""}","1","{""id"":""analyst7"",""name"":""Broker Estimates""}","1","2026-07-01","1","Number of raised analyst estimates of dividend per share regarding the next quarter, compared to last monthly update","est_q_dps_raisednum_1mth","2","DEU","{""id"":""analyst-analyst-estimates"",""name"":""Analyst Estimates""}","[]","MATRIX","TOP500","0"
"0","{""id"":""analyst"",""name"":""Analyst""}","1","{""id"":""analyst7"",""name"":""Broker Estimates""}","1","2026-07-01","1","Number of raised analyst estimates of dividend per share regarding the next quarter, where old and new estimates were made in past 4 weeks","est_q_dps_raisednum_4wks","2","DEU","{""id"":""analyst-analyst-estimates"",""name"":""Analyst Estimates""}","[]","MATRIX","TOP500","0"
"0","{""id"":""analyst"",""name"":""Analyst""}","1","{""id"":""analyst7"",""name"":""Broker Estimates""}","1","2026-07-01","1","Number of raised analyst estimates of dividend per share regarding the next quarter, compared to the last weekly update","est_q_dps_raised_1wk","2","DEU","{""id"":""analyst-analyst-estimates"",""name"":""Analyst Estimates""}","[]","MATRIX","TOP500","0"
"0","{""id"":""analyst"",""name"":""Analyst""}","0.562","{""id"":""analyst7"",""name"":""Broker Estimates""}","1","2026-07-01","1","Highest analyst estimate of EBITDA regarding the next quarter","est_q_ebt_high","2","DEU","{""id"":""analyst-analyst-estimates"",""name"":""Analyst Estimates""}","[]","MATRIX","TOP500","0"
"0","{""id"":""analyst"",""name"":""Analyst""}","0.2838","{""id"":""analyst7"",""name"":""Broker Estimates""}","1","2026-07-01","1","Highest analyst estimate of EBITDA regarding the next quarter, made in the past 3 months","est_q_ebt_high_3mth_ago","2","DEU","{""id"":""analyst-analyst-estimates"",""name"":""Analyst Estimates""}","[]","MATRIX","TOP500","0"
"0","{""id"":""analyst"",""name"":""Analyst""}","0.3185","{""id"":""analyst7"",""name"":""Broker Estimates""}","1","2026-07-01","1","Highest analyst estimate of EBITDA regarding the next quarter, made in the past 4 weeks","est_q_ebt_high_4wks_ago","2","DEU","{""id"":""analyst-analyst-estimates"",""name"":""Analyst Estimates""}","[]","MATRIX","TOP500","0"
"0","{""id"":""analyst"",""name"":""Analyst""}","0.562","{""id"":""analyst7"",""name"":""Broker Estimates""}","1","2026-07-01","1","Lowest analyst estimate of EBITDA regarding the next quarter","est_q_ebt_low","2","DEU","{""id"":""analyst-analyst-estimates"",""name"":""Analyst Estimates""}","[]","MATRIX","TOP500","0"
"0","{""id"":""analyst"",""name"":""Analyst""}","1","{""id"":""analyst7"",""name"":""Broker Estimates""}","1","2026-07-01","1","Count of unique IDs of industry participants. Industry stands for an aggregate view of all  equity clearance activity for the date, symbol, and transaction type in question.","est_q_ebt_lowerednum_1mth","2","DEU","{""id"":""analyst-analyst-estimates"",""name"":""Analyst Estimates""}","[]","MATRIX","TOP500","0"
"0","{""id"":""analyst"",""name"":""Analyst""}","1","{""id"":""analyst7"",""name"":""Broker Estimates""}","1","2026-07-01","1","Number of lowered analyst estimates of EBITDA regarding the next quarter, where old and new estimates were made in the past 4 weeks","est_q_ebt_lowerednum_4wks","2","DEU","{""id"":""analyst-analyst-estimates"",""name"":""Analyst Estimates""}","[]","MATRIX","TOP500","0"
"0","{""id"":""analyst"",""name"":""Analyst""}","1","{""id"":""analyst7"",""name"":""Broker Estimates""}","1","2026-07-01","1","Count of unique IDs of industry participants. Industry stands for an aggregate view of all  equity clearance activity for the date, symbol, and transaction type in question.","est_q_ebt_lowered_1wk","2","DEU","{""id"":""analyst-analyst-estimates"",""name"":""Analyst Estimates""}","[]","MATRIX","TOP500","0"
"0","{""id"":""analyst"",""name"":""Analyst""}","0.2838","{""id"":""analyst7"",""name"":""Broker Estimates""}","1","2026-07-01","1","Lowest analyst estimate of EBITDA regarding the next quarter, made in the past 3 months","est_q_ebt_low_3mth_ago","2","DEU","{""id"":""analyst-analyst-estimates"",""name"":""Analyst Estimates""}","[]","MATRIX","TOP500","0"
"0","{""id"":""analyst"",""name"":""Analyst""}","0.3185","{""id"":""analyst7"",""name"":""Broker Estimates""}","1","2026-07-01","1","Lowest analyst estimate of EBITDA regarding the next quarter, made in past 4 weeks","est_q_ebt_low_4wks_ago","2","DEU","{""id"":""analyst-analyst-estimates"",""name"":""Analyst Estimates""}","[]","MATRIX","TOP500","0"
"0","{""id"":""analyst"",""name"":""Analyst""}","0.562","{""id"":""analyst7"",""name"":""Broker Estimates""}","1","2026-07-01","1","Mean analyst estimate of EBITDA regarding the next quarter","est_q_ebt_mean","2","DEU","{""id"":""analyst-analyst-estimates"",""name"":""Analyst Estimates""}","[]","MATRIX","TOP500","0"
"0","{""id"":""analyst"",""name"":""Analyst""}","0.5012","{""id"":""analyst7"",""name"":""Broker Estimates""}","1","2026-07-01","1","Mean analyst estimate of EBITDA regarding the next quarter, made in the last 28 days","est_q_ebt_mean_28d","2","DEU","{""id"":""analyst-analyst-estimates"",""name"":""Analyst Estimates""}","[]","MATRIX","TOP500","0"
"0","{""id"":""analyst"",""name"":""Analyst""}","0.2838","{""id"":""analyst7"",""name"":""Broker Estimates""}","1","2026-07-01","1","Mean analyst estimate of EBITDA regarding the next quarter, made in the past 3 months","est_q_ebt_mean_3mth_ago","2","DEU","{""id"":""analyst-analyst-estimates"",""name"":""Analyst Estimates""}","[]","MATRIX","TOP500","0"
"0","{""id"":""analyst"",""name"":""Analyst""}","0.3185","{""id"":""analyst7"",""name"":""Broker Estimates""}","1","2026-07-01","1","Mean analyst estimate of EBITDA regarding the next quarter, made in past 4 weeks","est_q_ebt_mean_4wks_ago","2","DEU","{""id"":""analyst-analyst-estimates"",""name"":""Analyst Estimates""}","[]","MATRIX","TOP500","0"
"0","{""id"":""analyst"",""name"":""Analyst""}","0.562","{""id"":""analyst7"",""name"":""Broker Estimates""}","1","2026-07-01","1","Median analyst estimate of EBITDA regarding the next quarter","est_q_ebt_median","2","DEU","{""id"":""analyst-analyst-estimates"",""name"":""Analyst Estimates""}","[]","MATRIX","TOP500","0"
"0","{""id"":""analyst"",""name"":""Analyst""}","0.2838","{""id"":""analyst7"",""name"":""Broker Estimates""}","1","2026-07-01","1","Median analyst estimate of EBITDA regarding the next quarter, made in the past 3 months","est_q_ebt_median_3mth_ago","2","DEU","{""id"":""analyst-analyst-estimates"",""name"":""Analyst Estimates""}","[]","MATRIX","TOP500","0"
"0","{""id"":""analyst"",""name"":""Analyst""}","0.3185","{""id"":""analyst7"",""name"":""Broker Estimates""}","1","2026-07-01","1","Median analyst estimate of EBITDA regarding the next quarter, made in the past 4 weeks","est_q_ebt_median_4wks_ago","2","DEU","{""id"":""analyst-analyst-estimates"",""name"":""Analyst Estimates""}","[]","MATRIX","TOP500","0"
"0","{""id"":""analyst"",""name"":""Analyst""}","1","{""id"":""analyst7"",""name"":""Broker Estimates""}","1","2026-07-01","1","Number of analyst estimates of EBITDA regarding the next quarter","est_q_ebt_num","2","DEU","{""id"":""analyst-analyst-estimates"",""name"":""Analyst Estimates""}","[]","MATRIX","TOP500","0"
"0","{""id"":""analyst"",""name"":""Analyst""}","1","{""id"":""analyst7"",""name"":""Broker Estimates""}","1","2026-07-01","1","Number of analyst estimates of EBITDA regarding the next quarter, made in the last 28 days","est_q_ebt_num_28d","2","DEU","{""id"":""analyst-analyst-estimates"",""name"":""Analyst Estimates""}","[]","MATRIX","TOP500","0"
"0","{""id"":""analyst"",""name"":""Analyst""}","1","{""id"":""analyst7"",""name"":""Broker Estimates""}","1","2026-07-01","1","Number of analyst estimates of EBITDA regarding the next quarter, made in the past 3 months","est_q_ebt_num_3mth_ago","2","DEU","{""id"":""analyst-analyst-estimates"",""name"":""Analyst Estimates""}","[]","MATRIX","TOP500","0"
"0","{""id"":""analyst"",""name"":""Analyst""}","1","{""id"":""analyst7"",""name"":""Broker Estimates""}","1","2026-07-01","1","Number of analyst estimates of EBITDA regarding the next quarter, where old and new estimates were made in the past 4 weeks","est_q_ebt_num_4wks_ago","2","DEU","{""id"":""analyst-analyst-estimates"",""name"":""Analyst Estimates""}","[]","MATRIX","TOP500","0"
"0","{""id"":""analyst"",""name"":""Analyst""}","1","{""id"":""analyst7"",""name"":""Broker Estimates""}","1","2026-07-01","1","Number of raised analyst estimates of EBITDA regarding the next quarter, compared to last monthly update","est_q_ebt_raisednum_1mth","2","DEU","{""id"":""analyst-analyst-estimates"",""name"":""Analyst Estimates""}","[]","MATRIX","TOP500","0"
"0","{""id"":""analyst"",""name"":""Analyst""}","1","{""id"":""analyst7"",""name"":""Broker Estimates""}","1","2026-07-01","1","Number of raised analyst estimates of EBITDA regarding the next quarter, where old and new estimates were made in the past 4 weeks","est_q_ebt_raisednum_4wks","2","DEU","{""id"":""analyst-analyst-estimates"",""name"":""Analyst Estimates""}","[]","MATRIX","TOP500","0"
"0","{""id"":""analyst"",""name"":""Analyst""}","1","{""id"":""analyst7"",""name"":""Broker Estimates""}","1","2026-07-01","1","Number of raised analyst estimates of EBITDA regarding the next quarter, compared to last weekly update","est_q_ebt_raised_1wk","2","DEU","{""id"":""analyst-analyst-estimates"",""name"":""Analyst Estimates""}","[]","MATRIX","TOP500","0"
"0","{""id"":""analyst"",""name"":""Analyst""}","0.2277","{""id"":""analyst7"",""name"":""Broker Estimates""}","1","2026-07-01","1","Standard deviation of analyst estimate of EBITDA regarding the next quarter","est_q_ebt_std","2","DEU","{""id"":""analyst-analyst-estimates"",""name"":""Analyst Estimates""}","[]","MATRIX","TOP500","0"
"0","{""id"":""analyst"",""name"":""Analyst""}","0.1937","{""id"":""analyst7"",""name"":""Broker Estimates""}","1","2026-07-01","1","Standard deviation of the analyst estimate of EBITDA regarding the next quarter, made in the last 28 days","est_q_ebt_std_28d","2","DEU","{""id"":""analyst-analyst-estimates"",""name"":""Analyst Estimates""}","[]","MATRIX","TOP500","0"
"0","{""id"":""analyst"",""name"":""Analyst""}","0.3898","{""id"":""analyst7"",""name"":""Broker Estimates""}","1","2026-07-01","1","Highest analyst estimate of net debt regarding the next quarter","est_q_ndt_high","2","DEU","{""id"":""analyst-analyst-estimates"",""name"":""Analyst Estimates""}","[]","MATRIX","TOP500","0"
"0","{""id"":""analyst"",""name"":""Analyst""}","0.2286","{""id"":""analyst7"",""name"":""Broker Estimates""}","1","2026-07-01","1","Highest analyst estimate of net debt regarding the next quarter, made in the past 3 months","est_q_ndt_high_3mth_ago","2","DEU","{""id"":""analyst-analyst-estimates"",""name"":""Analyst Estimates""}","[]","MATRIX","TOP500","0"
"0","{""id"":""analyst"",""name"":""Analyst""}","0.3144","{""id"":""analyst7"",""name"":""Broker Estimates""}","1","2026-07-01","1","Highest analyst estimate of net debt regarding the next quarter, made in the past 4 weeks","est_q_ndt_high_4wks_ago","2","DEU","{""id"":""analyst-analyst-estimates"",""name"":""Analyst Estimates""}","[]","MATRIX","TOP500","0"
"0","{""id"":""analyst"",""name"":""Analyst""}","0.3898","{""id"":""analyst7"",""name"":""Broker Estimates""}","1","2026-07-01","1","Lowest analyst estimate of net debt regarding the next quarter","est_q_ndt_low","2","DEU","{""id"":""analyst-analyst-estimates"",""name"":""Analyst Estimates""}","[]","MATRIX","TOP500","0"
"0","{""id"":""analyst"",""name"":""Analyst""}","1","{""id"":""analyst7"",""name"":""Broker Estimates""}","1","2026-07-01","1","Count of unique IDs of industry participants. Industry stands for an aggregate view of all  equity clearance activity for the date, symbol, and transaction type in question.","est_q_ndt_lowerednum_1mth","2","DEU","{""id"":""analyst-analyst-estimates"",""name"":""Analyst Estimates""}","[]","MATRIX","TOP500","0"
"0","{""id"":""analyst"",""name"":""Analyst""}","1","{""id"":""analyst7"",""name"":""Broker Estimates""}","1","2026-07-01","1","Number of lowered analyst estimates of net debt regarding the next quarter, where old and new estimates were made in past 4 weeks","est_q_ndt_lowerednum_4wks","2","DEU","{""id"":""analyst-analyst-estimates"",""name"":""Analyst Estimates""}","[]","MATRIX","TOP500","0"
"0","{""id"":""analyst"",""name"":""Analyst""}","1","{""id"":""analyst7"",""name"":""Broker Estimates""}","1","2026-07-01","1","Count of unique IDs of industry participants. Industry stands for an aggregate view of all  equity clearance activity for the date, symbol, and transaction type in question.","est_q_ndt_lowered_1wk","2","DEU","{""id"":""analyst-analyst-estimates"",""name"":""Analyst Estimates""}","[]","MATRIX","TOP500","0"
"0","{""id"":""analyst"",""name"":""Analyst""}","0.2286","{""id"":""analyst7"",""name"":""Broker Estimates""}","1","2026-07-01","1","Lowest analyst estimate of net debt regarding the next quarter, made in past 3 months","est_q_ndt_low_3mth_ago","2","DEU","{""id"":""analyst-analyst-estimates"",""name"":""Analyst Estimates""}","[]","MATRIX","TOP500","0"
"0","{""id"":""analyst"",""name"":""Analyst""}","0.3144","{""id"":""analyst7"",""name"":""Broker Estimates""}","1","2026-07-01","1","Lowest analyst estimate of net debt regarding the next quarter, made in the past 4 weeks","est_q_ndt_low_4wks_ago","2","DEU","{""id"":""analyst-analyst-estimates"",""name"":""Analyst Estimates""}","[]","MATRIX","TOP500","0"
"0","{""id"":""analyst"",""name"":""Analyst""}","0.3898","{""id"":""analyst7"",""name"":""Broker Estimates""}","1","2026-07-01","1","Mean analyst estimate of net debt regarding the next quarter","est_q_ndt_mean","2","DEU","{""id"":""analyst-analyst-estimates"",""name"":""Analyst Estimates""}","[]","MATRIX","TOP500","0"
"0","{""id"":""analyst"",""name"":""Analyst""}","0.3654","{""id"":""analyst7"",""name"":""Broker Estimates""}","1","2026-07-01","1","Mean analyst estimate of net debt regarding the next quarter, made in the last 28 days","est_q_ndt_mean_28d","2","DEU","{""id"":""analyst-analyst-estimates"",""name"":""Analyst Estimates""}","[]","MATRIX","TOP500","0"
"0","{""id"":""analyst"",""name"":""Analyst""}","0.2286","{""id"":""analyst7"",""name"":""Broker Estimates""}","1","2026-07-01","1","Mean analyst estimate of net debt regarding the next quarter, made in past 3 months","est_q_ndt_mean_3mth_ago","2","DEU","{""id"":""analyst-analyst-estimates"",""name"":""Analyst Estimates""}","[]","MATRIX","TOP500","0"
"0","{""id"":""analyst"",""name"":""Analyst""}","0.3144","{""id"":""analyst7"",""name"":""Broker Estimates""}","1","2026-07-01","1","Mean analyst estimate of net debt regarding the next quarter, made in the past 4 weeks","est_q_ndt_mean_4wks_ago","2","DEU","{""id"":""analyst-analyst-estimates"",""name"":""Analyst Estimates""}","[]","MATRIX","TOP500","0"
"0","{""id"":""analyst"",""name"":""Analyst""}","0.3898","{""id"":""analyst7"",""name"":""Broker Estimates""}","1","2026-07-01","1","Median analyst estimate of net debt regarding the next quarter","est_q_ndt_median","2","DEU","{""id"":""analyst-analyst-estimates"",""name"":""Analyst Estimates""}","[]","MATRIX","TOP500","0"
"0","{""id"":""analyst"",""name"":""Analyst""}","0.2286","{""id"":""analyst7"",""name"":""Broker Estimates""}","1","2026-07-01","1","Median analyst estimate of net debt regarding the next quarter, made in the past 3 months","est_q_ndt_median_3mth_ago","2","DEU","{""id"":""analyst-analyst-estimates"",""name"":""Analyst Estimates""}","[]","MATRIX","TOP500","0"
"0","{""id"":""analyst"",""name"":""Analyst""}","0.3144","{""id"":""analyst7"",""name"":""Broker Estimates""}","1","2026-07-01","1","Median analyst estimate of net debt regarding the next quarter, made in the past 4 weeks","est_q_ndt_median_4wks_ago","2","DEU","{""id"":""analyst-analyst-estimates"",""name"":""Analyst Estimates""}","[]","MATRIX","TOP500","0"
"0","{""id"":""analyst"",""name"":""Analyst""}","1","{""id"":""analyst7"",""name"":""Broker Estimates""}","1","2026-07-01","1","Number of analyst estimates of net debt regarding the next quarter","est_q_ndt_num","2","DEU","{""id"":""analyst-analyst-estimates"",""name"":""Analyst Estimates""}","[]","MATRIX","TOP500","0"
"0","{""id"":""analyst"",""name"":""Analyst""}","1","{""id"":""analyst7"",""name"":""Broker Estimates""}","1","2026-07-01","1","Number of analyst estimates of net debt regarding the next quarter, made in the last 28 days","est_q_ndt_num_28d","2","DEU","{""id"":""analyst-analyst-estimates"",""name"":""Analyst Estimates""}","[]","MATRIX","TOP500","0"
"0","{""id"":""analyst"",""name"":""Analyst""}","1","{""id"":""analyst7"",""name"":""Broker Estimates""}","1","2026-07-01","1","Number of analyst estimates of net debt regarding the next quarter, made in past 3 months","est_q_ndt_num_3mth_ago","2","DEU","{""id"":""analyst-analyst-estimates"",""name"":""Analyst Estimates""}","[]","MATRIX","TOP500","0"
"0","{""id"":""analyst"",""name"":""Analyst""}","1","{""id"":""analyst7"",""name"":""Broker Estimates""}","1","2026-07-01","1","Number of analyst estimates of net debt regarding the next quarter, where old and new estimates were made in the past 4 weeks","est_q_ndt_num_4wks_ago","2","DEU","{""id"":""analyst-analyst-estimates"",""name"":""Analyst Estimates""}","[]","MATRIX","TOP500","0"
"0","{""id"":""analyst"",""name"":""Analyst""}","1","{""id"":""analyst7"",""name"":""Broker Estimates""}","1","2026-07-01","1","Number of raised analyst estimates of net debt regarding the next quarter, compared to last monthly update","est_q_ndt_raisednum_1mth","2","DEU","{""id"":""analyst-analyst-estimates"",""name"":""Analyst Estimates""}","[]","MATRIX","TOP500","0"
"0","{""id"":""analyst"",""name"":""Analyst""}","1","{""id"":""analyst7"",""name"":""Broker Estimates""}","1","2026-07-01","1","Number of raised analyst estimates of net debt regarding the next quarter, where old and new estimates were made in the past 4 weeks","est_q_ndt_raisednum_4wks","2","DEU","{""id"":""analyst-analyst-estimates"",""name"":""Analyst Estimates""}","[]","MATRIX","TOP500","0"
"0","{""id"":""analyst"",""name"":""Analyst""}","1","{""id"":""analyst7"",""name"":""Broker Estimates""}","1","2026-07-01","1","Number of raised analyst estimates of net debt regarding the next quarter, compared to the last weekly update","est_q_ndt_raised_1wk","2","DEU","{""id"":""analyst-analyst-estimates"",""name"":""Analyst Estimates""}","[]","MATRIX","TOP500","0"
"0","{""id"":""analyst"",""name"":""Analyst""}","0.5451","{""id"":""analyst7"",""name"":""Broker Estimates""}","1","2026-07-01","1","Highest analyst estimate of net profit as reported regarding the next quarter","est_q_ner_high","2","DEU","{""id"":""analyst-analyst-estimates"",""name"":""Analyst Estimates""}","[]","MATRIX","TOP500","0"
"0","{""id"":""analyst"",""name"":""Analyst""}","0.2586","{""id"":""analyst7"",""name"":""Broker Estimates""}","1","2026-07-01","1","Highest analyst estimate of net profit as reported regarding the next quarter, made in the past 3 months","est_q_ner_high_3mth_ago","2","DEU","{""id"":""analyst-analyst-estimates"",""name"":""Analyst Estimates""}","[]","MATRIX","TOP500","0"
"0","{""id"":""analyst"",""name"":""Analyst""}","0.2891","{""id"":""analyst7"",""name"":""Broker Estimates""}","1","2026-07-01","1","Highest analyst estimate of net profit as reported regarding the next quarter, made in the past 4 weeks","est_q_ner_high_4wks_ago","2","DEU","{""id"":""analyst-analyst-estimates"",""name"":""Analyst Estimates""}","[]","MATRIX","TOP500","0"
"0","{""id"":""analyst"",""name"":""Analyst""}","0.5451","{""id"":""analyst7"",""name"":""Broker Estimates""}","1","2026-07-01","1","Lowest analyst estimate of net profit as reported regarding the next quarter","est_q_ner_low","2","DEU","{""id"":""analyst-analyst-estimates"",""name"":""Analyst Estimates""}","[]","MATRIX","TOP500","0"
"0","{""id"":""analyst"",""name"":""Analyst""}","1","{""id"":""analyst7"",""name"":""Broker Estimates""}","1","2026-07-01","1","Count of unique IDs of industry participants. Industry stands for an aggregate view of all  equity clearance activity for the date, symbol, and transaction type in question.","est_q_ner_lowerednum_1mth","2","DEU","{""id"":""analyst-analyst-estimates"",""name"":""Analyst Estimates""}","[]","MATRIX","TOP500","0"
"0","{""id"":""analyst"",""name"":""Analyst""}","1","{""id"":""analyst7"",""name"":""Broker Estimates""}","1","2026-07-01","1","Number of lowered analyst estimates of net profit as reported regarding the next quarter, where old and new estimates were made in the past 4 weeks","est_q_ner_lowerednum_4wks","2","DEU","{""id"":""analyst-analyst-estimates"",""name"":""Analyst Estimates""}","[]","MATRIX","TOP500","0"
"0","{""id"":""analyst"",""name"":""Analyst""}","1","{""id"":""analyst7"",""name"":""Broker Estimates""}","1","2026-07-01","1","Count of unique IDs of industry participants. Industry stands for an aggregate view of all  equity clearance activity for the date, symbol, and transaction type in question.","est_q_ner_lowered_1wk","2","DEU","{""id"":""analyst-analyst-estimates"",""name"":""Analyst Estimates""}","[]","MATRIX","TOP500","0"
"0","{""id"":""analyst"",""name"":""Analyst""}","0.2586","{""id"":""analyst7"",""name"":""Broker Estimates""}","1","2026-07-01","1","Lowest analyst estimate of net profit as reported regarding the next quarter, made in past 3 months","est_q_ner_low_3mth_ago","2","DEU","{""id"":""analyst-analyst-estimates"",""name"":""Analyst Estimates""}","[]","MATRIX","TOP500","0"
"0","{""id"":""analyst"",""name"":""Analyst""}","0.2891","{""id"":""analyst7"",""name"":""Broker Estimates""}","1","2026-07-01","1","Lowest analyst estimate of net profit as reported regarding the next quarter, made in the past 4 weeks","est_q_ner_low_4wks_ago","2","DEU","{""id"":""analyst-analyst-estimates"",""name"":""Analyst Estimates""}","[]","MATRIX","TOP500","0"
"0","{""id"":""analyst"",""name"":""Analyst""}","0.5451","{""id"":""analyst7"",""name"":""Broker Estimates""}","1","2026-07-01","1","Mean analyst estimate of net profit as reported regarding the next quarter","est_q_ner_mean","2","DEU","{""id"":""analyst-analyst-estimates"",""name"":""Analyst Estimates""}","[]","MATRIX","TOP500","0"
"0","{""id"":""analyst"",""name"":""Analyst""}","0.5039","{""id"":""analyst7"",""name"":""Broker Estimates""}","1","2026-07-01","1","Mean analyst estimate of net profit as reported regarding the next quarter, made in the last 28 days","est_q_ner_mean_28d","2","DEU","{""id"":""analyst-analyst-estimates"",""name"":""Analyst Estimates""}","[]","MATRIX","TOP500","0"
"0","{""id"":""analyst"",""name"":""Analyst""}","0.2586","{""id"":""analyst7"",""name"":""Broker Estimates""}","1","2026-07-01","1","Mean analyst estimate of net profit as reported regarding the next quarter, made in the past 3 months","est_q_ner_mean_3mth_ago","2","DEU","{""id"":""analyst-analyst-estimates"",""name"":""Analyst Estimates""}","[]","MATRIX","TOP500","0"
"0","{""id"":""analyst"",""name"":""Analyst""}","0.2891","{""id"":""analyst7"",""name"":""Broker Estimates""}","1","2026-07-01","1","Mean analyst estimate of net profit as reported regarding the next quarter, made in the past 4 weeks","est_q_ner_mean_4wks_ago","2","DEU","{""id"":""analyst-analyst-estimates"",""name"":""Analyst Estimates""}","[]","MATRIX","TOP500","0"
"0","{""id"":""analyst"",""name"":""Analyst""}","0.5451","{""id"":""analyst7"",""name"":""Broker Estimates""}","1","2026-07-01","1","Median analyst estimate of net profit as reported regarding the next quarter","est_q_ner_median","2","DEU","{""id"":""analyst-analyst-estimates"",""name"":""Analyst Estimates""}","[]","MATRIX","TOP500","0"
"0","{""id"":""analyst"",""name"":""Analyst""}","0.2586","{""id"":""analyst7"",""name"":""Broker Estimates""}","1","2026-07-01","1","Median analyst estimate of net profit as reported regarding the next quarter, made in the past 3 months","est_q_ner_median_3mth_ago","2","DEU","{""id"":""analyst-analyst-estimates"",""name"":""Analyst Estimates""}","[]","MATRIX","TOP500","0"
"0","{""id"":""analyst"",""name"":""Analyst""}","0.2891","{""id"":""analyst7"",""name"":""Broker Estimates""}","1","2026-07-01","1","Median analyst estimate of net profit as reported regarding the next quarter, made in past 4 weeks","est_q_ner_median_4wks_ago","2","DEU","{""id"":""analyst-analyst-estimates"",""name"":""Analyst Estimates""}","[]","MATRIX","TOP500","0"
"0","{""id"":""analyst"",""name"":""Analyst""}","1","{""id"":""analyst7"",""name"":""Broker Estimates""}","1","2026-07-01","1","Number of analyst estimates of net profit as reported regarding the next quarter","est_q_ner_num","2","DEU","{""id"":""analyst-analyst-estimates"",""name"":""Analyst Estimates""}","[]","MATRIX","TOP500","0"
"0","{""id"":""analyst"",""name"":""Analyst""}","1","{""id"":""analyst7"",""name"":""Broker Estimates""}","1","2026-07-01","1","Number of analyst estimates of net profit as reported regarding the next quarter, made in the last 28 days","est_q_ner_num_28d","2","DEU","{""id"":""analyst-analyst-estimates"",""name"":""Analyst Estimates""}","[]","MATRIX","TOP500","0"
"0","{""id"":""analyst"",""name"":""Analyst""}","1","{""id"":""analyst7"",""name"":""Broker Estimates""}","1","2026-07-01","1","Number of analyst estimates of net profit as reported regarding the next quarter, made in the past 3 months","est_q_ner_num_3mth_ago","2","DEU","{""id"":""analyst-analyst-estimates"",""name"":""Analyst Estimates""}","[]","MATRIX","TOP500","0"
"0","{""id"":""analyst"",""name"":""Analyst""}","1","{""id"":""analyst7"",""name"":""Broker Estimates""}","1","2026-07-01","1","Number of analyst estimates of net profit as reported regarding the next quarter, where old and new estimates were made in past 4 weeks","est_q_ner_num_4wks_ago","2","DEU","{""id"":""analyst-analyst-estimates"",""name"":""Analyst Estimates""}","[]","MATRIX","TOP500","0"
"0","{""id"":""analyst"",""name"":""Analyst""}","1","{""id"":""analyst7"",""name"":""Broker Estimates""}","1","2026-07-01","1","Number of raised analyst estimates of net profit as reported regarding the next quarter, compared to last monthly update","est_q_ner_raisednum_1mth","2","DEU","{""id"":""analyst-analyst-estimates"",""name"":""Analyst Estimates""}","[]","MATRIX","TOP500","0"
"0","{""id"":""analyst"",""name"":""Analyst""}","1","{""id"":""analyst7"",""name"":""Broker Estimates""}","1","2026-07-01","1","Number of raised analyst estimates of net profit as reported regarding the next quarter, where old and new estimates were made in past 4 weeks","est_q_ner_raisednum_4wks","2","DEU","{""id"":""analyst-analyst-estimates"",""name"":""Analyst Estimates""}","[]","MATRIX","TOP500","0"
"0","{""id"":""analyst"",""name"":""Analyst""}","1","{""id"":""analyst7"",""name"":""Broker Estimates""}","1","2026-07-01","1","Number of raised analyst estimates of net profit as reported regarding the next quarter, compared to last weekly update","est_q_ner_raised_1wk","2","DEU","{""id"":""analyst-analyst-estimates"",""name"":""Analyst Estimates""}","[]","MATRIX","TOP500","0"
"0","{""id"":""analyst"",""name"":""Analyst""}","0.2224","{""id"":""analyst7"",""name"":""Broker Estimates""}","1","2026-07-01","1","Standard deviation of analyst estimates of net profit as reported regarding the next quarter","est_q_ner_std","2","DEU","{""id"":""analyst-analyst-estimates"",""name"":""Analyst Estimates""}","[]","MATRIX","TOP500","0"
"0","{""id"":""analyst"",""name"":""Analyst""}","0.1839","{""id"":""analyst7"",""name"":""Broker Estimates""}","1","2026-07-01","1","Standard deviation of the analyst estimates of net profit as reported regarding the next quarter, made in the last 28 days","est_q_ner_std_28d","2","DEU","{""id"":""analyst-analyst-estimates"",""name"":""Analyst Estimates""}","[]","MATRIX","TOP500","0"
"0","{""id"":""analyst"",""name"":""Analyst""}","0.5927","{""id"":""analyst7"",""name"":""Broker Estimates""}","1","2026-07-01","1","Highest analyst estimate of net income regarding the next quarter","est_q_net_high","2","DEU","{""id"":""analyst-analyst-estimates"",""name"":""Analyst Estimates""}","[]","MATRIX","TOP500","0"
"0","{""id"":""analyst"",""name"":""Analyst""}","0.2981","{""id"":""analyst7"",""name"":""Broker Estimates""}","1","2026-07-01","1","Highest analyst estimate of net income regarding the next quarter, made in the past 3 months","est_q_net_high_3mth_ago","2","DEU","{""id"":""analyst-analyst-estimates"",""name"":""Analyst Estimates""}","[]","MATRIX","TOP500","0"
"0","{""id"":""analyst"",""name"":""Analyst""}","0.3326","{""id"":""analyst7"",""name"":""Broker Estimates""}","1","2026-07-01","1","Highest analyst estimate of net income regarding the next quarter, made in the past 4 weeks","est_q_net_high_4wks_ago","2","DEU","{""id"":""analyst-analyst-estimates"",""name"":""Analyst Estimates""}","[]","MATRIX","TOP500","0"
"0","{""id"":""analyst"",""name"":""Analyst""}","0.5927","{""id"":""analyst7"",""name"":""Broker Estimates""}","1","2026-07-01","1","Lowest analyst estimate of net income regarding the next quarter","est_q_net_low","2","DEU","{""id"":""analyst-analyst-estimates"",""name"":""Analyst Estimates""}","[]","MATRIX","TOP500","0"
"0","{""id"":""analyst"",""name"":""Analyst""}","1","{""id"":""analyst7"",""name"":""Broker Estimates""}","1","2026-07-01","1","Count of unique IDs of industry participants. Industry stands for an aggregate view of all  equity clearance activity for the date, symbol, and transaction type in question.","est_q_net_lowerednum_1mth","2","DEU","{""id"":""analyst-analyst-estimates"",""name"":""Analyst Estimates""}","[]","MATRIX","TOP500","0"
"0","{""id"":""analyst"",""name"":""Analyst""}","1","{""id"":""analyst7"",""name"":""Broker Estimates""}","1","2026-07-01","1","Number of lowered analyst estimates of net income regarding the next quarter, where old and new estimates were made in the past 4 weeks","est_q_net_lowerednum_4wks","2","DEU","{""id"":""analyst-analyst-estimates"",""name"":""Analyst Estimates""}","[]","MATRIX","TOP500","0"
"0","{""id"":""analyst"",""name"":""Analyst""}","1","{""id"":""analyst7"",""name"":""Broker Estimates""}","1","2026-07-01","1","Count of unique IDs of industry participants. Industry stands for an aggregate view of all  equity clearance activity for the date, symbol, and transaction type in question.","est_q_net_lowered_1wk","2","DEU","{""id"":""analyst-analyst-estimates"",""name"":""Analyst Estimates""}","[]","MATRIX","TOP500","0"
"0","{""id"":""analyst"",""name"":""Analyst""}","0.2981","{""id"":""analyst7"",""name"":""Broker Estimates""}","1","2026-07-01","1","Lowest analyst estimate of net income regarding the next quarter, made in the past 3 months","est_q_net_low_3mth_ago","2","DEU","{""id"":""analyst-analyst-estimates"",""name"":""Analyst Estimates""}","[]","MATRIX","TOP500","0"
"0","{""id"":""analyst"",""name"":""Analyst""}","0.3326","{""id"":""analyst7"",""name"":""Broker Estimates""}","1","2026-07-01","1","Lowest analyst estimate of net income regarding the next quarter, made in past 4 weeks","est_q_net_low_4wks_ago","2","DEU","{""id"":""analyst-analyst-estimates"",""name"":""Analyst Estimates""}","[]","MATRIX","TOP500","0"
"0","{""id"":""analyst"",""name"":""Analyst""}","0.5927","{""id"":""analyst7"",""name"":""Broker Estimates""}","1","2026-07-01","1","Mean analyst estimate of net income regarding the next quarter","est_q_net_mean","2","DEU","{""id"":""analyst-analyst-estimates"",""name"":""Analyst Estimates""}","[]","MATRIX","TOP500","0"
"0","{""id"":""analyst"",""name"":""Analyst""}","0.5697","{""id"":""analyst7"",""name"":""Broker Estimates""}","1","2026-07-01","1","Mean analyst estimate of net income regarding the next quarter, made in the last 28 days","est_q_net_mean_28d","2","DEU","{""id"":""analyst-analyst-estimates"",""name"":""Analyst Estimates""}","[]","MATRIX","TOP500","0"
"0","{""id"":""analyst"",""name"":""Analyst""}","0.2981","{""id"":""analyst7"",""name"":""Broker Estimates""}","1","2026-07-01","1","Mean analyst estimate of net income regarding the next quarter, made in past 3 months","est_q_net_mean_3mth_ago","2","DEU","{""id"":""analyst-analyst-estimates"",""name"":""Analyst Estimates""}","[]","MATRIX","TOP500","0"
"0","{""id"":""analyst"",""name"":""Analyst""}","0.3326","{""id"":""analyst7"",""name"":""Broker Estimates""}","1","2026-07-01","1","Mean analyst estimate of net income regarding the next quarter, made in the past 4 weeks","est_q_net_mean_4wks_ago","2","DEU","{""id"":""analyst-analyst-estimates"",""name"":""Analyst Estimates""}","[]","MATRIX","TOP500","0"
"0","{""id"":""analyst"",""name"":""Analyst""}","0.5927","{""id"":""analyst7"",""name"":""Broker Estimates""}","1","2026-07-01","1","Median analyst estimate of net income regarding the next quarter","est_q_net_median","2","DEU","{""id"":""analyst-analyst-estimates"",""name"":""Analyst Estimates""}","[]","MATRIX","TOP500","0"
"0","{""id"":""analyst"",""name"":""Analyst""}","0.2981","{""id"":""analyst7"",""name"":""Broker Estimates""}","1","2026-07-01","1","Median analyst estimate of net income regarding the next quarter, made in the past 3 months","est_q_net_median_3mth_ago","2","DEU","{""id"":""analyst-analyst-estimates"",""name"":""Analyst Estimates""}","[]","MATRIX","TOP500","0"
"0","{""id"":""analyst"",""name"":""Analyst""}","0.3326","{""id"":""analyst7"",""name"":""Broker Estimates""}","1","2026-07-01","1","Median analyst estimate of net income regarding the next quarter, made in past 4 weeks","est_q_net_median_4wks_ago","2","DEU","{""id"":""analyst-analyst-estimates"",""name"":""Analyst Estimates""}","[]","MATRIX","TOP500","0"
"0","{""id"":""analyst"",""name"":""Analyst""}","1","{""id"":""analyst7"",""name"":""Broker Estimates""}","1","2026-07-01","1","Number of analyst estimates of net income regarding the next quarter","est_q_net_num","2","DEU","{""id"":""analyst-analyst-estimates"",""name"":""Analyst Estimates""}","[]","MATRIX","TOP500","0"
"0","{""id"":""analyst"",""name"":""Analyst""}","1","{""id"":""analyst7"",""name"":""Broker Estimates""}","1","2026-07-01","1","Number of analyst estimates of net income regarding the next quarter, made in the last 28 days","est_q_net_num_28d","2","DEU","{""id"":""analyst-analyst-estimates"",""name"":""Analyst Estimates""}","[]","MATRIX","TOP500","0"
"0","{""id"":""analyst"",""name"":""Analyst""}","1","{""id"":""analyst7"",""name"":""Broker Estimates""}","1","2026-07-01","1","Number of analyst estimates of net income regarding the next quarter, made in past 3 months","est_q_net_num_3mth_ago","2","DEU","{""id"":""analyst-analyst-estimates"",""name"":""Analyst Estimates""}","[]","MATRIX","TOP500","0"
"0","{""id"":""analyst"",""name"":""Analyst""}","1","{""id"":""analyst7"",""name"":""Broker Estimates""}","1","2026-07-01","1","Number of analyst estimates of net income regarding the next quarter, where old and new estimates were made in the past 4 weeks","est_q_net_num_4wks_ago","2","DEU","{""id"":""analyst-analyst-estimates"",""name"":""Analyst Estimates""}","[]","MATRIX","TOP500","0"
"0","{""id"":""analyst"",""name"":""Analyst""}","1","{""id"":""analyst7"",""name"":""Broker Estimates""}","1","2026-07-01","1","Number of raised analyst estimates of net income regarding the next quarter, compared to the last monthly update","est_q_net_raisednum_1mth","2","DEU","{""id"":""analyst-analyst-estimates"",""name"":""Analyst Estimates""}","[]","MATRIX","TOP500","0"
"0","{""id"":""analyst"",""name"":""Analyst""}","1","{""id"":""analyst7"",""name"":""Broker Estimates""}","1","2026-07-01","1","Number of raised analyst estimates of net income regarding the next quarter, where old and new estimates were made in the past 4 weeks","est_q_net_raisednum_4wks","2","DEU","{""id"":""analyst-analyst-estimates"",""name"":""Analyst Estimates""}","[]","MATRIX","TOP500","0"
"0","{""id"":""analyst"",""name"":""Analyst""}","1","{""id"":""analyst7"",""name"":""Broker Estimates""}","1","2026-07-01","1","Number of raised analyst estimates of net income regarding the next quarter, compared to the last weekly update","est_q_net_raised_1wk","2","DEU","{""id"":""analyst-analyst-estimates"",""name"":""Analyst Estimates""}","[]","MATRIX","TOP500","0"
"0","{""id"":""analyst"",""name"":""Analyst""}","0.3227","{""id"":""analyst7"",""name"":""Broker Estimates""}","1","2026-07-01","1","Standard deviation of analyst estimate of net income regarding the next quarter","est_q_net_std","2","DEU","{""id"":""analyst-analyst-estimates"",""name"":""Analyst Estimates""}","[]","MATRIX","TOP500","0"
"0","{""id"":""analyst"",""name"":""Analyst""}","0.2778","{""id"":""analyst7"",""name"":""Broker Estimates""}","1","2026-07-01","1","Standard deviation of the analyst estimate of net income regarding the next quarter, made in the last 28 days","est_q_net_std_28d","2","DEU","{""id"":""analyst-analyst-estimates"",""name"":""Analyst Estimates""}","[]","MATRIX","TOP500","0"
"0","{""id"":""analyst"",""name"":""Analyst""}","0.1645","{""id"":""analyst7"",""name"":""Broker Estimates""}","1","2026-07-01","1","Standard deviation of the analyst estimate of net income regarding the next quarter, made in the past 4 weeks","est_q_net_std_4wks_ago","2","DEU","{""id"":""analyst-analyst-estimates"",""name"":""Analyst Estimates""}","[]","MATRIX","TOP500","0"
"0","{""id"":""analyst"",""name"":""Analyst""}","0.4881","{""id"":""analyst7"",""name"":""Broker Estimates""}","1","2026-07-01","1","Highest analyst estimate of pre-tax profit as reported regarding the next quarter","est_q_prr_high","2","DEU","{""id"":""analyst-analyst-estimates"",""name"":""Analyst Estimates""}","[]","MATRIX","TOP500","0"
"0","{""id"":""analyst"",""name"":""Analyst""}","0.2358","{""id"":""analyst7"",""name"":""Broker Estimates""}","1","2026-07-01","1","Highest analyst estimate of pre-tax profit as reported regarding the next quarter, made in past 3 months","est_q_prr_high_3mth_ago","2","DEU","{""id"":""analyst-analyst-estimates"",""name"":""Analyst Estimates""}","[]","MATRIX","TOP500","0"
"0","{""id"":""analyst"",""name"":""Analyst""}","0.2616","{""id"":""analyst7"",""name"":""Broker Estimates""}","1","2026-07-01","1","Highest analyst estimate of pretax profit as reported regarding the next quarter, made in the past 4 weeks","est_q_prr_high_4wks_ago","2","DEU","{""id"":""analyst-analyst-estimates"",""name"":""Analyst Estimates""}","[]","MATRIX","TOP500","0"
"0","{""id"":""analyst"",""name"":""Analyst""}","0.4881","{""id"":""analyst7"",""name"":""Broker Estimates""}","1","2026-07-01","1","Lowest analyst estimate of pretax profit as reported regarding the next quarter","est_q_prr_low","2","DEU","{""id"":""analyst-analyst-estimates"",""name"":""Analyst Estimates""}","[]","MATRIX","TOP500","0"
"0","{""id"":""analyst"",""name"":""Analyst""}","1","{""id"":""analyst7"",""name"":""Broker Estimates""}","1","2026-07-01","1","Count of unique IDs of industry participants. Industry stands for an aggregate view of all  equity clearance activity for the date, symbol, and transaction type in question.","est_q_prr_lowerednum_1mth","2","DEU","{""id"":""analyst-analyst-estimates"",""name"":""Analyst Estimates""}","[]","MATRIX","TOP500","0"
"0","{""id"":""analyst"",""name"":""Analyst""}","1","{""id"":""analyst7"",""name"":""Broker Estimates""}","1","2026-07-01","1","Number of lowered analyst estimates of pretax profit as reported regarding the next quarter, where old and new estimates were made in the past 4 weeks","est_q_prr_lowerednum_4wks","2","DEU","{""id"":""analyst-analyst-estimates"",""name"":""Analyst Estimates""}","[]","MATRIX","TOP500","0"
"0","{""id"":""analyst"",""name"":""Analyst""}","1","{""id"":""analyst7"",""name"":""Broker Estimates""}","1","2026-07-01","1","Count of unique IDs of industry participants. Industry stands for an aggregate view of all  equity clearance activity for the date, symbol, and transaction type in question.","est_q_prr_lowered_1wk","2","DEU","{""id"":""analyst-analyst-estimates"",""name"":""Analyst Estimates""}","[]","MATRIX","TOP500","0"
"0","{""id"":""analyst"",""name"":""Analyst""}","0.2358","{""id"":""analyst7"",""name"":""Broker Estimates""}","1","2026-07-01","1","Lowest analyst estimate of pretax profit as reported regarding the next quarter, made in past 3 months","est_q_prr_low_3mth_ago","2","DEU","{""id"":""analyst-analyst-estimates"",""name"":""Analyst Estimates""}","[]","MATRIX","TOP500","0"
"0","{""id"":""analyst"",""name"":""Analyst""}","0.2616","{""id"":""analyst7"",""name"":""Broker Estimates""}","1","2026-07-01","1","Lowest analyst estimate of pretax profit as reported regarding the next quarter, made in the past 4 weeks","est_q_prr_low_4wks_ago","2","DEU","{""id"":""analyst-analyst-estimates"",""name"":""Analyst Estimates""}","[]","MATRIX","TOP500","0"
"0","{""id"":""analyst"",""name"":""Analyst""}","0.4881","{""id"":""analyst7"",""name"":""Broker Estimates""}","1","2026-07-01","1","Mean analyst estimate of pretax profit as reported regarding the next quarter","est_q_prr_mean","2","DEU","{""id"":""analyst-analyst-estimates"",""name"":""Analyst Estimates""}","[]","MATRIX","TOP500","0"
"0","{""id"":""analyst"",""name"":""Analyst""}","0.4357","{""id"":""analyst7"",""name"":""Broker Estimates""}","1","2026-07-01","1","Mean analyst estimate of pre-tax profit as reported regarding the next quarter, made in the last 28 days","est_q_prr_mean_28d","2","DEU","{""id"":""analyst-analyst-estimates"",""name"":""Analyst Estimates""}","[]","MATRIX","TOP500","0"
"0","{""id"":""analyst"",""name"":""Analyst""}","0.2358","{""id"":""analyst7"",""name"":""Broker Estimates""}","1","2026-07-01","1","Mean analyst estimate of pretax profit as reported regarding the next quarter, made in the past 3 months","est_q_prr_mean_3mth_ago","2","DEU","{""id"":""analyst-analyst-estimates"",""name"":""Analyst Estimates""}","[]","MATRIX","TOP500","0"
"0","{""id"":""analyst"",""name"":""Analyst""}","0.2616","{""id"":""analyst7"",""name"":""Broker Estimates""}","1","2026-07-01","1","Mean analyst estimate of pretax profit as reported regarding the next quarter, made in the past 4 weeks","est_q_prr_mean_4wks_ago","2","DEU","{""id"":""analyst-analyst-estimates"",""name"":""Analyst Estimates""}","[]","MATRIX","TOP500","0"
"0","{""id"":""analyst"",""name"":""Analyst""}","0.4881","{""id"":""analyst7"",""name"":""Broker Estimates""}","1","2026-07-01","1","Median analyst estimate of pretax profit as reported regarding the next quarter","est_q_prr_median","2","DEU","{""id"":""analyst-analyst-estimates"",""name"":""Analyst Estimates""}","[]","MATRIX","TOP500","0"
"0","{""id"":""analyst"",""name"":""Analyst""}","0.2358","{""id"":""analyst7"",""name"":""Broker Estimates""}","1","2026-07-01","1","Median analyst estimate of pretax profit as reported regarding the next quarter, made in the past 3 months","est_q_prr_median_3mth_ago","2","DEU","{""id"":""analyst-analyst-estimates"",""name"":""Analyst Estimates""}","[]","MATRIX","TOP500","0"
"0","{""id"":""analyst"",""name"":""Analyst""}","0.2616","{""id"":""analyst7"",""name"":""Broker Estimates""}","1","2026-07-01","1","Median analyst estimate of pretax profit as reported regarding the next quarter, made in the past 4 weeks","est_q_prr_median_4wks_ago","2","DEU","{""id"":""analyst-analyst-estimates"",""name"":""Analyst Estimates""}","[]","MATRIX","TOP500","0"
"0","{""id"":""analyst"",""name"":""Analyst""}","1","{""id"":""analyst7"",""name"":""Broker Estimates""}","1","2026-07-01","1","Number of analyst estimates of pretax profit as reported regarding the next quarter","est_q_prr_num","2","DEU","{""id"":""analyst-analyst-estimates"",""name"":""Analyst Estimates""}","[]","MATRIX","TOP500","0"
"0","{""id"":""analyst"",""name"":""Analyst""}","1","{""id"":""analyst7"",""name"":""Broker Estimates""}","1","2026-07-01","1","Number of analyst estimates of pretax profit as reported regarding the next quarter, made in the last 28 days","est_q_prr_num_28d","2","DEU","{""id"":""analyst-analyst-estimates"",""name"":""Analyst Estimates""}","[]","MATRIX","TOP500","0"
"0","{""id"":""analyst"",""name"":""Analyst""}","1","{""id"":""analyst7"",""name"":""Broker Estimates""}","1","2026-07-01","1","Number of analyst estimates of pretax profit as reported regarding the next quarter, made in the past 3 months","est_q_prr_num_3mth_ago","2","DEU","{""id"":""analyst-analyst-estimates"",""name"":""Analyst Estimates""}","[]","MATRIX","TOP500","0"
"0","{""id"":""analyst"",""name"":""Analyst""}","1","{""id"":""analyst7"",""name"":""Broker Estimates""}","1","2026-07-01","1","Number of analyst estimates of pretax profit as reported regarding the next quarter, where old and new estimates were made in the past 4 weeks","est_q_prr_num_4wks_ago","2","DEU","{""id"":""analyst-analyst-estimates"",""name"":""Analyst Estimates""}","[]","MATRIX","TOP500","0"
"0","{""id"":""analyst"",""name"":""Analyst""}","1","{""id"":""analyst7"",""name"":""Broker Estimates""}","1","2026-07-01","1","Number of raised analyst estimates of pre-tax profit as reported regarding the next quarter, compared to the last monthly update","est_q_prr_raisednum_1mth","2","DEU","{""id"":""analyst-analyst-estimates"",""name"":""Analyst Estimates""}","[]","MATRIX","TOP500","0"
"0","{""id"":""analyst"",""name"":""Analyst""}","1","{""id"":""analyst7"",""name"":""Broker Estimates""}","1","2026-07-01","1","Number of raised analyst estimates of pretax profit as reported regarding the next quarter, where old and new estimates were made in the past 4 weeks","est_q_prr_raisednum_4wks","2","DEU","{""id"":""analyst-analyst-estimates"",""name"":""Analyst Estimates""}","[]","MATRIX","TOP500","0"
"0","{""id"":""analyst"",""name"":""Analyst""}","1","{""id"":""analyst7"",""name"":""Broker Estimates""}","1","2026-07-01","1","Number of raised analyst estimate of pretax profit as reported regarding the next quarter, compared to last weekly update","est_q_prr_raised_1wk","2","DEU","{""id"":""analyst-analyst-estimates"",""name"":""Analyst Estimates""}","[]","MATRIX","TOP500","0"
"0","{""id"":""analyst"",""name"":""Analyst""}","0.1637","{""id"":""analyst7"",""name"":""Broker Estimates""}","1","2026-07-01","1","Standard deviation of analyst estimates of pretax profit as reported regarding the next quarter","est_q_prr_std","2","DEU","{""id"":""analyst-analyst-estimates"",""name"":""Analyst Estimates""}","[]","MATRIX","TOP500","0"
"0","{""id"":""analyst"",""name"":""Analyst""}","1","{""id"":""analyst7"",""name"":""Broker Estimates""}","1","2026-07-01","1","Number of lowered analyst recommendations, where old and new estimates were made in the past 4 weeks","rec_lowerednum_4wks","2","DEU","{""id"":""analyst-analyst-estimates"",""name"":""Analyst Estimates""}","[]","MATRIX","TOP500","0"
"0","{""id"":""analyst"",""name"":""Analyst""}","0.7174","{""id"":""analyst7"",""name"":""Broker Estimates""}","1","2026-07-01","1","Mean estimate of the analyst recommendation","rec_mean","2","DEU","{""id"":""analyst-analyst-estimates"",""name"":""Analyst Estimates""}","[]","MATRIX","TOP500","0"
"0","{""id"":""analyst"",""name"":""Analyst""}","1","{""id"":""analyst7"",""name"":""Broker Estimates""}","1","2026-07-01","1","Number of estimates of the analyst recommendation","rec_num","2","DEU","{""id"":""analyst-analyst-estimates"",""name"":""Analyst Estimates""}","[]","MATRIX","TOP500","0"
"0","{""id"":""analyst"",""name"":""Analyst""}","1","{""id"":""analyst7"",""name"":""Broker Estimates""}","1","2026-07-01","1","Number of raised analyst recommendations, where old and new estimates were made in the past 4 weeks","rec_raisednum_4wks","2","DEU","{""id"":""analyst-analyst-estimates"",""name"":""Analyst Estimates""}","[]","MATRIX","TOP500","0"
