"alphaCount","category","coverage","dataset","dateCoverage","dateCreated","delay","description","id","pyramidMultiplier","region","subcategory","themes","type","universe","userCount"
"0","{""id"":""model"",""name"":""Model""}","0.4941","{""id"":""model109"",""name"":""Fundamentals and Technical Indicators Model""}","1","2026-07-01","1","Abnormal sentiment score for novel, relevant, and non-neutral news for the past one day relative to past year baseline","abnormal_news_sentiment_1d","2","DEU","{""id"":""model-valuation-models"",""name"":""Valuation Models""}","[]","MATRIX","TOP500","0"
"0","{""id"":""model"",""name"":""Model""}","0.4936","{""id"":""model109"",""name"":""Fundamentals and Technical Indicators Model""}","1","2026-07-01","1","Abnormal news volume (number of news items or mentions) over a 1-day window; quantifies whether the day's news coverage is unusually high relative to normal baselines","abnormal_news_volume_1d","2","DEU","{""id"":""model-valuation-models"",""name"":""Valuation Models""}","[]","MATRIX","TOP500","0"
"0","{""id"":""model"",""name"":""Model""}","0.5139","{""id"":""model109"",""name"":""Fundamentals and Technical Indicators Model""}","1","2026-07-01","1","Accounts payable turnover ratio, typically cost of goods sold divided by average accounts payable","accounts_payable_turnover_ratio","2","DEU","{""id"":""model-valuation-models"",""name"":""Valuation Models""}","[]","MATRIX","TOP500","0"
"0","{""id"":""model"",""name"":""Model""}","0.5349","{""id"":""model109"",""name"":""Fundamentals and Technical Indicators Model""}","1","2026-07-01","1","Accounts receivable turnover ratio, indicating how many times accounts receivable are collected during a period (higher ratio means quicker collection)","accounts_receivable_turnover_ratio","2","DEU","{""id"":""model-valuation-models"",""name"":""Valuation Models""}","[]","MATRIX","TOP500","0"
"0","{""id"":""model"",""name"":""Model""}","0.5364","{""id"":""model109"",""name"":""Fundamentals and Technical Indicators Model""}","1","2026-07-01","1","Percent accruals, representing the percentage of accruals (i.e., non-cash components of earnings) relative to a base such as revenue or assets, used as a quality or earnings manipulation indicator","accruals_percentage_earnings","2","DEU","{""id"":""model-valuation-models"",""name"":""Valuation Models""}","[]","MATRIX","TOP500","0"
"0","{""id"":""model"",""name"":""Model""}","0.5288","{""id"":""model109"",""name"":""Fundamentals and Technical Indicators Model""}","1","2026-07-01","1","Ratio of upward to downward analyst revisions for next-fiscal-year Book Value Per Share (BPS), diffusion measured over the past 1 month","analyst_book_value_diffusion_fy1_1m","2","DEU","{""id"":""model-valuation-models"",""name"":""Valuation Models""}","[]","MATRIX","TOP500","0"
"0","{""id"":""model"",""name"":""Model""}","0.5297","{""id"":""model109"",""name"":""Fundamentals and Technical Indicators Model""}","1","2026-07-01","1","Ratio of upward to downward analyst estimate revisions for next fiscal year's book value per share (BPS) over the trailing 3 months (diffusion ratio)","analyst_book_value_diffusion_fy1_3m","2","DEU","{""id"":""model-valuation-models"",""name"":""Valuation Models""}","[]","MATRIX","TOP500","0"
"0","{""id"":""model"",""name"":""Model""}","0.5305","{""id"":""model109"",""name"":""Fundamentals and Technical Indicators Model""}","1","2026-07-01","1","Change in consensus forecast for next fiscal year's (FY1) Book Value Per Share (BPS) over the past 3 months","analyst_book_value_per_share_revision_3m","2","DEU","{""id"":""model-valuation-models"",""name"":""Valuation Models""}","[]","MATRIX","TOP500","0"
"0","{""id"":""model"",""name"":""Model""}","0.5293","{""id"":""model109"",""name"":""Fundamentals and Technical Indicators Model""}","1","2026-07-01","1","Three-month rolling revision in analyst estimates of Book Value Per Share (BPS) for the next twelve months (NTM)","analyst_book_value_per_share_revision_ntm_3m","2","DEU","{""id"":""model-valuation-models"",""name"":""Valuation Models""}","[]","MATRIX","TOP500","0"
"0","{""id"":""model"",""name"":""Model""}","0.5303","{""id"":""model109"",""name"":""Fundamentals and Technical Indicators Model""}","1","2026-07-01","1","1-month rolling sum or average of analyst revisions to next-twelve-months (NTM) Book Value Per Share estimates","analyst_book_value_revision_ntm_1m","2","DEU","{""id"":""model-valuation-models"",""name"":""Valuation Models""}","[]","MATRIX","TOP500","0"
"0","{""id"":""model"",""name"":""Model""}","0.5236","{""id"":""model109"",""name"":""Fundamentals and Technical Indicators Model""}","1","2026-07-01","1","Change in analyst consensus estimate for next fiscal year (FY1) Cash Flow Per Share aggregated over the trailing 1 month","analyst_cfps_revision_fy1_1m","2","DEU","{""id"":""model-valuation-models"",""name"":""Valuation Models""}","[]","MATRIX","TOP500","0"
"0","{""id"":""model"",""name"":""Model""}","0.5309","{""id"":""model109"",""name"":""Fundamentals and Technical Indicators Model""}","1","2026-07-01","1","Diffusion ratio of analyst upward to downward revisions for next fiscal year's Dividend Per Share (DPS) estimates, measured over the past 3 months","analyst_dividend_diffusion_fy1_3m","2","DEU","{""id"":""model-valuation-models"",""name"":""Valuation Models""}","[]","MATRIX","TOP500","0"
"0","{""id"":""model"",""name"":""Model""}","0.5311","{""id"":""model109"",""name"":""Fundamentals and Technical Indicators Model""}","1","2026-07-01","1","Ratio of upward to downward analyst revisions on forecasted dividend per share (DPS) for FY1, measured via diffusion (proportion) over the past 1 month","analyst_dividend_per_share_diffusion_1m","2","DEU","{""id"":""model-valuation-models"",""name"":""Valuation Models""}","[]","MATRIX","TOP500","0"
"0","{""id"":""model"",""name"":""Model""}","0.5344","{""id"":""model109"",""name"":""Fundamentals and Technical Indicators Model""}","1","2026-07-01","1","One-month rolling change in analyst estimates of Dividends Per Share (DPS) for the next twelve months (NTM)","analyst_dividend_per_share_revision_1m","2","DEU","{""id"":""model-valuation-models"",""name"":""Valuation Models""}","[]","MATRIX","TOP500","0"
"0","{""id"":""model"",""name"":""Model""}","0.5344","{""id"":""model109"",""name"":""Fundamentals and Technical Indicators Model""}","1","2026-07-01","1","Net change in consensus analyst forecasts for next fiscal year dividends per share (DPS) aggregated over the most recent 1 month","analyst_dividend_revision_fy1_1m","2","DEU","{""id"":""model-valuation-models"",""name"":""Valuation Models""}","[]","MATRIX","TOP500","0"
"0","{""id"":""model"",""name"":""Model""}","0.5346","{""id"":""model109"",""name"":""Fundamentals and Technical Indicators Model""}","1","2026-07-01","1","Diffusion ratio (upward vs downward) of analyst revisions for next fiscal year (FY1) EBITDA forecast, calculated over the past 3 months","analyst_ebitda_diffusion_fy1_3m","2","DEU","{""id"":""model-valuation-models"",""name"":""Valuation Models""}","[]","MATRIX","TOP500","0"
"0","{""id"":""model"",""name"":""Model""}","0.535","{""id"":""model109"",""name"":""Fundamentals and Technical Indicators Model""}","1","2026-07-01","1","Rolling 1-month aggregated analyst estimate revision for EBITDA forecasts for the next fiscal year (FY1)","analyst_ebitda_revision_fy1_1m","2","DEU","{""id"":""model-valuation-models"",""name"":""Valuation Models""}","[]","MATRIX","TOP500","0"
"0","{""id"":""model"",""name"":""Model""}","0.535","{""id"":""model109"",""name"":""Fundamentals and Technical Indicators Model""}","1","2026-07-01","1","Rolling 1-month net change in consensus analyst estimates for EBITDA (Earnings Before Interest, Tax, Depreciation, and Amortization) for the next 12 months (NTM)","analyst_ebitda_revision_ntm_1m","2","DEU","{""id"":""model-valuation-models"",""name"":""Valuation Models""}","[]","MATRIX","TOP500","0"
"0","{""id"":""model"",""name"":""Model""}","0.5346","{""id"":""model109"",""name"":""Fundamentals and Technical Indicators Model""}","1","2026-07-01","1","Aggregate analyst revision to the consensus estimate of next-twelve-months (NTM) EBITDA over the trailing 3 months","analyst_ebitda_revision_ntm_3m","2","DEU","{""id"":""model-valuation-models"",""name"":""Valuation Models""}","[]","MATRIX","TOP500","0"
"0","{""id"":""model"",""name"":""Model""}","0.534","{""id"":""model109"",""name"":""Fundamentals and Technical Indicators Model""}","1","2026-07-01","1","Change in next fiscal year (FY1) analyst EBIT estimates, aggregated over the last 1 month","analyst_ebit_revision_fy1_1m","2","DEU","{""id"":""model-valuation-models"",""name"":""Valuation Models""}","[]","MATRIX","TOP500","0"
"0","{""id"":""model"",""name"":""Model""}","0.5337","{""id"":""model109"",""name"":""Fundamentals and Technical Indicators Model""}","1","2026-07-01","1","Three-month aggregated analyst estimate revision for Earnings Before Interest and Taxes (EBIT) for the next fiscal year (FY1)","analyst_ebit_revision_fy1_3m","2","DEU","{""id"":""model-valuation-models"",""name"":""Valuation Models""}","[]","MATRIX","TOP500","0"
"0","{""id"":""model"",""name"":""Model""}","0.534","{""id"":""model109"",""name"":""Fundamentals and Technical Indicators Model""}","1","2026-07-01","1","Net aggregate analyst estimate revisions for Earnings Before Interest and Taxes (EBIT) for the next twelve months (NTM) over the past 1 month","analyst_ebit_revision_ntm_1m","2","DEU","{""id"":""model-valuation-models"",""name"":""Valuation Models""}","[]","MATRIX","TOP500","0"
"0","{""id"":""model"",""name"":""Model""}","0.5319","{""id"":""model109"",""name"":""Fundamentals and Technical Indicators Model""}","1","2026-07-01","1","Ratio of upward to downward analyst estimate revisions for next fiscal year (FY1) earnings per share (EPS) over the past 1 month","analyst_eps_diffusion_fy1_1m","2","DEU","{""id"":""model-valuation-models"",""name"":""Valuation Models""}","[]","MATRIX","TOP500","0"
"0","{""id"":""model"",""name"":""Model""}","0.5342","{""id"":""model109"",""name"":""Fundamentals and Technical Indicators Model""}","1","2026-07-01","1","Change in analyst consensus estimate for Earnings Per Share for the next fiscal year (FY1), aggregated over the trailing 1 month; 1M rolling FY1 EPS revision","analyst_eps_revision_fy1_1m","2","DEU","{""id"":""model-valuation-models"",""name"":""Valuation Models""}","[]","MATRIX","TOP500","0"
"0","{""id"":""model"",""name"":""Model""}","0.5339","{""id"":""model109"",""name"":""Fundamentals and Technical Indicators Model""}","1","2026-07-01","1","Aggregate revision (typically mean change) in analyst estimated EPS for the next twelve months (NTM), computed over the trailing 3 months","analyst_eps_revision_ntm_3m","2","DEU","{""id"":""model-valuation-models"",""name"":""Valuation Models""}","[]","MATRIX","TOP500","0"
"0","{""id"":""model"",""name"":""Model""}","0.4372","{""id"":""model109"",""name"":""Fundamentals and Technical Indicators Model""}","1","2026-07-01","1","Difference between long-term (5-year) expected growth and shorter-term (FY2) expected growth, measuring the expectation gap in analyst forecasts","analyst_expectation_gap","2","DEU","{""id"":""model-valuation-models"",""name"":""Valuation Models""}","[]","MATRIX","TOP500","0"
"0","{""id"":""model"",""name"":""Model""}","0.4934","{""id"":""model109"",""name"":""Fundamentals and Technical Indicators Model""}","1","2026-07-01","1","Three-month rolling sum or average of analyst forecast revisions for long-term growth rate","analyst_longterm_growth_revision_3m","2","DEU","{""id"":""model-valuation-models"",""name"":""Valuation Models""}","[]","MATRIX","TOP500","0"
"0","{""id"":""model"",""name"":""Model""}","0.4827","{""id"":""model109"",""name"":""Fundamentals and Technical Indicators Model""}","1","2026-07-01","1","Ratio of upward to downward analyst estimate revisions for next fiscal year's net asset value over the past 1 month (diffusion ratio)","analyst_nav_diffusion_fy1_1m","2","DEU","{""id"":""model-valuation-models"",""name"":""Valuation Models""}","[]","MATRIX","TOP500","0"
"0","{""id"":""model"",""name"":""Model""}","0.4824","{""id"":""model109"",""name"":""Fundamentals and Technical Indicators Model""}","1","2026-07-01","1","Diffusion ratio (upward vs downward) of next fiscal year (FY1) analyst NAV (Net Asset Value) estimate revisions over the past 3 months","analyst_nav_diffusion_fy1_3m","2","DEU","{""id"":""model-valuation-models"",""name"":""Valuation Models""}","[]","MATRIX","TOP500","0"
"0","{""id"":""model"",""name"":""Model""}","0.5037","{""id"":""model109"",""name"":""Fundamentals and Technical Indicators Model""}","1","2026-07-01","1","Rolling 3-month net analyst estimate revision in next fiscal year (FY1) net asset value (NAV); tracks the aggregate change in consensus NAV expectations over 3 months","analyst_nav_revision_fy1_3m","2","DEU","{""id"":""model-valuation-models"",""name"":""Valuation Models""}","[]","MATRIX","TOP500","0"
"0","{""id"":""model"",""name"":""Model""}","0.504","{""id"":""model109"",""name"":""Fundamentals and Technical Indicators Model""}","1","2026-07-01","1","Rolling 1-month net change in analyst estimate(s) for Net Asset Value (NAV) over the next twelve months","analyst_nav_revision_ntm_1m","2","DEU","{""id"":""model-valuation-models"",""name"":""Valuation Models""}","[]","MATRIX","TOP500","0"
"0","{""id"":""model"",""name"":""Model""}","0.5021","{""id"":""model109"",""name"":""Fundamentals and Technical Indicators Model""}","1","2026-07-01","1","Change in consensus analyst estimates of next twelve months' Net Asset Value (NAV), aggregated over the most recent 3 months","analyst_nav_revision_ntm_3m","2","DEU","{""id"":""model-valuation-models"",""name"":""Valuation Models""}","[]","MATRIX","TOP500","0"
"0","{""id"":""model"",""name"":""Model""}","0.5339","{""id"":""model109"",""name"":""Fundamentals and Technical Indicators Model""}","1","2026-07-01","1","Three-month rolling revision in analyst estimates of Normalized Earnings Per Share (NEPS) for the next twelve months (NTM)","analyst_normalized_eps_revision_ntm_3m","2","DEU","{""id"":""model-valuation-models"",""name"":""Valuation Models""}","[]","MATRIX","TOP500","0"
"0","{""id"":""model"",""name"":""Model""}","0.5368","{""id"":""model109"",""name"":""Fundamentals and Technical Indicators Model""}","1","2026-07-01","1","Number of analysts providing recommendations for the security","analyst_recommendation_count","2","DEU","{""id"":""model-valuation-models"",""name"":""Valuation Models""}","[]","MATRIX","TOP500","0"
"0","{""id"":""model"",""name"":""Model""}","0.5318","{""id"":""model109"",""name"":""Fundamentals and Technical Indicators Model""}","1","2026-07-01","1","1-month diffusion ratio of analyst recommendation changes (upgrades versus downgrades)","analyst_recommendation_diffusion_1m","2","DEU","{""id"":""model-valuation-models"",""name"":""Valuation Models""}","[]","MATRIX","TOP500","0"
"0","{""id"":""model"",""name"":""Model""}","0.5315","{""id"":""model109"",""name"":""Fundamentals and Technical Indicators Model""}","1","2026-07-01","1","Analyst recommendation diffusion ratio (upgrades/downgrades) over the last 3 months, indicating the directional momentum of analyst recommendations","analyst_recommendation_diffusion_3m","2","DEU","{""id"":""model-valuation-models"",""name"":""Valuation Models""}","[]","MATRIX","TOP500","0"
"0","{""id"":""model"",""name"":""Model""}","0.5327","{""id"":""model109"",""name"":""Fundamentals and Technical Indicators Model""}","1","2026-07-01","1","Net change in analyst recommendation (e.g., upgrades minus downgrades) over the past 1 month","analyst_recommendation_revision_1m","2","DEU","{""id"":""model-valuation-models"",""name"":""Valuation Models""}","[]","MATRIX","TOP500","0"
"0","{""id"":""model"",""name"":""Model""}","0.5347","{""id"":""model109"",""name"":""Fundamentals and Technical Indicators Model""}","1","2026-07-01","1","1-month diffusion ratio of upward/downward analyst revenue estimate revisions for next fiscal year (FY1); measures the proportion of positive versus negative estimate changes","analyst_revenue_diffusion_fy1_1m","2","DEU","{""id"":""model-valuation-models"",""name"":""Valuation Models""}","[]","MATRIX","TOP500","0"
"0","{""id"":""model"",""name"":""Model""}","0.535","{""id"":""model109"",""name"":""Fundamentals and Technical Indicators Model""}","1","2026-07-01","1","Net change in analyst consensus revenue forecast for next fiscal year (FY1) over the past 1 month (revision momentum)","analyst_revenue_revision_fy1_1m","2","DEU","{""id"":""model-valuation-models"",""name"":""Valuation Models""}","[]","MATRIX","TOP500","0"
"0","{""id"":""model"",""name"":""Model""}","0.5347","{""id"":""model109"",""name"":""Fundamentals and Technical Indicators Model""}","1","2026-07-01","1","Rolling 3-month aggregated analyst estimate revisions to Revenue (Sales) forecasts for the next fiscal year (FY1)","analyst_revenue_revision_fy1_3m","2","DEU","{""id"":""model-valuation-models"",""name"":""Valuation Models""}","[]","MATRIX","TOP500","0"
"0","{""id"":""model"",""name"":""Model""}","0.535","{""id"":""model109"",""name"":""Fundamentals and Technical Indicators Model""}","1","2026-07-01","1","Aggregate change in analyst estimates for next-twelve-month revenue (sales) over the past 1 month; i.e., rolling 1-month sum/mean of NTM sales estimate revisions","analyst_revenue_revision_ntm_1m","2","DEU","{""id"":""model-valuation-models"",""name"":""Valuation Models""}","[]","MATRIX","TOP500","0"
"0","{""id"":""model"",""name"":""Model""}","0.5347","{""id"":""model109"",""name"":""Fundamentals and Technical Indicators Model""}","1","2026-07-01","1","Change in analyst consensus forecast for next twelve months' (NTM) sales/revenue, aggregated over the past 3 months","analyst_revenue_revision_ntm_3m","2","DEU","{""id"":""model-valuation-models"",""name"":""Valuation Models""}","[]","MATRIX","TOP500","0"
"0","{""id"":""model"",""name"":""Model""}","0.5331","{""id"":""model109"",""name"":""Fundamentals and Technical Indicators Model""}","1","2026-07-01","1","Rolling 3-month aggregated analyst estimate revisions to Return on Equity forecasts for the next fiscal year (FY1)","analyst_roe_revision_fy1_3m","2","DEU","{""id"":""model-valuation-models"",""name"":""Valuation Models""}","[]","MATRIX","TOP500","0"
"0","{""id"":""model"",""name"":""Model""}","0.5321","{""id"":""model109"",""name"":""Fundamentals and Technical Indicators Model""}","1","2026-07-01","1","Rolling 3-month aggregated analyst estimate revision for next-twelve-months forecasted return on equity (ROE)","analyst_roe_revision_ntm_3m","2","DEU","{""id"":""model-valuation-models"",""name"":""Valuation Models""}","[]","MATRIX","TOP500","0"
"0","{""id"":""model"",""name"":""Model""}","0.5313","{""id"":""model109"",""name"":""Fundamentals and Technical Indicators Model""}","1","2026-07-01","1","Diffusion ratio (upward to downward changes) of analyst target price revisions over the trailing 1 month; measures directional momentum in target price revisions","analyst_target_price_diffusion_1m","2","DEU","{""id"":""model-valuation-models"",""name"":""Valuation Models""}","[]","MATRIX","TOP500","0"
"0","{""id"":""model"",""name"":""Model""}","0.5305","{""id"":""model109"",""name"":""Fundamentals and Technical Indicators Model""}","1","2026-07-01","1","Ratio of upward to downward analyst target price revisions (diffusion ratio) over the past 3 months","analyst_target_price_diffusion_3m","2","DEU","{""id"":""model-valuation-models"",""name"":""Valuation Models""}","[]","MATRIX","TOP500","0"
"0","{""id"":""model"",""name"":""Model""}","0.532","{""id"":""model109"",""name"":""Fundamentals and Technical Indicators Model""}","1","2026-07-01","1","Rolling 3-month aggregated analyst target price revisions","analyst_target_price_revision_3m","2","DEU","{""id"":""model-valuation-models"",""name"":""Valuation Models""}","[]","MATRIX","TOP500","0"
"0","{""id"":""model"",""name"":""Model""}","0.5321","{""id"":""model109"",""name"":""Fundamentals and Technical Indicators Model""}","1","2026-07-01","1","Year-over-year change in asset turnover ratio, capturing the increase or decrease in sales-to-assets efficiency compared to the previous year","asset_turnover_change_yoy","2","DEU","{""id"":""model-valuation-models"",""name"":""Valuation Models""}","[]","MATRIX","TOP500","0"
"0","{""id"":""model"",""name"":""Model""}","0.535","{""id"":""model109"",""name"":""Fundamentals and Technical Indicators Model""}","1","2026-07-01","1","Asset turnover ratio for the next fiscal year (FY1), calculated as expected sales divided by total assets, using FY1 forecasted values","asset_turnover_forecast_fy1","2","DEU","{""id"":""model-valuation-models"",""name"":""Valuation Models""}","[]","MATRIX","TOP500","0"
"0","{""id"":""model"",""name"":""Model""}","0.5359","{""id"":""model109"",""name"":""Fundamentals and Technical Indicators Model""}","1","2026-07-01","1","Sales to total assets ratio, also known as asset turnover","asset_turnover_ratio_2","2","DEU","{""id"":""model-valuation-models"",""name"":""Valuation Models""}","[]","MATRIX","TOP500","0"
"0","{""id"":""model"",""name"":""Model""}","0.2712","{""id"":""model109"",""name"":""Fundamentals and Technical Indicators Model""}","1","2026-07-01","1","Mean volatility forecast","average_volatility_forecast","2","DEU","{""id"":""model-valuation-models"",""name"":""Valuation Models""}","[]","MATRIX","TOP500","0"
"0","{""id"":""model"",""name"":""Model""}","0.5365","{""id"":""model109"",""name"":""Fundamentals and Technical Indicators Model""}","1","2026-07-01","1","Earnings yield for the trailing twelve months, calculated using basic EPS; the inverse of the P/E ratio (LTM, basic)","basic_earnings_yield_ltm","2","DEU","{""id"":""model-valuation-models"",""name"":""Valuation Models""}","[]","MATRIX","TOP500","0"
"0","{""id"":""model"",""name"":""Model""}","0.5312","{""id"":""model109"",""name"":""Fundamentals and Technical Indicators Model""}","1","2026-07-01","1","Rolling 1-month revision in analyst consensus estimate for next fiscal year (FY1) Book Value Per Share","bps_estimate_revision_fy1_1m","2","DEU","{""id"":""model-valuation-models"",""name"":""Valuation Models""}","[]","MATRIX","TOP500","0"
"0","{""id"":""model"",""name"":""Model""}","0.5236","{""id"":""model109"",""name"":""Fundamentals and Technical Indicators Model""}","1","2026-07-01","1","Cash Flow Return on Equity (CFROE), forecasted for the next fiscal year (FY1)","cashflow_return_on_equity_fy1","2","DEU","{""id"":""model-valuation-models"",""name"":""Valuation Models""}","[]","MATRIX","TOP500","0"
"0","{""id"":""model"",""name"":""Model""}","0.5208","{""id"":""model109"",""name"":""Fundamentals and Technical Indicators Model""}","1","2026-07-01","1","Diffusion ratio of analyst revisions (ratio of upward to downward changes) for next fiscal year (FY1) Cash Flow Per Share (CFPS) estimates over past 1 month","cfps_diffusion_fy1_1m","2","DEU","{""id"":""model-valuation-models"",""name"":""Valuation Models""}","[]","MATRIX","TOP500","0"
"0","{""id"":""model"",""name"":""Model""}","0.5271","{""id"":""model109"",""name"":""Fundamentals and Technical Indicators Model""}","1","2026-07-01","1","Diffusion ratio (upward vs. downward) of analyst FY1 (next fiscal year) Cash Flow Per Share (CFPS) estimate revisions over the past 3 months","cfps_diffusion_fy1_3m","2","DEU","{""id"":""model-valuation-models"",""name"":""Valuation Models""}","[]","MATRIX","TOP500","0"
"0","{""id"":""model"",""name"":""Model""}","0.5226","{""id"":""model109"",""name"":""Fundamentals and Technical Indicators Model""}","1","2026-07-01","1","Rolling 3-month aggregated analyst estimate revisions for next fiscal year (FY1) cash flow per share","cfps_estimate_revision_fy1_3m","2","DEU","{""id"":""model-valuation-models"",""name"":""Valuation Models""}","[]","MATRIX","TOP500","0"
"0","{""id"":""model"",""name"":""Model""}","0.5366","{""id"":""model109"",""name"":""Fundamentals and Technical Indicators Model""}","1","2026-07-01","1","Chaikin Money Flow indicator, a technical measure combining price and volume to assess accumulation or distribution by tracking money flow over a set period","chaikin_money_flow_indicator","2","DEU","{""id"":""model-valuation-models"",""name"":""Valuation Models""}","[]","MATRIX","TOP500","0"
"0","{""id"":""model"",""name"":""Model""}","0.5366","{""id"":""model109"",""name"":""Fundamentals and Technical Indicators Model""}","1","2026-07-01","1","Chaikin Oscillator, a momentum indicator of the Accumulation/Distribution Line of a security","chaikin_oscillator_value","2","DEU","{""id"":""model-valuation-models"",""name"":""Valuation Models""}","[]","MATRIX","TOP500","0"
"0","{""id"":""model"",""name"":""Model""}","0.5365","{""id"":""model109"",""name"":""Fundamentals and Technical Indicators Model""}","1","2026-07-01","1","Close Location Value, a technical indicator measuring where the closing price falls within the high-low range for the day, usually calculated as (Close - Low) / (High - Low), giving insight into intraday buying or selling pressure","close_location_value_indicator","2","DEU","{""id"":""model-valuation-models"",""name"":""Valuation Models""}","[]","MATRIX","TOP500","0"
"0","{""id"":""model"",""name"":""Model""}","0.4984","{""id"":""model109"",""name"":""Fundamentals and Technical Indicators Model""}","1","2026-07-01","1","Consensus analyst estimate of expected compound annual growth rate (CAGR) for Earnings Per Share over the next 5 years","consensus_5y_eps_growth","2","DEU","{""id"":""model-valuation-models"",""name"":""Valuation Models""}","[]","MATRIX","TOP500","0"
"0","{""id"":""model"",""name"":""Model""}","0.533","{""id"":""model109"",""name"":""Fundamentals and Technical Indicators Model""}","1","2026-07-01","1","Growth rate of current liabilities per share over a specified period","current_liabilities_growth_per_share","2","DEU","{""id"":""model-valuation-models"",""name"":""Valuation Models""}","[]","MATRIX","TOP500","0"
"0","{""id"":""model"",""name"":""Model""}","0.5356","{""id"":""model109"",""name"":""Fundamentals and Technical Indicators Model""}","1","2026-07-01","1","Growth in current liabilities, showing the rate at which current liabilities have increased or decreased over time","current_liabilities_growth_rate","2","DEU","{""id"":""model-valuation-models"",""name"":""Valuation Models""}","[]","MATRIX","TOP500","0"
"0","{""id"":""model"",""name"":""Model""}","0.5368","{""id"":""model109"",""name"":""Fundamentals and Technical Indicators Model""}","1","2026-07-01","1","Current ratio, a liquidity measure calculated as current assets divided by current liabilities","current_liquidity_ratio","2","DEU","{""id"":""model-valuation-models"",""name"":""Valuation Models""}","[]","MATRIX","TOP500","0"
"0","{""id"":""model"",""name"":""Model""}","0.485","{""id"":""model109"",""name"":""Fundamentals and Technical Indicators Model""}","1","2026-07-01","1","Ratio of total debt to total equity, measuring financial leverage of the company","debt_to_equity_ratio_2","2","DEU","{""id"":""model-valuation-models"",""name"":""Valuation Models""}","[]","MATRIX","TOP500","0"
"0","{""id"":""model"",""name"":""Model""}","0.5368","{""id"":""model109"",""name"":""Fundamentals and Technical Indicators Model""}","1","2026-07-01","1","Ratio of total debt to total debt plus equity at current market value (market capitalization)","debt_to_market_cap_ratio","2","DEU","{""id"":""model-valuation-models"",""name"":""Valuation Models""}","[]","MATRIX","TOP500","0"
"0","{""id"":""model"",""name"":""Model""}","0.4798","{""id"":""model109"",""name"":""Fundamentals and Technical Indicators Model""}","1","2026-07-01","1","Ratio of total debt to total capital","debt_to_total_capital_ratio","2","DEU","{""id"":""model-valuation-models"",""name"":""Valuation Models""}","[]","MATRIX","TOP500","0"
"0","{""id"":""model"",""name"":""Model""}","0.5368","{""id"":""model109"",""name"":""Fundamentals and Technical Indicators Model""}","1","2026-07-01","1","Detrended Price Oscillator—a technical indicator that removes trend from price data to highlight short-term cycles or overbought/oversold conditions","detrended_price_oscillator","2","DEU","{""id"":""model-valuation-models"",""name"":""Valuation Models""}","[]","MATRIX","TOP500","0"
"0","{""id"":""model"",""name"":""Model""}","0.5359","{""id"":""model109"",""name"":""Fundamentals and Technical Indicators Model""}","1","2026-07-01","1","Earnings yield (inverse of P/E) over the last twelve months (LTM), using diluted EPS figures","diluted_earnings_yield_ltm","2","DEU","{""id"":""model-valuation-models"",""name"":""Valuation Models""}","[]","MATRIX","TOP500","0"
"0","{""id"":""model"",""name"":""Model""}","0.5262","{""id"":""model109"",""name"":""Fundamentals and Technical Indicators Model""}","1","2026-07-01","1","Merton distance-to-default score estimating credit/default risk based on the Merton structural model","distance_to_default_merton","2","DEU","{""id"":""model-valuation-models"",""name"":""Valuation Models""}","[]","MATRIX","TOP500","0"
"0","{""id"":""model"",""name"":""Model""}","0.5256","{""id"":""model109"",""name"":""Fundamentals and Technical Indicators Model""}","1","2026-07-01","1","Dividend payout ratio over trailing period; proportion of earnings distributed as dividends","dividend_payout_ratio","2","DEU","{""id"":""model-valuation-models"",""name"":""Valuation Models""}","[]","MATRIX","TOP500","0"
"0","{""id"":""model"",""name"":""Model""}","0.4436","{""id"":""model109"",""name"":""Fundamentals and Technical Indicators Model""}","1","2026-07-01","1","Dividend per share (DPS) surprise, representing the difference between actual DPS reported and consensus analyst expectations","dividend_per_share_surprise","2","DEU","{""id"":""model-valuation-models"",""name"":""Valuation Models""}","[]","MATRIX","TOP500","0"
"0","{""id"":""model"",""name"":""Model""}","0.5344","{""id"":""model109"",""name"":""Fundamentals and Technical Indicators Model""}","1","2026-07-01","1","Forecasted dividend yield for the next fiscal year (FY1), calculated as expected dividends divided by current price","dividend_yield_forecast_fy1","2","DEU","{""id"":""model-valuation-models"",""name"":""Valuation Models""}","[]","MATRIX","TOP500","0"
"0","{""id"":""model"",""name"":""Model""}","0.534","{""id"":""model109"",""name"":""Fundamentals and Technical Indicators Model""}","1","2026-07-01","1","Rolling 3-month aggregated change in analyst estimates for Dividend Per Share (DPS) for the upcoming fiscal year (FY1)","dps_estimate_revision_fy1_3m","2","DEU","{""id"":""model-valuation-models"",""name"":""Valuation Models""}","[]","MATRIX","TOP500","0"
"0","{""id"":""model"",""name"":""Model""}","0.5343","{""id"":""model109"",""name"":""Fundamentals and Technical Indicators Model""}","1","2026-07-01","1","Median analyst forecasted earnings yield for the next fiscal year (FY1); earnings divided by price based on FY1 forecast","earnings_yield_fy1_median","2","DEU","{""id"":""model-valuation-models"",""name"":""Valuation Models""}","[]","MATRIX","TOP500","0"
"0","{""id"":""model"",""name"":""Model""}","0.5161","{""id"":""model109"",""name"":""Fundamentals and Technical Indicators Model""}","1","2026-07-01","1","Product of earnings yield (inverse of P/E, LTM basic EPS) and expected 5-year earnings growth, capturing value and growth combined","earnings_yield_growth_combo","2","DEU","{""id"":""model-valuation-models"",""name"":""Valuation Models""}","[]","MATRIX","TOP500","0"
"0","{""id"":""model"",""name"":""Model""}","0.5161","{""id"":""model109"",""name"":""Fundamentals and Technical Indicators Model""}","1","2026-07-01","1","Earnings yield (LTM, basic) multiplied by the sum of expected 5-year EPS growth and expected dividend yield; integrates value, growth, and income","earnings_yield_growth_plus_dividend","2","DEU","{""id"":""model-valuation-models"",""name"":""Valuation Models""}","[]","MATRIX","TOP500","0"
"0","{""id"":""model"",""name"":""Model""}","0.5343","{""id"":""model109"",""name"":""Fundamentals and Technical Indicators Model""}","1","2026-07-01","1","Earnings yield (inverse of P/E) based on the median consensus analyst forecast for the next twelve months (NTM)","earnings_yield_next_twelve_months","2","DEU","{""id"":""model-valuation-models"",""name"":""Valuation Models""}","[]","MATRIX","TOP500","0"
"0","{""id"":""model"",""name"":""Model""}","0.5366","{""id"":""model109"",""name"":""Fundamentals and Technical Indicators Model""}","1","2026-07-01","1","Ease of Movement indicator, which quantifies the relationship between price change and volume, typically highlighting how easily price can move in the market with low volume","ease_of_movement_indicator","2","DEU","{""id"":""model-valuation-models"",""name"":""Valuation Models""}","[]","MATRIX","TOP500","0"
"0","{""id"":""model"",""name"":""Model""}","0.5343","{""id"":""model109"",""name"":""Fundamentals and Technical Indicators Model""}","1","2026-07-01","1","Diffusion ratio (upward to downward changes) of analyst consensus estimate revisions for EBITDA in the next fiscal year (FY1), over the past 1 month","ebitda_diffusion_fy1_1m","2","DEU","{""id"":""model-valuation-models"",""name"":""Valuation Models""}","[]","MATRIX","TOP500","0"
"0","{""id"":""model"",""name"":""Model""}","0.5346","{""id"":""model109"",""name"":""Fundamentals and Technical Indicators Model""}","1","2026-07-01","1","Change in analyst consensus estimate for next fiscal year's (FY1) EBITDA, aggregated over the most recent 3-month rolling window","ebitda_estimate_revision_fy1_3m","2","DEU","{""id"":""model-valuation-models"",""name"":""Valuation Models""}","[]","MATRIX","TOP500","0"
"0","{""id"":""model"",""name"":""Model""}","0.5027","{""id"":""model109"",""name"":""Fundamentals and Technical Indicators Model""}","1","2026-07-01","1","Standardized difference (surprise) between reported EBITDA and the analyst consensus estimate","ebitda_surprise_actual_vs_consensus","2","DEU","{""id"":""model-valuation-models"",""name"":""Valuation Models""}","[]","MATRIX","TOP500","0"
"0","{""id"":""model"",""name"":""Model""}","0.5352","{""id"":""model109"",""name"":""Fundamentals and Technical Indicators Model""}","1","2026-07-01","1","Ratio of EBITDA (Earnings Before Interest, Taxes, Depreciation & Amortization) to Enterprise Value (EV), a commonly used valuation multiple","ebitda_to_enterprise_value","2","DEU","{""id"":""model-valuation-models"",""name"":""Valuation Models""}","[]","MATRIX","TOP500","0"
"0","{""id"":""model"",""name"":""Model""}","0.533","{""id"":""model109"",""name"":""Fundamentals and Technical Indicators Model""}","1","2026-07-01","1","Diffusion ratio (upward vs downward) of analyst revisions for next fiscal year (FY1) EBIT forecast, over the past 1 month","ebit_diffusion_fy1_1m","2","DEU","{""id"":""model-valuation-models"",""name"":""Valuation Models""}","[]","MATRIX","TOP500","0"
"0","{""id"":""model"",""name"":""Model""}","0.5341","{""id"":""model109"",""name"":""Fundamentals and Technical Indicators Model""}","1","2026-07-01","1","Diffusion ratio (upward vs downward) of analyst estimate revisions to Earnings Before Interest and Taxes (EBIT) for the next fiscal year (FY1) over the past three months","ebit_diffusion_fy1_3m","2","DEU","{""id"":""model-valuation-models"",""name"":""Valuation Models""}","[]","MATRIX","TOP500","0"
"0","{""id"":""model"",""name"":""Model""}","0.513","{""id"":""model109"",""name"":""Fundamentals and Technical Indicators Model""}","1","2026-07-01","1","EBIT surprise, the normalized difference between reported and consensus-expected EBIT","ebit_surprise_actual_vs_consensus","2","DEU","{""id"":""model-valuation-models"",""name"":""Valuation Models""}","[]","MATRIX","TOP500","0"
"0","{""id"":""model"",""name"":""Model""}","0.5366","{""id"":""model109"",""name"":""Fundamentals and Technical Indicators Model""}","1","2026-07-01","1","EBIT (Earnings Before Interest and Taxes) divided by Enterprise Value (EV)","ebit_to_enterprise_value_ratio","2","DEU","{""id"":""model-valuation-models"",""name"":""Valuation Models""}","[]","MATRIX","TOP500","0"
"0","{""id"":""model"",""name"":""Model""}","0.5098","{""id"":""model109"",""name"":""Fundamentals and Technical Indicators Model""}","1","2026-07-01","1","Total number of employees at the company","employee_count_total","2","DEU","{""id"":""model-valuation-models"",""name"":""Valuation Models""}","[]","MATRIX","TOP500","0"
"0","{""id"":""model"",""name"":""Model""}","0.5368","{""id"":""model109"",""name"":""Fundamentals and Technical Indicators Model""}","1","2026-07-01","1","Number of analysts providing EPS estimates for the next fiscal year","eps_analyst_count_fy1","2","DEU","{""id"":""model-valuation-models"",""name"":""Valuation Models""}","[]","MATRIX","TOP500","0"
"0","{""id"":""model"",""name"":""Model""}","0.5317","{""id"":""model109"",""name"":""Fundamentals and Technical Indicators Model""}","1","2026-07-01","1","Ratio of upward to downward analyst estimate revisions for next fiscal year (FY1) EPS over the past 3 months","eps_diffusion_fy1_3m","2","DEU","{""id"":""model-valuation-models"",""name"":""Valuation Models""}","[]","MATRIX","TOP500","0"
"0","{""id"":""model"",""name"":""Model""}","0.5343","{""id"":""model109"",""name"":""Fundamentals and Technical Indicators Model""}","1","2026-07-01","1","Dispersion (typically standard deviation) of analyst forecasts for next fiscal year (FY1) earnings per share, indicating uncertainty or disagreement among analysts","eps_estimate_dispersion","2","DEU","{""id"":""model-valuation-models"",""name"":""Valuation Models""}","[]","MATRIX","TOP500","0"
"0","{""id"":""model"",""name"":""Model""}","0.5339","{""id"":""model109"",""name"":""Fundamentals and Technical Indicators Model""}","1","2026-07-01","1","Rolling 3-month aggregated analyst estimate revision metric for EPS in next fiscal year (FY1)","eps_estimate_revision_3m","2","DEU","{""id"":""model-valuation-models"",""name"":""Valuation Models""}","[]","MATRIX","TOP500","0"
"0","{""id"":""model"",""name"":""Model""}","0.5203","{""id"":""model109"",""name"":""Fundamentals and Technical Indicators Model""}","1","2026-07-01","1","Earnings per share surprise metric with recent periods weighted more heavily (decayed effect)","eps_surprise_decay_factor","2","DEU","{""id"":""model-valuation-models"",""name"":""Valuation Models""}","[]","MATRIX","TOP500","0"
"0","{""id"":""model"",""name"":""Model""}","0.5343","{""id"":""model109"",""name"":""Fundamentals and Technical Indicators Model""}","1","2026-07-01","1","Coefficient of variation for FY1 EPS estimates, measuring dispersion or variability of analyst projections normalized by mean estimate (standard deviation/mean)","eps_variation_coefficient","2","DEU","{""id"":""model-valuation-models"",""name"":""Valuation Models""}","[]","MATRIX","TOP500","0"
"0","{""id"":""model"",""name"":""Model""}","0.5342","{""id"":""model109"",""name"":""Fundamentals and Technical Indicators Model""}","1","2026-07-01","1","Expected dividend payout ratio (dividends as a percentage of earnings) based on forward-looking estimates","expected_dividend_payout_ratio","2","DEU","{""id"":""model-valuation-models"",""name"":""Valuation Models""}","[]","MATRIX","TOP500","0"
"0","{""id"":""model"",""name"":""Model""}","0.5368","{""id"":""model109"",""name"":""Fundamentals and Technical Indicators Model""}","1","2026-07-01","1","Expected (forward-looking) dividend yield, i.e., anticipated annual dividends as a percentage of current price","expected_dividend_yield","2","DEU","{""id"":""model-valuation-models"",""name"":""Valuation Models""}","[]","MATRIX","TOP500","0"
"0","{""id"":""model"",""name"":""Model""}","0.5344","{""id"":""model109"",""name"":""Fundamentals and Technical Indicators Model""}","1","2026-07-01","1","Growth rate of dividends per share (DPS) expected in the company's next fiscal year after the current one (Fiscal Year 2)","expected_dps_growth_fy2","2","DEU","{""id"":""model-valuation-models"",""name"":""Valuation Models""}","[]","MATRIX","TOP500","0"
"0","{""id"":""model"",""name"":""Model""}","0.5343","{""id"":""model109"",""name"":""Fundamentals and Technical Indicators Model""}","1","2026-07-01","1","Expected or forecasted growth rate of earnings per share (EPS) for the second fiscal year ahead (FY2)","expected_eps_growth_fy2","2","DEU","{""id"":""model-valuation-models"",""name"":""Valuation Models""}","[]","MATRIX","TOP500","0"
"0","{""id"":""model"",""name"":""Model""}","0.4611","{""id"":""model109"",""name"":""Fundamentals and Technical Indicators Model""}","1","2026-07-01","1","Stability (usually temporal consistency, e.g., R-squared or similar) of the expected 5-year earnings per share (EPS) growth estimate","expected_eps_growth_stability","2","DEU","{""id"":""model-valuation-models"",""name"":""Valuation Models""}","[]","MATRIX","TOP500","0"
"0","{""id"":""model"",""name"":""Model""}","0.4211","{""id"":""model109"",""name"":""Fundamentals and Technical Indicators Model""}","1","2026-07-01","1","Year-over-year expected growth in interim Earnings Per Share (EPS), likely based on analyst consensus forecasts","expected_interim_eps_growth_yoy","2","DEU","{""id"":""model-valuation-models"",""name"":""Valuation Models""}","[]","MATRIX","TOP500","0"
"0","{""id"":""model"",""name"":""Model""}","0.4718","{""id"":""model109"",""name"":""Fundamentals and Technical Indicators Model""}","1","2026-07-01","1","Year-over-year growth in expected interim (not annual, but perhaps half-year or quarterly) revenue/sales based on analyst forecasts","expected_interim_revenue_growth","2","DEU","{""id"":""model-valuation-models"",""name"":""Valuation Models""}","[]","MATRIX","TOP500","0"
"0","{""id"":""model"",""name"":""Model""}","0.5351","{""id"":""model109"",""name"":""Fundamentals and Technical Indicators Model""}","1","2026-07-01","1","Projected revenue growth for the second fiscal year in the future (FY2), typically based on analyst estimates","expected_revenue_growth_two_years_ahead","2","DEU","{""id"":""model-valuation-models"",""name"":""Valuation Models""}","[]","MATRIX","TOP500","0"
"0","{""id"":""model"",""name"":""Model""}","0.535","{""id"":""model109"",""name"":""Fundamentals and Technical Indicators Model""}","1","2026-07-01","1","Net amount of external financing scaled by net operating assets, indicating reliance on external funding relative to internally generated assets","external_financing_to_net_operating_assets","2","DEU","{""id"":""model-valuation-models"",""name"":""Valuation Models""}","[]","MATRIX","TOP500","0"
"0","{""id"":""model"",""name"":""Model""}","0.5294","{""id"":""model109"",""name"":""Fundamentals and Technical Indicators Model""}","1","2026-07-01","1","Compound annual growth rate (trend) of cash flow per share (CFPS) over the past 5 years","five_year_cfps_growth_rate","2","DEU","{""id"":""model-valuation-models"",""name"":""Valuation Models""}","[]","MATRIX","TOP500","0"
"0","{""id"":""model"",""name"":""Model""}","0.4413","{""id"":""model109"",""name"":""Fundamentals and Technical Indicators Model""}","1","2026-07-01","1","Compound annual growth rate or trend of dividends per share (DPS) over the last 5 years, representing historical dividend growth","five_year_dividend_per_share_growth","2","DEU","{""id"":""model-valuation-models"",""name"":""Valuation Models""}","[]","MATRIX","TOP500","0"
"0","{""id"":""model"",""name"":""Model""}","0.5197","{""id"":""model109"",""name"":""Fundamentals and Technical Indicators Model""}","1","2026-07-01","1","Historical 5-year earnings per share (EPS) growth trend, measuring compound annual growth rate or average growth of EPS over the past five years","five_year_eps_growth_rate","2","DEU","{""id"":""model-valuation-models"",""name"":""Valuation Models""}","[]","MATRIX","TOP500","0"
"0","{""id"":""model"",""name"":""Model""}","0.5197","{""id"":""model109"",""name"":""Fundamentals and Technical Indicators Model""}","1","2026-07-01","1","Growth trend in operating earnings per share over the past five years","five_year_operating_eps_growth","2","DEU","{""id"":""model-valuation-models"",""name"":""Valuation Models""}","[]","MATRIX","TOP500","0"
"0","{""id"":""model"",""name"":""Model""}","0.5304","{""id"":""model109"",""name"":""Fundamentals and Technical Indicators Model""}","1","2026-07-01","1","Compound annual growth rate or trend of a company’s revenues over the past 5 years, indicating historical sales growth","five_year_revenue_growth_rate","2","DEU","{""id"":""model-valuation-models"",""name"":""Valuation Models""}","[]","MATRIX","TOP500","0"
"0","{""id"":""model"",""name"":""Model""}","0.5169","{""id"":""model109"",""name"":""Fundamentals and Technical Indicators Model""}","1","2026-07-01","1","Stability score of return on assets (ROA) over the past 5 years, probably measured as R-squared or variance","five_year_roa_stability","2","DEU","{""id"":""model-valuation-models"",""name"":""Valuation Models""}","[]","MATRIX","TOP500","0"
"0","{""id"":""model"",""name"":""Model""}","0.5193","{""id"":""model109"",""name"":""Fundamentals and Technical Indicators Model""}","1","2026-07-01","1","Stability (temporal consistency, e.g., R-squared or similar) of Return on Equity over the past 5 years, indicating how stable profitability is","five_year_roe_stability","2","DEU","{""id"":""model-valuation-models"",""name"":""Valuation Models""}","[]","MATRIX","TOP500","0"
"0","{""id"":""model"",""name"":""Model""}","0.5366","{""id"":""model109"",""name"":""Fundamentals and Technical Indicators Model""}","1","2026-07-01","1","Float turnover ratio over the last 12 months, calculated as total trading volume divided by free-floating shares outstanding","float_turnover_ratio","2","DEU","{""id"":""model-valuation-models"",""name"":""Valuation Models""}","[]","MATRIX","TOP500","0"
"0","{""id"":""model"",""name"":""Model""}","0.5368","{""id"":""model109"",""name"":""Fundamentals and Technical Indicators Model""}","1","2026-07-01","1","Force Index, a technical indicator that combines price change and volume to measure the strength of price moves","force_index_technical_indicator","2","DEU","{""id"":""model-valuation-models"",""name"":""Valuation Models""}","[]","MATRIX","TOP500","0"
"0","{""id"":""model"",""name"":""Model""}","0.5342","{""id"":""model109"",""name"":""Fundamentals and Technical Indicators Model""}","1","2026-07-01","1","Earnings yield using the median analyst forecast of FY2 (second fiscal year forward) basic EPS, as a forward-looking value measure","forward_earnings_yield_2y","2","DEU","{""id"":""model-valuation-models"",""name"":""Valuation Models""}","[]","MATRIX","TOP500","0"
"0","{""id"":""model"",""name"":""Model""}","0.5199","{""id"":""model109"",""name"":""Fundamentals and Technical Indicators Model""}","1","2026-07-01","1","Price-to-earnings ratio based on median consensus analyst EPS estimate for the next fiscal year (FY1)","forward_pe_ratio_fy1","2","DEU","{""id"":""model-valuation-models"",""name"":""Valuation Models""}","[]","MATRIX","TOP500","0"
"0","{""id"":""model"",""name"":""Model""}","0.5346","{""id"":""model109"",""name"":""Fundamentals and Technical Indicators Model""}","1","2026-07-01","1","Price-to-sales ratio using the forecasted sales for the upcoming fiscal year (FY1)","forward_price_to_sales_ratio","2","DEU","{""id"":""model-valuation-models"",""name"":""Valuation Models""}","[]","MATRIX","TOP500","0"
"0","{""id"":""model"",""name"":""Model""}","0.5343","{""id"":""model109"",""name"":""Fundamentals and Technical Indicators Model""}","1","2026-07-01","1","Ratio of levered free cash flow to total enterprise value (TEV); a valuation metric indicating free cash flow yield to all providers of capital","free_cash_flow_to_enterprise_value","2","DEU","{""id"":""model-valuation-models"",""name"":""Valuation Models""}","[]","MATRIX","TOP500","0"
"0","{""id"":""model"",""name"":""Model""}","0.5352","{""id"":""model109"",""name"":""Fundamentals and Technical Indicators Model""}","1","2026-07-01","1","Free cash flow yield (unlevered), calculated as free cash flow divided by market capitalization or enterprise value","free_cash_flow_yield","2","DEU","{""id"":""model-valuation-models"",""name"":""Valuation Models""}","[]","MATRIX","TOP500","0"
"0","{""id"":""model"",""name"":""Model""}","0.5339","{""id"":""model109"",""name"":""Fundamentals and Technical Indicators Model""}","1","2026-07-01","1","Year-over-year change in gross profit margin; how much the margin has increased or decreased compared to the same period last year","gross_margin_yearly_change","2","DEU","{""id"":""model-valuation-models"",""name"":""Valuation Models""}","[]","MATRIX","TOP500","0"
"0","{""id"":""model"",""name"":""Model""}","0.5365","{""id"":""model109"",""name"":""Fundamentals and Technical Indicators Model""}","1","2026-07-01","1","Gross profit margin, i.e., gross profit divided by total revenue","gross_profit_margin_ratio","2","DEU","{""id"":""model-valuation-models"",""name"":""Valuation Models""}","[]","MATRIX","TOP500","0"
"0","{""id"":""model"",""name"":""Model""}","0.5362","{""id"":""model109"",""name"":""Fundamentals and Technical Indicators Model""}","1","2026-07-01","1","Growth flow yield","growth_flow_yield_metric","2","DEU","{""id"":""model-valuation-models"",""name"":""Valuation Models""}","[]","MATRIX","TOP500","0"
"0","{""id"":""model"",""name"":""Model""}","0.5368","{""id"":""model109"",""name"":""Fundamentals and Technical Indicators Model""}","1","2026-07-01","1","High Low Mid Point: the average of the highest and lowest price over a specific period, used to track price central tendency","high_low_midpoint_indicator","2","DEU","{""id"":""model-valuation-models"",""name"":""Valuation Models""}","[]","VECTOR","TOP500","0"
"0","{""id"":""model"",""name"":""Model""}","0.4742","{""id"":""model109"",""name"":""Fundamentals and Technical Indicators Model""}","1","2026-07-01","1","Historical stability of earnings per share measured as coefficient of determination (R²) over time","historical_eps_stability","2","DEU","{""id"":""model-valuation-models"",""name"":""Valuation Models""}","[]","MATRIX","TOP500","0"
"0","{""id"":""model"",""name"":""Model""}","0.5253","{""id"":""model109"",""name"":""Fundamentals and Technical Indicators Model""}","1","2026-07-01","1","Reinvestment rate over the last twelve months, likely calculated as retained earnings or (capex + change in working capital) divided by net income or total capital","historical_reinvestment_rate","2","DEU","{""id"":""model-valuation-models"",""name"":""Valuation Models""}","[]","MATRIX","TOP500","0"
"0","{""id"":""model"",""name"":""Model""}","0.5363","{""id"":""model109"",""name"":""Fundamentals and Technical Indicators Model""}","1","2026-07-01","1","Historical relative earnings yield","historical_relative_earnings_yield","2","DEU","{""id"":""model-valuation-models"",""name"":""Valuation Models""}","[]","MATRIX","TOP500","0"
"0","{""id"":""model"",""name"":""Model""}","0.4981","{""id"":""model109"",""name"":""Fundamentals and Technical Indicators Model""}","1","2026-07-01","1","Historical stability of a company's revenue, measured as the coefficient of determination (R-squared) over a historical period, indicating how consistent or predictable the revenue stream has been over time","historical_revenue_stability","2","DEU","{""id"":""model-valuation-models"",""name"":""Valuation Models""}","[]","MATRIX","TOP500","0"
"0","{""id"":""model"",""name"":""Model""}","0.5348","{""id"":""model109"",""name"":""Fundamentals and Technical Indicators Model""}","1","2026-07-01","1","Interest coverage ratio, typically EBIT or EBITDA divided by interest expense","interest_coverage_ratio_4","2","DEU","{""id"":""model-valuation-models"",""name"":""Valuation Models""}","[]","MATRIX","TOP500","0"
"0","{""id"":""model"",""name"":""Model""}","0.5362","{""id"":""model109"",""name"":""Fundamentals and Technical Indicators Model""}","1","2026-07-01","1","Year-over-year growth rate in interim (semi-annual or quarterly) cash flow per share (CFPS), based on historical data","interim_cash_flow_per_share_growth","2","DEU","{""id"":""model-valuation-models"",""name"":""Valuation Models""}","[]","MATRIX","TOP500","0"
"0","{""id"":""model"",""name"":""Model""}","0.3933","{""id"":""model109"",""name"":""Fundamentals and Technical Indicators Model""}","1","2026-07-01","1","Year-over-year historical growth rate of interim dividend per share (DPS)","interim_dividend_per_share_growth","2","DEU","{""id"":""model-valuation-models"",""name"":""Valuation Models""}","[]","MATRIX","TOP500","0"
"0","{""id"":""model"",""name"":""Model""}","0.5347","{""id"":""model109"",""name"":""Fundamentals and Technical Indicators Model""}","1","2026-07-01","1","Year-over-year growth rate of interim (i.e., not full-year) earnings per share (EPS), capturing the percentage change in interim EPS compared to the same interim period last year","interim_eps_growth_yoy","2","DEU","{""id"":""model-valuation-models"",""name"":""Valuation Models""}","[]","MATRIX","TOP500","0"
"0","{""id"":""model"",""name"":""Model""}","0.5365","{""id"":""model109"",""name"":""Fundamentals and Technical Indicators Model""}","1","2026-07-01","1","Year-over-year growth rate of interim revenue based on historical data","interim_revenue_growth_yoy","2","DEU","{""id"":""model-valuation-models"",""name"":""Valuation Models""}","[]","MATRIX","TOP500","0"
"0","{""id"":""model"",""name"":""Model""}","0.5328","{""id"":""model109"",""name"":""Fundamentals and Technical Indicators Model""}","1","2026-07-01","1","Historical year-over-year growth in interim (periodic but not full-year) revenue per share, measuring trend in sales on a per-share basis between reported interim periods","interim_revenue_per_share_growth_yoy","2","DEU","{""id"":""model-valuation-models"",""name"":""Valuation Models""}","[]","MATRIX","TOP500","0"
"0","{""id"":""model"",""name"":""Model""}","0.4973","{""id"":""model109"",""name"":""Fundamentals and Technical Indicators Model""}","1","2026-07-01","1","Inventory turnover ratio; measures how many times a company's inventory is sold and replaced over a period, usually calculated as Cost of Goods Sold divided by Average Inventory","inventory_turnover_ratio","2","DEU","{""id"":""model-valuation-models"",""name"":""Valuation Models""}","[]","MATRIX","TOP500","0"
"0","{""id"":""model"",""name"":""Model""}","0.5368","{""id"":""model109"",""name"":""Fundamentals and Technical Indicators Model""}","1","2026-07-01","1","Natural logarithm of total market capitalization (market value of all outstanding shares)","logarithmic_market_cap","2","DEU","{""id"":""model-valuation-models"",""name"":""Valuation Models""}","[]","MATRIX","TOP500","0"
"0","{""id"":""model"",""name"":""Model""}","0.5368","{""id"":""model109"",""name"":""Fundamentals and Technical Indicators Model""}","1","2026-07-01","1","Natural logarithm of the current share price","logarithmic_share_price","2","DEU","{""id"":""model-valuation-models"",""name"":""Valuation Models""}","[]","MATRIX","TOP500","0"
"0","{""id"":""model"",""name"":""Model""}","0.5363","{""id"":""model109"",""name"":""Fundamentals and Technical Indicators Model""}","1","2026-07-01","1","Natural logarithm of float-adjusted market capitalization; represents the size of a stock after adjusting for shares available to the public","logarithm_float_market_cap","2","DEU","{""id"":""model-valuation-models"",""name"":""Valuation Models""}","[]","MATRIX","TOP500","0"
"0","{""id"":""model"",""name"":""Model""}","0.5367","{""id"":""model109"",""name"":""Fundamentals and Technical Indicators Model""}","1","2026-07-01","1","Natural logarithm of the company’s total revenue","logarithm_revenue","2","DEU","{""id"":""model-valuation-models"",""name"":""Valuation Models""}","[]","MATRIX","TOP500","0"
"0","{""id"":""model"",""name"":""Model""}","0.5335","{""id"":""model109"",""name"":""Fundamentals and Technical Indicators Model""}","1","2026-07-01","1","Year-over-year change in the ratio of long-term debt to common equity, measuring balance sheet leverage trend annually","long_term_debt_to_equity_change_yoy","2","DEU","{""id"":""model-valuation-models"",""name"":""Valuation Models""}","[]","MATRIX","TOP500","0"
"0","{""id"":""model"",""name"":""Model""}","0.5354","{""id"":""model109"",""name"":""Fundamentals and Technical Indicators Model""}","1","2026-07-01","1","Ratio of long-term debt to common equity, indicating the portion of capitalization provided by long-term borrowed funds compared to shareholders' equity","long_term_debt_to_equity_ratio_3","2","DEU","{""id"":""model-valuation-models"",""name"":""Valuation Models""}","[]","MATRIX","TOP500","0"
"0","{""id"":""model"",""name"":""Model""}","0.4917","{""id"":""model109"",""name"":""Fundamentals and Technical Indicators Model""}","1","2026-07-01","1","Long-term debt as a percentage of total capital (debt plus equity); a leverage metric showing financial structure risk","long_term_debt_to_total_capital","2","DEU","{""id"":""model-valuation-models"",""name"":""Valuation Models""}","[]","MATRIX","TOP500","0"
"0","{""id"":""model"",""name"":""Model""}","0.506","{""id"":""model109"",""name"":""Fundamentals and Technical Indicators Model""}","1","2026-07-01","1","One-month diffusion ratio of analyst long-term growth estimate revisions; proportion of upward to downward changes in analyst LTG estimates over past month","long_term_growth_diffusion_1m","2","DEU","{""id"":""model-valuation-models"",""name"":""Valuation Models""}","[]","MATRIX","TOP500","0"
"0","{""id"":""model"",""name"":""Model""}","0.471","{""id"":""model109"",""name"":""Fundamentals and Technical Indicators Model""}","1","2026-07-01","1","Ratio of upward to downward analyst estimate revisions for long-term growth expectations over the past 3 months","long_term_growth_diffusion_3m","2","DEU","{""id"":""model-valuation-models"",""name"":""Valuation Models""}","[]","MATRIX","TOP500","0"
"0","{""id"":""model"",""name"":""Model""}","0.4968","{""id"":""model109"",""name"":""Fundamentals and Technical Indicators Model""}","1","2026-07-01","1","1-month aggregated rolling analyst revisions to long-term EPS or growth forecasts (LTG = Long-Term Growth)","long_term_growth_revision_1m","2","DEU","{""id"":""model-valuation-models"",""name"":""Valuation Models""}","[]","MATRIX","TOP500","0"
"0","{""id"":""model"",""name"":""Model""}","0.5368","{""id"":""model109"",""name"":""Fundamentals and Technical Indicators Model""}","1","2026-07-01","1","Market capitalization of the company, computed as the total market value of all outstanding shares (price × shares outstanding) as of the record date","market_capitalization_value_3","2","DEU","{""id"":""model-valuation-models"",""name"":""Valuation Models""}","[]","MATRIX","TOP500","0"
"0","{""id"":""model"",""name"":""Model""}","0.5366","{""id"":""model109"",""name"":""Fundamentals and Technical Indicators Model""}","1","2026-07-01","1","Mass Index, a technical indicator designed to identify trend reversals by measuring range (volatility) expansion in price","mass_index_indicator","2","DEU","{""id"":""model-valuation-models"",""name"":""Valuation Models""}","[]","MATRIX","TOP500","0"
"0","{""id"":""model"",""name"":""Model""}","0.5308","{""id"":""model109"",""name"":""Fundamentals and Technical Indicators Model""}","1","2026-07-01","1","Highest single-day return observed for the stock during the past month, used as a proxy for lottery-like return behavior","max_daily_return_last_month","2","DEU","{""id"":""model-valuation-models"",""name"":""Valuation Models""}","[]","MATRIX","TOP500","0"
"0","{""id"":""model"",""name"":""Model""}","0.5368","{""id"":""model109"",""name"":""Fundamentals and Technical Indicators Model""}","1","2026-07-01","1","Earnings yield (inverse of P/E) based on analyst consensus forecast EPS for the next fiscal year (FY1), using the median estimate","mdl109_1yf_dlyspe","2","DEU","{""id"":""model-valuation-models"",""name"":""Valuation Models""}","[]","VECTOR","TOP500","0"
"0","{""id"":""model"",""name"":""Model""}","0.5368","{""id"":""model109"",""name"":""Fundamentals and Technical Indicators Model""}","1","2026-07-01","1","Price-to-Earnings ratio calculated as current stock price divided by analyst consensus forecast EPS for the next fiscal year (FY1), using the median estimate","mdl109_1yf_ep","2","DEU","{""id"":""model-valuation-models"",""name"":""Valuation Models""}","[]","VECTOR","TOP500","0"
"0","{""id"":""model"",""name"":""Model""}","0.5368","{""id"":""model109"",""name"":""Fundamentals and Technical Indicators Model""}","1","2026-07-01","1","Earnings yield (inverse of P/E) based on analyst consensus forecast EPS for the second next fiscal year (FY2), using the median estimate","mdl109_2yf_dlyspe","2","DEU","{""id"":""model-valuation-models"",""name"":""Valuation Models""}","[]","VECTOR","TOP500","0"
"0","{""id"":""model"",""name"":""Model""}","0.5368","{""id"":""model109"",""name"":""Fundamentals and Technical Indicators Model""}","1","2026-07-01","1","Price-to-Earnings ratio calculated as current stock price divided by analyst consensus forecast EPS for the second next fiscal year (FY2), using the median estimate","mdl109_2yf_ep","2","DEU","{""id"":""model-valuation-models"",""name"":""Valuation Models""}","[]","VECTOR","TOP500","0"
"0","{""id"":""model"",""name"":""Model""}","0.5368","{""id"":""model109"",""name"":""Fundamentals and Technical Indicators Model""}","1","2026-07-01","1","Signal for moving average crossover: difference or indicator of when 30-week moving average crosses 75-week moving average of price; identifies longer-term trend shifts","mdl109_57_03_am","2","DEU","{""id"":""model-valuation-models"",""name"":""Valuation Models""}","[]","VECTOR","TOP500","0"
"0","{""id"":""model"",""name"":""Model""}","0.5368","{""id"":""model109"",""name"":""Fundamentals and Technical Indicators Model""}","1","2026-07-01","1","Signal for moving average crossover: difference between 15-week and 36-week moving averages of price; often used to detect medium-term trend reversals","mdl109_63_51_am","2","DEU","{""id"":""model-valuation-models"",""name"":""Valuation Models""}","[]","VECTOR","TOP500","0"
"0","{""id"":""model"",""name"":""Model""}","0.5368","{""id"":""model109"",""name"":""Fundamentals and Technical Indicators Model""}","1","2026-07-01","1","Abnormal trading volume indicator, most likely measuring how the most recent trading volume deviates from typical levels (such as relative to a moving average), highlighting spikes in activity","mdl109_abn_volm","2","DEU","{""id"":""model-valuation-models"",""name"":""Valuation Models""}","[]","VECTOR","TOP500","0"
"0","{""id"":""model"",""name"":""Model""}","0.5368","{""id"":""model109"",""name"":""Fundamentals and Technical Indicators Model""}","1","2026-07-01","1","Sloan (1996) accruals metric: measures the portion of earnings due to accrual accounting versus cash flow, often used as a quality or earnings manipulation risk indicator","mdl109_accruals","2","DEU","{""id"":""model-valuation-models"",""name"":""Valuation Models""}","[]","VECTOR","TOP500","0"
"0","{""id"":""model"",""name"":""Model""}","0.5368","{""id"":""model109"",""name"":""Fundamentals and Technical Indicators Model""}","1","2026-07-01","1","Acceleration in revenue (sales) growth rate measured over the previous five years, quantifying the change in the growth trajectory of company revenues","mdl109_ac_5y_sale","2","DEU","{""id"":""model-valuation-models"",""name"":""Valuation Models""}","[]","VECTOR","TOP500","0"
"0","{""id"":""model"",""name"":""Model""}","0.5368","{""id"":""model109"",""name"":""Fundamentals and Technical Indicators Model""}","1","2026-07-01","1","Altman's z-score for bankruptcy prediction as defined in the original 1968 model (composite score using several financial ratios)","mdl109_altman1968","2","DEU","{""id"":""model-valuation-models"",""name"":""Valuation Models""}","[]","VECTOR","TOP500","0"
"0","{""id"":""model"",""name"":""Model""}","0.5368","{""id"":""model109"",""name"":""Fundamentals and Technical Indicators Model""}","1","2026-07-01","1","Altman's Z-score using the 1983 revised formula, an updated bankruptcy risk and financial distress indicator","mdl109_altman1983","2","DEU","{""id"":""model-valuation-models"",""name"":""Valuation Models""}","[]","VECTOR","TOP500","0"
"0","{""id"":""model"",""name"":""Model""}","0.5368","{""id"":""model109"",""name"":""Fundamentals and Technical Indicators Model""}","1","2026-07-01","1","Amihud illiquidity ratio, measuring price impact per unit of trading volume","mdl109_amihud","2","DEU","{""id"":""model-valuation-models"",""name"":""Valuation Models""}","[]","VECTOR","TOP500","0"
"0","{""id"":""model"",""name"":""Model""}","0.5368","{""id"":""model109"",""name"":""Fundamentals and Technical Indicators Model""}","1","2026-07-01","1","Return on assets based on trailing twelve months","mdl109_aor","2","DEU","{""id"":""model-valuation-models"",""name"":""Valuation Models""}","[]","VECTOR","TOP500","0"
"0","{""id"":""model"",""name"":""Model""}","0.5368","{""id"":""model109"",""name"":""Fundamentals and Technical Indicators Model""}","1","2026-07-01","1","Asset growth anomaly factor as defined by Cooper, Gulen, and Schill (2008); generally the year-over-year growth rate of total assets, used as a predictive factor for stock returns","mdl109_asset_gr","2","DEU","{""id"":""model-valuation-models"",""name"":""Valuation Models""}","[]","VECTOR","TOP500","0"
"0","{""id"":""model"",""name"":""Model""}","0.5368","{""id"":""model109"",""name"":""Fundamentals and Technical Indicators Model""}","1","2026-07-01","1","Year-over-year growth rate in total assets on a per share basis (total assets divided by shares outstanding)","mdl109_asset_ps_gr","2","DEU","{""id"":""model-valuation-models"",""name"":""Valuation Models""}","[]","VECTOR","TOP500","0"
"0","{""id"":""model"",""name"":""Model""}","0.5368","{""id"":""model109"",""name"":""Fundamentals and Technical Indicators Model""}","1","2026-07-01","1","Bollinger Bands, a technical analysis indicator constructed from a moving average and standard deviation bands to measure price volatility and possible trading ranges","mdl109_bb","2","DEU","{""id"":""model-valuation-models"",""name"":""Valuation Models""}","[]","VECTOR","TOP500","0"
"0","{""id"":""model"",""name"":""Model""}","0.5368","{""id"":""model109"",""name"":""Fundamentals and Technical Indicators Model""}","1","2026-07-01","1","Berry ratio, defined as gross profits divided by operating expenses","mdl109_berry","2","DEU","{""id"":""model-valuation-models"",""name"":""Valuation Models""}","[]","VECTOR","TOP500","0"
"0","{""id"":""model"",""name"":""Model""}","0.5368","{""id"":""model109"",""name"":""Fundamentals and Technical Indicators Model""}","1","2026-07-01","1","Book-to-market ratio, calculated as book value divided by market price; a value factor commonly used for valuation comparisons","mdl109_bookp","2","DEU","{""id"":""model-valuation-models"",""name"":""Valuation Models""}","[]","VECTOR","TOP500","0"
"0","{""id"":""model"",""name"":""Model""}","0.5368","{""id"":""model109"",""name"":""Fundamentals and Technical Indicators Model""}","1","2026-07-01","1","Book-to-market ratio (the inverse of price-to-book) using forecasted book value for the next fiscal year (FY1)","mdl109_bookp_fy1","2","DEU","{""id"":""model-valuation-models"",""name"":""Valuation Models""}","[]","VECTOR","TOP500","0"
"0","{""id"":""model"",""name"":""Model""}","0.5368","{""id"":""model109"",""name"":""Fundamentals and Technical Indicators Model""}","1","2026-07-01","1","Earnings yield based on last twelve months (LTM) reported earnings per share, using the basic (not diluted) calculation; measured as EPS divided by price","mdl109_b_mtl_dlyspe","2","DEU","{""id"":""model-valuation-models"",""name"":""Valuation Models""}","[]","VECTOR","TOP500","0"
"0","{""id"":""model"",""name"":""Model""}","0.5368","{""id"":""model109"",""name"":""Fundamentals and Technical Indicators Model""}","1","2026-07-01","1","Price-to-earnings ratio, based on trailing twelve months (LTM) basic EPS (not diluted), calculated as current price divided by basic EPS over the last year","mdl109_b_mtl_ep","2","DEU","{""id"":""model-valuation-models"",""name"":""Valuation Models""}","[]","VECTOR","TOP500","0"
"0","{""id"":""model"",""name"":""Model""}","0.5368","{""id"":""model109"",""name"":""Fundamentals and Technical Indicators Model""}","1","2026-07-01","1","Operating cash flow yield, calculated as operating cash flow divided by market capitalization (price), indicating the cash generation efficiency relative to stock price","mdl109_cfoyld","2","DEU","{""id"":""model-valuation-models"",""name"":""Valuation Models""}","[]","VECTOR","TOP500","0"
"0","{""id"":""model"",""name"":""Model""}","0.5368","{""id"":""model109"",""name"":""Fundamentals and Technical Indicators Model""}","1","2026-07-01","1","Operating cash flow yield (i.e. operating cash flow divided by market capitalization or enterprise value) projected or estimated for the next fiscal year (FY1)","mdl109_cfoyld_fy1","2","DEU","{""id"":""model-valuation-models"",""name"":""Valuation Models""}","[]","VECTOR","TOP500","0"
"0","{""id"":""model"",""name"":""Model""}","0.5368","{""id"":""model109"",""name"":""Fundamentals and Technical Indicators Model""}","1","2026-07-01","1","Ratio of cash flow from operations to current liabilities (measures a firm's ability to cover its short-term obligations with operational cash generation)","mdl109_cfo_curr_liab","2","DEU","{""id"":""model-valuation-models"",""name"":""Valuation Models""}","[]","VECTOR","TOP500","0"
"0","{""id"":""model"",""name"":""Model""}","0.5368","{""id"":""model109"",""name"":""Fundamentals and Technical Indicators Model""}","1","2026-07-01","1","Normalized cash flow per share (CFPS) surprise: standardized difference between actual reported CFPS and consensus analyst estimate, showing the degree to which actual results deviate from expectations","mdl109_cfps_sur","2","DEU","{""id"":""model-valuation-models"",""name"":""Valuation Models""}","[]","VECTOR","TOP500","0"
"0","{""id"":""model"",""name"":""Model""}","0.5368","{""id"":""model109"",""name"":""Fundamentals and Technical Indicators Model""}","1","2026-07-01","1","Cash flow return on net operating assets: cash flow from operations divided by net operating assets","mdl109_cfrnoa","2","DEU","{""id"":""model-valuation-models"",""name"":""Valuation Models""}","[]","VECTOR","TOP500","0"
"0","{""id"":""model"",""name"":""Model""}","0.5368","{""id"":""model109"",""name"":""Fundamentals and Technical Indicators Model""}","1","2026-07-01","1","Cash flow return on assets, measuring operating cash flow generated as a percentage of total assets","mdl109_cfroa","2","DEU","{""id"":""model-valuation-models"",""name"":""Valuation Models""}","[]","VECTOR","TOP500","0"
"0","{""id"":""model"",""name"":""Model""}","0.5368","{""id"":""model109"",""name"":""Fundamentals and Technical Indicators Model""}","1","2026-07-01","1","Cash flow return on equity, measuring operating cash flow generated as a percentage of shareholders’ equity","mdl109_cfroe","2","DEU","{""id"":""model-valuation-models"",""name"":""Valuation Models""}","[]","VECTOR","TOP500","0"
"0","{""id"":""model"",""name"":""Model""}","0.5368","{""id"":""model109"",""name"":""Fundamentals and Technical Indicators Model""}","1","2026-07-01","1","Forecasted Cash Flow Return on Equity for the next fiscal year (FY1)","mdl109_cfroe_fy1","2","DEU","{""id"":""model-valuation-models"",""name"":""Valuation Models""}","[]","VECTOR","TOP500","0"
"0","{""id"":""model"",""name"":""Model""}","0.5368","{""id"":""model109"",""name"":""Fundamentals and Technical Indicators Model""}","1","2026-07-01","1","Current ratio, a liquidity metric defined as current assets divided by current liabilities","mdl109_current_r","2","DEU","{""id"":""model-valuation-models"",""name"":""Valuation Models""}","[]","VECTOR","TOP500","0"
"0","{""id"":""model"",""name"":""Model""}","0.5368","{""id"":""model109"",""name"":""Fundamentals and Technical Indicators Model""}","1","2026-07-01","1","Total return of the stock over the past 2520 days (approximately 120 months, or 10 years)","mdl109_d0252ntr","2","DEU","{""id"":""model-valuation-models"",""name"":""Valuation Models""}","[]","VECTOR","TOP500","0"
"0","{""id"":""model"",""name"":""Model""}","0.5368","{""id"":""model109"",""name"":""Fundamentals and Technical Indicators Model""}","1","2026-07-01","1","Total return over the past 1260 trading days (approximately 60 months or 5 years), including price appreciation and any dividends","mdl109_d0621ntr","2","DEU","{""id"":""model-valuation-models"",""name"":""Valuation Models""}","[]","VECTOR","TOP500","0"
"0","{""id"":""model"",""name"":""Model""}","0.5368","{""id"":""model109"",""name"":""Fundamentals and Technical Indicators Model""}","1","2026-07-01","1","Total return of the security over the past 21 trading days (approximately 1 month)","mdl109_d12ntr","2","DEU","{""id"":""model-valuation-models"",""name"":""Valuation Models""}","[]","VECTOR","TOP500","0"
"0","{""id"":""model"",""name"":""Model""}","0.5368","{""id"":""model109"",""name"":""Fundamentals and Technical Indicators Model""}","1","2026-07-01","1","Stock price momentum as total return over the past 252 trading days, commonly representing one full year (12 months) of trading days","mdl109_d252_ntr","2","DEU","{""id"":""model-valuation-models"",""name"":""Valuation Models""}","[]","VECTOR","TOP500","0"
"0","{""id"":""model"",""name"":""Model""}","0.5368","{""id"":""model109"",""name"":""Fundamentals and Technical Indicators Model""}","1","2026-07-01","1","Cumulative total return over the past 63 trading days (approximately 3 months), including price appreciation and dividends if applicable","mdl109_d36ntr","2","DEU","{""id"":""model-valuation-models"",""name"":""Valuation Models""}","[]","VECTOR","TOP500","0"
"0","{""id"":""model"",""name"":""Model""}","0.5368","{""id"":""model109"",""name"":""Fundamentals and Technical Indicators Model""}","1","2026-07-01","1","Stock return (momentum) over past 126 trading days, roughly 6 months","mdl109_d621_ntr","2","DEU","{""id"":""model-valuation-models"",""name"":""Valuation Models""}","[]","VECTOR","TOP500","0"
"0","{""id"":""model"",""name"":""Model""}","0.5368","{""id"":""model109"",""name"":""Fundamentals and Technical Indicators Model""}","1","2026-07-01","1","Stock price momentum as total return over the past 189 trading days, approximately equivalent to the last nine months","mdl109_d981_ntr","2","DEU","{""id"":""model-valuation-models"",""name"":""Valuation Models""}","[]","VECTOR","TOP500","0"
"0","{""id"":""model"",""name"":""Model""}","0.5368","{""id"":""model109"",""name"":""Fundamentals and Technical Indicators Model""}","1","2026-07-01","1","Ratio of total debt to total capital (i.e., total debt divided by the sum of total debt and equity, gauges overall leverage)","mdl109_debt_capital","2","DEU","{""id"":""model-valuation-models"",""name"":""Valuation Models""}","[]","VECTOR","TOP500","0"
"0","{""id"":""model"",""name"":""Model""}","0.5368","{""id"":""model109"",""name"":""Fundamentals and Technical Indicators Model""}","1","2026-07-01","1","Year-over-year change in total debt outstanding for the company","mdl109_debt_chg","2","DEU","{""id"":""model-valuation-models"",""name"":""Valuation Models""}","[]","VECTOR","TOP500","0"
"0","{""id"":""model"",""name"":""Model""}","0.5368","{""id"":""model109"",""name"":""Fundamentals and Technical Indicators Model""}","1","2026-07-01","1","Ratio of total debt to total equity, measuring financial leverage","mdl109_debt_equity","2","DEU","{""id"":""model-valuation-models"",""name"":""Valuation Models""}","[]","VECTOR","TOP500","0"
"0","{""id"":""model"",""name"":""Model""}","0.5368","{""id"":""model109"",""name"":""Fundamentals and Technical Indicators Model""}","1","2026-07-01","1","Ratio of total debt to the market value of total capital (i.e., total debt divided by market capitalization plus debt, reflecting market-based leverage)","mdl109_debt_mktcapital","2","DEU","{""id"":""model-valuation-models"",""name"":""Valuation Models""}","[]","VECTOR","TOP500","0"
"0","{""id"":""model"",""name"":""Model""}","0.5368","{""id"":""model109"",""name"":""Fundamentals and Technical Indicators Model""}","1","2026-07-01","1","Total yield combining dividend yield and yield from share buybacks or share count reduction; represents shareholder return from both dividends and buyback activity","mdl109_divyld_bb","2","DEU","{""id"":""model-valuation-models"",""name"":""Valuation Models""}","[]","VECTOR","TOP500","0"
"0","{""id"":""model"",""name"":""Model""}","0.5368","{""id"":""model109"",""name"":""Fundamentals and Technical Indicators Model""}","1","2026-07-01","1","Expected future dividend yield based on analyst or company forecasts","mdl109_divyld_exp","2","DEU","{""id"":""model-valuation-models"",""name"":""Valuation Models""}","[]","VECTOR","TOP500","0"
"0","{""id"":""model"",""name"":""Model""}","0.5368","{""id"":""model109"",""name"":""Fundamentals and Technical Indicators Model""}","1","2026-07-01","1","Forecasted dividend yield for the next fiscal year (FY1)","mdl109_divyld_fy1","2","DEU","{""id"":""model-valuation-models"",""name"":""Valuation Models""}","[]","VECTOR","TOP500","0"
"0","{""id"":""model"",""name"":""Model""}","0.5368","{""id"":""model109"",""name"":""Fundamentals and Technical Indicators Model""}","1","2026-07-01","1","Shareholder total yield: combines dividend yield with net share buybacks minus share issuances, representing the total cash return to shareholders as a percent of price","mdl109_divyld_sh","2","DEU","{""id"":""model-valuation-models"",""name"":""Valuation Models""}","[]","VECTOR","TOP500","0"
"0","{""id"":""model"",""name"":""Model""}","0.5368","{""id"":""model109"",""name"":""Fundamentals and Technical Indicators Model""}","1","2026-07-01","1","Trailing dividend yield, calculated as sum of dividends over past year divided by current price","mdl109_divyld_trl","2","DEU","{""id"":""model-valuation-models"",""name"":""Valuation Models""}","[]","VECTOR","TOP500","0"
"0","{""id"":""model"",""name"":""Model""}","0.5368","{""id"":""model109"",""name"":""Fundamentals and Technical Indicators Model""}","1","2026-07-01","1","Dividend payout ratio, trailing; proportion of earnings paid out as dividends over the trailing period","mdl109_div_payout","2","DEU","{""id"":""model-valuation-models"",""name"":""Valuation Models""}","[]","VECTOR","TOP500","0"
"0","{""id"":""model"",""name"":""Model""}","0.5368","{""id"":""model109"",""name"":""Fundamentals and Technical Indicators Model""}","1","2026-07-01","1","Free cash flow yield, calculated as unlevered free cash flow divided by market capitalization (or enterprise value)","mdl109_dlyfcf","2","DEU","{""id"":""model-valuation-models"",""name"":""Valuation Models""}","[]","VECTOR","TOP500","0"
"0","{""id"":""model"",""name"":""Model""}","0.5368","{""id"":""model109"",""name"":""Fundamentals and Technical Indicators Model""}","1","2026-07-01","1","Historical relative earnings yield, i.e., company earnings yield relative to some benchmark or cross-sectional group","mdl109_dlyspe_rh","2","DEU","{""id"":""model-valuation-models"",""name"":""Valuation Models""}","[]","VECTOR","TOP500","0"
"0","{""id"":""model"",""name"":""Model""}","0.5368","{""id"":""model109"",""name"":""Fundamentals and Technical Indicators Model""}","1","2026-07-01","1","Growth flow yield","mdl109_dly_lf_org","2","DEU","{""id"":""model-valuation-models"",""name"":""Valuation Models""}","[]","VECTOR","TOP500","0"
"0","{""id"":""model"",""name"":""Model""}","0.5368","{""id"":""model109"",""name"":""Fundamentals and Technical Indicators Model""}","1","2026-07-01","1","Surprise metric for Dividends Per Share (DPS), typically measured as the deviation of reported DPS from consensus analyst estimates, possibly standardized as a z-score","mdl109_dps_sur","2","DEU","{""id"":""model-valuation-models"",""name"":""Valuation Models""}","[]","VECTOR","TOP500","0"
"0","{""id"":""model"",""name"":""Model""}","0.5368","{""id"":""model109"",""name"":""Fundamentals and Technical Indicators Model""}","1","2026-07-01","1","Diluted earnings yield for the last twelve months—LTM net income per diluted share divided by price, the inverse of the diluted P/E ratio","mdl109_d_mtl_dlyspe","2","DEU","{""id"":""model-valuation-models"",""name"":""Valuation Models""}","[]","VECTOR","TOP500","0"
"0","{""id"":""model"",""name"":""Model""}","0.5368","{""id"":""model109"",""name"":""Fundamentals and Technical Indicators Model""}","1","2026-07-01","1","Price-to-Earnings ratio calculated on trailing twelve months (LTM) earnings per share, using diluted earnings to account for potential share dilution","mdl109_d_mtl_ep","2","DEU","{""id"":""model-valuation-models"",""name"":""Valuation Models""}","[]","VECTOR","TOP500","0"
"0","{""id"":""model"",""name"":""Model""}","0.5368","{""id"":""model109"",""name"":""Fundamentals and Technical Indicators Model""}","1","2026-07-01","1","Ratio of earnings before interest, taxes, depreciation, and amortization to enterprise value (EBITDA/EV), a valuation metric","mdl109_ebitda_ev","2","DEU","{""id"":""model-valuation-models"",""name"":""Valuation Models""}","[]","VECTOR","TOP500","0"
"0","{""id"":""model"",""name"":""Model""}","0.5368","{""id"":""model109"",""name"":""Fundamentals and Technical Indicators Model""}","1","2026-07-01","1","EBITDA surprise: normalized difference between reported EBITDA and the consensus estimate (e.g. z-score or percent deviation), quantifying how much the reported figure beat or missed expectations","mdl109_ebitda_sur","2","DEU","{""id"":""model-valuation-models"",""name"":""Valuation Models""}","[]","VECTOR","TOP500","0"
"0","{""id"":""model"",""name"":""Model""}","0.5368","{""id"":""model109"",""name"":""Fundamentals and Technical Indicators Model""}","1","2026-07-01","1","Ratio of earnings before interest and tax (EBIT) to enterprise value (EV)","mdl109_ebit_ev","2","DEU","{""id"":""model-valuation-models"",""name"":""Valuation Models""}","[]","VECTOR","TOP500","0"
"0","{""id"":""model"",""name"":""Model""}","0.5368","{""id"":""model109"",""name"":""Fundamentals and Technical Indicators Model""}","1","2026-07-01","1","Actual reported EBIT minus consensus forecasted EBIT, typically normalized (EBIT surprise, measures recent performance versus expectations)","mdl109_ebit_sur","2","DEU","{""id"":""model-valuation-models"",""name"":""Valuation Models""}","[]","VECTOR","TOP500","0"
"0","{""id"":""model"",""name"":""Model""}","0.5368","{""id"":""model109"",""name"":""Fundamentals and Technical Indicators Model""}","1","2026-07-01","1","Product of current trailing 12-month earnings yield and the sum of expected 5-year EPS growth and expected dividend yield; composite value/growth metric","mdl109_epsyld_gro_divy","2","DEU","{""id"":""model-valuation-models"",""name"":""Valuation Models""}","[]","VECTOR","TOP500","0"
"0","{""id"":""model"",""name"":""Model""}","0.5368","{""id"":""model109"",""name"":""Fundamentals and Technical Indicators Model""}","1","2026-07-01","1","The cross-sectional or analyst dispersion (standard deviation or spread) of FY1 (next fiscal year) EPS estimates, measuring analyst disagreement about earnings","mdl109_eps_disp","2","DEU","{""id"":""model-valuation-models"",""name"":""Valuation Models""}","[]","VECTOR","TOP500","0"
"0","{""id"":""model"",""name"":""Model""}","0.5368","{""id"":""model109"",""name"":""Fundamentals and Technical Indicators Model""}","1","2026-07-01","1","Historical stability of earnings per share (EPS), usually measured as the coefficient of determination (R-squared) of time-series EPS, reflecting consistency and forecasting reliability","mdl109_eps_stab","2","DEU","{""id"":""model-valuation-models"",""name"":""Valuation Models""}","[]","VECTOR","TOP500","0"
"0","{""id"":""model"",""name"":""Model""}","0.5368","{""id"":""model109"",""name"":""Fundamentals and Technical Indicators Model""}","1","2026-07-01","1","Earnings Per Share (EPS) surprise, as measured (e.g., deviation from analyst consensus), incorporating time-decay so that more recent surprises are weighted more heavily","mdl109_eps_sur_decay","2","DEU","{""id"":""model-valuation-models"",""name"":""Valuation Models""}","[]","VECTOR","TOP500","0"
"0","{""id"":""model"",""name"":""Model""}","0.5368","{""id"":""model109"",""name"":""Fundamentals and Technical Indicators Model""}","1","2026-07-01","1","Coefficient of variation (standard deviation divided by mean) of FY1 (next fiscal year) analyst EPS (Earnings Per Share) estimates, measuring the dispersion in EPS forecasts","mdl109_eps_varia","2","DEU","{""id"":""model-valuation-models"",""name"":""Valuation Models""}","[]","VECTOR","TOP500","0"
"0","{""id"":""model"",""name"":""Model""}","0.5368","{""id"":""model109"",""name"":""Fundamentals and Technical Indicators Model""}","1","2026-07-01","1","Analyst FY1 EBITDA estimate diffusion (upward vs downward revisions ratio) over 1 month","mdl109_es_ebitda_fy1_d1m","2","DEU","{""id"":""model-valuation-models"",""name"":""Valuation Models""}","[]","VECTOR","TOP500","0"
"0","{""id"":""model"",""name"":""Model""}","0.5368","{""id"":""model109"",""name"":""Fundamentals and Technical Indicators Model""}","1","2026-07-01","1","Ratio of upward to downward analyst revisions for next fiscal year (FY1) EBITDA estimates over the past three months (3M); quantifies directional momentum in expected EBITDA","mdl109_es_ebitda_fy1_d3m","2","DEU","{""id"":""model-valuation-models"",""name"":""Valuation Models""}","[]","VECTOR","TOP500","0"
"0","{""id"":""model"",""name"":""Model""}","0.5368","{""id"":""model109"",""name"":""Fundamentals and Technical Indicators Model""}","1","2026-07-01","1","Net analyst consensus revision in forecasted EBITDA for the next fiscal year (FY1) over the past 1 month, capturing how analyst estimates for next year EBITDA have changed in the last month","mdl109_es_ebitda_fy1_r1m","2","DEU","{""id"":""model-valuation-models"",""name"":""Valuation Models""}","[]","VECTOR","TOP500","0"
"0","{""id"":""model"",""name"":""Model""}","0.5368","{""id"":""model109"",""name"":""Fundamentals and Technical Indicators Model""}","1","2026-07-01","1","Aggregate 3-month analyst revision metric for EBITDA (Earnings Before Interest, Taxes, Depreciation, and Amortization) for the next fiscal year (FY1). Indicates the total upward or downward changes in consensus EBITDA estimates over the past 3 months","mdl109_es_ebitda_fy1_r3m","2","DEU","{""id"":""model-valuation-models"",""name"":""Valuation Models""}","[]","VECTOR","TOP500","0"
"0","{""id"":""model"",""name"":""Model""}","0.5368","{""id"":""model109"",""name"":""Fundamentals and Technical Indicators Model""}","1","2026-07-01","1","Aggregate 1-month revision in analyst estimates for next twelve months EBITDA","mdl109_es_ebitda_ntm_r1m","2","DEU","{""id"":""model-valuation-models"",""name"":""Valuation Models""}","[]","VECTOR","TOP500","0"
"0","{""id"":""model"",""name"":""Model""}","0.5368","{""id"":""model109"",""name"":""Fundamentals and Technical Indicators Model""}","1","2026-07-01","1","Rolling 3-month aggregated analyst estimate revision for next twelve months’ (NTM) EBITDA, measuring changes in consensus forward EBITDA forecasts over the past three months","mdl109_es_ebitda_ntm_r3m","2","DEU","{""id"":""model-valuation-models"",""name"":""Valuation Models""}","[]","VECTOR","TOP500","0"
"0","{""id"":""model"",""name"":""Model""}","0.5368","{""id"":""model109"",""name"":""Fundamentals and Technical Indicators Model""}","1","2026-07-01","1","Ratio of upward to downward analyst revisions for FY1 EBIT estimates over the past 1 month (diffusion ratio)","mdl109_es_ebit_fy1_d1m","2","DEU","{""id"":""model-valuation-models"",""name"":""Valuation Models""}","[]","VECTOR","TOP500","0"
"0","{""id"":""model"",""name"":""Model""}","0.5368","{""id"":""model109"",""name"":""Fundamentals and Technical Indicators Model""}","1","2026-07-01","1","Ratio of upward to downward analyst revisions for FY1 EBIT estimates over the past 3 months (diffusion ratio)","mdl109_es_ebit_fy1_d3m","2","DEU","{""id"":""model-valuation-models"",""name"":""Valuation Models""}","[]","VECTOR","TOP500","0"
"0","{""id"":""model"",""name"":""Model""}","0.5368","{""id"":""model109"",""name"":""Fundamentals and Technical Indicators Model""}","1","2026-07-01","1","1-month rolling aggregated analyst revisions to next fiscal year's EBIT estimates","mdl109_es_ebit_fy1_r1m","2","DEU","{""id"":""model-valuation-models"",""name"":""Valuation Models""}","[]","VECTOR","TOP500","0"
"0","{""id"":""model"",""name"":""Model""}","0.5368","{""id"":""model109"",""name"":""Fundamentals and Technical Indicators Model""}","1","2026-07-01","1","Rolling 3-month aggregated analyst estimate revisions for next fiscal year EBIT (Earnings Before Interest and Taxes)","mdl109_es_ebit_fy1_r3m","2","DEU","{""id"":""model-valuation-models"",""name"":""Valuation Models""}","[]","VECTOR","TOP500","0"
"0","{""id"":""model"",""name"":""Model""}","0.5368","{""id"":""model109"",""name"":""Fundamentals and Technical Indicators Model""}","1","2026-07-01","1","Aggregate 1-month rolling net change in consensus analyst estimates for next twelve months (NTM) EBIT for the stock","mdl109_es_ebit_ntm_r1m","2","DEU","{""id"":""model-valuation-models"",""name"":""Valuation Models""}","[]","VECTOR","TOP500","0"
"0","{""id"":""model"",""name"":""Model""}","0.5368","{""id"":""model109"",""name"":""Fundamentals and Technical Indicators Model""}","1","2026-07-01","1","Aggregate 3-month rolling net change in consensus analyst estimates for next twelve months (NTM) EBIT for the stock","mdl109_es_ebit_ntm_r3m","2","DEU","{""id"":""model-valuation-models"",""name"":""Valuation Models""}","[]","VECTOR","TOP500","0"
"0","{""id"":""model"",""name"":""Model""}","0.5368","{""id"":""model109"",""name"":""Fundamentals and Technical Indicators Model""}","1","2026-07-01","1","Difference between the analyst consensus expected 5-year compound annual growth rate and FY2 (second year forward) earnings growth; measures the medium-long term optimism gap in analyst forecasts","mdl109_es_gap","2","DEU","{""id"":""model-valuation-models"",""name"":""Valuation Models""}","[]","VECTOR","TOP500","0"
"0","{""id"":""model"",""name"":""Model""}","0.5368","{""id"":""model109"",""name"":""Fundamentals and Technical Indicators Model""}","1","2026-07-01","1","Net analyst revision in normalized next-twelve-month EPS estimate over the past 3 months","mdl109_es_neps_ntm_r3m","2","DEU","{""id"":""model-valuation-models"",""name"":""Valuation Models""}","[]","VECTOR","TOP500","0"
"0","{""id"":""model"",""name"":""Model""}","0.5368","{""id"":""model109"",""name"":""Fundamentals and Technical Indicators Model""}","1","2026-07-01","1","Ratio of upward to downward FY1 analyst revisions for return on equity over the past 1 month (diffusion measure)","mdl109_es_roe_fy1_d1m","2","DEU","{""id"":""model-valuation-models"",""name"":""Valuation Models""}","[]","VECTOR","TOP500","0"
"0","{""id"":""model"",""name"":""Model""}","0.5368","{""id"":""model109"",""name"":""Fundamentals and Technical Indicators Model""}","1","2026-07-01","1","Ratio of upward to downward FY1 analyst revisions for return on equity over the past 3 months (diffusion measure)","mdl109_es_roe_fy1_d3m","2","DEU","{""id"":""model-valuation-models"",""name"":""Valuation Models""}","[]","VECTOR","TOP500","0"
"0","{""id"":""model"",""name"":""Model""}","0.5368","{""id"":""model109"",""name"":""Fundamentals and Technical Indicators Model""}","1","2026-07-01","1","Consensus analyst estimate of return on equity (ROE) for the next fiscal year (FY1), likely measured as mean or median estimate","mdl109_es_roe_fy1_me","2","DEU","{""id"":""model-valuation-models"",""name"":""Valuation Models""}","[]","VECTOR","TOP500","0"
"0","{""id"":""model"",""name"":""Model""}","0.5368","{""id"":""model109"",""name"":""Fundamentals and Technical Indicators Model""}","1","2026-07-01","1","Change or net revision in analyst estimates for Return on Equity (ROE) for the next fiscal year (FY1), aggregated over the most recent 1 month","mdl109_es_roe_fy1_r1m","2","DEU","{""id"":""model-valuation-models"",""name"":""Valuation Models""}","[]","VECTOR","TOP500","0"
"0","{""id"":""model"",""name"":""Model""}","0.5368","{""id"":""model109"",""name"":""Fundamentals and Technical Indicators Model""}","1","2026-07-01","1","Change in fiscal year 1 (FY1, next fiscal year) consensus analyst estimate for ROE, aggregated over the past 3 months","mdl109_es_roe_fy1_r3m","2","DEU","{""id"":""model-valuation-models"",""name"":""Valuation Models""}","[]","VECTOR","TOP500","0"
"0","{""id"":""model"",""name"":""Model""}","0.5368","{""id"":""model109"",""name"":""Fundamentals and Technical Indicators Model""}","1","2026-07-01","1","Change in next twelve months (NTM) consensus analyst estimate for ROE, aggregated over the past 1 month","mdl109_es_roe_ntm_r1m","2","DEU","{""id"":""model-valuation-models"",""name"":""Valuation Models""}","[]","VECTOR","TOP500","0"
"0","{""id"":""model"",""name"":""Model""}","0.5368","{""id"":""model109"",""name"":""Fundamentals and Technical Indicators Model""}","1","2026-07-01","1","Change in next twelve months (NTM) consensus analyst estimate for ROE, aggregated over the past 3 months","mdl109_es_roe_ntm_r3m","2","DEU","{""id"":""model-valuation-models"",""name"":""Valuation Models""}","[]","VECTOR","TOP500","0"
"0","{""id"":""model"",""name"":""Model""}","0.5368","{""id"":""model109"",""name"":""Fundamentals and Technical Indicators Model""}","1","2026-07-01","1","Ratio of the number of upward to downward analyst revisions for next fiscal year revenue estimates over the past month (1M); indicates directional momentum in analyst revenue forecasts for FY1","mdl109_es_sale_fy1_d1m","2","DEU","{""id"":""model-valuation-models"",""name"":""Valuation Models""}","[]","VECTOR","TOP500","0"
"0","{""id"":""model"",""name"":""Model""}","0.5368","{""id"":""model109"",""name"":""Fundamentals and Technical Indicators Model""}","1","2026-07-01","1","Diffusion (up/down ratio) of analyst estimate revisions for revenue (sales) for the next fiscal year (FY1) over the past 3 months; quantifies the ratio of upward versus downward estimate changes","mdl109_es_sale_fy1_d3m","2","DEU","{""id"":""model-valuation-models"",""name"":""Valuation Models""}","[]","VECTOR","TOP500","0"
"0","{""id"":""model"",""name"":""Model""}","0.5368","{""id"":""model109"",""name"":""Fundamentals and Technical Indicators Model""}","1","2026-07-01","1","Aggregate 1-month analyst revision metric for revenue (sales) for the next fiscal year (FY1), summarizing consensus estimate changes over the past month","mdl109_es_sale_fy1_r1m","2","DEU","{""id"":""model-valuation-models"",""name"":""Valuation Models""}","[]","VECTOR","TOP500","0"
"0","{""id"":""model"",""name"":""Model""}","0.5368","{""id"":""model109"",""name"":""Fundamentals and Technical Indicators Model""}","1","2026-07-01","1","Aggregate 3-month rolling sum or average of analyst estimate revisions for next fiscal year (FY1) revenue (sales); measures momentum in sales forecasts","mdl109_es_sale_fy1_r3m","2","DEU","{""id"":""model-valuation-models"",""name"":""Valuation Models""}","[]","VECTOR","TOP500","0"
"0","{""id"":""model"",""name"":""Model""}","0.5368","{""id"":""model109"",""name"":""Fundamentals and Technical Indicators Model""}","1","2026-07-01","1","Cumulative analyst revisions to next twelve months (NTM) revenue forecasts over the past 1 month","mdl109_es_sale_ntm_r1m","2","DEU","{""id"":""model-valuation-models"",""name"":""Valuation Models""}","[]","VECTOR","TOP500","0"
"0","{""id"":""model"",""name"":""Model""}","0.5368","{""id"":""model109"",""name"":""Fundamentals and Technical Indicators Model""}","1","2026-07-01","1","Net analyst consensus revision in projected sales/revenue for the next twelve months (NTM) aggregated over the last 3 months","mdl109_es_sale_ntm_r3m","2","DEU","{""id"":""model-valuation-models"",""name"":""Valuation Models""}","[]","VECTOR","TOP500","0"
"0","{""id"":""model"",""name"":""Model""}","0.5368","{""id"":""model109"",""name"":""Fundamentals and Technical Indicators Model""}","1","2026-07-01","1","Mean forecasted volatility by analysts for the security, expressing aggregate analyst view on expected future price variability","mdl109_es_vol_avg","2","DEU","{""id"":""model-valuation-models"",""name"":""Valuation Models""}","[]","VECTOR","TOP500","0"
"0","{""id"":""model"",""name"":""Model""}","0.5368","{""id"":""model109"",""name"":""Fundamentals and Technical Indicators Model""}","1","2026-07-01","1","Aggregate 1-month change in analyst estimates of forecasted earnings volatility","mdl109_es_vol_r1m","2","DEU","{""id"":""model-valuation-models"",""name"":""Valuation Models""}","[]","VECTOR","TOP500","0"
"0","{""id"":""model"",""name"":""Model""}","0.5368","{""id"":""model109"",""name"":""Fundamentals and Technical Indicators Model""}","1","2026-07-01","1","Aggregate 3-month change in analyst estimates of forecasted earnings volatility","mdl109_es_vol_r3m","2","DEU","{""id"":""model-valuation-models"",""name"":""Valuation Models""}","[]","VECTOR","TOP500","0"
"0","{""id"":""model"",""name"":""Model""}","0.5368","{""id"":""model109"",""name"":""Fundamentals and Technical Indicators Model""}","1","2026-07-01","1","Expected dividend payout ratio, which is the expected proportion of earnings paid out as dividends","mdl109_exp_div_payout","2","DEU","{""id"":""model-valuation-models"",""name"":""Valuation Models""}","[]","VECTOR","TOP500","0"
"0","{""id"":""model"",""name"":""Model""}","0.5368","{""id"":""model109"",""name"":""Fundamentals and Technical Indicators Model""}","1","2026-07-01","1","Amount of net external financing (e.g., through debt or equity issuance) as a ratio or relative to net operating assets, indicating external capital dependence","mdl109_ext_fin_noa","2","DEU","{""id"":""model-valuation-models"",""name"":""Valuation Models""}","[]","VECTOR","TOP500","0"
"0","{""id"":""model"",""name"":""Model""}","0.5368","{""id"":""model109"",""name"":""Fundamentals and Technical Indicators Model""}","1","2026-07-01","1","Float turnover over 12 months: measures the trading turnover of free-float shares over a 12-month period, indicating liquidity and investor activity","mdl109_float_to","2","DEU","{""id"":""model-valuation-models"",""name"":""Valuation Models""}","[]","VECTOR","TOP500","0"
"0","{""id"":""model"",""name"":""Model""}","0.5368","{""id"":""model109"",""name"":""Fundamentals and Technical Indicators Model""}","1","2026-07-01","1","Chaikin Money Flow, a technical indicator combining price and volume to measure buying and selling pressure over a given period (usually 20–21 days)","mdl109_fmc","2","DEU","{""id"":""model-valuation-models"",""name"":""Valuation Models""}","[]","VECTOR","TOP500","0"
"0","{""id"":""model"",""name"":""Model""}","0.5368","{""id"":""model109"",""name"":""Fundamentals and Technical Indicators Model""}","1","2026-07-01","1","Year-over-year (YoY) change in Return on Assets (ROA), representing the difference or percent change from prior year to current","mdl109_ghc_aor","2","DEU","{""id"":""model-valuation-models"",""name"":""Valuation Models""}","[]","VECTOR","TOP500","0"
"0","{""id"":""model"",""name"":""Model""}","0.5368","{""id"":""model109"",""name"":""Fundamentals and Technical Indicators Model""}","1","2026-07-01","1","Year-over-year change in ratio of long-term debt to common equity, indicating how leverage has changed relative to equity over the last year","mdl109_ghc_qe_td_tl","2","DEU","{""id"":""model-valuation-models"",""name"":""Valuation Models""}","[]","VECTOR","TOP500","0"
"0","{""id"":""model"",""name"":""Model""}","0.5368","{""id"":""model109"",""name"":""Fundamentals and Technical Indicators Model""}","1","2026-07-01","1","Gross profit margin, calculated as gross profit divided by sales, measuring the percentage of revenue remaining after cost of goods sold","mdl109_gross_margin","2","DEU","{""id"":""model-valuation-models"",""name"":""Valuation Models""}","[]","VECTOR","TOP500","0"
"0","{""id"":""model"",""name"":""Model""}","0.5368","{""id"":""model109"",""name"":""Fundamentals and Technical Indicators Model""}","1","2026-07-01","1","Year-over-year (YoY) change in gross profit margin, showing the difference in gross margin percentage compared to the same period last year","mdl109_gross_margin_chg","2","DEU","{""id"":""model-valuation-models"",""name"":""Valuation Models""}","[]","VECTOR","TOP500","0"
"0","{""id"":""model"",""name"":""Model""}","0.5368","{""id"":""model109"",""name"":""Fundamentals and Technical Indicators Model""}","1","2026-07-01","1","Historical 5-year compound annual growth rate or trend of company sales/revenue","mdl109_gr_5y_sale","2","DEU","{""id"":""model-valuation-models"",""name"":""Valuation Models""}","[]","VECTOR","TOP500","0"
"0","{""id"":""model"",""name"":""Model""}","0.5368","{""id"":""model109"",""name"":""Fundamentals and Technical Indicators Model""}","1","2026-07-01","1","Year-over-year expected growth rate of interim (i.e., period-to-date, possibly semiannual or quarterly) revenues, likely based on analyst estimates or company guidance","mdl109_gr_eintr_sale","2","DEU","{""id"":""model-valuation-models"",""name"":""Valuation Models""}","[]","VECTOR","TOP500","0"
"0","{""id"":""model"",""name"":""Model""}","0.5368","{""id"":""model109"",""name"":""Fundamentals and Technical Indicators Model""}","1","2026-07-01","1","Stability (likely R² or similar) of consensus-expected 5-year EPS growth—measuring the consistency of these growth expectations over time","mdl109_gr_eps_stab","2","DEU","{""id"":""model-valuation-models"",""name"":""Valuation Models""}","[]","VECTOR","TOP500","0"
"0","{""id"":""model"",""name"":""Model""}","0.5368","{""id"":""model109"",""name"":""Fundamentals and Technical Indicators Model""}","1","2026-07-01","1","Expected revenue growth for next fiscal year (FY1) based on analyst or company forecasts","mdl109_gr_fy1_sale","2","DEU","{""id"":""model-valuation-models"",""name"":""Valuation Models""}","[]","VECTOR","TOP500","0"
"0","{""id"":""model"",""name"":""Model""}","0.5368","{""id"":""model109"",""name"":""Fundamentals and Technical Indicators Model""}","1","2026-07-01","1","Projected growth rate in revenue for the fiscal year two years ahead","mdl109_gr_fy2_sale","2","DEU","{""id"":""model-valuation-models"",""name"":""Valuation Models""}","[]","VECTOR","TOP500","0"
"0","{""id"":""model"",""name"":""Model""}","0.5368","{""id"":""model109"",""name"":""Fundamentals and Technical Indicators Model""}","1","2026-07-01","1","Year-over-year growth rate of interim total revenue based on historical actuals","mdl109_gr_intr_sale","2","DEU","{""id"":""model-valuation-models"",""name"":""Valuation Models""}","[]","VECTOR","TOP500","0"
"0","{""id"":""model"",""name"":""Model""}","0.5368","{""id"":""model109"",""name"":""Fundamentals and Technical Indicators Model""}","1","2026-07-01","1","Reinvestment rate measured over the last twelve months (LTM), representing the proportion of earnings or cash flows reinvested back into the business rather than paid out as dividends or expenses","mdl109_gr_reinv","2","DEU","{""id"":""model-valuation-models"",""name"":""Valuation Models""}","[]","VECTOR","TOP500","0"
"0","{""id"":""model"",""name"":""Model""}","0.5368","{""id"":""model109"",""name"":""Fundamentals and Technical Indicators Model""}","1","2026-07-01","1","Forecasted reinvestment rate (the proportion of earnings expected to be reinvested in the business) for the next fiscal year (FY1)","mdl109_gr_reinv_fy1","2","DEU","{""id"":""model-valuation-models"",""name"":""Valuation Models""}","[]","VECTOR","TOP500","0"
"0","{""id"":""model"",""name"":""Model""}","0.5368","{""id"":""model109"",""name"":""Fundamentals and Technical Indicators Model""}","1","2026-07-01","1","GICS (Global Industry Classification Standard) 8-digit sub-industry code","mdl109_gsubind","2","DEU","{""id"":""model-valuation-models"",""name"":""Valuation Models""}","[]","VECTOR","TOP500","0"
"0","{""id"":""model"",""name"":""Model""}","0.5368","{""id"":""model109"",""name"":""Fundamentals and Technical Indicators Model""}","1","2026-07-01","1","Mean analyst recommendation for the stock, typically coded numerically (e.g., 1=Buy, 5=Sell); gives the overall consensus rating among covering analysts","mdl109_gva_mmocer_se","2","DEU","{""id"":""model-valuation-models"",""name"":""Valuation Models""}","[]","VECTOR","TOP500","0"
"0","{""id"":""model"",""name"":""Model""}","0.5368","{""id"":""model109"",""name"":""Fundamentals and Technical Indicators Model""}","1","2026-07-01","1","Commodity Channel Index: measures deviation of price from its statistical mean, used to identify cyclical trends in securities","mdl109_icc","2","DEU","{""id"":""model-valuation-models"",""name"":""Valuation Models""}","[]","VECTOR","TOP500","0"
"0","{""id"":""model"",""name"":""Model""}","0.5368","{""id"":""model109"",""name"":""Fundamentals and Technical Indicators Model""}","1","2026-07-01","1","Money Flow Index, a volume-weighted momentum indicator","mdl109_ifm","2","DEU","{""id"":""model-valuation-models"",""name"":""Valuation Models""}","[]","VECTOR","TOP500","0"
"0","{""id"":""model"",""name"":""Model""}","0.5368","{""id"":""model109"",""name"":""Fundamentals and Technical Indicators Model""}","1","2026-07-01","1","Ratio of current price to 52-week high, measuring how close the stock is to its highest price in the last year","mdl109_ihw25_p","2","DEU","{""id"":""model-valuation-models"",""name"":""Valuation Models""}","[]","VECTOR","TOP500","0"
"0","{""id"":""model"",""name"":""Model""}","0.5368","{""id"":""model109"",""name"":""Fundamentals and Technical Indicators Model""}","1","2026-07-01","1","Mass Index, a technical indicator used to identify potential price trend reversals based on range expansion","mdl109_im","2","DEU","{""id"":""model-valuation-models"",""name"":""Valuation Models""}","[]","VECTOR","TOP500","0"
"0","{""id"":""model"",""name"":""Model""}","0.5368","{""id"":""model109"",""name"":""Fundamentals and Technical Indicators Model""}","1","2026-07-01","1","Interest coverage component as defined in Altman's Z-score credit risk model (1968)","mdl109_int_cover","2","DEU","{""id"":""model-valuation-models"",""name"":""Valuation Models""}","[]","VECTOR","TOP500","0"
"0","{""id"":""model"",""name"":""Model""}","0.5368","{""id"":""model109"",""name"":""Fundamentals and Technical Indicators Model""}","1","2026-07-01","1","Inventory turnover ratio, measuring how many times inventory is sold or replaced over a specific period","mdl109_invent_to","2","DEU","{""id"":""model-valuation-models"",""name"":""Valuation Models""}","[]","VECTOR","TOP500","0"
"0","{""id"":""model"",""name"":""Model""}","0.5368","{""id"":""model109"",""name"":""Fundamentals and Technical Indicators Model""}","1","2026-07-01","1","Force Index: a technical analysis indicator combining price changes and trading volume to measure buying and selling pressure","mdl109_ip","2","DEU","{""id"":""model-valuation-models"",""name"":""Valuation Models""}","[]","VECTOR","TOP500","0"
"0","{""id"":""model"",""name"":""Model""}","0.5368","{""id"":""model109"",""name"":""Fundamentals and Technical Indicators Model""}","1","2026-07-01","1","True Strength Index: a momentum oscillator that measures double-smoothed price changes to identify trend direction and strength, helping to filter out short-term price fluctuations","mdl109_ist","2","DEU","{""id"":""model-valuation-models"",""name"":""Valuation Models""}","[]","VECTOR","TOP500","0"
"0","{""id"":""model"",""name"":""Model""}","0.5368","{""id"":""model109"",""name"":""Fundamentals and Technical Indicators Model""}","1","2026-07-01","1","Vortex Indicator, a technical analysis indicator to identify trend direction and strength","mdl109_iv","2","DEU","{""id"":""model-valuation-models"",""name"":""Valuation Models""}","[]","VECTOR","TOP500","0"
"0","{""id"":""model"",""name"":""Model""}","0.5368","{""id"":""model109"",""name"":""Fundamentals and Technical Indicators Model""}","1","2026-07-01","1","Negative Volume Index, a technical indicator that tracks price changes on days when trading volume decreases, used to identify trends driven by “smart money”","mdl109_ivn","2","DEU","{""id"":""model-valuation-models"",""name"":""Valuation Models""}","[]","VECTOR","TOP500","0"
"0","{""id"":""model"",""name"":""Model""}","0.5368","{""id"":""model109"",""name"":""Fundamentals and Technical Indicators Model""}","1","2026-07-01","1","Kurtosis of daily stock returns calculated over the past 1 year, indicating ""tailedness"" or extremity of return distribution","mdl109_kurt","2","DEU","{""id"":""model-valuation-models"",""name"":""Valuation Models""}","[]","VECTOR","TOP500","0"
"0","{""id"":""model"",""name"":""Model""}","0.5368","{""id"":""model109"",""name"":""Fundamentals and Technical Indicators Model""}","1","2026-07-01","1","Accumulation/Distribution Line; a technical indicator measuring the cumulative money flow into or out of a stock, blending price and volume to indicate buying/selling pressure","mdl109_lda","2","DEU","{""id"":""model-valuation-models"",""name"":""Valuation Models""}","[]","VECTOR","TOP500","0"
"0","{""id"":""model"",""name"":""Model""}","0.5368","{""id"":""model109"",""name"":""Fundamentals and Technical Indicators Model""}","1","2026-07-01","1","Natural logarithm of the company's total assets, likely for scaling/normalization purposes","mdl109_log_asset","2","DEU","{""id"":""model-valuation-models"",""name"":""Valuation Models""}","[]","VECTOR","TOP500","0"
"0","{""id"":""model"",""name"":""Model""}","0.5368","{""id"":""model109"",""name"":""Fundamentals and Technical Indicators Model""}","1","2026-07-01","1","Natural logarithm of float-adjusted market capitalization (market cap adjusted for freely tradeable shares)","mdl109_log_float","2","DEU","{""id"":""model-valuation-models"",""name"":""Valuation Models""}","[]","VECTOR","TOP500","0"
"0","{""id"":""model"",""name"":""Model""}","0.5368","{""id"":""model109"",""name"":""Fundamentals and Technical Indicators Model""}","1","2026-07-01","1","Natural logarithm of the total market capitalization of the company","mdl109_log_mktcap","2","DEU","{""id"":""model-valuation-models"",""name"":""Valuation Models""}","[]","VECTOR","TOP500","0"
"0","{""id"":""model"",""name"":""Model""}","0.5368","{""id"":""model109"",""name"":""Fundamentals and Technical Indicators Model""}","1","2026-07-01","1","Natural logarithm of the share price","mdl109_log_price","2","DEU","{""id"":""model-valuation-models"",""name"":""Valuation Models""}","[]","VECTOR","TOP500","0"
"0","{""id"":""model"",""name"":""Model""}","0.5368","{""id"":""model109"",""name"":""Fundamentals and Technical Indicators Model""}","1","2026-07-01","1","Natural logarithm of revenue, a transformed scale of the company’s total sales or revenue, often used to normalize distributions for modeling","mdl109_log_sale","2","DEU","{""id"":""model-valuation-models"",""name"":""Valuation Models""}","[]","VECTOR","TOP500","0"
"0","{""id"":""model"",""name"":""Model""}","0.5368","{""id"":""model109"",""name"":""Fundamentals and Technical Indicators Model""}","1","2026-07-01","1","Maximum single-day return over the last 1 month, used as a proxy for “lottery-like” return profiles","mdl109_lottery","2","DEU","{""id"":""model-valuation-models"",""name"":""Valuation Models""}","[]","VECTOR","TOP500","0"
"0","{""id"":""model"",""name"":""Model""}","0.5368","{""id"":""model109"",""name"":""Fundamentals and Technical Indicators Model""}","1","2026-07-01","1","Ratio of long-term debt to total capital, indicating financial leverage","mdl109_lt_dt_capital","2","DEU","{""id"":""model-valuation-models"",""name"":""Valuation Models""}","[]","VECTOR","TOP500","0"
"0","{""id"":""model"",""name"":""Model""}","0.5368","{""id"":""model109"",""name"":""Fundamentals and Technical Indicators Model""}","1","2026-07-01","1","Ratio of long-term debt to common equity, a measure of financial leverage","mdl109_lt_dt_equity","2","DEU","{""id"":""model-valuation-models"",""name"":""Valuation Models""}","[]","VECTOR","TOP500","0"
"0","{""id"":""model"",""name"":""Model""}","0.5368","{""id"":""model109"",""name"":""Fundamentals and Technical Indicators Model""}","1","2026-07-01","1","Ratio of upward to downward FY1 analyst revisions for book value per share over the past 1 month (diffusion measure)","mdl109_m1d_1yf_spb_se","2","DEU","{""id"":""model-valuation-models"",""name"":""Valuation Models""}","[]","VECTOR","TOP500","0"
"0","{""id"":""model"",""name"":""Model""}","0.5368","{""id"":""model109"",""name"":""Fundamentals and Technical Indicators Model""}","1","2026-07-01","1","Ratio of upward to downward analyst dividend per share revisions for fiscal year 1 in the past 1 month (“diffusion ratio”)","mdl109_m1d_1yf_spd_se","2","DEU","{""id"":""model-valuation-models"",""name"":""Valuation Models""}","[]","VECTOR","TOP500","0"
"0","{""id"":""model"",""name"":""Model""}","0.5368","{""id"":""model109"",""name"":""Fundamentals and Technical Indicators Model""}","1","2026-07-01","1","Diffusion ratio of analyst upward versus downward revisions to the next fiscal year (FY1) EPS estimates over the past 1 month; measures analyst sentiment momentum for FY1 EPS","mdl109_m1d_1yf_spe_se","2","DEU","{""id"":""model-valuation-models"",""name"":""Valuation Models""}","[]","VECTOR","TOP500","0"
"0","{""id"":""model"",""name"":""Model""}","0.5368","{""id"":""model109"",""name"":""Fundamentals and Technical Indicators Model""}","1","2026-07-01","1","Ratio of upward to downward FY1 analyst revisions for cash flow per share over the past 1 month (diffusion measure)","mdl109_m1d_1yf_spfc_se","2","DEU","{""id"":""model-valuation-models"",""name"":""Valuation Models""}","[]","VECTOR","TOP500","0"
"0","{""id"":""model"",""name"":""Model""}","0.5368","{""id"":""model109"",""name"":""Fundamentals and Technical Indicators Model""}","1","2026-07-01","1","Ratio of upward to downward analyst revisions (diffusion) for next fiscal year Net Asset Value estimates over the past 1 month","mdl109_m1d_1yf_van_se","2","DEU","{""id"":""model-valuation-models"",""name"":""Valuation Models""}","[]","VECTOR","TOP500","0"
"0","{""id"":""model"",""name"":""Model""}","0.5368","{""id"":""model109"",""name"":""Fundamentals and Technical Indicators Model""}","1","2026-07-01","1","Diffusion ratio (upward changes vs. downward changes) in analyst recommendation revisions over the past 1 month; reflects the direction of analyst consensus sentiment","mdl109_m1d_cer_se","2","DEU","{""id"":""model-valuation-models"",""name"":""Valuation Models""}","[]","VECTOR","TOP500","0"
"0","{""id"":""model"",""name"":""Model""}","0.5368","{""id"":""model109"",""name"":""Fundamentals and Technical Indicators Model""}","1","2026-07-01","1","Ratio of upward to downward analyst revisions in long-term growth estimates over the past month (1M); measures consensus momentum for long-term growth outlook","mdl109_m1d_gtl_se","2","DEU","{""id"":""model-valuation-models"",""name"":""Valuation Models""}","[]","VECTOR","TOP500","0"
"0","{""id"":""model"",""name"":""Model""}","0.5368","{""id"":""model109"",""name"":""Fundamentals and Technical Indicators Model""}","1","2026-07-01","1","Diffusion ratio (upward versus downward changes) of analyst target price estimates over the past 1 month","mdl109_m1d_pt_se","2","DEU","{""id"":""model-valuation-models"",""name"":""Valuation Models""}","[]","VECTOR","TOP500","0"
"0","{""id"":""model"",""name"":""Model""}","0.5368","{""id"":""model109"",""name"":""Fundamentals and Technical Indicators Model""}","1","2026-07-01","1","Total stock price return over the past 12 months excluding the most recent month (months -12 to -1)","mdl109_m1m21_ntr","2","DEU","{""id"":""model-valuation-models"",""name"":""Valuation Models""}","[]","VECTOR","TOP500","0"
"0","{""id"":""model"",""name"":""Model""}","0.5368","{""id"":""model109"",""name"":""Fundamentals and Technical Indicators Model""}","1","2026-07-01","1","1-month rolling aggregated analyst revisions to next fiscal year's Book Value Per Share estimates","mdl109_m1r_1yf_spb_se","2","DEU","{""id"":""model-valuation-models"",""name"":""Valuation Models""}","[]","VECTOR","TOP500","0"
"0","{""id"":""model"",""name"":""Model""}","0.5368","{""id"":""model109"",""name"":""Fundamentals and Technical Indicators Model""}","1","2026-07-01","1","Aggregate revision in analysts' estimates for next fiscal year's dividend per share over the past 1 month","mdl109_m1r_1yf_spd_se","2","DEU","{""id"":""model-valuation-models"",""name"":""Valuation Models""}","[]","VECTOR","TOP500","0"
"0","{""id"":""model"",""name"":""Model""}","0.5368","{""id"":""model109"",""name"":""Fundamentals and Technical Indicators Model""}","1","2026-07-01","1","Net analyst consensus revision in forecasted earnings per share (EPS) for the next fiscal year (FY1) over the past 1 month, reflecting recent changes in analyst expectations","mdl109_m1r_1yf_spe_se","2","DEU","{""id"":""model-valuation-models"",""name"":""Valuation Models""}","[]","VECTOR","TOP500","0"
"0","{""id"":""model"",""name"":""Model""}","0.5368","{""id"":""model109"",""name"":""Fundamentals and Technical Indicators Model""}","1","2026-07-01","1","Rolling 1-month net analyst estimate revision for next fiscal year's cash flow per share","mdl109_m1r_1yf_spfc_se","2","DEU","{""id"":""model-valuation-models"",""name"":""Valuation Models""}","[]","VECTOR","TOP500","0"
"0","{""id"":""model"",""name"":""Model""}","0.5368","{""id"":""model109"",""name"":""Fundamentals and Technical Indicators Model""}","1","2026-07-01","1","Net analyst consensus revision in forecasted Net Asset Value (NAV) for the next fiscal year (FY1) over the past month","mdl109_m1r_1yf_van_se","2","DEU","{""id"":""model-valuation-models"",""name"":""Valuation Models""}","[]","VECTOR","TOP500","0"
"0","{""id"":""model"",""name"":""Model""}","0.5368","{""id"":""model109"",""name"":""Fundamentals and Technical Indicators Model""}","1","2026-07-01","1","1-month rolling sum or average of analyst recommendation revisions, tracking how analyst opinions (buy/hold/sell) have changed over the last month","mdl109_m1r_cer_se","2","DEU","{""id"":""model-valuation-models"",""name"":""Valuation Models""}","[]","VECTOR","TOP500","0"
"0","{""id"":""model"",""name"":""Model""}","0.5368","{""id"":""model109"",""name"":""Fundamentals and Technical Indicators Model""}","1","2026-07-01","1","1-month rolling aggregated analyst revisions to long-term earnings growth forecasts","mdl109_m1r_gtl_se","2","DEU","{""id"":""model-valuation-models"",""name"":""Valuation Models""}","[]","VECTOR","TOP500","0"
"0","{""id"":""model"",""name"":""Model""}","0.5368","{""id"":""model109"",""name"":""Fundamentals and Technical Indicators Model""}","1","2026-07-01","1","Change in consensus next twelve months (NTM) book value per share (BPS) analyst estimates aggregated over the trailing 1 month; reflects revision activity for BPS forecasts","mdl109_m1r_mtn_spb_se","2","DEU","{""id"":""model-valuation-models"",""name"":""Valuation Models""}","[]","VECTOR","TOP500","0"
"0","{""id"":""model"",""name"":""Model""}","0.5368","{""id"":""model109"",""name"":""Fundamentals and Technical Indicators Model""}","1","2026-07-01","1","Change in consensus next twelve months (NTM) dividend per share (DPS) analyst estimates over the trailing 1 month; measures revision in forward dividend outlook","mdl109_m1r_mtn_spd_se","2","DEU","{""id"":""model-valuation-models"",""name"":""Valuation Models""}","[]","VECTOR","TOP500","0"
"0","{""id"":""model"",""name"":""Model""}","0.5368","{""id"":""model109"",""name"":""Fundamentals and Technical Indicators Model""}","1","2026-07-01","1","Aggregate analyst estimate revision for next twelve months' earnings per share (EPS) over the past 1 month","mdl109_m1r_mtn_spe_se","2","DEU","{""id"":""model-valuation-models"",""name"":""Valuation Models""}","[]","VECTOR","TOP500","0"
"0","{""id"":""model"",""name"":""Model""}","0.5368","{""id"":""model109"",""name"":""Fundamentals and Technical Indicators Model""}","1","2026-07-01","1","Rolling 1-month aggregated analyst revision to the Next Twelve Months (forward-looking) Cash Flow Per Share estimate for the stock, as of the snapshot date","mdl109_m1r_mtn_spfc_se","2","DEU","{""id"":""model-valuation-models"",""name"":""Valuation Models""}","[]","VECTOR","TOP500","0"
"0","{""id"":""model"",""name"":""Model""}","0.5368","{""id"":""model109"",""name"":""Fundamentals and Technical Indicators Model""}","1","2026-07-01","1","The net aggregate revision to next twelve months (NTM) Net Asset Value (NAV) estimates over the past month (1M), measuring recent analyst forecast changes in NTM NAV","mdl109_m1r_mtn_van_se","2","DEU","{""id"":""model-valuation-models"",""name"":""Valuation Models""}","[]","VECTOR","TOP500","0"
"0","{""id"":""model"",""name"":""Model""}","0.5368","{""id"":""model109"",""name"":""Fundamentals and Technical Indicators Model""}","1","2026-07-01","1","Net aggregate analyst revision activity to target price estimates over the past 1 month (rolling), reflecting the average change in consensus target price for the stock","mdl109_m1r_pt_se","2","DEU","{""id"":""model-valuation-models"",""name"":""Valuation Models""}","[]","VECTOR","TOP500","0"
"0","{""id"":""model"",""name"":""Model""}","0.5368","{""id"":""model109"",""name"":""Fundamentals and Technical Indicators Model""}","1","2026-07-01","1","Price to forward 12-month EPS ratio, i.e., next-twelve-month (NTM) projected P/E using consensus estimates","mdl109_m21yf_ep","2","DEU","{""id"":""model-valuation-models"",""name"":""Valuation Models""}","[]","VECTOR","TOP500","0"
"0","{""id"":""model"",""name"":""Model""}","0.5368","{""id"":""model109"",""name"":""Fundamentals and Technical Indicators Model""}","1","2026-07-01","1","Diffusion (up/down ratio) of analyst estimate revisions for Book Value Per Share (BPS) for the next fiscal year (FY1) over the past 3 months; measures proportion of upward to downward revisions in estimates","mdl109_m3d_1yf_spb_se","2","DEU","{""id"":""model-valuation-models"",""name"":""Valuation Models""}","[]","VECTOR","TOP500","0"
"0","{""id"":""model"",""name"":""Model""}","0.5368","{""id"":""model109"",""name"":""Fundamentals and Technical Indicators Model""}","1","2026-07-01","1","Ratio of upward to downward analyst dividend per share revisions for fiscal year 1 in the past 3 months (“diffusion ratio”)","mdl109_m3d_1yf_spd_se","2","DEU","{""id"":""model-valuation-models"",""name"":""Valuation Models""}","[]","VECTOR","TOP500","0"
"0","{""id"":""model"",""name"":""Model""}","0.5368","{""id"":""model109"",""name"":""Fundamentals and Technical Indicators Model""}","1","2026-07-01","1","Ratio of upward to downward analyst EPS revisions for fiscal year 1 in the past 3 months (“diffusion ratio”)","mdl109_m3d_1yf_spe_se","2","DEU","{""id"":""model-valuation-models"",""name"":""Valuation Models""}","[]","VECTOR","TOP500","0"
"0","{""id"":""model"",""name"":""Model""}","0.5368","{""id"":""model109"",""name"":""Fundamentals and Technical Indicators Model""}","1","2026-07-01","1","Diffusion ratio (ratio of upward to downward analyst estimate changes) for next fiscal year's cash flow per share (CFPS) forecast over the past 3 months","mdl109_m3d_1yf_spfc_se","2","DEU","{""id"":""model-valuation-models"",""name"":""Valuation Models""}","[]","VECTOR","TOP500","0"
"0","{""id"":""model"",""name"":""Model""}","0.5368","{""id"":""model109"",""name"":""Fundamentals and Technical Indicators Model""}","1","2026-07-01","1","Diffusion ratio: ratio of upward to downward analyst revisions in next fiscal year's (FY1) net asset value estimates over the past 3 months","mdl109_m3d_1yf_van_se","2","DEU","{""id"":""model-valuation-models"",""name"":""Valuation Models""}","[]","VECTOR","TOP500","0"
"0","{""id"":""model"",""name"":""Model""}","0.5368","{""id"":""model109"",""name"":""Fundamentals and Technical Indicators Model""}","1","2026-07-01","1","Ratio of upward to downward changes in analyst recommendations (i.e., upgrades vs downgrades) over the past 3 months","mdl109_m3d_cer_se","2","DEU","{""id"":""model-valuation-models"",""name"":""Valuation Models""}","[]","VECTOR","TOP500","0"
"0","{""id"":""model"",""name"":""Model""}","0.5368","{""id"":""model109"",""name"":""Fundamentals and Technical Indicators Model""}","1","2026-07-01","1","Diffusion ratio (number of up vs. down) of analyst long-term growth estimate changes over the most recent 3 months; shows sentiment balance for long-range growth outlook","mdl109_m3d_gtl_se","2","DEU","{""id"":""model-valuation-models"",""name"":""Valuation Models""}","[]","VECTOR","TOP500","0"
"0","{""id"":""model"",""name"":""Model""}","0.5368","{""id"":""model109"",""name"":""Fundamentals and Technical Indicators Model""}","1","2026-07-01","1","Target price diffusion ratio (upward revisions divided by total or downward revisions) over the past 3 months; shows the proportion of analysts revising target prices upward vs downward over this window","mdl109_m3d_pt_se","2","DEU","{""id"":""model-valuation-models"",""name"":""Valuation Models""}","[]","VECTOR","TOP500","0"
"0","{""id"":""model"",""name"":""Model""}","0.5368","{""id"":""model109"",""name"":""Fundamentals and Technical Indicators Model""}","1","2026-07-01","1","3-month rolling aggregated analyst revisions to next fiscal year's Book Value Per Share estimates","mdl109_m3r_1yf_spb_se","2","DEU","{""id"":""model-valuation-models"",""name"":""Valuation Models""}","[]","VECTOR","TOP500","0"
"0","{""id"":""model"",""name"":""Model""}","0.5368","{""id"":""model109"",""name"":""Fundamentals and Technical Indicators Model""}","1","2026-07-01","1","Cumulative net analyst revision to FY1 (next fiscal year) dividend per share (DPS) estimate over the past 3 months","mdl109_m3r_1yf_spd_se","2","DEU","{""id"":""model-valuation-models"",""name"":""Valuation Models""}","[]","VECTOR","TOP500","0"
"0","{""id"":""model"",""name"":""Model""}","0.5368","{""id"":""model109"",""name"":""Fundamentals and Technical Indicators Model""}","1","2026-07-01","1","Cumulative analyst revisions to next fiscal year's (FY1) earnings per share (EPS) forecast over the past 3 months","mdl109_m3r_1yf_spe_se","2","DEU","{""id"":""model-valuation-models"",""name"":""Valuation Models""}","[]","VECTOR","TOP500","0"
"0","{""id"":""model"",""name"":""Model""}","0.5368","{""id"":""model109"",""name"":""Fundamentals and Technical Indicators Model""}","1","2026-07-01","1","Rolling 3-month aggregated analyst revision to the Fiscal Year 1 (next full fiscal year) Cash Flow Per Share estimate for the stock, as of the snapshot date","mdl109_m3r_1yf_spfc_se","2","DEU","{""id"":""model-valuation-models"",""name"":""Valuation Models""}","[]","VECTOR","TOP500","0"
"0","{""id"":""model"",""name"":""Model""}","0.5368","{""id"":""model109"",""name"":""Fundamentals and Technical Indicators Model""}","1","2026-07-01","1","Three-month rolling sum or average of analyst estimate revisions to next fiscal year’s Net Asset Value (NAV) for a stock","mdl109_m3r_1yf_van_se","2","DEU","{""id"":""model-valuation-models"",""name"":""Valuation Models""}","[]","VECTOR","TOP500","0"
"0","{""id"":""model"",""name"":""Model""}","0.5368","{""id"":""model109"",""name"":""Fundamentals and Technical Indicators Model""}","1","2026-07-01","1","Net change in analyst recommendation consensus over the past 3 months","mdl109_m3r_cer_se","2","DEU","{""id"":""model-valuation-models"",""name"":""Valuation Models""}","[]","VECTOR","TOP500","0"
"0","{""id"":""model"",""name"":""Model""}","0.5368","{""id"":""model109"",""name"":""Fundamentals and Technical Indicators Model""}","1","2026-07-01","1","Aggregate 3-month rolling net change in consensus analyst estimates of long-term growth (LTG) for the stock","mdl109_m3r_gtl_se","2","DEU","{""id"":""model-valuation-models"",""name"":""Valuation Models""}","[]","VECTOR","TOP500","0"
"0","{""id"":""model"",""name"":""Model""}","0.5368","{""id"":""model109"",""name"":""Fundamentals and Technical Indicators Model""}","1","2026-07-01","1","Rolling 3-month aggregated analyst revision to the Next Twelve Months (forward-looking) Book Value Per Share estimate for the stock, as of the snapshot date","mdl109_m3r_mtn_spb_se","2","DEU","{""id"":""model-valuation-models"",""name"":""Valuation Models""}","[]","VECTOR","TOP500","0"
"0","{""id"":""model"",""name"":""Model""}","0.5368","{""id"":""model109"",""name"":""Fundamentals and Technical Indicators Model""}","1","2026-07-01","1","Net analyst revision in next twelve months (NTM) dividend per share (DPS) estimates over the past 3 months","mdl109_m3r_mtn_spd_se","2","DEU","{""id"":""model-valuation-models"",""name"":""Valuation Models""}","[]","VECTOR","TOP500","0"
"0","{""id"":""model"",""name"":""Model""}","0.5368","{""id"":""model109"",""name"":""Fundamentals and Technical Indicators Model""}","1","2026-07-01","1","Rolling 3-month net analyst revision to next-twelve-months EPS estimates","mdl109_m3r_mtn_spe_se","2","DEU","{""id"":""model-valuation-models"",""name"":""Valuation Models""}","[]","VECTOR","TOP500","0"
"0","{""id"":""model"",""name"":""Model""}","0.5368","{""id"":""model109"",""name"":""Fundamentals and Technical Indicators Model""}","1","2026-07-01","1","Rolling 3-month aggregated analyst revision to the Next Twelve Months (forward-looking) Cash Flow Per Share estimate for the stock, as of the snapshot date","mdl109_m3r_mtn_spfc_se","2","DEU","{""id"":""model-valuation-models"",""name"":""Valuation Models""}","[]","VECTOR","TOP500","0"
"0","{""id"":""model"",""name"":""Model""}","0.5368","{""id"":""model109"",""name"":""Fundamentals and Technical Indicators Model""}","1","2026-07-01","1","Rolling 3-month aggregated analyst revision to the Next Twelve Months (forward-looking) Net Asset Value estimate for the stock, as of the snapshot date","mdl109_m3r_mtn_van_se","2","DEU","{""id"":""model-valuation-models"",""name"":""Valuation Models""}","[]","VECTOR","TOP500","0"
"0","{""id"":""model"",""name"":""Model""}","0.5368","{""id"":""model109"",""name"":""Fundamentals and Technical Indicators Model""}","1","2026-07-01","1","Rolling 3-month aggregate analyst estimate revision to target price","mdl109_m3r_pt_se","2","DEU","{""id"":""model-valuation-models"",""name"":""Valuation Models""}","[]","VECTOR","TOP500","0"
"0","{""id"":""model"",""name"":""Model""}","0.5368","{""id"":""model109"",""name"":""Fundamentals and Technical Indicators Model""}","1","2026-07-01","1","Moving Average Convergence/Divergence Oscillator, a widely used technical indicator based on the relationship between two moving averages of prices to identify trend direction and momentum","mdl109_macd","2","DEU","{""id"":""model-valuation-models"",""name"":""Valuation Models""}","[]","VECTOR","TOP500","0"
"0","{""id"":""model"",""name"":""Model""}","0.5368","{""id"":""model109"",""name"":""Fundamentals and Technical Indicators Model""}","1","2026-07-01","1","Stability or consistency of the company’s gross margin over the past 5 years, typically measured using a metric such as the R-squared of gross margin time series or a similar stability indicator","mdl109_margin_stab","2","DEU","{""id"":""model-valuation-models"",""name"":""Valuation Models""}","[]","VECTOR","TOP500","0"
"0","{""id"":""model"",""name"":""Model""}","0.5366","{""id"":""model109"",""name"":""Fundamentals and Technical Indicators Model""}","1","2026-07-01","1","Abnormal trading volume, representing current volume scaled or compared to a normal or historical baseline to identify unusually high or low activity","mdl109_matrix_abn_volm","2","DEU","{""id"":""model-valuation-models"",""name"":""Valuation Models""}","[]","MATRIX","TOP500","0"
"0","{""id"":""model"",""name"":""Model""}","0.5359","{""id"":""model109"",""name"":""Fundamentals and Technical Indicators Model""}","1","2026-07-01","1","Balance sheet accruals metric, following the Sloan (1996) definition, capturing the non-cash component of earnings; a proxy for earnings quality or manipulation risk","mdl109_matrix_accruals","2","DEU","{""id"":""model-valuation-models"",""name"":""Valuation Models""}","[]","MATRIX","TOP500","0"
"0","{""id"":""model"",""name"":""Model""}","0.5304","{""id"":""model109"",""name"":""Fundamentals and Technical Indicators Model""}","1","2026-07-01","1","Acceleration of sales over the past 5 years (second derivative of revenue growth)","mdl109_matrix_ac_5y_sale","2","DEU","{""id"":""model-valuation-models"",""name"":""Valuation Models""}","[]","MATRIX","TOP500","0"
"0","{""id"":""model"",""name"":""Model""}","0.5364","{""id"":""model109"",""name"":""Fundamentals and Technical Indicators Model""}","1","2026-07-01","1","Altman's Z-score (original 1968 version), a credit risk model that estimates the probability of bankruptcy based on a weighted blend of financial ratios","mdl109_matrix_altman1968","2","DEU","{""id"":""model-valuation-models"",""name"":""Valuation Models""}","[]","MATRIX","TOP500","0"
"0","{""id"":""model"",""name"":""Model""}","0.5366","{""id"":""model109"",""name"":""Fundamentals and Technical Indicators Model""}","1","2026-07-01","1","Merton's distance to default, a structural credit risk measure quantifying how far a firm's assets are from the default threshold","mdl109_matrix_altman1983","2","DEU","{""id"":""model-valuation-models"",""name"":""Valuation Models""}","[]","MATRIX","TOP500","0"
"0","{""id"":""model"",""name"":""Model""}","0.5305","{""id"":""model109"",""name"":""Fundamentals and Technical Indicators Model""}","1","2026-07-01","1","Amihud illiquidity measure, representing the price impact per unit traded volume; higher values imply lower liquidity","mdl109_matrix_amihud","2","DEU","{""id"":""model-valuation-models"",""name"":""Valuation Models""}","[]","MATRIX","TOP500","0"
"0","{""id"":""model"",""name"":""Model""}","0.5359","{""id"":""model109"",""name"":""Fundamentals and Technical Indicators Model""}","1","2026-07-01","1","Asset growth rate, measuring the annual growth of total assets, as in the Cooper, Gulen, Schill (2008) asset growth anomaly literature","mdl109_matrix_asset_gr","2","DEU","{""id"":""model-valuation-models"",""name"":""Valuation Models""}","[]","MATRIX","TOP500","0"
"0","{""id"":""model"",""name"":""Model""}","0.5332","{""id"":""model109"",""name"":""Fundamentals and Technical Indicators Model""}","1","2026-07-01","1","Asset growth anomaly per share; measures the growth rate of total assets on a per share basis, indicating balance sheet expansion normalized by share count","mdl109_matrix_asset_ps_gr","2","DEU","{""id"":""model-valuation-models"",""name"":""Valuation Models""}","[]","MATRIX","TOP500","0"
"0","{""id"":""model"",""name"":""Model""}","0.5366","{""id"":""model109"",""name"":""Fundamentals and Technical Indicators Model""}","1","2026-07-01","1","Bollinger Bands: volatility-based technical indicator forming upper and lower bands around a moving average using a multiple of standard deviations","mdl109_matrix_bb","2","DEU","{""id"":""model-valuation-models"",""name"":""Valuation Models""}","[]","MATRIX","TOP500","0"
"0","{""id"":""model"",""name"":""Model""}","0.5138","{""id"":""model109"",""name"":""Fundamentals and Technical Indicators Model""}","1","2026-07-01","1","Berry ratio, defined as gross profits divided by operating expenses; a measure of profitability or efficiency","mdl109_matrix_berry","2","DEU","{""id"":""model-valuation-models"",""name"":""Valuation Models""}","[]","MATRIX","TOP500","0"
"0","{""id"":""model"",""name"":""Model""}","0.5367","{""id"":""model109"",""name"":""Fundamentals and Technical Indicators Model""}","1","2026-07-01","1","Book-to-market ratio, calculated as book value per share divided by market price per share","mdl109_matrix_bookp","2","DEU","{""id"":""model-valuation-models"",""name"":""Valuation Models""}","[]","MATRIX","TOP500","0"
"0","{""id"":""model"",""name"":""Model""}","0.5309","{""id"":""model109"",""name"":""Fundamentals and Technical Indicators Model""}","1","2026-07-01","1","Book-to-market ratio using forecasted book value for next fiscal year (FY1)","mdl109_matrix_bookp_fy1","2","DEU","{""id"":""model-valuation-models"",""name"":""Valuation Models""}","[]","MATRIX","TOP500","0"
"0","{""id"":""model"",""name"":""Model""}","0.5362","{""id"":""model109"",""name"":""Fundamentals and Technical Indicators Model""}","1","2026-07-01","1","Operating cash flow yield, operating cash flow divided by market capitalization","mdl109_matrix_cfoyld","2","DEU","{""id"":""model-valuation-models"",""name"":""Valuation Models""}","[]","MATRIX","TOP500","0"
"0","{""id"":""model"",""name"":""Model""}","0.5238","{""id"":""model109"",""name"":""Fundamentals and Technical Indicators Model""}","1","2026-07-01","1","Operating cash flow yield (operating cash flow divided by market capitalization or equity value), based on analyst estimate for the coming fiscal year (FY1)","mdl109_matrix_cfoyld_fy1","2","DEU","{""id"":""model-valuation-models"",""name"":""Valuation Models""}","[]","MATRIX","TOP500","0"
"0","{""id"":""model"",""name"":""Model""}","0.5364","{""id"":""model109"",""name"":""Fundamentals and Technical Indicators Model""}","1","2026-07-01","1","Ratio of operating cash flow to current liabilities, assessing a company’s ability to cover short-term obligations with cash generated from operations","mdl109_matrix_cfo_curr_liab","2","DEU","{""id"":""model-valuation-models"",""name"":""Valuation Models""}","[]","MATRIX","TOP500","0"
"0","{""id"":""model"",""name"":""Model""}","0.4961","{""id"":""model109"",""name"":""Fundamentals and Technical Indicators Model""}","1","2026-07-01","1","Cash Flow Per Share (CFPS) earnings surprise: the standardized deviation of actual reported CFPS from the consensus estimate","mdl109_matrix_cfps_sur","2","DEU","{""id"":""model-valuation-models"",""name"":""Valuation Models""}","[]","MATRIX","TOP500","0"
"0","{""id"":""model"",""name"":""Model""}","0.5231","{""id"":""model109"",""name"":""Fundamentals and Technical Indicators Model""}","1","2026-07-01","1","Cash flow return on net operating assets; a profitability ratio showing the return produced by operating cash flow relative to net operating assets","mdl109_matrix_cfrnoa","2","DEU","{""id"":""model-valuation-models"",""name"":""Valuation Models""}","[]","MATRIX","TOP500","0"
"0","{""id"":""model"",""name"":""Model""}","0.5347","{""id"":""model109"",""name"":""Fundamentals and Technical Indicators Model""}","1","2026-07-01","1","Cash flow return on assets; calculated as operating cash flow divided by total assets, reflecting the firm’s ability to generate cash returns from its asset base","mdl109_matrix_cfroa","2","DEU","{""id"":""model-valuation-models"",""name"":""Valuation Models""}","[]","MATRIX","TOP500","0"
"0","{""id"":""model"",""name"":""Model""}","0.5366","{""id"":""model109"",""name"":""Fundamentals and Technical Indicators Model""}","1","2026-07-01","1","Commodity Channel Index, a technical indicator measuring how far a security's price has deviated from its historical average, often used to identify cyclical overbought or oversold conditions","mdl109_matrix_icc","2","DEU","{""id"":""model-valuation-models"",""name"":""Valuation Models""}","[]","MATRIX","TOP500","0"
"0","{""id"":""model"",""name"":""Model""}","0.5366","{""id"":""model109"",""name"":""Fundamentals and Technical Indicators Model""}","1","2026-07-01","1","Accumulation Distribution Line, a technical indicator measuring flow of volume in relation to price movement (gauges supply/demand pressure)","mdl109_matrix_lda","2","DEU","{""id"":""model-valuation-models"",""name"":""Valuation Models""}","[]","MATRIX","TOP500","0"
"0","{""id"":""model"",""name"":""Model""}","0.5356","{""id"":""model109"",""name"":""Fundamentals and Technical Indicators Model""}","1","2026-07-01","1","Growth rate of current assets over a defined period, likely trailing year; measures recent expansion or contraction of a company’s current assets","mdl109_matrix_rg_ac","2","DEU","{""id"":""model-valuation-models"",""name"":""Valuation Models""}","[]","MATRIX","TOP500","0"
"0","{""id"":""model"",""name"":""Model""}","0.533","{""id"":""model109"",""name"":""Fundamentals and Technical Indicators Model""}","1","2026-07-01","1","Growth rate in per share current assets, quantifying how current assets per share have increased or decreased over time","mdl109_matrix_rg_sp_ac","2","DEU","{""id"":""model-valuation-models"",""name"":""Valuation Models""}","[]","MATRIX","TOP500","0"
"0","{""id"":""model"",""name"":""Model""}","0.5366","{""id"":""model109"",""name"":""Fundamentals and Technical Indicators Model""}","1","2026-07-01","1","Average True Range; a technical indicator measuring market volatility by decomposing the entire range of a price for a given period","mdl109_matrix_rta","2","DEU","{""id"":""model-valuation-models"",""name"":""Valuation Models""}","[]","MATRIX","TOP500","0"
"0","{""id"":""model"",""name"":""Model""}","0.4413","{""id"":""model109"",""name"":""Fundamentals and Technical Indicators Model""}","1","2026-07-01","1","Acceleration (second derivative) in the company’s dividend per share (DPS) growth rate over the past 5 years, measuring the change in growth trend","mdl109_matrix_spd_y5_ca","2","DEU","{""id"":""model-valuation-models"",""name"":""Valuation Models""}","[]","MATRIX","TOP500","0"
"0","{""id"":""model"",""name"":""Model""}","0.5197","{""id"":""model109"",""name"":""Fundamentals and Technical Indicators Model""}","1","2026-07-01","1","Acceleration in Operating Earnings Per Share growth, measured as the change in the growth rate over the past 5 years; captures inflection in historical OEPS growth","mdl109_matrix_speo_y5_ca","2","DEU","{""id"":""model-valuation-models"",""name"":""Valuation Models""}","[]","MATRIX","TOP500","0"
"0","{""id"":""model"",""name"":""Model""}","0.5197","{""id"":""model109"",""name"":""Fundamentals and Technical Indicators Model""}","1","2026-07-01","1","Acceleration in historical earnings per share (EPS) growth measured over the last 5 years, indicating change in the rate of EPS growth over that period","mdl109_matrix_spe_y5_ca","2","DEU","{""id"":""model-valuation-models"",""name"":""Valuation Models""}","[]","MATRIX","TOP500","0"
"0","{""id"":""model"",""name"":""Model""}","0.5294","{""id"":""model109"",""name"":""Fundamentals and Technical Indicators Model""}","1","2026-07-01","1","Acceleration in Cash Flow Per Share growth, measuring change in CFPS growth rate over the past 5 years—i.e., the second derivative of 5Y historical CFPS growth","mdl109_matrix_spfc_y5_ca","2","DEU","{""id"":""model-valuation-models"",""name"":""Valuation Models""}","[]","MATRIX","TOP500","0"
"0","{""id"":""model"",""name"":""Model""}","0.5368","{""id"":""model109"",""name"":""Fundamentals and Technical Indicators Model""}","1","2026-07-01","1","Merton's distance to default, a structural model-based measure estimating the likelihood a company will default based on asset value volatility and capital structure","mdl109_merton","2","DEU","{""id"":""model-valuation-models"",""name"":""Valuation Models""}","[]","VECTOR","TOP500","0"
"0","{""id"":""model"",""name"":""Model""}","0.5368","{""id"":""model109"",""name"":""Fundamentals and Technical Indicators Model""}","1","2026-07-01","1","Market capitalization of the company in exchange/local trading currency","mdl109_mktcap","2","DEU","{""id"":""model-valuation-models"",""name"":""Valuation Models""}","[]","VECTOR","TOP500","0"
"0","{""id"":""model"",""name"":""Model""}","0.5368","{""id"":""model109"",""name"":""Fundamentals and Technical Indicators Model""}","1","2026-07-01","1","Earnings yield (inverse of P/E) based on analyst consensus forecast EPS for the next twelve months (NTM), using the median estimate","mdl109_mtn_dlyspe","2","DEU","{""id"":""model-valuation-models"",""name"":""Valuation Models""}","[]","VECTOR","TOP500","0"
"0","{""id"":""model"",""name"":""Model""}","0.5368","{""id"":""model109"",""name"":""Fundamentals and Technical Indicators Model""}","1","2026-07-01","1","The standardized surprise (deviation) between reported net asset value (NAV) and analyst consensus NAV estimate, indicating whether NAV beat or missed consensus expectations","mdl109_nav_sur","2","DEU","{""id"":""model-valuation-models"",""name"":""Valuation Models""}","[]","VECTOR","TOP500","0"
"0","{""id"":""model"",""name"":""Model""}","0.5368","{""id"":""model109"",""name"":""Fundamentals and Technical Indicators Model""}","1","2026-07-01","1","Net income margin; net income as a percentage of total revenue","mdl109_net_margin","2","DEU","{""id"":""model-valuation-models"",""name"":""Valuation Models""}","[]","VECTOR","TOP500","0"
"0","{""id"":""model"",""name"":""Model""}","0.5368","{""id"":""model109"",""name"":""Fundamentals and Technical Indicators Model""}","1","2026-07-01","1","Abnormal (z-scored versus 1-year baseline) aggregate sentiment of novel, relevant, and non-neutral news items for the prior day","mdl109_news_abno_sent_1d","2","DEU","{""id"":""model-valuation-models"",""name"":""Valuation Models""}","[]","VECTOR","TOP500","0"
"0","{""id"":""model"",""name"":""Model""}","0.5368","{""id"":""model109"",""name"":""Fundamentals and Technical Indicators Model""}","1","2026-07-01","1","Abnormal (z-scored versus 1-year history) number of novel, relevant, and non-neutral news stories in 1 day, compared to baseline 365-day average","mdl109_news_abno_vol_1d","2","DEU","{""id"":""model-valuation-models"",""name"":""Valuation Models""}","[]","VECTOR","TOP500","0"
"0","{""id"":""model"",""name"":""Model""}","0.5368","{""id"":""model109"",""name"":""Fundamentals and Technical Indicators Model""}","1","2026-07-01","1","Number of novel, relevant, and non-neutral news articles/events about the company in the past 1 day","mdl109_news_sentvol_1d","2","DEU","{""id"":""model-valuation-models"",""name"":""Valuation Models""}","[]","VECTOR","TOP500","0"
"0","{""id"":""model"",""name"":""Model""}","0.5368","{""id"":""model109"",""name"":""Fundamentals and Technical Indicators Model""}","1","2026-07-01","1","Number of novel, relevant, and non-neutral news articles over the trailing 91 days","mdl109_news_sentvol_91d","2","DEU","{""id"":""model-valuation-models"",""name"":""Valuation Models""}","[]","VECTOR","TOP500","0"
"0","{""id"":""model"",""name"":""Model""}","0.5368","{""id"":""model109"",""name"":""Fundamentals and Technical Indicators Model""}","1","2026-07-01","1","Average news sentiment score, aggregating positive/negative sentiment from relevant news articles over the past 1 month","mdl109_news_sent_1m","2","DEU","{""id"":""model-valuation-models"",""name"":""Valuation Models""}","[]","VECTOR","TOP500","0"
"0","{""id"":""model"",""name"":""Model""}","0.5368","{""id"":""model109"",""name"":""Fundamentals and Technical Indicators Model""}","1","2026-07-01","1","Average news sentiment score over the trailing 3 months, quantifying the prevailing tone of news coverage for the stock during this period","mdl109_news_sent_3m","2","DEU","{""id"":""model-valuation-models"",""name"":""Valuation Models""}","[]","VECTOR","TOP500","0"
"0","{""id"":""model"",""name"":""Model""}","0.5368","{""id"":""model109"",""name"":""Fundamentals and Technical Indicators Model""}","1","2026-07-01","1","Target price implied return, calculated as the percentage return from current price to consensus analyst target price","mdl109_ntr_pt","2","DEU","{""id"":""model-valuation-models"",""name"":""Valuation Models""}","[]","VECTOR","TOP500","0"
"0","{""id"":""model"",""name"":""Model""}","0.5368","{""id"":""model109"",""name"":""Fundamentals and Technical Indicators Model""}","1","2026-07-01","1","Chaikin Oscillator—technical indicator measuring accumulation/distribution momentum based on volume and price","mdl109_oc","2","DEU","{""id"":""model-valuation-models"",""name"":""Valuation Models""}","[]","VECTOR","TOP500","0"
"0","{""id"":""model"",""name"":""Model""}","0.5368","{""id"":""model109"",""name"":""Fundamentals and Technical Indicators Model""}","1","2026-07-01","1","Historical stability (measured as coefficient of determination, e.g., R²) of operating earnings per share (EPS) over time","mdl109_oeps_stab","2","DEU","{""id"":""model-valuation-models"",""name"":""Valuation Models""}","[]","VECTOR","TOP500","0"
"0","{""id"":""model"",""name"":""Model""}","0.5368","{""id"":""model109"",""name"":""Fundamentals and Technical Indicators Model""}","1","2026-07-01","1","Normalized EPS (Earnings Per Share) surprise, calculated as the standardized residual between reported and consensus expected EPS","mdl109_oeps_sur","2","DEU","{""id"":""model-valuation-models"",""name"":""Valuation Models""}","[]","VECTOR","TOP500","0"
"0","{""id"":""model"",""name"":""Model""}","0.5368","{""id"":""model109"",""name"":""Fundamentals and Technical Indicators Model""}","1","2026-07-01","1","Current price divided by the lowest price over the trailing 52 weeks, indicating proximity to the 1-year low","mdl109_olw25_p","2","DEU","{""id"":""model-valuation-models"",""name"":""Valuation Models""}","[]","VECTOR","TOP500","0"
"0","{""id"":""model"",""name"":""Model""}","0.5368","{""id"":""model109"",""name"":""Fundamentals and Technical Indicators Model""}","1","2026-07-01","1","DecisionPoint Price Momentum Oscillator: a price momentum oscillator that signals trend direction and potential reversals based on smoothed price changes","mdl109_ompd","2","DEU","{""id"":""model-valuation-models"",""name"":""Valuation Models""}","[]","VECTOR","TOP500","0"
"0","{""id"":""model"",""name"":""Model""}","0.5368","{""id"":""model109"",""name"":""Fundamentals and Technical Indicators Model""}","1","2026-07-01","1","Number of analysts providing next fiscal year (FY1) earnings per share (EPS) estimates for the company","mdl109_on_1yf_spe_se","2","DEU","{""id"":""model-valuation-models"",""name"":""Valuation Models""}","[]","VECTOR","TOP500","0"
"0","{""id"":""model"",""name"":""Model""}","0.5368","{""id"":""model109"",""name"":""Fundamentals and Technical Indicators Model""}","1","2026-07-01","1","Number of analysts providing recommendations for the security","mdl109_on_cer_se","2","DEU","{""id"":""model-valuation-models"",""name"":""Valuation Models""}","[]","VECTOR","TOP500","0"
"0","{""id"":""model"",""name"":""Model""}","0.5368","{""id"":""model109"",""name"":""Fundamentals and Technical Indicators Model""}","1","2026-07-01","1","Detrended Price Oscillator, a technical indicator showing price cycles by removing the trend from price data","mdl109_opd","2","DEU","{""id"":""model-valuation-models"",""name"":""Valuation Models""}","[]","VECTOR","TOP500","0"
"0","{""id"":""model"",""name"":""Model""}","0.5368","{""id"":""model109"",""name"":""Fundamentals and Technical Indicators Model""}","1","2026-07-01","1","Percentage price oscillator—a technical analysis indicator showing the difference between two moving averages of a security’s price as a percentage, used to gauge momentum or trend","mdl109_opp","2","DEU","{""id"":""model-valuation-models"",""name"":""Valuation Models""}","[]","VECTOR","TOP500","0"
"0","{""id"":""model"",""name"":""Model""}","0.5368","{""id"":""model109"",""name"":""Fundamentals and Technical Indicators Model""}","1","2026-07-01","1","Operating profit margin, also known as EBIT margin","mdl109_op_margin","2","DEU","{""id"":""model-valuation-models"",""name"":""Valuation Models""}","[]","VECTOR","TOP500","0"
"0","{""id"":""model"",""name"":""Model""}","0.5368","{""id"":""model109"",""name"":""Fundamentals and Technical Indicators Model""}","1","2026-07-01","1","Year-over-year (YoY) change in operating profit margin","mdl109_op_margin_chg","2","DEU","{""id"":""model-valuation-models"",""name"":""Valuation Models""}","[]","VECTOR","TOP500","0"
"0","{""id"":""model"",""name"":""Model""}","0.5368","{""id"":""model109"",""name"":""Fundamentals and Technical Indicators Model""}","1","2026-07-01","1","Product of trailing twelve months earnings yield and expected five-year earnings growth rate, capturing a value-growth combined factor","mdl109_org_dlyspe","2","DEU","{""id"":""model-valuation-models"",""name"":""Valuation Models""}","[]","VECTOR","TOP500","0"
"0","{""id"":""model"",""name"":""Model""}","0.5368","{""id"":""model109"",""name"":""Fundamentals and Technical Indicators Model""}","1","2026-07-01","1","Stochastic Oscillator, a momentum indicator comparing a particular closing price to a range of prices over a set period to signal potential overbought or oversold conditions","mdl109_os","2","DEU","{""id"":""model-valuation-models"",""name"":""Valuation Models""}","[]","VECTOR","TOP500","0"
"0","{""id"":""model"",""name"":""Model""}","0.5368","{""id"":""model109"",""name"":""Fundamentals and Technical Indicators Model""}","1","2026-07-01","1","Percentage Volume Oscillator, a technical indicator that measures the percentage difference between two moving averages of volume, used to gauge changes in trading volume trends","mdl109_ovp","2","DEU","{""id"":""model-valuation-models"",""name"":""Valuation Models""}","[]","VECTOR","TOP500","0"
"0","{""id"":""model"",""name"":""Model""}","0.5368","{""id"":""model109"",""name"":""Fundamentals and Technical Indicators Model""}","1","2026-07-01","1","Accounts payable turnover ratio, calculated as cost of goods sold or purchases divided by average accounts payable, indicating how quickly payables are paid","mdl109_payable_to","2","DEU","{""id"":""model-valuation-models"",""name"":""Valuation Models""}","[]","VECTOR","TOP500","0"
"0","{""id"":""model"",""name"":""Model""}","0.5368","{""id"":""model109"",""name"":""Fundamentals and Technical Indicators Model""}","1","2026-07-01","1","Tangible book-to-market ratio, calculated as tangible book value (book value excluding intangible assets) per share divided by market price per share","mdl109_pbt","2","DEU","{""id"":""model-valuation-models"",""name"":""Valuation Models""}","[]","VECTOR","TOP500","0"
"0","{""id"":""model"",""name"":""Model""}","0.5368","{""id"":""model109"",""name"":""Fundamentals and Technical Indicators Model""}","1","2026-07-01","1","Percent accruals, a measure of the proportion of earnings attributable to non-cash (accrual-based) items","mdl109_perc_accru","2","DEU","{""id"":""model-valuation-models"",""name"":""Valuation Models""}","[]","VECTOR","TOP500","0"
"0","{""id"":""model"",""name"":""Model""}","0.5368","{""id"":""model109"",""name"":""Fundamentals and Technical Indicators Model""}","1","2026-07-01","1","Number of employees at the reporting company","mdl109_pme","2","DEU","{""id"":""model-valuation-models"",""name"":""Valuation Models""}","[]","VECTOR","TOP500","0"
"0","{""id"":""model"",""name"":""Model""}","0.5368","{""id"":""model109"",""name"":""Fundamentals and Technical Indicators Model""}","1","2026-07-01","1","Price-to-sales ratio, calculated as current market price divided by sales per share or revenue per share","mdl109_psale","2","DEU","{""id"":""model-valuation-models"",""name"":""Valuation Models""}","[]","VECTOR","TOP500","0"
"0","{""id"":""model"",""name"":""Model""}","0.5368","{""id"":""model109"",""name"":""Fundamentals and Technical Indicators Model""}","1","2026-07-01","1","Price-to-sales ratio using analyst estimate for sales in the next fiscal year (FY1); calculated as current price divided by forecasted FY1 sales per share","mdl109_psale_fy1","2","DEU","{""id"":""model-valuation-models"",""name"":""Valuation Models""}","[]","VECTOR","TOP500","0"
"0","{""id"":""model"",""name"":""Model""}","0.5368","{""id"":""model109"",""name"":""Fundamentals and Technical Indicators Model""}","1","2026-07-01","1","12-month price trend indicator measuring the overall direction or slope of a stock’s price movement over the past year","mdl109_p_trend","2","DEU","{""id"":""model-valuation-models"",""name"":""Valuation Models""}","[]","VECTOR","TOP500","0"
"0","{""id"":""model"",""name"":""Model""}","0.5368","{""id"":""model109"",""name"":""Fundamentals and Technical Indicators Model""}","1","2026-07-01","1","Quick ratio (acid-test ratio), calculated as (current assets minus inventories) divided by current liabilities, measuring immediate liquidity","mdl109_quick_r","2","DEU","{""id"":""model-valuation-models"",""name"":""Valuation Models""}","[]","VECTOR","TOP500","0"
"0","{""id"":""model"",""name"":""Model""}","0.5368","{""id"":""model109"",""name"":""Fundamentals and Technical Indicators Model""}","1","2026-07-01","1","Realized volatility of the stock calculated using daily returns over the past 1 year","mdl109_real_vol","2","DEU","{""id"":""model-valuation-models"",""name"":""Valuation Models""}","[]","VECTOR","TOP500","0"
"0","{""id"":""model"",""name"":""Model""}","0.5368","{""id"":""model109"",""name"":""Fundamentals and Technical Indicators Model""}","1","2026-07-01","1","Realized volatility, typically measured as the standard deviation of daily returns, computed over the past 3 months (about 63 trading days)","mdl109_real_vol3m","2","DEU","{""id"":""model-valuation-models"",""name"":""Valuation Models""}","[]","VECTOR","TOP500","0"
"0","{""id"":""model"",""name"":""Model""}","0.5368","{""id"":""model109"",""name"":""Fundamentals and Technical Indicators Model""}","1","2026-07-01","1","Accounts receivable turnover ratio, calculated as net sales divided by average accounts receivable, indicating how quickly receivables are collected","mdl109_receiva_to","2","DEU","{""id"":""model-valuation-models"",""name"":""Valuation Models""}","[]","VECTOR","TOP500","0"
"0","{""id"":""model"",""name"":""Model""}","0.5368","{""id"":""model109"",""name"":""Fundamentals and Technical Indicators Model""}","1","2026-07-01","1","Year-over-year growth rate in current assets (assets expected to be realized within one year)","mdl109_rg_ac","2","DEU","{""id"":""model-valuation-models"",""name"":""Valuation Models""}","[]","VECTOR","TOP500","0"
"0","{""id"":""model"",""name"":""Model""}","0.5368","{""id"":""model109"",""name"":""Fundamentals and Technical Indicators Model""}","1","2026-07-01","1","Growth rate of other assets, calculated as the percentage change in assets not classified as current or PPE, over a relevant period (usually year-over-year)","mdl109_rg_ao","2","DEU","{""id"":""model-valuation-models"",""name"":""Valuation Models""}","[]","VECTOR","TOP500","0"
"0","{""id"":""model"",""name"":""Model""}","0.5368","{""id"":""model109"",""name"":""Fundamentals and Technical Indicators Model""}","1","2026-07-01","1","Growth rate of property, plant, and equipment, typically year-over-year","mdl109_rg_epp","2","DEU","{""id"":""model-valuation-models"",""name"":""Valuation Models""}","[]","VECTOR","TOP500","0"
"0","{""id"":""model"",""name"":""Model""}","0.5368","{""id"":""model109"",""name"":""Fundamentals and Technical Indicators Model""}","1","2026-07-01","1","Year-over-year growth rate in total shareholders' equity (owners' equity in the business)","mdl109_rg_et","2","DEU","{""id"":""model-valuation-models"",""name"":""Valuation Models""}","[]","VECTOR","TOP500","0"
"0","{""id"":""model"",""name"":""Model""}","0.5368","{""id"":""model109"",""name"":""Fundamentals and Technical Indicators Model""}","1","2026-07-01","1","Year-over-year growth rate in current liabilities (liabilities due within one year)","mdl109_rg_lc","2","DEU","{""id"":""model-valuation-models"",""name"":""Valuation Models""}","[]","VECTOR","TOP500","0"
"0","{""id"":""model"",""name"":""Model""}","0.5368","{""id"":""model109"",""name"":""Fundamentals and Technical Indicators Model""}","1","2026-07-01","1","Year-over-year growth rate of total liabilities","mdl109_rg_lt","2","DEU","{""id"":""model-valuation-models"",""name"":""Valuation Models""}","[]","VECTOR","TOP500","0"
"0","{""id"":""model"",""name"":""Model""}","0.5368","{""id"":""model109"",""name"":""Fundamentals and Technical Indicators Model""}","1","2026-07-01","1","Year-over-year growth rate in current assets per share","mdl109_rg_sp_ac","2","DEU","{""id"":""model-valuation-models"",""name"":""Valuation Models""}","[]","VECTOR","TOP500","0"
"0","{""id"":""model"",""name"":""Model""}","0.5368","{""id"":""model109"",""name"":""Fundamentals and Technical Indicators Model""}","1","2026-07-01","1","Year-over-year growth rate in other assets per share","mdl109_rg_sp_ao","2","DEU","{""id"":""model-valuation-models"",""name"":""Valuation Models""}","[]","VECTOR","TOP500","0"
"0","{""id"":""model"",""name"":""Model""}","0.5368","{""id"":""model109"",""name"":""Fundamentals and Technical Indicators Model""}","1","2026-07-01","1","Year-over-year growth rate in property, plant, and equipment per share","mdl109_rg_sp_epp","2","DEU","{""id"":""model-valuation-models"",""name"":""Valuation Models""}","[]","VECTOR","TOP500","0"
"0","{""id"":""model"",""name"":""Model""}","0.5368","{""id"":""model109"",""name"":""Fundamentals and Technical Indicators Model""}","1","2026-07-01","1","Growth rate of total equity per share, measuring how the total shareholders' equity per share has changed (likely year-over-year growth)","mdl109_rg_sp_et","2","DEU","{""id"":""model-valuation-models"",""name"":""Valuation Models""}","[]","VECTOR","TOP500","0"
"0","{""id"":""model"",""name"":""Model""}","0.5368","{""id"":""model109"",""name"":""Fundamentals and Technical Indicators Model""}","1","2026-07-01","1","Year-over-year growth rate in current liabilities per share","mdl109_rg_sp_lc","2","DEU","{""id"":""model-valuation-models"",""name"":""Valuation Models""}","[]","VECTOR","TOP500","0"
"0","{""id"":""model"",""name"":""Model""}","0.5368","{""id"":""model109"",""name"":""Fundamentals and Technical Indicators Model""}","1","2026-07-01","1","Year-over-year growth rate in total liabilities per share","mdl109_rg_sp_lt","2","DEU","{""id"":""model-valuation-models"",""name"":""Valuation Models""}","[]","VECTOR","TOP500","0"
"0","{""id"":""model"",""name"":""Model""}","0.5368","{""id"":""model109"",""name"":""Fundamentals and Technical Indicators Model""}","1","2026-07-01","1","Return on net operating assets, calculated on a trailing twelve month basis; measures profitability relative to operating assets deployed","mdl109_rnoa","2","DEU","{""id"":""model-valuation-models"",""name"":""Valuation Models""}","[]","VECTOR","TOP500","0"
"0","{""id"":""model"",""name"":""Model""}","0.5368","{""id"":""model109"",""name"":""Fundamentals and Technical Indicators Model""}","1","2026-07-01","1","Stability (consistency) of Return on Assets (ROA) over the past 5 years, likely measured as the time series R-squared or similar stability metric","mdl109_roa_stab","2","DEU","{""id"":""model-valuation-models"",""name"":""Valuation Models""}","[]","VECTOR","TOP500","0"
"0","{""id"":""model"",""name"":""Model""}","0.5368","{""id"":""model109"",""name"":""Fundamentals and Technical Indicators Model""}","1","2026-07-01","1","Return on equity over the last twelve months","mdl109_roe","2","DEU","{""id"":""model-valuation-models"",""name"":""Valuation Models""}","[]","VECTOR","TOP500","0"
"0","{""id"":""model"",""name"":""Model""}","0.5368","{""id"":""model109"",""name"":""Fundamentals and Technical Indicators Model""}","1","2026-07-01","1","Year-over-year change in return on equity","mdl109_roe_chg","2","DEU","{""id"":""model-valuation-models"",""name"":""Valuation Models""}","[]","VECTOR","TOP500","0"
"0","{""id"":""model"",""name"":""Model""}","0.5368","{""id"":""model109"",""name"":""Fundamentals and Technical Indicators Model""}","1","2026-07-01","1","Stability (e.g., standard deviation, R-squared, or other consistency metric) of return on equity (ROE) over a 5-year period","mdl109_roe_stab","2","DEU","{""id"":""model-valuation-models"",""name"":""Valuation Models""}","[]","VECTOR","TOP500","0"
"0","{""id"":""model"",""name"":""Model""}","0.5368","{""id"":""model109"",""name"":""Fundamentals and Technical Indicators Model""}","1","2026-07-01","1","Return on invested capital for the last twelve months","mdl109_roic","2","DEU","{""id"":""model-valuation-models"",""name"":""Valuation Models""}","[]","VECTOR","TOP500","0"
"0","{""id"":""model"",""name"":""Model""}","0.5368","{""id"":""model109"",""name"":""Fundamentals and Technical Indicators Model""}","1","2026-07-01","1","Average True Range: measures market volatility by decomposing the entire range of an asset price for a given period","mdl109_rta","2","DEU","{""id"":""model-valuation-models"",""name"":""Valuation Models""}","[]","VECTOR","TOP500","0"
"0","{""id"":""model"",""name"":""Model""}","0.5368","{""id"":""model109"",""name"":""Fundamentals and Technical Indicators Model""}","1","2026-07-01","1","Williams %R, a momentum oscillator measuring a stock’s closing price relative to its high-low range over a specified period (typically 14 days), indicating overbought or oversold conditions","mdl109_rw","2","DEU","{""id"":""model-valuation-models"",""name"":""Valuation Models""}","[]","VECTOR","TOP500","0"
"0","{""id"":""model"",""name"":""Model""}","0.5368","{""id"":""model109"",""name"":""Fundamentals and Technical Indicators Model""}","1","2026-07-01","1","Sales divided by total assets, representing asset turnover","mdl109_sale_asset","2","DEU","{""id"":""model-valuation-models"",""name"":""Valuation Models""}","[]","VECTOR","TOP500","0"
"0","{""id"":""model"",""name"":""Model""}","0.5368","{""id"":""model109"",""name"":""Fundamentals and Technical Indicators Model""}","1","2026-07-01","1","Year-over-year change in asset turnover ratio, measuring change in sales relative to asset base","mdl109_sale_asset_chg","2","DEU","{""id"":""model-valuation-models"",""name"":""Valuation Models""}","[]","VECTOR","TOP500","0"
"0","{""id"":""model"",""name"":""Model""}","0.5368","{""id"":""model109"",""name"":""Fundamentals and Technical Indicators Model""}","1","2026-07-01","1","Asset turnover ratio forecast for fiscal year 1 (FY1); calculated as sales divided by total assets for the next fiscal year","mdl109_sale_asset_fy1","2","DEU","{""id"":""model-valuation-models"",""name"":""Valuation Models""}","[]","VECTOR","TOP500","0"
"0","{""id"":""model"",""name"":""Model""}","0.5368","{""id"":""model109"",""name"":""Fundamentals and Technical Indicators Model""}","1","2026-07-01","1","Revenue per employee, calculated as total sales or revenue divided by the number of employees, used as a measure of labor efficiency and productivity","mdl109_sale_empl","2","DEU","{""id"":""model-valuation-models"",""name"":""Valuation Models""}","[]","VECTOR","TOP500","0"
"0","{""id"":""model"",""name"":""Model""}","0.5368","{""id"":""model109"",""name"":""Fundamentals and Technical Indicators Model""}","1","2026-07-01","1","Total revenue divided by total enterprise value (TEV), representing a valuation ratio (Revenue/TEV)","mdl109_sale_ev","2","DEU","{""id"":""model-valuation-models"",""name"":""Valuation Models""}","[]","VECTOR","TOP500","0"
"0","{""id"":""model"",""name"":""Model""}","0.5368","{""id"":""model109"",""name"":""Fundamentals and Technical Indicators Model""}","1","2026-07-01","1","Historical stability (consistency) of company revenue over time, measured as the coefficient of determination (R-squared) of revenue time series, indicating how stable sales have been across periods","mdl109_sale_stab","2","DEU","{""id"":""model-valuation-models"",""name"":""Valuation Models""}","[]","VECTOR","TOP500","0"
"0","{""id"":""model"",""name"":""Model""}","0.5368","{""id"":""model109"",""name"":""Fundamentals and Technical Indicators Model""}","1","2026-07-01","1","Revenue surprise: the standardized or relative difference between actual revenue reported and consensus analyst estimates for the same period","mdl109_sale_sur","2","DEU","{""id"":""model-valuation-models"",""name"":""Valuation Models""}","[]","VECTOR","TOP500","0"
"0","{""id"":""model"",""name"":""Model""}","0.5368","{""id"":""model109"",""name"":""Fundamentals and Technical Indicators Model""}","1","2026-07-01","1","Coefficient of variation (standard deviation divided by mean) of FY1 (next fiscal year) analyst revenue (sales) estimates, reflecting the dispersion in sales forecasts","mdl109_sale_varia","2","DEU","{""id"":""model-valuation-models"",""name"":""Valuation Models""}","[]","VECTOR","TOP500","0"
"0","{""id"":""model"",""name"":""Model""}","0.5368","{""id"":""model109"",""name"":""Fundamentals and Technical Indicators Model""}","1","2026-07-01","1","Year-over-year change in the number of shares outstanding for the company","mdl109_share_chg","2","DEU","{""id"":""model-valuation-models"",""name"":""Valuation Models""}","[]","VECTOR","TOP500","0"
"0","{""id"":""model"",""name"":""Model""}","0.5368","{""id"":""model109"",""name"":""Fundamentals and Technical Indicators Model""}","1","2026-07-01","1","Skewness of daily returns over the past year; captures the asymmetry of return distribution for the stock, which indicates downside or upside risk bias","mdl109_skew","2","DEU","{""id"":""model-valuation-models"",""name"":""Valuation Models""}","[]","VECTOR","TOP500","0"
"0","{""id"":""model"",""name"":""Model""}","0.5368","{""id"":""model109"",""name"":""Fundamentals and Technical Indicators Model""}","1","2026-07-01","1","Forecasted growth rate of dividends per share (DPS) for the next fiscal year (FY1)","mdl109_spd_1yf_rg","2","DEU","{""id"":""model-valuation-models"",""name"":""Valuation Models""}","[]","VECTOR","TOP500","0"
"0","{""id"":""model"",""name"":""Model""}","0.5368","{""id"":""model109"",""name"":""Fundamentals and Technical Indicators Model""}","1","2026-07-01","1","Growth rate of Dividend Per Share (DPS) forecast for the second future fiscal year (FY2), typically reflecting expected DPS increase from FY1 to FY2 based on analyst estimates or consensus","mdl109_spd_2yf_rg","2","DEU","{""id"":""model-valuation-models"",""name"":""Valuation Models""}","[]","VECTOR","TOP500","0"
"0","{""id"":""model"",""name"":""Model""}","0.5368","{""id"":""model109"",""name"":""Fundamentals and Technical Indicators Model""}","1","2026-07-01","1","Year-over-year growth rate of interim Dividends Per Share based on historical actuals","mdl109_spd_rtni_rg","2","DEU","{""id"":""model-valuation-models"",""name"":""Valuation Models""}","[]","VECTOR","TOP500","0"
"0","{""id"":""model"",""name"":""Model""}","0.5368","{""id"":""model109"",""name"":""Fundamentals and Technical Indicators Model""}","1","2026-07-01","1","Acceleration of dividend per share (DPS) growth over the past 5 years, i.e., how the DPS growth rate has changed over that time","mdl109_spd_y5_ca","2","DEU","{""id"":""model-valuation-models"",""name"":""Valuation Models""}","[]","VECTOR","TOP500","0"
"0","{""id"":""model"",""name"":""Model""}","0.5368","{""id"":""model109"",""name"":""Fundamentals and Technical Indicators Model""}","1","2026-07-01","1","Historical 5-year compound annual growth rate or trend of company dividends per share (DPS)","mdl109_spd_y5_rg","2","DEU","{""id"":""model-valuation-models"",""name"":""Valuation Models""}","[]","VECTOR","TOP500","0"
"0","{""id"":""model"",""name"":""Model""}","0.5368","{""id"":""model109"",""name"":""Fundamentals and Technical Indicators Model""}","1","2026-07-01","1","Acceleration of operating earnings per share (OEPS) growth over the past 5 years, i.e., how rapidly the operating EPS growth rate has itself changed in this period","mdl109_speo_y5_ca","2","DEU","{""id"":""model-valuation-models"",""name"":""Valuation Models""}","[]","VECTOR","TOP500","0"
"0","{""id"":""model"",""name"":""Model""}","0.5368","{""id"":""model109"",""name"":""Fundamentals and Technical Indicators Model""}","1","2026-07-01","1","Historical 5-year compound annual growth rate or trend of company operating earnings per share (OEPS)","mdl109_speo_y5_rg","2","DEU","{""id"":""model-valuation-models"",""name"":""Valuation Models""}","[]","VECTOR","TOP500","0"
"0","{""id"":""model"",""name"":""Model""}","0.5368","{""id"":""model109"",""name"":""Fundamentals and Technical Indicators Model""}","1","2026-07-01","1","Forecasted growth rate of EPS for next fiscal year (FY1), likely relative to prior year","mdl109_spe_1yf_rg","2","DEU","{""id"":""model-valuation-models"",""name"":""Valuation Models""}","[]","VECTOR","TOP500","0"
"0","{""id"":""model"",""name"":""Model""}","0.5368","{""id"":""model109"",""name"":""Fundamentals and Technical Indicators Model""}","1","2026-07-01","1","Expected growth rate of Earnings Per Share for the second fiscal year ahead compared to the year before","mdl109_spe_2yf_rg","2","DEU","{""id"":""model-valuation-models"",""name"":""Valuation Models""}","[]","VECTOR","TOP500","0"
"0","{""id"":""model"",""name"":""Model""}","0.5368","{""id"":""model109"",""name"":""Fundamentals and Technical Indicators Model""}","1","2026-07-01","1","Year-over-year growth in expected interim Earnings Per Share, likely using consensus analyst forecasts","mdl109_spe_rtnie_rg","2","DEU","{""id"":""model-valuation-models"",""name"":""Valuation Models""}","[]","VECTOR","TOP500","0"
"0","{""id"":""model"",""name"":""Model""}","0.5368","{""id"":""model109"",""name"":""Fundamentals and Technical Indicators Model""}","1","2026-07-01","1","Year-over-year growth rate of interim (e.g., quarterly or semiannual) Earnings Per Share based on historical actuals","mdl109_spe_rtni_rg","2","DEU","{""id"":""model-valuation-models"",""name"":""Valuation Models""}","[]","VECTOR","TOP500","0"
"0","{""id"":""model"",""name"":""Model""}","0.5368","{""id"":""model109"",""name"":""Fundamentals and Technical Indicators Model""}","1","2026-07-01","1","Acceleration in earnings per share (EPS) growth rate over the previous five years, indicating whether EPS growth is speeding up or slowing down historically","mdl109_spe_y5_ca","2","DEU","{""id"":""model-valuation-models"",""name"":""Valuation Models""}","[]","VECTOR","TOP500","0"
"0","{""id"":""model"",""name"":""Model""}","0.5368","{""id"":""model109"",""name"":""Fundamentals and Technical Indicators Model""}","1","2026-07-01","1","Consensus analyst estimate for expected compound annual growth rate (CAGR) of earnings per share (EPS) over the next 5 years, forward-looking","mdl109_spe_y5_pxe_rg","2","DEU","{""id"":""model-valuation-models"",""name"":""Valuation Models""}","[]","VECTOR","TOP500","0"
"0","{""id"":""model"",""name"":""Model""}","0.5368","{""id"":""model109"",""name"":""Fundamentals and Technical Indicators Model""}","1","2026-07-01","1","Historical 5-year compound annual growth rate or trend of company earnings per share (EPS)","mdl109_spe_y5_rg","2","DEU","{""id"":""model-valuation-models"",""name"":""Valuation Models""}","[]","VECTOR","TOP500","0"
"0","{""id"":""model"",""name"":""Model""}","0.5368","{""id"":""model109"",""name"":""Fundamentals and Technical Indicators Model""}","1","2026-07-01","1","Growth rate of Cash Flow Per Share (CFPS) forecast for the next fiscal year (FY1) compared to the current/last year, commonly based on analyst projections","mdl109_spfc_1yf_rg","2","DEU","{""id"":""model-valuation-models"",""name"":""Valuation Models""}","[]","VECTOR","TOP500","0"
"0","{""id"":""model"",""name"":""Model""}","0.5368","{""id"":""model109"",""name"":""Fundamentals and Technical Indicators Model""}","1","2026-07-01","1","Growth rate of Cash Flow Per Share (CFPS) forecast for the second next fiscal year (FY2) versus FY1, reflecting analyst or consensus expected CFPS increase","mdl109_spfc_2yf_rg","2","DEU","{""id"":""model-valuation-models"",""name"":""Valuation Models""}","[]","VECTOR","TOP500","0"
"0","{""id"":""model"",""name"":""Model""}","0.5368","{""id"":""model109"",""name"":""Fundamentals and Technical Indicators Model""}","1","2026-07-01","1","Year-over-year growth of expected interim Cash Flow Per Share (CFPS), likely measuring the projected CFPS increase in an interim period (such as semi-annual versus prior year semi-annual), based on consensus or models","mdl109_spfc_rtnie_rg","2","DEU","{""id"":""model-valuation-models"",""name"":""Valuation Models""}","[]","VECTOR","TOP500","0"
"0","{""id"":""model"",""name"":""Model""}","0.5368","{""id"":""model109"",""name"":""Fundamentals and Technical Indicators Model""}","1","2026-07-01","1","Year-over-year growth rate of interim Cash Flow Per Share based on historical actuals","mdl109_spfc_rtni_rg","2","DEU","{""id"":""model-valuation-models"",""name"":""Valuation Models""}","[]","VECTOR","TOP500","0"
"0","{""id"":""model"",""name"":""Model""}","0.5368","{""id"":""model109"",""name"":""Fundamentals and Technical Indicators Model""}","1","2026-07-01","1","Acceleration of cash flow per share (CFPS) growth over the past 5 years, reflecting change in growth rate of per-share cash flow","mdl109_spfc_y5_ca","2","DEU","{""id"":""model-valuation-models"",""name"":""Valuation Models""}","[]","VECTOR","TOP500","0"
"0","{""id"":""model"",""name"":""Model""}","0.5368","{""id"":""model109"",""name"":""Fundamentals and Technical Indicators Model""}","1","2026-07-01","1","Historical 5-year compound annual growth rate or trend of company cash flow per share (CFPS)","mdl109_spfc_y5_rg","2","DEU","{""id"":""model-valuation-models"",""name"":""Valuation Models""}","[]","VECTOR","TOP500","0"
"0","{""id"":""model"",""name"":""Model""}","0.5368","{""id"":""model109"",""name"":""Fundamentals and Technical Indicators Model""}","1","2026-07-01","1","Year-over-year growth rate of interim Sales Per Share (i.e., revenue per share) based on historical actuals","mdl109_sps_rtni_rg","2","DEU","{""id"":""model-valuation-models"",""name"":""Valuation Models""}","[]","VECTOR","TOP500","0"
"0","{""id"":""model"",""name"":""Model""}","0.5368","{""id"":""model109"",""name"":""Fundamentals and Technical Indicators Model""}","1","2026-07-01","1","Volume Price Trend: a cumulative indicator that integrates price direction and volume, intended to show the strength of price movements based on trading volume","mdl109_tpv","2","DEU","{""id"":""model-valuation-models"",""name"":""Valuation Models""}","[]","VECTOR","TOP500","0"
"0","{""id"":""model"",""name"":""Model""}","0.5368","{""id"":""model109"",""name"":""Fundamentals and Technical Indicators Model""}","1","2026-07-01","1","On Balance Volume—a technical indicator that accumulates volume based on the direction of price movements, used to gauge momentum or confirm trends","mdl109_vbo","2","DEU","{""id"":""model-valuation-models"",""name"":""Valuation Models""}","[]","VECTOR","TOP500","0"
"0","{""id"":""model"",""name"":""Model""}","0.5368","{""id"":""model109"",""name"":""Fundamentals and Technical Indicators Model""}","1","2026-07-01","1","Ratio of levered free cash flow to total enterprise value; a cash-based valuation metric","mdl109_ve_fcf","2","DEU","{""id"":""model-valuation-models"",""name"":""Valuation Models""}","[]","VECTOR","TOP500","0"
"0","{""id"":""model"",""name"":""Model""}","0.5368","{""id"":""model109"",""name"":""Fundamentals and Technical Indicators Model""}","1","2026-07-01","1","Close Location Value, a technical measure indicating where the closing price falls within the day’s range (high-low), used to gauge buying or selling pressure","mdl109_vlc","2","DEU","{""id"":""model-valuation-models"",""name"":""Valuation Models""}","[]","VECTOR","TOP500","0"
"0","{""id"":""model"",""name"":""Model""}","0.5368","{""id"":""model109"",""name"":""Fundamentals and Technical Indicators Model""}","1","2026-07-01","1","Ease of Movement: a volume-based oscillator designed to measure the ""ease"" with which an asset price moves based on its volume and price change","mdl109_vme","2","DEU","{""id"":""model-valuation-models"",""name"":""Valuation Models""}","[]","VECTOR","TOP500","0"
"0","{""id"":""model"",""name"":""Model""}","0.5368","{""id"":""model109"",""name"":""Fundamentals and Technical Indicators Model""}","1","2026-07-01","1","Volatility of the ratio of trading volume to price over a 12-month period","mdl109_vol_vo_p_12m","2","DEU","{""id"":""model-valuation-models"",""name"":""Valuation Models""}","[]","VECTOR","TOP500","0"
"0","{""id"":""model"",""name"":""Model""}","0.5368","{""id"":""model109"",""name"":""Fundamentals and Technical Indicators Model""}","1","2026-07-01","1","Volatility of the ratio of trading volume to price over a 1-month period","mdl109_vol_vo_p_1m","2","DEU","{""id"":""model-valuation-models"",""name"":""Valuation Models""}","[]","VECTOR","TOP500","0"
"0","{""id"":""model"",""name"":""Model""}","0.5328","{""id"":""model109"",""name"":""Fundamentals and Technical Indicators Model""}","1","2026-07-01","1","Average (mean) analyst recommendation for the stock, referring to consensus rating (e.g., buy/hold/sell average)","mean_analyst_recommendation_score","2","DEU","{""id"":""model-valuation-models"",""name"":""Valuation Models""}","[]","MATRIX","TOP500","0"
"0","{""id"":""model"",""name"":""Model""}","0.5366","{""id"":""model109"",""name"":""Fundamentals and Technical Indicators Model""}","1","2026-07-01","1","DecisionPoint Price Momentum Oscillator—technical indicator measuring price momentum oscillations","momentum_oscillator_dpmo","2","DEU","{""id"":""model-valuation-models"",""name"":""Valuation Models""}","[]","MATRIX","TOP500","0"
"0","{""id"":""model"",""name"":""Model""}","0.5366","{""id"":""model109"",""name"":""Fundamentals and Technical Indicators Model""}","1","2026-07-01","1","Money Flow Index, a technical indicator using price and volume to measure buying and selling pressure","money_flow_index_indicator","2","DEU","{""id"":""model-valuation-models"",""name"":""Valuation Models""}","[]","MATRIX","TOP500","0"
"0","{""id"":""model"",""name"":""Model""}","0.5366","{""id"":""model109"",""name"":""Fundamentals and Technical Indicators Model""}","1","2026-07-01","1","Moving Average Convergence/Divergence Oscillator; a technical indicator measuring the relationship between two moving averages of price","moving_average_convergence_divergence","2","DEU","{""id"":""model-valuation-models"",""name"":""Valuation Models""}","[]","MATRIX","TOP500","0"
"0","{""id"":""model"",""name"":""Model""}","0.5291","{""id"":""model109"",""name"":""Fundamentals and Technical Indicators Model""}","1","2026-07-01","1","A moving average crossover technical factor comparing the 15-week and 36-week moving averages of price, often used to identify changes in price trends; positive when short-term (15W) MA crosses above long-term (36W) MA","moving_average_crossover_15_36","2","DEU","{""id"":""model-valuation-models"",""name"":""Valuation Models""}","[]","MATRIX","TOP500","0"
"0","{""id"":""model"",""name"":""Model""}","0.5214","{""id"":""model109"",""name"":""Fundamentals and Technical Indicators Model""}","1","2026-07-01","1","Moving average crossover comparing 30-week vs 75-week moving averages to identify momentum/trend changes","moving_average_crossover_30_75","2","DEU","{""id"":""model-valuation-models"",""name"":""Valuation Models""}","[]","MATRIX","TOP500","0"
"0","{""id"":""model"",""name"":""Model""}","0.5368","{""id"":""model109"",""name"":""Fundamentals and Technical Indicators Model""}","1","2026-07-01","1","Natural logarithm of total assets (a standard transformation for scale normalization)","natural_logarithm_total_assets","2","DEU","{""id"":""model-valuation-models"",""name"":""Valuation Models""}","[]","MATRIX","TOP500","0"
"0","{""id"":""model"",""name"":""Model""}","0.5056","{""id"":""model109"",""name"":""Fundamentals and Technical Indicators Model""}","1","2026-07-01","1","1-month rolling net analyst consensus revision in next fiscal year (FY1) Net Asset Value estimate","nav_estimate_revision_1m","2","DEU","{""id"":""model-valuation-models"",""name"":""Valuation Models""}","[]","MATRIX","TOP500","0"
"0","{""id"":""model"",""name"":""Model""}","0.5368","{""id"":""model109"",""name"":""Fundamentals and Technical Indicators Model""}","1","2026-07-01","1","Negative Volume Index, a technical indicator tracking price changes occurring on days with lower volume than the previous day, often used to reveal smart money movements","negative_volume_index_indicator","2","DEU","{""id"":""model-valuation-models"",""name"":""Valuation Models""}","[]","MATRIX","TOP500","0"
"0","{""id"":""model"",""name"":""Model""}","0.4887","{""id"":""model109"",""name"":""Fundamentals and Technical Indicators Model""}","1","2026-07-01","1","The magnitude of surprise in reported Net Asset Value (NAV) versus the consensus analyst estimate (usually standardized)","net_asset_value_surprise","2","DEU","{""id"":""model-valuation-models"",""name"":""Valuation Models""}","[]","MATRIX","TOP500","0"
"0","{""id"":""model"",""name"":""Model""}","0.5359","{""id"":""model109"",""name"":""Fundamentals and Technical Indicators Model""}","1","2026-07-01","1","Net income margin; a profitability metric defined as Net Income divided by Revenue, representing profit as a percent of sales","net_income_margin_ratio","2","DEU","{""id"":""model-valuation-models"",""name"":""Valuation Models""}","[]","MATRIX","TOP500","0"
"0","{""id"":""model"",""name"":""Model""}","0.5017","{""id"":""model109"",""name"":""Fundamentals and Technical Indicators Model""}","1","2026-07-01","1","Average news sentiment score over the past month, summarizing positive/negative tone of news coverage about the company in a one-month window","news_sentiment_average_1m","2","DEU","{""id"":""model-valuation-models"",""name"":""Valuation Models""}","[]","MATRIX","TOP500","0"
"0","{""id"":""model"",""name"":""Model""}","0.4997","{""id"":""model109"",""name"":""Fundamentals and Technical Indicators Model""}","1","2026-07-01","1","Average news sentiment score calculated over the past 3 months","news_sentiment_average_3m","2","DEU","{""id"":""model-valuation-models"",""name"":""Valuation Models""}","[]","MATRIX","TOP500","0"
"0","{""id"":""model"",""name"":""Model""}","0.4944","{""id"":""model109"",""name"":""Fundamentals and Technical Indicators Model""}","1","2026-07-01","1","Number of new, relevant, non-neutral news articles related to the company in the last day","news_sentiment_volume_1d","2","DEU","{""id"":""model-valuation-models"",""name"":""Valuation Models""}","[]","MATRIX","TOP500","0"
"0","{""id"":""model"",""name"":""Model""}","0.5015","{""id"":""model109"",""name"":""Fundamentals and Technical Indicators Model""}","1","2026-07-01","1","The count of novel, relevant, or non-neutral news items about the stock over the past 91 days (approximately 3 months)","news_sentiment_volume_91d","2","DEU","{""id"":""model-valuation-models"",""name"":""Valuation Models""}","[]","MATRIX","TOP500","0"
"0","{""id"":""model"",""name"":""Model""}","0.5236","{""id"":""model109"",""name"":""Fundamentals and Technical Indicators Model""}","1","2026-07-01","1","Rolling 1-month change in next-twelve-months (NTM) analyst estimates for cash flow per share (CFPS); i.e., net revision activity in forward CFPS over the last month","ntm_cfps_revision_1m","2","DEU","{""id"":""model-valuation-models"",""name"":""Valuation Models""}","[]","MATRIX","TOP500","0"
"0","{""id"":""model"",""name"":""Model""}","0.5226","{""id"":""model109"",""name"":""Fundamentals and Technical Indicators Model""}","1","2026-07-01","1","Aggregate revision in analyst estimates of next twelve months’ (NTM) cash flow per share (CFPS) over the rolling past 3 months period; measures changes in analyst sentiment regarding future CFPS","ntm_cfps_revision_3m","2","DEU","{""id"":""model-valuation-models"",""name"":""Valuation Models""}","[]","MATRIX","TOP500","0"
"0","{""id"":""model"",""name"":""Model""}","0.534","{""id"":""model109"",""name"":""Fundamentals and Technical Indicators Model""}","1","2026-07-01","1","Net change in mean analyst estimates for next-twelve-months dividends per share (NTM DPS) over the past 3 months, reflecting the magnitude/direction of recent analyst dividend revisions","ntm_dps_revision_3m","2","DEU","{""id"":""model-valuation-models"",""name"":""Valuation Models""}","[]","MATRIX","TOP500","0"
"0","{""id"":""model"",""name"":""Model""}","0.5337","{""id"":""model109"",""name"":""Fundamentals and Technical Indicators Model""}","1","2026-07-01","1","Analyst revision to the estimate of EBIT (Earnings Before Interest and Taxes) for the next twelve months, aggregated over the trailing 3-month rolling window","ntm_ebit_revision_3m","2","DEU","{""id"":""model-valuation-models"",""name"":""Valuation Models""}","[]","MATRIX","TOP500","0"
"0","{""id"":""model"",""name"":""Model""}","0.5342","{""id"":""model109"",""name"":""Fundamentals and Technical Indicators Model""}","1","2026-07-01","1","Rolling 1-month aggregated analyst estimate revisions to Earnings Per Share (EPS) forecasts for the next twelve months","ntm_eps_revision_1m","2","DEU","{""id"":""model-valuation-models"",""name"":""Valuation Models""}","[]","MATRIX","TOP500","0"
"0","{""id"":""model"",""name"":""Model""}","0.5329","{""id"":""model109"",""name"":""Fundamentals and Technical Indicators Model""}","1","2026-07-01","1","Net change in analyst consensus ROE (Return on Equity) forecast for the next twelve months over the past 1 month","ntm_roe_revision_1m","2","DEU","{""id"":""model-valuation-models"",""name"":""Valuation Models""}","[]","MATRIX","TOP500","0"
"0","{""id"":""model"",""name"":""Model""}","0.5366","{""id"":""model109"",""name"":""Fundamentals and Technical Indicators Model""}","1","2026-07-01","1","On Balance Volume: technical indicator that uses cumulative volume flow to indicate momentum, calculated by adding or subtracting daily volume depending on price movement direction","on_balance_volume","2","DEU","{""id"":""model-valuation-models"",""name"":""Valuation Models""}","[]","MATRIX","TOP500","0"
"0","{""id"":""model"",""name"":""Model""}","0.5357","{""id"":""model109"",""name"":""Fundamentals and Technical Indicators Model""}","1","2026-07-01","1","Cash flow return on equity; ratio of operating cash flow to equity, indicating profitability with respect to shareholder equity, based on cash flows rather than net income","operating_cash_flow_return_on_equity","2","DEU","{""id"":""model-valuation-models"",""name"":""Valuation Models""}","[]","MATRIX","TOP500","0"
"0","{""id"":""model"",""name"":""Model""}","0.4742","{""id"":""model109"",""name"":""Fundamentals and Technical Indicators Model""}","1","2026-07-01","1","Stability (coefficient of determination, likely R²) of historical operating EPS, measuring how stable operating earnings per share have been over time","operating_eps_stability","2","DEU","{""id"":""model-valuation-models"",""name"":""Valuation Models""}","[]","MATRIX","TOP500","0"
"0","{""id"":""model"",""name"":""Model""}","0.5184","{""id"":""model109"",""name"":""Fundamentals and Technical Indicators Model""}","1","2026-07-01","1","Normalized surprise in operating EPS—amount by which reported operating EPS exceeded or missed consensus estimates, normalized (e.g., as a z-score)","operating_eps_surprise","2","DEU","{""id"":""model-valuation-models"",""name"":""Valuation Models""}","[]","MATRIX","TOP500","0"
"0","{""id"":""model"",""name"":""Model""}","0.5351","{""id"":""model109"",""name"":""Fundamentals and Technical Indicators Model""}","1","2026-07-01","1","Year-over-year (YoY) change in operating profit margin","operating_margin_yearly_change","2","DEU","{""id"":""model-valuation-models"",""name"":""Valuation Models""}","[]","MATRIX","TOP500","0"
"0","{""id"":""model"",""name"":""Model""}","0.5366","{""id"":""model109"",""name"":""Fundamentals and Technical Indicators Model""}","1","2026-07-01","1","Operating profit margin, specifically EBIT margin (Operating Income/Revenue), indicating profitability from core operations","operating_profit_margin_2","2","DEU","{""id"":""model-valuation-models"",""name"":""Valuation Models""}","[]","MATRIX","TOP500","0"
"0","{""id"":""model"",""name"":""Model""}","0.5354","{""id"":""model109"",""name"":""Fundamentals and Technical Indicators Model""}","1","2026-07-01","1","Growth rate in other assets; percentage growth in the balance sheet line “other assets”","other_assets_growth_rate","2","DEU","{""id"":""model-valuation-models"",""name"":""Valuation Models""}","[]","MATRIX","TOP500","0"
"0","{""id"":""model"",""name"":""Model""}","0.5328","{""id"":""model109"",""name"":""Fundamentals and Technical Indicators Model""}","1","2026-07-01","1","Growth in per share other assets","other_assets_per_share_growth","2","DEU","{""id"":""model-valuation-models"",""name"":""Valuation Models""}","[]","MATRIX","TOP500","0"
"0","{""id"":""model"",""name"":""Model""}","0.5366","{""id"":""model109"",""name"":""Fundamentals and Technical Indicators Model""}","1","2026-07-01","1","Percentage Price Oscillator, a technical momentum indicator calculated using the difference between two moving averages as a percentage of a longer moving average","percentage_price_oscillator","2","DEU","{""id"":""model-valuation-models"",""name"":""Valuation Models""}","[]","MATRIX","TOP500","0"
"0","{""id"":""model"",""name"":""Model""}","0.5366","{""id"":""model109"",""name"":""Fundamentals and Technical Indicators Model""}","1","2026-07-01","1","Percentage Volume Oscillator, a technical indicator measuring percent difference between two moving averages of volume","percentage_volume_oscillator","2","DEU","{""id"":""model-valuation-models"",""name"":""Valuation Models""}","[]","MATRIX","TOP500","0"
"0","{""id"":""model"",""name"":""Model""}","0.5358","{""id"":""model109"",""name"":""Fundamentals and Technical Indicators Model""}","1","2026-07-01","1","Growth rate in property, plant, and equipment (likely measures the year-over-year or period-over-period change in the company's tangible fixed assets)","ppe_growth_rate","2","DEU","{""id"":""model-valuation-models"",""name"":""Valuation Models""}","[]","MATRIX","TOP500","0"
"0","{""id"":""model"",""name"":""Model""}","0.5332","{""id"":""model109"",""name"":""Fundamentals and Technical Indicators Model""}","1","2026-07-01","1","Growth rate in per-share value of property, plant, and equipment (PPE); reflects capital asset expansion or contraction relative to share count","ppe_per_share_growth","2","DEU","{""id"":""model-valuation-models"",""name"":""Valuation Models""}","[]","MATRIX","TOP500","0"
"0","{""id"":""model"",""name"":""Model""}","0.5366","{""id"":""model109"",""name"":""Fundamentals and Technical Indicators Model""}","1","2026-07-01","1","High Low Mid Point","price_high_low_midpoint","2","DEU","{""id"":""model-valuation-models"",""name"":""Valuation Models""}","[]","MATRIX","TOP500","0"
"0","{""id"":""model"",""name"":""Model""}","0.5232","{""id"":""model109"",""name"":""Fundamentals and Technical Indicators Model""}","1","2026-07-01","1","Total price return from 12 months ago up to 1 month ago (i.e., excluding the most recent month), used as a price momentum measure","price_momentum_12m_minus_1m","2","DEU","{""id"":""model-valuation-models"",""name"":""Valuation Models""}","[]","MATRIX","TOP500","0"
"0","{""id"":""model"",""name"":""Model""}","0.5265","{""id"":""model109"",""name"":""Fundamentals and Technical Indicators Model""}","1","2026-07-01","1","Current price divided by the highest price in the past 52 weeks","price_to_52_week_high_ratio","2","DEU","{""id"":""model-valuation-models"",""name"":""Valuation Models""}","[]","MATRIX","TOP500","0"
"0","{""id"":""model"",""name"":""Model""}","0.5265","{""id"":""model109"",""name"":""Fundamentals and Technical Indicators Model""}","1","2026-07-01","1","Ratio of current price to 52-week low price, indicating how far the stock price is above its one-year low","price_to_52_week_low_ratio","2","DEU","{""id"":""model-valuation-models"",""name"":""Valuation Models""}","[]","MATRIX","TOP500","0"
"0","{""id"":""model"",""name"":""Model""}","0.5019","{""id"":""model109"",""name"":""Fundamentals and Technical Indicators Model""}","1","2026-07-01","1","Price-to-earnings ratio using trailing twelve month (LTM) basic EPS","price_to_earnings_basic_ltm","2","DEU","{""id"":""model-valuation-models"",""name"":""Valuation Models""}","[]","MATRIX","TOP500","0"
"0","{""id"":""model"",""name"":""Model""}","0.5008","{""id"":""model109"",""name"":""Fundamentals and Technical Indicators Model""}","1","2026-07-01","1","Price-to-earnings ratio using last twelve months (LTM) earnings per share on a diluted basis","price_to_earnings_diluted_ltm","2","DEU","{""id"":""model-valuation-models"",""name"":""Valuation Models""}","[]","MATRIX","TOP500","0"
"0","{""id"":""model"",""name"":""Model""}","0.52","{""id"":""model109"",""name"":""Fundamentals and Technical Indicators Model""}","1","2026-07-01","1","Forward price-to-earnings ratio using analyst-estimated earnings for the next 12 months (FY1); current share price divided by forecast EPS for the upcoming fiscal year","price_to_earnings_forward_12m","2","DEU","{""id"":""model-valuation-models"",""name"":""Valuation Models""}","[]","MATRIX","TOP500","0"
"0","{""id"":""model"",""name"":""Model""}","0.5264","{""id"":""model109"",""name"":""Fundamentals and Technical Indicators Model""}","1","2026-07-01","1","Forward-looking price-to-earnings ratio using analyst EPS forecasts for fiscal year 2 (the year after next), calculated as current market price divided by FY2 forecasted EPS","price_to_earnings_forward_2y","2","DEU","{""id"":""model-valuation-models"",""name"":""Valuation Models""}","[]","MATRIX","TOP500","0"
"0","{""id"":""model"",""name"":""Model""}","0.5365","{""id"":""model109"",""name"":""Fundamentals and Technical Indicators Model""}","1","2026-07-01","1","Price-to-sales ratio; current price divided by trailing or forecasted sales per share","price_to_sales_ratio_2","2","DEU","{""id"":""model-valuation-models"",""name"":""Valuation Models""}","[]","MATRIX","TOP500","0"
"0","{""id"":""model"",""name"":""Model""}","0.5243","{""id"":""model109"",""name"":""Fundamentals and Technical Indicators Model""}","1","2026-07-01","1","Stability of gross profit margin over a 5-year period, likely measured as temporal consistency or variance (e.g., R-squared or standard deviation)","profit_margin_stability_5y","2","DEU","{""id"":""model-valuation-models"",""name"":""Valuation Models""}","[]","MATRIX","TOP500","0"
"0","{""id"":""model"",""name"":""Model""}","0.5237","{""id"":""model109"",""name"":""Fundamentals and Technical Indicators Model""}","1","2026-07-01","1","Expected growth rate of cash flow per share (CFPS) for the company’s fiscal year two years ahead (FY2), typically based on analyst forecasts","projected_cfps_growth_2y","2","DEU","{""id"":""model-valuation-models"",""name"":""Valuation Models""}","[]","MATRIX","TOP500","0"
"0","{""id"":""model"",""name"":""Model""}","0.5091","{""id"":""model109"",""name"":""Fundamentals and Technical Indicators Model""}","1","2026-07-01","1","Growth rate of cash flow per share (CFPS) expected for the next fiscal year (Fiscal Year 1)","projected_cfps_growth_fy1","2","DEU","{""id"":""model-valuation-models"",""name"":""Valuation Models""}","[]","MATRIX","TOP500","0"
"0","{""id"":""model"",""name"":""Model""}","0.527","{""id"":""model109"",""name"":""Fundamentals and Technical Indicators Model""}","1","2026-07-01","1","Expected year-over-year percentage growth in dividends per share for next fiscal year","projected_dps_growth_fy1","2","DEU","{""id"":""model-valuation-models"",""name"":""Valuation Models""}","[]","MATRIX","TOP500","0"
"0","{""id"":""model"",""name"":""Model""}","0.5292","{""id"":""model109"",""name"":""Fundamentals and Technical Indicators Model""}","1","2026-07-01","1","Growth rate of forecasted earnings per share (EPS) for the next fiscal year (FY1), measuring how much analysts expect EPS to increase or decrease in the coming year compared to the prior year","projected_eps_growth_fy1","2","DEU","{""id"":""model-valuation-models"",""name"":""Valuation Models""}","[]","MATRIX","TOP500","0"
"0","{""id"":""model"",""name"":""Model""}","0.5312","{""id"":""model109"",""name"":""Fundamentals and Technical Indicators Model""}","1","2026-07-01","1","Forecasted reinvestment rate for the next fiscal year","projected_reinvestment_rate_fy1","2","DEU","{""id"":""model-valuation-models"",""name"":""Valuation Models""}","[]","MATRIX","TOP500","0"
"0","{""id"":""model"",""name"":""Model""}","0.5307","{""id"":""model109"",""name"":""Fundamentals and Technical Indicators Model""}","1","2026-07-01","1","Forecasted sales (revenue) growth for the next fiscal year (FY1), normally as a percentage change from the current year","projected_revenue_growth_fy1","2","DEU","{""id"":""model-valuation-models"",""name"":""Valuation Models""}","[]","MATRIX","TOP500","0"
"0","{""id"":""model"",""name"":""Model""}","0.536","{""id"":""model109"",""name"":""Fundamentals and Technical Indicators Model""}","1","2026-07-01","1","Quick ratio (acid test), a liquidity ratio measured as (current assets minus inventories) divided by current liabilities","quick_liquidity_ratio","2","DEU","{""id"":""model-valuation-models"",""name"":""Valuation Models""}","[]","MATRIX","TOP500","0"
"0","{""id"":""model"",""name"":""Model""}","0.5265","{""id"":""model109"",""name"":""Fundamentals and Technical Indicators Model""}","1","2026-07-01","1","Realized volatility of the stock calculated daily over the past 1 year (typically using daily returns), representing actual observed price variability","realized_volatility_1y","2","DEU","{""id"":""model-valuation-models"",""name"":""Valuation Models""}","[]","MATRIX","TOP500","0"
"0","{""id"":""model"",""name"":""Model""}","0.5308","{""id"":""model109"",""name"":""Fundamentals and Technical Indicators Model""}","1","2026-07-01","1","Realized volatility calculated using daily returns over the past 3 months","realized_volatility_3m","2","DEU","{""id"":""model-valuation-models"",""name"":""Valuation Models""}","[]","MATRIX","TOP500","0"
"0","{""id"":""model"",""name"":""Model""}","0.5323","{""id"":""model109"",""name"":""Fundamentals and Technical Indicators Model""}","1","2026-07-01","1","Net change in analyst recommendation scores over the past 3 months","recommendation_revision_3m","2","DEU","{""id"":""model-valuation-models"",""name"":""Valuation Models""}","[]","MATRIX","TOP500","0"
"0","{""id"":""model"",""name"":""Model""}","0.5263","{""id"":""model109"",""name"":""Fundamentals and Technical Indicators Model""}","1","2026-07-01","1","Kurtosis of daily returns over the past 1 year, measuring the ""tailedness"" or extremity of return distribution","return_distribution_kurtosis","2","DEU","{""id"":""model-valuation-models"",""name"":""Valuation Models""}","[]","MATRIX","TOP500","0"
"0","{""id"":""model"",""name"":""Model""}","0.5263","{""id"":""model109"",""name"":""Fundamentals and Technical Indicators Model""}","1","2026-07-01","1","Skewness of daily returns computed over the past year (1Y), measuring asymmetry of return distribution","return_distribution_skewness","2","DEU","{""id"":""model-valuation-models"",""name"":""Valuation Models""}","[]","MATRIX","TOP500","0"
"0","{""id"":""model"",""name"":""Model""}","0.5353","{""id"":""model109"",""name"":""Fundamentals and Technical Indicators Model""}","1","2026-07-01","1","Return on Assets (ROA) calculated over the last twelve months (LTM)","return_on_assets_ratio_2","2","DEU","{""id"":""model-valuation-models"",""name"":""Valuation Models""}","[]","MATRIX","TOP500","0"
"0","{""id"":""model"",""name"":""Model""}","0.5354","{""id"":""model109"",""name"":""Fundamentals and Technical Indicators Model""}","1","2026-07-01","1","Return on Equity (ROE) for the last twelve months (LTM), a profitability metric","return_on_equity_ratio_2","2","DEU","{""id"":""model-valuation-models"",""name"":""Valuation Models""}","[]","MATRIX","TOP500","0"
"0","{""id"":""model"",""name"":""Model""}","0.5344","{""id"":""model109"",""name"":""Fundamentals and Technical Indicators Model""}","1","2026-07-01","1","Return on Invested Capital, using data from the last twelve months (LTM), measures profitability relative to total capital invested by debt and equity holders","return_on_invested_capital_3","2","DEU","{""id"":""model-valuation-models"",""name"":""Valuation Models""}","[]","MATRIX","TOP500","0"
"0","{""id"":""model"",""name"":""Model""}","0.5366","{""id"":""model109"",""name"":""Fundamentals and Technical Indicators Model""}","1","2026-07-01","1","Return on net operating assets (net operating profit after tax divided by average net operating assets) using data from the last twelve months","return_on_net_operating_assets","2","DEU","{""id"":""model-valuation-models"",""name"":""Valuation Models""}","[]","MATRIX","TOP500","0"
"0","{""id"":""model"",""name"":""Model""}","0.5348","{""id"":""model109"",""name"":""Fundamentals and Technical Indicators Model""}","1","2026-07-01","1","Ratio of upward to downward analyst estimate revisions for next fiscal year (FY1) sales over the past 3 months","revenue_diffusion_fy1_3m","2","DEU","{""id"":""model-valuation-models"",""name"":""Valuation Models""}","[]","MATRIX","TOP500","0"
"0","{""id"":""model"",""name"":""Model""}","0.5098","{""id"":""model109"",""name"":""Fundamentals and Technical Indicators Model""}","1","2026-07-01","1","Revenue per employee, measuring sales efficiency or labor productivity","revenue_per_employee","2","DEU","{""id"":""model-valuation-models"",""name"":""Valuation Models""}","[]","MATRIX","TOP500","0"
"0","{""id"":""model"",""name"":""Model""}","0.5176","{""id"":""model109"",""name"":""Fundamentals and Technical Indicators Model""}","1","2026-07-01","1","Revenue surprise—the difference between actual reported sales and consensus analyst estimate, likely z-scored","revenue_surprise","2","DEU","{""id"":""model-valuation-models"",""name"":""Valuation Models""}","[]","MATRIX","TOP500","0"
"0","{""id"":""model"",""name"":""Model""}","0.5366","{""id"":""model109"",""name"":""Fundamentals and Technical Indicators Model""}","1","2026-07-01","1","Ratio of Revenue to Total Enterprise Value (TEV); a valuation metric","revenue_to_enterprise_value","2","DEU","{""id"":""model-valuation-models"",""name"":""Valuation Models""}","[]","MATRIX","TOP500","0"
"0","{""id"":""model"",""name"":""Model""}","0.5351","{""id"":""model109"",""name"":""Fundamentals and Technical Indicators Model""}","1","2026-07-01","1","Coefficient of variation (relative variability) of FY1 revenue estimates, measuring the dispersion or uncertainty in analysts’ FY1 sales forecasts","revenue_variation_coefficient","2","DEU","{""id"":""model-valuation-models"",""name"":""Valuation Models""}","[]","MATRIX","TOP500","0"
"0","{""id"":""model"",""name"":""Model""}","0.5336","{""id"":""model109"",""name"":""Fundamentals and Technical Indicators Model""}","1","2026-07-01","1","Ratio of upward to downward analyst revisions for forecasted next-fiscal-year Return on Equity (ROE) over the past 1 month (measures diffusion of positive vs negative revisions)","roe_diffusion_fy1_1m","2","DEU","{""id"":""model-valuation-models"",""name"":""Valuation Models""}","[]","MATRIX","TOP500","0"
"0","{""id"":""model"",""name"":""Model""}","0.5335","{""id"":""model109"",""name"":""Fundamentals and Technical Indicators Model""}","1","2026-07-01","1","3-month diffusion ratio of upward to downward analyst revisions for next fiscal year (FY1) return on equity (ROE)","roe_diffusion_fy1_3m","2","DEU","{""id"":""model-valuation-models"",""name"":""Valuation Models""}","[]","MATRIX","TOP500","0"
"0","{""id"":""model"",""name"":""Model""}","0.5337","{""id"":""model109"",""name"":""Fundamentals and Technical Indicators Model""}","1","2026-07-01","1","Rolling 1-month aggregated analyst estimate revisions to Return on Equity forecasts for the next fiscal year (FY1)","roe_estimate_revision_fy1_1m","2","DEU","{""id"":""model-valuation-models"",""name"":""Valuation Models""}","[]","MATRIX","TOP500","0"
"0","{""id"":""model"",""name"":""Model""}","0.5339","{""id"":""model109"",""name"":""Fundamentals and Technical Indicators Model""}","1","2026-07-01","1","Mean or consensus analyst forecast for Return on Equity for FY1 (next fiscal year) as of the point-in-time date","roe_median_estimate_fy1","2","DEU","{""id"":""model-valuation-models"",""name"":""Valuation Models""}","[]","MATRIX","TOP500","0"
"0","{""id"":""model"",""name"":""Model""}","0.5324","{""id"":""model109"",""name"":""Fundamentals and Technical Indicators Model""}","1","2026-07-01","1","Year-over-year (YoY) change in shares outstanding","share_count_change_yoy","2","DEU","{""id"":""model-valuation-models"",""name"":""Valuation Models""}","[]","MATRIX","TOP500","0"
"0","{""id"":""model"",""name"":""Model""}","0.5277","{""id"":""model109"",""name"":""Fundamentals and Technical Indicators Model""}","1","2026-07-01","1","Stochastic Oscillator: technical momentum indicator comparing the closing price to a range of prices over a period (often 14 days) to identify potential overbought or oversold conditions","stochastic_oscillator_value","2","DEU","{""id"":""model-valuation-models"",""name"":""Valuation Models""}","[]","MATRIX","TOP500","0"
"0","{""id"":""model"",""name"":""Model""}","0.5365","{""id"":""model109"",""name"":""Fundamentals and Technical Indicators Model""}","1","2026-07-01","1","Tangible book-to-market ratio, the ratio of tangible book value to market capitalization (value factor)","tangible_book_to_market_ratio","2","DEU","{""id"":""model-valuation-models"",""name"":""Valuation Models""}","[]","MATRIX","TOP500","0"
"0","{""id"":""model"",""name"":""Model""}","0.5327","{""id"":""model109"",""name"":""Fundamentals and Technical Indicators Model""}","1","2026-07-01","1","Implied return to current price based on analysts’ average target price; calculated as (mean target price / current price) - 1","target_price_implied_return","2","DEU","{""id"":""model-valuation-models"",""name"":""Valuation Models""}","[]","MATRIX","TOP500","0"
"0","{""id"":""model"",""name"":""Model""}","0.5325","{""id"":""model109"",""name"":""Fundamentals and Technical Indicators Model""}","1","2026-07-01","1","Net revision in analyst 12-month target price consensus over the past 1 month","target_price_revision_1m","2","DEU","{""id"":""model-valuation-models"",""name"":""Valuation Models""}","[]","MATRIX","TOP500","0"
"0","{""id"":""model"",""name"":""Model""}","0.5354","{""id"":""model109"",""name"":""Fundamentals and Technical Indicators Model""}","1","2026-07-01","1","Growth in total shareholders’ equity, typically measured as the percent change in equity year-over-year (YoY) or over a defined period, indicating how the company’s net worth to shareholders is expanding or contracting","total_equity_growth_rate_2","2","DEU","{""id"":""model-valuation-models"",""name"":""Valuation Models""}","[]","MATRIX","TOP500","0"
"0","{""id"":""model"",""name"":""Model""}","0.5332","{""id"":""model109"",""name"":""Fundamentals and Technical Indicators Model""}","1","2026-07-01","1","Growth rate in total shareholders’ equity per share, likely over the most recent period or year","total_equity_per_share_growth","2","DEU","{""id"":""model-valuation-models"",""name"":""Valuation Models""}","[]","MATRIX","TOP500","0"
"0","{""id"":""model"",""name"":""Model""}","0.5332","{""id"":""model109"",""name"":""Fundamentals and Technical Indicators Model""}","1","2026-07-01","1","Growth rate of per share total liabilities, measuring the change in total liabilities per share over time","total_liabilities_growth_per_share","2","DEU","{""id"":""model-valuation-models"",""name"":""Valuation Models""}","[]","MATRIX","TOP500","0"
"0","{""id"":""model"",""name"":""Model""}","0.5354","{""id"":""model109"",""name"":""Fundamentals and Technical Indicators Model""}","1","2026-07-01","1","Growth rate of total liabilities, indicating how quickly a company’s total debt and obligations have increased over a recent period","total_liabilities_growth_rate","2","DEU","{""id"":""model-valuation-models"",""name"":""Valuation Models""}","[]","MATRIX","TOP500","0"
"0","{""id"":""model"",""name"":""Model""}","0.4619","{""id"":""model109"",""name"":""Fundamentals and Technical Indicators Model""}","1","2026-07-01","1","Total return over the past 1260 trading days (approximately 5 years or 60 months)","total_return_1260_days","2","DEU","{""id"":""model-valuation-models"",""name"":""Valuation Models""}","[]","MATRIX","TOP500","0"
"0","{""id"":""model"",""name"":""Model""}","0.5295","{""id"":""model109"",""name"":""Fundamentals and Technical Indicators Model""}","1","2026-07-01","1","Cumulative (total) price return (momentum) over the last 126 trading days (approximately 6 months)","total_return_126_days","2","DEU","{""id"":""model-valuation-models"",""name"":""Valuation Models""}","[]","MATRIX","TOP500","0"
"0","{""id"":""model"",""name"":""Model""}","0.5265","{""id"":""model109"",""name"":""Fundamentals and Technical Indicators Model""}","1","2026-07-01","1","Price momentum over the past 9 months (approximately 189 trading days), typically calculated as cumulative return over this interval","total_return_189d","2","DEU","{""id"":""model-valuation-models"",""name"":""Valuation Models""}","[]","MATRIX","TOP500","0"
"0","{""id"":""model"",""name"":""Model""}","0.5308","{""id"":""model109"",""name"":""Fundamentals and Technical Indicators Model""}","1","2026-07-01","1","Total return of the stock over the past 21 trading days (approximately 1 month)","total_return_21d","2","DEU","{""id"":""model-valuation-models"",""name"":""Valuation Models""}","[]","MATRIX","TOP500","0"
"0","{""id"":""model"",""name"":""Model""}","0.3767","{""id"":""model109"",""name"":""Fundamentals and Technical Indicators Model""}","1","2026-07-01","1","Total holding period return over the past 2520 trading days (approximately 10 years)","total_return_2520d","2","DEU","{""id"":""model-valuation-models"",""name"":""Valuation Models""}","[]","MATRIX","TOP500","0"
"0","{""id"":""model"",""name"":""Model""}","0.5232","{""id"":""model109"",""name"":""Fundamentals and Technical Indicators Model""}","1","2026-07-01","1","Total price return or momentum over the last 252 trading days, which is approximately 12 months","total_return_252d","2","DEU","{""id"":""model-valuation-models"",""name"":""Valuation Models""}","[]","MATRIX","TOP500","0"
"0","{""id"":""model"",""name"":""Model""}","0.5308","{""id"":""model109"",""name"":""Fundamentals and Technical Indicators Model""}","1","2026-07-01","1","Total return (including dividends, if applicable) over the past 63 trading days, roughly 3 months","total_return_63d","2","DEU","{""id"":""model-valuation-models"",""name"":""Valuation Models""}","[]","MATRIX","TOP500","0"
"0","{""id"":""model"",""name"":""Model""}","0.534","{""id"":""model109"",""name"":""Fundamentals and Technical Indicators Model""}","1","2026-07-01","1","Total shareholder yield, calculated as dividend yield plus net share repurchase (buyback) yield","total_yield_with_buybacks","2","DEU","{""id"":""model-valuation-models"",""name"":""Valuation Models""}","[]","MATRIX","TOP500","0"
"0","{""id"":""model"",""name"":""Model""}","0.5368","{""id"":""model109"",""name"":""Fundamentals and Technical Indicators Model""}","1","2026-07-01","1","Trailing dividend yield, calculated as dividends paid over the last year divided by share price","trailing_dividend_yield","2","DEU","{""id"":""model-valuation-models"",""name"":""Valuation Models""}","[]","MATRIX","TOP500","0"
"0","{""id"":""model"",""name"":""Model""}","0.5366","{""id"":""model109"",""name"":""Fundamentals and Technical Indicators Model""}","1","2026-07-01","1","Triple Exponential Average (TRIX) indicator, a momentum oscillator measuring the rate of change of a triple-smoothed exponential moving average; used to highlight inflection points in price trends","triple_exponential_average","2","DEU","{""id"":""model-valuation-models"",""name"":""Valuation Models""}","[]","MATRIX","TOP500","0"
"0","{""id"":""model"",""name"":""Model""}","0.5368","{""id"":""model109"",""name"":""Fundamentals and Technical Indicators Model""}","1","2026-07-01","1","Triple Exponential Average (TRIX) - a momentum indicator showing the percent rate of change of a triple exponentially smoothed moving average, commonly used to identify overbought or oversold conditions in technical analysis","triple_exponential_oscillator_2","2","DEU","{""id"":""model-valuation-models"",""name"":""Valuation Models""}","[]","VECTOR","TOP500","0"
"0","{""id"":""model"",""name"":""Model""}","0.5366","{""id"":""model109"",""name"":""Fundamentals and Technical Indicators Model""}","1","2026-07-01","1","True Strength Index, a technical momentum indicator measuring price trend strength and direction","true_strength_index_value","2","DEU","{""id"":""model-valuation-models"",""name"":""Valuation Models""}","[]","MATRIX","TOP500","0"
"0","{""id"":""model"",""name"":""Model""}","0.5283","{""id"":""model109"",""name"":""Fundamentals and Technical Indicators Model""}","1","2026-07-01","1","Price trend over the past 12 months, likely capturing the slope or consistency of price movement","twelve_month_price_trend","2","DEU","{""id"":""model-valuation-models"",""name"":""Valuation Models""}","[]","MATRIX","TOP500","0"
"0","{""id"":""model"",""name"":""Model""}","0.2683","{""id"":""model109"",""name"":""Fundamentals and Technical Indicators Model""}","1","2026-07-01","1","Rolling 1-month window of changes in analyst estimates for earnings or related volatility (most likely refers to change in dispersion/variation of analyst estimates over 1M)","volatility_revision_1m","2","DEU","{""id"":""model-valuation-models"",""name"":""Valuation Models""}","[]","MATRIX","TOP500","0"
"0","{""id"":""model"",""name"":""Model""}","0.2623","{""id"":""model109"",""name"":""Fundamentals and Technical Indicators Model""}","1","2026-07-01","1","Analyst estimate volatility metric measuring how much analyst earnings forecasts have changed (variability) over the past 3 months","volatility_revision_3m","2","DEU","{""id"":""model-valuation-models"",""name"":""Valuation Models""}","[]","MATRIX","TOP500","0"
"0","{""id"":""model"",""name"":""Model""}","0.5366","{""id"":""model109"",""name"":""Fundamentals and Technical Indicators Model""}","1","2026-07-01","1","One-month rolling volatility (standard deviation) of the ratio of trading volume to price","volume_price_ratio_volatility_1m","2","DEU","{""id"":""model-valuation-models"",""name"":""Valuation Models""}","[]","MATRIX","TOP500","0"
"0","{""id"":""model"",""name"":""Model""}","0.5366","{""id"":""model109"",""name"":""Fundamentals and Technical Indicators Model""}","1","2026-07-01","1","Volume Price Trend; a technical indicator combining price direction and volume to assess the strength of price trends","volume_price_trend_indicator","2","DEU","{""id"":""model-valuation-models"",""name"":""Valuation Models""}","[]","MATRIX","TOP500","0"
"0","{""id"":""model"",""name"":""Model""}","0.5366","{""id"":""model109"",""name"":""Fundamentals and Technical Indicators Model""}","1","2026-07-01","1","Volatility of volume/price, 12M","volume_price_volatility_12m","2","DEU","{""id"":""model-valuation-models"",""name"":""Valuation Models""}","[]","MATRIX","TOP500","0"
"0","{""id"":""model"",""name"":""Model""}","0.5366","{""id"":""model109"",""name"":""Fundamentals and Technical Indicators Model""}","1","2026-07-01","1","Vortex Indicator, a technical indicator that identifies the start of a new trend or confirms trend direction based on price movements","vortex_trend_indicator","2","DEU","{""id"":""model-valuation-models"",""name"":""Valuation Models""}","[]","MATRIX","TOP500","0"
"0","{""id"":""model"",""name"":""Model""}","0.5366","{""id"":""model109"",""name"":""Fundamentals and Technical Indicators Model""}","1","2026-07-01","1","Williams %R, a technical analysis momentum indicator showing the current closing price in relation to the high-low range over a specified period, typically used to indicate overbought or oversold conditions","williams_percent_r_indicator","2","DEU","{""id"":""model-valuation-models"",""name"":""Valuation Models""}","[]","MATRIX","TOP500","0"
"0","{""id"":""model"",""name"":""Model""}","0.4895","{""id"":""model109"",""name"":""Fundamentals and Technical Indicators Model""}","1","2026-07-01","1","Year-over-year change in total debt outstanding for the company","yearly_debt_change","2","DEU","{""id"":""model-valuation-models"",""name"":""Valuation Models""}","[]","MATRIX","TOP500","0"
"0","{""id"":""model"",""name"":""Model""}","0.5321","{""id"":""model109"",""name"":""Fundamentals and Technical Indicators Model""}","1","2026-07-01","1","Year-over-year change in Return on Assets (ROA) for the company","yearly_roa_change","2","DEU","{""id"":""model-valuation-models"",""name"":""Valuation Models""}","[]","MATRIX","TOP500","0"
"0","{""id"":""model"",""name"":""Model""}","0.5368","{""id"":""model109"",""name"":""Fundamentals and Technical Indicators Model""}","1","2026-07-01","1","Total shareholder yield, defined as the sum of dividend yield plus buyback yield minus issuance yield (i.e., total yield distributed to shareholders via dividends and net buybacks)","yield_with_share_buybacks","2","DEU","{""id"":""model-valuation-models"",""name"":""Valuation Models""}","[]","MATRIX","TOP500","0"
"0","{""id"":""model"",""name"":""Model""}","0.532","{""id"":""model109"",""name"":""Fundamentals and Technical Indicators Model""}","1","2026-07-01","1","Year-over-year (YoY) change in return on equity, reflecting the improvement or deterioration in ROE compared to the same period last year","yoy_change_return_on_equity","2","DEU","{""id"":""model-valuation-models"",""name"":""Valuation Models""}","[]","MATRIX","TOP500","0"
