"alphaCount","category","coverage","dataset","dateCoverage","dateCreated","delay","description","id","pyramidMultiplier","region","subcategory","themes","type","universe","userCount"
"0","{""id"":""model"",""name"":""Model""}","0.3719","{""id"":""model26"",""name"":""Analyst Revisions""}","1","2026-07-01","1","Percentage surprise for the last quarter’s earnings, calculated as actual reported minus consensus estimate, expressed as a percent of the consensus","actual_vs_predicted_earnings_surprise_pct_lastq","2","DEU","{""id"":""model-revisions-models"",""name"":""Revisions Models""}","[]","MATRIX","TOP500","0"
"0","{""id"":""model"",""name"":""Model""}","0.3025","{""id"":""model26"",""name"":""Analyst Revisions""}","1","2026-07-01","1","Percentage surprise for the last quarter’s EBITDA, calculated as actual reported minus consensus estimate, expressed as a percent of the consensus","actual_vs_predicted_ebitda_surprise_pct_lastq","2","DEU","{""id"":""model-revisions-models"",""name"":""Revisions Models""}","[]","MATRIX","TOP500","0"
"0","{""id"":""model"",""name"":""Model""}","0.6452","{""id"":""model26"",""name"":""Analyst Revisions""}","1","2026-07-01","1","Number of analysts revising down earnings estimates for Fiscal Quarter 1 over the last 7 days","analysts_count_revising_down_quarter1_earnings_7d","2","DEU","{""id"":""model-revisions-models"",""name"":""Revisions Models""}","[]","MATRIX","TOP500","0"
"0","{""id"":""model"",""name"":""Model""}","0.6452","{""id"":""model26"",""name"":""Analyst Revisions""}","1","2026-07-01","1","Count of analysts who lowered their earnings estimates for the current fiscal year (FY1) in the past 14 days","analysts_count_revising_down_year1_earnings_14d","2","DEU","{""id"":""model-revisions-models"",""name"":""Revisions Models""}","[]","MATRIX","TOP500","0"
"0","{""id"":""model"",""name"":""Model""}","0.6452","{""id"":""model26"",""name"":""Analyst Revisions""}","1","2026-07-01","1","Count of analysts who lowered their EBITDA estimates for the current fiscal year (FY1) in the past 14 days","analysts_count_revising_down_year1_ebitda_14d","2","DEU","{""id"":""model-revisions-models"",""name"":""Revisions Models""}","[]","MATRIX","TOP500","0"
"0","{""id"":""model"",""name"":""Model""}","0.6452","{""id"":""model26"",""name"":""Analyst Revisions""}","1","2026-07-01","1","Number of analysts who raised their FQ2 earnings estimates in the past 30 days","analysts_count_revising_up_quarter2_earnings_30d","2","DEU","{""id"":""model-revisions-models"",""name"":""Revisions Models""}","[]","MATRIX","TOP500","0"
"0","{""id"":""model"",""name"":""Model""}","0.6452","{""id"":""model26"",""name"":""Analyst Revisions""}","1","2026-07-01","1","Count of analysts who raised their FY2 EBITDA estimates in the past 14 days","analysts_count_revising_up_year2_ebitda_14d","2","DEU","{""id"":""model-revisions-models"",""name"":""Revisions Models""}","[]","MATRIX","TOP500","0"
"0","{""id"":""model"",""name"":""Model""}","0.6558","{""id"":""model26"",""name"":""Analyst Revisions""}","1","2026-07-01","1","Score component reflecting changes in analyst buy/sell/hold recommendations.","analyst_recommendation_score_component","2","DEU","{""id"":""model-revisions-models"",""name"":""Revisions Models""}","[]","MATRIX","TOP500","0"
"0","{""id"":""model"",""name"":""Model""}","0.6452","{""id"":""model26"",""name"":""Analyst Revisions""}","1","2026-07-01","1","Number of analyst recommendation upgrades over the past 30 days","analyst_recommendation_upgrades_count_30d","2","DEU","{""id"":""model-revisions-models"",""name"":""Revisions Models""}","[]","MATRIX","TOP500","0"
"0","{""id"":""model"",""name"":""Model""}","0.6849","{""id"":""model26"",""name"":""Analyst Revisions""}","1","2026-07-01","1","Score component reflecting analyst revisions and surprises in the primary earnings measure.","analyst_revision_primary_earnings_score","2","DEU","{""id"":""model-revisions-models"",""name"":""Revisions Models""}","[]","MATRIX","TOP500","0"
"0","{""id"":""model"",""name"":""Model""}","0.6836","{""id"":""model26"",""name"":""Analyst Revisions""}","1","2026-07-01","1","ARM revenue component percentile score reflecting revenue-related estimate revisions","analyst_revision_revenue_score","2","DEU","{""id"":""model-revisions-models"",""name"":""Revisions Models""}","[]","MATRIX","TOP500","0"
"0","{""id"":""model"",""name"":""Model""}","0.6836","{""id"":""model26"",""name"":""Analyst Revisions""}","1","2026-07-01","1","Score component reflecting analyst revisions and surprises in company revenue (daily version).","analyst_revision_revenue_score_d1","2","DEU","{""id"":""model-revisions-models"",""name"":""Revisions Models""}","[]","MATRIX","TOP500","0"
"0","{""id"":""model"",""name"":""Model""}","0.6616","{""id"":""model26"",""name"":""Analyst Revisions""}","1","2026-07-01","1","Score component reflecting analyst revisions and surprises in the secondary earnings measure.","analyst_revision_secondary_earnings_score","2","DEU","{""id"":""model-revisions-models"",""name"":""Revisions Models""}","[]","MATRIX","TOP500","0"
"0","{""id"":""model"",""name"":""Model""}","0.6072","{""id"":""model26"",""name"":""Analyst Revisions""}","1","2026-07-01","1","Change in the mean analyst recommendation over the past 14 days","avg_change_analyst_recommendation_14d","2","DEU","{""id"":""model-revisions-models"",""name"":""Revisions Models""}","[]","MATRIX","TOP500","0"
"0","{""id"":""model"",""name"":""Model""}","0.6067","{""id"":""model26"",""name"":""Analyst Revisions""}","1","2026-07-01","1","Change in the mean analyst recommendation over the past 30 days","avg_change_analyst_recommendation_30d","2","DEU","{""id"":""model-revisions-models"",""name"":""Revisions Models""}","[]","MATRIX","TOP500","0"
"0","{""id"":""model"",""name"":""Model""}","0.6057","{""id"":""model26"",""name"":""Analyst Revisions""}","1","2026-07-01","1","Change in the mean analyst recommendation over the past 60 days","avg_change_analyst_recommendation_60d","2","DEU","{""id"":""model-revisions-models"",""name"":""Revisions Models""}","[]","MATRIX","TOP500","0"
"0","{""id"":""model"",""name"":""Model""}","0.6073","{""id"":""model26"",""name"":""Analyst Revisions""}","1","2026-07-01","1","Change in the mean analyst recommendation over the past 7 days","avg_change_analyst_recommendation_7d","2","DEU","{""id"":""model-revisions-models"",""name"":""Revisions Models""}","[]","MATRIX","TOP500","0"
"0","{""id"":""model"",""name"":""Model""}","0.6044","{""id"":""model26"",""name"":""Analyst Revisions""}","1","2026-07-01","1","Change in the mean analyst recommendation over the past 90 days","avg_change_analyst_recommendation_90d","2","DEU","{""id"":""model-revisions-models"",""name"":""Revisions Models""}","[]","MATRIX","TOP500","0"
"0","{""id"":""model"",""name"":""Model""}","0.618","{""id"":""model26"",""name"":""Analyst Revisions""}","1","2026-07-01","1","Mean percentage change in analyst EBITDA estimates for the next 12 months over the last 7 days","avg_estimate_change_pct_f12m_ebitda_7d","2","DEU","{""id"":""model-revisions-models"",""name"":""Revisions Models""}","[]","MATRIX","TOP500","0"
"0","{""id"":""model"",""name"":""Model""}","0.2776","{""id"":""model26"",""name"":""Analyst Revisions""}","1","2026-07-01","1","Mean percentage change in EBITDA estimates for Fiscal Quarter 1 over the last 14 days","avg_estimate_change_pct_quarter1_ebitda_14d","2","DEU","{""id"":""model-revisions-models"",""name"":""Revisions Models""}","[]","MATRIX","TOP500","0"
"0","{""id"":""model"",""name"":""Model""}","0.3224","{""id"":""model26"",""name"":""Analyst Revisions""}","1","2026-07-01","1","Mean percentage change in revenue estimates for Fiscal Quarter 1 over the last 60 days","avg_estimate_change_pct_quarter1_revenue_60d","2","DEU","{""id"":""model-revisions-models"",""name"":""Revisions Models""}","[]","MATRIX","TOP500","0"
"0","{""id"":""model"",""name"":""Model""}","0.1807","{""id"":""model26"",""name"":""Analyst Revisions""}","1","2026-07-01","1","Mean percentage change in EBITDA estimates for Fiscal Quarter 2 over the last 60 days","avg_estimate_change_pct_quarter2_ebitda_60d","2","DEU","{""id"":""model-revisions-models"",""name"":""Revisions Models""}","[]","MATRIX","TOP500","0"
"0","{""id"":""model"",""name"":""Model""}","0.6418","{""id"":""model26"",""name"":""Analyst Revisions""}","1","2026-07-01","1","Mean percentage change in earnings estimates for Fiscal Year 1 over the last 90 days","avg_estimate_change_pct_year1_earnings_90d","2","DEU","{""id"":""model-revisions-models"",""name"":""Revisions Models""}","[]","MATRIX","TOP500","0"
"0","{""id"":""model"",""name"":""Model""}","0.6414","{""id"":""model26"",""name"":""Analyst Revisions""}","1","2026-07-01","1","Mean percentage change in FY1 revenue estimates over the last 90 days","avg_estimate_change_pct_year1_revenue_90d","2","DEU","{""id"":""model-revisions-models"",""name"":""Revisions Models""}","[]","MATRIX","TOP500","0"
"0","{""id"":""model"",""name"":""Model""}","0.6425","{""id"":""model26"",""name"":""Analyst Revisions""}","1","2026-07-01","1","Mean percentage change in next-12-months earnings estimates over the last 30 days","avg_pct_change_earnings_est_12m_30d","2","DEU","{""id"":""model-revisions-models"",""name"":""Revisions Models""}","[]","MATRIX","TOP500","0"
"0","{""id"":""model"",""name"":""Model""}","0.6411","{""id"":""model26"",""name"":""Analyst Revisions""}","1","2026-07-01","1","Mean percentage change in analyst earnings estimates for the next 12 months over the last 90 days","avg_pct_change_earnings_est_12m_90d","2","DEU","{""id"":""model-revisions-models"",""name"":""Revisions Models""}","[]","MATRIX","TOP500","0"
"0","{""id"":""model"",""name"":""Model""}","0.3239","{""id"":""model26"",""name"":""Analyst Revisions""}","1","2026-07-01","1","Mean percentage change in earnings estimates for Fiscal Quarter 1 over the last 14 days","avg_pct_change_earnings_est_qtr_14d","2","DEU","{""id"":""model-revisions-models"",""name"":""Revisions Models""}","[]","MATRIX","TOP500","0"
"0","{""id"":""model"",""name"":""Model""}","0.3033","{""id"":""model26"",""name"":""Analyst Revisions""}","1","2026-07-01","1","Mean percentage change in earnings estimates for Fiscal Quarter 1 over the last 30 days","avg_pct_change_earnings_est_qtr_30d","2","DEU","{""id"":""model-revisions-models"",""name"":""Revisions Models""}","[]","MATRIX","TOP500","0"
"0","{""id"":""model"",""name"":""Model""}","0.2872","{""id"":""model26"",""name"":""Analyst Revisions""}","1","2026-07-01","1","Mean percentage change in earnings estimates for Fiscal Quarter 1 over the last 60 days","avg_pct_change_earnings_est_qtr_60d","2","DEU","{""id"":""model-revisions-models"",""name"":""Revisions Models""}","[]","MATRIX","TOP500","0"
"0","{""id"":""model"",""name"":""Model""}","0.6433","{""id"":""model26"",""name"":""Analyst Revisions""}","1","2026-07-01","1","Mean percentage change in earnings estimates for Fiscal Year 1 over the last 14 days","avg_pct_change_earnings_est_year_14d","2","DEU","{""id"":""model-revisions-models"",""name"":""Revisions Models""}","[]","MATRIX","TOP500","0"
"0","{""id"":""model"",""name"":""Model""}","0.6176","{""id"":""model26"",""name"":""Analyst Revisions""}","1","2026-07-01","1","Mean percentage change in next 12 months (F12M) EBITDA estimates over the last 14 days","avg_pct_change_ebitda_est_12m_14d","2","DEU","{""id"":""model-revisions-models"",""name"":""Revisions Models""}","[]","MATRIX","TOP500","0"
"0","{""id"":""model"",""name"":""Model""}","0.6141","{""id"":""model26"",""name"":""Analyst Revisions""}","1","2026-07-01","1","Mean percentage change in next 12 months EBITDA estimates over the last 90 days","avg_pct_change_ebitda_est_12m_90d","2","DEU","{""id"":""model-revisions-models"",""name"":""Revisions Models""}","[]","MATRIX","TOP500","0"
"0","{""id"":""model"",""name"":""Model""}","0.1652","{""id"":""model26"",""name"":""Analyst Revisions""}","1","2026-07-01","1","Mean percentage change in EBITDA estimates for Fiscal Quarter 2 over the last 90 days","avg_pct_change_ebitda_est_next_qtr_90d","2","DEU","{""id"":""model-revisions-models"",""name"":""Revisions Models""}","[]","MATRIX","TOP500","0"
"0","{""id"":""model"",""name"":""Model""}","0.1652","{""id"":""model26"",""name"":""Analyst Revisions""}","1","2026-07-01","1","Mean percentage change in EBITDA estimates for Fiscal Quarter 2 over the last 90 days","avg_pct_change_ebitda_est_next_qtr_90d_d1","2","DEU","{""id"":""model-revisions-models"",""name"":""Revisions Models""}","[]","MATRIX","TOP500","0"
"0","{""id"":""model"",""name"":""Model""}","0.6428","{""id"":""model26"",""name"":""Analyst Revisions""}","1","2026-07-01","1","Mean percentage change in next 12 months (F12M) earnings consensus estimates over the past 14 days","avg_pct_change_estimate_12m_earnings_14d","2","DEU","{""id"":""model-revisions-models"",""name"":""Revisions Models""}","[]","MATRIX","TOP500","0"
"0","{""id"":""model"",""name"":""Model""}","0.6419","{""id"":""model26"",""name"":""Analyst Revisions""}","1","2026-07-01","1","Mean percentage change in analyst earnings estimates for the next 12 months over the last 60 days","avg_pct_change_estimate_12m_earnings_60d","2","DEU","{""id"":""model-revisions-models"",""name"":""Revisions Models""}","[]","MATRIX","TOP500","0"
"0","{""id"":""model"",""name"":""Model""}","0.6429","{""id"":""model26"",""name"":""Analyst Revisions""}","1","2026-07-01","1","Mean percentage change in next 12 months earnings estimates over the last 7 days","avg_pct_change_estimate_12m_earnings_7d","2","DEU","{""id"":""model-revisions-models"",""name"":""Revisions Models""}","[]","MATRIX","TOP500","0"
"0","{""id"":""model"",""name"":""Model""}","0.6169","{""id"":""model26"",""name"":""Analyst Revisions""}","1","2026-07-01","1","Mean percentage change in forward 12-month EBITDA estimates over the last 30 days","avg_pct_change_estimate_12m_ebitda_30d","2","DEU","{""id"":""model-revisions-models"",""name"":""Revisions Models""}","[]","MATRIX","TOP500","0"
"0","{""id"":""model"",""name"":""Model""}","0.6155","{""id"":""model26"",""name"":""Analyst Revisions""}","1","2026-07-01","1","Mean percentage change in next 12 months (F12M) EBITDA estimates over the last 60 days","avg_pct_change_estimate_12m_ebitda_60d","2","DEU","{""id"":""model-revisions-models"",""name"":""Revisions Models""}","[]","MATRIX","TOP500","0"
"0","{""id"":""model"",""name"":""Model""}","0.642","{""id"":""model26"",""name"":""Analyst Revisions""}","1","2026-07-01","1","Mean percentage change in revenue estimates for the next 12 months over the last 30 days","avg_pct_change_estimate_12m_revenue_30d","2","DEU","{""id"":""model-revisions-models"",""name"":""Revisions Models""}","[]","MATRIX","TOP500","0"
"0","{""id"":""model"",""name"":""Model""}","0.6425","{""id"":""model26"",""name"":""Analyst Revisions""}","1","2026-07-01","1","Mean percentage change in forward 12-month revenue estimates over the last 7 days","avg_pct_change_estimate_12m_revenue_7d","2","DEU","{""id"":""model-revisions-models"",""name"":""Revisions Models""}","[]","MATRIX","TOP500","0"
"0","{""id"":""model"",""name"":""Model""}","0.6404","{""id"":""model26"",""name"":""Analyst Revisions""}","1","2026-07-01","1","Mean percentage change in revenue estimates for the next 12 months over the last 90 days","avg_pct_change_estimate_12m_revenue_90d","2","DEU","{""id"":""model-revisions-models"",""name"":""Revisions Models""}","[]","MATRIX","TOP500","0"
"0","{""id"":""model"",""name"":""Model""}","0.2974","{""id"":""model26"",""name"":""Analyst Revisions""}","1","2026-07-01","1","Mean percentage change in EBITDA estimates for Fiscal Quarter 1 over the last 7 days","avg_pct_change_estimate_curr_qtr_ebitda_7d","2","DEU","{""id"":""model-revisions-models"",""name"":""Revisions Models""}","[]","MATRIX","TOP500","0"
"0","{""id"":""model"",""name"":""Model""}","0.2177","{""id"":""model26"",""name"":""Analyst Revisions""}","1","2026-07-01","1","Mean percentage change in FQ1 EBITDA estimates over the last 90 days","avg_pct_change_estimate_curr_qtr_ebitda_90d","2","DEU","{""id"":""model-revisions-models"",""name"":""Revisions Models""}","[]","MATRIX","TOP500","0"
"0","{""id"":""model"",""name"":""Model""}","0.3491","{""id"":""model26"",""name"":""Analyst Revisions""}","1","2026-07-01","1","Mean percentage change in revenue estimates for Fiscal Quarter 1 over the last 30 days","avg_pct_change_estimate_curr_qtr_revenue_30d","2","DEU","{""id"":""model-revisions-models"",""name"":""Revisions Models""}","[]","MATRIX","TOP500","0"
"0","{""id"":""model"",""name"":""Model""}","0.6424","{""id"":""model26"",""name"":""Analyst Revisions""}","1","2026-07-01","1","Mean percentage change in next 12 months revenue estimates over the last 14 days","avg_pct_change_estimate_forward_revenue_14d","2","DEU","{""id"":""model-revisions-models"",""name"":""Revisions Models""}","[]","MATRIX","TOP500","0"
"0","{""id"":""model"",""name"":""Model""}","0.6413","{""id"":""model26"",""name"":""Analyst Revisions""}","1","2026-07-01","1","Mean percentage change in revenue estimates for the next 12 months over the last 60 days","avg_pct_change_estimate_forward_revenue_60d","2","DEU","{""id"":""model-revisions-models"",""name"":""Revisions Models""}","[]","MATRIX","TOP500","0"
"0","{""id"":""model"",""name"":""Model""}","0.2663","{""id"":""model26"",""name"":""Analyst Revisions""}","1","2026-07-01","1","Mean percentage change in earnings estimates for Fiscal Quarter 2 over the last 14 days","avg_pct_change_estimate_next_quarter_earnings_14d","2","DEU","{""id"":""model-revisions-models"",""name"":""Revisions Models""}","[]","MATRIX","TOP500","0"
"0","{""id"":""model"",""name"":""Model""}","0.2046","{""id"":""model26"",""name"":""Analyst Revisions""}","1","2026-07-01","1","Mean percentage change in EBITDA estimates for Fiscal Quarter 2 over the last 14 days","avg_pct_change_estimate_next_quarter_ebitda_14d","2","DEU","{""id"":""model-revisions-models"",""name"":""Revisions Models""}","[]","MATRIX","TOP500","0"
"0","{""id"":""model"",""name"":""Model""}","0.1952","{""id"":""model26"",""name"":""Analyst Revisions""}","1","2026-07-01","1","Mean percentage change in EBITDA estimates for Fiscal Quarter 2 over the last 30 days","avg_pct_change_estimate_next_quarter_ebitda_30d","2","DEU","{""id"":""model-revisions-models"",""name"":""Revisions Models""}","[]","MATRIX","TOP500","0"
"0","{""id"":""model"",""name"":""Model""}","0.2085","{""id"":""model26"",""name"":""Analyst Revisions""}","1","2026-07-01","1","Mean percentage change in EBITDA estimates for Fiscal Quarter 2 over the last 7 days","avg_pct_change_estimate_next_quarter_ebitda_7d","2","DEU","{""id"":""model-revisions-models"",""name"":""Revisions Models""}","[]","MATRIX","TOP500","0"
"0","{""id"":""model"",""name"":""Model""}","0.2878","{""id"":""model26"",""name"":""Analyst Revisions""}","1","2026-07-01","1","Mean percentage change in revenue estimates for Fiscal Quarter 2 over the last 14 days","avg_pct_change_estimate_next_quarter_revenue_14d","2","DEU","{""id"":""model-revisions-models"",""name"":""Revisions Models""}","[]","MATRIX","TOP500","0"
"0","{""id"":""model"",""name"":""Model""}","0.2616","{""id"":""model26"",""name"":""Analyst Revisions""}","1","2026-07-01","1","Mean percentage change in FQ2 revenue estimates over the last 60 days","avg_pct_change_estimate_next_quarter_revenue_60d","2","DEU","{""id"":""model-revisions-models"",""name"":""Revisions Models""}","[]","MATRIX","TOP500","0"
"0","{""id"":""model"",""name"":""Model""}","0.643","{""id"":""model26"",""name"":""Analyst Revisions""}","1","2026-07-01","1","Mean percentage change in earnings estimates for Fiscal Year 1 over the last 30 days","avg_pct_change_estimate_next_year_earnings_30d","2","DEU","{""id"":""model-revisions-models"",""name"":""Revisions Models""}","[]","MATRIX","TOP500","0"
"0","{""id"":""model"",""name"":""Model""}","0.6426","{""id"":""model26"",""name"":""Analyst Revisions""}","1","2026-07-01","1","Mean percentage change in FY1 earnings estimates over the last 60 days","avg_pct_change_estimate_next_year_earnings_60d","2","DEU","{""id"":""model-revisions-models"",""name"":""Revisions Models""}","[]","MATRIX","TOP500","0"
"0","{""id"":""model"",""name"":""Model""}","0.6434","{""id"":""model26"",""name"":""Analyst Revisions""}","1","2026-07-01","1","Mean percentage change in FY1 earnings estimates over the last 7 days","avg_pct_change_estimate_next_year_earnings_7d","2","DEU","{""id"":""model-revisions-models"",""name"":""Revisions Models""}","[]","MATRIX","TOP500","0"
"0","{""id"":""model"",""name"":""Model""}","0.6187","{""id"":""model26"",""name"":""Analyst Revisions""}","1","2026-07-01","1","Mean percentage change in FY1 EBITDA consensus estimates over the past 14 days","avg_pct_change_estimate_next_year_ebitda_14d","2","DEU","{""id"":""model-revisions-models"",""name"":""Revisions Models""}","[]","MATRIX","TOP500","0"
"0","{""id"":""model"",""name"":""Model""}","0.6431","{""id"":""model26"",""name"":""Analyst Revisions""}","1","2026-07-01","1","Mean percentage change in FY1 revenue estimates over the last 14 days","avg_pct_change_estimate_next_year_revenue_14d","2","DEU","{""id"":""model-revisions-models"",""name"":""Revisions Models""}","[]","MATRIX","TOP500","0"
"0","{""id"":""model"",""name"":""Model""}","0.2584","{""id"":""model26"",""name"":""Analyst Revisions""}","1","2026-07-01","1","Mean percentage change in earnings estimates for Fiscal Quarter 2 over the last 30 days","avg_pct_change_estimate_qtr2_earnings_30d","2","DEU","{""id"":""model-revisions-models"",""name"":""Revisions Models""}","[]","MATRIX","TOP500","0"
"0","{""id"":""model"",""name"":""Model""}","0.2455","{""id"":""model26"",""name"":""Analyst Revisions""}","1","2026-07-01","1","Mean percentage change in earnings estimates for Fiscal Quarter 2 over the last 60 days","avg_pct_change_estimate_qtr2_earnings_60d","2","DEU","{""id"":""model-revisions-models"",""name"":""Revisions Models""}","[]","MATRIX","TOP500","0"
"0","{""id"":""model"",""name"":""Model""}","0.2694","{""id"":""model26"",""name"":""Analyst Revisions""}","1","2026-07-01","1","Mean percentage change in earnings estimates for Fiscal Quarter 2 over the last 7 days","avg_pct_change_estimate_qtr2_earnings_7d","2","DEU","{""id"":""model-revisions-models"",""name"":""Revisions Models""}","[]","MATRIX","TOP500","0"
"0","{""id"":""model"",""name"":""Model""}","0.2315","{""id"":""model26"",""name"":""Analyst Revisions""}","1","2026-07-01","1","Mean percentage change in earnings estimates for Fiscal Quarter 2 over the last 90 days","avg_pct_change_estimate_qtr2_earnings_90d","2","DEU","{""id"":""model-revisions-models"",""name"":""Revisions Models""}","[]","MATRIX","TOP500","0"
"0","{""id"":""model"",""name"":""Model""}","0.2775","{""id"":""model26"",""name"":""Analyst Revisions""}","1","2026-07-01","1","Mean percentage change in Fiscal Quarter 2 revenue estimates over the last 30 days","avg_pct_change_estimate_qtr2_revenue_30d","2","DEU","{""id"":""model-revisions-models"",""name"":""Revisions Models""}","[]","MATRIX","TOP500","0"
"0","{""id"":""model"",""name"":""Model""}","0.2921","{""id"":""model26"",""name"":""Analyst Revisions""}","1","2026-07-01","1","Mean percentage change in FQ2 revenue estimates over the last 7 days","avg_pct_change_estimate_qtr2_revenue_7d","2","DEU","{""id"":""model-revisions-models"",""name"":""Revisions Models""}","[]","MATRIX","TOP500","0"
"0","{""id"":""model"",""name"":""Model""}","0.2444","{""id"":""model26"",""name"":""Analyst Revisions""}","1","2026-07-01","1","Mean percentage change in FQ2 revenue estimates over the last 90 days","avg_pct_change_estimate_qtr2_revenue_90d","2","DEU","{""id"":""model-revisions-models"",""name"":""Revisions Models""}","[]","MATRIX","TOP500","0"
"0","{""id"":""model"",""name"":""Model""}","0.3425","{""id"":""model26"",""name"":""Analyst Revisions""}","1","2026-07-01","1","Mean percentage change in earnings estimates for Fiscal Quarter 1 over the last 7 days","avg_pct_change_estimate_quarter_earnings_7d","2","DEU","{""id"":""model-revisions-models"",""name"":""Revisions Models""}","[]","MATRIX","TOP500","0"
"0","{""id"":""model"",""name"":""Model""}","0.2751","{""id"":""model26"",""name"":""Analyst Revisions""}","1","2026-07-01","1","Mean percentage change in earnings estimates for Fiscal Quarter 1 over the last 90 days","avg_pct_change_estimate_quarter_earnings_90d","2","DEU","{""id"":""model-revisions-models"",""name"":""Revisions Models""}","[]","MATRIX","TOP500","0"
"0","{""id"":""model"",""name"":""Model""}","0.2529","{""id"":""model26"",""name"":""Analyst Revisions""}","1","2026-07-01","1","Mean percentage change in EBITDA estimates for Fiscal Quarter 1 over the last 30 days","avg_pct_change_estimate_quarter_ebitda_30d","2","DEU","{""id"":""model-revisions-models"",""name"":""Revisions Models""}","[]","MATRIX","TOP500","0"
"0","{""id"":""model"",""name"":""Model""}","0.2326","{""id"":""model26"",""name"":""Analyst Revisions""}","1","2026-07-01","1","Mean percentage change in EBITDA estimates for Fiscal Quarter 1 over the last 60 days","avg_pct_change_estimate_quarter_ebitda_60d","2","DEU","{""id"":""model-revisions-models"",""name"":""Revisions Models""}","[]","MATRIX","TOP500","0"
"0","{""id"":""model"",""name"":""Model""}","0.3829","{""id"":""model26"",""name"":""Analyst Revisions""}","1","2026-07-01","1","Mean percentage change in revenue estimates for Fiscal Quarter 1 over the last 14 days","avg_pct_change_estimate_quarter_revenue_14d","2","DEU","{""id"":""model-revisions-models"",""name"":""Revisions Models""}","[]","MATRIX","TOP500","0"
"0","{""id"":""model"",""name"":""Model""}","0.4071","{""id"":""model26"",""name"":""Analyst Revisions""}","1","2026-07-01","1","Mean percentage change in revenue estimates for Fiscal Quarter 1 over the last 7 days","avg_pct_change_estimate_quarter_revenue_7d","2","DEU","{""id"":""model-revisions-models"",""name"":""Revisions Models""}","[]","MATRIX","TOP500","0"
"0","{""id"":""model"",""name"":""Model""}","0.6181","{""id"":""model26"",""name"":""Analyst Revisions""}","1","2026-07-01","1","Mean percentage change in FY1 EBITDA consensus estimates over the past 30 days","avg_pct_change_estimate_year_ebitda_30d","2","DEU","{""id"":""model-revisions-models"",""name"":""Revisions Models""}","[]","MATRIX","TOP500","0"
"0","{""id"":""model"",""name"":""Model""}","0.6169","{""id"":""model26"",""name"":""Analyst Revisions""}","1","2026-07-01","1","Mean percentage change in the consensus EBITDA estimate for Fiscal Year 1 (next fiscal year) over the last 60 days","avg_pct_change_estimate_year_ebitda_60d","2","DEU","{""id"":""model-revisions-models"",""name"":""Revisions Models""}","[]","MATRIX","TOP500","0"
"0","{""id"":""model"",""name"":""Model""}","0.619","{""id"":""model26"",""name"":""Analyst Revisions""}","1","2026-07-01","1","Mean percentage change in Fiscal Year 1 EBITDA estimates over the last 7 days","avg_pct_change_estimate_year_ebitda_7d","2","DEU","{""id"":""model-revisions-models"",""name"":""Revisions Models""}","[]","MATRIX","TOP500","0"
"0","{""id"":""model"",""name"":""Model""}","0.6154","{""id"":""model26"",""name"":""Analyst Revisions""}","1","2026-07-01","1","Mean percentage change in Fiscal Year 1 EBITDA estimates over the last 90 days","avg_pct_change_estimate_year_ebitda_90d","2","DEU","{""id"":""model-revisions-models"",""name"":""Revisions Models""}","[]","MATRIX","TOP500","0"
"0","{""id"":""model"",""name"":""Model""}","0.6428","{""id"":""model26"",""name"":""Analyst Revisions""}","1","2026-07-01","1","Mean percentage change in FY1 revenue estimates over the last 30 days","avg_pct_change_estimate_year_revenue_30d","2","DEU","{""id"":""model-revisions-models"",""name"":""Revisions Models""}","[]","MATRIX","TOP500","0"
"0","{""id"":""model"",""name"":""Model""}","0.3048","{""id"":""model26"",""name"":""Analyst Revisions""}","1","2026-07-01","1","Mean percentage change in revenue estimates for Fiscal Quarter 1 over the last 90 days","avg_pct_change_revenue_est_qtr_90d","2","DEU","{""id"":""model-revisions-models"",""name"":""Revisions Models""}","[]","MATRIX","TOP500","0"
"0","{""id"":""model"",""name"":""Model""}","0.6422","{""id"":""model26"",""name"":""Analyst Revisions""}","1","2026-07-01","1","Mean percentage change in FY1 revenue consensus estimates over the past 60 days","avg_pct_change_revenue_est_year_60d","2","DEU","{""id"":""model-revisions-models"",""name"":""Revisions Models""}","[]","MATRIX","TOP500","0"
"0","{""id"":""model"",""name"":""Model""}","0.6431","{""id"":""model26"",""name"":""Analyst Revisions""}","1","2026-07-01","1","Average percentage change in Fiscal Year 1 revenue estimates over the last 7 days","avg_pct_change_revenue_est_year_7d","2","DEU","{""id"":""model-revisions-models"",""name"":""Revisions Models""}","[]","MATRIX","TOP500","0"
"0","{""id"":""model"",""name"":""Model""}","0.6433","{""id"":""model26"",""name"":""Analyst Revisions""}","1","2026-07-01","1","Country-level percentile rank of the ARM headline signal (1–100)","country_percentile_rank_model_score","2","DEU","{""id"":""model-revisions-models"",""name"":""Revisions Models""}","[]","MATRIX","TOP500","0"
"0","{""id"":""model"",""name"":""Model""}","1","{""id"":""model26"",""name"":""Analyst Revisions""}","1","2026-07-01","1","Country-level percentile rank of the ARM signal 1–100, higher indicates stronger revision prospects","country_percentile_rank_score","2","DEU","{""id"":""model-revisions-models"",""name"":""Revisions Models""}","[]","MATRIX","TOP500","0"
"0","{""id"":""model"",""name"":""Model""}","0.6433","{""id"":""model26"",""name"":""Analyst Revisions""}","1","2026-07-01","1","Score representing the country-based ranking for a stock.","country_rank_score_float","2","DEU","{""id"":""model-revisions-models"",""name"":""Revisions Models""}","[]","MATRIX","TOP500","0"
"0","{""id"":""model"",""name"":""Model""}","0.6452","{""id"":""model26"",""name"":""Analyst Revisions""}","1","2026-07-01","1","Number of analysts revising down earnings estimates for Fiscal Quarter 1 over the last 30 days","count_analysts_lower_curr_qtr_earnings_30d","2","DEU","{""id"":""model-revisions-models"",""name"":""Revisions Models""}","[]","MATRIX","TOP500","0"
"0","{""id"":""model"",""name"":""Model""}","0.6452","{""id"":""model26"",""name"":""Analyst Revisions""}","1","2026-07-01","1","Number of analysts revising down EBITDA estimates for Fiscal Quarter 1 over the last 30 days","count_analysts_lower_curr_qtr_ebitda_30d","2","DEU","{""id"":""model-revisions-models"",""name"":""Revisions Models""}","[]","MATRIX","TOP500","0"
"0","{""id"":""model"",""name"":""Model""}","0.6452","{""id"":""model26"",""name"":""Analyst Revisions""}","1","2026-07-01","1","Count of analysts who lowered their revenue estimates for the next fiscal quarter (FQ1) in the past 14 days","count_analysts_lower_curr_qtr_revenue_14d","2","DEU","{""id"":""model-revisions-models"",""name"":""Revisions Models""}","[]","MATRIX","TOP500","0"
"0","{""id"":""model"",""name"":""Model""}","0.6452","{""id"":""model26"",""name"":""Analyst Revisions""}","1","2026-07-01","1","Number of sell-side analysts who lowered their earnings estimate for Fiscal Quarter 2 in the past 14 days","count_analysts_lower_earnings_est_next_qtr_14d_d1","2","DEU","{""id"":""model-revisions-models"",""name"":""Revisions Models""}","[]","MATRIX","TOP500","0"
"0","{""id"":""model"",""name"":""Model""}","0.6452","{""id"":""model26"",""name"":""Analyst Revisions""}","1","2026-07-01","1","Count of analysts who lowered their earnings estimates for fiscal quarter 2 (FQ2) in the past 30 days","count_analysts_lower_earnings_est_next_qtr_30d","2","DEU","{""id"":""model-revisions-models"",""name"":""Revisions Models""}","[]","MATRIX","TOP500","0"
"0","{""id"":""model"",""name"":""Model""}","0.6452","{""id"":""model26"",""name"":""Analyst Revisions""}","1","2026-07-01","1","Count of analysts who lowered their earnings estimates for fiscal quarter 2 (FQ2) in the past 7 days","count_analysts_lower_earnings_est_next_qtr_7d","2","DEU","{""id"":""model-revisions-models"",""name"":""Revisions Models""}","[]","MATRIX","TOP500","0"
"0","{""id"":""model"",""name"":""Model""}","0.6452","{""id"":""model26"",""name"":""Analyst Revisions""}","1","2026-07-01","1","Number of sell-side analysts who lowered their earnings estimate for Fiscal Quarter 2 in the past 7 days","count_analysts_lower_earnings_est_next_qtr_7d_d1","2","DEU","{""id"":""model-revisions-models"",""name"":""Revisions Models""}","[]","MATRIX","TOP500","0"
"0","{""id"":""model"",""name"":""Model""}","0.6452","{""id"":""model26"",""name"":""Analyst Revisions""}","1","2026-07-01","1","Count of analysts who lowered their earnings estimates for the current fiscal year (FY1) in the past 7 days","count_analysts_lower_earnings_est_year_7d","2","DEU","{""id"":""model-revisions-models"",""name"":""Revisions Models""}","[]","MATRIX","TOP500","0"
"0","{""id"":""model"",""name"":""Model""}","0.6452","{""id"":""model26"",""name"":""Analyst Revisions""}","1","2026-07-01","1","Count of analysts who lowered their EBITDA estimates for fiscal quarter 2 (FQ2) in the past 14 days","count_analysts_lower_ebitda_est_next_qtr_14d","2","DEU","{""id"":""model-revisions-models"",""name"":""Revisions Models""}","[]","MATRIX","TOP500","0"
"0","{""id"":""model"",""name"":""Model""}","0.6452","{""id"":""model26"",""name"":""Analyst Revisions""}","1","2026-07-01","1","Number of sell-side analysts who lowered their EBITDA estimate for Fiscal Quarter 2 in the past 14 days","count_analysts_lower_ebitda_est_next_qtr_14d_d1","2","DEU","{""id"":""model-revisions-models"",""name"":""Revisions Models""}","[]","MATRIX","TOP500","0"
"0","{""id"":""model"",""name"":""Model""}","0.6452","{""id"":""model26"",""name"":""Analyst Revisions""}","1","2026-07-01","1","Number of sell-side analysts who lowered their EBITDA estimate for Fiscal Quarter 2 in the past 30 days","count_analysts_lower_ebitda_est_next_qtr_30d_d1","2","DEU","{""id"":""model-revisions-models"",""name"":""Revisions Models""}","[]","MATRIX","TOP500","0"
"0","{""id"":""model"",""name"":""Model""}","0.6452","{""id"":""model26"",""name"":""Analyst Revisions""}","1","2026-07-01","1","Number of sell-side analysts who lowered their EBITDA estimate for Fiscal Quarter 2 in the past 7 days","count_analysts_lower_ebitda_est_next_qtr_7d_d1","2","DEU","{""id"":""model-revisions-models"",""name"":""Revisions Models""}","[]","MATRIX","TOP500","0"
"0","{""id"":""model"",""name"":""Model""}","0.6452","{""id"":""model26"",""name"":""Analyst Revisions""}","1","2026-07-01","1","Number of analysts revising down EBITDA estimates for Fiscal Quarter 1 over the past 14 days","count_analysts_lower_ebitda_est_qtr_14d_d1","2","DEU","{""id"":""model-revisions-models"",""name"":""Revisions Models""}","[]","MATRIX","TOP500","0"
"0","{""id"":""model"",""name"":""Model""}","0.6452","{""id"":""model26"",""name"":""Analyst Revisions""}","1","2026-07-01","1","Number of analysts revising down EBITDA estimates for Fiscal Quarter 1 over the past 30 days","count_analysts_lower_ebitda_est_qtr_30d_d1","2","DEU","{""id"":""model-revisions-models"",""name"":""Revisions Models""}","[]","MATRIX","TOP500","0"
"0","{""id"":""model"",""name"":""Model""}","0.6452","{""id"":""model26"",""name"":""Analyst Revisions""}","1","2026-07-01","1","Number of analysts revising down EBITDA estimates for Fiscal Quarter 1 over the past 7 days","count_analysts_lower_ebitda_est_qtr_7d_d1","2","DEU","{""id"":""model-revisions-models"",""name"":""Revisions Models""}","[]","MATRIX","TOP500","0"
"0","{""id"":""model"",""name"":""Model""}","0.6452","{""id"":""model26"",""name"":""Analyst Revisions""}","1","2026-07-01","1","Count of analysts who lowered their earnings estimates for the current fiscal year (FY1) in the past 30 days","count_analysts_lower_next_year_earnings_30d","2","DEU","{""id"":""model-revisions-models"",""name"":""Revisions Models""}","[]","MATRIX","TOP500","0"
"0","{""id"":""model"",""name"":""Model""}","0.6452","{""id"":""model26"",""name"":""Analyst Revisions""}","1","2026-07-01","1","Count of analysts who lowered their revenue estimates for the current fiscal year (FY1) in the past 14 days","count_analysts_lower_next_year_revenue_14d","2","DEU","{""id"":""model-revisions-models"",""name"":""Revisions Models""}","[]","MATRIX","TOP500","0"
"0","{""id"":""model"",""name"":""Model""}","0.6452","{""id"":""model26"",""name"":""Analyst Revisions""}","1","2026-07-01","1","Count of analysts who lowered their earnings estimates for fiscal quarter 2 (FQ2) in the past 14 days","count_analysts_lower_qtr2_earnings_14d","2","DEU","{""id"":""model-revisions-models"",""name"":""Revisions Models""}","[]","MATRIX","TOP500","0"
"0","{""id"":""model"",""name"":""Model""}","0.6452","{""id"":""model26"",""name"":""Analyst Revisions""}","1","2026-07-01","1","Count of analysts who lowered their EBITDA estimates for fiscal quarter 2 (FQ2) in the past 7 days","count_analysts_lower_qtr2_ebitda_7d","2","DEU","{""id"":""model-revisions-models"",""name"":""Revisions Models""}","[]","MATRIX","TOP500","0"
"0","{""id"":""model"",""name"":""Model""}","0.6452","{""id"":""model26"",""name"":""Analyst Revisions""}","1","2026-07-01","1","Count of analysts who lowered their revenue estimates for fiscal quarter 2 (FQ2) in the past 30 days","count_analysts_lower_qtr2_revenue_30d","2","DEU","{""id"":""model-revisions-models"",""name"":""Revisions Models""}","[]","MATRIX","TOP500","0"
"0","{""id"":""model"",""name"":""Model""}","0.6452","{""id"":""model26"",""name"":""Analyst Revisions""}","1","2026-07-01","1","Count of analysts who lowered their revenue estimates for fiscal quarter 2 (FQ2) in the past 7 days","count_analysts_lower_qtr2_revenue_7d","2","DEU","{""id"":""model-revisions-models"",""name"":""Revisions Models""}","[]","MATRIX","TOP500","0"
"0","{""id"":""model"",""name"":""Model""}","0.6452","{""id"":""model26"",""name"":""Analyst Revisions""}","1","2026-07-01","1","Count of analysts who lowered their revenue estimates for fiscal quarter 2 (FQ2) in the past 14 days","count_analysts_lower_revenue_est_next_qtr_14d","2","DEU","{""id"":""model-revisions-models"",""name"":""Revisions Models""}","[]","MATRIX","TOP500","0"
"0","{""id"":""model"",""name"":""Model""}","0.6452","{""id"":""model26"",""name"":""Analyst Revisions""}","1","2026-07-01","1","Number of sell-side analysts who lowered their revenue estimate for Fiscal Quarter 2 in the past 7 days","count_analysts_lower_revenue_est_next_qtr_7d_d1","2","DEU","{""id"":""model-revisions-models"",""name"":""Revisions Models""}","[]","MATRIX","TOP500","0"
"0","{""id"":""model"",""name"":""Model""}","0.6452","{""id"":""model26"",""name"":""Analyst Revisions""}","1","2026-07-01","1","Count of analysts who lowered their revenue estimates for the current fiscal year (FY1) in the past 7 days","count_analysts_lower_revenue_est_year_7d","2","DEU","{""id"":""model-revisions-models"",""name"":""Revisions Models""}","[]","MATRIX","TOP500","0"
"0","{""id"":""model"",""name"":""Model""}","0.6452","{""id"":""model26"",""name"":""Analyst Revisions""}","1","2026-07-01","1","Count of analysts who raised their Fiscal Quarter 1 earnings estimates over the last 14 days","count_analysts_raise_curr_qtr_earnings_14d","2","DEU","{""id"":""model-revisions-models"",""name"":""Revisions Models""}","[]","MATRIX","TOP500","0"
"0","{""id"":""model"",""name"":""Model""}","0.6452","{""id"":""model26"",""name"":""Analyst Revisions""}","1","2026-07-01","1","Count of analysts who raised Fiscal Quarter 1 EBITDA estimates over the past 14 days","count_analysts_raise_curr_qtr_ebitda_14d","2","DEU","{""id"":""model-revisions-models"",""name"":""Revisions Models""}","[]","MATRIX","TOP500","0"
"0","{""id"":""model"",""name"":""Model""}","0.6452","{""id"":""model26"",""name"":""Analyst Revisions""}","1","2026-07-01","1","Number of analysts who raised their FQ1 EBITDA estimates in the last 30 days","count_analysts_raise_curr_qtr_ebitda_30d","2","DEU","{""id"":""model-revisions-models"",""name"":""Revisions Models""}","[]","MATRIX","TOP500","0"
"0","{""id"":""model"",""name"":""Model""}","0.6452","{""id"":""model26"",""name"":""Analyst Revisions""}","1","2026-07-01","1","Number of analysts who raised their Fiscal Quarter 2 earnings estimates in the past 14 days","count_analysts_raise_earnings_est_next_qtr_14d","2","DEU","{""id"":""model-revisions-models"",""name"":""Revisions Models""}","[]","MATRIX","TOP500","0"
"0","{""id"":""model"",""name"":""Model""}","0.6452","{""id"":""model26"",""name"":""Analyst Revisions""}","1","2026-07-01","1","Number of analysts who raised their Fiscal Quarter 2 earnings estimates in the past 30 days","count_analysts_raise_earnings_est_next_qtr_30d_d1","2","DEU","{""id"":""model-revisions-models"",""name"":""Revisions Models""}","[]","MATRIX","TOP500","0"
"0","{""id"":""model"",""name"":""Model""}","0.6452","{""id"":""model26"",""name"":""Analyst Revisions""}","1","2026-07-01","1","Number of analysts who raised their Fiscal Quarter 2 earnings estimates in the past 7 days","count_analysts_raise_earnings_est_next_qtr_7d_d1","2","DEU","{""id"":""model-revisions-models"",""name"":""Revisions Models""}","[]","MATRIX","TOP500","0"
"0","{""id"":""model"",""name"":""Model""}","0.6452","{""id"":""model26"",""name"":""Analyst Revisions""}","1","2026-07-01","1","Number of analysts who raised their Fiscal Quarter 1 earnings estimates in the past 14 days","count_analysts_raise_earnings_est_qtr_14d_d1","2","DEU","{""id"":""model-revisions-models"",""name"":""Revisions Models""}","[]","MATRIX","TOP500","0"
"0","{""id"":""model"",""name"":""Model""}","0.6452","{""id"":""model26"",""name"":""Analyst Revisions""}","1","2026-07-01","1","Number of analysts revising up earnings estimates for Fiscal Quarter 1 over the last 7 days","count_analysts_raise_earnings_est_qtr_7d","2","DEU","{""id"":""model-revisions-models"",""name"":""Revisions Models""}","[]","MATRIX","TOP500","0"
"0","{""id"":""model"",""name"":""Model""}","0.6452","{""id"":""model26"",""name"":""Analyst Revisions""}","1","2026-07-01","1","Number of analysts who raised their Fiscal Quarter 1 earnings estimates in the past 7 days","count_analysts_raise_earnings_est_qtr_7d_d1","2","DEU","{""id"":""model-revisions-models"",""name"":""Revisions Models""}","[]","MATRIX","TOP500","0"
"0","{""id"":""model"",""name"":""Model""}","0.6452","{""id"":""model26"",""name"":""Analyst Revisions""}","1","2026-07-01","1","Count of analysts who raised Fiscal Quarter 1 EBITDA estimates over the past 7 days","count_analysts_raise_ebitda_est_7d","2","DEU","{""id"":""model-revisions-models"",""name"":""Revisions Models""}","[]","MATRIX","TOP500","0"
"0","{""id"":""model"",""name"":""Model""}","0.6452","{""id"":""model26"",""name"":""Analyst Revisions""}","1","2026-07-01","1","Number of analysts revising up EBITDA estimates for Fiscal Quarter 2 over the past 14 days","count_analysts_raise_ebitda_est_next_qtr_14d_d1","2","DEU","{""id"":""model-revisions-models"",""name"":""Revisions Models""}","[]","MATRIX","TOP500","0"
"0","{""id"":""model"",""name"":""Model""}","0.6452","{""id"":""model26"",""name"":""Analyst Revisions""}","1","2026-07-01","1","Number of analysts who raised Fiscal Quarter 2 EBITDA estimates in the past 30 days","count_analysts_raise_ebitda_est_next_qtr_30d","2","DEU","{""id"":""model-revisions-models"",""name"":""Revisions Models""}","[]","MATRIX","TOP500","0"
"0","{""id"":""model"",""name"":""Model""}","0.6452","{""id"":""model26"",""name"":""Analyst Revisions""}","1","2026-07-01","1","Number of analysts revising up EBITDA estimates for Fiscal Quarter 2 over the past 30 days","count_analysts_raise_ebitda_est_next_qtr_30d_d1","2","DEU","{""id"":""model-revisions-models"",""name"":""Revisions Models""}","[]","MATRIX","TOP500","0"
"0","{""id"":""model"",""name"":""Model""}","0.6452","{""id"":""model26"",""name"":""Analyst Revisions""}","1","2026-07-01","1","Count of analysts who raised Fiscal Quarter 2 EBITDA estimates over the past 7 days","count_analysts_raise_ebitda_est_next_qtr_7d","2","DEU","{""id"":""model-revisions-models"",""name"":""Revisions Models""}","[]","MATRIX","TOP500","0"
"0","{""id"":""model"",""name"":""Model""}","0.6452","{""id"":""model26"",""name"":""Analyst Revisions""}","1","2026-07-01","1","Number of analysts revising up EBITDA estimates for Fiscal Quarter 2 over the past 7 days","count_analysts_raise_ebitda_est_next_qtr_7d_d1","2","DEU","{""id"":""model-revisions-models"",""name"":""Revisions Models""}","[]","MATRIX","TOP500","0"
"0","{""id"":""model"",""name"":""Model""}","0.6452","{""id"":""model26"",""name"":""Analyst Revisions""}","1","2026-07-01","1","Number of analysts who raised their Fiscal Quarter 1 EBITDA estimates in the past 14 days","count_analysts_raise_ebitda_est_qtr_14d_d1","2","DEU","{""id"":""model-revisions-models"",""name"":""Revisions Models""}","[]","MATRIX","TOP500","0"
"0","{""id"":""model"",""name"":""Model""}","0.6452","{""id"":""model26"",""name"":""Analyst Revisions""}","1","2026-07-01","1","Number of analysts who raised their Fiscal Quarter 1 EBITDA estimates in the past 30 days","count_analysts_raise_ebitda_est_qtr_30d_d1","2","DEU","{""id"":""model-revisions-models"",""name"":""Revisions Models""}","[]","MATRIX","TOP500","0"
"0","{""id"":""model"",""name"":""Model""}","0.6452","{""id"":""model26"",""name"":""Analyst Revisions""}","1","2026-07-01","1","Number of analysts who raised their Fiscal Quarter 1 EBITDA estimates in the past 7 days","count_analysts_raise_ebitda_est_qtr_7d_d1","2","DEU","{""id"":""model-revisions-models"",""name"":""Revisions Models""}","[]","MATRIX","TOP500","0"
"0","{""id"":""model"",""name"":""Model""}","0.6452","{""id"":""model26"",""name"":""Analyst Revisions""}","1","2026-07-01","1","Count of analysts who raised their earnings estimates for Fiscal Year 1 (FY1) in the past 30 calendar days","count_analysts_raise_next_year_earnings_30d","2","DEU","{""id"":""model-revisions-models"",""name"":""Revisions Models""}","[]","MATRIX","TOP500","0"
"0","{""id"":""model"",""name"":""Model""}","0.6452","{""id"":""model26"",""name"":""Analyst Revisions""}","1","2026-07-01","1","Count of analysts who raised Fiscal Year 1 EBITDA estimates over the past 30 days","count_analysts_raise_next_year_ebitda_30d","2","DEU","{""id"":""model-revisions-models"",""name"":""Revisions Models""}","[]","MATRIX","TOP500","0"
"0","{""id"":""model"",""name"":""Model""}","0.6452","{""id"":""model26"",""name"":""Analyst Revisions""}","1","2026-07-01","1","Number of analysts who revised up FY1 EBITDA estimates in the last 7 days","count_analysts_raise_next_year_ebitda_7d","2","DEU","{""id"":""model-revisions-models"",""name"":""Revisions Models""}","[]","MATRIX","TOP500","0"
"0","{""id"":""model"",""name"":""Model""}","0.6452","{""id"":""model26"",""name"":""Analyst Revisions""}","1","2026-07-01","1","Number of analysts who raised their FY1 revenue estimates over the last 30 days","count_analysts_raise_next_year_revenue_30d","2","DEU","{""id"":""model-revisions-models"",""name"":""Revisions Models""}","[]","MATRIX","TOP500","0"
"0","{""id"":""model"",""name"":""Model""}","0.6452","{""id"":""model26"",""name"":""Analyst Revisions""}","1","2026-07-01","1","Number of analysts who revised up Fiscal Quarter 2 earnings estimates over the last 14 days","count_analysts_raise_qtr2_earnings_14d","2","DEU","{""id"":""model-revisions-models"",""name"":""Revisions Models""}","[]","MATRIX","TOP500","0"
"0","{""id"":""model"",""name"":""Model""}","0.6452","{""id"":""model26"",""name"":""Analyst Revisions""}","1","2026-07-01","1","Number of analysts revising up earnings estimates for Fiscal Quarter 2 over the last 7 days","count_analysts_raise_qtr2_earnings_7d","2","DEU","{""id"":""model-revisions-models"",""name"":""Revisions Models""}","[]","MATRIX","TOP500","0"
"0","{""id"":""model"",""name"":""Model""}","0.6452","{""id"":""model26"",""name"":""Analyst Revisions""}","1","2026-07-01","1","Number of analysts who revised up FQ2 revenue estimates in the last 14 days","count_analysts_raise_revenue_est_next_qtr_14d","2","DEU","{""id"":""model-revisions-models"",""name"":""Revisions Models""}","[]","MATRIX","TOP500","0"
"0","{""id"":""model"",""name"":""Model""}","0.6452","{""id"":""model26"",""name"":""Analyst Revisions""}","1","2026-07-01","1","Number of analysts revising up revenue estimates for Fiscal Quarter 2 over the past 14 days","count_analysts_raise_revenue_est_next_qtr_14d_d1","2","DEU","{""id"":""model-revisions-models"",""name"":""Revisions Models""}","[]","MATRIX","TOP500","0"
"0","{""id"":""model"",""name"":""Model""}","0.6452","{""id"":""model26"",""name"":""Analyst Revisions""}","1","2026-07-01","1","Number of analysts revising up revenue estimates for Fiscal Quarter 2 over the past 30 days","count_analysts_raise_revenue_est_next_qtr_30d_d1","2","DEU","{""id"":""model-revisions-models"",""name"":""Revisions Models""}","[]","MATRIX","TOP500","0"
"0","{""id"":""model"",""name"":""Model""}","0.6452","{""id"":""model26"",""name"":""Analyst Revisions""}","1","2026-07-01","1","Number of analysts revising up revenue estimates for Fiscal Quarter 2 over the past 7 days","count_analysts_raise_revenue_est_next_qtr_7d_d1","2","DEU","{""id"":""model-revisions-models"",""name"":""Revisions Models""}","[]","MATRIX","TOP500","0"
"0","{""id"":""model"",""name"":""Model""}","0.6452","{""id"":""model26"",""name"":""Analyst Revisions""}","1","2026-07-01","1","Number of analysts who raised Fiscal Quarter 1 revenue estimates in the past 30 days","count_analysts_raise_revenue_est_qtr_30d","2","DEU","{""id"":""model-revisions-models"",""name"":""Revisions Models""}","[]","MATRIX","TOP500","0"
"0","{""id"":""model"",""name"":""Model""}","0.6452","{""id"":""model26"",""name"":""Analyst Revisions""}","1","2026-07-01","1","Count of analysts who raised their earnings estimates for Fiscal Year 2 (FY2) in the past 30 calendar days","count_analysts_raise_year2_earnings_30d","2","DEU","{""id"":""model-revisions-models"",""name"":""Revisions Models""}","[]","MATRIX","TOP500","0"
"0","{""id"":""model"",""name"":""Model""}","0.6452","{""id"":""model26"",""name"":""Analyst Revisions""}","1","2026-07-01","1","Number of analysts revising up earnings estimates for Fiscal Year 2 over the last 7 days","count_analysts_raise_year2_earnings_7d","2","DEU","{""id"":""model-revisions-models"",""name"":""Revisions Models""}","[]","MATRIX","TOP500","0"
"0","{""id"":""model"",""name"":""Model""}","0.6452","{""id"":""model26"",""name"":""Analyst Revisions""}","1","2026-07-01","1","Number of analysts who raised their FY2 EBITDA estimates over the last 7 days","count_analysts_raise_year2_ebitda_7d","2","DEU","{""id"":""model-revisions-models"",""name"":""Revisions Models""}","[]","MATRIX","TOP500","0"
"0","{""id"":""model"",""name"":""Model""}","0.6452","{""id"":""model26"",""name"":""Analyst Revisions""}","1","2026-07-01","1","Number of analysts who raised FY2 revenue estimates in the past 14 days","count_analysts_raise_year2_revenue_14d","2","DEU","{""id"":""model-revisions-models"",""name"":""Revisions Models""}","[]","MATRIX","TOP500","0"
"0","{""id"":""model"",""name"":""Model""}","0.6452","{""id"":""model26"",""name"":""Analyst Revisions""}","1","2026-07-01","1","Number of analysts who revised up Fiscal Year 2 revenue estimates over the last 30 days","count_analysts_raise_year2_revenue_30d","2","DEU","{""id"":""model-revisions-models"",""name"":""Revisions Models""}","[]","MATRIX","TOP500","0"
"0","{""id"":""model"",""name"":""Model""}","0.6452","{""id"":""model26"",""name"":""Analyst Revisions""}","1","2026-07-01","1","Count of analysts who lowered their EBITDA estimates for fiscal quarter 2 (FQ2) in the past 30 days","count_analyst_downward_revision_next_quarter_ebitda_30d","2","DEU","{""id"":""model-revisions-models"",""name"":""Revisions Models""}","[]","MATRIX","TOP500","0"
"0","{""id"":""model"",""name"":""Model""}","0.6452","{""id"":""model26"",""name"":""Analyst Revisions""}","1","2026-07-01","1","Number of analysts lowering FQ1 earnings estimates in the past 14 days","count_analyst_downward_revision_quarter_earnings_14d","2","DEU","{""id"":""model-revisions-models"",""name"":""Revisions Models""}","[]","MATRIX","TOP500","0"
"0","{""id"":""model"",""name"":""Model""}","0.6452","{""id"":""model26"",""name"":""Analyst Revisions""}","1","2026-07-01","1","Count of analysts who lowered their FQ1 EBITDA estimates in the past 14 days","count_analyst_downward_revision_quarter_ebitda_14d","2","DEU","{""id"":""model-revisions-models"",""name"":""Revisions Models""}","[]","MATRIX","TOP500","0"
"0","{""id"":""model"",""name"":""Model""}","0.6452","{""id"":""model26"",""name"":""Analyst Revisions""}","1","2026-07-01","1","Count of analysts who lowered Fiscal Quarter 1 EBITDA estimates over the past 7 days","count_analyst_downward_revision_quarter_ebitda_7d","2","DEU","{""id"":""model-revisions-models"",""name"":""Revisions Models""}","[]","MATRIX","TOP500","0"
"0","{""id"":""model"",""name"":""Model""}","0.6452","{""id"":""model26"",""name"":""Analyst Revisions""}","1","2026-07-01","1","Count of analysts who lowered their revenue estimates for the next fiscal quarter (FQ1) in the past 30 days","count_analyst_downward_revision_quarter_revenue_30d","2","DEU","{""id"":""model-revisions-models"",""name"":""Revisions Models""}","[]","MATRIX","TOP500","0"
"0","{""id"":""model"",""name"":""Model""}","0.6452","{""id"":""model26"",""name"":""Analyst Revisions""}","1","2026-07-01","1","Count of analysts who lowered their revenue estimates for the next fiscal quarter (FQ1) in the past 7 days","count_analyst_downward_revision_quarter_revenue_7d","2","DEU","{""id"":""model-revisions-models"",""name"":""Revisions Models""}","[]","MATRIX","TOP500","0"
"0","{""id"":""model"",""name"":""Model""}","0.6452","{""id"":""model26"",""name"":""Analyst Revisions""}","1","2026-07-01","1","Count of analysts who lowered their EBITDA estimates for the current fiscal year (FY1) in the past 30 days","count_analyst_downward_revision_year_ebitda_30d","2","DEU","{""id"":""model-revisions-models"",""name"":""Revisions Models""}","[]","MATRIX","TOP500","0"
"0","{""id"":""model"",""name"":""Model""}","0.6452","{""id"":""model26"",""name"":""Analyst Revisions""}","1","2026-07-01","1","Count of analysts who lowered their EBITDA estimates for the current fiscal year (FY1) in the past 7 days","count_analyst_downward_revision_year_ebitda_7d","2","DEU","{""id"":""model-revisions-models"",""name"":""Revisions Models""}","[]","MATRIX","TOP500","0"
"0","{""id"":""model"",""name"":""Model""}","0.6452","{""id"":""model26"",""name"":""Analyst Revisions""}","1","2026-07-01","1","Count of analysts who lowered their revenue estimates for the current fiscal year (FY1) in the past 30 days","count_analyst_downward_revision_year_revenue_30d","2","DEU","{""id"":""model-revisions-models"",""name"":""Revisions Models""}","[]","MATRIX","TOP500","0"
"0","{""id"":""model"",""name"":""Model""}","0.6452","{""id"":""model26"",""name"":""Analyst Revisions""}","1","2026-07-01","1","Number of analyst recommendation downgrades over the past 14 days","count_analyst_recommendation_downgrades_14d","2","DEU","{""id"":""model-revisions-models"",""name"":""Revisions Models""}","[]","MATRIX","TOP500","0"
"0","{""id"":""model"",""name"":""Model""}","0.6452","{""id"":""model26"",""name"":""Analyst Revisions""}","1","2026-07-01","1","Number of analyst recommendation downgrades over the past 30 days","count_analyst_recommendation_downgrades_30d","2","DEU","{""id"":""model-revisions-models"",""name"":""Revisions Models""}","[]","MATRIX","TOP500","0"
"0","{""id"":""model"",""name"":""Model""}","0.6452","{""id"":""model26"",""name"":""Analyst Revisions""}","1","2026-07-01","1","Number of analyst recommendation downgrades over the past 60 days","count_analyst_recommendation_downgrades_60d","2","DEU","{""id"":""model-revisions-models"",""name"":""Revisions Models""}","[]","MATRIX","TOP500","0"
"0","{""id"":""model"",""name"":""Model""}","0.6452","{""id"":""model26"",""name"":""Analyst Revisions""}","1","2026-07-01","1","Number of analyst recommendation downgrades over the past 7 days","count_analyst_recommendation_downgrades_7d","2","DEU","{""id"":""model-revisions-models"",""name"":""Revisions Models""}","[]","MATRIX","TOP500","0"
"0","{""id"":""model"",""name"":""Model""}","0.6452","{""id"":""model26"",""name"":""Analyst Revisions""}","1","2026-07-01","1","Number of analyst recommendation downgrades over the past 90 days","count_analyst_recommendation_downgrades_90d","2","DEU","{""id"":""model-revisions-models"",""name"":""Revisions Models""}","[]","MATRIX","TOP500","0"
"0","{""id"":""model"",""name"":""Model""}","0.6452","{""id"":""model26"",""name"":""Analyst Revisions""}","1","2026-07-01","1","Number of analyst recommendation upgrades over the past 14 days","count_analyst_recommendation_upgrades_14d","2","DEU","{""id"":""model-revisions-models"",""name"":""Revisions Models""}","[]","MATRIX","TOP500","0"
"0","{""id"":""model"",""name"":""Model""}","0.6452","{""id"":""model26"",""name"":""Analyst Revisions""}","1","2026-07-01","1","Number of analyst recommendation upgrades over the past 60 days","count_analyst_recommendation_upgrades_60d","2","DEU","{""id"":""model-revisions-models"",""name"":""Revisions Models""}","[]","MATRIX","TOP500","0"
"0","{""id"":""model"",""name"":""Model""}","0.6452","{""id"":""model26"",""name"":""Analyst Revisions""}","1","2026-07-01","1","Number of analyst recommendation upgrades over the past 7 days","count_analyst_recommendation_upgrades_7d","2","DEU","{""id"":""model-revisions-models"",""name"":""Revisions Models""}","[]","MATRIX","TOP500","0"
"0","{""id"":""model"",""name"":""Model""}","0.6452","{""id"":""model26"",""name"":""Analyst Revisions""}","1","2026-07-01","1","Number of analyst recommendation upgrades over the past 90 days","count_analyst_recommendation_upgrades_90d","2","DEU","{""id"":""model-revisions-models"",""name"":""Revisions Models""}","[]","MATRIX","TOP500","0"
"0","{""id"":""model"",""name"":""Model""}","0.6452","{""id"":""model26"",""name"":""Analyst Revisions""}","1","2026-07-01","1","Number of analysts who revised up FQ2 EBITDA estimates in the last 14 days","count_analyst_upward_revision_next_quarter_ebitda_14d","2","DEU","{""id"":""model-revisions-models"",""name"":""Revisions Models""}","[]","MATRIX","TOP500","0"
"0","{""id"":""model"",""name"":""Model""}","0.6452","{""id"":""model26"",""name"":""Analyst Revisions""}","1","2026-07-01","1","Number of analysts who raised FQ2 revenue estimates in the past 30 days","count_analyst_upward_revision_next_quarter_revenue_30d","2","DEU","{""id"":""model-revisions-models"",""name"":""Revisions Models""}","[]","MATRIX","TOP500","0"
"0","{""id"":""model"",""name"":""Model""}","0.6452","{""id"":""model26"",""name"":""Analyst Revisions""}","1","2026-07-01","1","Number of analysts raising FQ2 revenue estimates in the past 7 days","count_analyst_upward_revision_next_quarter_revenue_7d","2","DEU","{""id"":""model-revisions-models"",""name"":""Revisions Models""}","[]","MATRIX","TOP500","0"
"0","{""id"":""model"",""name"":""Model""}","0.6452","{""id"":""model26"",""name"":""Analyst Revisions""}","1","2026-07-01","1","Count of analysts who raised Fiscal Year 2 earnings estimates over the past 14 days","count_analyst_upward_revision_next_year_earnings_14d","2","DEU","{""id"":""model-revisions-models"",""name"":""Revisions Models""}","[]","MATRIX","TOP500","0"
"0","{""id"":""model"",""name"":""Model""}","0.6452","{""id"":""model26"",""name"":""Analyst Revisions""}","1","2026-07-01","1","Number of analysts revising up EBITDA estimates for Fiscal Year 2 over the last 30 days","count_analyst_upward_revision_next_year_ebitda_30d","2","DEU","{""id"":""model-revisions-models"",""name"":""Revisions Models""}","[]","MATRIX","TOP500","0"
"0","{""id"":""model"",""name"":""Model""}","0.6452","{""id"":""model26"",""name"":""Analyst Revisions""}","1","2026-07-01","1","Number of analysts who revised up Fiscal Year 2 revenue estimates over the last 7 days","count_analyst_upward_revision_next_year_revenue_7d","2","DEU","{""id"":""model-revisions-models"",""name"":""Revisions Models""}","[]","MATRIX","TOP500","0"
"0","{""id"":""model"",""name"":""Model""}","0.6452","{""id"":""model26"",""name"":""Analyst Revisions""}","1","2026-07-01","1","Number of analysts who raised Fiscal Quarter 1 earnings estimates in the last 30 days","count_analyst_upward_revision_quarter_earnings_30d","2","DEU","{""id"":""model-revisions-models"",""name"":""Revisions Models""}","[]","MATRIX","TOP500","0"
"0","{""id"":""model"",""name"":""Model""}","0.6452","{""id"":""model26"",""name"":""Analyst Revisions""}","1","2026-07-01","1","Number of analysts who raised their FQ1 revenue estimates over the last 14 days","count_analyst_upward_revision_quarter_revenue_14d","2","DEU","{""id"":""model-revisions-models"",""name"":""Revisions Models""}","[]","MATRIX","TOP500","0"
"0","{""id"":""model"",""name"":""Model""}","0.6452","{""id"":""model26"",""name"":""Analyst Revisions""}","1","2026-07-01","1","Count of analysts who raised Fiscal Quarter 1 revenue estimates over the past 7 days","count_analyst_upward_revision_quarter_revenue_7d","2","DEU","{""id"":""model-revisions-models"",""name"":""Revisions Models""}","[]","MATRIX","TOP500","0"
"0","{""id"":""model"",""name"":""Model""}","0.6452","{""id"":""model26"",""name"":""Analyst Revisions""}","1","2026-07-01","1","Count of analysts who raised their Fiscal Year 1 earnings estimates over the last 14 days","count_analyst_upward_revision_year_earnings_14d","2","DEU","{""id"":""model-revisions-models"",""name"":""Revisions Models""}","[]","MATRIX","TOP500","0"
"0","{""id"":""model"",""name"":""Model""}","0.6452","{""id"":""model26"",""name"":""Analyst Revisions""}","1","2026-07-01","1","Number of analysts who raised their FY1 earnings estimates in the last 7 days","count_analyst_upward_revision_year_earnings_7d","2","DEU","{""id"":""model-revisions-models"",""name"":""Revisions Models""}","[]","MATRIX","TOP500","0"
"0","{""id"":""model"",""name"":""Model""}","0.6452","{""id"":""model26"",""name"":""Analyst Revisions""}","1","2026-07-01","1","Number of analysts raising FY1 EBITDA estimates in the past 14 days","count_analyst_upward_revision_year_ebitda_14d","2","DEU","{""id"":""model-revisions-models"",""name"":""Revisions Models""}","[]","MATRIX","TOP500","0"
"0","{""id"":""model"",""name"":""Model""}","0.6452","{""id"":""model26"",""name"":""Analyst Revisions""}","1","2026-07-01","1","Count of analysts who raised their FY1 revenue estimates in the past 14 days","count_analyst_upward_revision_year_revenue_14d","2","DEU","{""id"":""model-revisions-models"",""name"":""Revisions Models""}","[]","MATRIX","TOP500","0"
"0","{""id"":""model"",""name"":""Model""}","0.6452","{""id"":""model26"",""name"":""Analyst Revisions""}","1","2026-07-01","1","Number of analysts who revised up Fiscal Year 1 revenue estimates over the last 7 days","count_analyst_upward_revision_year_revenue_7d","2","DEU","{""id"":""model-revisions-models"",""name"":""Revisions Models""}","[]","MATRIX","TOP500","0"
"0","{""id"":""model"",""name"":""Model""}","0.6379","{""id"":""model26"",""name"":""Analyst Revisions""}","1","2026-07-01","1","Earnings yield percentage based on the StarMine SmartEstimate for the next 12 months","earnings_to_price_yield_smartest_12m","2","DEU","{""id"":""model-revisions-models"",""name"":""Revisions Models""}","[]","MATRIX","TOP500","0"
"0","{""id"":""model"",""name"":""Model""}","0.6367","{""id"":""model26"",""name"":""Analyst Revisions""}","1","2026-07-01","1","Earnings-to-price yield percentage based on SmartEstimate for Fiscal Year 1","earnings_to_price_yield_smartest_next_year","2","DEU","{""id"":""model-revisions-models"",""name"":""Revisions Models""}","[]","MATRIX","TOP500","0"
"0","{""id"":""model"",""name"":""Model""}","0.6366","{""id"":""model26"",""name"":""Analyst Revisions""}","1","2026-07-01","1","Earnings-to-Price yield percentage based on StarMine SmartEstimate for Fiscal Year 2","earnings_to_price_yield_smartest_year2","2","DEU","{""id"":""model-revisions-models"",""name"":""Revisions Models""}","[]","MATRIX","TOP500","0"
"0","{""id"":""model"",""name"":""Model""}","0.6354","{""id"":""model26"",""name"":""Analyst Revisions""}","1","2026-07-01","1","Difference between the SmartEstimate and the mean consensus for forward 12 months earnings","expected_surprise_forward_earnings_12m","2","DEU","{""id"":""model-revisions-models"",""name"":""Revisions Models""}","[]","MATRIX","TOP500","0"
"0","{""id"":""model"",""name"":""Model""}","0.6075","{""id"":""model26"",""name"":""Analyst Revisions""}","1","2026-07-01","1","Difference between the SmartEstimate and the mean consensus for forward 12 months EBITDA","expected_surprise_forward_ebitda_12m","2","DEU","{""id"":""model-revisions-models"",""name"":""Revisions Models""}","[]","MATRIX","TOP500","0"
"0","{""id"":""model"",""name"":""Model""}","0.2678","{""id"":""model26"",""name"":""Analyst Revisions""}","1","2026-07-01","1","StarMine predicted earnings surprise amount for Fiscal Quarter 2","expected_surprise_next_quarter_earnings","2","DEU","{""id"":""model-revisions-models"",""name"":""Revisions Models""}","[]","MATRIX","TOP500","0"
"0","{""id"":""model"",""name"":""Model""}","0.2073","{""id"":""model26"",""name"":""Analyst Revisions""}","1","2026-07-01","1","StarMine predicted EBITDA surprise amount for Fiscal Quarter 2","expected_surprise_next_quarter_ebitda","2","DEU","{""id"":""model-revisions-models"",""name"":""Revisions Models""}","[]","MATRIX","TOP500","0"
"0","{""id"":""model"",""name"":""Model""}","0.3623","{""id"":""model26"",""name"":""Analyst Revisions""}","1","2026-07-01","1","StarMine predicted earnings surprise amount for FQ1 (SmartEstimate minus consensus mean)","expected_surprise_quarter_earnings","2","DEU","{""id"":""model-revisions-models"",""name"":""Revisions Models""}","[]","MATRIX","TOP500","0"
"0","{""id"":""model"",""name"":""Model""}","0.4371","{""id"":""model26"",""name"":""Analyst Revisions""}","1","2026-07-01","1","StarMine predicted revenue surprise amount for Fiscal Quarter 1","expected_surprise_quarter_revenue","2","DEU","{""id"":""model-revisions-models"",""name"":""Revisions Models""}","[]","MATRIX","TOP500","0"
"0","{""id"":""model"",""name"":""Model""}","0.6369","{""id"":""model26"",""name"":""Analyst Revisions""}","1","2026-07-01","1","StarMine predicted earnings surprise amount for Fiscal Year 1","expected_surprise_year_earnings","2","DEU","{""id"":""model-revisions-models"",""name"":""Revisions Models""}","[]","MATRIX","TOP500","0"
"0","{""id"":""model"",""name"":""Model""}","0.6101","{""id"":""model26"",""name"":""Analyst Revisions""}","1","2026-07-01","1","Difference between the SmartEstimate and the mean consensus for Fiscal Year 1 EBITDA","expected_surprise_year_ebitda","2","DEU","{""id"":""model-revisions-models"",""name"":""Revisions Models""}","[]","MATRIX","TOP500","0"
"0","{""id"":""model"",""name"":""Model""}","0.6323","{""id"":""model26"",""name"":""Analyst Revisions""}","1","2026-07-01","1","StarMine predicted revenue surprise amount for forward 12 months","forecasted_surprise_12m_revenue","2","DEU","{""id"":""model-revisions-models"",""name"":""Revisions Models""}","[]","MATRIX","TOP500","0"
"0","{""id"":""model"",""name"":""Model""}","0.2902","{""id"":""model26"",""name"":""Analyst Revisions""}","1","2026-07-01","1","StarMine predicted revenue surprise amount for Fiscal Quarter 2 (SmartEstimate minus mean consensus)","forecasted_surprise_curr_qtr2_revenue","2","DEU","{""id"":""model-revisions-models"",""name"":""Revisions Models""}","[]","MATRIX","TOP500","0"
"0","{""id"":""model"",""name"":""Model""}","0.6367","{""id"":""model26"",""name"":""Analyst Revisions""}","1","2026-07-01","1","StarMine predicted earnings surprise amount for fiscal year 2 (SmartEstimate minus consensus mean)","forecasted_surprise_earnings_next_year","2","DEU","{""id"":""model-revisions-models"",""name"":""Revisions Models""}","[]","MATRIX","TOP500","0"
"0","{""id"":""model"",""name"":""Model""}","0.3169","{""id"":""model26"",""name"":""Analyst Revisions""}","1","2026-07-01","1","StarMine predicted EBITDA surprise amount for Fiscal Quarter 1 (SmartEstimate minus mean consensus)","forecasted_surprise_ebitda_qtr","2","DEU","{""id"":""model-revisions-models"",""name"":""Revisions Models""}","[]","MATRIX","TOP500","0"
"0","{""id"":""model"",""name"":""Model""}","0.6323","{""id"":""model26"",""name"":""Analyst Revisions""}","1","2026-07-01","1","StarMine predicted percentage revenue surprise for the next 12 months","forecasted_surprise_pct_12m_revenue","2","DEU","{""id"":""model-revisions-models"",""name"":""Revisions Models""}","[]","MATRIX","TOP500","0"
"0","{""id"":""model"",""name"":""Model""}","0.3169","{""id"":""model26"",""name"":""Analyst Revisions""}","1","2026-07-01","1","StarMine predicted percentage EBITDA surprise for Fiscal Quarter 1","forecasted_surprise_pct_curr_qtr_ebitda","2","DEU","{""id"":""model-revisions-models"",""name"":""Revisions Models""}","[]","MATRIX","TOP500","0"
"0","{""id"":""model"",""name"":""Model""}","0.6354","{""id"":""model26"",""name"":""Analyst Revisions""}","1","2026-07-01","1","Predicted surprise percentage for trailing 12 months earnings (actual minus predicted)","forecasted_surprise_pct_earnings_12m","2","DEU","{""id"":""model-revisions-models"",""name"":""Revisions Models""}","[]","MATRIX","TOP500","0"
"0","{""id"":""model"",""name"":""Model""}","0.3623","{""id"":""model26"",""name"":""Analyst Revisions""}","1","2026-07-01","1","StarMine predicted percentage earnings surprise for FQ1 (SmartEstimate vs mean)","forecasted_surprise_pct_earnings_qtr","2","DEU","{""id"":""model-revisions-models"",""name"":""Revisions Models""}","[]","MATRIX","TOP500","0"
"0","{""id"":""model"",""name"":""Model""}","0.6075","{""id"":""model26"",""name"":""Analyst Revisions""}","1","2026-07-01","1","StarMine predicted percentage EBITDA surprise for the next 12 months (F12M)","forecasted_surprise_pct_ebitda_12m","2","DEU","{""id"":""model-revisions-models"",""name"":""Revisions Models""}","[]","MATRIX","TOP500","0"
"0","{""id"":""model"",""name"":""Model""}","0.6369","{""id"":""model26"",""name"":""Analyst Revisions""}","1","2026-07-01","1","Percentage difference between the SmartEstimate and the mean consensus for Fiscal Year 1 earnings","forecasted_surprise_pct_next_year_earnings","2","DEU","{""id"":""model-revisions-models"",""name"":""Revisions Models""}","[]","MATRIX","TOP500","0"
"0","{""id"":""model"",""name"":""Model""}","0.2902","{""id"":""model26"",""name"":""Analyst Revisions""}","1","2026-07-01","1","StarMine predicted percentage revenue surprise for Fiscal Quarter 2","forecasted_surprise_pct_qtr2_revenue","2","DEU","{""id"":""model-revisions-models"",""name"":""Revisions Models""}","[]","MATRIX","TOP500","0"
"0","{""id"":""model"",""name"":""Model""}","0.634","{""id"":""model26"",""name"":""Analyst Revisions""}","1","2026-07-01","1","Predicted percentage revenue surprise for Fiscal Year 2, i.e., SmartEstimate versus mean consensus as a percent of the mean","forecasted_surprise_pct_year2_revenue","2","DEU","{""id"":""model-revisions-models"",""name"":""Revisions Models""}","[]","MATRIX","TOP500","0"
"0","{""id"":""model"",""name"":""Model""}","0.634","{""id"":""model26"",""name"":""Analyst Revisions""}","1","2026-07-01","1","StarMine predicted revenue surprise amount for Fiscal Year 2","forecasted_surprise_year2_revenue","2","DEU","{""id"":""model-revisions-models"",""name"":""Revisions Models""}","[]","MATRIX","TOP500","0"
"0","{""id"":""model"",""name"":""Model""}","0.6135","{""id"":""model26"",""name"":""Analyst Revisions""}","1","2026-07-01","1","Forward price-to-earnings ratio based on mean analyst estimates for the next 12 months (F12M)","forward_pe_ratio_mean_12m","2","DEU","{""id"":""model-revisions-models"",""name"":""Revisions Models""}","[]","MATRIX","TOP500","0"
"0","{""id"":""model"",""name"":""Model""}","0.5983","{""id"":""model26"",""name"":""Analyst Revisions""}","1","2026-07-01","1","Forward price-to-earnings ratio based on mean analyst estimates for Fiscal Year 1","forward_pe_ratio_mean_year","2","DEU","{""id"":""model-revisions-models"",""name"":""Revisions Models""}","[]","MATRIX","TOP500","0"
"0","{""id"":""model"",""name"":""Model""}","0.6194","{""id"":""model26"",""name"":""Analyst Revisions""}","1","2026-07-01","1","Forward price-to-earnings ratio based on mean analyst estimates for Fiscal Year 2","forward_pe_ratio_mean_year2","2","DEU","{""id"":""model-revisions-models"",""name"":""Revisions Models""}","[]","MATRIX","TOP500","0"
"0","{""id"":""model"",""name"":""Model""}","0.608","{""id"":""model26"",""name"":""Analyst Revisions""}","1","2026-07-01","1","Forward price-to-earnings ratio based on the SmartEstimate for the next 12 months","forward_pe_ratio_smartest_12m","2","DEU","{""id"":""model-revisions-models"",""name"":""Revisions Models""}","[]","MATRIX","TOP500","0"
"0","{""id"":""model"",""name"":""Model""}","0.5904","{""id"":""model26"",""name"":""Analyst Revisions""}","1","2026-07-01","1","Forward price-to-earnings ratio based on StarMine SmartEstimate for Fiscal Year 1","forward_pe_ratio_smartest_next_year","2","DEU","{""id"":""model-revisions-models"",""name"":""Revisions Models""}","[]","MATRIX","TOP500","0"
"0","{""id"":""model"",""name"":""Model""}","0.6128","{""id"":""model26"",""name"":""Analyst Revisions""}","1","2026-07-01","1","Forward price-to-earnings ratio based on StarMine SmartEstimate for Fiscal Year 2","forward_pe_ratio_smartest_year2","2","DEU","{""id"":""model-revisions-models"",""name"":""Revisions Models""}","[]","MATRIX","TOP500","0"
"0","{""id"":""model"",""name"":""Model""}","0.6849","{""id"":""model26"",""name"":""Analyst Revisions""}","1","2026-07-01","1","Global percentile rank of the ARM headline signal (1–100)","global_percentile_rank_score","2","DEU","{""id"":""model-revisions-models"",""name"":""Revisions Models""}","[]","MATRIX","TOP500","0"
"0","{""id"":""model"",""name"":""Model""}","1","{""id"":""model26"",""name"":""Analyst Revisions""}","1","2026-07-01","1","Global percentile rank of the ARM composite signal (1–100, higher = better)","global_percentile_score","2","DEU","{""id"":""model-revisions-models"",""name"":""Revisions Models""}","[]","MATRIX","TOP500","0"
"0","{""id"":""model"",""name"":""Model""}","0.6849","{""id"":""model26"",""name"":""Analyst Revisions""}","1","2026-07-01","1","Global percentile rank of the overall ARM signal, expressed as a floating-point value","global_percentile_score_float","2","DEU","{""id"":""model-revisions-models"",""name"":""Revisions Models""}","[]","MATRIX","TOP500","0"
"0","{""id"":""model"",""name"":""Model""}","0.5534","{""id"":""model26"",""name"":""Analyst Revisions""}","1","2026-07-01","1","Model SmartEstimate earnings growth (this year versus last year)","growth_rate_estimate_current_vs_prior_year_earnings","2","DEU","{""id"":""model-revisions-models"",""name"":""Revisions Models""}","[]","MATRIX","TOP500","0"
"0","{""id"":""model"",""name"":""Model""}","0.5488","{""id"":""model26"",""name"":""Analyst Revisions""}","1","2026-07-01","1","Growth rate of EBITDA from last fiscal year to this fiscal year based on the SmartEstimate","growth_rate_estimate_current_vs_prior_year_ebitda","2","DEU","{""id"":""model-revisions-models"",""name"":""Revisions Models""}","[]","MATRIX","TOP500","0"
"0","{""id"":""model"",""name"":""Model""}","0.6218","{""id"":""model26"",""name"":""Analyst Revisions""}","1","2026-07-01","1","SmartEstimate growth rate for revenue, comparing this fiscal year to last fiscal year","growth_rate_estimate_current_vs_prior_year_revenue","2","DEU","{""id"":""model-revisions-models"",""name"":""Revisions Models""}","[]","MATRIX","TOP500","0"
"0","{""id"":""model"",""name"":""Model""}","0.6322","{""id"":""model26"",""name"":""Analyst Revisions""}","1","2026-07-01","1","SmartEstimate growth rate for revenue, comparing next fiscal year to this fiscal year","growth_rate_estimate_next_vs_current_year_revenue","2","DEU","{""id"":""model-revisions-models"",""name"":""Revisions Models""}","[]","MATRIX","TOP500","0"
"0","{""id"":""model"",""name"":""Model""}","0.5711","{""id"":""model26"",""name"":""Analyst Revisions""}","1","2026-07-01","1","5year historical growth rate","mdl26_5yr_hstrcl_grwth_rt","2","DEU","{""id"":""model-revisions-models"",""name"":""Revisions Models""}","[]","MATRIX","TOP500","0"
"0","{""id"":""model"",""name"":""Model""}","0.4516","{""id"":""model26"",""name"":""Analyst Revisions""}","1","2026-07-01","1","Actual earnings reported for the most recent fiscal quarter","mdl26_actual_last_q_earnings","2","DEU","{""id"":""model-revisions-models"",""name"":""Revisions Models""}","[]","MATRIX","TOP500","0"
"0","{""id"":""model"",""name"":""Model""}","0.3227","{""id"":""model26"",""name"":""Analyst Revisions""}","1","2026-07-01","1","Actual EBITDA reported for the most recent fiscal quarter","mdl26_actual_last_q_ebitda","2","DEU","{""id"":""model-revisions-models"",""name"":""Revisions Models""}","[]","MATRIX","TOP500","0"
"0","{""id"":""model"",""name"":""Model""}","0.5364","{""id"":""model26"",""name"":""Analyst Revisions""}","1","2026-07-01","1","Actual revenue reported for the most recent fiscal quarter","mdl26_actual_last_q_revenue","2","DEU","{""id"":""model-revisions-models"",""name"":""Revisions Models""}","[]","MATRIX","TOP500","0"
"0","{""id"":""model"",""name"":""Model""}","0.6629","{""id"":""model26"",""name"":""Analyst Revisions""}","1","2026-07-01","1","Actual earnings reported for the most recent fiscal year","mdl26_actual_last_y_earnings","2","DEU","{""id"":""model-revisions-models"",""name"":""Revisions Models""}","[]","MATRIX","TOP500","0"
"0","{""id"":""model"",""name"":""Model""}","0.5849","{""id"":""model26"",""name"":""Analyst Revisions""}","1","2026-07-01","1","Actual EBITDA reported for the most recent fiscal year","mdl26_actual_last_y_ebitda","2","DEU","{""id"":""model-revisions-models"",""name"":""Revisions Models""}","[]","MATRIX","TOP500","0"
"0","{""id"":""model"",""name"":""Model""}","0.6325","{""id"":""model26"",""name"":""Analyst Revisions""}","1","2026-07-01","1","Actual revenue reported for the most recent fiscal year","mdl26_actual_last_y_revenue","2","DEU","{""id"":""model-revisions-models"",""name"":""Revisions Models""}","[]","MATRIX","TOP500","0"
"0","{""id"":""model"",""name"":""Model""}","0.6432","{""id"":""model26"",""name"":""Analyst Revisions""}","1","2026-07-01","1","Change in the ARM score over the last 1 day","mdl26_arm_score_change_1","2","DEU","{""id"":""model-revisions-models"",""name"":""Revisions Models""}","[]","MATRIX","TOP500","0"
"0","{""id"":""model"",""name"":""Model""}","0.6432","{""id"":""model26"",""name"":""Analyst Revisions""}","1","2026-07-01","1","Change in the ARM score over the last 3 days","mdl26_arm_score_change_3","2","DEU","{""id"":""model-revisions-models"",""name"":""Revisions Models""}","[]","MATRIX","TOP500","0"
"0","{""id"":""model"",""name"":""Model""}","0.6413","{""id"":""model26"",""name"":""Analyst Revisions""}","1","2026-07-01","1","Change in the ARM score over the last 60 days","mdl26_arm_score_change_60","2","DEU","{""id"":""model-revisions-models"",""name"":""Revisions Models""}","[]","MATRIX","TOP500","0"
"0","{""id"":""model"",""name"":""Model""}","0.6431","{""id"":""model26"",""name"":""Analyst Revisions""}","1","2026-07-01","1","Change in the ARM score over the last 7 days","mdl26_arm_score_change_7","2","DEU","{""id"":""model-revisions-models"",""name"":""Revisions Models""}","[]","MATRIX","TOP500","0"
"0","{""id"":""model"",""name"":""Model""}","0.6398","{""id"":""model26"",""name"":""Analyst Revisions""}","1","2026-07-01","1","Change in the ARM score over the last 90 days","mdl26_arm_score_change_90","2","DEU","{""id"":""model-revisions-models"",""name"":""Revisions Models""}","[]","MATRIX","TOP500","0"
"0","{""id"":""model"",""name"":""Model""}","0.6661","{""id"":""model26"",""name"":""Analyst Revisions""}","1","2026-07-01","1","blended growth industry percentile","mdl26_blndd_grwth_ndstry_prcntl","2","DEU","{""id"":""model-revisions-models"",""name"":""Revisions Models""}","[]","MATRIX","TOP500","0"
"0","{""id"":""model"",""name"":""Model""}","0.6665","{""id"":""model26"",""name"":""Analyst Revisions""}","1","2026-07-01","1","blended growth rate smartestimate","mdl26_blndd_grwth_rt_smrtstmt","2","DEU","{""id"":""model-revisions-models"",""name"":""Revisions Models""}","[]","MATRIX","TOP500","0"
"0","{""id"":""model"",""name"":""Model""}","0.6661","{""id"":""model26"",""name"":""Analyst Revisions""}","1","2026-07-01","1","blended growth sector percentile","mdl26_blndd_grwth_sctr_prcntl","2","DEU","{""id"":""model-revisions-models"",""name"":""Revisions Models""}","[]","MATRIX","TOP500","0"
"0","{""id"":""model"",""name"":""Model""}","0.6486","{""id"":""model26"",""name"":""Analyst Revisions""}","1","2026-07-01","1","difference from historical (Price/Earnings ratio)","mdl26_dffrnc_frm_hstrcl_p","2","DEU","{""id"":""model-revisions-models"",""name"":""Revisions Models""}","[]","MATRIX","TOP500","0"
"0","{""id"":""model"",""name"":""Model""}","0.6486","{""id"":""model26"",""name"":""Analyst Revisions""}","1","2026-07-01","1","Percent difference between the current P/E and the company’s historical median P/E","mdl26_dffrnc_frm_hstrcl_prc_rt_rnngs","2","DEU","{""id"":""model-revisions-models"",""name"":""Revisions Models""}","[]","MATRIX","TOP500","0"
"0","{""id"":""model"",""name"":""Model""}","0.6699","{""id"":""model26"",""name"":""Analyst Revisions""}","1","2026-07-01","1","Percentile rank within industry of the Fiscal Year 1 earnings yield (E/P)","mdl26_ep_industry_percentile_fy1","2","DEU","{""id"":""model-revisions-models"",""name"":""Revisions Models""}","[]","MATRIX","TOP500","0"
"0","{""id"":""model"",""name"":""Model""}","0.6699","{""id"":""model26"",""name"":""Analyst Revisions""}","1","2026-07-01","1","Percentile rank within sector of the Fiscal Year 1 earnings yield (E/P)","mdl26_ep_sector_percentile_fy1","2","DEU","{""id"":""model-revisions-models"",""name"":""Revisions Models""}","[]","MATRIX","TOP500","0"
"0","{""id"":""model"",""name"":""Model""}","0.6703","{""id"":""model26"",""name"":""Analyst Revisions""}","1","2026-07-01","1","Earnings yield (earnings-to-price ratio) for next fiscal year based on StarMine SmartEstimate, expressed as a percentage","mdl26_ep_yield_smartestimate_fy1","2","DEU","{""id"":""model-revisions-models"",""name"":""Revisions Models""}","[]","MATRIX","TOP500","0"
"0","{""id"":""model"",""name"":""Model""}","0.6135","{""id"":""model26"",""name"":""Analyst Revisions""}","1","2026-07-01","1","Forward price to earnings ratio based on the mean consensus estimate for the next 12 months","mdl26_forward_pe_mean_f12m","2","DEU","{""id"":""model-revisions-models"",""name"":""Revisions Models""}","[]","MATRIX","TOP500","0"
"0","{""id"":""model"",""name"":""Model""}","0.6318","{""id"":""model26"",""name"":""Analyst Revisions""}","1","2026-07-01","1","Forward price-to-earnings ratio using the mean analyst EPS estimate for Fiscal Year 1","mdl26_forward_pe_mean_fy1","2","DEU","{""id"":""model-revisions-models"",""name"":""Revisions Models""}","[]","MATRIX","TOP500","0"
"0","{""id"":""model"",""name"":""Model""}","0.6194","{""id"":""model26"",""name"":""Analyst Revisions""}","1","2026-07-01","1","Forward price to earnings ratio based on the mean consensus estimate for the next fiscal year FY2","mdl26_forward_pe_mean_fy2","2","DEU","{""id"":""model-revisions-models"",""name"":""Revisions Models""}","[]","MATRIX","TOP500","0"
"0","{""id"":""model"",""name"":""Model""}","0.608","{""id"":""model26"",""name"":""Analyst Revisions""}","1","2026-07-01","1","Forward price to earnings ratio based on StarMine SmartEstimate for the next 12 months","mdl26_frwrd_p_stm_f12m","2","DEU","{""id"":""model-revisions-models"",""name"":""Revisions Models""}","[]","MATRIX","TOP500","0"
"0","{""id"":""model"",""name"":""Model""}","0.6223","{""id"":""model26"",""name"":""Analyst Revisions""}","1","2026-07-01","1","Forward price-to-earnings ratio using StarMine SmartEstimate for Fiscal Year 1 EPS","mdl26_frwrd_p_stm_fy1","2","DEU","{""id"":""model-revisions-models"",""name"":""Revisions Models""}","[]","MATRIX","TOP500","0"
"0","{""id"":""model"",""name"":""Model""}","0.6128","{""id"":""model26"",""name"":""Analyst Revisions""}","1","2026-07-01","1","Forward price to earnings ratio based on StarMine SmartEstimate for the next fiscal year FY2","mdl26_frwrd_p_stm_fy2","2","DEU","{""id"":""model-revisions-models"",""name"":""Revisions Models""}","[]","MATRIX","TOP500","0"
"0","{""id"":""model"",""name"":""Model""}","0.6201","{""id"":""model26"",""name"":""Analyst Revisions""}","1","2026-07-01","1","Industry percentile rank of next fiscal year’s earnings growth (SmartEstimate)","mdl26_grwth_nxt_yr_ndstry_prcntl_rnngs","2","DEU","{""id"":""model-revisions-models"",""name"":""Revisions Models""}","[]","MATRIX","TOP500","0"
"0","{""id"":""model"",""name"":""Model""}","0.6201","{""id"":""model26"",""name"":""Analyst Revisions""}","1","2026-07-01","1","Sector percentile rank of next fiscal year’s earnings growth (SmartEstimate)","mdl26_grwth_nxt_yr_sctr_prcntl_rnngs","2","DEU","{""id"":""model-revisions-models"",""name"":""Revisions Models""}","[]","MATRIX","TOP500","0"
"0","{""id"":""model"",""name"":""Model""}","0.5834","{""id"":""model26"",""name"":""Analyst Revisions""}","1","2026-07-01","1","Industry percentile rank of this fiscal year’s earnings growth (SmartEstimate)","mdl26_grwth_ths_yr_ndstry_prcntl_rnngs","2","DEU","{""id"":""model-revisions-models"",""name"":""Revisions Models""}","[]","MATRIX","TOP500","0"
"0","{""id"":""model"",""name"":""Model""}","0.5834","{""id"":""model26"",""name"":""Analyst Revisions""}","1","2026-07-01","1","Percentile rank versus sector peers of expected earnings growth for the current fiscal year higher indicates faster expected growth","mdl26_grwth_ths_yr_sctr_prcntl_rnngs","2","DEU","{""id"":""model-revisions-models"",""name"":""Revisions Models""}","[]","MATRIX","TOP500","0"
"0","{""id"":""model"",""name"":""Model""}","0.5915","{""id"":""model26"",""name"":""Analyst Revisions""}","1","2026-07-01","1","Price-to-earnings ratio using the last fiscal year’s actual earnings","mdl26_last_fiscal_year_pe","2","DEU","{""id"":""model-revisions-models"",""name"":""Revisions Models""}","[]","MATRIX","TOP500","0"
"0","{""id"":""model"",""name"":""Model""}","0.6099","{""id"":""model26"",""name"":""Analyst Revisions""}","1","2026-07-01","1","Industry percentile rank of long-term growth","mdl26_lt_grwth_ndstry_prcntl","2","DEU","{""id"":""model-revisions-models"",""name"":""Revisions Models""}","[]","MATRIX","TOP500","0"
"0","{""id"":""model"",""name"":""Model""}","0.6099","{""id"":""model26"",""name"":""Analyst Revisions""}","1","2026-07-01","1","Sector percentile rank of long-term growth","mdl26_lt_grwth_sctr_prcntl","2","DEU","{""id"":""model-revisions-models"",""name"":""Revisions Models""}","[]","MATRIX","TOP500","0"
"0","{""id"":""model"",""name"":""Model""}","0.6708","{""id"":""model26"",""name"":""Analyst Revisions""}","1","2026-07-01","1","Median historical forward 12-month price-to-earnings ratio for the company","mdl26_mdn_hstrcl_f12m_prc_rt_rnngs","2","DEU","{""id"":""model-revisions-models"",""name"":""Revisions Models""}","[]","MATRIX","TOP500","0"
"0","{""id"":""model"",""name"":""Model""}","0.6708","{""id"":""model26"",""name"":""Analyst Revisions""}","1","2026-07-01","1","Median historical Price-to-Earnings ratio for the last twelve months","mdl26_median_historical_f12m_pe","2","DEU","{""id"":""model-revisions-models"",""name"":""Revisions Models""}","[]","MATRIX","TOP500","0"
"0","{""id"":""model"",""name"":""Model""}","0.6072","{""id"":""model26"",""name"":""Analyst Revisions""}","1","2026-07-01","1","Price-to-EBITDA ratio using the mean consensus estimate for forward 12 months EBITDA","mdl26_mn_stmt_prc_rt_f12m_btd","2","DEU","{""id"":""model-revisions-models"",""name"":""Revisions Models""}","[]","MATRIX","TOP500","0"
"0","{""id"":""model"",""name"":""Model""}","0.6135","{""id"":""model26"",""name"":""Analyst Revisions""}","1","2026-07-01","1","Price-to-earnings ratio using the mean consensus estimate for forward 12 months earnings","mdl26_mn_stmt_prc_rt_f12m_rnngs","2","DEU","{""id"":""model-revisions-models"",""name"":""Revisions Models""}","[]","MATRIX","TOP500","0"
"0","{""id"":""model"",""name"":""Model""}","0.6428","{""id"":""model26"",""name"":""Analyst Revisions""}","1","2026-07-01","1","Price-to-revenue ratio using the mean consensus estimate for forward 12 months revenue","mdl26_mn_stmt_prc_rt_f12m_rvn","2","DEU","{""id"":""model-revisions-models"",""name"":""Revisions Models""}","[]","MATRIX","TOP500","0"
"0","{""id"":""model"",""name"":""Model""}","0.6009","{""id"":""model26"",""name"":""Analyst Revisions""}","1","2026-07-01","1","Price-to-EBITDA ratio using the mean consensus estimate for Fiscal Year 1","mdl26_mn_stmt_prc_rt_fy1_btd","2","DEU","{""id"":""model-revisions-models"",""name"":""Revisions Models""}","[]","MATRIX","TOP500","0"
"0","{""id"":""model"",""name"":""Model""}","0.6318","{""id"":""model26"",""name"":""Analyst Revisions""}","1","2026-07-01","1","Mean analyst estimate Price-to-Earnings ratio for FY1","mdl26_mn_stmt_prc_rt_fy1_rnngs","2","DEU","{""id"":""model-revisions-models"",""name"":""Revisions Models""}","[]","MATRIX","TOP500","0"
"0","{""id"":""model"",""name"":""Model""}","0.6426","{""id"":""model26"",""name"":""Analyst Revisions""}","1","2026-07-01","1","Price-to-revenue ratio using the mean consensus estimate for Fiscal Year 1","mdl26_mn_stmt_prc_rt_fy1_rvn","2","DEU","{""id"":""model-revisions-models"",""name"":""Revisions Models""}","[]","MATRIX","TOP500","0"
"0","{""id"":""model"",""name"":""Model""}","0.6078","{""id"":""model26"",""name"":""Analyst Revisions""}","1","2026-07-01","1","Price-to-EBITDA ratio using the mean consensus estimate for Fiscal Year 2","mdl26_mn_stmt_prc_rt_fy2_btd","2","DEU","{""id"":""model-revisions-models"",""name"":""Revisions Models""}","[]","MATRIX","TOP500","0"
"0","{""id"":""model"",""name"":""Model""}","0.6194","{""id"":""model26"",""name"":""Analyst Revisions""}","1","2026-07-01","1","Price-to-earnings ratio using the mean consensus estimate for Fiscal Year 2","mdl26_mn_stmt_prc_rt_fy2_rnngs","2","DEU","{""id"":""model-revisions-models"",""name"":""Revisions Models""}","[]","MATRIX","TOP500","0"
"0","{""id"":""model"",""name"":""Model""}","0.6422","{""id"":""model26"",""name"":""Analyst Revisions""}","1","2026-07-01","1","Price-to-revenue ratio using the mean consensus estimate for Fiscal Year 2","mdl26_mn_stmt_prc_rt_fy2_rvn","2","DEU","{""id"":""model-revisions-models"",""name"":""Revisions Models""}","[]","MATRIX","TOP500","0"
"0","{""id"":""model"",""name"":""Model""}","0.6176","{""id"":""model26"",""name"":""Analyst Revisions""}","1","2026-07-01","1","Percentage change in the consensus mean forward 12 month EBITDA estimate over the last 14 days","mdl26_mstchg_pct_f12m_btd_14","2","DEU","{""id"":""model-revisions-models"",""name"":""Revisions Models""}","[]","MATRIX","TOP500","0"
"0","{""id"":""model"",""name"":""Model""}","0.6169","{""id"":""model26"",""name"":""Analyst Revisions""}","1","2026-07-01","1","Percentage change in the consensus mean forward 12 month EBITDA estimate over the last 30 days","mdl26_mstchg_pct_f12m_btd_30","2","DEU","{""id"":""model-revisions-models"",""name"":""Revisions Models""}","[]","MATRIX","TOP500","0"
"0","{""id"":""model"",""name"":""Model""}","0.6155","{""id"":""model26"",""name"":""Analyst Revisions""}","1","2026-07-01","1","Percentage change in the consensus mean forward 12 month EBITDA estimate over the last 60 days","mdl26_mstchg_pct_f12m_btd_60","2","DEU","{""id"":""model-revisions-models"",""name"":""Revisions Models""}","[]","MATRIX","TOP500","0"
"0","{""id"":""model"",""name"":""Model""}","0.618","{""id"":""model26"",""name"":""Analyst Revisions""}","1","2026-07-01","1","Percentage change in the consensus mean forward 12 month EBITDA estimate over the last 7 days","mdl26_mstchg_pct_f12m_btd_7","2","DEU","{""id"":""model-revisions-models"",""name"":""Revisions Models""}","[]","MATRIX","TOP500","0"
"0","{""id"":""model"",""name"":""Model""}","0.6141","{""id"":""model26"",""name"":""Analyst Revisions""}","1","2026-07-01","1","Percentage change in the consensus mean forward 12 month EBITDA estimate over the last 90 days","mdl26_mstchg_pct_f12m_btd_90","2","DEU","{""id"":""model-revisions-models"",""name"":""Revisions Models""}","[]","MATRIX","TOP500","0"
"0","{""id"":""model"",""name"":""Model""}","0.6428","{""id"":""model26"",""name"":""Analyst Revisions""}","1","2026-07-01","1","Percentage change in the consensus mean forward 12 month earnings estimate over the last 14 days","mdl26_mstchg_pct_f12m_rnngs_14","2","DEU","{""id"":""model-revisions-models"",""name"":""Revisions Models""}","[]","MATRIX","TOP500","0"
"0","{""id"":""model"",""name"":""Model""}","0.6425","{""id"":""model26"",""name"":""Analyst Revisions""}","1","2026-07-01","1","Percentage change in the consensus mean forward 12 month earnings estimate over the last 30 days","mdl26_mstchg_pct_f12m_rnngs_30","2","DEU","{""id"":""model-revisions-models"",""name"":""Revisions Models""}","[]","MATRIX","TOP500","0"
"0","{""id"":""model"",""name"":""Model""}","0.6419","{""id"":""model26"",""name"":""Analyst Revisions""}","1","2026-07-01","1","Percentage change in the consensus mean forward 12 month earnings estimate over the last 60 days","mdl26_mstchg_pct_f12m_rnngs_60","2","DEU","{""id"":""model-revisions-models"",""name"":""Revisions Models""}","[]","MATRIX","TOP500","0"
"0","{""id"":""model"",""name"":""Model""}","0.6429","{""id"":""model26"",""name"":""Analyst Revisions""}","1","2026-07-01","1","Percentage change in the consensus mean forward 12 month earnings estimate over the last 7 days","mdl26_mstchg_pct_f12m_rnngs_7","2","DEU","{""id"":""model-revisions-models"",""name"":""Revisions Models""}","[]","MATRIX","TOP500","0"
"0","{""id"":""model"",""name"":""Model""}","0.6411","{""id"":""model26"",""name"":""Analyst Revisions""}","1","2026-07-01","1","Percentage change in the consensus mean forward 12 month earnings estimate over the last 90 days","mdl26_mstchg_pct_f12m_rnngs_90","2","DEU","{""id"":""model-revisions-models"",""name"":""Revisions Models""}","[]","MATRIX","TOP500","0"
"0","{""id"":""model"",""name"":""Model""}","0.6424","{""id"":""model26"",""name"":""Analyst Revisions""}","1","2026-07-01","1","Percentage change in the consensus mean forward 12 month revenue estimate over the last 14 days","mdl26_mstchg_pct_f12m_rvn_14","2","DEU","{""id"":""model-revisions-models"",""name"":""Revisions Models""}","[]","MATRIX","TOP500","0"
"0","{""id"":""model"",""name"":""Model""}","0.642","{""id"":""model26"",""name"":""Analyst Revisions""}","1","2026-07-01","1","Mean percentage change in revenue estimates for the next 12 months over the last 30 days","mdl26_mstchg_pct_f12m_rvn_30","2","DEU","{""id"":""model-revisions-models"",""name"":""Revisions Models""}","[]","MATRIX","TOP500","0"
"0","{""id"":""model"",""name"":""Model""}","0.6413","{""id"":""model26"",""name"":""Analyst Revisions""}","1","2026-07-01","1","Mean percentage change in revenue estimates for the next 12 months over the last 60 days","mdl26_mstchg_pct_f12m_rvn_60","2","DEU","{""id"":""model-revisions-models"",""name"":""Revisions Models""}","[]","MATRIX","TOP500","0"
"0","{""id"":""model"",""name"":""Model""}","0.6425","{""id"":""model26"",""name"":""Analyst Revisions""}","1","2026-07-01","1","Percentage change in the consensus mean forward 12 month revenue estimate over the last 7 days","mdl26_mstchg_pct_f12m_rvn_7","2","DEU","{""id"":""model-revisions-models"",""name"":""Revisions Models""}","[]","MATRIX","TOP500","0"
"0","{""id"":""model"",""name"":""Model""}","0.6404","{""id"":""model26"",""name"":""Analyst Revisions""}","1","2026-07-01","1","Mean percentage change in revenue estimates for the next 12 months over the last 90 days","mdl26_mstchg_pct_f12m_rvn_90","2","DEU","{""id"":""model-revisions-models"",""name"":""Revisions Models""}","[]","MATRIX","TOP500","0"
"0","{""id"":""model"",""name"":""Model""}","0.2776","{""id"":""model26"",""name"":""Analyst Revisions""}","1","2026-07-01","1","Mean percentage change in EBITDA estimates for Fiscal Quarter 1 over the last 14 days","mdl26_mstchg_pct_fq1_btd_14","2","DEU","{""id"":""model-revisions-models"",""name"":""Revisions Models""}","[]","MATRIX","TOP500","0"
"0","{""id"":""model"",""name"":""Model""}","0.2529","{""id"":""model26"",""name"":""Analyst Revisions""}","1","2026-07-01","1","Mean percentage change in EBITDA estimates for Fiscal Quarter 1 over the last 30 days","mdl26_mstchg_pct_fq1_btd_30","2","DEU","{""id"":""model-revisions-models"",""name"":""Revisions Models""}","[]","MATRIX","TOP500","0"
"0","{""id"":""model"",""name"":""Model""}","0.2326","{""id"":""model26"",""name"":""Analyst Revisions""}","1","2026-07-01","1","Mean percentage change in EBITDA estimates for Fiscal Quarter 1 over the last 60 days","mdl26_mstchg_pct_fq1_btd_60","2","DEU","{""id"":""model-revisions-models"",""name"":""Revisions Models""}","[]","MATRIX","TOP500","0"
"0","{""id"":""model"",""name"":""Model""}","0.2974","{""id"":""model26"",""name"":""Analyst Revisions""}","1","2026-07-01","1","Mean percentage change in EBITDA estimates for Fiscal Quarter 1 over the last 7 days","mdl26_mstchg_pct_fq1_btd_7","2","DEU","{""id"":""model-revisions-models"",""name"":""Revisions Models""}","[]","MATRIX","TOP500","0"
"0","{""id"":""model"",""name"":""Model""}","0.2177","{""id"":""model26"",""name"":""Analyst Revisions""}","1","2026-07-01","1","Mean percentage change in EBITDA estimates for Fiscal Quarter 1 over the last 90 days","mdl26_mstchg_pct_fq1_btd_90","2","DEU","{""id"":""model-revisions-models"",""name"":""Revisions Models""}","[]","MATRIX","TOP500","0"
"0","{""id"":""model"",""name"":""Model""}","0.3239","{""id"":""model26"",""name"":""Analyst Revisions""}","1","2026-07-01","1","Mean percentage change in earnings estimates for Fiscal Quarter 1 over the last 14 days","mdl26_mstchg_pct_fq1_rnngs_14","2","DEU","{""id"":""model-revisions-models"",""name"":""Revisions Models""}","[]","MATRIX","TOP500","0"
"0","{""id"":""model"",""name"":""Model""}","0.3033","{""id"":""model26"",""name"":""Analyst Revisions""}","1","2026-07-01","1","Mean percentage change in earnings estimates for Fiscal Quarter 1 over the last 30 days","mdl26_mstchg_pct_fq1_rnngs_30","2","DEU","{""id"":""model-revisions-models"",""name"":""Revisions Models""}","[]","MATRIX","TOP500","0"
"0","{""id"":""model"",""name"":""Model""}","0.2872","{""id"":""model26"",""name"":""Analyst Revisions""}","1","2026-07-01","1","Mean percentage change in earnings estimates for Fiscal Quarter 1 over the last 60 days","mdl26_mstchg_pct_fq1_rnngs_60","2","DEU","{""id"":""model-revisions-models"",""name"":""Revisions Models""}","[]","MATRIX","TOP500","0"
"0","{""id"":""model"",""name"":""Model""}","0.3425","{""id"":""model26"",""name"":""Analyst Revisions""}","1","2026-07-01","1","Mean percentage change in earnings estimates for Fiscal Quarter 1 over the last 7 days","mdl26_mstchg_pct_fq1_rnngs_7","2","DEU","{""id"":""model-revisions-models"",""name"":""Revisions Models""}","[]","MATRIX","TOP500","0"
"0","{""id"":""model"",""name"":""Model""}","0.2751","{""id"":""model26"",""name"":""Analyst Revisions""}","1","2026-07-01","1","Mean percentage change in earnings estimates for Fiscal Quarter 1 over the last 90 days","mdl26_mstchg_pct_fq1_rnngs_90","2","DEU","{""id"":""model-revisions-models"",""name"":""Revisions Models""}","[]","MATRIX","TOP500","0"
"0","{""id"":""model"",""name"":""Model""}","0.3829","{""id"":""model26"",""name"":""Analyst Revisions""}","1","2026-07-01","1","Mean percentage change in revenue estimates for Fiscal Quarter 1 over the last 14 days","mdl26_mstchg_pct_fq1_rvn_14","2","DEU","{""id"":""model-revisions-models"",""name"":""Revisions Models""}","[]","MATRIX","TOP500","0"
"0","{""id"":""model"",""name"":""Model""}","0.3491","{""id"":""model26"",""name"":""Analyst Revisions""}","1","2026-07-01","1","Mean percentage change in revenue estimates for Fiscal Quarter 1 over the last 30 days","mdl26_mstchg_pct_fq1_rvn_30","2","DEU","{""id"":""model-revisions-models"",""name"":""Revisions Models""}","[]","MATRIX","TOP500","0"
"0","{""id"":""model"",""name"":""Model""}","0.3224","{""id"":""model26"",""name"":""Analyst Revisions""}","1","2026-07-01","1","Mean percentage change in revenue estimates for Fiscal Quarter 1 over the last 60 days","mdl26_mstchg_pct_fq1_rvn_60","2","DEU","{""id"":""model-revisions-models"",""name"":""Revisions Models""}","[]","MATRIX","TOP500","0"
"0","{""id"":""model"",""name"":""Model""}","0.4071","{""id"":""model26"",""name"":""Analyst Revisions""}","1","2026-07-01","1","Mean percentage change in revenue estimates for Fiscal Quarter 1 over the last 7 days","mdl26_mstchg_pct_fq1_rvn_7","2","DEU","{""id"":""model-revisions-models"",""name"":""Revisions Models""}","[]","MATRIX","TOP500","0"
"0","{""id"":""model"",""name"":""Model""}","0.3048","{""id"":""model26"",""name"":""Analyst Revisions""}","1","2026-07-01","1","Mean percentage change in revenue estimates for Fiscal Quarter 1 over the last 90 days","mdl26_mstchg_pct_fq1_rvn_90","2","DEU","{""id"":""model-revisions-models"",""name"":""Revisions Models""}","[]","MATRIX","TOP500","0"
"0","{""id"":""model"",""name"":""Model""}","0.2046","{""id"":""model26"",""name"":""Analyst Revisions""}","1","2026-07-01","1","Mean percentage change in EBITDA estimates for Fiscal Quarter 2 over the last 14 days","mdl26_mstchg_pct_fq2_btd_14","2","DEU","{""id"":""model-revisions-models"",""name"":""Revisions Models""}","[]","MATRIX","TOP500","0"
"0","{""id"":""model"",""name"":""Model""}","0.1952","{""id"":""model26"",""name"":""Analyst Revisions""}","1","2026-07-01","1","Mean percentage change in EBITDA estimates for Fiscal Quarter 2 over the last 30 days","mdl26_mstchg_pct_fq2_btd_30","2","DEU","{""id"":""model-revisions-models"",""name"":""Revisions Models""}","[]","MATRIX","TOP500","0"
"0","{""id"":""model"",""name"":""Model""}","0.1807","{""id"":""model26"",""name"":""Analyst Revisions""}","1","2026-07-01","1","Mean percentage change in EBITDA estimates for Fiscal Quarter 2 over the last 60 days","mdl26_mstchg_pct_fq2_btd_60","2","DEU","{""id"":""model-revisions-models"",""name"":""Revisions Models""}","[]","MATRIX","TOP500","0"
"0","{""id"":""model"",""name"":""Model""}","0.2085","{""id"":""model26"",""name"":""Analyst Revisions""}","1","2026-07-01","1","Mean percentage change in EBITDA estimates for Fiscal Quarter 2 over the last 7 days","mdl26_mstchg_pct_fq2_btd_7","2","DEU","{""id"":""model-revisions-models"",""name"":""Revisions Models""}","[]","MATRIX","TOP500","0"
"0","{""id"":""model"",""name"":""Model""}","0.2663","{""id"":""model26"",""name"":""Analyst Revisions""}","1","2026-07-01","1","Mean percentage change in earnings estimates for Fiscal Quarter 2 over the last 14 days","mdl26_mstchg_pct_fq2_rnngs_14","2","DEU","{""id"":""model-revisions-models"",""name"":""Revisions Models""}","[]","MATRIX","TOP500","0"
"0","{""id"":""model"",""name"":""Model""}","0.2584","{""id"":""model26"",""name"":""Analyst Revisions""}","1","2026-07-01","1","Mean percentage change in earnings estimates for Fiscal Quarter 2 over the last 30 days","mdl26_mstchg_pct_fq2_rnngs_30","2","DEU","{""id"":""model-revisions-models"",""name"":""Revisions Models""}","[]","MATRIX","TOP500","0"
"0","{""id"":""model"",""name"":""Model""}","0.2455","{""id"":""model26"",""name"":""Analyst Revisions""}","1","2026-07-01","1","Mean percentage change in earnings estimates for Fiscal Quarter 2 over the last 60 days","mdl26_mstchg_pct_fq2_rnngs_60","2","DEU","{""id"":""model-revisions-models"",""name"":""Revisions Models""}","[]","MATRIX","TOP500","0"
"0","{""id"":""model"",""name"":""Model""}","0.2694","{""id"":""model26"",""name"":""Analyst Revisions""}","1","2026-07-01","1","Mean percentage change in earnings estimates for Fiscal Quarter 2 over the last 7 days","mdl26_mstchg_pct_fq2_rnngs_7","2","DEU","{""id"":""model-revisions-models"",""name"":""Revisions Models""}","[]","MATRIX","TOP500","0"
"0","{""id"":""model"",""name"":""Model""}","0.2315","{""id"":""model26"",""name"":""Analyst Revisions""}","1","2026-07-01","1","Mean percentage change in earnings estimates for Fiscal Quarter 2 over the last 90 days","mdl26_mstchg_pct_fq2_rnngs_90","2","DEU","{""id"":""model-revisions-models"",""name"":""Revisions Models""}","[]","MATRIX","TOP500","0"
"0","{""id"":""model"",""name"":""Model""}","0.2878","{""id"":""model26"",""name"":""Analyst Revisions""}","1","2026-07-01","1","Mean percentage change in revenue estimates for Fiscal Quarter 2 over the last 14 days","mdl26_mstchg_pct_fq2_rvn_14","2","DEU","{""id"":""model-revisions-models"",""name"":""Revisions Models""}","[]","MATRIX","TOP500","0"
"0","{""id"":""model"",""name"":""Model""}","0.2775","{""id"":""model26"",""name"":""Analyst Revisions""}","1","2026-07-01","1","Mean percentage change in analyst revenue estimates for Fiscal Quarter 2 over the past 30 days","mdl26_mstchg_pct_fq2_rvn_30","2","DEU","{""id"":""model-revisions-models"",""name"":""Revisions Models""}","[]","MATRIX","TOP500","0"
"0","{""id"":""model"",""name"":""Model""}","0.2616","{""id"":""model26"",""name"":""Analyst Revisions""}","1","2026-07-01","1","Mean percentage change in analyst revenue estimates for Fiscal Quarter 2 over the past 60 days","mdl26_mstchg_pct_fq2_rvn_60","2","DEU","{""id"":""model-revisions-models"",""name"":""Revisions Models""}","[]","MATRIX","TOP500","0"
"0","{""id"":""model"",""name"":""Model""}","0.2921","{""id"":""model26"",""name"":""Analyst Revisions""}","1","2026-07-01","1","Mean percentage change in revenue estimates for Fiscal Quarter 2 over the last 7 days","mdl26_mstchg_pct_fq2_rvn_7","2","DEU","{""id"":""model-revisions-models"",""name"":""Revisions Models""}","[]","MATRIX","TOP500","0"
"0","{""id"":""model"",""name"":""Model""}","0.2444","{""id"":""model26"",""name"":""Analyst Revisions""}","1","2026-07-01","1","Mean percentage change in analyst revenue estimates for Fiscal Quarter 2 over the past 90 days","mdl26_mstchg_pct_fq2_rvn_90","2","DEU","{""id"":""model-revisions-models"",""name"":""Revisions Models""}","[]","MATRIX","TOP500","0"
"0","{""id"":""model"",""name"":""Model""}","0.6187","{""id"":""model26"",""name"":""Analyst Revisions""}","1","2026-07-01","1","Mean percentage change in analyst EBITDA estimates for Fiscal Year 1 over the past 14 days","mdl26_mstchg_pct_fy1_btd_14","2","DEU","{""id"":""model-revisions-models"",""name"":""Revisions Models""}","[]","MATRIX","TOP500","0"
"0","{""id"":""model"",""name"":""Model""}","0.6181","{""id"":""model26"",""name"":""Analyst Revisions""}","1","2026-07-01","1","Mean percentage change in analyst EBITDA estimates for Fiscal Year 1 over the past 30 days","mdl26_mstchg_pct_fy1_btd_30","2","DEU","{""id"":""model-revisions-models"",""name"":""Revisions Models""}","[]","MATRIX","TOP500","0"
"0","{""id"":""model"",""name"":""Model""}","0.6169","{""id"":""model26"",""name"":""Analyst Revisions""}","1","2026-07-01","1","Mean percentage change in analyst EBITDA estimates for Fiscal Year 1 over the past 60 days","mdl26_mstchg_pct_fy1_btd_60","2","DEU","{""id"":""model-revisions-models"",""name"":""Revisions Models""}","[]","MATRIX","TOP500","0"
"0","{""id"":""model"",""name"":""Model""}","0.619","{""id"":""model26"",""name"":""Analyst Revisions""}","1","2026-07-01","1","Mean percentage change in analyst EBITDA estimates for Fiscal Year 1 over the past 7 days","mdl26_mstchg_pct_fy1_btd_7","2","DEU","{""id"":""model-revisions-models"",""name"":""Revisions Models""}","[]","MATRIX","TOP500","0"
"0","{""id"":""model"",""name"":""Model""}","0.6154","{""id"":""model26"",""name"":""Analyst Revisions""}","1","2026-07-01","1","Mean percentage change in analyst EBITDA estimates for Fiscal Year 1 over the past 90 days","mdl26_mstchg_pct_fy1_btd_90","2","DEU","{""id"":""model-revisions-models"",""name"":""Revisions Models""}","[]","MATRIX","TOP500","0"
"0","{""id"":""model"",""name"":""Model""}","0.6433","{""id"":""model26"",""name"":""Analyst Revisions""}","1","2026-07-01","1","Mean percentage change in analyst earnings estimates for Fiscal Year 1 over the past 14 days","mdl26_mstchg_pct_fy1_rnngs_14","2","DEU","{""id"":""model-revisions-models"",""name"":""Revisions Models""}","[]","MATRIX","TOP500","0"
"0","{""id"":""model"",""name"":""Model""}","0.643","{""id"":""model26"",""name"":""Analyst Revisions""}","1","2026-07-01","1","Mean percentage change in analyst earnings estimates for Fiscal Year 1 over the past 30 days","mdl26_mstchg_pct_fy1_rnngs_30","2","DEU","{""id"":""model-revisions-models"",""name"":""Revisions Models""}","[]","MATRIX","TOP500","0"
"0","{""id"":""model"",""name"":""Model""}","0.6426","{""id"":""model26"",""name"":""Analyst Revisions""}","1","2026-07-01","1","Mean percentage change in analyst earnings estimates for Fiscal Year 1 over the past 60 days","mdl26_mstchg_pct_fy1_rnngs_60","2","DEU","{""id"":""model-revisions-models"",""name"":""Revisions Models""}","[]","MATRIX","TOP500","0"
"0","{""id"":""model"",""name"":""Model""}","0.6434","{""id"":""model26"",""name"":""Analyst Revisions""}","1","2026-07-01","1","Mean percentage change in analyst earnings estimates for Fiscal Year 1 over the past 7 days","mdl26_mstchg_pct_fy1_rnngs_7","2","DEU","{""id"":""model-revisions-models"",""name"":""Revisions Models""}","[]","MATRIX","TOP500","0"
"0","{""id"":""model"",""name"":""Model""}","0.6418","{""id"":""model26"",""name"":""Analyst Revisions""}","1","2026-07-01","1","Mean percentage change in analyst earnings estimates for Fiscal Year 1 over the past 90 days","mdl26_mstchg_pct_fy1_rnngs_90","2","DEU","{""id"":""model-revisions-models"",""name"":""Revisions Models""}","[]","MATRIX","TOP500","0"
"0","{""id"":""model"",""name"":""Model""}","0.6431","{""id"":""model26"",""name"":""Analyst Revisions""}","1","2026-07-01","1","Mean percentage change in analyst revenue estimates for Fiscal Year 1 over the past 14 days","mdl26_mstchg_pct_fy1_rvn_14","2","DEU","{""id"":""model-revisions-models"",""name"":""Revisions Models""}","[]","MATRIX","TOP500","0"
"0","{""id"":""model"",""name"":""Model""}","0.6428","{""id"":""model26"",""name"":""Analyst Revisions""}","1","2026-07-01","1","Mean percentage change in analyst revenue estimates for Fiscal Year 1 over the past 30 days","mdl26_mstchg_pct_fy1_rvn_30","2","DEU","{""id"":""model-revisions-models"",""name"":""Revisions Models""}","[]","MATRIX","TOP500","0"
"0","{""id"":""model"",""name"":""Model""}","0.6422","{""id"":""model26"",""name"":""Analyst Revisions""}","1","2026-07-01","1","Mean percentage change in analyst revenue estimates for Fiscal Year 1 over the past 60 days","mdl26_mstchg_pct_fy1_rvn_60","2","DEU","{""id"":""model-revisions-models"",""name"":""Revisions Models""}","[]","MATRIX","TOP500","0"
"0","{""id"":""model"",""name"":""Model""}","0.6431","{""id"":""model26"",""name"":""Analyst Revisions""}","1","2026-07-01","1","Mean percentage change in analyst revenue estimates for Fiscal Year 1 over the past 7 days","mdl26_mstchg_pct_fy1_rvn_7","2","DEU","{""id"":""model-revisions-models"",""name"":""Revisions Models""}","[]","MATRIX","TOP500","0"
"0","{""id"":""model"",""name"":""Model""}","0.6414","{""id"":""model26"",""name"":""Analyst Revisions""}","1","2026-07-01","1","Mean percentage change in analyst revenue estimates for Fiscal Year 1 over the past 90 days","mdl26_mstchg_pct_fy1_rvn_90","2","DEU","{""id"":""model-revisions-models"",""name"":""Revisions Models""}","[]","MATRIX","TOP500","0"
"0","{""id"":""model"",""name"":""Model""}","0.6452","{""id"":""model26"",""name"":""Analyst Revisions""}","1","2026-07-01","1","Number of analysts revising down earnings estimates for Fiscal Quarter 1 over the past 14 days","mdl26_nnlyst_rvsng_dwn_fq1_rnngs_14","2","DEU","{""id"":""model-revisions-models"",""name"":""Revisions Models""}","[]","MATRIX","TOP500","0"
"0","{""id"":""model"",""name"":""Model""}","0.6452","{""id"":""model26"",""name"":""Analyst Revisions""}","1","2026-07-01","1","Number of analysts revising down earnings estimates for Fiscal Quarter 1 over the past 7 days","mdl26_nnlyst_rvsng_dwn_fq1_rnngs_7","2","DEU","{""id"":""model-revisions-models"",""name"":""Revisions Models""}","[]","MATRIX","TOP500","0"
"0","{""id"":""model"",""name"":""Model""}","0.6452","{""id"":""model26"",""name"":""Analyst Revisions""}","1","2026-07-01","1","Number of sell-side analysts who lowered their revenue estimate for Fiscal Quarter 1 in the past 14 days","mdl26_nnlyst_rvsng_dwn_fq1_rvn_14","2","DEU","{""id"":""model-revisions-models"",""name"":""Revisions Models""}","[]","MATRIX","TOP500","0"
"0","{""id"":""model"",""name"":""Model""}","0.6452","{""id"":""model26"",""name"":""Analyst Revisions""}","1","2026-07-01","1","Number of sell-side analysts who lowered their revenue estimate for Fiscal Quarter 1 in the past 30 days","mdl26_nnlyst_rvsng_dwn_fq1_rvn_30","2","DEU","{""id"":""model-revisions-models"",""name"":""Revisions Models""}","[]","MATRIX","TOP500","0"
"0","{""id"":""model"",""name"":""Model""}","0.6452","{""id"":""model26"",""name"":""Analyst Revisions""}","1","2026-07-01","1","Number of sell-side analysts who lowered their revenue estimate for Fiscal Quarter 1 in the past 7 days","mdl26_nnlyst_rvsng_dwn_fq1_rvn_7","2","DEU","{""id"":""model-revisions-models"",""name"":""Revisions Models""}","[]","MATRIX","TOP500","0"
"0","{""id"":""model"",""name"":""Model""}","0.6452","{""id"":""model26"",""name"":""Analyst Revisions""}","1","2026-07-01","1","Number of sell-side analysts who lowered their earnings estimate for Fiscal Quarter 2 in the past 30 days","mdl26_nnlyst_rvsng_dwn_fq2_rnngs_30","2","DEU","{""id"":""model-revisions-models"",""name"":""Revisions Models""}","[]","MATRIX","TOP500","0"
"0","{""id"":""model"",""name"":""Model""}","0.6452","{""id"":""model26"",""name"":""Analyst Revisions""}","1","2026-07-01","1","Number of sell-side analysts who lowered their revenue estimate for Fiscal Quarter 2 in the past 14 days","mdl26_nnlyst_rvsng_dwn_fq2_rvn_14","2","DEU","{""id"":""model-revisions-models"",""name"":""Revisions Models""}","[]","MATRIX","TOP500","0"
"0","{""id"":""model"",""name"":""Model""}","0.6452","{""id"":""model26"",""name"":""Analyst Revisions""}","1","2026-07-01","1","Number of sell-side analysts who lowered their revenue estimate for Fiscal Quarter 2 in the past 30 days","mdl26_nnlyst_rvsng_dwn_fq2_rvn_30","2","DEU","{""id"":""model-revisions-models"",""name"":""Revisions Models""}","[]","MATRIX","TOP500","0"
"0","{""id"":""model"",""name"":""Model""}","0.6452","{""id"":""model26"",""name"":""Analyst Revisions""}","1","2026-07-01","1","Number of sell-side analysts who lowered their EBITDA estimate for Fiscal Year 1 in the past 14 days","mdl26_nnlyst_rvsng_dwn_fy1_btd_14","2","DEU","{""id"":""model-revisions-models"",""name"":""Revisions Models""}","[]","MATRIX","TOP500","0"
"0","{""id"":""model"",""name"":""Model""}","0.6452","{""id"":""model26"",""name"":""Analyst Revisions""}","1","2026-07-01","1","Number of sell-side analysts who lowered their EBITDA estimate for Fiscal Year 1 in the past 30 days","mdl26_nnlyst_rvsng_dwn_fy1_btd_30","2","DEU","{""id"":""model-revisions-models"",""name"":""Revisions Models""}","[]","MATRIX","TOP500","0"
"0","{""id"":""model"",""name"":""Model""}","0.6452","{""id"":""model26"",""name"":""Analyst Revisions""}","1","2026-07-01","1","Number of sell-side analysts who lowered their EBITDA estimate for Fiscal Year 1 in the past 7 days","mdl26_nnlyst_rvsng_dwn_fy1_btd_7","2","DEU","{""id"":""model-revisions-models"",""name"":""Revisions Models""}","[]","MATRIX","TOP500","0"
"0","{""id"":""model"",""name"":""Model""}","0.6452","{""id"":""model26"",""name"":""Analyst Revisions""}","1","2026-07-01","1","Number of sell-side analysts who lowered their earnings estimate for Fiscal Year 1 in the past 14 days","mdl26_nnlyst_rvsng_dwn_fy1_rnngs_14","2","DEU","{""id"":""model-revisions-models"",""name"":""Revisions Models""}","[]","MATRIX","TOP500","0"
"0","{""id"":""model"",""name"":""Model""}","0.6452","{""id"":""model26"",""name"":""Analyst Revisions""}","1","2026-07-01","1","Number of sell-side analysts who lowered their earnings estimate for Fiscal Year 1 in the past 30 days","mdl26_nnlyst_rvsng_dwn_fy1_rnngs_30","2","DEU","{""id"":""model-revisions-models"",""name"":""Revisions Models""}","[]","MATRIX","TOP500","0"
"0","{""id"":""model"",""name"":""Model""}","0.6452","{""id"":""model26"",""name"":""Analyst Revisions""}","1","2026-07-01","1","Number of sell-side analysts who lowered their earnings estimate for Fiscal Year 1 in the past 7 days","mdl26_nnlyst_rvsng_dwn_fy1_rnngs_7","2","DEU","{""id"":""model-revisions-models"",""name"":""Revisions Models""}","[]","MATRIX","TOP500","0"
"0","{""id"":""model"",""name"":""Model""}","0.6452","{""id"":""model26"",""name"":""Analyst Revisions""}","1","2026-07-01","1","Number of sell-side analysts who lowered their revenue estimate for Fiscal Year 1 in the past 14 days","mdl26_nnlyst_rvsng_dwn_fy1_rvn_14","2","DEU","{""id"":""model-revisions-models"",""name"":""Revisions Models""}","[]","MATRIX","TOP500","0"
"0","{""id"":""model"",""name"":""Model""}","0.6452","{""id"":""model26"",""name"":""Analyst Revisions""}","1","2026-07-01","1","Number of sell-side analysts who lowered their revenue estimate for Fiscal Year 1 in the past 30 days","mdl26_nnlyst_rvsng_dwn_fy1_rvn_30","2","DEU","{""id"":""model-revisions-models"",""name"":""Revisions Models""}","[]","MATRIX","TOP500","0"
"0","{""id"":""model"",""name"":""Model""}","0.6452","{""id"":""model26"",""name"":""Analyst Revisions""}","1","2026-07-01","1","Number of sell-side analysts who lowered their revenue estimate for Fiscal Year 1 in the past 7 days","mdl26_nnlyst_rvsng_dwn_fy1_rvn_7","2","DEU","{""id"":""model-revisions-models"",""name"":""Revisions Models""}","[]","MATRIX","TOP500","0"
"0","{""id"":""model"",""name"":""Model""}","0.6452","{""id"":""model26"",""name"":""Analyst Revisions""}","1","2026-07-01","1","Number of analysts who raised their Fiscal Quarter 1 revenue estimates in the past 14 days","mdl26_nnlyst_rvsng_p_fq1_rvn_14","2","DEU","{""id"":""model-revisions-models"",""name"":""Revisions Models""}","[]","MATRIX","TOP500","0"
"0","{""id"":""model"",""name"":""Model""}","0.6452","{""id"":""model26"",""name"":""Analyst Revisions""}","1","2026-07-01","1","Number of analysts who raised their Fiscal Quarter 1 revenue estimates in the past 30 days","mdl26_nnlyst_rvsng_p_fq1_rvn_30","2","DEU","{""id"":""model-revisions-models"",""name"":""Revisions Models""}","[]","MATRIX","TOP500","0"
"0","{""id"":""model"",""name"":""Model""}","0.6452","{""id"":""model26"",""name"":""Analyst Revisions""}","1","2026-07-01","1","Number of analysts who raised their Fiscal Quarter 1 revenue estimates in the past 7 days","mdl26_nnlyst_rvsng_p_fq1_rvn_7","2","DEU","{""id"":""model-revisions-models"",""name"":""Revisions Models""}","[]","MATRIX","TOP500","0"
"0","{""id"":""model"",""name"":""Model""}","0.6452","{""id"":""model26"",""name"":""Analyst Revisions""}","1","2026-07-01","1","Number of analysts revising up EBITDA estimates for Fiscal Year 1 over the past 14 days","mdl26_nnlyst_rvsng_p_fy1_btd_14","2","DEU","{""id"":""model-revisions-models"",""name"":""Revisions Models""}","[]","MATRIX","TOP500","0"
"0","{""id"":""model"",""name"":""Model""}","0.6452","{""id"":""model26"",""name"":""Analyst Revisions""}","1","2026-07-01","1","Number of analysts revising up EBITDA estimates for Fiscal Year 1 over the past 30 days","mdl26_nnlyst_rvsng_p_fy1_btd_30","2","DEU","{""id"":""model-revisions-models"",""name"":""Revisions Models""}","[]","MATRIX","TOP500","0"
"0","{""id"":""model"",""name"":""Model""}","0.6452","{""id"":""model26"",""name"":""Analyst Revisions""}","1","2026-07-01","1","Number of analysts revising up EBITDA estimates for Fiscal Year 1 over the past 7 days","mdl26_nnlyst_rvsng_p_fy1_btd_7","2","DEU","{""id"":""model-revisions-models"",""name"":""Revisions Models""}","[]","MATRIX","TOP500","0"
"0","{""id"":""model"",""name"":""Model""}","0.6452","{""id"":""model26"",""name"":""Analyst Revisions""}","1","2026-07-01","1","Number of analysts revising up earnings estimates for Fiscal Year 1 over the past 14 days","mdl26_nnlyst_rvsng_p_fy1_rnngs_14","2","DEU","{""id"":""model-revisions-models"",""name"":""Revisions Models""}","[]","MATRIX","TOP500","0"
"0","{""id"":""model"",""name"":""Model""}","0.6452","{""id"":""model26"",""name"":""Analyst Revisions""}","1","2026-07-01","1","Number of analysts revising up earnings estimates for Fiscal Year 1 over the past 30 days","mdl26_nnlyst_rvsng_p_fy1_rnngs_30","2","DEU","{""id"":""model-revisions-models"",""name"":""Revisions Models""}","[]","MATRIX","TOP500","0"
"0","{""id"":""model"",""name"":""Model""}","0.6452","{""id"":""model26"",""name"":""Analyst Revisions""}","1","2026-07-01","1","Number of analysts revising up earnings estimates for Fiscal Year 1 over the past 7 days","mdl26_nnlyst_rvsng_p_fy1_rnngs_7","2","DEU","{""id"":""model-revisions-models"",""name"":""Revisions Models""}","[]","MATRIX","TOP500","0"
"0","{""id"":""model"",""name"":""Model""}","0.6452","{""id"":""model26"",""name"":""Analyst Revisions""}","1","2026-07-01","1","Number of analysts revising up revenue estimates for Fiscal Year 1 over the past 14 days","mdl26_nnlyst_rvsng_p_fy1_rvn_14","2","DEU","{""id"":""model-revisions-models"",""name"":""Revisions Models""}","[]","MATRIX","TOP500","0"
"0","{""id"":""model"",""name"":""Model""}","0.6452","{""id"":""model26"",""name"":""Analyst Revisions""}","1","2026-07-01","1","Number of analysts revising up revenue estimates for Fiscal Year 1 over the past 30 days","mdl26_nnlyst_rvsng_p_fy1_rvn_30","2","DEU","{""id"":""model-revisions-models"",""name"":""Revisions Models""}","[]","MATRIX","TOP500","0"
"0","{""id"":""model"",""name"":""Model""}","0.6452","{""id"":""model26"",""name"":""Analyst Revisions""}","1","2026-07-01","1","Number of analysts revising up revenue estimates for Fiscal Year 1 over the past 7 days","mdl26_nnlyst_rvsng_p_fy1_rvn_7","2","DEU","{""id"":""model-revisions-models"",""name"":""Revisions Models""}","[]","MATRIX","TOP500","0"
"0","{""id"":""model"",""name"":""Model""}","0.6452","{""id"":""model26"",""name"":""Analyst Revisions""}","1","2026-07-01","1","Number of analysts revising up EBITDA estimates for Fiscal Year 2 over the past 14 days","mdl26_nnlyst_rvsng_p_fy2_btd_14","2","DEU","{""id"":""model-revisions-models"",""name"":""Revisions Models""}","[]","MATRIX","TOP500","0"
"0","{""id"":""model"",""name"":""Model""}","0.6452","{""id"":""model26"",""name"":""Analyst Revisions""}","1","2026-07-01","1","Number of analysts revising up EBITDA estimates for Fiscal Year 2 over the past 30 days","mdl26_nnlyst_rvsng_p_fy2_btd_30","2","DEU","{""id"":""model-revisions-models"",""name"":""Revisions Models""}","[]","MATRIX","TOP500","0"
"0","{""id"":""model"",""name"":""Model""}","0.6452","{""id"":""model26"",""name"":""Analyst Revisions""}","1","2026-07-01","1","Number of analysts revising up EBITDA estimates for Fiscal Year 2 over the past 7 days","mdl26_nnlyst_rvsng_p_fy2_btd_7","2","DEU","{""id"":""model-revisions-models"",""name"":""Revisions Models""}","[]","MATRIX","TOP500","0"
"0","{""id"":""model"",""name"":""Model""}","0.6452","{""id"":""model26"",""name"":""Analyst Revisions""}","1","2026-07-01","1","Number of analysts revising up earnings estimates for Fiscal Year 2 over the past 14 days","mdl26_nnlyst_rvsng_p_fy2_rnngs_14","2","DEU","{""id"":""model-revisions-models"",""name"":""Revisions Models""}","[]","MATRIX","TOP500","0"
"0","{""id"":""model"",""name"":""Model""}","0.6452","{""id"":""model26"",""name"":""Analyst Revisions""}","1","2026-07-01","1","Number of analysts revising up earnings estimates for Fiscal Year 2 over the past 30 days","mdl26_nnlyst_rvsng_p_fy2_rnngs_30","2","DEU","{""id"":""model-revisions-models"",""name"":""Revisions Models""}","[]","MATRIX","TOP500","0"
"0","{""id"":""model"",""name"":""Model""}","0.6452","{""id"":""model26"",""name"":""Analyst Revisions""}","1","2026-07-01","1","Number of analysts revising up earnings estimates for Fiscal Year 2 over the past 7 days","mdl26_nnlyst_rvsng_p_fy2_rnngs_7","2","DEU","{""id"":""model-revisions-models"",""name"":""Revisions Models""}","[]","MATRIX","TOP500","0"
"0","{""id"":""model"",""name"":""Model""}","0.6452","{""id"":""model26"",""name"":""Analyst Revisions""}","1","2026-07-01","1","Number of analysts revising up revenue estimates for Fiscal Year 2 over the past 14 days","mdl26_nnlyst_rvsng_p_fy2_rvn_14","2","DEU","{""id"":""model-revisions-models"",""name"":""Revisions Models""}","[]","MATRIX","TOP500","0"
"0","{""id"":""model"",""name"":""Model""}","0.6452","{""id"":""model26"",""name"":""Analyst Revisions""}","1","2026-07-01","1","Number of analysts revising up revenue estimates for Fiscal Year 2 over the past 30 days","mdl26_nnlyst_rvsng_p_fy2_rvn_30","2","DEU","{""id"":""model-revisions-models"",""name"":""Revisions Models""}","[]","MATRIX","TOP500","0"
"0","{""id"":""model"",""name"":""Model""}","0.6452","{""id"":""model26"",""name"":""Analyst Revisions""}","1","2026-07-01","1","Number of analysts revising up revenue estimates for Fiscal Year 2 over the past 7 days","mdl26_nnlyst_rvsng_p_fy2_rvn_7","2","DEU","{""id"":""model-revisions-models"",""name"":""Revisions Models""}","[]","MATRIX","TOP500","0"
"0","{""id"":""model"",""name"":""Model""}","0.6452","{""id"":""model26"",""name"":""Analyst Revisions""}","1","2026-07-01","1","Number of analyst recommendation downgrades in the past 14 days","mdl26_num_downgrades_14","2","DEU","{""id"":""model-revisions-models"",""name"":""Revisions Models""}","[]","MATRIX","TOP500","0"
"0","{""id"":""model"",""name"":""Model""}","0.6452","{""id"":""model26"",""name"":""Analyst Revisions""}","1","2026-07-01","1","Number of analyst recommendation downgrades in the past 60 days","mdl26_num_downgrades_60","2","DEU","{""id"":""model-revisions-models"",""name"":""Revisions Models""}","[]","MATRIX","TOP500","0"
"0","{""id"":""model"",""name"":""Model""}","0.6452","{""id"":""model26"",""name"":""Analyst Revisions""}","1","2026-07-01","1","Number of analyst recommendation downgrades in the past 7 days","mdl26_num_downgrades_7","2","DEU","{""id"":""model-revisions-models"",""name"":""Revisions Models""}","[]","MATRIX","TOP500","0"
"0","{""id"":""model"",""name"":""Model""}","0.6452","{""id"":""model26"",""name"":""Analyst Revisions""}","1","2026-07-01","1","Number of analyst recommendation downgrades in the past 90 days","mdl26_num_downgrades_90","2","DEU","{""id"":""model-revisions-models"",""name"":""Revisions Models""}","[]","MATRIX","TOP500","0"
"0","{""id"":""model"",""name"":""Model""}","0.6452","{""id"":""model26"",""name"":""Analyst Revisions""}","1","2026-07-01","1","Number of analyst recommendation upgrades in the past 14 days","mdl26_num_upgrades_14","2","DEU","{""id"":""model-revisions-models"",""name"":""Revisions Models""}","[]","MATRIX","TOP500","0"
"0","{""id"":""model"",""name"":""Model""}","0.6452","{""id"":""model26"",""name"":""Analyst Revisions""}","1","2026-07-01","1","Number of analyst recommendation upgrades in the past 60 days","mdl26_num_upgrades_60","2","DEU","{""id"":""model-revisions-models"",""name"":""Revisions Models""}","[]","MATRIX","TOP500","0"
"0","{""id"":""model"",""name"":""Model""}","0.6452","{""id"":""model26"",""name"":""Analyst Revisions""}","1","2026-07-01","1","Number of analyst recommendation upgrades in the past 7 days","mdl26_num_upgrades_7","2","DEU","{""id"":""model-revisions-models"",""name"":""Revisions Models""}","[]","MATRIX","TOP500","0"
"0","{""id"":""model"",""name"":""Model""}","0.6452","{""id"":""model26"",""name"":""Analyst Revisions""}","1","2026-07-01","1","Number of analyst recommendation upgrades in the past 90 days","mdl26_num_upgrades_90","2","DEU","{""id"":""model-revisions-models"",""name"":""Revisions Models""}","[]","MATRIX","TOP500","0"
"0","{""id"":""model"",""name"":""Model""}","0.5738","{""id"":""model26"",""name"":""Analyst Revisions""}","1","2026-07-01","1","PEG ratio computed using forward FY1 P/E from mean estimates and the corresponding growth estimate","mdl26_peg_mean_fy1","2","DEU","{""id"":""model-revisions-models"",""name"":""Revisions Models""}","[]","MATRIX","TOP500","0"
"0","{""id"":""model"",""name"":""Model""}","0.5673","{""id"":""model26"",""name"":""Analyst Revisions""}","1","2026-07-01","1","(Price/Earnings-to-growth) smartestimate FYEAR1","mdl26_peg_smartestimate_fy1","2","DEU","{""id"":""model-revisions-models"",""name"":""Revisions Models""}","[]","MATRIX","TOP500","0"
"0","{""id"":""model"",""name"":""Model""}","1","{""id"":""model26"",""name"":""Analyst Revisions""}","1","2026-07-01","1","preferred","mdl26_preferred","2","DEU","{""id"":""model-revisions-models"",""name"":""Revisions Models""}","[]","MATRIX","TOP500","0"
"0","{""id"":""model"",""name"":""Model""}","0.6354","{""id"":""model26"",""name"":""Analyst Revisions""}","1","2026-07-01","1","Predicted surprise (actual minus predicted value) for trailing 12 months earnings","mdl26_prsprise_f12m_earnings","2","DEU","{""id"":""model-revisions-models"",""name"":""Revisions Models""}","[]","MATRIX","TOP500","0"
"0","{""id"":""model"",""name"":""Model""}","0.6075","{""id"":""model26"",""name"":""Analyst Revisions""}","1","2026-07-01","1","Difference between the StarMine SmartEstimate and the mean consensus for forward 12 months EBITDA (Predicted Surprise amount)","mdl26_prsprise_f12m_ebitda","2","DEU","{""id"":""model-revisions-models"",""name"":""Revisions Models""}","[]","MATRIX","TOP500","0"
"0","{""id"":""model"",""name"":""Model""}","0.6323","{""id"":""model26"",""name"":""Analyst Revisions""}","1","2026-07-01","1","StarMine predicted revenue surprise amount for the next 12 months","mdl26_prsprise_f12m_revenue","2","DEU","{""id"":""model-revisions-models"",""name"":""Revisions Models""}","[]","MATRIX","TOP500","0"
"0","{""id"":""model"",""name"":""Model""}","0.3169","{""id"":""model26"",""name"":""Analyst Revisions""}","1","2026-07-01","1","Difference between the StarMine SmartEstimate and the mean consensus for fiscal quarter 1 EBITDA (Predicted Surprise amount)","mdl26_prsprise_fq1_ebitda","2","DEU","{""id"":""model-revisions-models"",""name"":""Revisions Models""}","[]","MATRIX","TOP500","0"
"0","{""id"":""model"",""name"":""Model""}","0.4371","{""id"":""model26"",""name"":""Analyst Revisions""}","1","2026-07-01","1","Difference between the StarMine SmartEstimate and the mean consensus for fiscal quarter 1 revenue (Predicted Surprise amount)","mdl26_prsprise_fq1_revenue","2","DEU","{""id"":""model-revisions-models"",""name"":""Revisions Models""}","[]","MATRIX","TOP500","0"
"0","{""id"":""model"",""name"":""Model""}","0.2678","{""id"":""model26"",""name"":""Analyst Revisions""}","1","2026-07-01","1","StarMine predicted earnings surprise amount for Fiscal Quarter 2","mdl26_prsprise_fq2_earnings","2","DEU","{""id"":""model-revisions-models"",""name"":""Revisions Models""}","[]","MATRIX","TOP500","0"
"0","{""id"":""model"",""name"":""Model""}","0.2073","{""id"":""model26"",""name"":""Analyst Revisions""}","1","2026-07-01","1","Difference between the StarMine SmartEstimate and the mean consensus for fiscal quarter 2 EBITDA (Predicted Surprise amount)","mdl26_prsprise_fq2_ebitda","2","DEU","{""id"":""model-revisions-models"",""name"":""Revisions Models""}","[]","MATRIX","TOP500","0"
"0","{""id"":""model"",""name"":""Model""}","0.2902","{""id"":""model26"",""name"":""Analyst Revisions""}","1","2026-07-01","1","StarMine predicted revenue surprise amount for Fiscal Quarter 2","mdl26_prsprise_fq2_revenue","2","DEU","{""id"":""model-revisions-models"",""name"":""Revisions Models""}","[]","MATRIX","TOP500","0"
"0","{""id"":""model"",""name"":""Model""}","0.6369","{""id"":""model26"",""name"":""Analyst Revisions""}","1","2026-07-01","1","StarMine predicted earnings surprise amount for Fiscal Year 1","mdl26_prsprise_fy1_earnings","2","DEU","{""id"":""model-revisions-models"",""name"":""Revisions Models""}","[]","MATRIX","TOP500","0"
"0","{""id"":""model"",""name"":""Model""}","0.6101","{""id"":""model26"",""name"":""Analyst Revisions""}","1","2026-07-01","1","Predicted surprise (actual minus predicted) for Fiscal Year 1 EBITDA","mdl26_prsprise_fy1_ebitda","2","DEU","{""id"":""model-revisions-models"",""name"":""Revisions Models""}","[]","MATRIX","TOP500","0"
"0","{""id"":""model"",""name"":""Model""}","0.634","{""id"":""model26"",""name"":""Analyst Revisions""}","1","2026-07-01","1","StarMine predicted revenue surprise amount for fiscal year 1","mdl26_prsprise_fy1_revenue","2","DEU","{""id"":""model-revisions-models"",""name"":""Revisions Models""}","[]","MATRIX","TOP500","0"
"0","{""id"":""model"",""name"":""Model""}","0.6367","{""id"":""model26"",""name"":""Analyst Revisions""}","1","2026-07-01","1","Difference between the StarMine SmartEstimate and the mean consensus for fiscal year 2 earnings (Predicted Surprise amount)","mdl26_prsprise_fy2_earnings","2","DEU","{""id"":""model-revisions-models"",""name"":""Revisions Models""}","[]","MATRIX","TOP500","0"
"0","{""id"":""model"",""name"":""Model""}","0.6097","{""id"":""model26"",""name"":""Analyst Revisions""}","1","2026-07-01","1","Difference between the StarMine SmartEstimate and the mean consensus for fiscal year 2 EBITDA (Predicted Surprise amount)","mdl26_prsprise_fy2_ebitda","2","DEU","{""id"":""model-revisions-models"",""name"":""Revisions Models""}","[]","MATRIX","TOP500","0"
"0","{""id"":""model"",""name"":""Model""}","0.634","{""id"":""model26"",""name"":""Analyst Revisions""}","1","2026-07-01","1","Difference between the StarMine SmartEstimate and the mean consensus for fiscal year 2 revenue (Predicted Surprise amount)","mdl26_prsprise_fy2_revenue","2","DEU","{""id"":""model-revisions-models"",""name"":""Revisions Models""}","[]","MATRIX","TOP500","0"
"0","{""id"":""model"",""name"":""Model""}","0.6354","{""id"":""model26"",""name"":""Analyst Revisions""}","1","2026-07-01","1","StarMine predicted percentage earnings surprise for the next 12 months (SmartEstimate versus mean consensus)","mdl26_prsprise_pct_f12m_earnings","2","DEU","{""id"":""model-revisions-models"",""name"":""Revisions Models""}","[]","MATRIX","TOP500","0"
"0","{""id"":""model"",""name"":""Model""}","0.6075","{""id"":""model26"",""name"":""Analyst Revisions""}","1","2026-07-01","1","StarMine predicted percentage EBITDA surprise for the next 12 months (SmartEstimate versus mean consensus)","mdl26_prsprise_pct_f12m_ebitda","2","DEU","{""id"":""model-revisions-models"",""name"":""Revisions Models""}","[]","MATRIX","TOP500","0"
"0","{""id"":""model"",""name"":""Model""}","0.6323","{""id"":""model26"",""name"":""Analyst Revisions""}","1","2026-07-01","1","StarMine predicted percentage revenue surprise for the next 12 months (SmartEstimate versus mean consensus)","mdl26_prsprise_pct_f12m_revenue","2","DEU","{""id"":""model-revisions-models"",""name"":""Revisions Models""}","[]","MATRIX","TOP500","0"
"0","{""id"":""model"",""name"":""Model""}","0.3623","{""id"":""model26"",""name"":""Analyst Revisions""}","1","2026-07-01","1","StarMine predicted percentage earnings surprise for the next fiscal quarter (SmartEstimate versus mean consensus)","mdl26_prsprise_pct_fq1_earnings","2","DEU","{""id"":""model-revisions-models"",""name"":""Revisions Models""}","[]","MATRIX","TOP500","0"
"0","{""id"":""model"",""name"":""Model""}","0.3169","{""id"":""model26"",""name"":""Analyst Revisions""}","1","2026-07-01","1","StarMine predicted percentage EBITDA surprise for the next fiscal quarter (SmartEstimate versus mean consensus)","mdl26_prsprise_pct_fq1_ebitda","2","DEU","{""id"":""model-revisions-models"",""name"":""Revisions Models""}","[]","MATRIX","TOP500","0"
"0","{""id"":""model"",""name"":""Model""}","0.4371","{""id"":""model26"",""name"":""Analyst Revisions""}","1","2026-07-01","1","StarMine predicted percentage revenue surprise for the next fiscal quarter (SmartEstimate versus mean consensus)","mdl26_prsprise_pct_fq1_revenue","2","DEU","{""id"":""model-revisions-models"",""name"":""Revisions Models""}","[]","MATRIX","TOP500","0"
"0","{""id"":""model"",""name"":""Model""}","0.2678","{""id"":""model26"",""name"":""Analyst Revisions""}","1","2026-07-01","1","Percentage difference between the StarMine SmartEstimate and the mean consensus for fiscal quarter 2 earnings (Predicted Surprise %)","mdl26_prsprise_pct_fq2_earnings","2","DEU","{""id"":""model-revisions-models"",""name"":""Revisions Models""}","[]","MATRIX","TOP500","0"
"0","{""id"":""model"",""name"":""Model""}","0.2073","{""id"":""model26"",""name"":""Analyst Revisions""}","1","2026-07-01","1","Percentage difference between the StarMine SmartEstimate and the mean consensus for fiscal quarter 2 EBITDA (Predicted Surprise %)","mdl26_prsprise_pct_fq2_ebitda","2","DEU","{""id"":""model-revisions-models"",""name"":""Revisions Models""}","[]","MATRIX","TOP500","0"
"0","{""id"":""model"",""name"":""Model""}","0.2902","{""id"":""model26"",""name"":""Analyst Revisions""}","1","2026-07-01","1","Percentage difference between the StarMine SmartEstimate and the mean consensus for fiscal quarter 2 revenue (Predicted Surprise %)","mdl26_prsprise_pct_fq2_revenue","2","DEU","{""id"":""model-revisions-models"",""name"":""Revisions Models""}","[]","MATRIX","TOP500","0"
"0","{""id"":""model"",""name"":""Model""}","0.6369","{""id"":""model26"",""name"":""Analyst Revisions""}","1","2026-07-01","1","Percentage difference between the StarMine SmartEstimate and the mean consensus for fiscal year 1 earnings (Predicted Surprise %)","mdl26_prsprise_pct_fy1_earnings","2","DEU","{""id"":""model-revisions-models"",""name"":""Revisions Models""}","[]","MATRIX","TOP500","0"
"0","{""id"":""model"",""name"":""Model""}","0.6101","{""id"":""model26"",""name"":""Analyst Revisions""}","1","2026-07-01","1","Percentage difference between the StarMine SmartEstimate and the mean consensus for fiscal year 1 EBITDA (Predicted Surprise %)","mdl26_prsprise_pct_fy1_ebitda","2","DEU","{""id"":""model-revisions-models"",""name"":""Revisions Models""}","[]","MATRIX","TOP500","0"
"0","{""id"":""model"",""name"":""Model""}","0.634","{""id"":""model26"",""name"":""Analyst Revisions""}","1","2026-07-01","1","Percentage difference between the StarMine SmartEstimate and the mean consensus for fiscal year 1 revenue (Predicted Surprise %)","mdl26_prsprise_pct_fy1_revenue","2","DEU","{""id"":""model-revisions-models"",""name"":""Revisions Models""}","[]","MATRIX","TOP500","0"
"0","{""id"":""model"",""name"":""Model""}","0.6367","{""id"":""model26"",""name"":""Analyst Revisions""}","1","2026-07-01","1","Percentage difference between the StarMine SmartEstimate and the mean consensus for fiscal year 2 earnings (Predicted Surprise %)","mdl26_prsprise_pct_fy2_earnings","2","DEU","{""id"":""model-revisions-models"",""name"":""Revisions Models""}","[]","MATRIX","TOP500","0"
"0","{""id"":""model"",""name"":""Model""}","0.6097","{""id"":""model26"",""name"":""Analyst Revisions""}","1","2026-07-01","1","Percentage difference between the StarMine SmartEstimate and the mean consensus for fiscal year 2 EBITDA (Predicted Surprise %)","mdl26_prsprise_pct_fy2_ebitda","2","DEU","{""id"":""model-revisions-models"",""name"":""Revisions Models""}","[]","MATRIX","TOP500","0"
"0","{""id"":""model"",""name"":""Model""}","0.634","{""id"":""model26"",""name"":""Analyst Revisions""}","1","2026-07-01","1","Percentage difference between the StarMine SmartEstimate and the mean consensus for fiscal year 2 revenue (Predicted Surprise %)","mdl26_prsprise_pct_fy2_revenue","2","DEU","{""id"":""model-revisions-models"",""name"":""Revisions Models""}","[]","MATRIX","TOP500","0"
"0","{""id"":""model"",""name"":""Model""}","0.6379","{""id"":""model26"",""name"":""Analyst Revisions""}","1","2026-07-01","1","Earnings yield percentage earnings divided by price based on SmartEstimate for the next 12 months","mdl26_p_yld_pct_stm_f12m","2","DEU","{""id"":""model-revisions-models"",""name"":""Revisions Models""}","[]","MATRIX","TOP500","0"
"0","{""id"":""model"",""name"":""Model""}","0.6367","{""id"":""model26"",""name"":""Analyst Revisions""}","1","2026-07-01","1","Earnings yield percentage earnings divided by price based on SmartEstimate for the current fiscal year FY1","mdl26_p_yld_pct_stm_fy1","2","DEU","{""id"":""model-revisions-models"",""name"":""Revisions Models""}","[]","MATRIX","TOP500","0"
"0","{""id"":""model"",""name"":""Model""}","0.6366","{""id"":""model26"",""name"":""Analyst Revisions""}","1","2026-07-01","1","Earnings-to-Price yield percentage based on StarMine SmartEstimate for Fiscal Year 2","mdl26_p_yld_pct_stm_fy2","2","DEU","{""id"":""model-revisions-models"",""name"":""Revisions Models""}","[]","MATRIX","TOP500","0"
"0","{""id"":""model"",""name"":""Model""}","1","{""id"":""model26"",""name"":""Analyst Revisions""}","1","2026-07-01","1","Time series of the security’s percentile rank of the overall ARM score within its universe","mdl26_rank","2","DEU","{""id"":""model-revisions-models"",""name"":""Revisions Models""}","[]","MATRIX","TOP500","0"
"0","{""id"":""model"",""name"":""Model""}","0.6072","{""id"":""model26"",""name"":""Analyst Revisions""}","1","2026-07-01","1","Change in the mean analyst recommendation over the past 14 days","mdl26_rcmmndtn_mn_chng_14","2","DEU","{""id"":""model-revisions-models"",""name"":""Revisions Models""}","[]","MATRIX","TOP500","0"
"0","{""id"":""model"",""name"":""Model""}","0.6057","{""id"":""model26"",""name"":""Analyst Revisions""}","1","2026-07-01","1","Change in the mean analyst recommendation over the past 60 days","mdl26_rcmmndtn_mn_chng_60","2","DEU","{""id"":""model-revisions-models"",""name"":""Revisions Models""}","[]","MATRIX","TOP500","0"
"0","{""id"":""model"",""name"":""Model""}","0.6073","{""id"":""model26"",""name"":""Analyst Revisions""}","1","2026-07-01","1","Change in the mean analyst recommendation over the past 7 days","mdl26_rcmmndtn_mn_chng_7","2","DEU","{""id"":""model-revisions-models"",""name"":""Revisions Models""}","[]","MATRIX","TOP500","0"
"0","{""id"":""model"",""name"":""Model""}","0.6044","{""id"":""model26"",""name"":""Analyst Revisions""}","1","2026-07-01","1","Change in the mean analyst recommendation over the past 90 days","mdl26_rcmmndtn_mn_chng_90","2","DEU","{""id"":""model-revisions-models"",""name"":""Revisions Models""}","[]","MATRIX","TOP500","0"
"0","{""id"":""model"",""name"":""Model""}","1","{""id"":""model26"",""name"":""Analyst Revisions""}","1","2026-07-01","1","Recommendations component of ARM history capturing analyst recommendation changes and momentum","mdl26_recommendations","2","DEU","{""id"":""model-revisions-models"",""name"":""Revisions Models""}","[]","MATRIX","TOP500","0"
"0","{""id"":""model"",""name"":""Model""}","1","{""id"":""model26"",""name"":""Analyst Revisions""}","1","2026-07-01","1","Revenue component of ARM history capturing analyst revenue estimate revisions","mdl26_revenue","2","DEU","{""id"":""model-revisions-models"",""name"":""Revisions Models""}","[]","MATRIX","TOP500","0"
"0","{""id"":""model"",""name"":""Model""}","1","{""id"":""model26"",""name"":""Analyst Revisions""}","1","2026-07-01","1","revisions","mdl26_revisions","2","DEU","{""id"":""model-revisions-models"",""name"":""Revisions Models""}","[]","MATRIX","TOP500","0"
"0","{""id"":""model"",""name"":""Model""}","1","{""id"":""model26"",""name"":""Analyst Revisions""}","1","2026-07-01","1","Time series of the overall ARM composite score (1–100) for the security","mdl26_score","2","DEU","{""id"":""model-revisions-models"",""name"":""Revisions Models""}","[]","MATRIX","TOP500","0"
"0","{""id"":""model"",""name"":""Model""}","1","{""id"":""model26"",""name"":""Analyst Revisions""}","1","2026-07-01","1","secondary","mdl26_secondary","2","DEU","{""id"":""model-revisions-models"",""name"":""Revisions Models""}","[]","MATRIX","TOP500","0"
"0","{""id"":""model"",""name"":""Model""}","0.6075","{""id"":""model26"",""name"":""Analyst Revisions""}","1","2026-07-01","1","StarMine SmartEstimate (proprietary weighted consensus) for forward 12 months EBITDA","mdl26_smartestimate_f12m_ebitda","2","DEU","{""id"":""model-revisions-models"",""name"":""Revisions Models""}","[]","MATRIX","TOP500","0"
"0","{""id"":""model"",""name"":""Model""}","0.6323","{""id"":""model26"",""name"":""Analyst Revisions""}","1","2026-07-01","1","StarMine SmartEstimate (proprietary weighted consensus) for forward 12 months revenue","mdl26_smartestimate_f12m_revenue","2","DEU","{""id"":""model-revisions-models"",""name"":""Revisions Models""}","[]","MATRIX","TOP500","0"
"0","{""id"":""model"",""name"":""Model""}","0.3169","{""id"":""model26"",""name"":""Analyst Revisions""}","1","2026-07-01","1","StarMine SmartEstimate (proprietary weighted consensus) for fiscal quarter 1 EBITDA","mdl26_smartestimate_fq1_ebitda","2","DEU","{""id"":""model-revisions-models"",""name"":""Revisions Models""}","[]","MATRIX","TOP500","0"
"0","{""id"":""model"",""name"":""Model""}","0.4371","{""id"":""model26"",""name"":""Analyst Revisions""}","1","2026-07-01","1","StarMine SmartEstimate (proprietary weighted consensus) for fiscal quarter 1 revenue","mdl26_smartestimate_fq1_revenue","2","DEU","{""id"":""model-revisions-models"",""name"":""Revisions Models""}","[]","MATRIX","TOP500","0"
"0","{""id"":""model"",""name"":""Model""}","0.2678","{""id"":""model26"",""name"":""Analyst Revisions""}","1","2026-07-01","1","StarMine SmartEstimate (proprietary weighted consensus) for earnings for Fiscal Quarter 2","mdl26_smartestimate_fq2_earnings","2","DEU","{""id"":""model-revisions-models"",""name"":""Revisions Models""}","[]","MATRIX","TOP500","0"
"0","{""id"":""model"",""name"":""Model""}","0.2073","{""id"":""model26"",""name"":""Analyst Revisions""}","1","2026-07-01","1","StarMine SmartEstimate (proprietary weighted consensus) for EBITDA for Fiscal Quarter 2","mdl26_smartestimate_fq2_ebitda","2","DEU","{""id"":""model-revisions-models"",""name"":""Revisions Models""}","[]","MATRIX","TOP500","0"
"0","{""id"":""model"",""name"":""Model""}","0.2902","{""id"":""model26"",""name"":""Analyst Revisions""}","1","2026-07-01","1","StarMine SmartEstimate (proprietary weighted consensus) for revenue for Fiscal Quarter 2","mdl26_smartestimate_fq2_revenue","2","DEU","{""id"":""model-revisions-models"",""name"":""Revisions Models""}","[]","MATRIX","TOP500","0"
"0","{""id"":""model"",""name"":""Model""}","0.6369","{""id"":""model26"",""name"":""Analyst Revisions""}","1","2026-07-01","1","StarMine SmartEstimate (proprietary weighted consensus) for earnings for Fiscal Year 1","mdl26_smartestimate_fy1_earnings","2","DEU","{""id"":""model-revisions-models"",""name"":""Revisions Models""}","[]","MATRIX","TOP500","0"
"0","{""id"":""model"",""name"":""Model""}","0.6101","{""id"":""model26"",""name"":""Analyst Revisions""}","1","2026-07-01","1","StarMine SmartEstimate (proprietary weighted consensus) for EBITDA for Fiscal Year 1","mdl26_smartestimate_fy1_ebitda","2","DEU","{""id"":""model-revisions-models"",""name"":""Revisions Models""}","[]","MATRIX","TOP500","0"
"0","{""id"":""model"",""name"":""Model""}","0.634","{""id"":""model26"",""name"":""Analyst Revisions""}","1","2026-07-01","1","StarMine SmartEstimate (proprietary weighted consensus) for revenue for Fiscal Year 1","mdl26_smartestimate_fy1_revenue","2","DEU","{""id"":""model-revisions-models"",""name"":""Revisions Models""}","[]","MATRIX","TOP500","0"
"0","{""id"":""model"",""name"":""Model""}","0.6367","{""id"":""model26"",""name"":""Analyst Revisions""}","1","2026-07-01","1","StarMine SmartEstimate (proprietary weighted consensus) for earnings for Fiscal Year 2","mdl26_smartestimate_fy2_earnings","2","DEU","{""id"":""model-revisions-models"",""name"":""Revisions Models""}","[]","MATRIX","TOP500","0"
"0","{""id"":""model"",""name"":""Model""}","0.6097","{""id"":""model26"",""name"":""Analyst Revisions""}","1","2026-07-01","1","StarMine SmartEstimate (proprietary weighted consensus) for EBITDA for Fiscal Year 2","mdl26_smartestimate_fy2_ebitda","2","DEU","{""id"":""model-revisions-models"",""name"":""Revisions Models""}","[]","MATRIX","TOP500","0"
"0","{""id"":""model"",""name"":""Model""}","0.634","{""id"":""model26"",""name"":""Analyst Revisions""}","1","2026-07-01","1","StarMine SmartEstimate (proprietary weighted consensus) for revenue for Fiscal Year 2","mdl26_smartestimate_fy2_revenue","2","DEU","{""id"":""model-revisions-models"",""name"":""Revisions Models""}","[]","MATRIX","TOP500","0"
"0","{""id"":""model"",""name"":""Model""}","0.4038","{""id"":""model26"",""name"":""Analyst Revisions""}","1","2026-07-01","1","Actual earnings reported for the most recent fiscal quarter","mdl26_sma_actual_last_q_earnings","2","DEU","{""id"":""model-revisions-models"",""name"":""Revisions Models""}","[]","MATRIX","TOP500","0"
"0","{""id"":""model"",""name"":""Model""}","0.6293","{""id"":""model26"",""name"":""Analyst Revisions""}","1","2026-07-01","1","Actual earnings reported for the most recent fiscal year","mdl26_sma_actual_last_y_earnings","2","DEU","{""id"":""model-revisions-models"",""name"":""Revisions Models""}","[]","MATRIX","TOP500","0"
"0","{""id"":""model"",""name"":""Model""}","1","{""id"":""model26"",""name"":""Analyst Revisions""}","1","2026-07-01","1","Country-level percentile rank of the ARM signal (integer 1–100)","mdl26_sma_arm_country_rank","2","DEU","{""id"":""model-revisions-models"",""name"":""Revisions Models""}","[]","MATRIX","TOP500","0"
"0","{""id"":""model"",""name"":""Model""}","1","{""id"":""model26"",""name"":""Analyst Revisions""}","1","2026-07-01","1","Global percentile rank of the ARM signal (integer 1–100)","mdl26_sma_arm_global_rank","2","DEU","{""id"":""model-revisions-models"",""name"":""Revisions Models""}","[]","MATRIX","TOP500","0"
"0","{""id"":""model"",""name"":""Model""}","0.6453","{""id"":""model26"",""name"":""Analyst Revisions""}","1","2026-07-01","1","Flag indicating new ARM-related analyst activity","mdl26_sma_arm_new_activity_flag","2","DEU","{""id"":""model-revisions-models"",""name"":""Revisions Models""}","[]","MATRIX","TOP500","0"
"0","{""id"":""model"",""name"":""Model""}","1","{""id"":""model26"",""name"":""Analyst Revisions""}","1","2026-07-01","1","Revenue subcomponent of the ARM score, reflecting revenue-related analyst signals (scaled as a component score)","mdl26_sma_arm_revenue_component","2","DEU","{""id"":""model-revisions-models"",""name"":""Revisions Models""}","[]","MATRIX","TOP500","0"
"0","{""id"":""model"",""name"":""Model""}","0.6849","{""id"":""model26"",""name"":""Analyst Revisions""}","1","2026-07-01","1","Five-day average of the composite ARM score","mdl26_sma_arm_score_5","2","DEU","{""id"":""model-revisions-models"",""name"":""Revisions Models""}","[]","MATRIX","TOP500","0"
"0","{""id"":""model"",""name"":""Model""}","0.6423","{""id"":""model26"",""name"":""Analyst Revisions""}","1","2026-07-01","1","Change in the ARM score over the last 30 days","mdl26_sma_arm_score_change_30","2","DEU","{""id"":""model-revisions-models"",""name"":""Revisions Models""}","[]","MATRIX","TOP500","0"
"0","{""id"":""model"",""name"":""Model""}","0.6452","{""id"":""model26"",""name"":""Analyst Revisions""}","1","2026-07-01","1","Number of model days since the last analyst report or estimate activity","mdl26_sma_days_since_last_report","2","DEU","{""id"":""model-revisions-models"",""name"":""Revisions Models""}","[]","MATRIX","TOP500","0"
"0","{""id"":""model"",""name"":""Model""}","0.5983","{""id"":""model26"",""name"":""Analyst Revisions""}","1","2026-07-01","1","Forward price to earnings ratio based on the mean consensus estimate for the current fiscal year FY1","mdl26_sma_forward_pe_mean_fy1","2","DEU","{""id"":""model-revisions-models"",""name"":""Revisions Models""}","[]","MATRIX","TOP500","0"
"0","{""id"":""model"",""name"":""Model""}","0.5598","{""id"":""model26"",""name"":""Analyst Revisions""}","1","2026-07-01","1","Price to earnings ratio using earnings from the last completed fiscal year","mdl26_sma_last_fiscal_year_pe","2","DEU","{""id"":""model-revisions-models"",""name"":""Revisions Models""}","[]","MATRIX","TOP500","0"
"0","{""id"":""model"",""name"":""Model""}","0.6452","{""id"":""model26"",""name"":""Analyst Revisions""}","1","2026-07-01","1","Number of analyst recommendation downgrades in the past 30 days","mdl26_sma_num_downgrades_30","2","DEU","{""id"":""model-revisions-models"",""name"":""Revisions Models""}","[]","MATRIX","TOP500","0"
"0","{""id"":""model"",""name"":""Model""}","0.6452","{""id"":""model26"",""name"":""Analyst Revisions""}","1","2026-07-01","1","Number of analyst recommendation upgrades in the past 30 days","mdl26_sma_num_upgrades_30","2","DEU","{""id"":""model-revisions-models"",""name"":""Revisions Models""}","[]","MATRIX","TOP500","0"
"0","{""id"":""model"",""name"":""Model""}","0.3623","{""id"":""model26"",""name"":""Analyst Revisions""}","1","2026-07-01","1","StarMine predicted earnings surprise amount for fiscal quarter 1","mdl26_sma_prsprise_fq1_earnings","2","DEU","{""id"":""model-revisions-models"",""name"":""Revisions Models""}","[]","MATRIX","TOP500","0"
"0","{""id"":""model"",""name"":""Model""}","0.2631","{""id"":""model26"",""name"":""Analyst Revisions""}","1","2026-07-01","1","Price to earnings ratio using earnings from the most recent four reported quarters","mdl26_sma_trailing_4_quarter_pe","2","DEU","{""id"":""model-revisions-models"",""name"":""Revisions Models""}","[]","MATRIX","TOP500","0"
"0","{""id"":""model"",""name"":""Model""}","0.5944","{""id"":""model26"",""name"":""Analyst Revisions""}","1","2026-07-01","1","Expected earnings growth from trailing 12 months to forward 12 months based on SmartEstimate","mdl26_smrtst_grwth_f12mt12m_rnngs","2","DEU","{""id"":""model-revisions-models"",""name"":""Revisions Models""}","[]","MATRIX","TOP500","0"
"0","{""id"":""model"",""name"":""Model""}","0.6299","{""id"":""model26"",""name"":""Analyst Revisions""}","1","2026-07-01","1","Expected earnings growth from forward 12 months to forward 24 months based on SmartEstimate","mdl26_smrtst_grwth_f24mf12m_rnngs","2","DEU","{""id"":""model-revisions-models"",""name"":""Revisions Models""}","[]","MATRIX","TOP500","0"
"0","{""id"":""model"",""name"":""Model""}","0.5895","{""id"":""model26"",""name"":""Analyst Revisions""}","1","2026-07-01","1","SmartEstimate growth rate ratio of next year’s to this year’s EBITDA","mdl26_smrtst_grwth_nxt_yrths_yr_btd","2","DEU","{""id"":""model-revisions-models"",""name"":""Revisions Models""}","[]","MATRIX","TOP500","0"
"0","{""id"":""model"",""name"":""Model""}","0.6205","{""id"":""model26"",""name"":""Analyst Revisions""}","1","2026-07-01","1","Expected earnings growth from this fiscal year to next fiscal year based on the StarMine SmartEstimate","mdl26_smrtst_grwth_nxt_yrths_yr_rnngs","2","DEU","{""id"":""model-revisions-models"",""name"":""Revisions Models""}","[]","MATRIX","TOP500","0"
"0","{""id"":""model"",""name"":""Model""}","0.6322","{""id"":""model26"",""name"":""Analyst Revisions""}","1","2026-07-01","1","SmartEstimate growth rate ratio of next year’s to this year’s revenue","mdl26_smrtst_grwth_nxt_yrths_yr_rvn","2","DEU","{""id"":""model-revisions-models"",""name"":""Revisions Models""}","[]","MATRIX","TOP500","0"
"0","{""id"":""model"",""name"":""Model""}","0.5488","{""id"":""model26"",""name"":""Analyst Revisions""}","1","2026-07-01","1","SmartEstimate growth rate ratio of this year’s to last year’s EBITDA","mdl26_smrtst_grwth_ths_yrlst_yr_btd","2","DEU","{""id"":""model-revisions-models"",""name"":""Revisions Models""}","[]","MATRIX","TOP500","0"
"0","{""id"":""model"",""name"":""Model""}","0.5835","{""id"":""model26"",""name"":""Analyst Revisions""}","1","2026-07-01","1","Earnings growth from last fiscal year to this fiscal year based on the StarMine SmartEstimate","mdl26_smrtst_grwth_ths_yrlst_yr_rnngs","2","DEU","{""id"":""model-revisions-models"",""name"":""Revisions Models""}","[]","MATRIX","TOP500","0"
"0","{""id"":""model"",""name"":""Model""}","0.6218","{""id"":""model26"",""name"":""Analyst Revisions""}","1","2026-07-01","1","SmartEstimate growth rate ratio of this year’s to last year’s revenue","mdl26_smrtst_grwth_ths_yrlst_yr_rvn","2","DEU","{""id"":""model-revisions-models"",""name"":""Revisions Models""}","[]","MATRIX","TOP500","0"
"0","{""id"":""model"",""name"":""Model""}","0.5752","{""id"":""model26"",""name"":""Analyst Revisions""}","1","2026-07-01","1","Industry percentile ranking of the PEG ratio based on SmartEstimate and forward 12-month growth","mdl26_smrtst_pg_ndstry_prcntl_f12m","2","DEU","{""id"":""model-revisions-models"",""name"":""Revisions Models""}","[]","MATRIX","TOP500","0"
"0","{""id"":""model"",""name"":""Model""}","0.5752","{""id"":""model26"",""name"":""Analyst Revisions""}","1","2026-07-01","1","Sector percentile ranking of the PEG ratio based on SmartEstimate and forward 12-month growth","mdl26_smrtst_pg_sctr_prcntl_f12m","2","DEU","{""id"":""model-revisions-models"",""name"":""Revisions Models""}","[]","MATRIX","TOP500","0"
"0","{""id"":""model"",""name"":""Model""}","0.5904","{""id"":""model26"",""name"":""Analyst Revisions""}","1","2026-07-01","1","Forward price to earnings ratio based on StarMine SmartEstimate for the current fiscal year FY1","mdl26_sm_frwrd_p_stm_fy1","2","DEU","{""id"":""model-revisions-models"",""name"":""Revisions Models""}","[]","MATRIX","TOP500","0"
"0","{""id"":""model"",""name"":""Model""}","0.5983","{""id"":""model26"",""name"":""Analyst Revisions""}","1","2026-07-01","1","Price-to-earnings ratio using the mean consensus estimate for Fiscal Year 1","mdl26_sm_mn_stmt_prc_rt_fy1_rnngs","2","DEU","{""id"":""model-revisions-models"",""name"":""Revisions Models""}","[]","MATRIX","TOP500","0"
"0","{""id"":""model"",""name"":""Model""}","0.6849","{""id"":""model26"",""name"":""Analyst Revisions""}","1","2026-07-01","1","Composite ARM percentile score indicating strength of analyst estimate and recommendation revisions for the stock","mdl26_sm_nlyst_rvsns_scr","2","DEU","{""id"":""model-revisions-models"",""name"":""Revisions Models""}","[]","MATRIX","TOP500","0"
"0","{""id"":""model"",""name"":""Model""}","0.6452","{""id"":""model26"",""name"":""Analyst Revisions""}","1","2026-07-01","1","Number of analysts revising down earnings estimates for Fiscal Quarter 1 over the past 30 days","mdl26_sm_nnlyst_rvsng_dwn_fq1_rnngs_30","2","DEU","{""id"":""model-revisions-models"",""name"":""Revisions Models""}","[]","MATRIX","TOP500","0"
"0","{""id"":""model"",""name"":""Model""}","0.6452","{""id"":""model26"",""name"":""Analyst Revisions""}","1","2026-07-01","1","Number of analysts who raised their Fiscal Quarter 1 earnings estimates in the past 30 days","mdl26_sm_nnlyst_rvsng_p_fq1_rnngs_30","2","DEU","{""id"":""model-revisions-models"",""name"":""Revisions Models""}","[]","MATRIX","TOP500","0"
"0","{""id"":""model"",""name"":""Model""}","0.6067","{""id"":""model26"",""name"":""Analyst Revisions""}","1","2026-07-01","1","Change in the mean analyst recommendation over the past 30 days","mdl26_sm_rcmmndtn_mn_chng_30","2","DEU","{""id"":""model-revisions-models"",""name"":""Revisions Models""}","[]","MATRIX","TOP500","0"
"0","{""id"":""model"",""name"":""Model""}","1","{""id"":""model26"",""name"":""Analyst Revisions""}","1","2026-07-01","1","Preferred earnings subcomponent of the ARM score (portion of final score, scaled 1–100)","mdl26_sm_rm_prfrrd_rnngs_cmpnnt","2","DEU","{""id"":""model-revisions-models"",""name"":""Revisions Models""}","[]","MATRIX","TOP500","0"
"0","{""id"":""model"",""name"":""Model""}","1","{""id"":""model26"",""name"":""Analyst Revisions""}","1","2026-07-01","1","Recommendations subcomponent score contributing to the overall ARM score","mdl26_sm_rm_rcmmndtns_cmpnnt","2","DEU","{""id"":""model-revisions-models"",""name"":""Revisions Models""}","[]","MATRIX","TOP500","0"
"0","{""id"":""model"",""name"":""Model""}","1","{""id"":""model26"",""name"":""Analyst Revisions""}","1","2026-07-01","1","Secondary earnings component contributing to the final ARM score","mdl26_sm_rm_scndry_rnngs_cmpnnt","2","DEU","{""id"":""model-revisions-models"",""name"":""Revisions Models""}","[]","MATRIX","TOP500","0"
"0","{""id"":""model"",""name"":""Model""}","0.5891","{""id"":""model26"",""name"":""Analyst Revisions""}","1","2026-07-01","1","SmartEstimate growth rate ratio of next year’s to this year’s earnings","mdl26_sm_smrtst_grwth_nxt_yrths_yr_rnngs","2","DEU","{""id"":""model-revisions-models"",""name"":""Revisions Models""}","[]","MATRIX","TOP500","0"
"0","{""id"":""model"",""name"":""Model""}","0.5534","{""id"":""model26"",""name"":""Analyst Revisions""}","1","2026-07-01","1","SmartEstimate growth rate ratio of this year’s to last year’s earnings","mdl26_sm_smrtst_grwth_ths_yrlst_yr_rnngs","2","DEU","{""id"":""model-revisions-models"",""name"":""Revisions Models""}","[]","MATRIX","TOP500","0"
"0","{""id"":""model"",""name"":""Model""}","0.3623","{""id"":""model26"",""name"":""Analyst Revisions""}","1","2026-07-01","1","StarMine SmartEstimate (proprietary weighted consensus) for fiscal quarter 1 earnings","mdl26_sm_stm_fq1_rnngs","2","DEU","{""id"":""model-revisions-models"",""name"":""Revisions Models""}","[]","MATRIX","TOP500","0"
"0","{""id"":""model"",""name"":""Model""}","0.5904","{""id"":""model26"",""name"":""Analyst Revisions""}","1","2026-07-01","1","Price-to-earnings ratio using StarMine SmartEstimate for Fiscal Year 1","mdl26_sm_stm_prc_rt_fy1_rnngs","2","DEU","{""id"":""model-revisions-models"",""name"":""Revisions Models""}","[]","MATRIX","TOP500","0"
"0","{""id"":""model"",""name"":""Model""}","0.3719","{""id"":""model26"",""name"":""Analyst Revisions""}","1","2026-07-01","1","Percentage surprise for last quarter earnings: (actual minus predicted) divided by predicted, expressed as a percentage","mdl26_srprs_pct_lst_q_rnngs","2","DEU","{""id"":""model-revisions-models"",""name"":""Revisions Models""}","[]","MATRIX","TOP500","0"
"0","{""id"":""model"",""name"":""Model""}","0.4511","{""id"":""model26"",""name"":""Analyst Revisions""}","1","2026-07-01","1","Percentage surprise for last quarter revenue: (actual minus predicted) divided by predicted, expressed as a percentage","mdl26_srprs_pct_lst_q_rvn","2","DEU","{""id"":""model-revisions-models"",""name"":""Revisions Models""}","[]","MATRIX","TOP500","0"
"0","{""id"":""model"",""name"":""Model""}","0.6284","{""id"":""model26"",""name"":""Analyst Revisions""}","1","2026-07-01","1","Percentage surprise for last year earnings: (actual minus predicted) divided by predicted, expressed as a percentage","mdl26_srprs_pct_lst_y_rnngs","2","DEU","{""id"":""model-revisions-models"",""name"":""Revisions Models""}","[]","MATRIX","TOP500","0"
"0","{""id"":""model"",""name"":""Model""}","0.6305","{""id"":""model26"",""name"":""Analyst Revisions""}","1","2026-07-01","1","Percentage surprise for last year revenue: (actual minus predicted) divided by predicted, expressed as a percentage","mdl26_srprs_pct_lst_y_rvn","2","DEU","{""id"":""model-revisions-models"",""name"":""Revisions Models""}","[]","MATRIX","TOP500","0"
"0","{""id"":""model"",""name"":""Model""}","0.6354","{""id"":""model26"",""name"":""Analyst Revisions""}","1","2026-07-01","1","StarMine SmartEstimate (proprietary weighted consensus) for forward 12 months earnings","mdl26_stm_f12m_rnngs","2","DEU","{""id"":""model-revisions-models"",""name"":""Revisions Models""}","[]","MATRIX","TOP500","0"
"0","{""id"":""model"",""name"":""Model""}","0.5988","{""id"":""model26"",""name"":""Analyst Revisions""}","1","2026-07-01","1","Price-to-EBITDA ratio using StarMine SmartEstimate for forward 12 months EBITDA","mdl26_stm_prc_rt_f12m_btd","2","DEU","{""id"":""model-revisions-models"",""name"":""Revisions Models""}","[]","MATRIX","TOP500","0"
"0","{""id"":""model"",""name"":""Model""}","0.608","{""id"":""model26"",""name"":""Analyst Revisions""}","1","2026-07-01","1","Price-to-earnings ratio using StarMine SmartEstimate for forward 12 months earnings","mdl26_stm_prc_rt_f12m_rnngs","2","DEU","{""id"":""model-revisions-models"",""name"":""Revisions Models""}","[]","MATRIX","TOP500","0"
"0","{""id"":""model"",""name"":""Model""}","0.6351","{""id"":""model26"",""name"":""Analyst Revisions""}","1","2026-07-01","1","Price-to-revenue ratio using StarMine SmartEstimate for forward 12 months revenue","mdl26_stm_prc_rt_f12m_rvn","2","DEU","{""id"":""model-revisions-models"",""name"":""Revisions Models""}","[]","MATRIX","TOP500","0"
"0","{""id"":""model"",""name"":""Model""}","0.5915","{""id"":""model26"",""name"":""Analyst Revisions""}","1","2026-07-01","1","Price-to-EBITDA ratio using StarMine SmartEstimate for Fiscal Year 1","mdl26_stm_prc_rt_fy1_btd","2","DEU","{""id"":""model-revisions-models"",""name"":""Revisions Models""}","[]","MATRIX","TOP500","0"
"0","{""id"":""model"",""name"":""Model""}","0.6223","{""id"":""model26"",""name"":""Analyst Revisions""}","1","2026-07-01","1","Price-to-earnings ratio based on the StarMine SmartEstimate for FY1 earnings","mdl26_stm_prc_rt_fy1_rnngs","2","DEU","{""id"":""model-revisions-models"",""name"":""Revisions Models""}","[]","MATRIX","TOP500","0"
"0","{""id"":""model"",""name"":""Model""}","0.6335","{""id"":""model26"",""name"":""Analyst Revisions""}","1","2026-07-01","1","Price-to-revenue ratio using StarMine SmartEstimate for Fiscal Year 1","mdl26_stm_prc_rt_fy1_rvn","2","DEU","{""id"":""model-revisions-models"",""name"":""Revisions Models""}","[]","MATRIX","TOP500","0"
"0","{""id"":""model"",""name"":""Model""}","0.5986","{""id"":""model26"",""name"":""Analyst Revisions""}","1","2026-07-01","1","Price-to-EBITDA ratio using StarMine SmartEstimate for Fiscal Year 2","mdl26_stm_prc_rt_fy2_btd","2","DEU","{""id"":""model-revisions-models"",""name"":""Revisions Models""}","[]","MATRIX","TOP500","0"
"0","{""id"":""model"",""name"":""Model""}","0.6128","{""id"":""model26"",""name"":""Analyst Revisions""}","1","2026-07-01","1","Price-to-earnings ratio using StarMine SmartEstimate for Fiscal Year 2","mdl26_stm_prc_rt_fy2_rnngs","2","DEU","{""id"":""model-revisions-models"",""name"":""Revisions Models""}","[]","MATRIX","TOP500","0"
"0","{""id"":""model"",""name"":""Model""}","0.6336","{""id"":""model26"",""name"":""Analyst Revisions""}","1","2026-07-01","1","Price-to-revenue ratio using StarMine SmartEstimate for Fiscal Year 2","mdl26_stm_prc_rt_fy2_rvn","2","DEU","{""id"":""model-revisions-models"",""name"":""Revisions Models""}","[]","MATRIX","TOP500","0"
"0","{""id"":""model"",""name"":""Model""}","0.3025","{""id"":""model26"",""name"":""Analyst Revisions""}","1","2026-07-01","1","Percentage surprise for last quarter EBITDA: (actual minus predicted) divided by predicted, expressed as a percentage","mdl26_surprise_pct_last_q_ebitda","2","DEU","{""id"":""model-revisions-models"",""name"":""Revisions Models""}","[]","MATRIX","TOP500","0"
"0","{""id"":""model"",""name"":""Model""}","0.582","{""id"":""model26"",""name"":""Analyst Revisions""}","1","2026-07-01","1","Percentage surprise for last year EBITDA: (actual minus predicted) divided by predicted, expressed as a percentage","mdl26_surprise_pct_last_y_ebitda","2","DEU","{""id"":""model-revisions-models"",""name"":""Revisions Models""}","[]","MATRIX","TOP500","0"
"0","{""id"":""model"",""name"":""Model""}","0.3126","{""id"":""model26"",""name"":""Analyst Revisions""}","1","2026-07-01","1","Price-to-earnings ratio using the sum of earnings per share over the most recent four reported quarters","mdl26_trailing_4_quarter_pe","2","DEU","{""id"":""model-revisions-models"",""name"":""Revisions Models""}","[]","MATRIX","TOP500","0"
"0","{""id"":""model"",""name"":""Model""}","0.6699","{""id"":""model26"",""name"":""Analyst Revisions""}","1","2026-07-01","1","Industry percentile ranking of the dividend yield based on FY1 estimates","mdl26_yld_ndstry_prcntl_fy1_rnngs","2","DEU","{""id"":""model-revisions-models"",""name"":""Revisions Models""}","[]","MATRIX","TOP500","0"
"0","{""id"":""model"",""name"":""Model""}","0.6699","{""id"":""model26"",""name"":""Analyst Revisions""}","1","2026-07-01","1","Sector percentile ranking of the dividend yield based on FY1 estimates","mdl26_yld_sctr_prcntl_fy1_rnngs","2","DEU","{""id"":""model-revisions-models"",""name"":""Revisions Models""}","[]","MATRIX","TOP500","0"
"0","{""id"":""model"",""name"":""Model""}","0.6703","{""id"":""model26"",""name"":""Analyst Revisions""}","1","2026-07-01","1","Dividend yield percentage estimated using StarMine SmartEstimate for fiscal year 1","mdl26_yld_stm_fy1_rnngs","2","DEU","{""id"":""model-revisions-models"",""name"":""Revisions Models""}","[]","MATRIX","TOP500","0"
"0","{""id"":""model"",""name"":""Model""}","0.6009","{""id"":""model26"",""name"":""Analyst Revisions""}","1","2026-07-01","1","Consensus mean price-to-EBITDA ratio for FY1","mean_estimate_to_price_ratio_year1_ebitda","2","DEU","{""id"":""model-revisions-models"",""name"":""Revisions Models""}","[]","MATRIX","TOP500","0"
"0","{""id"":""model"",""name"":""Model""}","0.6432","{""id"":""model26"",""name"":""Analyst Revisions""}","1","2026-07-01","1","Change in the StarMine ARM score over the last 3 days","model_score_delta_3d","2","DEU","{""id"":""model-revisions-models"",""name"":""Revisions Models""}","[]","MATRIX","TOP500","0"
"0","{""id"":""model"",""name"":""Model""}","0.6413","{""id"":""model26"",""name"":""Analyst Revisions""}","1","2026-07-01","1","Change in the StarMine ARM composite score over the last 60 days","model_score_delta_60d","2","DEU","{""id"":""model-revisions-models"",""name"":""Revisions Models""}","[]","MATRIX","TOP500","0"
"0","{""id"":""model"",""name"":""Model""}","0.6453","{""id"":""model26"",""name"":""Analyst Revisions""}","1","2026-07-01","1","Flag indicating newly detected activity or updates in the StarMine ARM dataset for the company since the prior day","new_model_activity_indicator","2","DEU","{""id"":""model-revisions-models"",""name"":""Revisions Models""}","[]","MATRIX","TOP500","0"
"0","{""id"":""model"",""name"":""Model""}","0.2678","{""id"":""model26"",""name"":""Analyst Revisions""}","1","2026-07-01","1","StarMine predicted percentage earnings surprise for Fiscal Quarter 2 (SmartEstimate vs mean consensus)","pct_expected_surprise_next_quarter_earnings","2","DEU","{""id"":""model-revisions-models"",""name"":""Revisions Models""}","[]","MATRIX","TOP500","0"
"0","{""id"":""model"",""name"":""Model""}","0.2073","{""id"":""model26"",""name"":""Analyst Revisions""}","1","2026-07-01","1","StarMine predicted percentage EBITDA surprise for Fiscal Quarter 2","pct_expected_surprise_next_quarter_ebitda","2","DEU","{""id"":""model-revisions-models"",""name"":""Revisions Models""}","[]","MATRIX","TOP500","0"
"0","{""id"":""model"",""name"":""Model""}","0.6367","{""id"":""model26"",""name"":""Analyst Revisions""}","1","2026-07-01","1","Predicted percentage earnings surprise for Fiscal Year 2, i.e., SmartEstimate versus mean consensus as a percent of the mean","pct_expected_surprise_next_year_earnings","2","DEU","{""id"":""model-revisions-models"",""name"":""Revisions Models""}","[]","MATRIX","TOP500","0"
"0","{""id"":""model"",""name"":""Model""}","0.6097","{""id"":""model26"",""name"":""Analyst Revisions""}","1","2026-07-01","1","StarMine predicted percentage EBITDA surprise for FY2 (SmartEstimate vs mean)","pct_expected_surprise_next_year_ebitda","2","DEU","{""id"":""model-revisions-models"",""name"":""Revisions Models""}","[]","MATRIX","TOP500","0"
"0","{""id"":""model"",""name"":""Model""}","0.4371","{""id"":""model26"",""name"":""Analyst Revisions""}","1","2026-07-01","1","StarMine predicted percentage revenue surprise for Fiscal Quarter 1","pct_expected_surprise_quarter_revenue","2","DEU","{""id"":""model-revisions-models"",""name"":""Revisions Models""}","[]","MATRIX","TOP500","0"
"0","{""id"":""model"",""name"":""Model""}","0.6101","{""id"":""model26"",""name"":""Analyst Revisions""}","1","2026-07-01","1","StarMine predicted percentage surprise for FY1 EBITDA, i.e., (SmartEstimate − mean) / mean","pct_expected_surprise_year_ebitda","2","DEU","{""id"":""model-revisions-models"",""name"":""Revisions Models""}","[]","MATRIX","TOP500","0"
"0","{""id"":""model"",""name"":""Model""}","0.634","{""id"":""model26"",""name"":""Analyst Revisions""}","1","2026-07-01","1","Predicted percentage revenue surprise for Fiscal Year 1 (SmartEstimate vs mean consensus)","pct_expected_surprise_year_revenue","2","DEU","{""id"":""model-revisions-models"",""name"":""Revisions Models""}","[]","MATRIX","TOP500","0"
"0","{""id"":""model"",""name"":""Model""}","0.6284","{""id"":""model26"",""name"":""Analyst Revisions""}","1","2026-07-01","1","Percentage surprise for the last year’s earnings, calculated as actual reported minus consensus estimate, expressed as a percent of the consensus","pct_surprise_reported_earnings_previous_year","2","DEU","{""id"":""model-revisions-models"",""name"":""Revisions Models""}","[]","MATRIX","TOP500","0"
"0","{""id"":""model"",""name"":""Model""}","0.582","{""id"":""model26"",""name"":""Analyst Revisions""}","1","2026-07-01","1","Percentage surprise for the last year’s EBITDA, calculated as actual reported minus consensus estimate, expressed as a percent of the consensus","pct_surprise_reported_ebitda_previous_year","2","DEU","{""id"":""model-revisions-models"",""name"":""Revisions Models""}","[]","MATRIX","TOP500","0"
"0","{""id"":""model"",""name"":""Model""}","0.4511","{""id"":""model26"",""name"":""Analyst Revisions""}","1","2026-07-01","1","Percentage surprise for the last quarter’s revenue, calculated as actual reported minus consensus estimate, expressed as a percent of the consensus","pct_surprise_reported_revenue_previous_quarter","2","DEU","{""id"":""model-revisions-models"",""name"":""Revisions Models""}","[]","MATRIX","TOP500","0"
"0","{""id"":""model"",""name"":""Model""}","0.6305","{""id"":""model26"",""name"":""Analyst Revisions""}","1","2026-07-01","1","Percentage surprise for the last year’s revenue, calculated as actual reported minus consensus estimate, expressed as a percent of the consensus","pct_surprise_reported_revenue_previous_year","2","DEU","{""id"":""model-revisions-models"",""name"":""Revisions Models""}","[]","MATRIX","TOP500","0"
"0","{""id"":""model"",""name"":""Model""}","0.5598","{""id"":""model26"",""name"":""Analyst Revisions""}","1","2026-07-01","1","Price-to-earnings ratio using earnings from the last completed fiscal year","pe_ratio_previous_fiscal_year","2","DEU","{""id"":""model-revisions-models"",""name"":""Revisions Models""}","[]","MATRIX","TOP500","0"
"0","{""id"":""model"",""name"":""Model""}","0.2631","{""id"":""model26"",""name"":""Analyst Revisions""}","1","2026-07-01","1","Price-to-earnings ratio using earnings from the most recent four reported quarters","pe_ratio_trailing_4q_2","2","DEU","{""id"":""model-revisions-models"",""name"":""Revisions Models""}","[]","MATRIX","TOP500","0"
"0","{""id"":""model"",""name"":""Model""}","0.634","{""id"":""model26"",""name"":""Analyst Revisions""}","1","2026-07-01","1","StarMine predicted revenue surprise amount for Fiscal Year 1 (SmartEstimate minus mean consensus)","predicted_surprise_pct_year1_revenue","2","DEU","{""id"":""model-revisions-models"",""name"":""Revisions Models""}","[]","MATRIX","TOP500","0"
"0","{""id"":""model"",""name"":""Model""}","0.6097","{""id"":""model26"",""name"":""Analyst Revisions""}","1","2026-07-01","1","StarMine predicted EBITDA surprise amount for Fiscal Year 2 (SmartEstimate minus mean consensus)","predicted_surprise_pct_year2_ebitda","2","DEU","{""id"":""model-revisions-models"",""name"":""Revisions Models""}","[]","MATRIX","TOP500","0"
"0","{""id"":""model"",""name"":""Model""}","0.6135","{""id"":""model26"",""name"":""Analyst Revisions""}","1","2026-07-01","1","Mean price-to-earnings estimate ratio for the next 12 months","price_to_mean_earnings_ratio_12m","2","DEU","{""id"":""model-revisions-models"",""name"":""Revisions Models""}","[]","MATRIX","TOP500","0"
"0","{""id"":""model"",""name"":""Model""}","0.5983","{""id"":""model26"",""name"":""Analyst Revisions""}","1","2026-07-01","1","Price-to-earnings ratio using the mean (consensus) estimate for Fiscal Year 1 earnings","price_to_mean_earnings_ratio_year","2","DEU","{""id"":""model-revisions-models"",""name"":""Revisions Models""}","[]","MATRIX","TOP500","0"
"0","{""id"":""model"",""name"":""Model""}","0.6194","{""id"":""model26"",""name"":""Analyst Revisions""}","1","2026-07-01","1","Mean price-to-earnings estimate ratio for Fiscal Year 2","price_to_mean_estimate_next_year_earnings_ratio","2","DEU","{""id"":""model-revisions-models"",""name"":""Revisions Models""}","[]","MATRIX","TOP500","0"
"0","{""id"":""model"",""name"":""Model""}","0.6072","{""id"":""model26"",""name"":""Analyst Revisions""}","1","2026-07-01","1","Mean price-to-EBITDA estimate ratio for the next 12 months","price_to_mean_estimate_ratio_12m_ebitda","2","DEU","{""id"":""model-revisions-models"",""name"":""Revisions Models""}","[]","MATRIX","TOP500","0"
"0","{""id"":""model"",""name"":""Model""}","0.6426","{""id"":""model26"",""name"":""Analyst Revisions""}","1","2026-07-01","1","Price-to-revenue ratio using the mean (consensus) estimate for Fiscal Year 1 revenue","price_to_mean_estimate_ratio_next_year_revenue","2","DEU","{""id"":""model-revisions-models"",""name"":""Revisions Models""}","[]","MATRIX","TOP500","0"
"0","{""id"":""model"",""name"":""Model""}","0.6078","{""id"":""model26"",""name"":""Analyst Revisions""}","1","2026-07-01","1","Mean price-to-EBITDA estimate ratio for Fiscal Year 2","price_to_mean_estimate_ratio_year2_ebitda","2","DEU","{""id"":""model-revisions-models"",""name"":""Revisions Models""}","[]","MATRIX","TOP500","0"
"0","{""id"":""model"",""name"":""Model""}","0.6422","{""id"":""model26"",""name"":""Analyst Revisions""}","1","2026-07-01","1","Consensus mean price-to-revenue ratio for FY2","price_to_mean_estimate_ratio_year2_revenue","2","DEU","{""id"":""model-revisions-models"",""name"":""Revisions Models""}","[]","MATRIX","TOP500","0"
"0","{""id"":""model"",""name"":""Model""}","0.6428","{""id"":""model26"",""name"":""Analyst Revisions""}","1","2026-07-01","1","Mean price-to-revenue estimate ratio for forward 12 months","price_to_mean_revenue_ratio_12m","2","DEU","{""id"":""model-revisions-models"",""name"":""Revisions Models""}","[]","MATRIX","TOP500","0"
"0","{""id"":""model"",""name"":""Model""}","0.6128","{""id"":""model26"",""name"":""Analyst Revisions""}","1","2026-07-01","1","Price-to-earnings ratio using the SmartEstimate for Fiscal Year 2 earnings","price_to_smartest_earnings_ratio_next_year","2","DEU","{""id"":""model-revisions-models"",""name"":""Revisions Models""}","[]","MATRIX","TOP500","0"
"0","{""id"":""model"",""name"":""Model""}","0.5915","{""id"":""model26"",""name"":""Analyst Revisions""}","1","2026-07-01","1","StarMine SmartEstimate price-to-EBITDA ratio for FY1","price_to_smartest_ebitda_ratio_year","2","DEU","{""id"":""model-revisions-models"",""name"":""Revisions Models""}","[]","MATRIX","TOP500","0"
"0","{""id"":""model"",""name"":""Model""}","0.608","{""id"":""model26"",""name"":""Analyst Revisions""}","1","2026-07-01","1","Price-to-earnings ratio for the next 12 months based on the SmartEstimate of forward 12-month earnings","price_to_smartest_estimate_ratio_12m_earnings","2","DEU","{""id"":""model-revisions-models"",""name"":""Revisions Models""}","[]","MATRIX","TOP500","0"
"0","{""id"":""model"",""name"":""Model""}","0.5904","{""id"":""model26"",""name"":""Analyst Revisions""}","1","2026-07-01","1","Price-to-earnings ratio using the StarMine SmartEstimate for Fiscal Year 1 earnings","price_to_smartest_estimate_ratio_next_year_earnings","2","DEU","{""id"":""model-revisions-models"",""name"":""Revisions Models""}","[]","MATRIX","TOP500","0"
"0","{""id"":""model"",""name"":""Model""}","0.6335","{""id"":""model26"",""name"":""Analyst Revisions""}","1","2026-07-01","1","Price-to-revenue ratio using the StarMine SmartEstimate for Fiscal Year 1 revenue","price_to_smartest_estimate_ratio_next_year_revenue","2","DEU","{""id"":""model-revisions-models"",""name"":""Revisions Models""}","[]","MATRIX","TOP500","0"
"0","{""id"":""model"",""name"":""Model""}","0.6336","{""id"":""model26"",""name"":""Analyst Revisions""}","1","2026-07-01","1","Price-to-revenue ratio using the StarMine SmartEstimate for Fiscal Year 2 revenue","price_to_smartest_estimate_ratio_year2_revenue","2","DEU","{""id"":""model-revisions-models"",""name"":""Revisions Models""}","[]","MATRIX","TOP500","0"
"0","{""id"":""model"",""name"":""Model""}","0.5988","{""id"":""model26"",""name"":""Analyst Revisions""}","1","2026-07-01","1","Price-to-EBITDA ratio using StarMine SmartEstimate for forward 12 months EBITDA","price_to_smartest_forward_ebitda_ratio","2","DEU","{""id"":""model-revisions-models"",""name"":""Revisions Models""}","[]","MATRIX","TOP500","0"
"0","{""id"":""model"",""name"":""Model""}","0.6351","{""id"":""model26"",""name"":""Analyst Revisions""}","1","2026-07-01","1","Price-to-revenue ratio using StarMine SmartEstimate for forward 12 months revenue","price_to_smartest_forward_revenue_ratio","2","DEU","{""id"":""model-revisions-models"",""name"":""Revisions Models""}","[]","MATRIX","TOP500","0"
"0","{""id"":""model"",""name"":""Model""}","0.5986","{""id"":""model26"",""name"":""Analyst Revisions""}","1","2026-07-01","1","Price-to-EBITDA ratio using the StarMine SmartEstimate for Fiscal Year 2 EBITDA","price_to_smartest_next_year_ebitda_ratio","2","DEU","{""id"":""model-revisions-models"",""name"":""Revisions Models""}","[]","MATRIX","TOP500","0"
"0","{""id"":""model"",""name"":""Model""}","1","{""id"":""model26"",""name"":""Analyst Revisions""}","1","2026-07-01","1","Recommendations component portion of the final ARM score expressed as a percentile 1–100","recommendation_change_score","2","DEU","{""id"":""model-revisions-models"",""name"":""Revisions Models""}","[]","MATRIX","TOP500","0"
"0","{""id"":""model"",""name"":""Model""}","0.6558","{""id"":""model26"",""name"":""Analyst Revisions""}","1","2026-07-01","1","ARM recommendations component percentile score reflecting recommendation momentum","recommendation_change_score_component","2","DEU","{""id"":""model-revisions-models"",""name"":""Revisions Models""}","[]","MATRIX","TOP500","0"
"0","{""id"":""model"",""name"":""Model""}","0.6433","{""id"":""model26"",""name"":""Analyst Revisions""}","1","2026-07-01","1","Region-specific relative rank of the ARM signal, expressed in decimal form","region_rank_decimal_score","2","DEU","{""id"":""model-revisions-models"",""name"":""Revisions Models""}","[]","MATRIX","TOP500","0"
"0","{""id"":""model"",""name"":""Model""}","0.6433","{""id"":""model26"",""name"":""Analyst Revisions""}","1","2026-07-01","1","Region-specific relative rank of the ARM signal expressed as a decimal percentile","region_rank_score_decimal","2","DEU","{""id"":""model-revisions-models"",""name"":""Revisions Models""}","[]","MATRIX","TOP500","0"
"0","{""id"":""model"",""name"":""Model""}","0.6293","{""id"":""model26"",""name"":""Analyst Revisions""}","1","2026-07-01","1","Actual earnings reported for the most recent fiscal year","reported_earnings_last_fiscal_year","2","DEU","{""id"":""model-revisions-models"",""name"":""Revisions Models""}","[]","MATRIX","TOP500","0"
"0","{""id"":""model"",""name"":""Model""}","0.4038","{""id"":""model26"",""name"":""Analyst Revisions""}","1","2026-07-01","1","Actual earnings reported for the most recent fiscal quarter","reported_earnings_previous_quarter","2","DEU","{""id"":""model-revisions-models"",""name"":""Revisions Models""}","[]","MATRIX","TOP500","0"
"0","{""id"":""model"",""name"":""Model""}","0.3227","{""id"":""model26"",""name"":""Analyst Revisions""}","1","2026-07-01","1","Actual EBITDA reported for the most recent fiscal quarter","reported_ebitda_last_quarter","2","DEU","{""id"":""model-revisions-models"",""name"":""Revisions Models""}","[]","MATRIX","TOP500","0"
"0","{""id"":""model"",""name"":""Model""}","0.5849","{""id"":""model26"",""name"":""Analyst Revisions""}","1","2026-07-01","1","Actual EBITDA reported for the most recent fiscal year","reported_ebitda_previous_year","2","DEU","{""id"":""model-revisions-models"",""name"":""Revisions Models""}","[]","MATRIX","TOP500","0"
"0","{""id"":""model"",""name"":""Model""}","0.6325","{""id"":""model26"",""name"":""Analyst Revisions""}","1","2026-07-01","1","Actual revenue reported for the most recent fiscal year","reported_revenue_last_fiscal_year","2","DEU","{""id"":""model-revisions-models"",""name"":""Revisions Models""}","[]","MATRIX","TOP500","0"
"0","{""id"":""model"",""name"":""Model""}","0.5364","{""id"":""model26"",""name"":""Analyst Revisions""}","1","2026-07-01","1","Actual revenue reported for the most recent fiscal quarter","reported_revenue_last_quarter","2","DEU","{""id"":""model-revisions-models"",""name"":""Revisions Models""}","[]","MATRIX","TOP500","0"
"0","{""id"":""model"",""name"":""Model""}","1","{""id"":""model26"",""name"":""Analyst Revisions""}","1","2026-07-01","1","Revenue component portion of the final ARM score expressed as a percentile 1–100","revenue_revision_score_3","2","DEU","{""id"":""model-revisions-models"",""name"":""Revisions Models""}","[]","MATRIX","TOP500","0"
"0","{""id"":""model"",""name"":""Model""}","0.6849","{""id"":""model26"",""name"":""Analyst Revisions""}","1","2026-07-01","1","Composite StarMine ARM percentile score reflecting the direction, breadth, and momentum of analyst estimate revisions","score_analyst_estimate_revisions","2","DEU","{""id"":""model-revisions-models"",""name"":""Revisions Models""}","[]","MATRIX","TOP500","0"
"0","{""id"":""model"",""name"":""Model""}","0.6849","{""id"":""model26"",""name"":""Analyst Revisions""}","1","2026-07-01","1","ARM score averaged over the past 5 days","score_avg_5d","2","DEU","{""id"":""model-revisions-models"",""name"":""Revisions Models""}","[]","MATRIX","TOP500","0"
"0","{""id"":""model"",""name"":""Model""}","0.6423","{""id"":""model26"",""name"":""Analyst Revisions""}","1","2026-07-01","1","Change in the StarMine ARM composite score over the last 30 days","score_change_model_30d","2","DEU","{""id"":""model-revisions-models"",""name"":""Revisions Models""}","[]","MATRIX","TOP500","0"
"0","{""id"":""model"",""name"":""Model""}","0.6431","{""id"":""model26"",""name"":""Analyst Revisions""}","1","2026-07-01","1","Change in the StarMine ARM composite score over the last 7 days","score_change_model_7d","2","DEU","{""id"":""model-revisions-models"",""name"":""Revisions Models""}","[]","MATRIX","TOP500","0"
"0","{""id"":""model"",""name"":""Model""}","1","{""id"":""model26"",""name"":""Analyst Revisions""}","1","2026-07-01","1","Preferred earnings component portion of the final ARM score","score_component_primary_earnings","2","DEU","{""id"":""model-revisions-models"",""name"":""Revisions Models""}","[]","MATRIX","TOP500","0"
"0","{""id"":""model"",""name"":""Model""}","0.6849","{""id"":""model26"",""name"":""Analyst Revisions""}","1","2026-07-01","1","ARM preferred earnings component percentile score","score_component_primary_earnings_float","2","DEU","{""id"":""model-revisions-models"",""name"":""Revisions Models""}","[]","MATRIX","TOP500","0"
"0","{""id"":""model"",""name"":""Model""}","0.6432","{""id"":""model26"",""name"":""Analyst Revisions""}","1","2026-07-01","1","Change in the ARM composite score over the last 1 day","score_delta_1d","2","DEU","{""id"":""model-revisions-models"",""name"":""Revisions Models""}","[]","MATRIX","TOP500","0"
"0","{""id"":""model"",""name"":""Model""}","0.6398","{""id"":""model26"",""name"":""Analyst Revisions""}","1","2026-07-01","1","Change in the StarMine ARM score over the last 90 days","score_delta_90d","2","DEU","{""id"":""model-revisions-models"",""name"":""Revisions Models""}","[]","MATRIX","TOP500","0"
"0","{""id"":""model"",""name"":""Model""}","1","{""id"":""model26"",""name"":""Analyst Revisions""}","1","2026-07-01","1","Secondary earnings component portion of the final ARM score expressed as a percentile 1–100","secondary_earnings_score","2","DEU","{""id"":""model-revisions-models"",""name"":""Revisions Models""}","[]","MATRIX","TOP500","0"
"0","{""id"":""model"",""name"":""Model""}","0.6616","{""id"":""model26"",""name"":""Analyst Revisions""}","1","2026-07-01","1","Score component reflecting revisions and surprises in secondary earnings measures.","secondary_earnings_score_component","2","DEU","{""id"":""model-revisions-models"",""name"":""Revisions Models""}","[]","MATRIX","TOP500","0"
"0","{""id"":""model"",""name"":""Model""}","0.5895","{""id"":""model26"",""name"":""Analyst Revisions""}","1","2026-07-01","1","Growth rate of EBITDA from this fiscal year to next fiscal year based on the SmartEstimate","smartest_growth_ebitda_next_vs_this_year","2","DEU","{""id"":""model-revisions-models"",""name"":""Revisions Models""}","[]","MATRIX","TOP500","0"
"0","{""id"":""model"",""name"":""Model""}","0.5891","{""id"":""model26"",""name"":""Analyst Revisions""}","1","2026-07-01","1","SmartEstimate growth rate for earnings, comparing next fiscal year to this fiscal year","smartest_growth_rate_next_vs_current_year_earnings","2","DEU","{""id"":""model-revisions-models"",""name"":""Revisions Models""}","[]","MATRIX","TOP500","0"
"0","{""id"":""model"",""name"":""Model""}","0.6354","{""id"":""model26"",""name"":""Analyst Revisions""}","1","2026-07-01","1","StarMine weighted consensus estimate for forward 12 months earnings","weighted_estimate_12m_earnings","2","DEU","{""id"":""model-revisions-models"",""name"":""Revisions Models""}","[]","MATRIX","TOP500","0"
"0","{""id"":""model"",""name"":""Model""}","0.6075","{""id"":""model26"",""name"":""Analyst Revisions""}","1","2026-07-01","1","StarMine weighted consensus estimate for forward 12 months EBITDA","weighted_estimate_12m_ebitda","2","DEU","{""id"":""model-revisions-models"",""name"":""Revisions Models""}","[]","MATRIX","TOP500","0"
"0","{""id"":""model"",""name"":""Model""}","0.3169","{""id"":""model26"",""name"":""Analyst Revisions""}","1","2026-07-01","1","StarMine weighted consensus estimate for Fiscal Quarter 1 EBITDA","weighted_estimate_curr_qtr_ebitda","2","DEU","{""id"":""model-revisions-models"",""name"":""Revisions Models""}","[]","MATRIX","TOP500","0"
"0","{""id"":""model"",""name"":""Model""}","0.4371","{""id"":""model26"",""name"":""Analyst Revisions""}","1","2026-07-01","1","StarMine weighted consensus estimate for Fiscal Quarter 1 revenue","weighted_estimate_curr_qtr_revenue","2","DEU","{""id"":""model-revisions-models"",""name"":""Revisions Models""}","[]","MATRIX","TOP500","0"
"0","{""id"":""model"",""name"":""Model""}","0.6323","{""id"":""model26"",""name"":""Analyst Revisions""}","1","2026-07-01","1","StarMine weighted consensus estimate for forward 12 months revenue","weighted_estimate_forward_12m_revenue","2","DEU","{""id"":""model-revisions-models"",""name"":""Revisions Models""}","[]","MATRIX","TOP500","0"
"0","{""id"":""model"",""name"":""Model""}","0.2678","{""id"":""model26"",""name"":""Analyst Revisions""}","1","2026-07-01","1","StarMine SmartEstimate (weighted consensus) for Fiscal Quarter 2 earnings","weighted_estimate_next_quarter_earnings","2","DEU","{""id"":""model-revisions-models"",""name"":""Revisions Models""}","[]","MATRIX","TOP500","0"
"0","{""id"":""model"",""name"":""Model""}","0.2902","{""id"":""model26"",""name"":""Analyst Revisions""}","1","2026-07-01","1","StarMine SmartEstimate (proprietary weighted analyst consensus) for Fiscal Quarter 2 revenue","weighted_estimate_next_quarter_revenue","2","DEU","{""id"":""model-revisions-models"",""name"":""Revisions Models""}","[]","MATRIX","TOP500","0"
"0","{""id"":""model"",""name"":""Model""}","0.6369","{""id"":""model26"",""name"":""Analyst Revisions""}","1","2026-07-01","1","StarMine SmartEstimate (proprietary weighted analyst consensus) for next fiscal year (FY1) earnings","weighted_estimate_next_year_earnings","2","DEU","{""id"":""model-revisions-models"",""name"":""Revisions Models""}","[]","MATRIX","TOP500","0"
"0","{""id"":""model"",""name"":""Model""}","0.6367","{""id"":""model26"",""name"":""Analyst Revisions""}","1","2026-07-01","1","StarMine SmartEstimate (proprietary weighted analyst consensus) for the following fiscal year (FY2) earnings","weighted_estimate_next_year_earnings_2","2","DEU","{""id"":""model-revisions-models"",""name"":""Revisions Models""}","[]","MATRIX","TOP500","0"
"0","{""id"":""model"",""name"":""Model""}","0.6101","{""id"":""model26"",""name"":""Analyst Revisions""}","1","2026-07-01","1","StarMine SmartEstimate (proprietary weighted analyst consensus) for next fiscal year (FY1) EBITDA","weighted_estimate_next_year_ebitda","2","DEU","{""id"":""model-revisions-models"",""name"":""Revisions Models""}","[]","MATRIX","TOP500","0"
"0","{""id"":""model"",""name"":""Model""}","0.6097","{""id"":""model26"",""name"":""Analyst Revisions""}","1","2026-07-01","1","SmartEstimate consensus for FY2 EBITDA","weighted_estimate_next_year_ebitda_2","2","DEU","{""id"":""model-revisions-models"",""name"":""Revisions Models""}","[]","MATRIX","TOP500","0"
"0","{""id"":""model"",""name"":""Model""}","0.634","{""id"":""model26"",""name"":""Analyst Revisions""}","1","2026-07-01","1","StarMine SmartEstimate (proprietary weighted analyst consensus) for next fiscal year (FY1) revenue","weighted_estimate_next_year_revenue","2","DEU","{""id"":""model-revisions-models"",""name"":""Revisions Models""}","[]","MATRIX","TOP500","0"
"0","{""id"":""model"",""name"":""Model""}","0.2073","{""id"":""model26"",""name"":""Analyst Revisions""}","1","2026-07-01","1","StarMine SmartEstimate (proprietary weighted analyst consensus) for Fiscal Quarter 2 EBITDA","weighted_estimate_qtr2_ebitda","2","DEU","{""id"":""model-revisions-models"",""name"":""Revisions Models""}","[]","MATRIX","TOP500","0"
"0","{""id"":""model"",""name"":""Model""}","0.3623","{""id"":""model26"",""name"":""Analyst Revisions""}","1","2026-07-01","1","StarMine weighted consensus estimate for Fiscal Quarter 1 earnings","weighted_estimate_quarter_earnings","2","DEU","{""id"":""model-revisions-models"",""name"":""Revisions Models""}","[]","MATRIX","TOP500","0"
"0","{""id"":""model"",""name"":""Model""}","0.634","{""id"":""model26"",""name"":""Analyst Revisions""}","1","2026-07-01","1","StarMine SmartEstimate (proprietary weighted analyst consensus) for the following fiscal year (FY2) revenue","weighted_estimate_year2_revenue","2","DEU","{""id"":""model-revisions-models"",""name"":""Revisions Models""}","[]","MATRIX","TOP500","0"
