"alphaCount","category","coverage","dataset","dateCoverage","dateCreated","delay","description","id","pyramidMultiplier","region","subcategory","themes","type","universe","userCount"
"0","{""id"":""other"",""name"":""Other""}","0.231","{""id"":""order_book_imbalance"",""name"":""Order Book Liquidity and Imbalance Analytics""}","0.6585","2026-07-01","1","Number of ask-side order deletions/cancellations during the day","ask_order_deletion_count","2","DEU","{""id"":""other-aiml-data"",""name"":""AI/ML Data""}","[]","VECTOR","TOP500","0"
"0","{""id"":""other"",""name"":""Other""}","0.231","{""id"":""order_book_imbalance"",""name"":""Order Book Liquidity and Imbalance Analytics""}","0.6585","2026-07-01","1","Number of execution events that filled resting ask-side orders during the day","ask_order_execution_count","2","DEU","{""id"":""other-aiml-data"",""name"":""AI/ML Data""}","[]","VECTOR","TOP500","0"
"0","{""id"":""other"",""name"":""Other""}","0.231","{""id"":""order_book_imbalance"",""name"":""Order Book Liquidity and Imbalance Analytics""}","0.6585","2026-07-01","1","Number of new limit order insert events on the ask side during the day","ask_order_insertion_count_2","2","DEU","{""id"":""other-aiml-data"",""name"":""AI/ML Data""}","[]","VECTOR","TOP500","0"
"0","{""id"":""other"",""name"":""Other""}","0.231","{""id"":""order_book_imbalance"",""name"":""Order Book Liquidity and Imbalance Analytics""}","0.6585","2026-07-01","1","Number of modification events (e.g., size changes) on the ask side during the day","ask_order_modification_count","2","DEU","{""id"":""other-aiml-data"",""name"":""AI/ML Data""}","[]","VECTOR","TOP500","0"
"0","{""id"":""other"",""name"":""Other""}","0.231","{""id"":""order_book_imbalance"",""name"":""Order Book Liquidity and Imbalance Analytics""}","0.6585","2026-07-01","1","Number of order replacement events on the ask side during the day","ask_order_replacement_count","2","DEU","{""id"":""other-aiml-data"",""name"":""AI/ML Data""}","[]","VECTOR","TOP500","0"
"0","{""id"":""other"",""name"":""Other""}","0.231","{""id"":""order_book_imbalance"",""name"":""Order Book Liquidity and Imbalance Analytics""}","0.6585","2026-07-01","1","Refers to the total volume of modified ask orders","ask_order_volume_after_modification_2","2","DEU","{""id"":""other-aiml-data"",""name"":""AI/ML Data""}","[]","VECTOR","TOP500","0"
"0","{""id"":""other"",""name"":""Other""}","0.231","{""id"":""order_book_imbalance"",""name"":""Order Book Liquidity and Imbalance Analytics""}","0.6585","2026-07-01","1","Refers to the total volume of replaced ask orders","ask_order_volume_after_replacement","2","DEU","{""id"":""other-aiml-data"",""name"":""AI/ML Data""}","[]","VECTOR","TOP500","0"
"0","{""id"":""other"",""name"":""Other""}","0.231","{""id"":""order_book_imbalance"",""name"":""Order Book Liquidity and Imbalance Analytics""}","0.6585","2026-07-01","1","Refers to the total volume of modified ask orders","ask_order_volume_before_modification","2","DEU","{""id"":""other-aiml-data"",""name"":""AI/ML Data""}","[]","VECTOR","TOP500","0"
"0","{""id"":""other"",""name"":""Other""}","0.231","{""id"":""order_book_imbalance"",""name"":""Order Book Liquidity and Imbalance Analytics""}","0.6585","2026-07-01","1","Refers to the total change in volume of ask orders due to orders being modified.","ask_order_volume_change_modification","2","DEU","{""id"":""other-aiml-data"",""name"":""AI/ML Data""}","[]","VECTOR","TOP500","0"
"0","{""id"":""other"",""name"":""Other""}","0.231","{""id"":""order_book_imbalance"",""name"":""Order Book Liquidity and Imbalance Analytics""}","0.6585","2026-07-01","1","Refers to the total change in volume of ask orders due to orders being replaced.","ask_order_volume_change_replacement","2","DEU","{""id"":""other-aiml-data"",""name"":""AI/ML Data""}","[]","VECTOR","TOP500","0"
"0","{""id"":""other"",""name"":""Other""}","0.231","{""id"":""order_book_imbalance"",""name"":""Order Book Liquidity and Imbalance Analytics""}","0.6585","2026-07-01","1","Total share volume removed via cancellations on the ask side during the day","ask_order_volume_deleted","2","DEU","{""id"":""other-aiml-data"",""name"":""AI/ML Data""}","[]","VECTOR","TOP500","0"
"0","{""id"":""other"",""name"":""Other""}","0.231","{""id"":""order_book_imbalance"",""name"":""Order Book Liquidity and Imbalance Analytics""}","0.6585","2026-07-01","1","Total share volume executed from resting ask-side orders during the day","ask_order_volume_executed","2","DEU","{""id"":""other-aiml-data"",""name"":""AI/ML Data""}","[]","VECTOR","TOP500","0"
"0","{""id"":""other"",""name"":""Other""}","0.231","{""id"":""order_book_imbalance"",""name"":""Order Book Liquidity and Imbalance Analytics""}","0.6585","2026-07-01","1","Refers to the volume of aggressive asks executed 1 level or more away from the best offer, as a percentage of the total volume traded in that period.","ask_trade_imbalance_1_level","2","DEU","{""id"":""other-aiml-data"",""name"":""AI/ML Data""}","[]","VECTOR","TOP500","0"
"0","{""id"":""other"",""name"":""Other""}","0.231","{""id"":""order_book_imbalance"",""name"":""Order Book Liquidity and Imbalance Analytics""}","0.6585","2026-07-01","1","Refers to the volume of aggressive asks executed 2 levels or more away from the best offer, as a percentage of the total volume traded in that period.","ask_trade_imbalance_2_levels","2","DEU","{""id"":""other-aiml-data"",""name"":""AI/ML Data""}","[]","VECTOR","TOP500","0"
"0","{""id"":""other"",""name"":""Other""}","0.231","{""id"":""order_book_imbalance"",""name"":""Order Book Liquidity and Imbalance Analytics""}","0.6585","2026-07-01","1","Refers to the volume of aggressive asks executed 3 levels or more away from the best offer, as a percentage of the total volume traded in that period.","ask_trade_imbalance_3_levels","2","DEU","{""id"":""other-aiml-data"",""name"":""AI/ML Data""}","[]","VECTOR","TOP500","0"
"0","{""id"":""other"",""name"":""Other""}","0.231","{""id"":""order_book_imbalance"",""name"":""Order Book Liquidity and Imbalance Analytics""}","0.6585","2026-07-01","1","Refers to the volume of aggressive asks executed as a percentage of the total volume traded in that period.","ask_trade_imbalance_all_levels","2","DEU","{""id"":""other-aiml-data"",""name"":""AI/ML Data""}","[]","VECTOR","TOP500","0"
"0","{""id"":""other"",""name"":""Other""}","0.2327","{""id"":""order_book_imbalance"",""name"":""Order Book Liquidity and Imbalance Analytics""}","0.6585","2026-07-01","1","Refers to the excess volume after the closing auction that stays on the book after the auction execution. This is the volume of bid orders at  the crossing price minus the volume of ask orders at the crossing price.","auction_order_imbalance_absolute","2","DEU","{""id"":""other-aiml-data"",""name"":""AI/ML Data""}","[]","VECTOR","TOP500","0"
"0","{""id"":""other"",""name"":""Other""}","0.2327","{""id"":""order_book_imbalance"",""name"":""Order Book Liquidity and Imbalance Analytics""}","0.6585","2026-07-01","1","Refers to the excess notional volume after the closing auction that stays on the book after the auction execution. This is the notional volume of bid orders at the crossing price minus the notional volume of ask orders at the crossing price.","auction_order_imbalance_notional","2","DEU","{""id"":""other-aiml-data"",""name"":""AI/ML Data""}","[]","VECTOR","TOP500","0"
"0","{""id"":""other"",""name"":""Other""}","0.2327","{""id"":""order_book_imbalance"",""name"":""Order Book Liquidity and Imbalance Analytics""}","0.6585","2026-07-01","1","Closing auction order imbalance expressed as a percentage of the stock’s Average Daily Volume","auction_order_imbalance_pct_adv","2","DEU","{""id"":""other-aiml-data"",""name"":""AI/ML Data""}","[]","VECTOR","TOP500","0"
"0","{""id"":""other"",""name"":""Other""}","0.2327","{""id"":""order_book_imbalance"",""name"":""Order Book Liquidity and Imbalance Analytics""}","0.6585","2026-07-01","1","Refers to the excess volume after the closing auction that stays on the book after the auction execution as a percentage of volume traded during the auction. This is the volume of bid orders at the crossing price minus the volume of ask orders at the crossing price.","auction_order_imbalance_pct_auction","2","DEU","{""id"":""other-aiml-data"",""name"":""AI/ML Data""}","[]","VECTOR","TOP500","0"
"0","{""id"":""other"",""name"":""Other""}","0.2308","{""id"":""order_book_imbalance"",""name"":""Order Book Liquidity and Imbalance Analytics""}","0.6585","2026-07-01","1","Refers to the mean resting time (in seconds) of ask orders placed at the 1st level of the book which were subsequently cancelled.","avg_rest_time_ask_cancelled_lvl1","2","DEU","{""id"":""other-aiml-data"",""name"":""AI/ML Data""}","[]","VECTOR","TOP500","0"
"0","{""id"":""other"",""name"":""Other""}","0.2308","{""id"":""order_book_imbalance"",""name"":""Order Book Liquidity and Imbalance Analytics""}","0.6585","2026-07-01","1","Average resting time in seconds for ask-side orders at depth level 2 away from the EBBO that were cancelled","avg_rest_time_ask_cancelled_lvl2","2","DEU","{""id"":""other-aiml-data"",""name"":""AI/ML Data""}","[]","VECTOR","TOP500","0"
"0","{""id"":""other"",""name"":""Other""}","0.2308","{""id"":""order_book_imbalance"",""name"":""Order Book Liquidity and Imbalance Analytics""}","0.6585","2026-07-01","1","Average time in seconds that ask-side limit orders resting 3 levels away from the EBBO remained on the book before being cancelled","avg_rest_time_ask_cancelled_lvl3","2","DEU","{""id"":""other-aiml-data"",""name"":""AI/ML Data""}","[]","VECTOR","TOP500","0"
"0","{""id"":""other"",""name"":""Other""}","0.2308","{""id"":""order_book_imbalance"",""name"":""Order Book Liquidity and Imbalance Analytics""}","0.6585","2026-07-01","1","Refers to the mean resting time (in seconds) of ask orders placed at the 4th level of the book which were subsequently cancelled.","avg_rest_time_ask_cancelled_lvl4","2","DEU","{""id"":""other-aiml-data"",""name"":""AI/ML Data""}","[]","VECTOR","TOP500","0"
"0","{""id"":""other"",""name"":""Other""}","0.2308","{""id"":""order_book_imbalance"",""name"":""Order Book Liquidity and Imbalance Analytics""}","0.6585","2026-07-01","1","Refers to the mean resting time (in seconds) of ask orders placed at the 5th level of the book which were subsequently cancelled.","avg_rest_time_ask_cancelled_lvl5","2","DEU","{""id"":""other-aiml-data"",""name"":""AI/ML Data""}","[]","VECTOR","TOP500","0"
"0","{""id"":""other"",""name"":""Other""}","0.2308","{""id"":""order_book_imbalance"",""name"":""Order Book Liquidity and Imbalance Analytics""}","0.6585","2026-07-01","1","Refers to the mean resting time (in seconds) of ask orders placed at the 1st level of the book which were subsequently completely filled.","avg_rest_time_ask_filled_lvl1","2","DEU","{""id"":""other-aiml-data"",""name"":""AI/ML Data""}","[]","VECTOR","TOP500","0"
"0","{""id"":""other"",""name"":""Other""}","0.2308","{""id"":""order_book_imbalance"",""name"":""Order Book Liquidity and Imbalance Analytics""}","0.6585","2026-07-01","1","Average resting time in seconds for ask-side orders at depth level 2 away from the EBBO that were fully filled","avg_rest_time_ask_filled_lvl2","2","DEU","{""id"":""other-aiml-data"",""name"":""AI/ML Data""}","[]","VECTOR","TOP500","0"
"0","{""id"":""other"",""name"":""Other""}","0.2308","{""id"":""order_book_imbalance"",""name"":""Order Book Liquidity and Imbalance Analytics""}","0.6585","2026-07-01","1","Average resting time in seconds for ask-side orders at depth level 3 away from the EBBO that were fully filled","avg_rest_time_ask_filled_lvl3","2","DEU","{""id"":""other-aiml-data"",""name"":""AI/ML Data""}","[]","VECTOR","TOP500","0"
"0","{""id"":""other"",""name"":""Other""}","0.2308","{""id"":""order_book_imbalance"",""name"":""Order Book Liquidity and Imbalance Analytics""}","0.6585","2026-07-01","1","Refers to the mean resting time (in seconds) of ask orders placed at the 4th level of the book which were subsequently completely filled.","avg_rest_time_ask_filled_lvl4","2","DEU","{""id"":""other-aiml-data"",""name"":""AI/ML Data""}","[]","VECTOR","TOP500","0"
"0","{""id"":""other"",""name"":""Other""}","0.2308","{""id"":""order_book_imbalance"",""name"":""Order Book Liquidity and Imbalance Analytics""}","0.6585","2026-07-01","1","Refers to the mean resting time (in seconds) of ask orders placed at the 5th level of the book which were subsequently completely filled.","avg_rest_time_ask_filled_lvl5","2","DEU","{""id"":""other-aiml-data"",""name"":""AI/ML Data""}","[]","VECTOR","TOP500","0"
"0","{""id"":""other"",""name"":""Other""}","0.2308","{""id"":""order_book_imbalance"",""name"":""Order Book Liquidity and Imbalance Analytics""}","0.6585","2026-07-01","1","Refers to the mean resting time (in seconds) of ask orders placed at the 1st level of the book which were subsequently partially filled.","avg_rest_time_ask_partial_lvl1","2","DEU","{""id"":""other-aiml-data"",""name"":""AI/ML Data""}","[]","VECTOR","TOP500","0"
"0","{""id"":""other"",""name"":""Other""}","0.2308","{""id"":""order_book_imbalance"",""name"":""Order Book Liquidity and Imbalance Analytics""}","0.6585","2026-07-01","1","Average resting time in seconds for ask-side orders at depth level 2 away from the EBBO that were partially filled","avg_rest_time_ask_partial_lvl2","2","DEU","{""id"":""other-aiml-data"",""name"":""AI/ML Data""}","[]","VECTOR","TOP500","0"
"0","{""id"":""other"",""name"":""Other""}","0.2308","{""id"":""order_book_imbalance"",""name"":""Order Book Liquidity and Imbalance Analytics""}","0.6585","2026-07-01","1","Average resting time in seconds for ask-side orders at depth level 3 away from the EBBO that were partially filled","avg_rest_time_ask_partial_lvl3","2","DEU","{""id"":""other-aiml-data"",""name"":""AI/ML Data""}","[]","VECTOR","TOP500","0"
"0","{""id"":""other"",""name"":""Other""}","0.2308","{""id"":""order_book_imbalance"",""name"":""Order Book Liquidity and Imbalance Analytics""}","0.6585","2026-07-01","1","Average time in seconds that ask-side limit orders resting 4 levels away from the EBBO remained on the book before being partially filled","avg_rest_time_ask_partial_lvl4","2","DEU","{""id"":""other-aiml-data"",""name"":""AI/ML Data""}","[]","VECTOR","TOP500","0"
"0","{""id"":""other"",""name"":""Other""}","0.2308","{""id"":""order_book_imbalance"",""name"":""Order Book Liquidity and Imbalance Analytics""}","0.6585","2026-07-01","1","Average time in seconds that ask-side limit orders resting 5 levels away from the EBBO remained on the book before being partially filled","avg_rest_time_ask_partial_lvl5","2","DEU","{""id"":""other-aiml-data"",""name"":""AI/ML Data""}","[]","VECTOR","TOP500","0"
"0","{""id"":""other"",""name"":""Other""}","0.2308","{""id"":""order_book_imbalance"",""name"":""Order Book Liquidity and Imbalance Analytics""}","0.6585","2026-07-01","1","Average time in seconds that bid-side limit orders resting 1 level away from the EBBO remained on the book before being cancelled","avg_rest_time_bid_cancelled_lvl1","2","DEU","{""id"":""other-aiml-data"",""name"":""AI/ML Data""}","[]","VECTOR","TOP500","0"
"0","{""id"":""other"",""name"":""Other""}","0.2308","{""id"":""order_book_imbalance"",""name"":""Order Book Liquidity and Imbalance Analytics""}","0.6585","2026-07-01","1","Average resting time in seconds for bid-side orders at depth level 2 away from the EBBO that were cancelled","avg_rest_time_bid_cancelled_lvl2","2","DEU","{""id"":""other-aiml-data"",""name"":""AI/ML Data""}","[]","VECTOR","TOP500","0"
"0","{""id"":""other"",""name"":""Other""}","0.2308","{""id"":""order_book_imbalance"",""name"":""Order Book Liquidity and Imbalance Analytics""}","0.6585","2026-07-01","1","Refers to the mean resting time (in seconds) of bid orders placed at the 3rd level of the book which were subsequently cancelled.","avg_rest_time_bid_cancelled_lvl3","2","DEU","{""id"":""other-aiml-data"",""name"":""AI/ML Data""}","[]","VECTOR","TOP500","0"
"0","{""id"":""other"",""name"":""Other""}","0.2308","{""id"":""order_book_imbalance"",""name"":""Order Book Liquidity and Imbalance Analytics""}","0.6585","2026-07-01","1","Refers to the mean resting time (in seconds) of bid orders placed at the 4th level of the book which were subsequently cancelled.","avg_rest_time_bid_cancelled_lvl4","2","DEU","{""id"":""other-aiml-data"",""name"":""AI/ML Data""}","[]","VECTOR","TOP500","0"
"0","{""id"":""other"",""name"":""Other""}","0.2308","{""id"":""order_book_imbalance"",""name"":""Order Book Liquidity and Imbalance Analytics""}","0.6585","2026-07-01","1","Refers to the mean resting time (in seconds) of bid orders placed at the 5th level of the book which were subsequently cancelled.","avg_rest_time_bid_cancelled_lvl5","2","DEU","{""id"":""other-aiml-data"",""name"":""AI/ML Data""}","[]","VECTOR","TOP500","0"
"0","{""id"":""other"",""name"":""Other""}","0.2308","{""id"":""order_book_imbalance"",""name"":""Order Book Liquidity and Imbalance Analytics""}","0.6585","2026-07-01","1","Average time in seconds that bid-side limit orders resting 1 level away from the EBBO remained on the book before being fully filled","avg_rest_time_bid_filled_lvl1","2","DEU","{""id"":""other-aiml-data"",""name"":""AI/ML Data""}","[]","VECTOR","TOP500","0"
"0","{""id"":""other"",""name"":""Other""}","0.2308","{""id"":""order_book_imbalance"",""name"":""Order Book Liquidity and Imbalance Analytics""}","0.6585","2026-07-01","1","Average resting time in seconds for bid-side orders at depth level 2 away from the EBBO that were fully filled","avg_rest_time_bid_filled_lvl2","2","DEU","{""id"":""other-aiml-data"",""name"":""AI/ML Data""}","[]","VECTOR","TOP500","0"
"0","{""id"":""other"",""name"":""Other""}","0.2308","{""id"":""order_book_imbalance"",""name"":""Order Book Liquidity and Imbalance Analytics""}","0.6585","2026-07-01","1","Average resting time in seconds for bid-side orders at depth level 3 away from the EBBO that were fully filled","avg_rest_time_bid_filled_lvl3","2","DEU","{""id"":""other-aiml-data"",""name"":""AI/ML Data""}","[]","VECTOR","TOP500","0"
"0","{""id"":""other"",""name"":""Other""}","0.2308","{""id"":""order_book_imbalance"",""name"":""Order Book Liquidity and Imbalance Analytics""}","0.6585","2026-07-01","1","Refers to the mean resting time (in seconds) of bid orders placed at the 4th level of the book which were subsequently completely filled.","avg_rest_time_bid_filled_lvl4","2","DEU","{""id"":""other-aiml-data"",""name"":""AI/ML Data""}","[]","VECTOR","TOP500","0"
"0","{""id"":""other"",""name"":""Other""}","0.2308","{""id"":""order_book_imbalance"",""name"":""Order Book Liquidity and Imbalance Analytics""}","0.6585","2026-07-01","1","Average time in seconds that bid-side limit orders resting 5 levels away from the EBBO remained on the book before being fully filled","avg_rest_time_bid_filled_lvl5","2","DEU","{""id"":""other-aiml-data"",""name"":""AI/ML Data""}","[]","VECTOR","TOP500","0"
"0","{""id"":""other"",""name"":""Other""}","0.2308","{""id"":""order_book_imbalance"",""name"":""Order Book Liquidity and Imbalance Analytics""}","0.6585","2026-07-01","1","Refers to the mean resting time (in seconds) of bid orders placed at the 1st level of the book which were subsequently partially filled.","avg_rest_time_bid_partial_lvl1","2","DEU","{""id"":""other-aiml-data"",""name"":""AI/ML Data""}","[]","VECTOR","TOP500","0"
"0","{""id"":""other"",""name"":""Other""}","0.2308","{""id"":""order_book_imbalance"",""name"":""Order Book Liquidity and Imbalance Analytics""}","0.6585","2026-07-01","1","Average resting time in seconds for bid-side orders at depth level 2 away from the EBBO that were partially filled","avg_rest_time_bid_partial_lvl2","2","DEU","{""id"":""other-aiml-data"",""name"":""AI/ML Data""}","[]","VECTOR","TOP500","0"
"0","{""id"":""other"",""name"":""Other""}","0.2308","{""id"":""order_book_imbalance"",""name"":""Order Book Liquidity and Imbalance Analytics""}","0.6585","2026-07-01","1","Average time in seconds that bid-side limit orders resting 3 levels away from the EBBO remained on the book before being partially filled","avg_rest_time_bid_partial_lvl3","2","DEU","{""id"":""other-aiml-data"",""name"":""AI/ML Data""}","[]","VECTOR","TOP500","0"
"0","{""id"":""other"",""name"":""Other""}","0.2308","{""id"":""order_book_imbalance"",""name"":""Order Book Liquidity and Imbalance Analytics""}","0.6585","2026-07-01","1","Refers to the mean resting time (in seconds) of bid orders placed at the 4th level of the book which were subsequently partially filled.","avg_rest_time_bid_partial_lvl4","2","DEU","{""id"":""other-aiml-data"",""name"":""AI/ML Data""}","[]","VECTOR","TOP500","0"
"0","{""id"":""other"",""name"":""Other""}","0.2308","{""id"":""order_book_imbalance"",""name"":""Order Book Liquidity and Imbalance Analytics""}","0.6585","2026-07-01","1","Refers to the mean resting time (in seconds) of bid orders placed at the 5th level of the book which were subsequently partially filled.","avg_rest_time_bid_partial_lvl5","2","DEU","{""id"":""other-aiml-data"",""name"":""AI/ML Data""}","[]","VECTOR","TOP500","0"
"0","{""id"":""other"",""name"":""Other""}","0.231","{""id"":""order_book_imbalance"",""name"":""Order Book Liquidity and Imbalance Analytics""}","0.6585","2026-07-01","1","Number of deletion/cancellation events on the bid side during the day","bid_order_deletion_count","2","DEU","{""id"":""other-aiml-data"",""name"":""AI/ML Data""}","[]","VECTOR","TOP500","0"
"0","{""id"":""other"",""name"":""Other""}","0.231","{""id"":""order_book_imbalance"",""name"":""Order Book Liquidity and Imbalance Analytics""}","0.6585","2026-07-01","1","Number of execution events that filled resting bid-side orders during the day","bid_order_execution_count","2","DEU","{""id"":""other-aiml-data"",""name"":""AI/ML Data""}","[]","VECTOR","TOP500","0"
"0","{""id"":""other"",""name"":""Other""}","0.231","{""id"":""order_book_imbalance"",""name"":""Order Book Liquidity and Imbalance Analytics""}","0.6585","2026-07-01","1","Number of new limit order insert events on the bid side during the day","bid_order_insertion_count","2","DEU","{""id"":""other-aiml-data"",""name"":""AI/ML Data""}","[]","VECTOR","TOP500","0"
"0","{""id"":""other"",""name"":""Other""}","0.231","{""id"":""order_book_imbalance"",""name"":""Order Book Liquidity and Imbalance Analytics""}","0.6585","2026-07-01","1","Number of modification events (e.g., size changes) on the bid side during the day","bid_order_modification_count","2","DEU","{""id"":""other-aiml-data"",""name"":""AI/ML Data""}","[]","VECTOR","TOP500","0"
"0","{""id"":""other"",""name"":""Other""}","0.231","{""id"":""order_book_imbalance"",""name"":""Order Book Liquidity and Imbalance Analytics""}","0.6585","2026-07-01","1","Number of order replacement events on the bid side during the day","bid_order_replacement_count_2","2","DEU","{""id"":""other-aiml-data"",""name"":""AI/ML Data""}","[]","VECTOR","TOP500","0"
"0","{""id"":""other"",""name"":""Other""}","0.231","{""id"":""order_book_imbalance"",""name"":""Order Book Liquidity and Imbalance Analytics""}","0.6585","2026-07-01","1","Cumulative new volume (shares) set by modify events on the bid side during the day","bid_order_volume_after_modification","2","DEU","{""id"":""other-aiml-data"",""name"":""AI/ML Data""}","[]","VECTOR","TOP500","0"
"0","{""id"":""other"",""name"":""Other""}","0.231","{""id"":""order_book_imbalance"",""name"":""Order Book Liquidity and Imbalance Analytics""}","0.6585","2026-07-01","1","Cumulative new volume (shares) set by replace events on the bid side during the day","bid_order_volume_after_replacement","2","DEU","{""id"":""other-aiml-data"",""name"":""AI/ML Data""}","[]","VECTOR","TOP500","0"
"0","{""id"":""other"",""name"":""Other""}","0.231","{""id"":""order_book_imbalance"",""name"":""Order Book Liquidity and Imbalance Analytics""}","0.6585","2026-07-01","1","Sum of original volumes (before modification) for bid-side orders that were modified","bid_order_volume_before_modification","2","DEU","{""id"":""other-aiml-data"",""name"":""AI/ML Data""}","[]","VECTOR","TOP500","0"
"0","{""id"":""other"",""name"":""Other""}","0.231","{""id"":""order_book_imbalance"",""name"":""Order Book Liquidity and Imbalance Analytics""}","0.6585","2026-07-01","1","Cumulative change in volume (new minus old, in shares) caused by bid-side modify events during the day","bid_order_volume_change_modification_2","2","DEU","{""id"":""other-aiml-data"",""name"":""AI/ML Data""}","[]","VECTOR","TOP500","0"
"0","{""id"":""other"",""name"":""Other""}","0.231","{""id"":""order_book_imbalance"",""name"":""Order Book Liquidity and Imbalance Analytics""}","0.6585","2026-07-01","1","Cumulative change in volume (shares) caused by bid-side replace events during the day","bid_order_volume_change_replacement_2","2","DEU","{""id"":""other-aiml-data"",""name"":""AI/ML Data""}","[]","VECTOR","TOP500","0"
"0","{""id"":""other"",""name"":""Other""}","0.231","{""id"":""order_book_imbalance"",""name"":""Order Book Liquidity and Imbalance Analytics""}","0.6585","2026-07-01","1","Total share volume removed via cancellations on the bid side during the day","bid_order_volume_deleted","2","DEU","{""id"":""other-aiml-data"",""name"":""AI/ML Data""}","[]","VECTOR","TOP500","0"
"0","{""id"":""other"",""name"":""Other""}","0.231","{""id"":""order_book_imbalance"",""name"":""Order Book Liquidity and Imbalance Analytics""}","0.6585","2026-07-01","1","Total share volume executed from resting bid-side orders during the day","bid_order_volume_executed","2","DEU","{""id"":""other-aiml-data"",""name"":""AI/ML Data""}","[]","VECTOR","TOP500","0"
"0","{""id"":""other"",""name"":""Other""}","0.231","{""id"":""order_book_imbalance"",""name"":""Order Book Liquidity and Imbalance Analytics""}","0.6585","2026-07-01","1","Refers to the volume of aggressive bids executed 1 level or more away from the best bid, as a percentage of the total volume traded in that period.","bid_trade_imbalance_1_level","2","DEU","{""id"":""other-aiml-data"",""name"":""AI/ML Data""}","[]","VECTOR","TOP500","0"
"0","{""id"":""other"",""name"":""Other""}","0.231","{""id"":""order_book_imbalance"",""name"":""Order Book Liquidity and Imbalance Analytics""}","0.6585","2026-07-01","1","Refers to the volume of aggressive bids executed 2 levels or more away from the best bid, as a percentage of the total volume traded in that period.","bid_trade_imbalance_2_levels","2","DEU","{""id"":""other-aiml-data"",""name"":""AI/ML Data""}","[]","VECTOR","TOP500","0"
"0","{""id"":""other"",""name"":""Other""}","0.231","{""id"":""order_book_imbalance"",""name"":""Order Book Liquidity and Imbalance Analytics""}","0.6585","2026-07-01","1","Refers to the volume of aggressive bids executed 3 levels or more away from the best bid, as a percentage of the total volume traded in that period.","bid_trade_imbalance_3_levels","2","DEU","{""id"":""other-aiml-data"",""name"":""AI/ML Data""}","[]","VECTOR","TOP500","0"
"0","{""id"":""other"",""name"":""Other""}","0.231","{""id"":""order_book_imbalance"",""name"":""Order Book Liquidity and Imbalance Analytics""}","0.6585","2026-07-01","1","Refers to the volume of aggressive bids executed as a percentage of the total volume traded in that period.","bid_trade_imbalance_all_levels","2","DEU","{""id"":""other-aiml-data"",""name"":""AI/ML Data""}","[]","VECTOR","TOP500","0"
"0","{""id"":""other"",""name"":""Other""}","0.2329","{""id"":""order_book_imbalance"",""name"":""Order Book Liquidity and Imbalance Analytics""}","0.6585","2026-07-01","1","Refers to the number of executions classified as bilateral addressable. This corresponds to the liquidity that is part of the price forming process, but requires a bilateral agreement between two parties to be accessible.","bilateral_trade_count","2","DEU","{""id"":""other-aiml-data"",""name"":""AI/ML Data""}","[]","VECTOR","TOP500","0"
"0","{""id"":""other"",""name"":""Other""}","0.2329","{""id"":""order_book_imbalance"",""name"":""Order Book Liquidity and Imbalance Analytics""}","0.6585","2026-07-01","1","Refers to the notional value traded classified as bilateral addressable. This corresponds to the liquidity that is part of the price forming process, but requires a bilateral agreement between two parties to be accessible.","bilateral_trade_notional_value","2","DEU","{""id"":""other-aiml-data"",""name"":""AI/ML Data""}","[]","VECTOR","TOP500","0"
"0","{""id"":""other"",""name"":""Other""}","0.2329","{""id"":""order_book_imbalance"",""name"":""Order Book Liquidity and Imbalance Analytics""}","0.6585","2026-07-01","1","Refers to the number of shares trades classified as bilateral addressable. This corresponds to the liquidity that is part of the price forming process, but requires a bilateral agreement between two parties to be accessible.","bilateral_trade_volume","2","DEU","{""id"":""other-aiml-data"",""name"":""AI/ML Data""}","[]","VECTOR","TOP500","0"
"0","{""id"":""other"",""name"":""Other""}","0.2327","{""id"":""order_book_imbalance"",""name"":""Order Book Liquidity and Imbalance Analytics""}","0.6585","2026-07-01","1","Refers to the change (in basis points) between the mid-point price 1 minute prior to the end of continuous trading and the closing price of the auction on the regulated market.","closing_auction_dislocation_1min","2","DEU","{""id"":""other-aiml-data"",""name"":""AI/ML Data""}","[]","VECTOR","TOP500","0"
"0","{""id"":""other"",""name"":""Other""}","0.2327","{""id"":""order_book_imbalance"",""name"":""Order Book Liquidity and Imbalance Analytics""}","0.6585","2026-07-01","1","Refers to the change (in basis points) between the mid-point price 5 minutes prior to the end of continuous trading and the closing price of the auction on the regulated market.","closing_auction_dislocation_5min","2","DEU","{""id"":""other-aiml-data"",""name"":""AI/ML Data""}","[]","VECTOR","TOP500","0"
"0","{""id"":""other"",""name"":""Other""}","0.2327","{""id"":""order_book_imbalance"",""name"":""Order Book Liquidity and Imbalance Analytics""}","0.6585","2026-07-01","1","Refers to the change (in basis points) between the last mid-point price during continuous trading and the closing price of the auction on the regulated market.","closing_auction_dislocation_last","2","DEU","{""id"":""other-aiml-data"",""name"":""AI/ML Data""}","[]","VECTOR","TOP500","0"
"0","{""id"":""other"",""name"":""Other""}","0.2329","{""id"":""order_book_imbalance"",""name"":""Order Book Liquidity and Imbalance Analytics""}","0.6585","2026-07-01","1","Number of trades executed on dark venues/non-displayed books during the day","dark_trade_count","2","DEU","{""id"":""other-aiml-data"",""name"":""AI/ML Data""}","[]","VECTOR","TOP500","0"
"0","{""id"":""other"",""name"":""Other""}","0.2329","{""id"":""order_book_imbalance"",""name"":""Order Book Liquidity and Imbalance Analytics""}","0.6585","2026-07-01","1","Refers to the notional value traded classified as dark addressable. This corresponds to the liquidity that is open to all market participants, but has limited or is exempt from pre-trade transparency disclosure.","dark_trade_notional_value","2","DEU","{""id"":""other-aiml-data"",""name"":""AI/ML Data""}","[]","VECTOR","TOP500","0"
"0","{""id"":""other"",""name"":""Other""}","0.2329","{""id"":""order_book_imbalance"",""name"":""Order Book Liquidity and Imbalance Analytics""}","0.6585","2026-07-01","1","Refers to the number of shares trades classified as dark addressable. This corresponds to the liquidity that is open to all market participants, but has limited or is exempt from pre-trade transparency disclosure.","dark_trade_volume","2","DEU","{""id"":""other-aiml-data"",""name"":""AI/ML Data""}","[]","VECTOR","TOP500","0"
"0","{""id"":""other"",""name"":""Other""}","0.2132","{""id"":""order_book_imbalance"",""name"":""Order Book Liquidity and Imbalance Analytics""}","0.6585","2026-07-01","1","Refers to the total amount of time during the continuous trading period where there is at least one order equal to the ask price of the ebbo.","duration_best_ask_venue","2","DEU","{""id"":""other-aiml-data"",""name"":""AI/ML Data""}","[]","VECTOR","TOP500","0"
"0","{""id"":""other"",""name"":""Other""}","0.2132","{""id"":""order_book_imbalance"",""name"":""Order Book Liquidity and Imbalance Analytics""}","0.6585","2026-07-01","1","Refers to the total amount of time during the continuous trading period where there is at least one order equal to the bid price and simultaneously at least one order equal to the ask price of the ebbo.","duration_best_bid_ask_venue","2","DEU","{""id"":""other-aiml-data"",""name"":""AI/ML Data""}","[]","VECTOR","TOP500","0"
"0","{""id"":""other"",""name"":""Other""}","0.2132","{""id"":""order_book_imbalance"",""name"":""Order Book Liquidity and Imbalance Analytics""}","0.6585","2026-07-01","1","Refers to the total amount of time during the continuous trading period where there is at least one order equal to the bid price of the ebbo.","duration_best_bid_venue","2","DEU","{""id"":""other-aiml-data"",""name"":""AI/ML Data""}","[]","VECTOR","TOP500","0"
"0","{""id"":""other"",""name"":""Other""}","0.2132","{""id"":""order_book_imbalance"",""name"":""Order Book Liquidity and Imbalance Analytics""}","0.6585","2026-07-01","1","Number of EBBO orders that were cancelled","ebbo_cancelled_order_count","2","DEU","{""id"":""other-aiml-data"",""name"":""AI/ML Data""}","[]","VECTOR","TOP500","0"
"0","{""id"":""other"",""name"":""Other""}","0.2132","{""id"":""order_book_imbalance"",""name"":""Order Book Liquidity and Imbalance Analytics""}","0.6585","2026-07-01","1","Total traded volume executed at the European Best Bid and Offer over the day","ebbo_executed_order_count","2","DEU","{""id"":""other-aiml-data"",""name"":""AI/ML Data""}","[]","VECTOR","TOP500","0"
"0","{""id"":""other"",""name"":""Other""}","0.2132","{""id"":""order_book_imbalance"",""name"":""Order Book Liquidity and Imbalance Analytics""}","0.6585","2026-07-01","1","Ratio of traded volume to quote volume at the EBBO, indicating execution quality","ebbo_execution_to_order_ratio","2","DEU","{""id"":""other-aiml-data"",""name"":""AI/ML Data""}","[]","VECTOR","TOP500","0"
"0","{""id"":""other"",""name"":""Other""}","0.2132","{""id"":""order_book_imbalance"",""name"":""Order Book Liquidity and Imbalance Analytics""}","0.6585","2026-07-01","1","Mean resting time (seconds) for EBBO orders that were fully filled","ebbo_filled_order_avg_rest_time","2","DEU","{""id"":""other-aiml-data"",""name"":""AI/ML Data""}","[]","VECTOR","TOP500","0"
"0","{""id"":""other"",""name"":""Other""}","0.2132","{""id"":""order_book_imbalance"",""name"":""Order Book Liquidity and Imbalance Analytics""}","0.6585","2026-07-01","1","Percentage of EBBO orders that were fully filled","ebbo_filled_order_percentage","2","DEU","{""id"":""other-aiml-data"",""name"":""AI/ML Data""}","[]","VECTOR","TOP500","0"
"0","{""id"":""other"",""name"":""Other""}","0.2132","{""id"":""order_book_imbalance"",""name"":""Order Book Liquidity and Imbalance Analytics""}","0.6585","2026-07-01","1","Total displayed quote volume at the European Best Bid and Offer over the day","ebbo_placed_order_count","2","DEU","{""id"":""other-aiml-data"",""name"":""AI/ML Data""}","[]","VECTOR","TOP500","0"
"0","{""id"":""other"",""name"":""Other""}","0.2132","{""id"":""order_book_imbalance"",""name"":""Order Book Liquidity and Imbalance Analytics""}","0.6585","2026-07-01","1","Refers to the total amount of time during the continuous trading period where there is exactly one venue with an order equal to the ask price of the ebbo.","exclusive_duration_best_ask_venue","2","DEU","{""id"":""other-aiml-data"",""name"":""AI/ML Data""}","[]","VECTOR","TOP500","0"
"0","{""id"":""other"",""name"":""Other""}","0.2132","{""id"":""order_book_imbalance"",""name"":""Order Book Liquidity and Imbalance Analytics""}","0.6585","2026-07-01","1","Refers to the total amount of time during the continuous trading period where there is exactly one venue with an order equal to the bid price and simultaneously exactly one venue with an order equal to the ask price of the ebbo.","exclusive_duration_best_bid_ask_venue","2","DEU","{""id"":""other-aiml-data"",""name"":""AI/ML Data""}","[]","VECTOR","TOP500","0"
"0","{""id"":""other"",""name"":""Other""}","0.2132","{""id"":""order_book_imbalance"",""name"":""Order Book Liquidity and Imbalance Analytics""}","0.6585","2026-07-01","1","Refers to the total amount of time during the continuous trading period where there is exactly one venue with an order equal to the bid price of the ebbo.","exclusive_duration_best_bid_venue","2","DEU","{""id"":""other-aiml-data"",""name"":""AI/ML Data""}","[]","VECTOR","TOP500","0"
"0","{""id"":""other"",""name"":""Other""}","0.2132","{""id"":""order_book_imbalance"",""name"":""Order Book Liquidity and Imbalance Analytics""}","0.6585","2026-07-01","1","Refers to the total amount of time in the continuous trading period where exactly one venue was at the consolidated best ask price.","exclusive_ref_duration_best_ask_venue","2","DEU","{""id"":""other-aiml-data"",""name"":""AI/ML Data""}","[]","VECTOR","TOP500","0"
"0","{""id"":""other"",""name"":""Other""}","0.2132","{""id"":""order_book_imbalance"",""name"":""Order Book Liquidity and Imbalance Analytics""}","0.6585","2026-07-01","1","Refers to the total amount of time in the continuous trading period where exactly one venue was simultaneously at the consolidated best bid and best ask price.","exclusive_ref_duration_best_bid_ask_venue","2","DEU","{""id"":""other-aiml-data"",""name"":""AI/ML Data""}","[]","VECTOR","TOP500","0"
"0","{""id"":""other"",""name"":""Other""}","0.2132","{""id"":""order_book_imbalance"",""name"":""Order Book Liquidity and Imbalance Analytics""}","0.6585","2026-07-01","1","Refers to the total amount of time in the continuous trading period where exactly one venue was at the consolidated best bid price.","exclusive_ref_duration_best_bid_venue","2","DEU","{""id"":""other-aiml-data"",""name"":""AI/ML Data""}","[]","VECTOR","TOP500","0"
"0","{""id"":""other"",""name"":""Other""}","0.2132","{""id"":""order_book_imbalance"",""name"":""Order Book Liquidity and Imbalance Analytics""}","0.6585","2026-07-01","1","Number of EBBO orders that were fully filled","filled_ebbo_order_count","2","DEU","{""id"":""other-aiml-data"",""name"":""AI/ML Data""}","[]","VECTOR","TOP500","0"
"0","{""id"":""other"",""name"":""Other""}","0.2308","{""id"":""order_book_imbalance"",""name"":""Order Book Liquidity and Imbalance Analytics""}","0.6585","2026-07-01","1","Refers to the probability that an ask order placed at the 1st level of the book will be filled within 60 seconds.","fill_prob_ask_lvl1","2","DEU","{""id"":""other-aiml-data"",""name"":""AI/ML Data""}","[]","VECTOR","TOP500","0"
"0","{""id"":""other"",""name"":""Other""}","0.2308","{""id"":""order_book_imbalance"",""name"":""Order Book Liquidity and Imbalance Analytics""}","0.6585","2026-07-01","1","Refers to the probability that an ask order placed at the 2nd level of the book will be filled within 60 seconds.","fill_prob_ask_lvl2","2","DEU","{""id"":""other-aiml-data"",""name"":""AI/ML Data""}","[]","VECTOR","TOP500","0"
"0","{""id"":""other"",""name"":""Other""}","0.2308","{""id"":""order_book_imbalance"",""name"":""Order Book Liquidity and Imbalance Analytics""}","0.6585","2026-07-01","1","Refers to the probability that an ask order placed at the 3rd level of the book will be filled within 60 seconds.","fill_prob_ask_lvl3","2","DEU","{""id"":""other-aiml-data"",""name"":""AI/ML Data""}","[]","VECTOR","TOP500","0"
"0","{""id"":""other"",""name"":""Other""}","0.2308","{""id"":""order_book_imbalance"",""name"":""Order Book Liquidity and Imbalance Analytics""}","0.6585","2026-07-01","1","Refers to the probability that an ask order placed at the 4th level of the book will be filled within 60 seconds.","fill_prob_ask_lvl4","2","DEU","{""id"":""other-aiml-data"",""name"":""AI/ML Data""}","[]","VECTOR","TOP500","0"
"0","{""id"":""other"",""name"":""Other""}","0.2308","{""id"":""order_book_imbalance"",""name"":""Order Book Liquidity and Imbalance Analytics""}","0.6585","2026-07-01","1","Refers to the probability that an ask order placed at the 5th level of the book will be filled within 60 seconds.","fill_prob_ask_lvl5","2","DEU","{""id"":""other-aiml-data"",""name"":""AI/ML Data""}","[]","VECTOR","TOP500","0"
"0","{""id"":""other"",""name"":""Other""}","0.2308","{""id"":""order_book_imbalance"",""name"":""Order Book Liquidity and Imbalance Analytics""}","0.6585","2026-07-01","1","Refers to the probability that a bid order placed at the 1st level of the book will be filled within 60 seconds.","fill_prob_bid_lvl1","2","DEU","{""id"":""other-aiml-data"",""name"":""AI/ML Data""}","[]","VECTOR","TOP500","0"
"0","{""id"":""other"",""name"":""Other""}","0.2308","{""id"":""order_book_imbalance"",""name"":""Order Book Liquidity and Imbalance Analytics""}","0.6585","2026-07-01","1","Refers to the probability that a bid order placed at the 2nd level of the book will be filled within 60 seconds.","fill_prob_bid_lvl2","2","DEU","{""id"":""other-aiml-data"",""name"":""AI/ML Data""}","[]","VECTOR","TOP500","0"
"0","{""id"":""other"",""name"":""Other""}","0.2308","{""id"":""order_book_imbalance"",""name"":""Order Book Liquidity and Imbalance Analytics""}","0.6585","2026-07-01","1","Refers to the probability that a bid order placed at the 3rd level of the book will be filled within 60 seconds.","fill_prob_bid_lvl3","2","DEU","{""id"":""other-aiml-data"",""name"":""AI/ML Data""}","[]","VECTOR","TOP500","0"
"0","{""id"":""other"",""name"":""Other""}","0.2308","{""id"":""order_book_imbalance"",""name"":""Order Book Liquidity and Imbalance Analytics""}","0.6585","2026-07-01","1","Refers to the probability that a bid order placed at the 4th level of the book will be filled within 60 seconds.","fill_prob_bid_lvl4","2","DEU","{""id"":""other-aiml-data"",""name"":""AI/ML Data""}","[]","VECTOR","TOP500","0"
"0","{""id"":""other"",""name"":""Other""}","0.2308","{""id"":""order_book_imbalance"",""name"":""Order Book Liquidity and Imbalance Analytics""}","0.6585","2026-07-01","1","Refers to the probability that a bid order placed at the 5th level of the book will be filled within 60 seconds.","fill_prob_bid_lvl5","2","DEU","{""id"":""other-aiml-data"",""name"":""AI/ML Data""}","[]","VECTOR","TOP500","0"
"0","{""id"":""other"",""name"":""Other""}","0.2308","{""id"":""order_book_imbalance"",""name"":""Order Book Liquidity and Imbalance Analytics""}","0.6585","2026-07-01","1","Last observed relative bid-ask spread of the day","final_bid_ask_spread_bps","2","DEU","{""id"":""other-aiml-data"",""name"":""AI/ML Data""}","[]","VECTOR","TOP500","0"
"0","{""id"":""other"",""name"":""Other""}","0.2308","{""id"":""order_book_imbalance"",""name"":""Order Book Liquidity and Imbalance Analytics""}","0.6585","2026-07-01","1","Last executed trade price of the trading day","final_executed_trade_price","2","DEU","{""id"":""other-aiml-data"",""name"":""AI/ML Data""}","[]","VECTOR","TOP500","0"
"0","{""id"":""other"",""name"":""Other""}","0.2308","{""id"":""order_book_imbalance"",""name"":""Order Book Liquidity and Imbalance Analytics""}","0.6585","2026-07-01","1","End-of-day midpoint of the best bid and ask price","final_midpoint_price","2","DEU","{""id"":""other-aiml-data"",""name"":""AI/ML Data""}","[]","VECTOR","TOP500","0"
"0","{""id"":""other"",""name"":""Other""}","0.231","{""id"":""order_book_imbalance"",""name"":""Order Book Liquidity and Imbalance Analytics""}","0.6585","2026-07-01","1","Total volume (shares) of orders inserted on the ask side during the day","inserted_ask_order_volume","2","DEU","{""id"":""other-aiml-data"",""name"":""AI/ML Data""}","[]","VECTOR","TOP500","0"
"0","{""id"":""other"",""name"":""Other""}","0.231","{""id"":""order_book_imbalance"",""name"":""Order Book Liquidity and Imbalance Analytics""}","0.6585","2026-07-01","1","Total share volume added via new limit orders on the bid side during the day","inserted_bid_order_volume","2","DEU","{""id"":""other-aiml-data"",""name"":""AI/ML Data""}","[]","VECTOR","TOP500","0"
"0","{""id"":""other"",""name"":""Other""}","0.2327","{""id"":""order_book_imbalance"",""name"":""Order Book Liquidity and Imbalance Analytics""}","0.6585","2026-07-01","1","Realized intraday volatility estimate for the instrument on the given date","intraday_price_volatility","2","DEU","{""id"":""other-aiml-data"",""name"":""AI/ML Data""}","[]","VECTOR","TOP500","0"
"0","{""id"":""other"",""name"":""Other""}","0.2308","{""id"":""order_book_imbalance"",""name"":""Order Book Liquidity and Imbalance Analytics""}","0.6585","2026-07-01","1","Last observed absolute bid-ask spread of the day in price units","last_absolute_bid_ask_spread","2","DEU","{""id"":""other-aiml-data"",""name"":""AI/ML Data""}","[]","VECTOR","TOP500","0"
"0","{""id"":""other"",""name"":""Other""}","0.2308","{""id"":""order_book_imbalance"",""name"":""Order Book Liquidity and Imbalance Analytics""}","0.6585","2026-07-01","1","Last observed absolute bid-ask spread of the day measured in tick increments","last_bid_ask_spread_ticks","2","DEU","{""id"":""other-aiml-data"",""name"":""AI/ML Data""}","[]","VECTOR","TOP500","0"
"0","{""id"":""other"",""name"":""Other""}","0.2329","{""id"":""order_book_imbalance"",""name"":""Order Book Liquidity and Imbalance Analytics""}","0.6585","2026-07-01","1","Number of trades executed on lit/transparent order books during the day","lit_trade_count","2","DEU","{""id"":""other-aiml-data"",""name"":""AI/ML Data""}","[]","VECTOR","TOP500","0"
"0","{""id"":""other"",""name"":""Other""}","0.2329","{""id"":""order_book_imbalance"",""name"":""Order Book Liquidity and Imbalance Analytics""}","0.6585","2026-07-01","1","Refers to the notional value traded classified as lit addressable. This corresponds to liquidity open to all market participants, has full pre-trade transparency and can be used for benchmark and reference price calculations.","lit_trade_notional_value","2","DEU","{""id"":""other-aiml-data"",""name"":""AI/ML Data""}","[]","VECTOR","TOP500","0"
"0","{""id"":""other"",""name"":""Other""}","0.2329","{""id"":""order_book_imbalance"",""name"":""Order Book Liquidity and Imbalance Analytics""}","0.6585","2026-07-01","1","Total share volume traded on lit/transparent order books during the day","lit_trade_volume","2","DEU","{""id"":""other-aiml-data"",""name"":""AI/ML Data""}","[]","VECTOR","TOP500","0"
"0","{""id"":""other"",""name"":""Other""}","0.2308","{""id"":""order_book_imbalance"",""name"":""Order Book Liquidity and Imbalance Analytics""}","0.6585","2026-07-01","1","Lowest executed trade price observed during the trading day","lowest_executed_price","2","DEU","{""id"":""other-aiml-data"",""name"":""AI/ML Data""}","[]","VECTOR","TOP500","0"
"0","{""id"":""other"",""name"":""Other""}","0.2308","{""id"":""order_book_imbalance"",""name"":""Order Book Liquidity and Imbalance Analytics""}","0.6585","2026-07-01","1","Lowest midpoint of the best bid and ask observed during the trading day","lowest_midpoint_price","2","DEU","{""id"":""other-aiml-data"",""name"":""AI/ML Data""}","[]","VECTOR","TOP500","0"
"0","{""id"":""other"",""name"":""Other""}","0.2308","{""id"":""order_book_imbalance"",""name"":""Order Book Liquidity and Imbalance Analytics""}","0.6585","2026-07-01","1","Highest executed trade price observed during the trading day","max_executed_trade_price","2","DEU","{""id"":""other-aiml-data"",""name"":""AI/ML Data""}","[]","VECTOR","TOP500","0"
"0","{""id"":""other"",""name"":""Other""}","0.2308","{""id"":""order_book_imbalance"",""name"":""Order Book Liquidity and Imbalance Analytics""}","0.6585","2026-07-01","1","Highest midpoint of the best bid and ask observed during the trading day","max_midpoint_price_daily","2","DEU","{""id"":""other-aiml-data"",""name"":""AI/ML Data""}","[]","VECTOR","TOP500","0"
"0","{""id"":""other"",""name"":""Other""}","0.2308","{""id"":""order_book_imbalance"",""name"":""Order Book Liquidity and Imbalance Analytics""}","0.6585","2026-07-01","1","Arithmetic mean absolute bid-ask spread over the day in price units","mean_absolute_bid_ask_spread","2","DEU","{""id"":""other-aiml-data"",""name"":""AI/ML Data""}","[]","VECTOR","TOP500","0"
"0","{""id"":""other"",""name"":""Other""}","0.2308","{""id"":""order_book_imbalance"",""name"":""Order Book Liquidity and Imbalance Analytics""}","0.6585","2026-07-01","1","Arithmetic mean absolute bid-ask spread over the day expressed in tick units","mean_bid_ask_spread_ticks","2","DEU","{""id"":""other-aiml-data"",""name"":""AI/ML Data""}","[]","VECTOR","TOP500","0"
"0","{""id"":""other"",""name"":""Other""}","0.2132","{""id"":""order_book_imbalance"",""name"":""Order Book Liquidity and Imbalance Analytics""}","0.6585","2026-07-01","1","Refers to the mean notional amount added to the ask side of the book when this venue sets an improved consolidated ask price.","mean_notional_ask_price_improvement","2","DEU","{""id"":""other-aiml-data"",""name"":""AI/ML Data""}","[]","VECTOR","TOP500","0"
"0","{""id"":""other"",""name"":""Other""}","0.2132","{""id"":""order_book_imbalance"",""name"":""Order Book Liquidity and Imbalance Analytics""}","0.6585","2026-07-01","1","Refers to the mean notional amount added to the ask side of the book when this venue joins an improved consolidated ask price.","mean_notional_ask_price_joiner","2","DEU","{""id"":""other-aiml-data"",""name"":""AI/ML Data""}","[]","VECTOR","TOP500","0"
"0","{""id"":""other"",""name"":""Other""}","0.2132","{""id"":""order_book_imbalance"",""name"":""Order Book Liquidity and Imbalance Analytics""}","0.6585","2026-07-01","1","Refers to the mean notional amount at the first level of the ask side of the book when this venue is the last venue at the consolidated ask price before it subsequently worsens.","mean_notional_ask_price_worsening","2","DEU","{""id"":""other-aiml-data"",""name"":""AI/ML Data""}","[]","VECTOR","TOP500","0"
"0","{""id"":""other"",""name"":""Other""}","0.2132","{""id"":""order_book_imbalance"",""name"":""Order Book Liquidity and Imbalance Analytics""}","0.6585","2026-07-01","1","Refers to the mean notional amount added to the bid side of the book when this venue sets an improved consolidated bid price.","mean_notional_bid_price_improvement","2","DEU","{""id"":""other-aiml-data"",""name"":""AI/ML Data""}","[]","VECTOR","TOP500","0"
"0","{""id"":""other"",""name"":""Other""}","0.2132","{""id"":""order_book_imbalance"",""name"":""Order Book Liquidity and Imbalance Analytics""}","0.6585","2026-07-01","1","Refers to the mean notional amount added to the bid side of the book when this venue joins an improved consolidated bid price.","mean_notional_bid_price_joiner","2","DEU","{""id"":""other-aiml-data"",""name"":""AI/ML Data""}","[]","VECTOR","TOP500","0"
"0","{""id"":""other"",""name"":""Other""}","0.2132","{""id"":""order_book_imbalance"",""name"":""Order Book Liquidity and Imbalance Analytics""}","0.6585","2026-07-01","1","Refers to the mean notional amount at the first level of the bid side of the book when this venue is the last venue at the consolidated bid price before it subsequently worsens.","mean_notional_bid_price_worsening","2","DEU","{""id"":""other-aiml-data"",""name"":""AI/ML Data""}","[]","VECTOR","TOP500","0"
"0","{""id"":""other"",""name"":""Other""}","0.2132","{""id"":""order_book_imbalance"",""name"":""Order Book Liquidity and Imbalance Analytics""}","0.6585","2026-07-01","1","Refers to the number of events where this venue improved the consolidated best ask price","mean_percentage_ask_price_improvement","2","DEU","{""id"":""other-aiml-data"",""name"":""AI/ML Data""}","[]","VECTOR","TOP500","0"
"0","{""id"":""other"",""name"":""Other""}","0.2132","{""id"":""order_book_imbalance"",""name"":""Order Book Liquidity and Imbalance Analytics""}","0.6585","2026-07-01","1","Refers to the number of events where this venue was the second venue at an improved consolidated best ask price","mean_percentage_ask_price_joiner","2","DEU","{""id"":""other-aiml-data"",""name"":""AI/ML Data""}","[]","VECTOR","TOP500","0"
"0","{""id"":""other"",""name"":""Other""}","0.2132","{""id"":""order_book_imbalance"",""name"":""Order Book Liquidity and Imbalance Analytics""}","0.6585","2026-07-01","1","Refers to the number of events where this venue was the last venue at the consolidated best ask price before the consolidated price subsequently worsened","mean_percentage_ask_price_worsening","2","DEU","{""id"":""other-aiml-data"",""name"":""AI/ML Data""}","[]","VECTOR","TOP500","0"
"0","{""id"":""other"",""name"":""Other""}","0.2132","{""id"":""order_book_imbalance"",""name"":""Order Book Liquidity and Imbalance Analytics""}","0.6585","2026-07-01","1","Refers to the number of events where this venue improved the consolidated best bid price","mean_percentage_bid_price_improvement","2","DEU","{""id"":""other-aiml-data"",""name"":""AI/ML Data""}","[]","VECTOR","TOP500","0"
"0","{""id"":""other"",""name"":""Other""}","0.2132","{""id"":""order_book_imbalance"",""name"":""Order Book Liquidity and Imbalance Analytics""}","0.6585","2026-07-01","1","Refers to the number of events where this venue was the second venue at an improved consolidated best bid price","mean_percentage_bid_price_joiner","2","DEU","{""id"":""other-aiml-data"",""name"":""AI/ML Data""}","[]","VECTOR","TOP500","0"
"0","{""id"":""other"",""name"":""Other""}","0.2132","{""id"":""order_book_imbalance"",""name"":""Order Book Liquidity and Imbalance Analytics""}","0.6585","2026-07-01","1","Refers to the number of events where this venue was the last venue at the consolidated best bid price before the consolidated price subsequently worsened","mean_percentage_bid_price_worsening","2","DEU","{""id"":""other-aiml-data"",""name"":""AI/ML Data""}","[]","VECTOR","TOP500","0"
"0","{""id"":""other"",""name"":""Other""}","0.2308","{""id"":""order_book_imbalance"",""name"":""Order Book Liquidity and Imbalance Analytics""}","0.6585","2026-07-01","1","Arithmetic mean of the relative bid-ask spread over the day","mean_relative_bid_ask_spread","2","DEU","{""id"":""other-aiml-data"",""name"":""AI/ML Data""}","[]","VECTOR","TOP500","0"
"0","{""id"":""other"",""name"":""Other""}","0.2132","{""id"":""order_book_imbalance"",""name"":""Order Book Liquidity and Imbalance Analytics""}","0.6585","2026-07-01","1","Mean resting time (seconds) for EBBO orders that were cancelled","mean_resting_time_cancelled_ebbo_orders","2","DEU","{""id"":""other-aiml-data"",""name"":""AI/ML Data""}","[]","VECTOR","TOP500","0"
"0","{""id"":""other"",""name"":""Other""}","0.2132","{""id"":""order_book_imbalance"",""name"":""Order Book Liquidity and Imbalance Analytics""}","0.6585","2026-07-01","1","Mean resting time (seconds) for EBBO orders that were partially filled","mean_resting_time_partial_fill_ebbo_orders","2","DEU","{""id"":""other-aiml-data"",""name"":""AI/ML Data""}","[]","VECTOR","TOP500","0"
"0","{""id"":""other"",""name"":""Other""}","0.2308","{""id"":""order_book_imbalance"",""name"":""Order Book Liquidity and Imbalance Analytics""}","0.6585","2026-07-01","1","Minimum observed time in seconds that ask-side limit orders resting 1 level away from the EBBO remained on the book before being cancelled","min_rest_time_ask_cancelled_lvl1","2","DEU","{""id"":""other-aiml-data"",""name"":""AI/ML Data""}","[]","VECTOR","TOP500","0"
"0","{""id"":""other"",""name"":""Other""}","0.2308","{""id"":""order_book_imbalance"",""name"":""Order Book Liquidity and Imbalance Analytics""}","0.6585","2026-07-01","1","Refers to the minimum resting time (in microseconds) of ask orders placed at the 2nd level of the book which were subsequently cancelled.","min_rest_time_ask_cancelled_lvl2","2","DEU","{""id"":""other-aiml-data"",""name"":""AI/ML Data""}","[]","VECTOR","TOP500","0"
"0","{""id"":""other"",""name"":""Other""}","0.2308","{""id"":""order_book_imbalance"",""name"":""Order Book Liquidity and Imbalance Analytics""}","0.6585","2026-07-01","1","Minimum observed time in seconds that ask-side limit orders resting 3 levels away from the EBBO remained on the book before being cancelled","min_rest_time_ask_cancelled_lvl3","2","DEU","{""id"":""other-aiml-data"",""name"":""AI/ML Data""}","[]","VECTOR","TOP500","0"
"0","{""id"":""other"",""name"":""Other""}","0.2308","{""id"":""order_book_imbalance"",""name"":""Order Book Liquidity and Imbalance Analytics""}","0.6585","2026-07-01","1","Minimum observed time in seconds that ask-side limit orders resting 4 levels away from the EBBO remained on the book before being cancelled","min_rest_time_ask_cancelled_lvl4","2","DEU","{""id"":""other-aiml-data"",""name"":""AI/ML Data""}","[]","VECTOR","TOP500","0"
"0","{""id"":""other"",""name"":""Other""}","0.2308","{""id"":""order_book_imbalance"",""name"":""Order Book Liquidity and Imbalance Analytics""}","0.6585","2026-07-01","1","Minimum resting time in seconds for ask-side orders at depth level 5 away from the EBBO that were cancelled","min_rest_time_ask_cancelled_lvl5","2","DEU","{""id"":""other-aiml-data"",""name"":""AI/ML Data""}","[]","VECTOR","TOP500","0"
"0","{""id"":""other"",""name"":""Other""}","0.2308","{""id"":""order_book_imbalance"",""name"":""Order Book Liquidity and Imbalance Analytics""}","0.6585","2026-07-01","1","Refers to the minimum resting time (in microseconds) of ask orders placed at the 1st level of the book which were subsequently completely filled.","min_rest_time_ask_filled_lvl1","2","DEU","{""id"":""other-aiml-data"",""name"":""AI/ML Data""}","[]","VECTOR","TOP500","0"
"0","{""id"":""other"",""name"":""Other""}","0.2308","{""id"":""order_book_imbalance"",""name"":""Order Book Liquidity and Imbalance Analytics""}","0.6585","2026-07-01","1","Minimum observed time in seconds that ask-side limit orders resting 2 levels away from the EBBO remained on the book before being fully filled","min_rest_time_ask_filled_lvl2","2","DEU","{""id"":""other-aiml-data"",""name"":""AI/ML Data""}","[]","VECTOR","TOP500","0"
"0","{""id"":""other"",""name"":""Other""}","0.2308","{""id"":""order_book_imbalance"",""name"":""Order Book Liquidity and Imbalance Analytics""}","0.6585","2026-07-01","1","Refers to the minimum resting time (in microseconds) of ask orders placed at the 3rd level of the book which were subsequently completely filled.","min_rest_time_ask_filled_lvl3","2","DEU","{""id"":""other-aiml-data"",""name"":""AI/ML Data""}","[]","VECTOR","TOP500","0"
"0","{""id"":""other"",""name"":""Other""}","0.2308","{""id"":""order_book_imbalance"",""name"":""Order Book Liquidity and Imbalance Analytics""}","0.6585","2026-07-01","1","Minimum resting time in seconds for ask-side orders at depth level 4 away from the EBBO that were fully filled","min_rest_time_ask_filled_lvl4","2","DEU","{""id"":""other-aiml-data"",""name"":""AI/ML Data""}","[]","VECTOR","TOP500","0"
"0","{""id"":""other"",""name"":""Other""}","0.2308","{""id"":""order_book_imbalance"",""name"":""Order Book Liquidity and Imbalance Analytics""}","0.6585","2026-07-01","1","Refers to the minimum resting time (in microseconds) of ask orders placed at the 5th level of the book which were subsequently completely filled.","min_rest_time_ask_filled_lvl5","2","DEU","{""id"":""other-aiml-data"",""name"":""AI/ML Data""}","[]","VECTOR","TOP500","0"
"0","{""id"":""other"",""name"":""Other""}","0.2308","{""id"":""order_book_imbalance"",""name"":""Order Book Liquidity and Imbalance Analytics""}","0.6585","2026-07-01","1","Minimum resting time in seconds for ask-side orders at depth level 1 away from the EBBO that were partially filled","min_rest_time_ask_partial_lvl1","2","DEU","{""id"":""other-aiml-data"",""name"":""AI/ML Data""}","[]","VECTOR","TOP500","0"
"0","{""id"":""other"",""name"":""Other""}","0.2308","{""id"":""order_book_imbalance"",""name"":""Order Book Liquidity and Imbalance Analytics""}","0.6585","2026-07-01","1","Refers to the minimum resting time (in microseconds) of ask orders placed at the 2nd level of the book which were subsequently partially filled.","min_rest_time_ask_partial_lvl2","2","DEU","{""id"":""other-aiml-data"",""name"":""AI/ML Data""}","[]","VECTOR","TOP500","0"
"0","{""id"":""other"",""name"":""Other""}","0.2308","{""id"":""order_book_imbalance"",""name"":""Order Book Liquidity and Imbalance Analytics""}","0.6585","2026-07-01","1","Minimum observed time in seconds that ask-side limit orders resting 3 levels away from the EBBO remained on the book before being partially filled","min_rest_time_ask_partial_lvl3","2","DEU","{""id"":""other-aiml-data"",""name"":""AI/ML Data""}","[]","VECTOR","TOP500","0"
"0","{""id"":""other"",""name"":""Other""}","0.2308","{""id"":""order_book_imbalance"",""name"":""Order Book Liquidity and Imbalance Analytics""}","0.6585","2026-07-01","1","Refers to the minimum resting time (in microseconds) of ask orders placed at the 4th level of the book which were subsequently partially filled.","min_rest_time_ask_partial_lvl4","2","DEU","{""id"":""other-aiml-data"",""name"":""AI/ML Data""}","[]","VECTOR","TOP500","0"
"0","{""id"":""other"",""name"":""Other""}","0.2308","{""id"":""order_book_imbalance"",""name"":""Order Book Liquidity and Imbalance Analytics""}","0.6585","2026-07-01","1","Minimum observed time in seconds that ask-side limit orders resting 5 levels away from the EBBO remained on the book before being partially filled","min_rest_time_ask_partial_lvl5","2","DEU","{""id"":""other-aiml-data"",""name"":""AI/ML Data""}","[]","VECTOR","TOP500","0"
"0","{""id"":""other"",""name"":""Other""}","0.2308","{""id"":""order_book_imbalance"",""name"":""Order Book Liquidity and Imbalance Analytics""}","0.6585","2026-07-01","1","Minimum observed time in seconds that bid-side limit orders resting 1 level away from the EBBO remained on the book before being cancelled","min_rest_time_bid_cancelled_lvl1","2","DEU","{""id"":""other-aiml-data"",""name"":""AI/ML Data""}","[]","VECTOR","TOP500","0"
"0","{""id"":""other"",""name"":""Other""}","0.2308","{""id"":""order_book_imbalance"",""name"":""Order Book Liquidity and Imbalance Analytics""}","0.6585","2026-07-01","1","Minimum observed time in seconds that bid-side limit orders resting 2 levels away from the EBBO remained on the book before being cancelled","min_rest_time_bid_cancelled_lvl2","2","DEU","{""id"":""other-aiml-data"",""name"":""AI/ML Data""}","[]","VECTOR","TOP500","0"
"0","{""id"":""other"",""name"":""Other""}","0.2308","{""id"":""order_book_imbalance"",""name"":""Order Book Liquidity and Imbalance Analytics""}","0.6585","2026-07-01","1","Minimum observed time in seconds that bid-side limit orders resting 3 levels away from the EBBO remained on the book before being cancelled","min_rest_time_bid_cancelled_lvl3","2","DEU","{""id"":""other-aiml-data"",""name"":""AI/ML Data""}","[]","VECTOR","TOP500","0"
"0","{""id"":""other"",""name"":""Other""}","0.2308","{""id"":""order_book_imbalance"",""name"":""Order Book Liquidity and Imbalance Analytics""}","0.6585","2026-07-01","1","Minimum observed time in seconds that bid-side limit orders resting 4 levels away from the EBBO remained on the book before being cancelled","min_rest_time_bid_cancelled_lvl4","2","DEU","{""id"":""other-aiml-data"",""name"":""AI/ML Data""}","[]","VECTOR","TOP500","0"
"0","{""id"":""other"",""name"":""Other""}","0.2308","{""id"":""order_book_imbalance"",""name"":""Order Book Liquidity and Imbalance Analytics""}","0.6585","2026-07-01","1","Minimum resting time in seconds for bid-side orders at depth level 5 away from the EBBO that were cancelled","min_rest_time_bid_cancelled_lvl5","2","DEU","{""id"":""other-aiml-data"",""name"":""AI/ML Data""}","[]","VECTOR","TOP500","0"
"0","{""id"":""other"",""name"":""Other""}","0.2308","{""id"":""order_book_imbalance"",""name"":""Order Book Liquidity and Imbalance Analytics""}","0.6585","2026-07-01","1","Minimum resting time in seconds for bid-side orders at depth level 1 away from the EBBO that were fully filled","min_rest_time_bid_filled_lvl1","2","DEU","{""id"":""other-aiml-data"",""name"":""AI/ML Data""}","[]","VECTOR","TOP500","0"
"0","{""id"":""other"",""name"":""Other""}","0.2308","{""id"":""order_book_imbalance"",""name"":""Order Book Liquidity and Imbalance Analytics""}","0.6585","2026-07-01","1","Minimum resting time in seconds for bid-side orders at depth level 2 away from the EBBO that were fully filled","min_rest_time_bid_filled_lvl2","2","DEU","{""id"":""other-aiml-data"",""name"":""AI/ML Data""}","[]","VECTOR","TOP500","0"
"0","{""id"":""other"",""name"":""Other""}","0.2308","{""id"":""order_book_imbalance"",""name"":""Order Book Liquidity and Imbalance Analytics""}","0.6585","2026-07-01","1","Minimum resting time in seconds for bid-side orders at depth level 3 away from the EBBO that were fully filled","min_rest_time_bid_filled_lvl3","2","DEU","{""id"":""other-aiml-data"",""name"":""AI/ML Data""}","[]","VECTOR","TOP500","0"
"0","{""id"":""other"",""name"":""Other""}","0.2308","{""id"":""order_book_imbalance"",""name"":""Order Book Liquidity and Imbalance Analytics""}","0.6585","2026-07-01","1","Refers to the minimum resting time (in microseconds) of bid orders placed at the 4th level of the book which were subsequently completely filled.","min_rest_time_bid_filled_lvl4","2","DEU","{""id"":""other-aiml-data"",""name"":""AI/ML Data""}","[]","VECTOR","TOP500","0"
"0","{""id"":""other"",""name"":""Other""}","0.2308","{""id"":""order_book_imbalance"",""name"":""Order Book Liquidity and Imbalance Analytics""}","0.6585","2026-07-01","1","Refers to the minimum resting time (in microseconds) of bid orders placed at the 5th level of the book which were subsequently completely filled.","min_rest_time_bid_filled_lvl5","2","DEU","{""id"":""other-aiml-data"",""name"":""AI/ML Data""}","[]","VECTOR","TOP500","0"
"0","{""id"":""other"",""name"":""Other""}","0.2308","{""id"":""order_book_imbalance"",""name"":""Order Book Liquidity and Imbalance Analytics""}","0.6585","2026-07-01","1","Refers to the minimum resting time (in microseconds) of bid orders placed at the 1st level of the book which were subsequently partially filled.","min_rest_time_bid_partial_lvl1","2","DEU","{""id"":""other-aiml-data"",""name"":""AI/ML Data""}","[]","VECTOR","TOP500","0"
"0","{""id"":""other"",""name"":""Other""}","0.2308","{""id"":""order_book_imbalance"",""name"":""Order Book Liquidity and Imbalance Analytics""}","0.6585","2026-07-01","1","Minimum observed time in seconds that bid-side limit orders resting 2 levels away from the EBBO remained on the book before being partially filled","min_rest_time_bid_partial_lvl2","2","DEU","{""id"":""other-aiml-data"",""name"":""AI/ML Data""}","[]","VECTOR","TOP500","0"
"0","{""id"":""other"",""name"":""Other""}","0.2308","{""id"":""order_book_imbalance"",""name"":""Order Book Liquidity and Imbalance Analytics""}","0.6585","2026-07-01","1","Refers to the minimum resting time (in microseconds) of bid orders placed at the 3rd level of the book which were subsequently partially filled.","min_rest_time_bid_partial_lvl3","2","DEU","{""id"":""other-aiml-data"",""name"":""AI/ML Data""}","[]","VECTOR","TOP500","0"
"0","{""id"":""other"",""name"":""Other""}","0.2308","{""id"":""order_book_imbalance"",""name"":""Order Book Liquidity and Imbalance Analytics""}","0.6585","2026-07-01","1","Refers to the minimum resting time (in microseconds) of bid orders placed at the 4th level of the book which were subsequently partially filled.","min_rest_time_bid_partial_lvl4","2","DEU","{""id"":""other-aiml-data"",""name"":""AI/ML Data""}","[]","VECTOR","TOP500","0"
"0","{""id"":""other"",""name"":""Other""}","0.2308","{""id"":""order_book_imbalance"",""name"":""Order Book Liquidity and Imbalance Analytics""}","0.6585","2026-07-01","1","Minimum observed time in seconds that bid-side limit orders resting 5 levels away from the EBBO remained on the book before being partially filled","min_rest_time_bid_partial_lvl5","2","DEU","{""id"":""other-aiml-data"",""name"":""AI/ML Data""}","[]","VECTOR","TOP500","0"
"0","{""id"":""other"",""name"":""Other""}","0.2329","{""id"":""order_book_imbalance"",""name"":""Order Book Liquidity and Imbalance Analytics""}","0.6585","2026-07-01","1","Refers to the number of executions classified as non-addressable. This corresponds to the liquidity that is not part of the price forming process, or open to general market participants.","nonaddressable_trade_count","2","DEU","{""id"":""other-aiml-data"",""name"":""AI/ML Data""}","[]","VECTOR","TOP500","0"
"0","{""id"":""other"",""name"":""Other""}","0.2329","{""id"":""order_book_imbalance"",""name"":""Order Book Liquidity and Imbalance Analytics""}","0.6585","2026-07-01","1","Refers to the notional value traded classified as non-addressable. This corresponds to the liquidity that is not part of the price forming process, or open to general market participants.","nonaddressable_trade_notional_value","2","DEU","{""id"":""other-aiml-data"",""name"":""AI/ML Data""}","[]","VECTOR","TOP500","0"
"0","{""id"":""other"",""name"":""Other""}","0.2329","{""id"":""order_book_imbalance"",""name"":""Order Book Liquidity and Imbalance Analytics""}","0.6585","2026-07-01","1","Refers to the number of shares trades classified as non-addressable. This corresponds to the liquidity that is not part of the price forming process, or open to general market participants.","nonaddressable_trade_volume","2","DEU","{""id"":""other-aiml-data"",""name"":""AI/ML Data""}","[]","VECTOR","TOP500","0"
"0","{""id"":""other"",""name"":""Other""}","0.2308","{""id"":""order_book_imbalance"",""name"":""Order Book Liquidity and Imbalance Analytics""}","0.6585","2026-07-01","1","First executed trade price of the trading day","opening_executed_price","2","DEU","{""id"":""other-aiml-data"",""name"":""AI/ML Data""}","[]","VECTOR","TOP500","0"
"0","{""id"":""other"",""name"":""Other""}","0.2308","{""id"":""order_book_imbalance"",""name"":""Order Book Liquidity and Imbalance Analytics""}","0.6585","2026-07-01","1","Opening midpoint of the best bid and ask price","opening_midpoint_price","2","DEU","{""id"":""other-aiml-data"",""name"":""AI/ML Data""}","[]","VECTOR","TOP500","0"
"0","{""id"":""other"",""name"":""Other""}","0.2132","{""id"":""order_book_imbalance"",""name"":""Order Book Liquidity and Imbalance Analytics""}","0.6585","2026-07-01","1","Number of EBBO orders that were partially filled","partial_fill_ebbo_order_count","2","DEU","{""id"":""other-aiml-data"",""name"":""AI/ML Data""}","[]","VECTOR","TOP500","0"
"0","{""id"":""other"",""name"":""Other""}","0.2132","{""id"":""order_book_imbalance"",""name"":""Order Book Liquidity and Imbalance Analytics""}","0.6585","2026-07-01","1","Percentage of EBBO orders that ended cancelled","percentage_cancelled_ebbo_orders","2","DEU","{""id"":""other-aiml-data"",""name"":""AI/ML Data""}","[]","VECTOR","TOP500","0"
"0","{""id"":""other"",""name"":""Other""}","0.2132","{""id"":""order_book_imbalance"",""name"":""Order Book Liquidity and Imbalance Analytics""}","0.6585","2026-07-01","1","Refers to the percentage of time during the continuous trading period where there is exactly one venue with an order equal to the ask price of the ebbo.","percentage_exclusive_time_best_ask_venue","2","DEU","{""id"":""other-aiml-data"",""name"":""AI/ML Data""}","[]","VECTOR","TOP500","0"
"0","{""id"":""other"",""name"":""Other""}","0.2132","{""id"":""order_book_imbalance"",""name"":""Order Book Liquidity and Imbalance Analytics""}","0.6585","2026-07-01","1","Refers to the percentage of time during the continuous trading period where there is exactly one venue with an order equal to the bid price and simultaneously exactly one venue with an order equal to the ask price of the ebbo.","percentage_exclusive_time_best_bid_ask_venue","2","DEU","{""id"":""other-aiml-data"",""name"":""AI/ML Data""}","[]","VECTOR","TOP500","0"
"0","{""id"":""other"",""name"":""Other""}","0.2132","{""id"":""order_book_imbalance"",""name"":""Order Book Liquidity and Imbalance Analytics""}","0.6585","2026-07-01","1","Refers to the percentage of time during the continuous trading period where there is exactly one venue with an order equal to the bid price of the ebbo.","percentage_exclusive_time_best_bid_venue","2","DEU","{""id"":""other-aiml-data"",""name"":""AI/ML Data""}","[]","VECTOR","TOP500","0"
"0","{""id"":""other"",""name"":""Other""}","0.2132","{""id"":""order_book_imbalance"",""name"":""Order Book Liquidity and Imbalance Analytics""}","0.6585","2026-07-01","1","Percentage of EBBO orders that were partially filled at the EBBO","percentage_partial_fill_ebbo_orders","2","DEU","{""id"":""other-aiml-data"",""name"":""AI/ML Data""}","[]","VECTOR","TOP500","0"
"0","{""id"":""other"",""name"":""Other""}","0.2132","{""id"":""order_book_imbalance"",""name"":""Order Book Liquidity and Imbalance Analytics""}","0.6585","2026-07-01","1","Refers to the percentage of time during the continuous trading period where there is at least one order equal to the ask price of the ebbo.","percentage_time_best_ask_venue","2","DEU","{""id"":""other-aiml-data"",""name"":""AI/ML Data""}","[]","VECTOR","TOP500","0"
"0","{""id"":""other"",""name"":""Other""}","0.2132","{""id"":""order_book_imbalance"",""name"":""Order Book Liquidity and Imbalance Analytics""}","0.6585","2026-07-01","1","Refers to the percentage of time during the continuous trading period where there is at least one order equal to the bid price and simultaneously at least one order equal to the ask price of the ebbo.","percentage_time_best_bid_ask_venue","2","DEU","{""id"":""other-aiml-data"",""name"":""AI/ML Data""}","[]","VECTOR","TOP500","0"
"0","{""id"":""other"",""name"":""Other""}","0.2132","{""id"":""order_book_imbalance"",""name"":""Order Book Liquidity and Imbalance Analytics""}","0.6585","2026-07-01","1","Refers to the percentage of time during the continuous trading period where there is at least one order equal to the bid price of the ebbo.","percentage_time_best_bid_venue","2","DEU","{""id"":""other-aiml-data"",""name"":""AI/ML Data""}","[]","VECTOR","TOP500","0"
"0","{""id"":""other"",""name"":""Other""}","0.2327","{""id"":""order_book_imbalance"",""name"":""Order Book Liquidity and Imbalance Analytics""}","0.6585","2026-07-01","1","Ratio of quote volume to trade volume away from the EBBO (off-best), used as a proxy for execution quality","quote_to_trade_ratio","2","DEU","{""id"":""other-aiml-data"",""name"":""AI/ML Data""}","[]","VECTOR","TOP500","0"
"0","{""id"":""other"",""name"":""Other""}","0.2132","{""id"":""order_book_imbalance"",""name"":""Order Book Liquidity and Imbalance Analytics""}","0.6585","2026-07-01","1","Refers to the total amount of time in the continuous trading period where there was an ask side of the consolidated book.","ref_duration_best_ask_venue","2","DEU","{""id"":""other-aiml-data"",""name"":""AI/ML Data""}","[]","VECTOR","TOP500","0"
"0","{""id"":""other"",""name"":""Other""}","0.2132","{""id"":""order_book_imbalance"",""name"":""Order Book Liquidity and Imbalance Analytics""}","0.6585","2026-07-01","1","Refers to the total amount of time in the continuous trading period.","ref_duration_best_bid_ask_venue","2","DEU","{""id"":""other-aiml-data"",""name"":""AI/ML Data""}","[]","VECTOR","TOP500","0"
"0","{""id"":""other"",""name"":""Other""}","0.2132","{""id"":""order_book_imbalance"",""name"":""Order Book Liquidity and Imbalance Analytics""}","0.6585","2026-07-01","1","Refers to the total amount of time in the continuous trading period where there was a bid side of the consolidated book.","ref_duration_best_bid_venue","2","DEU","{""id"":""other-aiml-data"",""name"":""AI/ML Data""}","[]","VECTOR","TOP500","0"
"0","{""id"":""other"",""name"":""Other""}","0.231","{""id"":""order_book_imbalance"",""name"":""Order Book Liquidity and Imbalance Analytics""}","0.6585","2026-07-01","1","Sum of original volumes (before replacement) for ask-side orders that were replaced","replaced_ask_order_volume_before","2","DEU","{""id"":""other-aiml-data"",""name"":""AI/ML Data""}","[]","VECTOR","TOP500","0"
"0","{""id"":""other"",""name"":""Other""}","0.231","{""id"":""order_book_imbalance"",""name"":""Order Book Liquidity and Imbalance Analytics""}","0.6585","2026-07-01","1","Sum of original volumes (before replacement) for bid-side orders that were replaced","replaced_bid_order_volume_before","2","DEU","{""id"":""other-aiml-data"",""name"":""AI/ML Data""}","[]","VECTOR","TOP500","0"
"0","{""id"":""other"",""name"":""Other""}","0.2308","{""id"":""order_book_imbalance"",""name"":""Order Book Liquidity and Imbalance Analytics""}","0.6585","2026-07-01","1","Time-weighted average trade price over the trading day","time_weighted_avg_trade_price","2","DEU","{""id"":""other-aiml-data"",""name"":""AI/ML Data""}","[]","VECTOR","TOP500","0"
"0","{""id"":""other"",""name"":""Other""}","0.2308","{""id"":""order_book_imbalance"",""name"":""Order Book Liquidity and Imbalance Analytics""}","0.6585","2026-07-01","1","Time-weighted average relative bid-ask spread over the trading day (normalized by price)","time_weighted_spread_bps","2","DEU","{""id"":""other-aiml-data"",""name"":""AI/ML Data""}","[]","VECTOR","TOP500","0"
"0","{""id"":""other"",""name"":""Other""}","0.2308","{""id"":""order_book_imbalance"",""name"":""Order Book Liquidity and Imbalance Analytics""}","0.6585","2026-07-01","1","Time-weighted average absolute bid-ask spread over the day in price units","time_weighted_spread_price_units","2","DEU","{""id"":""other-aiml-data"",""name"":""AI/ML Data""}","[]","VECTOR","TOP500","0"
"0","{""id"":""other"",""name"":""Other""}","0.2308","{""id"":""order_book_imbalance"",""name"":""Order Book Liquidity and Imbalance Analytics""}","0.6585","2026-07-01","1","Time-weighted average absolute bid-ask spread over the day in tick units","time_weighted_spread_ticks","2","DEU","{""id"":""other-aiml-data"",""name"":""AI/ML Data""}","[]","VECTOR","TOP500","0"
"0","{""id"":""other"",""name"":""Other""}","0.2132","{""id"":""order_book_imbalance"",""name"":""Order Book Liquidity and Imbalance Analytics""}","0.6585","2026-07-01","1","Refers to the total number of orders placed at EBBO.","total_ebbo_order_count","2","DEU","{""id"":""other-aiml-data"",""name"":""AI/ML Data""}","[]","VECTOR","TOP500","0"
"0","{""id"":""other"",""name"":""Other""}","0.2132","{""id"":""order_book_imbalance"",""name"":""Order Book Liquidity and Imbalance Analytics""}","0.6585","2026-07-01","1","Total cumulative resting time (seconds) of orders at the EBBO that were cancelled during the day","total_time_cancelled_ebbo_orders","2","DEU","{""id"":""other-aiml-data"",""name"":""AI/ML Data""}","[]","VECTOR","TOP500","0"
"0","{""id"":""other"",""name"":""Other""}","0.2132","{""id"":""order_book_imbalance"",""name"":""Order Book Liquidity and Imbalance Analytics""}","0.6585","2026-07-01","1","Total cumulative resting time (seconds) of EBBO orders that were fully filled","total_time_filled_ebbo_orders","2","DEU","{""id"":""other-aiml-data"",""name"":""AI/ML Data""}","[]","VECTOR","TOP500","0"
"0","{""id"":""other"",""name"":""Other""}","0.2132","{""id"":""order_book_imbalance"",""name"":""Order Book Liquidity and Imbalance Analytics""}","0.6585","2026-07-01","1","Total cumulative resting time (seconds) of EBBO orders that were partially filled","total_time_partial_fill_ebbo_orders","2","DEU","{""id"":""other-aiml-data"",""name"":""AI/ML Data""}","[]","VECTOR","TOP500","0"
"0","{""id"":""other"",""name"":""Other""}","0.2284","{""id"":""order_book_imbalance"",""name"":""Order Book Liquidity and Imbalance Analytics""}","0.6585","2026-07-01","1","Refers to the immediate impact of making a trade on the next price that is traded","trade_market_impact_coefficient","2","DEU","{""id"":""other-aiml-data"",""name"":""AI/ML Data""}","[]","VECTOR","TOP500","0"
"0","{""id"":""other"",""name"":""Other""}","0.2308","{""id"":""order_book_imbalance"",""name"":""Order Book Liquidity and Imbalance Analytics""}","0.6585","2026-07-01","1","Time-weighted average notional (local currency amount) of displayed sell-side liquidity within 10 basis points of the best ask price","twa_notional_ask_10bps","2","DEU","{""id"":""other-aiml-data"",""name"":""AI/ML Data""}","[]","VECTOR","TOP500","0"
"0","{""id"":""other"",""name"":""Other""}","0.2308","{""id"":""order_book_imbalance"",""name"":""Order Book Liquidity and Imbalance Analytics""}","0.6585","2026-07-01","1","Time-weighted average notional (local currency amount) of displayed sell-side liquidity at the top (best) ask level","twa_notional_ask_1_level","2","DEU","{""id"":""other-aiml-data"",""name"":""AI/ML Data""}","[]","VECTOR","TOP500","0"
"0","{""id"":""other"",""name"":""Other""}","0.2308","{""id"":""order_book_imbalance"",""name"":""Order Book Liquidity and Imbalance Analytics""}","0.6585","2026-07-01","1","Time-weighted average notional (local currency amount) of displayed sell-side liquidity within the top 2 ask order book levels near the best ask price","twa_notional_ask_2_levels","2","DEU","{""id"":""other-aiml-data"",""name"":""AI/ML Data""}","[]","VECTOR","TOP500","0"
"0","{""id"":""other"",""name"":""Other""}","0.2308","{""id"":""order_book_imbalance"",""name"":""Order Book Liquidity and Imbalance Analytics""}","0.6585","2026-07-01","1","Time-weighted average notional available on the ask within 30 basis points of the best ask price, in the local trading currency","twa_notional_ask_30bps","2","DEU","{""id"":""other-aiml-data"",""name"":""AI/ML Data""}","[]","VECTOR","TOP500","0"
"0","{""id"":""other"",""name"":""Other""}","0.2308","{""id"":""order_book_imbalance"",""name"":""Order Book Liquidity and Imbalance Analytics""}","0.6585","2026-07-01","1","Time-weighted average notional (local currency amount) of displayed sell-side liquidity within the top 3 ask order book levels near the best ask price","twa_notional_ask_3_levels","2","DEU","{""id"":""other-aiml-data"",""name"":""AI/ML Data""}","[]","VECTOR","TOP500","0"
"0","{""id"":""other"",""name"":""Other""}","0.2308","{""id"":""order_book_imbalance"",""name"":""Order Book Liquidity and Imbalance Analytics""}","0.6585","2026-07-01","1","Time-weighted average notional (local currency amount) of displayed sell-side liquidity within the top 4 ask order book levels near the best ask price","twa_notional_ask_4_levels","2","DEU","{""id"":""other-aiml-data"",""name"":""AI/ML Data""}","[]","VECTOR","TOP500","0"
"0","{""id"":""other"",""name"":""Other""}","0.2308","{""id"":""order_book_imbalance"",""name"":""Order Book Liquidity and Imbalance Analytics""}","0.6585","2026-07-01","1","Time-weighted average notional (local currency amount) of displayed sell-side liquidity within 50 basis points of the best ask price","twa_notional_ask_50bps","2","DEU","{""id"":""other-aiml-data"",""name"":""AI/ML Data""}","[]","VECTOR","TOP500","0"
"0","{""id"":""other"",""name"":""Other""}","0.2308","{""id"":""order_book_imbalance"",""name"":""Order Book Liquidity and Imbalance Analytics""}","0.6585","2026-07-01","1","Time-weighted average notional (local currency) available on the ask side within the top 5 order book levels","twa_notional_ask_5_levels","2","DEU","{""id"":""other-aiml-data"",""name"":""AI/ML Data""}","[]","VECTOR","TOP500","0"
"0","{""id"":""other"",""name"":""Other""}","0.2132","{""id"":""order_book_imbalance"",""name"":""Order Book Liquidity and Imbalance Analytics""}","0.6585","2026-07-01","1","Refers to the time-weighted average notional amount added to the ask side of the book when this venue sets an improved consolidated ask price.","twa_notional_ask_price_improvement","2","DEU","{""id"":""other-aiml-data"",""name"":""AI/ML Data""}","[]","VECTOR","TOP500","0"
"0","{""id"":""other"",""name"":""Other""}","0.2132","{""id"":""order_book_imbalance"",""name"":""Order Book Liquidity and Imbalance Analytics""}","0.6585","2026-07-01","1","Refers to the time-weighted average notional amount added to the ask side of the book when this venue joins an improved consolidated ask price.","twa_notional_ask_price_joiner","2","DEU","{""id"":""other-aiml-data"",""name"":""AI/ML Data""}","[]","VECTOR","TOP500","0"
"0","{""id"":""other"",""name"":""Other""}","0.2132","{""id"":""order_book_imbalance"",""name"":""Order Book Liquidity and Imbalance Analytics""}","0.6585","2026-07-01","1","Refers to the time-weighted average notional amount at the first level of the ask side of the book when this venue is the last venue at the consolidated ask price before it subsequently worsens.","twa_notional_ask_price_worsening","2","DEU","{""id"":""other-aiml-data"",""name"":""AI/ML Data""}","[]","VECTOR","TOP500","0"
"0","{""id"":""other"",""name"":""Other""}","0.2308","{""id"":""order_book_imbalance"",""name"":""Order Book Liquidity and Imbalance Analytics""}","0.6585","2026-07-01","1","Time-weighted average notional (local currency amount) of displayed buy-side liquidity within 10 basis points of the best bid price","twa_notional_bid_10bps","2","DEU","{""id"":""other-aiml-data"",""name"":""AI/ML Data""}","[]","VECTOR","TOP500","0"
"0","{""id"":""other"",""name"":""Other""}","0.2308","{""id"":""order_book_imbalance"",""name"":""Order Book Liquidity and Imbalance Analytics""}","0.6585","2026-07-01","1","Time-weighted average notional (local currency) available at the best bid (level 1)","twa_notional_bid_1_level","2","DEU","{""id"":""other-aiml-data"",""name"":""AI/ML Data""}","[]","VECTOR","TOP500","0"
"0","{""id"":""other"",""name"":""Other""}","0.2308","{""id"":""order_book_imbalance"",""name"":""Order Book Liquidity and Imbalance Analytics""}","0.6585","2026-07-01","1","Time-weighted average notional available on the bid within the top 2 order book levels near the best bid, in the local trading currency","twa_notional_bid_2_levels","2","DEU","{""id"":""other-aiml-data"",""name"":""AI/ML Data""}","[]","VECTOR","TOP500","0"
"0","{""id"":""other"",""name"":""Other""}","0.2308","{""id"":""order_book_imbalance"",""name"":""Order Book Liquidity and Imbalance Analytics""}","0.6585","2026-07-01","1","Time-weighted average notional (local currency) available on the bid side within 30 bps of the best bid price","twa_notional_bid_30bps","2","DEU","{""id"":""other-aiml-data"",""name"":""AI/ML Data""}","[]","VECTOR","TOP500","0"
"0","{""id"":""other"",""name"":""Other""}","0.2308","{""id"":""order_book_imbalance"",""name"":""Order Book Liquidity and Imbalance Analytics""}","0.6585","2026-07-01","1","Time-weighted average notional (local currency amount) of displayed buy-side liquidity within the top 3 bid order book levels near the best bid price","twa_notional_bid_3_levels","2","DEU","{""id"":""other-aiml-data"",""name"":""AI/ML Data""}","[]","VECTOR","TOP500","0"
"0","{""id"":""other"",""name"":""Other""}","0.2308","{""id"":""order_book_imbalance"",""name"":""Order Book Liquidity and Imbalance Analytics""}","0.6585","2026-07-01","1","Time-weighted average notional (local currency amount) of displayed buy-side liquidity within the top 4 bid order book levels near the best bid price","twa_notional_bid_4_levels","2","DEU","{""id"":""other-aiml-data"",""name"":""AI/ML Data""}","[]","VECTOR","TOP500","0"
"0","{""id"":""other"",""name"":""Other""}","0.2308","{""id"":""order_book_imbalance"",""name"":""Order Book Liquidity and Imbalance Analytics""}","0.6585","2026-07-01","1","Time-weighted average notional (local currency) available on the bid side within 50 bps of the best bid price","twa_notional_bid_50bps","2","DEU","{""id"":""other-aiml-data"",""name"":""AI/ML Data""}","[]","VECTOR","TOP500","0"
"0","{""id"":""other"",""name"":""Other""}","0.2308","{""id"":""order_book_imbalance"",""name"":""Order Book Liquidity and Imbalance Analytics""}","0.6585","2026-07-01","1","Time-weighted average notional (local currency amount) of displayed buy-side liquidity within the top 5 bid order book levels near the best bid price","twa_notional_bid_5_levels","2","DEU","{""id"":""other-aiml-data"",""name"":""AI/ML Data""}","[]","VECTOR","TOP500","0"
"0","{""id"":""other"",""name"":""Other""}","0.2132","{""id"":""order_book_imbalance"",""name"":""Order Book Liquidity and Imbalance Analytics""}","0.6585","2026-07-01","1","Refers to the time-weighted average notional amount added to the bid side of the book when this venue sets an improved consolidated bid price.","twa_notional_bid_price_improvement","2","DEU","{""id"":""other-aiml-data"",""name"":""AI/ML Data""}","[]","VECTOR","TOP500","0"
"0","{""id"":""other"",""name"":""Other""}","0.2132","{""id"":""order_book_imbalance"",""name"":""Order Book Liquidity and Imbalance Analytics""}","0.6585","2026-07-01","1","Refers to the time-weighted average notional amount added to the bid side of the book when this venue joins an improved consolidated bid price.","twa_notional_bid_price_joiner","2","DEU","{""id"":""other-aiml-data"",""name"":""AI/ML Data""}","[]","VECTOR","TOP500","0"
"0","{""id"":""other"",""name"":""Other""}","0.2132","{""id"":""order_book_imbalance"",""name"":""Order Book Liquidity and Imbalance Analytics""}","0.6585","2026-07-01","1","Refers to the time-weighted average notional amount at the first level of the bid side of the book when this venue is the last venue at the consolidated bid price before it subsequently worsens.","twa_notional_bid_price_worsening","2","DEU","{""id"":""other-aiml-data"",""name"":""AI/ML Data""}","[]","VECTOR","TOP500","0"
"0","{""id"":""other"",""name"":""Other""}","0.2308","{""id"":""order_book_imbalance"",""name"":""Order Book Liquidity and Imbalance Analytics""}","0.6585","2026-07-01","1","Time-weighted average number of resting limit orders on the ask side within 10 basis points of the best ask price during the day","twa_order_count_ask_10bps","2","DEU","{""id"":""other-aiml-data"",""name"":""AI/ML Data""}","[]","VECTOR","TOP500","0"
"0","{""id"":""other"",""name"":""Other""}","0.2308","{""id"":""order_book_imbalance"",""name"":""Order Book Liquidity and Imbalance Analytics""}","0.6585","2026-07-01","1","Time-weighted average number of resting orders at the best ask (level 1)","twa_order_count_ask_1_level","2","DEU","{""id"":""other-aiml-data"",""name"":""AI/ML Data""}","[]","VECTOR","TOP500","0"
"0","{""id"":""other"",""name"":""Other""}","0.2308","{""id"":""order_book_imbalance"",""name"":""Order Book Liquidity and Imbalance Analytics""}","0.6585","2026-07-01","1","Time-weighted average number of displayed sell-side limit orders within the top 2 ask order book levels near the best ask price","twa_order_count_ask_2_levels","2","DEU","{""id"":""other-aiml-data"",""name"":""AI/ML Data""}","[]","VECTOR","TOP500","0"
"0","{""id"":""other"",""name"":""Other""}","0.2308","{""id"":""order_book_imbalance"",""name"":""Order Book Liquidity and Imbalance Analytics""}","0.6585","2026-07-01","1","Time-weighted average number of displayed sell-side limit orders within 30 basis points of the best ask price","twa_order_count_ask_30bps","2","DEU","{""id"":""other-aiml-data"",""name"":""AI/ML Data""}","[]","VECTOR","TOP500","0"
"0","{""id"":""other"",""name"":""Other""}","0.2308","{""id"":""order_book_imbalance"",""name"":""Order Book Liquidity and Imbalance Analytics""}","0.6585","2026-07-01","1","Time-weighted average number of displayed sell-side limit orders within the top 3 ask order book levels near the best ask price","twa_order_count_ask_3_levels","2","DEU","{""id"":""other-aiml-data"",""name"":""AI/ML Data""}","[]","VECTOR","TOP500","0"
"0","{""id"":""other"",""name"":""Other""}","0.2308","{""id"":""order_book_imbalance"",""name"":""Order Book Liquidity and Imbalance Analytics""}","0.6585","2026-07-01","1","Time-weighted average number of displayed sell-side limit orders within the top 4 ask order book levels near the best ask price","twa_order_count_ask_4_levels","2","DEU","{""id"":""other-aiml-data"",""name"":""AI/ML Data""}","[]","VECTOR","TOP500","0"
"0","{""id"":""other"",""name"":""Other""}","0.2308","{""id"":""order_book_imbalance"",""name"":""Order Book Liquidity and Imbalance Analytics""}","0.6585","2026-07-01","1","Time-weighted average number of displayed sell-side limit orders within 50 basis points of the best ask price","twa_order_count_ask_50bps","2","DEU","{""id"":""other-aiml-data"",""name"":""AI/ML Data""}","[]","VECTOR","TOP500","0"
"0","{""id"":""other"",""name"":""Other""}","0.2308","{""id"":""order_book_imbalance"",""name"":""Order Book Liquidity and Imbalance Analytics""}","0.6585","2026-07-01","1","Time-weighted average count of limit orders on the ask side across the first 5 price levels from the best ask","twa_order_count_ask_5_levels","2","DEU","{""id"":""other-aiml-data"",""name"":""AI/ML Data""}","[]","VECTOR","TOP500","0"
"0","{""id"":""other"",""name"":""Other""}","0.2308","{""id"":""order_book_imbalance"",""name"":""Order Book Liquidity and Imbalance Analytics""}","0.6585","2026-07-01","1","Time-weighted average number of displayed buy-side limit orders within 10 basis points of the best bid price","twa_order_count_bid_10bps","2","DEU","{""id"":""other-aiml-data"",""name"":""AI/ML Data""}","[]","VECTOR","TOP500","0"
"0","{""id"":""other"",""name"":""Other""}","0.2308","{""id"":""order_book_imbalance"",""name"":""Order Book Liquidity and Imbalance Analytics""}","0.6585","2026-07-01","1","Time-weighted average number of displayed buy-side limit orders at the top (best) bid level","twa_order_count_bid_1_level","2","DEU","{""id"":""other-aiml-data"",""name"":""AI/ML Data""}","[]","VECTOR","TOP500","0"
"0","{""id"":""other"",""name"":""Other""}","0.2308","{""id"":""order_book_imbalance"",""name"":""Order Book Liquidity and Imbalance Analytics""}","0.6585","2026-07-01","1","Time-weighted average count of limit orders on the bid side across the first 2 price levels from the best bid","twa_order_count_bid_2_levels","2","DEU","{""id"":""other-aiml-data"",""name"":""AI/ML Data""}","[]","VECTOR","TOP500","0"
"0","{""id"":""other"",""name"":""Other""}","0.2308","{""id"":""order_book_imbalance"",""name"":""Order Book Liquidity and Imbalance Analytics""}","0.6585","2026-07-01","1","Time-weighted average count of limit orders on the bid side within 30 bps of the best bid price","twa_order_count_bid_30bps","2","DEU","{""id"":""other-aiml-data"",""name"":""AI/ML Data""}","[]","VECTOR","TOP500","0"
"0","{""id"":""other"",""name"":""Other""}","0.2308","{""id"":""order_book_imbalance"",""name"":""Order Book Liquidity and Imbalance Analytics""}","0.6585","2026-07-01","1","Time-weighted average count of limit orders on the bid side across the first 3 price levels from the best bid","twa_order_count_bid_3_levels","2","DEU","{""id"":""other-aiml-data"",""name"":""AI/ML Data""}","[]","VECTOR","TOP500","0"
"0","{""id"":""other"",""name"":""Other""}","0.2308","{""id"":""order_book_imbalance"",""name"":""Order Book Liquidity and Imbalance Analytics""}","0.6585","2026-07-01","1","Time-weighted average count of limit orders on the bid side across the first 4 price levels from the best bid","twa_order_count_bid_4_levels","2","DEU","{""id"":""other-aiml-data"",""name"":""AI/ML Data""}","[]","VECTOR","TOP500","0"
"0","{""id"":""other"",""name"":""Other""}","0.2308","{""id"":""order_book_imbalance"",""name"":""Order Book Liquidity and Imbalance Analytics""}","0.6585","2026-07-01","1","Time-weighted average count of resting limit orders on the bid within 50 basis points of the best bid price","twa_order_count_bid_50bps","2","DEU","{""id"":""other-aiml-data"",""name"":""AI/ML Data""}","[]","VECTOR","TOP500","0"
"0","{""id"":""other"",""name"":""Other""}","0.2308","{""id"":""order_book_imbalance"",""name"":""Order Book Liquidity and Imbalance Analytics""}","0.6585","2026-07-01","1","Time-weighted average number of displayed buy-side limit orders within the top 5 bid order book levels near the best bid price","twa_order_count_bid_5_levels","2","DEU","{""id"":""other-aiml-data"",""name"":""AI/ML Data""}","[]","VECTOR","TOP500","0"
"0","{""id"":""other"",""name"":""Other""}","0.2132","{""id"":""order_book_imbalance"",""name"":""Order Book Liquidity and Imbalance Analytics""}","0.6585","2026-07-01","1","Refers to the percentage of time where this venue improved the consolidated best ask price","twa_percentage_ask_price_improvement","2","DEU","{""id"":""other-aiml-data"",""name"":""AI/ML Data""}","[]","VECTOR","TOP500","0"
"0","{""id"":""other"",""name"":""Other""}","0.2132","{""id"":""order_book_imbalance"",""name"":""Order Book Liquidity and Imbalance Analytics""}","0.6585","2026-07-01","1","Refers to the percentage of time where this venue was the second venue at an improved consolidated best ask price","twa_percentage_ask_price_joiner","2","DEU","{""id"":""other-aiml-data"",""name"":""AI/ML Data""}","[]","VECTOR","TOP500","0"
"0","{""id"":""other"",""name"":""Other""}","0.2132","{""id"":""order_book_imbalance"",""name"":""Order Book Liquidity and Imbalance Analytics""}","0.6585","2026-07-01","1","Refers to the percentage of time where this venue was the last venue at the consolidated best ask price before the consolidated price subsequently worsened","twa_percentage_ask_price_worsening","2","DEU","{""id"":""other-aiml-data"",""name"":""AI/ML Data""}","[]","VECTOR","TOP500","0"
"0","{""id"":""other"",""name"":""Other""}","0.2132","{""id"":""order_book_imbalance"",""name"":""Order Book Liquidity and Imbalance Analytics""}","0.6585","2026-07-01","1","Refers to the percentage of time where this venue improved the consolidated best bid price","twa_percentage_bid_price_improvement","2","DEU","{""id"":""other-aiml-data"",""name"":""AI/ML Data""}","[]","VECTOR","TOP500","0"
"0","{""id"":""other"",""name"":""Other""}","0.2132","{""id"":""order_book_imbalance"",""name"":""Order Book Liquidity and Imbalance Analytics""}","0.6585","2026-07-01","1","Refers to the percentage of time where this venue was the second venue at an improved consolidated best bid price","twa_percentage_bid_price_joiner","2","DEU","{""id"":""other-aiml-data"",""name"":""AI/ML Data""}","[]","VECTOR","TOP500","0"
"0","{""id"":""other"",""name"":""Other""}","0.2132","{""id"":""order_book_imbalance"",""name"":""Order Book Liquidity and Imbalance Analytics""}","0.6585","2026-07-01","1","Refers to the percentage of time where this venue was the last venue at the consolidated best bid price before the consolidated price subsequently worsened","twa_percentage_bid_price_worsening","2","DEU","{""id"":""other-aiml-data"",""name"":""AI/ML Data""}","[]","VECTOR","TOP500","0"
"0","{""id"":""other"",""name"":""Other""}","0.2308","{""id"":""order_book_imbalance"",""name"":""Order Book Liquidity and Imbalance Analytics""}","0.6585","2026-07-01","1","Time-weighted average number of shares resting on the ask side within 10 bps of the best ask price","twa_share_count_ask_10bps","2","DEU","{""id"":""other-aiml-data"",""name"":""AI/ML Data""}","[]","VECTOR","TOP500","0"
"0","{""id"":""other"",""name"":""Other""}","0.2308","{""id"":""order_book_imbalance"",""name"":""Order Book Liquidity and Imbalance Analytics""}","0.6585","2026-07-01","1","Time-weighted average number of shares on the ask side at the first price level (best ask)","twa_share_count_ask_1_level","2","DEU","{""id"":""other-aiml-data"",""name"":""AI/ML Data""}","[]","VECTOR","TOP500","0"
"0","{""id"":""other"",""name"":""Other""}","0.2308","{""id"":""order_book_imbalance"",""name"":""Order Book Liquidity and Imbalance Analytics""}","0.6585","2026-07-01","1","Time-weighted average shares available on the ask side within the top 2 order book levels near the best ask price over the trading day","twa_share_count_ask_2_levels","2","DEU","{""id"":""other-aiml-data"",""name"":""AI/ML Data""}","[]","VECTOR","TOP500","0"
"0","{""id"":""other"",""name"":""Other""}","0.2308","{""id"":""order_book_imbalance"",""name"":""Order Book Liquidity and Imbalance Analytics""}","0.6585","2026-07-01","1","Time-weighted average share count of displayed sell-side liquidity within 30 basis points of the best ask price","twa_share_count_ask_30bps","2","DEU","{""id"":""other-aiml-data"",""name"":""AI/ML Data""}","[]","VECTOR","TOP500","0"
"0","{""id"":""other"",""name"":""Other""}","0.2308","{""id"":""order_book_imbalance"",""name"":""Order Book Liquidity and Imbalance Analytics""}","0.6585","2026-07-01","1","Time-weighted average share count of displayed sell-side liquidity within the top 3 ask order book levels near the best ask price","twa_share_count_ask_3_levels","2","DEU","{""id"":""other-aiml-data"",""name"":""AI/ML Data""}","[]","VECTOR","TOP500","0"
"0","{""id"":""other"",""name"":""Other""}","0.2308","{""id"":""order_book_imbalance"",""name"":""Order Book Liquidity and Imbalance Analytics""}","0.6585","2026-07-01","1","Time-weighted average number of shares on the ask side across the first 4 price levels from the best ask","twa_share_count_ask_4_levels","2","DEU","{""id"":""other-aiml-data"",""name"":""AI/ML Data""}","[]","VECTOR","TOP500","0"
"0","{""id"":""other"",""name"":""Other""}","0.2308","{""id"":""order_book_imbalance"",""name"":""Order Book Liquidity and Imbalance Analytics""}","0.6585","2026-07-01","1","Time-weighted average shares available on the ask side within 50 bps of the best ask price","twa_share_count_ask_50bps","2","DEU","{""id"":""other-aiml-data"",""name"":""AI/ML Data""}","[]","VECTOR","TOP500","0"
"0","{""id"":""other"",""name"":""Other""}","0.2308","{""id"":""order_book_imbalance"",""name"":""Order Book Liquidity and Imbalance Analytics""}","0.6585","2026-07-01","1","Time-weighted average shares available on the ask side within the top 5 order book levels","twa_share_count_ask_5_levels","2","DEU","{""id"":""other-aiml-data"",""name"":""AI/ML Data""}","[]","VECTOR","TOP500","0"
"0","{""id"":""other"",""name"":""Other""}","0.2308","{""id"":""order_book_imbalance"",""name"":""Order Book Liquidity and Imbalance Analytics""}","0.6585","2026-07-01","1","Time-weighted average number of shares available on the bid within 10 basis points of the best bid price","twa_share_count_bid_10bps","2","DEU","{""id"":""other-aiml-data"",""name"":""AI/ML Data""}","[]","VECTOR","TOP500","0"
"0","{""id"":""other"",""name"":""Other""}","0.2308","{""id"":""order_book_imbalance"",""name"":""Order Book Liquidity and Imbalance Analytics""}","0.6585","2026-07-01","1","Time-weighted average number of shares on the bid side at the first price level (best bid)","twa_share_count_bid_1_level","2","DEU","{""id"":""other-aiml-data"",""name"":""AI/ML Data""}","[]","VECTOR","TOP500","0"
"0","{""id"":""other"",""name"":""Other""}","0.2308","{""id"":""order_book_imbalance"",""name"":""Order Book Liquidity and Imbalance Analytics""}","0.6585","2026-07-01","1","Time-weighted average number of shares on the bid side across the first 2 price levels from the best bid","twa_share_count_bid_2_levels","2","DEU","{""id"":""other-aiml-data"",""name"":""AI/ML Data""}","[]","VECTOR","TOP500","0"
"0","{""id"":""other"",""name"":""Other""}","0.2308","{""id"":""order_book_imbalance"",""name"":""Order Book Liquidity and Imbalance Analytics""}","0.6585","2026-07-01","1","Time-weighted average number of shares resting on the bid side within 30 bps of the best bid price","twa_share_count_bid_30bps","2","DEU","{""id"":""other-aiml-data"",""name"":""AI/ML Data""}","[]","VECTOR","TOP500","0"
"0","{""id"":""other"",""name"":""Other""}","0.2308","{""id"":""order_book_imbalance"",""name"":""Order Book Liquidity and Imbalance Analytics""}","0.6585","2026-07-01","1","Time-weighted average share count of displayed buy-side liquidity within the top 3 bid order book levels near the best bid price","twa_share_count_bid_3_levels","2","DEU","{""id"":""other-aiml-data"",""name"":""AI/ML Data""}","[]","VECTOR","TOP500","0"
"0","{""id"":""other"",""name"":""Other""}","0.2308","{""id"":""order_book_imbalance"",""name"":""Order Book Liquidity and Imbalance Analytics""}","0.6585","2026-07-01","1","Time-weighted average share count of displayed buy-side liquidity within the top 4 bid order book levels near the best bid price","twa_share_count_bid_4_levels","2","DEU","{""id"":""other-aiml-data"",""name"":""AI/ML Data""}","[]","VECTOR","TOP500","0"
"0","{""id"":""other"",""name"":""Other""}","0.2308","{""id"":""order_book_imbalance"",""name"":""Order Book Liquidity and Imbalance Analytics""}","0.6585","2026-07-01","1","Time-weighted average number of shares resting on the bid side within 50 bps of the best bid price","twa_share_count_bid_50bps","2","DEU","{""id"":""other-aiml-data"",""name"":""AI/ML Data""}","[]","VECTOR","TOP500","0"
"0","{""id"":""other"",""name"":""Other""}","0.2308","{""id"":""order_book_imbalance"",""name"":""Order Book Liquidity and Imbalance Analytics""}","0.6585","2026-07-01","1","Time-weighted average share count of displayed buy-side liquidity within the top 5 bid order book levels near the best bid price","twa_share_count_bid_5_levels","2","DEU","{""id"":""other-aiml-data"",""name"":""AI/ML Data""}","[]","VECTOR","TOP500","0"
"0","{""id"":""other"",""name"":""Other""}","0.2308","{""id"":""order_book_imbalance"",""name"":""Order Book Liquidity and Imbalance Analytics""}","0.6585","2026-07-01","1","Volume-weighted average trade price over the trading day","volume_weighted_avg_trade_price","2","DEU","{""id"":""other-aiml-data"",""name"":""AI/ML Data""}","[]","VECTOR","TOP500","0"
"0","{""id"":""other"",""name"":""Other""}","0.2308","{""id"":""order_book_imbalance"",""name"":""Order Book Liquidity and Imbalance Analytics""}","0.6585","2026-07-01","1","Volume-weighted average relative bid-ask spread over the trading day","volume_weighted_relative_spread","2","DEU","{""id"":""other-aiml-data"",""name"":""AI/ML Data""}","[]","VECTOR","TOP500","0"
"0","{""id"":""other"",""name"":""Other""}","0.2308","{""id"":""order_book_imbalance"",""name"":""Order Book Liquidity and Imbalance Analytics""}","0.6585","2026-07-01","1","Volume-weighted average absolute bid-ask spread in price units","volume_weighted_spread_price_units","2","DEU","{""id"":""other-aiml-data"",""name"":""AI/ML Data""}","[]","VECTOR","TOP500","0"
"0","{""id"":""other"",""name"":""Other""}","0.2308","{""id"":""order_book_imbalance"",""name"":""Order Book Liquidity and Imbalance Analytics""}","0.6585","2026-07-01","1","Volume-weighted average absolute bid-ask spread over the day in tick units","volume_weighted_spread_ticks","2","DEU","{""id"":""other-aiml-data"",""name"":""AI/ML Data""}","[]","VECTOR","TOP500","0"
